drug,MOA,Target,Disease Area,Indication,Vendor,Purity,SMILES,InChIKey,Phase
ONC201,"AKT inhibitor, MAP kinase inhibitor",TNFSF10,,,"Selleck, Cayman, Cayman, Cayman",98.82,"Cc1ccccc1CN1C2=NCCN2C2=C(CN(Cc3ccccc3)CC2)C1=O |t:10,16|, Cc1ccccc1CN1C2=NCCN2C2=C(CN(Cc3ccccc3)CC2)C1=O |t:10,16|, Cc1ccccc1CN1C2=NCCN2C2=C(CN(Cc3ccccc3)CC2)C1=O |t:10,16|, Cc1ccccc1CN1C2=NCCN2C2=C(CN(Cc3ccccc3)CC2)C1=O |t:10,16|","VLULRUCCHYVXOH-UHFFFAOYSA-N, VLULRUCCHYVXOH-UHFFFAOYSA-N, VLULRUCCHYVXOH-UHFFFAOYSA-N, VLULRUCCHYVXOH-UHFFFAOYSA-N",Phase 2
ondansetron,serotonin receptor antagonist,"HTR3A, HTR3B",gastroenterology,"nausea, vomiting","MicroSource, Selleck",99.41,"Cc1nccn1C[C@H]1CCc2c(C1=O)c1ccccc1n2C |r|, Cc1nccn1C[C@H]1CCc2c(C1=O)c1ccccc1n2C |r|","FELGMEQIXOGIFQ-CYBMUJFWSA-N, FELGMEQIXOGIFQ-CYBMUJFWSA-N",Launched
ONO-AE3-208,prostanoid receptor antagonist,PTGER4,,,"Tocris, Tocris",96.7,"C[C@@H](C(=O)Nc1cc(ccc1CCCC(O)=O)C#N)c1ccc(F)c2ccccc12 |&1:1,r|, C[C@@H](C(=O)Nc1cc(ccc1CCCC(O)=O)C#N)c1ccc(F)c2ccccc12 |&1:1,r|","MTDIMKNAJUQTIO-OAHLLOKOSA-N, MTDIMKNAJUQTIO-OAHLLOKOSA-N",Preclinical
ONO-4059,Bruton's tyrosine kinase (BTK) inhibitor,BTK,,,"MedChemEx, MedChemEx",97.35,"CC#CC(=O)N1CC[C@H](C1)n1c2ncnc(N)c2n(-c2ccc(Oc3ccccc3)cc2)c1=O, CC#CC(=O)N1CC[C@H](C1)n1c2ncnc(N)c2n(-c2ccc(Oc3ccccc3)cc2)c1=O","SEJLPXCPMNSRAM-GOSISDBHSA-N, SEJLPXCPMNSRAM-GOSISDBHSA-N",Phase 1
ONO-4817,matrix metalloprotease inhibitor,MMP8,,,"Sigma, Sigma, Sigma",97.35,"CCOCOC[C@H](C[C@H](C)C(=O)NO)NC(=O)c1ccc(Oc2ccccc2)cc1, CCOCOC[C@H](C[C@H](C)C(=O)NO)NC(=O)c1ccc(Oc2ccccc2)cc1, CCOCOC[C@H](C[C@H](C)C(=O)NO)NC(=O)c1ccc(Oc2ccccc2)cc1","HDWWQELUBWGQGA-WMZOPIPTSA-N, HDWWQELUBWGQGA-WMZOPIPTSA-N, HDWWQELUBWGQGA-WMZOPIPTSA-N",Phase 1
ONO-8130,prostanoid receptor antagonist,PTGER1,,,"Tocris, Tocris",97.38,"CC(C)CN(c1cc2CCCc2cc1OCc1ccc(cc1)C(O)=O)S(=O)(=O)c1nc(C)cs1, CC(C)CN(c1cc2CCCc2cc1OCc1ccc(cc1)C(O)=O)S(=O)(=O)c1nc(C)cs1","IOXMDBQCUCDLAF-UHFFFAOYSA-N, IOXMDBQCUCDLAF-UHFFFAOYSA-N",Preclinical
ONX-0914,proteasome inhibitor,,,,MedChemEx,95.31,COc1ccc(C[C@H](NC(=O)[C@H](C)NC(=O)CN2CCOCC2)C(=O)N[C@@H](Cc2ccccc2)C(=O)[C@@]2(C)CO2)cc1,WQAVPPWWLLVGFK-VTNASVEKSA-N,Preclinical
ON123300,CDK inhibitor,"CDK4, NUAK1, PDGFRB",,,"MedChemEx, MedChemEx",91.24,"CN1CCN(CC1)c1ccc(Nc2ncc3cc(C#N)c(=O)n(C4CCCC4)c3n2)cc1, CN1CCN(CC1)c1ccc(Nc2ncc3cc(C#N)c(=O)n(C4CCCC4)c3n2)cc1","VADOZMZXXRBXNY-UHFFFAOYSA-N, VADOZMZXXRBXNY-UHFFFAOYSA-N",Preclinical
OP-0595,beta lactamase inhibitor,,,,AMS,77.8,NCCONC(=O)[C@@H]1CC[C@@H]2CN1C(=O)N2OS(O)(=O)=O,RSBPYSTVZQAADE-RQJHMYQMSA-N,Preclinical
OPC-21268,vasopressin receptor antagonist,"AVPR1A, AVPR2, OXTR",,,"Tocris, Sigma, Sigma, Sigma",96.93,"CC(=O)NCCCOc1ccc(cc1)C(=O)N1CCC(CC1)N1C(=O)CCc2ccccc12, CC(=O)NCCCOc1ccc(cc1)C(=O)N1CCC(CC1)N1C(=O)CCc2ccccc12, CC(=O)NCCCOc1ccc(cc1)C(=O)N1CCC(CC1)N1C(=O)CCc2ccccc12, CC(=O)NCCCOc1ccc(cc1)C(=O)N1CCC(CC1)N1C(=O)CCc2ccccc12","KSNUCNRMDYJBKT-UHFFFAOYSA-N, KSNUCNRMDYJBKT-UHFFFAOYSA-N, KSNUCNRMDYJBKT-UHFFFAOYSA-N, KSNUCNRMDYJBKT-UHFFFAOYSA-N",Phase 1
opicapone,catechol O methyltransferase inhibitor,COMT,,,"MedChemEx, MedChemEx",94.71,"Cc1c(Cl)c(C)[n+]([O-])c(Cl)c1-c1noc(n1)-c1cc(O)c(O)c(c1)[N+]([O-])=O, Cc1c(Cl)c(C)[n+]([O-])c(Cl)c1-c1noc(n1)-c1cc(O)c(O)c(c1)[N+]([O-])=O","ASOADIZOVZTJSR-UHFFFAOYSA-N, ASOADIZOVZTJSR-UHFFFAOYSA-N",Phase 3
opipramol,sigma receptor agonist,,neurology/psychiatry,generalized anxiety disorder (GAD),"Prestwick, Prestwick, Prestwick",97.22,"OCCN1CCN(CCCN2c3ccccc3C=Cc3ccccc23)CC1 |c:18|, OCCN1CCN(CCCN2c3ccccc3C=Cc3ccccc23)CC1 |c:18|, OCCN1CCN(CCCN2c3ccccc3C=Cc3ccccc23)CC1 |c:18|","YNZFUWZUGRBMHL-UHFFFAOYSA-N, YNZFUWZUGRBMHL-UHFFFAOYSA-N, YNZFUWZUGRBMHL-UHFFFAOYSA-N",Launched
oprozomib,proteasome inhibitor,,,,MedChemEx,93.83,COC[C@H](NC(=O)[C@H](COC)NC(=O)c1cnc(C)s1)C(=O)N[C@@H](Cc1ccccc1)C(=O)[C@@]1(C)CO1,SWZXEVABPLUDIO-WSZYKNRRSA-N,Phase 1/Phase 2
OR-486,catechol O methyltransferase inhibitor,COMT,,,"Tocris, Tocris",95.46,"Oc1cc(cc(c1O)[N+]([O-])=O)[N+]([O-])=O, Oc1cc(cc(c1O)[N+]([O-])=O)[N+]([O-])=O","VDCDWNDTNSWDFJ-UHFFFAOYSA-N, VDCDWNDTNSWDFJ-UHFFFAOYSA-N",Preclinical
orantinib,"FGFR inhibitor, PDGFR tyrosine kinase receptor inhibitor, VEGFR inhibitor","AURKA, AURKB, EGFR, FGFR1, FGFR2, KDR, PDGFRA, PDGFRB",,,"Tocris, Selleck, Tocris, Selleck",92.22,"Cc1[nH]c(\C=C2/C(=O)Nc3ccccc23)c(C)c1CCC(O)=O, Cc1[nH]c(\C=C2/C(=O)Nc3ccccc23)c(C)c1CCC(O)=O, Cc1[nH]c(\C=C2/C(=O)Nc3ccccc23)c(C)c1CCC(O)=O, Cc1[nH]c(\C=C2/C(=O)Nc3ccccc23)c(C)c1CCC(O)=O","NHFDRBXTEDBWCZ-ZROIWOOFSA-N, NHFDRBXTEDBWCZ-ZROIWOOFSA-N, NHFDRBXTEDBWCZ-ZROIWOOFSA-N, NHFDRBXTEDBWCZ-ZROIWOOFSA-N",Phase 3
orbifloxacin,bacterial DNA gyrase inhibitor,,infectious disease,urinary tract infections,"MedChemEx, MedChemEx, MicroSource, Selleck, Selleck, Selleck",99.48,"C[C@H]1CN(C[C@@H](C)N1)c1c(F)c(F)c2c(c1F)n(cc(C(O)=O)c2=O)C1CC1, C[C@H]1CN(C[C@@H](C)N1)c1c(F)c(F)c2c(c1F)n(cc(C(O)=O)c2=O)C1CC1, C[C@H]1CN(C[C@@H](C)N1)c1c(F)c(F)c2c(c1F)n(cc(C(O)=O)c2=O)C1CC1, C[C@H]1CN(C[C@@H](C)N1)c1c(F)c(F)c2c(c1F)n(cc(C(O)=O)c2=O)C1CC1, C[C@H]1CN(C[C@@H](C)N1)c1c(F)c(F)c2c(c1F)n(cc(C(O)=O)c2=O)C1CC1, C[C@H]1CN(C[C@@H](C)N1)c1c(F)c(F)c2c(c1F)n(cc(C(O)=O)c2=O)C1CC1","QIPQASLPWJVQMH-DTORHVGOSA-N, QIPQASLPWJVQMH-DTORHVGOSA-N, QIPQASLPWJVQMH-DTORHVGOSA-N, QIPQASLPWJVQMH-DTORHVGOSA-N, QIPQASLPWJVQMH-DTORHVGOSA-N, QIPQASLPWJVQMH-DTORHVGOSA-N",Launched
ORE1001,angiotensin converting enzyme inhibitor,ACE2,,,"EMDBio, EMDBio",94.22,"CC(C)C[C@H](N[C@@H](Cc1cncn1Cc1cc(Cl)cc(Cl)c1)C(O)=O)C(O)=O, CC(C)C[C@H](N[C@@H](Cc1cncn1Cc1cc(Cl)cc(Cl)c1)C(O)=O)C(O)=O","NTCCRGGIJNDEAB-IRXDYDNUSA-N, NTCCRGGIJNDEAB-IRXDYDNUSA-N",Phase 1/Phase 2
ORG-12962,serotonin receptor agonist,"HTR2A, HTR2B, HTR2C",,,Key,91.07,FC(F)(F)c1ccc(nc1Cl)N1CCNCC1,QZYYPQAYSFBKPW-UHFFFAOYSA-N,Phase 2
ORG-25543,glycine transporter inhibitor,"GLRB, SLC6A5",,,"Tocris, Tocris",97.69,"COc1cc(cc(OC)c1OCc1ccccc1)C(=O)NCC1(CCCC1)N(C)C, COc1cc(cc(OC)c1OCc1ccccc1)C(=O)NCC1(CCCC1)N(C)C","ZCYOBMASPXQBSZ-UHFFFAOYSA-N, ZCYOBMASPXQBSZ-UHFFFAOYSA-N",Preclinical
ORG-26576,glutamate receptor modulator,,,,AMS,98.64,O=C1N2CCC[C@H]2COc2ncccc12,FIKUEZUFASUKAH-QMMMGPOBSA-N,Phase 2
ORG-27569,cannabinoid receptor modulator,CNR1,,,"Selleck, Selleck, Tocris, Tocris, Tocris",99.02,"CCc1c([nH]c2ccc(Cl)cc12)C(=O)NCCc1ccc(cc1)N1CCCCC1, CCc1c([nH]c2ccc(Cl)cc12)C(=O)NCCc1ccc(cc1)N1CCCCC1, CCc1c([nH]c2ccc(Cl)cc12)C(=O)NCCc1ccc(cc1)N1CCCCC1, CCc1c([nH]c2ccc(Cl)cc12)C(=O)NCCc1ccc(cc1)N1CCCCC1, CCc1c([nH]c2ccc(Cl)cc12)C(=O)NCCc1ccc(cc1)N1CCCCC1","AHFZDNYNXFMRFQ-UHFFFAOYSA-N, AHFZDNYNXFMRFQ-UHFFFAOYSA-N, AHFZDNYNXFMRFQ-UHFFFAOYSA-N, AHFZDNYNXFMRFQ-UHFFFAOYSA-N, AHFZDNYNXFMRFQ-UHFFFAOYSA-N",Preclinical
ORG-9768,adrenergic receptor antagonist,ADRA2A,,,"Enamine, Enamine",93.42,"CC1(CN)Cc2ccccc2C1, CC1(CN)Cc2ccccc2C1","JOLKQWPKJFRPOU-UHFFFAOYSA-N, JOLKQWPKJFRPOU-UHFFFAOYSA-N",Phase 1
oridonin,BCL inhibitor,BCL2,,,MedChemEx,84.29,[H][C@@]1(O)[C@@]2([H])CC[C@]3([H])[C@@]1(C(=O)C2=C)[C@]1(O)OC[C@]32[C@@H](O)CCC(C)(C)[C@@]2([H])[C@@H]1O,SDHTXBWLVGWJFT-XKCURVIJSA-N,Preclinical
oritavancin,bacterial cell wall synthesis inhibitor,,infectious disease,skin infections,MedChemEx,92.78,[H][C@@]1(C[C@](C)(NCc2ccc(cc2)-c2ccc(Cl)cc2)[C@@H](O)[C@H](C)O1)O[C@@H]1[C@@H](O)[C@H](O)[C@@H](CO)O[C@H]1Oc1c2Oc3ccc(cc3Cl)[C@@H](O)[C@@H](NC(=O)[C@@H](CC(C)C)NC)C(=O)N[C@@H](CC(N)=O)C(=O)N[C@]3([H])c(c2)cc1Oc1ccc(cc1Cl)[C@@H](O[C@@]1([H])C[C@](C)(N)[C@@H](O)[C@H](C)O1)[C@]1([H])NC(=O)[C@]([H])(NC3=O)c2ccc(O)c(c2)-c2c(O)cc(O)cc2[C@]([H])(NC1=O)C(O)=O,VHFGEBVPHAGQPI-LXKZPTCJSA-N,Launched
orlistat,lipase inhibitor,"CNR1, DAGLA, DAGLB, FASN, LIPF, PNLIP",endocrinology,weight-loss aid,"Tocris, Selleck, Tocris, Selleck, Selleck",100,"CCCCCCCCCCC[C@@H](C[C@@H]1OC(=O)[C@H]1CCCCCC)OC(=O)[C@H](CC(C)C)NC=O, CCCCCCCCCCC[C@@H](C[C@@H]1OC(=O)[C@H]1CCCCCC)OC(=O)[C@H](CC(C)C)NC=O, CCCCCCCCCCC[C@@H](C[C@@H]1OC(=O)[C@H]1CCCCCC)OC(=O)[C@H](CC(C)C)NC=O, CCCCCCCCCCC[C@@H](C[C@@H]1OC(=O)[C@H]1CCCCCC)OC(=O)[C@H](CC(C)C)NC=O, CCCCCCCCCCC[C@@H](C[C@@H]1OC(=O)[C@H]1CCCCCC)OC(=O)[C@H](CC(C)C)NC=O","AHLBNYSZXLDEJQ-FWEHEUNISA-N, AHLBNYSZXLDEJQ-FWEHEUNISA-N, AHLBNYSZXLDEJQ-FWEHEUNISA-N, AHLBNYSZXLDEJQ-FWEHEUNISA-N, AHLBNYSZXLDEJQ-FWEHEUNISA-N",Launched
ormeloxifene,selective estrogen receptor modulator (SERM),,endocrinology,contraceptive,Sigma,81.67,COc1ccc2[C@H]([C@H](c3ccccc3)C(C)(C)Oc2c1)c1ccc(OCCN2CCCC2)cc1,XZEUAXYWNKYKPL-WDYNHAJCSA-N,Launched
ornidazole,antiprotozoal agent,,infectious disease,protozoan infection,"MicroSource, MedChemEx, Selleck, Selleck",92.96,"Cc1ncc(n1C[C@@H](O)CCl)[N+]([O-])=O |&1:7,r|, Cc1ncc(n1C[C@@H](O)CCl)[N+]([O-])=O |&1:7,r|, Cc1ncc(n1C[C@@H](O)CCl)[N+]([O-])=O |&1:7,r|, Cc1ncc(n1C[C@@H](O)CCl)[N+]([O-])=O |&1:7,r|","IPWKIXLWTCNBKN-LURJTMIESA-N, IPWKIXLWTCNBKN-LURJTMIESA-N, IPWKIXLWTCNBKN-LURJTMIESA-N, IPWKIXLWTCNBKN-LURJTMIESA-N",Launched
ornipressin,vasoconstrictor,,,,MedChemEx,77.29,[H][C@@]1(Cc2ccccc2)NC(=O)[C@H](Cc2ccc(O)cc2)NC(=O)[C@@H](N)CSSC[C@H](NC(=O)[C@H](CC(N)=O)NC(=O)[C@H](CCC(N)=O)NC1=O)C(=O)N1CCC[C@H]1C(=O)N[C@@H](CCCN)C(=O)NCC(N)=O,MUNMIGOEDGHVLE-FGJIEJSYSA-N,Preclinical
ornithine,NFkB pathway modulator,GPRC6A,,,MicroSource,0,"Cl.NCCC[C@@H](N)C(O)=O |&1:5,r|",GGTYBZJRPHEQDG-PGMHMLKASA-N,Launched
orotic-acid,,DHODH,,,"MicroSource, Selleck",100,"OC(=O)c1cc(=O)[nH]c(=O)[nH]1, OC(=O)c1cc(=O)[nH]c(=O)[nH]1","PXQPEWDEAKTCGB-UHFFFAOYSA-N, PXQPEWDEAKTCGB-UHFFFAOYSA-N",Phase 2
orphanin-fq,opioid receptor agonist,"OPRL1, OPRM1",,,"MedChemEx, Enzo",63.03,"CC(C)C[C@H](NC(=O)[C@H](CCCCN)NC(=O)[C@H](CCCNC(N)=N)NC(=O)[C@H](C)NC(=O)[C@H](CO)NC(=O)[C@H](CCCCN)NC(=O)[C@H](CCCNC(N)=N)NC(=O)[C@H](C)NC(=O)CNC(=O)[C@@H](NC(=O)[C@H](Cc1ccccc1)NC(=O)CNC(=O)CNC(=O)[C@@H](N)Cc1ccccc1)[C@@H](C)O)C(=O)N[C@@H](C)C(=O)N[C@@H](CC(N)=O)C(=O)N[C@@H](CCC(N)=O)C(O)=O, CC(C)C[C@H](NC(=O)[C@H](CCCCN)NC(=O)[C@H](CCCNC(N)=N)NC(=O)[C@H](C)NC(=O)[C@H](CO)NC(=O)[C@H](CCCCN)NC(=O)[C@H](CCCNC(N)=N)NC(=O)[C@H](C)NC(=O)CNC(=O)[C@@H](NC(=O)[C@H](Cc1ccccc1)NC(=O)CNC(=O)CNC(=O)[C@@H](N)Cc1ccccc1)[C@@H](C)O)C(=O)N[C@@H](C)C(=O)N[C@@H](CC(N)=O)C(=O)N[C@@H](CCC(N)=O)C(O)=O","PULGYDLMFSFVBL-SMFNREODSA-N, PULGYDLMFSFVBL-SMFNREODSA-N",Phase 1
orphenadrine,acetylcholine receptor antagonist,,neurology/psychiatry,muscle pain,"MicroSource, MicroSource, Selleck, Selleck, Selleck",98.55,"CN(C)CCO[C@@H](c1ccccc1)c1ccccc1C |&1:6|, CN(C)CCO[C@@H](c1ccccc1)c1ccccc1C |&1:6|, CN(C)CCO[C@@H](c1ccccc1)c1ccccc1C |&1:6|, CN(C)CCO[C@@H](c1ccccc1)c1ccccc1C |&1:6|, CN(C)CCO[C@@H](c1ccccc1)c1ccccc1C |&1:6|","QVYRGXJJSLMXQH-SFHVURJKSA-N, QVYRGXJJSLMXQH-SFHVURJKSA-N, QVYRGXJJSLMXQH-SFHVURJKSA-N, QVYRGXJJSLMXQH-SFHVURJKSA-N, QVYRGXJJSLMXQH-SFHVURJKSA-N",Launched
orteronel,"androgen biosynthesis inhibitor, androgen receptor antagonist, cytochrome P450 inhibitor",CYP17A1,,,"Selleck, Selleck, Selleck",98.05,"CNC(=O)c1ccc2cc(ccc2c1)[C@]1(O)CCn2cncc12, CNC(=O)c1ccc2cc(ccc2c1)[C@]1(O)CCn2cncc12, CNC(=O)c1ccc2cc(ccc2c1)[C@]1(O)CCn2cncc12","OZPFIJIOIVJZMN-GOSISDBHSA-N, OZPFIJIOIVJZMN-GOSISDBHSA-N, OZPFIJIOIVJZMN-GOSISDBHSA-N",Phase 3
ORY-1001,histone lysine demethylase inhibitor,KDM1A,,,"MedChemEx, MedChemEx, Selleck",92.83,"NC1CCC(CC1)N[C@@H]1C[C@H]1c1ccccc1, NC1CCC(CC1)N[C@@H]1C[C@H]1c1ccccc1, NC1CCC(CC1)N[C@@H]1C[C@H]1c1ccccc1","ALHBJBCQLJZYON-PFSRBDOWSA-N, ALHBJBCQLJZYON-PFSRBDOWSA-N, ALHBJBCQLJZYON-PFSRBDOWSA-N",Phase 1/Phase 2
oseltamivir-carboxylate,neuraminidase inhibitor,,infectious disease,influenza A virus infection,"MedChemEx, MedChemEx",86.82,"CCC(CC)O[C@@H]1C=C(C[C@H](N)[C@H]1NC(C)=O)C(O)=O |c:7|, CCC(CC)O[C@@H]1C=C(C[C@H](N)[C@H]1NC(C)=O)C(O)=O |c:7|","NENPYTRHICXVCS-YNEHKIRRSA-N, NENPYTRHICXVCS-YNEHKIRRSA-N",Launched
oseltamivir-phosphate,neuraminidase inhibitor,"CES1, NEU1, NEU2",infectious disease,influenza A virus infection,"MicroSource, MedChemEx, MedChemEx, Selleck, Selleck",94.24,"CCOC(=O)C1=C[C@@H](OC(CC)CC)[C@H](NC(C)=O)[C@@H](N)C1 |t:5|, CCOC(=O)C1=C[C@@H](OC(CC)CC)[C@H](NC(C)=O)[C@@H](N)C1 |t:5|, CCOC(=O)C1=C[C@@H](OC(CC)CC)[C@H](NC(C)=O)[C@@H](N)C1 |t:5|, CCOC(=O)C1=C[C@@H](OC(CC)CC)[C@H](NC(C)=O)[C@@H](N)C1 |t:5|, CCOC(=O)C1=C[C@@H](OC(CC)CC)[C@H](NC(C)=O)[C@@H](N)C1 |t:5|","VSZGPKBBMSAYNT-RRFJBIMHSA-N, VSZGPKBBMSAYNT-RRFJBIMHSA-N, VSZGPKBBMSAYNT-RRFJBIMHSA-N, VSZGPKBBMSAYNT-RRFJBIMHSA-N, VSZGPKBBMSAYNT-RRFJBIMHSA-N",Launched
osemozotan,serotonin receptor agonist,HTR1A,,,Sigma,98.16,C(CNC[C@H]1COc2ccccc2O1)COc1ccc2OCOc2c1,MEEQBDCQPIZMLY-HNNXBMFYSA-N,Phase 2/Phase 3
OSI-027,mTOR inhibitor,MTOR,,,"MedChemEx, Selleck, Selleck",95.61,"COc1cccc2cc([nH]c12)-c1nc([C@H]2CC[C@@H](CC2)C(O)=O)n2ncnc(N)c12 |r|, COc1cccc2cc([nH]c12)-c1nc([C@H]2CC[C@@H](CC2)C(O)=O)n2ncnc(N)c12 |r|, COc1cccc2cc([nH]c12)-c1nc([C@H]2CC[C@@H](CC2)C(O)=O)n2ncnc(N)c12 |r|","JROFGZPOBKIAEW-HAQNSBGRSA-N, JROFGZPOBKIAEW-HAQNSBGRSA-N, JROFGZPOBKIAEW-HAQNSBGRSA-N",Phase 1
OSI-420,EGFR inhibitor,EGFR,,,"MedChemEx, Selleck, Selleck",96.68,"COCCOc1cc2ncnc(Nc3cccc(c3)C#C)c2cc1OCCO, COCCOc1cc2ncnc(Nc3cccc(c3)C#C)c2cc1OCCO, COCCOc1cc2ncnc(Nc3cccc(c3)C#C)c2cc1OCCO","KOQIAZNBAWFSQM-UHFFFAOYSA-N, KOQIAZNBAWFSQM-UHFFFAOYSA-N, KOQIAZNBAWFSQM-UHFFFAOYSA-N",Preclinical
OSI-930,"KIT inhibitor, VEGFR inhibitor","FLT1, KDR, KIT",,,"Selleck, Selleck, Selleck, Selleck",86.5,"FC(F)(F)Oc1ccc(NC(=O)c2sccc2NCc2ccnc3ccccc23)cc1, FC(F)(F)Oc1ccc(NC(=O)c2sccc2NCc2ccnc3ccccc23)cc1, FC(F)(F)Oc1ccc(NC(=O)c2sccc2NCc2ccnc3ccccc23)cc1, FC(F)(F)Oc1ccc(NC(=O)c2sccc2NCc2ccnc3ccccc23)cc1","FGTCROZDHDSNIO-UHFFFAOYSA-N, FGTCROZDHDSNIO-UHFFFAOYSA-N, FGTCROZDHDSNIO-UHFFFAOYSA-N, FGTCROZDHDSNIO-UHFFFAOYSA-N",Phase 1
osilodrostat,cytochrome P450 inhibitor,,,,MedChemEx,96.89,Fc1cc(ccc1[C@H]1CCc2cncn12)C#N,USUZGMWDZDXMDG-CYBMUJFWSA-N,Launched
osimertinib,EGFR inhibitor,EGFR,oncology,non-small cell lung cancer (NSCLC),"MedChemEx, MedChemEx, MedChemEx, MedChemEx, MedChemEx, MedChemEx, MedChemEx",97.69,"COc1cc(N(C)CCN(C)C)c(NC(=O)C=C)cc1Nc1nccc(n1)-c1cn(C)c2ccccc12, COc1cc(N(C)CCN(C)C)c(NC(=O)C=C)cc1Nc1nccc(n1)-c1cn(C)c2ccccc12, COc1cc(N(C)CCN(C)C)c(NC(=O)C=C)cc1Nc1nccc(n1)-c1cn(C)c2ccccc12, COc1cc(N(C)CCN(C)C)c(NC(=O)C=C)cc1Nc1nccc(n1)-c1cn(C)c2ccccc12, COc1cc(N(C)CCN(C)C)c(NC(=O)C=C)cc1Nc1nccc(n1)-c1cn(C)c2ccccc12, COc1cc(N(C)CCN(C)C)c(NC(=O)C=C)cc1Nc1nccc(n1)-c1cn(C)c2ccccc12, COc1cc(N(C)CCN(C)C)c(NC(=O)C=C)cc1Nc1nccc(n1)-c1cn(C)c2ccccc12","DUYJMQONPNNFPI-UHFFFAOYSA-N, DUYJMQONPNNFPI-UHFFFAOYSA-N, DUYJMQONPNNFPI-UHFFFAOYSA-N, DUYJMQONPNNFPI-UHFFFAOYSA-N, DUYJMQONPNNFPI-UHFFFAOYSA-N, DUYJMQONPNNFPI-UHFFFAOYSA-N, DUYJMQONPNNFPI-UHFFFAOYSA-N",Launched
ospemifene,selective estrogen receptor modulator (SERM),"ESR1, ESR2","obstetrics/gynecology, endocrinology","vaginal atrophy, dyspareunia, menopause","Selleck, Selleck",99.9,"OCCOc1ccc(cc1)C(=C(\CCCl)c1ccccc1)\c1ccccc1, OCCOc1ccc(cc1)C(=C(\CCCl)c1ccccc1)\c1ccccc1","LUMKNAVTFCDUIE-VHXPQNKSSA-N, LUMKNAVTFCDUIE-VHXPQNKSSA-N",Launched
ostarine,androgen receptor modulator,AR,,,"MedChemEx, Selleck",97.85,"C[C@](O)(COc1ccc(cc1)C#N)C(=O)Nc1ccc(C#N)c(c1)C(F)(F)F, C[C@](O)(COc1ccc(cc1)C#N)C(=O)Nc1ccc(C#N)c(c1)C(F)(F)F","JNGVJMBLXIUVRD-SFHVURJKSA-N, JNGVJMBLXIUVRD-SFHVURJKSA-N",Phase 3
osthol,calcium channel blocker,,,,"MedChemEx, Selleck",98.35,"COc1ccc2ccc(=O)oc2c1CC=C(C)C, COc1ccc2ccc(=O)oc2c1CC=C(C)C","MBRLOUHOWLUMFF-UHFFFAOYSA-N, MBRLOUHOWLUMFF-UHFFFAOYSA-N",Preclinical
OT-R-antagonist-1,oxytocin receptor antagonist,"AVPR1A, OXTR",,,MedChemEx,98.05,CO\N=C1\C[C@H](N(C1)C(=O)c1ccc(cc1)-c1ccccc1C)C(=O)NC[C@@H](O)c1ccccc1,IBXGJPAYWMFXSF-UEEONYLUSA-N,Preclinical
otamixaban,coagulation factor inhibitor,F10,,,"MedChemEx, MedChemEx, MedChemEx, MedChemEx",96.17,"COC(=O)[C@H](Cc1cccc(c1)C(N)=N)[C@@H](C)NC(=O)c1ccc(cc1)-c1cc[n+]([O-])cc1, COC(=O)[C@H](Cc1cccc(c1)C(N)=N)[C@@H](C)NC(=O)c1ccc(cc1)-c1cc[n+]([O-])cc1, COC(=O)[C@H](Cc1cccc(c1)C(N)=N)[C@@H](C)NC(=O)c1ccc(cc1)-c1cc[n+]([O-])cc1, COC(=O)[C@H](Cc1cccc(c1)C(N)=N)[C@@H](C)NC(=O)c1ccc(cc1)-c1cc[n+]([O-])cc1","PFGVNLZDWRZPJW-OPAMFIHVSA-N, PFGVNLZDWRZPJW-OPAMFIHVSA-N, PFGVNLZDWRZPJW-OPAMFIHVSA-N, PFGVNLZDWRZPJW-OPAMFIHVSA-N",Phase 3
otenzepad,acetylcholine receptor antagonist,"CHRM1, CHRM2, CHRM3, CHRM4, CHRM5",,,"Tocris, Tocris, Tocris",96.5,"CCN(CC)C[C@H]1CCCCN1CC(=O)N1c2ccccc2C(=O)Nc2cccnc12 |&1:6,r|, CCN(CC)C[C@H]1CCCCN1CC(=O)N1c2ccccc2C(=O)Nc2cccnc12 |&1:6,r|, CCN(CC)C[C@H]1CCCCN1CC(=O)N1c2ccccc2C(=O)Nc2cccnc12 |&1:6,r|","UBRKDAVQCKZSPO-GOSISDBHSA-N, UBRKDAVQCKZSPO-GOSISDBHSA-N, UBRKDAVQCKZSPO-GOSISDBHSA-N",Phase 3
otilonium,acetylcholine receptor antagonist,CACNA1C,gastroenterology,irritable bowel syndrome,"MedChemEx, MedChemEx, MedChemEx, Selleck, Selleck, Selleck",98.47,"CCCCCCCCOc1ccccc1C(=O)Nc1ccc(cc1)C(=O)OCC[N+](C)(CC)CC, CCCCCCCCOc1ccccc1C(=O)Nc1ccc(cc1)C(=O)OCC[N+](C)(CC)CC, CCCCCCCCOc1ccccc1C(=O)Nc1ccc(cc1)C(=O)OCC[N+](C)(CC)CC, CCCCCCCCOc1ccccc1C(=O)Nc1ccc(cc1)C(=O)OCC[N+](C)(CC)CC, CCCCCCCCOc1ccccc1C(=O)Nc1ccc(cc1)C(=O)OCC[N+](C)(CC)CC, CCCCCCCCOc1ccccc1C(=O)Nc1ccc(cc1)C(=O)OCC[N+](C)(CC)CC","NQHNLNLJPDMBFN-UHFFFAOYSA-O, NQHNLNLJPDMBFN-UHFFFAOYSA-O, NQHNLNLJPDMBFN-UHFFFAOYSA-O, NQHNLNLJPDMBFN-UHFFFAOYSA-O, NQHNLNLJPDMBFN-UHFFFAOYSA-O, NQHNLNLJPDMBFN-UHFFFAOYSA-O",Launched
OTS167,maternal embryonic leucine zipper kinase inhibitor,MELK,,,"MedChemEx, MedChemEx, MedChemEx, MedChemEx, MedChemEx, MedChemEx",97.89,"CN(C)C[C@H]1CC[C@@H](CC1)Nc1c(cnc2ccc(nc12)-c1cc(Cl)c(O)c(Cl)c1)C(C)=O |r|, CN(C)C[C@H]1CC[C@@H](CC1)Nc1c(cnc2ccc(nc12)-c1cc(Cl)c(O)c(Cl)c1)C(C)=O |r|, CN(C)C[C@H]1CC[C@@H](CC1)Nc1c(cnc2ccc(nc12)-c1cc(Cl)c(O)c(Cl)c1)C(C)=O |r|, CN(C)C[C@H]1CC[C@@H](CC1)Nc1c(cnc2ccc(nc12)-c1cc(Cl)c(O)c(Cl)c1)C(C)=O |r|, CN(C)C[C@H]1CC[C@@H](CC1)Nc1c(cnc2ccc(nc12)-c1cc(Cl)c(O)c(Cl)c1)C(C)=O |r|, CN(C)C[C@H]1CC[C@@H](CC1)Nc1c(cnc2ccc(nc12)-c1cc(Cl)c(O)c(Cl)c1)C(C)=O |r|","DKZYXHCYPUVGAF-JCNLHEQBSA-N, DKZYXHCYPUVGAF-JCNLHEQBSA-N, DKZYXHCYPUVGAF-JCNLHEQBSA-N, DKZYXHCYPUVGAF-JCNLHEQBSA-N, DKZYXHCYPUVGAF-JCNLHEQBSA-N, DKZYXHCYPUVGAF-JCNLHEQBSA-N",Phase 1/Phase 2
OTS514,TOPK inhibitor,,,,"MedChemEx, MedChemEx, MedChemEx",93.47,"C[C@@H](CN)c1ccc(cc1)-c1c(O)cc(C)c2[nH]c(=O)c3sccc3c12, C[C@@H](CN)c1ccc(cc1)-c1c(O)cc(C)c2[nH]c(=O)c3sccc3c12, C[C@@H](CN)c1ccc(cc1)-c1c(O)cc(C)c2[nH]c(=O)c3sccc3c12","OETLNMOJNONWOY-LBPRGKRZSA-N, OETLNMOJNONWOY-LBPRGKRZSA-N, OETLNMOJNONWOY-LBPRGKRZSA-N",Preclinical
OTX015,bromodomain inhibitor,"BRD2, BRD3, BRD4",,,"Selleck, Selleck, Selleck, Selleck, Selleck",98.65,"Cc1sc-2c(c1C)C(=N[C@@H](CC(=O)Nc1ccc(O)cc1)c1nnc(C)n-21)c1ccc(Cl)cc1 |c:8|, Cc1sc-2c(c1C)C(=N[C@@H](CC(=O)Nc1ccc(O)cc1)c1nnc(C)n-21)c1ccc(Cl)cc1 |c:8|, Cc1sc-2c(c1C)C(=N[C@@H](CC(=O)Nc1ccc(O)cc1)c1nnc(C)n-21)c1ccc(Cl)cc1 |c:8|, Cc1sc-2c(c1C)C(=N[C@@H](CC(=O)Nc1ccc(O)cc1)c1nnc(C)n-21)c1ccc(Cl)cc1 |c:8|, Cc1sc-2c(c1C)C(=N[C@@H](CC(=O)Nc1ccc(O)cc1)c1nnc(C)n-21)c1ccc(Cl)cc1 |c:8|","GNMUEVRJHCWKTO-FQEVSTJZSA-N, GNMUEVRJHCWKTO-FQEVSTJZSA-N, GNMUEVRJHCWKTO-FQEVSTJZSA-N, GNMUEVRJHCWKTO-FQEVSTJZSA-N, GNMUEVRJHCWKTO-FQEVSTJZSA-N",Phase 1/Phase 2
ouabain,ATPase inhibitor,ATP1A1,cardiology,"hypertension, cardiac arrythmia","MicroSource, MicroSource, MicroSource, Tocris, Tocris, Tocris, Tocris, Tocris, Tocris, Tocris, Selleck, Selleck",96.12,"C[C@@H]1O[C@@H](O[C@@H]2C[C@@H](O)[C@]3(CO)[C@H]4[C@H](O)C[C@]5(C)[C@H](CC[C@]5(O)[C@@H]4CC[C@]3(O)C2)C2=CC(=O)OC2)[C@H](O)[C@H](O)[C@H]1O |t:33|, C[C@@H]1O[C@@H](O[C@@H]2C[C@@H](O)[C@]3(CO)[C@H]4[C@H](O)C[C@]5(C)[C@H](CC[C@]5(O)[C@@H]4CC[C@]3(O)C2)C2=CC(=O)OC2)[C@H](O)[C@H](O)[C@H]1O |t:33|, C[C@@H]1O[C@@H](O[C@@H]2C[C@@H](O)[C@]3(CO)[C@H]4[C@H](O)C[C@]5(C)[C@H](CC[C@]5(O)[C@@H]4CC[C@]3(O)C2)C2=CC(=O)OC2)[C@H](O)[C@H](O)[C@H]1O |t:33|, C[C@@H]1O[C@@H](O[C@@H]2C[C@@H](O)[C@]3(CO)[C@H]4[C@H](O)C[C@]5(C)[C@H](CC[C@]5(O)[C@@H]4CC[C@]3(O)C2)C2=CC(=O)OC2)[C@H](O)[C@H](O)[C@H]1O |t:33|, C[C@@H]1O[C@@H](O[C@@H]2C[C@@H](O)[C@]3(CO)[C@H]4[C@H](O)C[C@]5(C)[C@H](CC[C@]5(O)[C@@H]4CC[C@]3(O)C2)C2=CC(=O)OC2)[C@H](O)[C@H](O)[C@H]1O |t:33|, C[C@@H]1O[C@@H](O[C@@H]2C[C@@H](O)[C@]3(CO)[C@H]4[C@H](O)C[C@]5(C)[C@H](CC[C@]5(O)[C@@H]4CC[C@]3(O)C2)C2=CC(=O)OC2)[C@H](O)[C@H](O)[C@H]1O |t:33|, C[C@@H]1O[C@@H](O[C@@H]2C[C@@H](O)[C@]3(CO)[C@H]4[C@H](O)C[C@]5(C)[C@H](CC[C@]5(O)[C@@H]4CC[C@]3(O)C2)C2=CC(=O)OC2)[C@H](O)[C@H](O)[C@H]1O |t:33|, C[C@@H]1O[C@@H](O[C@@H]2C[C@@H](O)[C@]3(CO)[C@H]4[C@H](O)C[C@]5(C)[C@H](CC[C@]5(O)[C@@H]4CC[C@]3(O)C2)C2=CC(=O)OC2)[C@H](O)[C@H](O)[C@H]1O |t:33|, C[C@@H]1O[C@@H](O[C@@H]2C[C@@H](O)[C@]3(CO)[C@H]4[C@H](O)C[C@]5(C)[C@H](CC[C@]5(O)[C@@H]4CC[C@]3(O)C2)C2=CC(=O)OC2)[C@H](O)[C@H](O)[C@H]1O |t:33|, C[C@@H]1O[C@@H](O[C@@H]2C[C@@H](O)[C@]3(CO)[C@H]4[C@H](O)C[C@]5(C)[C@H](CC[C@]5(O)[C@@H]4CC[C@]3(O)C2)C2=CC(=O)OC2)[C@H](O)[C@H](O)[C@H]1O |t:33|, C[C@@H]1O[C@@H](O[C@@H]2C[C@@H](O)[C@]3(CO)[C@H]4[C@H](O)C[C@]5(C)[C@H](CC[C@]5(O)[C@@H]4CC[C@]3(O)C2)C2=CC(=O)OC2)[C@H](O)[C@H](O)[C@H]1O |t:33|, C[C@@H]1O[C@@H](O[C@@H]2C[C@@H](O)[C@]3(CO)[C@H]4[C@H](O)C[C@]5(C)[C@H](CC[C@]5(O)[C@@H]4CC[C@]3(O)C2)C2=CC(=O)OC2)[C@H](O)[C@H](O)[C@H]1O |t:33|","LPMXVESGRSUGHW-VGFRVVOQSA-N, LPMXVESGRSUGHW-VGFRVVOQSA-N, LPMXVESGRSUGHW-VGFRVVOQSA-N, LPMXVESGRSUGHW-VGFRVVOQSA-N, LPMXVESGRSUGHW-VGFRVVOQSA-N, LPMXVESGRSUGHW-VGFRVVOQSA-N, LPMXVESGRSUGHW-VGFRVVOQSA-N, LPMXVESGRSUGHW-VGFRVVOQSA-N, LPMXVESGRSUGHW-VGFRVVOQSA-N, LPMXVESGRSUGHW-VGFRVVOQSA-N, LPMXVESGRSUGHW-VGFRVVOQSA-N, LPMXVESGRSUGHW-VGFRVVOQSA-N",Launched
OXA-06,rho associated kinase inhibitor,"ROCK1, ROCK2",,,"Tocris, Tocris",97.04,"Fc1ccccc1CNCc1ccc(cc1)-c1ccnc2[nH]ccc12, Fc1ccccc1CNCc1ccc(cc1)-c1ccnc2[nH]ccc12","XUIUXXQVHPEQNM-UHFFFAOYSA-N, XUIUXXQVHPEQNM-UHFFFAOYSA-N",Preclinical
oxaceprol,anti-inflammatory agent,,,,MedChemEx,100,CC(=O)N1C[C@H](O)C[C@H]1C(O)=O,BAPRUDZDYCKSOQ-RITPCOANSA-N,Preclinical
oxacillin,bacterial cell wall synthesis inhibitor,,infectious disease,staphylococcal infections,"MedChemEx, Selleck, Selleck, MicroSource, MicroSource, MicroSource",98.27,"Cc1onc(c1C(=O)N[C@H]1[C@H]2SC(C)(C)[C@@H](N2C1=O)C(O)=O)-c1ccccc1, Cc1onc(c1C(=O)N[C@H]1[C@H]2SC(C)(C)[C@@H](N2C1=O)C(O)=O)-c1ccccc1, Cc1onc(c1C(=O)N[C@H]1[C@H]2SC(C)(C)[C@@H](N2C1=O)C(O)=O)-c1ccccc1, Cc1onc(c1C(=O)N[C@H]1[C@H]2SC(C)(C)[C@@H](N2C1=O)C(O)=O)-c1ccccc1, Cc1onc(c1C(=O)N[C@H]1[C@H]2SC(C)(C)[C@@H](N2C1=O)C(O)=O)-c1ccccc1, Cc1onc(c1C(=O)N[C@H]1[C@H]2SC(C)(C)[C@@H](N2C1=O)C(O)=O)-c1ccccc1","UWYHMGVUTGAWSP-JKIFEVAISA-N, UWYHMGVUTGAWSP-JKIFEVAISA-N, UWYHMGVUTGAWSP-JKIFEVAISA-N, UWYHMGVUTGAWSP-JKIFEVAISA-N, UWYHMGVUTGAWSP-JKIFEVAISA-N, UWYHMGVUTGAWSP-JKIFEVAISA-N",Launched
oxacyclohexadecan-2-one,protein kinase inhibitor,,,,Sigma,0,O=C1CCCCCCCCCCCCCCO1,FKUPPRZPSYCDRS-UHFFFAOYSA-N,Preclinical
oxaliplatin,DNA inhibitor,,oncology,colorectal cancer,"MicroSource, MicroSource, Selleck, Selleck, Tocris, Tocris, Tocris, Selleck",98.79,"O=C1O[Pt]2(N[C@@H]3CCCC[C@H]3N2)OC1=O, O=C1O[Pt]2(N[C@@H]3CCCC[C@H]3N2)OC1=O, O=C1O[Pt]2(N[C@@H]3CCCC[C@H]3N2)OC1=O, O=C1O[Pt]2(N[C@@H]3CCCC[C@H]3N2)OC1=O, O=C1O[Pt]2(N[C@@H]3CCCC[C@H]3N2)OC1=O, O=C1O[Pt]2(N[C@@H]3CCCC[C@H]3N2)OC1=O, O=C1O[Pt]2(N[C@@H]3CCCC[C@H]3N2)OC1=O, O=C1O[Pt]2(N[C@@H]3CCCC[C@H]3N2)OC1=O","DWAFYCQODLXJNR-BNTLRKBRSA-L, DWAFYCQODLXJNR-BNTLRKBRSA-L, DWAFYCQODLXJNR-BNTLRKBRSA-L, DWAFYCQODLXJNR-BNTLRKBRSA-L, DWAFYCQODLXJNR-BNTLRKBRSA-L, DWAFYCQODLXJNR-BNTLRKBRSA-L, DWAFYCQODLXJNR-BNTLRKBRSA-L, DWAFYCQODLXJNR-BNTLRKBRSA-L",Launched
oxaloacetate,glutamate release inhibitor,,,,"Sigma, Enamine",0,"OC(=O)C=C(O)C(O)=O, OC(=O)C=C(O)C(O)=O","UWYVPFMHMJIBHE-UHFFFAOYSA-N, UWYVPFMHMJIBHE-UHFFFAOYSA-N",Phase 2/Phase 3
oxantel,anthelmintic agent,,infectious disease,gastrointestinal parasites,"MicroSource, MedChemEx",41.1,"CN1CCCN=C1\C=C\c1cccc(O)c1 |c:5|, CN1CCCN=C1\C=C\c1cccc(O)c1 |c:5|","VRYKTHBAWRESFI-VOTSOKGWSA-N, VRYKTHBAWRESFI-VOTSOKGWSA-N",Launched
oxaprozin,cyclooxygenase inhibitor,"PTGS1, PTGS2",rheumatology,"osteoarthritis, rheumatoid arthritis","MicroSource, MedChemEx, Selleck",99.41,"OC(=O)CCc1nc(c(o1)-c1ccccc1)-c1ccccc1, OC(=O)CCc1nc(c(o1)-c1ccccc1)-c1ccccc1, OC(=O)CCc1nc(c(o1)-c1ccccc1)-c1ccccc1","OFPXSFXSNFPTHF-UHFFFAOYSA-N, OFPXSFXSNFPTHF-UHFFFAOYSA-N, OFPXSFXSNFPTHF-UHFFFAOYSA-N",Launched
oxatomide,histamine receptor antagonist,HRH1,allergy,allergic rhinitis,"Key, Vitas-M",97.1,"O=c1[nH]c2ccccc2n1CCCN1CCN(CC1)C(c1ccccc1)c1ccccc1, O=c1[nH]c2ccccc2n1CCCN1CCN(CC1)C(c1ccccc1)c1ccccc1","BAINIUMDFURPJM-UHFFFAOYSA-N, BAINIUMDFURPJM-UHFFFAOYSA-N",Launched
oxcarbazepine,sodium channel blocker,"SCN10A, SCN11A, SCN1A, SCN2A, SCN3A, SCN4A, SCN5A, SCN7A, SCN8A, SCN9A",neurology/psychiatry,seizures,"MicroSource, Selleck, Selleck, Selleck, Selleck",95.44,"NC(=O)N1c2ccccc2CC(=O)c2ccccc12, NC(=O)N1c2ccccc2CC(=O)c2ccccc12, NC(=O)N1c2ccccc2CC(=O)c2ccccc12, NC(=O)N1c2ccccc2CC(=O)c2ccccc12, NC(=O)N1c2ccccc2CC(=O)c2ccccc12","CTRLABGOLIVAIY-UHFFFAOYSA-N, CTRLABGOLIVAIY-UHFFFAOYSA-N, CTRLABGOLIVAIY-UHFFFAOYSA-N, CTRLABGOLIVAIY-UHFFFAOYSA-N, CTRLABGOLIVAIY-UHFFFAOYSA-N",Launched
oxelaidin,antitussive,,pulmonary,cough suppressant,"Selleck, MicroSource, MedChemEx, Selleck",95.06,"CCN(CC)CCOCCOC(=O)C(CC)(CC)c1ccccc1, CCN(CC)CCOCCOC(=O)C(CC)(CC)c1ccccc1, CCN(CC)CCOCCOC(=O)C(CC)(CC)c1ccccc1, CCN(CC)CCOCCOC(=O)C(CC)(CC)c1ccccc1","IQADUMSPOQKAAO-UHFFFAOYSA-N, IQADUMSPOQKAAO-UHFFFAOYSA-N, IQADUMSPOQKAAO-UHFFFAOYSA-N, IQADUMSPOQKAAO-UHFFFAOYSA-N",Launched
oxethazaine,local anesthetic,,neurology/psychiatry,local anesthetic,"MicroSource, MedChemEx, Selleck",98.08,"CN(C(=O)CN(CCO)CC(=O)N(C)C(C)(C)Cc1ccccc1)C(C)(C)Cc1ccccc1, CN(C(=O)CN(CCO)CC(=O)N(C)C(C)(C)Cc1ccccc1)C(C)(C)Cc1ccccc1, CN(C(=O)CN(CCO)CC(=O)N(C)C(C)(C)Cc1ccccc1)C(C)(C)Cc1ccccc1","FTLDJPRFCGDUFH-UHFFFAOYSA-N, FTLDJPRFCGDUFH-UHFFFAOYSA-N, FTLDJPRFCGDUFH-UHFFFAOYSA-N",Launched
OXF-BD-02,bromodomain inhibitor,BRD4,,,"Tocris, Tocris",96.76,"Cc1noc(C)c1-c1cc(O)cc(c1)[C@@H](O)c1ccccc1 |&1:14,r|, Cc1noc(C)c1-c1cc(O)cc(c1)[C@@H](O)c1ccccc1 |&1:14,r|","FEQUIPXIENTMJN-SFHVURJKSA-N, FEQUIPXIENTMJN-SFHVURJKSA-N",Preclinical
oxfendazole,anthelmintic agent,,infectious disease,"lungworms, tapeworm, gastrointestinal roundworms","MicroSource, Selleck",97.28,"COC(=O)Nc1nc2ccc(cc2[nH]1)[S@@](=O)c1ccccc1 |r|, COC(=O)Nc1nc2ccc(cc2[nH]1)[S@@](=O)c1ccccc1 |r|","BEZZFPOZAYTVHN-QFIPXVFZSA-N, BEZZFPOZAYTVHN-QFIPXVFZSA-N",Launched
oxfenicine,carnitine palmitoyltransferase inhibitor,"CPT1A, CPT1B",,,"MedChemEx, Enamine",100,"N[C@@H](C(O)=O)c1ccc(O)cc1, N[C@@H](C(O)=O)c1ccc(O)cc1","LJCWONGJFPCTTL-SSDOTTSWSA-N, LJCWONGJFPCTTL-SSDOTTSWSA-N",Phase 1
oxibendazole,tubulin polymerization inhibitor,"TUBB, TUBB4B",infectious disease,strongyles,"MicroSource, Selleck, Selleck, Selleck",96.34,"CCCOc1ccc2nc(NC(=O)OC)[nH]c2c1, CCCOc1ccc2nc(NC(=O)OC)[nH]c2c1, CCCOc1ccc2nc(NC(=O)OC)[nH]c2c1, CCCOc1ccc2nc(NC(=O)OC)[nH]c2c1","RAOCRURYZCVHMG-UHFFFAOYSA-N, RAOCRURYZCVHMG-UHFFFAOYSA-N, RAOCRURYZCVHMG-UHFFFAOYSA-N, RAOCRURYZCVHMG-UHFFFAOYSA-N",Launched
oxiconazole,bacterial cell wall synthesis inhibitor,,infectious disease,"tinea pedis, tinea cruris, tinea corporis","MicroSource, MedChemEx",98.63,"Clc1ccc(CO\N=C(/Cn2ccnc2)c2ccc(Cl)cc2Cl)c(Cl)c1, Clc1ccc(CO\N=C(/Cn2ccnc2)c2ccc(Cl)cc2Cl)c(Cl)c1","QRJJEGAJXVEBNE-HKOYGPOVSA-N, QRJJEGAJXVEBNE-HKOYGPOVSA-N",Launched
oxidopamine,neurotoxin,,,,"Tocris, MicroSource",0,"NCCc1cc(O)c(O)cc1O, NCCc1cc(O)c(O)cc1O","DIVDFFZHCJEHGG-UHFFFAOYSA-N, DIVDFFZHCJEHGG-UHFFFAOYSA-N",Preclinical
oxiniacic-acid,,,,,"Vitas-M, Vitas-M, MedChemEx, MicroSource",100,"OC(=O)c1ccc[n+]([O-])c1, OC(=O)c1ccc[n+]([O-])c1, OC(=O)c1ccc[n+]([O-])c1, OC(=O)c1ccc[n+]([O-])c1","FJCFFCXMEXZEIM-UHFFFAOYSA-N, FJCFFCXMEXZEIM-UHFFFAOYSA-N, FJCFFCXMEXZEIM-UHFFFAOYSA-N, FJCFFCXMEXZEIM-UHFFFAOYSA-N",Preclinical
oxiperomide,dopamine receptor antagonist,,,,Enamine,86.05,O=c1[nH]c2ccccc2n1C1CCN(CCOc2ccccc2)CC1,NVDBBGBUTKLRSN-UHFFFAOYSA-N,Phase 2
oxiracetam,acetylcholine receptor agonist,,neurology/psychiatry,senile dementia,"MedChemEx, MedChemEx, MedChemEx",100,"NC(=O)CN1C[C@H](O)CC1=O, NC(=O)CN1C[C@H](O)CC1=O, NC(=O)CN1C[C@H](O)CC1=O","IHLAQQPQKRMGSS-SCSAIBSYSA-N, IHLAQQPQKRMGSS-SCSAIBSYSA-N, IHLAQQPQKRMGSS-SCSAIBSYSA-N",Launched
oxolamine,antitussive,,pulmonary,cough suppressant,"MicroSource, MedChemEx",78.78,"CCN(CC)CCc1nc(no1)-c1ccccc1, CCN(CC)CCc1nc(no1)-c1ccccc1","IDCHQQSVJAAUQQ-UHFFFAOYSA-N, IDCHQQSVJAAUQQ-UHFFFAOYSA-N",Launched
oxolinic-acid,bacterial DNA gyrase inhibitor,,,,"MicroSource, MedChemEx, MedChemEx",95.97,"CCn1cc(C(O)=O)c(=O)c2cc3OCOc3cc12, CCn1cc(C(O)=O)c(=O)c2cc3OCOc3cc12, CCn1cc(C(O)=O)c(=O)c2cc3OCOc3cc12","KYGZCKSPAKDVKC-UHFFFAOYSA-N, KYGZCKSPAKDVKC-UHFFFAOYSA-N, KYGZCKSPAKDVKC-UHFFFAOYSA-N",Preclinical
oxonic-acid,uricase inhibitor,,,,"Sigma, AKSci",0,"OC(=O)c1nc(=O)[nH]c(=O)[nH]1, OC(=O)c1nc(=O)[nH]c(=O)[nH]1","RYYCJUAHISIHTL-UHFFFAOYSA-N, RYYCJUAHISIHTL-UHFFFAOYSA-N",Preclinical
oxotremorine-M,acetylcholine receptor agonist,"CHRM1, CHRM2, CHRM3, CHRM4",,,"Tocris, Tocris, Tocris, Tocris",97.4,"C[N+](C)(C)CC#CCN1CCCC1=O, C[N+](C)(C)CC#CCN1CCCC1=O, C[N+](C)(C)CC#CCN1CCCC1=O, C[N+](C)(C)CC#CCN1CCCC1=O","CANZROMYQDHYHR-UHFFFAOYSA-N, CANZROMYQDHYHR-UHFFFAOYSA-N, CANZROMYQDHYHR-UHFFFAOYSA-N, CANZROMYQDHYHR-UHFFFAOYSA-N",Preclinical
oxotremorine-sesquifumarate,cholinergic receptor agonist,"CHRM1, CHRM2, CHRM3, CHRM4",,,"Tocris, Tocris, Tocris",79.6,"O=C1CCCN1CC#CCN1CCCC1, O=C1CCCN1CC#CCN1CCCC1, O=C1CCCN1CC#CCN1CCCC1","RSDOPYMFZBJHRL-UHFFFAOYSA-N, RSDOPYMFZBJHRL-UHFFFAOYSA-N, RSDOPYMFZBJHRL-UHFFFAOYSA-N",Preclinical
oxprenolol,adrenergic receptor antagonist,ADRB1,cardiology,"angina pectoris, hypertension, cardiac arrythmia","Selleck, Selleck",95.83,"CC(C)NC[C@@H](O)COc1ccccc1OCC=C |&1:5|, CC(C)NC[C@@H](O)COc1ccccc1OCC=C |&1:5|","CEMAWMOMDPGJMB-CYBMUJFWSA-N, CEMAWMOMDPGJMB-CYBMUJFWSA-N",Launched
oxybenzone,lipase inhibitor,LIPE,dermatology,sunscreen lotion,"MedChemEx, MicroSource",98.47,"COc1ccc(C(=O)c2ccccc2)c(O)c1, COc1ccc(C(=O)c2ccccc2)c(O)c1","DXGLGDHPHMLXJC-UHFFFAOYSA-N, DXGLGDHPHMLXJC-UHFFFAOYSA-N",Launched
oxybuprocaine,local anesthetic,SCN10A,neurology/psychiatry,local anesthetic,"MicroSource, Selleck, Selleck, Selleck, Selleck",96.85,"CCCCOc1cc(ccc1N)C(=O)OCCN(CC)CC, CCCCOc1cc(ccc1N)C(=O)OCCN(CC)CC, CCCCOc1cc(ccc1N)C(=O)OCCN(CC)CC, CCCCOc1cc(ccc1N)C(=O)OCCN(CC)CC, CCCCOc1cc(ccc1N)C(=O)OCCN(CC)CC","CMHHMUWAYWTMGS-UHFFFAOYSA-N, CMHHMUWAYWTMGS-UHFFFAOYSA-N, CMHHMUWAYWTMGS-UHFFFAOYSA-N, CMHHMUWAYWTMGS-UHFFFAOYSA-N, CMHHMUWAYWTMGS-UHFFFAOYSA-N",Launched
oxybutynin,acetylcholine receptor antagonist,"CHRM1, CHRM2, CHRM3",urology,urinary incontinence,"MedChemEx, Selleck",95.68,"CCN(CC)CC#CCOC(=O)[C@@](O)(C1CCCCC1)c1ccccc1 |&1:12,r|, CCN(CC)CC#CCOC(=O)[C@@](O)(C1CCCCC1)c1ccccc1 |&1:12,r|","XIQVNETUBQGFHX-QFIPXVFZSA-N, XIQVNETUBQGFHX-QFIPXVFZSA-N",Launched
oxyclozanide,,,infectious disease,fascioliasis,"MicroSource, MicroSource, MicroSource, MicroSource, MicroSource",95.9,"Oc1c(Cl)cc(Cl)cc1NC(=O)c1c(O)c(Cl)cc(Cl)c1Cl, Oc1c(Cl)cc(Cl)cc1NC(=O)c1c(O)c(Cl)cc(Cl)c1Cl, Oc1c(Cl)cc(Cl)cc1NC(=O)c1c(O)c(Cl)cc(Cl)c1Cl, Oc1c(Cl)cc(Cl)cc1NC(=O)c1c(O)c(Cl)cc(Cl)c1Cl, Oc1c(Cl)cc(Cl)cc1NC(=O)c1c(O)c(Cl)cc(Cl)c1Cl","JYWIYHUXVMAGLG-UHFFFAOYSA-N, JYWIYHUXVMAGLG-UHFFFAOYSA-N, JYWIYHUXVMAGLG-UHFFFAOYSA-N, JYWIYHUXVMAGLG-UHFFFAOYSA-N, JYWIYHUXVMAGLG-UHFFFAOYSA-N",Launched
oxyfedrine,adrenergic receptor agonist,,cardiology,angina pectoris,"Kemprotec, Kemprotec",94.49,"COc1cccc(c1)C(=O)CCN[C@@H](C)[C@H](O)c1ccccc1, COc1cccc(c1)C(=O)CCN[C@@H](C)[C@H](O)c1ccccc1","GDYUVHBMFVMBAF-LIRRHRJNSA-N, GDYUVHBMFVMBAF-LIRRHRJNSA-N",Launched
oxymatrine,,,,,MedChemEx,91.85,[H][C@]12CCC[N@@+]3([O-])CCC[C@]([H])([C@@]4([H])CCCC(=O)N4C1)[C@]23[H],XVPBINOPNYFXID-JARXUMMXSA-N,Launched
oxymetazoline,adrenergic receptor agonist,"ADRA1A, ADRA1B, ADRA1D, ADRA2A, ADRA2B, ADRA2C, HTR1B, HTR1D, HTR2C",otolaryngology,nasal congestion,"Tocris, MicroSource, Selleck",99.39,"Cc1cc(c(O)c(C)c1CC1=NCCN1)C(C)(C)C |t:11|, Cc1cc(c(O)c(C)c1CC1=NCCN1)C(C)(C)C |t:11|, Cc1cc(c(O)c(C)c1CC1=NCCN1)C(C)(C)C |t:11|","WYWIFABBXFUGLM-UHFFFAOYSA-N, WYWIFABBXFUGLM-UHFFFAOYSA-N, WYWIFABBXFUGLM-UHFFFAOYSA-N",Launched
oxyphenbutazone,cyclooxygenase inhibitor,,,,MicroSource,69.64,CCCC[C@H]1C(=O)N(N(C1=O)c1ccc(O)cc1)c1ccccc1 |r|,HFHZKZSRXITVMK-KRWDZBQOSA-N,Withdrawn
oxyphencyclimine,cholinergic receptor antagonist,,gastroenterology,peptic ulcer disease (PUD),"MicroSource, MicroSource",97.02,"CN1CCCN=C1COC(=O)[C@@](O)(C1CCCCC1)c1ccccc1 |&1:11,c:5|, CN1CCCN=C1COC(=O)[C@@](O)(C1CCCCC1)c1ccccc1 |&1:11,c:5|","DUDKAZCAISNGQN-FQEVSTJZSA-N, DUDKAZCAISNGQN-FQEVSTJZSA-N",Launched
oxyphenonium,cholinergic receptor antagonist,"CHRM1, CHRM3",gastroenterology,peptic ulcer disease (PUD),MicroSource,92.38,CC[N+](C)(CC)CCOC(=O)C(O)(C1CCCCC1)c1ccccc1,GFRUPHOKLBPHTQ-UHFFFAOYSA-N,Launched
oxypurinol,xanthine oxidase inhibitor,XDH,,,"AlfaAesar, AlfaAesar",95,"O=c1nc2[nH][nH]cc2c(=O)[nH]1, O=c1nc2[nH][nH]cc2c(=O)[nH]1","HXNFUBHNUDHIGC-UHFFFAOYSA-N, HXNFUBHNUDHIGC-UHFFFAOYSA-N",Phase 2/Phase 3
oxyquinoline,chelating agent,METAP2,dermatology,cosmetic,"MicroSource, MicroSource, MicroSource, MicroSource",97.72,"Oc1cccc2cccnc12, Oc1cccc2cccnc12, Oc1cccc2cccnc12, Oc1cccc2cccnc12","MCJGNVYPOGVAJF-UHFFFAOYSA-N, MCJGNVYPOGVAJF-UHFFFAOYSA-N, MCJGNVYPOGVAJF-UHFFFAOYSA-N, MCJGNVYPOGVAJF-UHFFFAOYSA-N",Launched
oxytetracycline,bacterial 30S ribosomal subunit inhibitor,,"infectious disease, urology","chlamydia, urinary tract infections, skin infections, ear infections, gonorrhea, urethritis, Lyme disease","MedChemEx, Selleck, Selleck, Selleck",0,"CN(C)[C@H]1[C@@H]2[C@@H](O)[C@H]3C(=C(O)[C@]2(O)C(O)=C(C(N)=O)C1=O)C(=O)c1c(O)cccc1[C@@]3(C)O |a:3,4,5,7,11,30,&1:8,&2:15,t:8,15|, CN(C)[C@H]1[C@@H]2[C@@H](O)[C@H]3C(=C(O)[C@]2(O)C(O)=C(C(N)=O)C1=O)C(=O)c1c(O)cccc1[C@@]3(C)O |a:3,4,5,7,11,30,&1:8,&2:15,t:8,15|, CN(C)[C@H]1[C@@H]2[C@@H](O)[C@H]3C(=C(O)[C@]2(O)C(O)=C(C(N)=O)C1=O)C(=O)c1c(O)cccc1[C@@]3(C)O |a:3,4,5,7,11,30,&1:8,&2:15,t:8,15|, CN(C)[C@H]1[C@@H]2[C@@H](O)[C@H]3C(=C(O)[C@]2(O)C(O)=C(C(N)=O)C1=O)C(=O)c1c(O)cccc1[C@@]3(C)O |a:3,4,5,7,11,30,&1:8,&2:15,t:8,15|","KTUXFHGUHYRDNF-PXOLEDIWSA-N, KTUXFHGUHYRDNF-PXOLEDIWSA-N, KTUXFHGUHYRDNF-PXOLEDIWSA-N, KTUXFHGUHYRDNF-PXOLEDIWSA-N",Launched
oxytocin,oxytocin receptor agonist,"AVPR1A, AVPR1B, AVPR2, OXTR",obstetrics/gynecology,labor induction,"Sigma, MedChemEx",84.04,"CC[C@H](C)[C@@H]1NC(=O)[C@H](Cc2ccc(O)cc2)NC(=O)[C@@H](N)CSSC[C@H](NC(=O)[C@H](CC(N)=O)NC(=O)[C@H](CCC(N)=O)NC1=O)C(=O)N1CCC[C@H]1C(=O)N[C@@H](CC(C)C)C(=O)NCC(N)=O, CC[C@H](C)[C@@H]1NC(=O)[C@H](Cc2ccc(O)cc2)NC(=O)[C@@H](N)CSSC[C@H](NC(=O)[C@H](CC(N)=O)NC(=O)[C@H](CCC(N)=O)NC1=O)C(=O)N1CCC[C@H]1C(=O)N[C@@H](CC(C)C)C(=O)NCC(N)=O","XNOPRXBHLZRZKH-LGMJNFKNSA-N, XNOPRXBHLZRZKH-LGMJNFKNSA-N",Launched
ozagrel,thromboxane synthase inhibitor,TBXAS1,neurology/psychiatry,stroke,"Tocris, Selleck, Selleck, Selleck, Tocris",97.74,"OC(=O)\C=C\c1ccc(Cn2ccnc2)cc1, OC(=O)\C=C\c1ccc(Cn2ccnc2)cc1, OC(=O)\C=C\c1ccc(Cn2ccnc2)cc1, OC(=O)\C=C\c1ccc(Cn2ccnc2)cc1, OC(=O)\C=C\c1ccc(Cn2ccnc2)cc1","SHZKQBHERIJWAO-AATRIKPKSA-N, SHZKQBHERIJWAO-AATRIKPKSA-N, SHZKQBHERIJWAO-AATRIKPKSA-N, SHZKQBHERIJWAO-AATRIKPKSA-N, SHZKQBHERIJWAO-AATRIKPKSA-N",Launched
ozanimod,sphingosine 1-phosphate receptor agonist,S1PR1,,,MedChemEx,98.03,CC(C)Oc1ccc(cc1C#N)-c1nc(no1)-c1cccc2[C@H](CCc12)NCCO,XRVDGNKRPOAQTN-FQEVSTJZSA-N,Phase 3
ozenoxacin,antiinfective drug,,,,MedChemEx,97.14,CNc1ncc(cc1C)-c1ccc2c(c1C)n(cc(C(O)=O)c2=O)C1CC1,XPIJWUTXQAGSLK-UHFFFAOYSA-N,Phase 3
ozolinone,diuretic,,,,Sigma,78.8,"CN1C(=O)[C@@H](S\C1=C/C(O)=O)N1CCCCC1 |&1:4,r|",NQFBZYYUAFJYNS-SKVAFPRGSA-N,Phase 3
O4I1,Oct inducer,POU5F1,,,"Tocris, Tocris",0,"COc1ccc(COc2ccc(CC#N)cc2)cc1, COc1ccc(COc2ccc(CC#N)cc2)cc1","QJEJLARVLKHYFW-UHFFFAOYSA-N, QJEJLARVLKHYFW-UHFFFAOYSA-N",Preclinical
O6-benzylguanine,O6-alkylguanine-DNA alkyltransferase inhibitor,MGMT,,,"CombiBlocks, CombiBlocks, CombiBlocks",98.19,"Nc1nc(OCc2ccccc2)c2[nH]cnc2n1, Nc1nc(OCc2ccccc2)c2[nH]cnc2n1, Nc1nc(OCc2ccccc2)c2[nH]cnc2n1","KRWMERLEINMZFT-UHFFFAOYSA-N, KRWMERLEINMZFT-UHFFFAOYSA-N, KRWMERLEINMZFT-UHFFFAOYSA-N",Phase 3
p-dimethylinamyl-benzoate,,,,,"Enamine, Enamine",65.76,"CCCCCOC(=O)c1ccc(cc1)N(C)C, CCCCCOC(=O)c1ccc(cc1)N(C)C","LXTZRIBXKVRLOA-UHFFFAOYSA-N, LXTZRIBXKVRLOA-UHFFFAOYSA-N",Preclinical
PA-452,retinoid receptor antagonist,RXRA,,,"Tocris, Tocris, Tocris, Tocris",97.5,"CCCCCCOc1cc2c(cc1N(C)c1ncc(cn1)C(O)=O)C(C)(C)CCC2(C)C, CCCCCCOc1cc2c(cc1N(C)c1ncc(cn1)C(O)=O)C(C)(C)CCC2(C)C, CCCCCCOc1cc2c(cc1N(C)c1ncc(cn1)C(O)=O)C(C)(C)CCC2(C)C, CCCCCCOc1cc2c(cc1N(C)c1ncc(cn1)C(O)=O)C(C)(C)CCC2(C)C","JJUUTJCZMGZJDZ-UHFFFAOYSA-N, JJUUTJCZMGZJDZ-UHFFFAOYSA-N, JJUUTJCZMGZJDZ-UHFFFAOYSA-N, JJUUTJCZMGZJDZ-UHFFFAOYSA-N",Preclinical
PAC-1,caspase activator,CASP3,,,"Tocris, Tocris, Tocris, Tocris, Tocris, Tocris, Tocris, Tocris, Selleck, Selleck, Selleck",96.88,"Oc1c(CC=C)cccc1\C=N\NC(=O)CN1CCN(Cc2ccccc2)CC1, Oc1c(CC=C)cccc1\C=N\NC(=O)CN1CCN(Cc2ccccc2)CC1, Oc1c(CC=C)cccc1\C=N\NC(=O)CN1CCN(Cc2ccccc2)CC1, Oc1c(CC=C)cccc1\C=N\NC(=O)CN1CCN(Cc2ccccc2)CC1, Oc1c(CC=C)cccc1\C=N\NC(=O)CN1CCN(Cc2ccccc2)CC1, Oc1c(CC=C)cccc1\C=N\NC(=O)CN1CCN(Cc2ccccc2)CC1, Oc1c(CC=C)cccc1\C=N\NC(=O)CN1CCN(Cc2ccccc2)CC1, Oc1c(CC=C)cccc1\C=N\NC(=O)CN1CCN(Cc2ccccc2)CC1, Oc1c(CC=C)cccc1\C=N\NC(=O)CN1CCN(Cc2ccccc2)CC1, Oc1c(CC=C)cccc1\C=N\NC(=O)CN1CCN(Cc2ccccc2)CC1, Oc1c(CC=C)cccc1\C=N\NC(=O)CN1CCN(Cc2ccccc2)CC1","YQNRVGJCPCNMKT-LFVJCYFKSA-N, YQNRVGJCPCNMKT-LFVJCYFKSA-N, YQNRVGJCPCNMKT-LFVJCYFKSA-N, YQNRVGJCPCNMKT-LFVJCYFKSA-N, YQNRVGJCPCNMKT-LFVJCYFKSA-N, YQNRVGJCPCNMKT-LFVJCYFKSA-N, YQNRVGJCPCNMKT-LFVJCYFKSA-N, YQNRVGJCPCNMKT-LFVJCYFKSA-N, YQNRVGJCPCNMKT-LFVJCYFKSA-N, YQNRVGJCPCNMKT-LFVJCYFKSA-N, YQNRVGJCPCNMKT-LFVJCYFKSA-N",Phase 1
paclitaxel,tubulin polymerization inhibitor,"BCL2, MAP2, MAP4, MAPT, NR1I2, TLR4, TUBA1A, TUBA1B, TUBA1C, TUBA3C, TUBA3D, TUBA3E, TUBA4A, TUBB, TUBB1, TUBB2A, TUBB2B, TUBB3, TUBB4A, TUBB4B, TUBB6, TUBB8",oncology,"ovarian cancer, breast cancer, non-small cell lung cancer (NSCLC)","Tocris, MicroSource, MicroSource, Selleck, Selleck, Selleck, Selleck, Tocris, Tocris",98.1,"CC(=O)O[C@@H]1C2=C(C)[C@H](C[C@@](O)([C@@H](OC(=O)c3ccccc3)[C@@H]3[C@@]4(CO[C@@H]4C[C@H](O)[C@@]3(C)C1=O)OC(C)=O)C2(C)C)OC(=O)[C@H](O)[C@@H](NC(=O)c1ccccc1)c1ccccc1 |c:5|, CC(=O)O[C@@H]1C2=C(C)[C@H](C[C@@](O)([C@@H](OC(=O)c3ccccc3)[C@@H]3[C@@]4(CO[C@@H]4C[C@H](O)[C@@]3(C)C1=O)OC(C)=O)C2(C)C)OC(=O)[C@H](O)[C@@H](NC(=O)c1ccccc1)c1ccccc1 |c:5|, CC(=O)O[C@@H]1C2=C(C)[C@H](C[C@@](O)([C@@H](OC(=O)c3ccccc3)[C@@H]3[C@@]4(CO[C@@H]4C[C@H](O)[C@@]3(C)C1=O)OC(C)=O)C2(C)C)OC(=O)[C@H](O)[C@@H](NC(=O)c1ccccc1)c1ccccc1 |c:5|, CC(=O)O[C@@H]1C2=C(C)[C@H](C[C@@](O)([C@@H](OC(=O)c3ccccc3)[C@@H]3[C@@]4(CO[C@@H]4C[C@H](O)[C@@]3(C)C1=O)OC(C)=O)C2(C)C)OC(=O)[C@H](O)[C@@H](NC(=O)c1ccccc1)c1ccccc1 |c:5|, CC(=O)O[C@@H]1C2=C(C)[C@H](C[C@@](O)([C@@H](OC(=O)c3ccccc3)[C@@H]3[C@@]4(CO[C@@H]4C[C@H](O)[C@@]3(C)C1=O)OC(C)=O)C2(C)C)OC(=O)[C@H](O)[C@@H](NC(=O)c1ccccc1)c1ccccc1 |c:5|, CC(=O)O[C@@H]1C2=C(C)[C@H](C[C@@](O)([C@@H](OC(=O)c3ccccc3)[C@@H]3[C@@]4(CO[C@@H]4C[C@H](O)[C@@]3(C)C1=O)OC(C)=O)C2(C)C)OC(=O)[C@H](O)[C@@H](NC(=O)c1ccccc1)c1ccccc1 |c:5|, CC(=O)O[C@@H]1C2=C(C)[C@H](C[C@@](O)([C@@H](OC(=O)c3ccccc3)[C@@H]3[C@@]4(CO[C@@H]4C[C@H](O)[C@@]3(C)C1=O)OC(C)=O)C2(C)C)OC(=O)[C@H](O)[C@@H](NC(=O)c1ccccc1)c1ccccc1 |c:5|, CC(=O)O[C@@H]1C2=C(C)[C@H](C[C@@](O)([C@@H](OC(=O)c3ccccc3)[C@@H]3[C@@]4(CO[C@@H]4C[C@H](O)[C@@]3(C)C1=O)OC(C)=O)C2(C)C)OC(=O)[C@H](O)[C@@H](NC(=O)c1ccccc1)c1ccccc1 |c:5|, CC(=O)O[C@@H]1C2=C(C)[C@H](C[C@@](O)([C@@H](OC(=O)c3ccccc3)[C@@H]3[C@@]4(CO[C@@H]4C[C@H](O)[C@@]3(C)C1=O)OC(C)=O)C2(C)C)OC(=O)[C@H](O)[C@@H](NC(=O)c1ccccc1)c1ccccc1 |c:5|","RCINICONZNJXQF-MZXODVADSA-N, RCINICONZNJXQF-MZXODVADSA-N, RCINICONZNJXQF-MZXODVADSA-N, RCINICONZNJXQF-MZXODVADSA-N, RCINICONZNJXQF-MZXODVADSA-N, RCINICONZNJXQF-MZXODVADSA-N, RCINICONZNJXQF-MZXODVADSA-N, RCINICONZNJXQF-MZXODVADSA-N, RCINICONZNJXQF-MZXODVADSA-N",Launched
PACOCF3,phospholipase inhibitor,PLA2G4A,,,"Tocris, Tocris, Tocris",43.01,"CCCCCCCCCCCCCCCC(=O)C(F)(F)F, CCCCCCCCCCCCCCCC(=O)C(F)(F)F, CCCCCCCCCCCCCCCC(=O)C(F)(F)F","MAHYXYTYTLCTQD-UHFFFAOYSA-N, MAHYXYTYTLCTQD-UHFFFAOYSA-N, MAHYXYTYTLCTQD-UHFFFAOYSA-N",Preclinical
pacritinib,"FLT3 inhibitor, JAK inhibitor","FLT3, JAK1, JAK2, JAK3",,,"MedChemEx, MedChemEx, MedChemEx, MedChemEx, Selleck, Selleck, Selleck",91.11,"C(CN1CCCC1)Oc1ccc2Nc3nccc(n3)-c3cccc(COC\C=C\COCc1c2)c3 |t:29|, C(CN1CCCC1)Oc1ccc2Nc3nccc(n3)-c3cccc(COC\C=C\COCc1c2)c3 |t:29|, C(CN1CCCC1)Oc1ccc2Nc3nccc(n3)-c3cccc(COC\C=C\COCc1c2)c3 |t:29|, C(CN1CCCC1)Oc1ccc2Nc3nccc(n3)-c3cccc(COC\C=C\COCc1c2)c3 |t:29|, C(CN1CCCC1)Oc1ccc2Nc3nccc(n3)-c3cccc(COC\C=C\COCc1c2)c3 |t:29|, C(CN1CCCC1)Oc1ccc2Nc3nccc(n3)-c3cccc(COC\C=C\COCc1c2)c3 |t:29|, C(CN1CCCC1)Oc1ccc2Nc3nccc(n3)-c3cccc(COC\C=C\COCc1c2)c3 |t:29|","HWXVIOGONBBTBY-ONEGZZNKSA-N, HWXVIOGONBBTBY-ONEGZZNKSA-N, HWXVIOGONBBTBY-ONEGZZNKSA-N, HWXVIOGONBBTBY-ONEGZZNKSA-N, HWXVIOGONBBTBY-ONEGZZNKSA-N, HWXVIOGONBBTBY-ONEGZZNKSA-N, HWXVIOGONBBTBY-ONEGZZNKSA-N",Phase 3
padsevonil,antiepileptic,,,,MedChemEx,88.29,COCc1nn2c(CN3C[C@@H](CC(F)(F)Cl)CC3=O)c(nc2s1)C(F)(F)F,DCXFIOLWWRXEQH-SSDOTTSWSA-N,Phase 3
paeoniflorin,anticonvulsant,,,,"MedChemEx, Selleck, Selleck",92.42,"C[C@@]12C[C@@]3(O)O[C@@H](O1)[C@]1(COC(=O)c4ccccc4)[C@H]3C[C@]21O[C@@H]1O[C@H](CO)[C@@H](O)[C@H](O)[C@H]1O, C[C@@]12C[C@@]3(O)O[C@@H](O1)[C@]1(COC(=O)c4ccccc4)[C@H]3C[C@]21O[C@@H]1O[C@H](CO)[C@@H](O)[C@H](O)[C@H]1O, C[C@@]12C[C@@]3(O)O[C@@H](O1)[C@]1(COC(=O)c4ccccc4)[C@H]3C[C@]21O[C@@H]1O[C@H](CO)[C@@H](O)[C@H](O)[C@H]1O","YKRGDOXKVOZESV-WRJNSLSBSA-N, YKRGDOXKVOZESV-WRJNSLSBSA-N, YKRGDOXKVOZESV-WRJNSLSBSA-N",Preclinical
paeonol,anti-inflammatory agent,,,,"MedChemEx, Selleck",94.76,"COc1ccc(C(C)=O)c(O)c1, COc1ccc(C(C)=O)c(O)c1","UILPJVPSNHJFIK-UHFFFAOYSA-N, UILPJVPSNHJFIK-UHFFFAOYSA-N",Preclinical
pafuramidine,DNA synthesis inhibitor,,,,"MedChemEx, MedChemEx",96.24,"CON=C(N)c1ccc(cc1)-c1ccc(o1)-c1ccc(cc1)C(N)=NOC, CON=C(N)c1ccc(cc1)-c1ccc(o1)-c1ccc(cc1)C(N)=NOC","UKOQVLAXCBRRGH-UHFFFAOYSA-N, UKOQVLAXCBRRGH-UHFFFAOYSA-N",Phase 3
pagoclone,GABA receptor agonist,,,,MedChemEx,89.95,"CC(C)CCC(=O)C[C@@H]1N(C(=O)c2ccccc12)c1ccc2ccc(Cl)nc2n1 |&1:8,r|",HIUPRQPBWVEQJJ-IBGZPJMESA-N,Phase 2/Phase 3
palbociclib,CDK inhibitor,"CDK4, CDK6",oncology,breast cancer,"Selleck, Selleck, Selleck, Selleck, Selleck, Selleck, Selleck, Selleck, Selleck",94.04,"CC(=O)c1c(C)c2cnc(Nc3ccc(cn3)N3CCNCC3)nc2n(C2CCCC2)c1=O, CC(=O)c1c(C)c2cnc(Nc3ccc(cn3)N3CCNCC3)nc2n(C2CCCC2)c1=O, CC(=O)c1c(C)c2cnc(Nc3ccc(cn3)N3CCNCC3)nc2n(C2CCCC2)c1=O, CC(=O)c1c(C)c2cnc(Nc3ccc(cn3)N3CCNCC3)nc2n(C2CCCC2)c1=O, CC(=O)c1c(C)c2cnc(Nc3ccc(cn3)N3CCNCC3)nc2n(C2CCCC2)c1=O, CC(=O)c1c(C)c2cnc(Nc3ccc(cn3)N3CCNCC3)nc2n(C2CCCC2)c1=O, CC(=O)c1c(C)c2cnc(Nc3ccc(cn3)N3CCNCC3)nc2n(C2CCCC2)c1=O, CC(=O)c1c(C)c2cnc(Nc3ccc(cn3)N3CCNCC3)nc2n(C2CCCC2)c1=O, CC(=O)c1c(C)c2cnc(Nc3ccc(cn3)N3CCNCC3)nc2n(C2CCCC2)c1=O","AHJRHEGDXFFMBM-UHFFFAOYSA-N, AHJRHEGDXFFMBM-UHFFFAOYSA-N, AHJRHEGDXFFMBM-UHFFFAOYSA-N, AHJRHEGDXFFMBM-UHFFFAOYSA-N, AHJRHEGDXFFMBM-UHFFFAOYSA-N, AHJRHEGDXFFMBM-UHFFFAOYSA-N, AHJRHEGDXFFMBM-UHFFFAOYSA-N, InChI=1S/C24H29N7O2/c1-15-19-14-27-24(28-20-8-7-18(13-26-20)30-11-9-25-10-12-30)29-22(19)31(17-5-3-4-6-17)23(33)21(15)16(2)32/h7-8,13-14,17,25H,3-6,9-12H2,1-2H3,(H,26,27,28,29), InChI=1S/C24H29N7O2/c1-15-19-14-27-24(28-20-8-7-18(13-26-20)30-11-9-25-10-12-30)29-22(19)31(17-5-3-4-6-17)23(33)21(15)16(2)32/h7-8,13-14,17,25H,3-6,9-12H2,1-2H3,(H,26,27,28,29)",Launched
palifosfamide,DNA alkylating agent,,,,"MedChemEx, MedChemEx",0,"OP(=O)(NCCCl)NCCCl, OP(=O)(NCCCl)NCCCl","BKCJZNIZRWYHBN-UHFFFAOYSA-N, BKCJZNIZRWYHBN-UHFFFAOYSA-N",Phase 3
paliperidone,"dopamine receptor antagonist, serotonin receptor antagonist","DRD2, HTR2A",neurology/psychiatry,schizophrenia,"Tocris, MicroSource, Selleck, Selleck",96.4,"Cc1nc2[C@@H](O)CCCn2c(=O)c1CCN1CCC(CC1)c1noc2cc(F)ccc12 |&1:4,r|, Cc1nc2[C@@H](O)CCCn2c(=O)c1CCN1CCC(CC1)c1noc2cc(F)ccc12 |&1:4,r|, Cc1nc2[C@@H](O)CCCn2c(=O)c1CCN1CCC(CC1)c1noc2cc(F)ccc12 |&1:4,r|, Cc1nc2[C@@H](O)CCCn2c(=O)c1CCN1CCC(CC1)c1noc2cc(F)ccc12 |&1:4,r|","PMXMIIMHBWHSKN-IBGZPJMESA-N, PMXMIIMHBWHSKN-IBGZPJMESA-N, PMXMIIMHBWHSKN-IBGZPJMESA-N, PMXMIIMHBWHSKN-IBGZPJMESA-N",Launched
palmatine-chloride,dopamine synthesis inhibitor,CYP3A4,,,"MedChemEx, Selleck, Selleck",95.74,"COc1cc2CC[n+]3cc4c(OC)c(OC)ccc4cc3-c2cc1OC, COc1cc2CC[n+]3cc4c(OC)c(OC)ccc4cc3-c2cc1OC, COc1cc2CC[n+]3cc4c(OC)c(OC)ccc4cc3-c2cc1OC","QUCQEUCGKKTEBI-UHFFFAOYSA-N, QUCQEUCGKKTEBI-UHFFFAOYSA-N, QUCQEUCGKKTEBI-UHFFFAOYSA-N",Preclinical
palmitoleic-acid,,,,,"Sigma, Sigma",100,"CCCCCC\C=C/CCCCCCCC(O)=O, CCCCCC\C=C/CCCCCCCC(O)=O","SECPZKHBENQXJG-FPLPWBNLSA-N, SECPZKHBENQXJG-FPLPWBNLSA-N",Preclinical
palmitoylcarnitine,protein kinase inhibitor,,,,"Tocris, Tocris, Tocris",100,"CCCCCCCCCCCCCCCC(=O)O[C@@H](CC(O)=O)C[N+](C)(C)C |&1:18|, CCCCCCCCCCCCCCCC(=O)O[C@@H](CC(O)=O)C[N+](C)(C)C |&1:18|, CCCCCCCCCCCCCCCC(=O)O[C@@H](CC(O)=O)C[N+](C)(C)C |&1:18|","XOMRRQXKHMYMOC-NRFANRHFSA-O, XOMRRQXKHMYMOC-NRFANRHFSA-O, XOMRRQXKHMYMOC-NRFANRHFSA-O",Preclinical
palmitoylethanolamide,cannabinoid receptor agonist,"CNR2, GPR119, GPR55",,,"MicroSource, Tocris",96.53,"CCCCCCCCCCCCCCCC(=O)NCCO, CCCCCCCCCCCCCCCC(=O)NCCO","HXYVTAGFYLMHSO-UHFFFAOYSA-N, HXYVTAGFYLMHSO-UHFFFAOYSA-N",Launched
palomid-529,"AKT inhibitor, mTOR inhibitor",MTOR,,,"MedChemEx, Selleck, Selleck",95.63,"COc1ccc(COc2cc3oc(=O)c4cc(ccc4c3cc2OC)[C@@H](C)O)cc1 |&1:25,r|, COc1ccc(COc2cc3oc(=O)c4cc(ccc4c3cc2OC)[C@@H](C)O)cc1 |&1:25,r|, COc1ccc(COc2cc3oc(=O)c4cc(ccc4c3cc2OC)[C@@H](C)O)cc1 |&1:25,r|","YEAHTLOYHVWAKW-CQSZACIVSA-N, YEAHTLOYHVWAKW-CQSZACIVSA-N, YEAHTLOYHVWAKW-CQSZACIVSA-N",Phase 1
palonosetron,serotonin receptor antagonist,HTR3A,gastroenterology,"nausea, vomiting","MedChemEx, Selleck",97.7,"O=C1N(C[C@H]2CCCc3cccc1c23)[C@@H]1CN2CCC1CC2, O=C1N(C[C@H]2CCCc3cccc1c23)[C@@H]1CN2CCC1CC2","CPZBLNMUGSZIPR-NVXWUHKLSA-N, CPZBLNMUGSZIPR-NVXWUHKLSA-N",Launched
palosuran,urotensin receptor antagonist,UTS2R,,,MedChemEx,98.46,Cc1cc(NC(=O)NCCN2CCC(O)(Cc3ccccc3)CC2)c2ccccc2n1,WYJCYXOCHXWTHG-UHFFFAOYSA-N,Phase 2
palovarotene,retinoid receptor agonist,RARG,,,"MedChemEx, MedChemEx, MedChemEx, MedChemEx, MedChemEx",93.11,"CC1(C)CCC(C)(C)c2cc(\C=C\c3ccc(cc3)C(O)=O)c(Cn3cccn3)cc12, CC1(C)CCC(C)(C)c2cc(\C=C\c3ccc(cc3)C(O)=O)c(Cn3cccn3)cc12, CC1(C)CCC(C)(C)c2cc(\C=C\c3ccc(cc3)C(O)=O)c(Cn3cccn3)cc12, CC1(C)CCC(C)(C)c2cc(\C=C\c3ccc(cc3)C(O)=O)c(Cn3cccn3)cc12, CC1(C)CCC(C)(C)c2cc(\C=C\c3ccc(cc3)C(O)=O)c(Cn3cccn3)cc12","YTFHCXIPDIHOIA-DHZHZOJOSA-N, YTFHCXIPDIHOIA-DHZHZOJOSA-N, YTFHCXIPDIHOIA-DHZHZOJOSA-N, YTFHCXIPDIHOIA-DHZHZOJOSA-N, YTFHCXIPDIHOIA-DHZHZOJOSA-N",Phase 3
pamabrom,diuretic,,gastroenterology,bloating,"MicroSource, Sigma",0,"CC(C)(N)CO.Cn1c2nc(Br)[nH]c2c(=O)n(C)c1=O, CC(C)(N)CO.Cn1c2nc(Br)[nH]c2c(=O)n(C)c1=O","ATOTUUBRFJHZQG-UHFFFAOYSA-N, ATOTUUBRFJHZQG-UHFFFAOYSA-N",Launched
pamidronate,bone resorption inhibitor,FDPS,"endocrinology, oncology, hematologic malignancy","hypercalcemia, Paget's disease, breast cancer, multiple myeloma","Selleck, Selleck",0,"NCCC(O)(P(O)(O)=O)P(O)(O)=O, NCCC(O)(P(O)(O)=O)P(O)(O)=O","WRUUGTRCQOWXEG-UHFFFAOYSA-N, WRUUGTRCQOWXEG-UHFFFAOYSA-N",Launched
pamiparib,PARP inhibitor,,,,MedChemEx,97.75,C[C@]12CCCN1Cc1n[nH]c(=O)c3cc(F)cc4[nH]c2c1c34,DENYZIUJOTUUNY-MRXNPFEDSA-N,Phase 3
pancuronium,acetylcholine receptor antagonist,"CHRM2, CHRM3, CHRNA1, CHRNA2","critical care, neurology/psychiatry","endotracheal intubation, muscle relaxant","Tocris, Selleck, MedChemEx, Selleck",100,"CC(=O)O[C@H]1[C@H](C[C@H]2[C@@H]3CC[C@H]4C[C@H](OC(C)=O)[C@H](C[C@]4(C)[C@H]3CC[C@]12C)[N+]1(C)CCCCC1)[N+]1(C)CCCCC1, CC(=O)O[C@H]1[C@H](C[C@H]2[C@@H]3CC[C@H]4C[C@H](OC(C)=O)[C@H](C[C@]4(C)[C@H]3CC[C@]12C)[N+]1(C)CCCCC1)[N+]1(C)CCCCC1, CC(=O)O[C@H]1[C@H](C[C@H]2[C@@H]3CC[C@H]4C[C@H](OC(C)=O)[C@H](C[C@]4(C)[C@H]3CC[C@]12C)[N+]1(C)CCCCC1)[N+]1(C)CCCCC1, CC(=O)O[C@H]1[C@H](C[C@H]2[C@@H]3CC[C@H]4C[C@H](OC(C)=O)[C@H](C[C@]4(C)[C@H]3CC[C@]12C)[N+]1(C)CCCCC1)[N+]1(C)CCCCC1","GVEAYVLWDAFXET-XGHATYIMSA-N, GVEAYVLWDAFXET-XGHATYIMSA-N, GVEAYVLWDAFXET-XGHATYIMSA-N, GVEAYVLWDAFXET-XGHATYIMSA-N",Launched
panipenem,antibacterial ,,,,Adooq,17.51,C[C@@H](O)[C@@H]1[C@H]2CC(S[C@H]3CCN(C3)C(N)=C)=C(N2C1=O)C(O)=O |c:16|,UIWSCWBHZRPIKR-DLYFRVTGSA-N,Preclinical
panobinostat,HDAC inhibitor,"HDAC1, HDAC2, HDAC3, HDAC4, HDAC6, HDAC7, HDAC8, HDAC9",hematologic malignancy,multiple myeloma,"MedChemEx, MedChemEx, MedChemEx, MedChemEx, Selleck, Selleck, Selleck, Selleck, Selleck, Selleck",91.31,"Cc1[nH]c2ccccc2c1CCNCc1ccc(\C=C\C(=O)NO)cc1, Cc1[nH]c2ccccc2c1CCNCc1ccc(\C=C\C(=O)NO)cc1, Cc1[nH]c2ccccc2c1CCNCc1ccc(\C=C\C(=O)NO)cc1, Cc1[nH]c2ccccc2c1CCNCc1ccc(\C=C\C(=O)NO)cc1, Cc1[nH]c2ccccc2c1CCNCc1ccc(\C=C\C(=O)NO)cc1, Cc1[nH]c2ccccc2c1CCNCc1ccc(\C=C\C(=O)NO)cc1, Cc1[nH]c2ccccc2c1CCNCc1ccc(\C=C\C(=O)NO)cc1, Cc1[nH]c2ccccc2c1CCNCc1ccc(\C=C\C(=O)NO)cc1, Cc1[nH]c2ccccc2c1CCNCc1ccc(\C=C\C(=O)NO)cc1, Cc1[nH]c2ccccc2c1CCNCc1ccc(\C=C\C(=O)NO)cc1","FPOHNWQLNRZRFC-ZHACJKMWSA-N, FPOHNWQLNRZRFC-ZHACJKMWSA-N, FPOHNWQLNRZRFC-ZHACJKMWSA-N, FPOHNWQLNRZRFC-ZHACJKMWSA-N, FPOHNWQLNRZRFC-ZHACJKMWSA-N, FPOHNWQLNRZRFC-ZHACJKMWSA-N, FPOHNWQLNRZRFC-ZHACJKMWSA-N, FPOHNWQLNRZRFC-ZHACJKMWSA-N, FPOHNWQLNRZRFC-ZHACJKMWSA-N, FPOHNWQLNRZRFC-ZHACJKMWSA-N",Launched
pantethine,coenzyme A precursor,,,,"Sigma, MedChemEx, MedChemEx, MedChemEx, MedChemEx",97.01,"CC(C)(CO)[C@@H](O)C(=O)NCCC(=O)NCCSSCCNC(=O)CCNC(=O)[C@H](O)C(C)(C)CO, CC(C)(CO)[C@@H](O)C(=O)NCCC(=O)NCCSSCCNC(=O)CCNC(=O)[C@H](O)C(C)(C)CO, CC(C)(CO)[C@@H](O)C(=O)NCCC(=O)NCCSSCCNC(=O)CCNC(=O)[C@H](O)C(C)(C)CO, CC(C)(CO)[C@@H](O)C(=O)NCCC(=O)NCCSSCCNC(=O)CCNC(=O)[C@H](O)C(C)(C)CO, CC(C)(CO)[C@@H](O)C(=O)NCCC(=O)NCCSSCCNC(=O)CCNC(=O)[C@H](O)C(C)(C)CO","DJWYOLJPSHDSAL-ROUUACIJSA-N, DJWYOLJPSHDSAL-ROUUACIJSA-N, DJWYOLJPSHDSAL-ROUUACIJSA-N, DJWYOLJPSHDSAL-ROUUACIJSA-N, DJWYOLJPSHDSAL-ROUUACIJSA-N",Launched
pantoprazole,ATPase inhibitor,ATP4A,gastroenterology,"gastroesophageal reflux disease (GERD), erosive esophagitis (EE), Zollinger-Ellison syndrome",MedChemEx,98.13,COc1ccnc(C[S@@](=O)c2nc3ccc(OC(F)F)cc3[nH]2)c1OC |&1:8|,IQPSEEYGBUAQFF-AREMUKBSSA-N,Launched
pantothenic-acid,coenzyme A precursor,,,,"MedChemEx, MicroSource, Selleck, Selleck",100,"CC(C)(CO)[C@@H](O)C(=O)NCCC(O)=O, CC(C)(CO)[C@@H](O)C(=O)NCCC(O)=O, CC(C)(CO)[C@@H](O)C(=O)NCCC(O)=O, CC(C)(CO)[C@@H](O)C(=O)NCCC(O)=O","GHOKWGTUZJEAQD-ZETCQYMHSA-N, GHOKWGTUZJEAQD-ZETCQYMHSA-N, GHOKWGTUZJEAQD-ZETCQYMHSA-N, GHOKWGTUZJEAQD-ZETCQYMHSA-N",Launched
PAOPA,dopamine receptor modulator,DRD2,,,"Tocris, Tocris",82.29,"NC(=O)CN1CC[C@@H](NC(=O)[C@@H]2CCCN2)C1=O, NC(=O)CN1CC[C@@H](NC(=O)[C@@H]2CCCN2)C1=O","QXHVGEXNEZRSGG-JGVFFNPUSA-N, QXHVGEXNEZRSGG-JGVFFNPUSA-N",Preclinical
papaverine,phosphodiesterase inhibitor,"PDE10A, PDE4B, PDE5A","cardiology, hematology, gastroenterology","myocardial infarction, angina pectoris, pulmonary embolism (PE), colitis, vascular spasm","MicroSource, MicroSource, MicroSource",99.78,"COc1ccc(Cc2nccc3cc(OC)c(OC)cc23)cc1OC, COc1ccc(Cc2nccc3cc(OC)c(OC)cc23)cc1OC, COc1ccc(Cc2nccc3cc(OC)c(OC)cc23)cc1OC","XQYZDYMELSJDRZ-UHFFFAOYSA-N, XQYZDYMELSJDRZ-UHFFFAOYSA-N, XQYZDYMELSJDRZ-UHFFFAOYSA-N",Launched
paquinimod,S100A9 inhibitor,,,,MedChemEx,72.44,CCN(C(=O)c1c(O)c2c(CC)cccc2n(C)c1=O)c1ccccc1,DIKSYHCCYVYKRO-UHFFFAOYSA-N,Phase 2
para-toluenesulfonamide,,"CA12, CA2, CA6, CA9",,,"MedChemEx, Enamine, Enamine",98.19,"Cc1ccc(cc1)S(N)(=O)=O, Cc1ccc(cc1)S(N)(=O)=O, Cc1ccc(cc1)S(N)(=O)=O","LMYRWZFENFIFIT-UHFFFAOYSA-N, LMYRWZFENFIFIT-UHFFFAOYSA-N, LMYRWZFENFIFIT-UHFFFAOYSA-N",Phase 3
paracetamol,cyclooxygenase inhibitor,"FAAH, PTGS1, PTGS2, TRPV1","neurology/psychiatry, endocrinology","pain relief, fever","Tocris, MicroSource, Tocris, Prestwick, Prestwick, Prestwick, Prestwick",100,"CC(=O)Nc1ccc(O)cc1, CC(=O)Nc1ccc(O)cc1, CC(=O)Nc1ccc(O)cc1, CC(=O)Nc1ccc(O)cc1, CC(=O)Nc1ccc(O)cc1, CC(=O)Nc1ccc(O)cc1, CC(=O)Nc1ccc(O)cc1","RZVAJINKPMORJF-UHFFFAOYSA-N, RZVAJINKPMORJF-UHFFFAOYSA-N, RZVAJINKPMORJF-UHFFFAOYSA-N, InChI=1S/C8H9NO2/c1-6(10)9-7-2-4-8(11)5-3-7/h2-5,11H,1H3,(H,9,10), InChI=1S/C8H9NO2/c1-6(10)9-7-2-4-8(11)5-3-7/h2-5,11H,1H3,(H,9,10), InChI=1S/C8H9NO2/c1-6(10)9-7-2-4-8(11)5-3-7/h2-5,11H,1H3,(H,9,10), InChI=1S/C8H9NO2/c1-6(10)9-7-2-4-8(11)5-3-7/h2-5,11H,1H3,(H,9,10)",Launched
parachlorophenol,antiinfective drug,,infectious disease,first-aid antiseptic,"MedChemEx, MedChemEx, MicroSource, MicroSource",89.27,"Oc1ccc(Cl)cc1, Oc1ccc(Cl)cc1, Oc1ccc(Cl)cc1, Oc1ccc(Cl)cc1","WXNZTHHGJRFXKQ-UHFFFAOYSA-N, WXNZTHHGJRFXKQ-UHFFFAOYSA-N, WXNZTHHGJRFXKQ-UHFFFAOYSA-N, WXNZTHHGJRFXKQ-UHFFFAOYSA-N",Launched
paramethadione,anticonvulsant,CACNA1G,neurology/psychiatry,seizures,"MicroSource, Enamine",15,"CC[C@@]1(C)OC(=O)N(C)C1=O |&1:2,r|, CC[C@@]1(C)OC(=O)N(C)C1=O |&1:2,r|","VQASKUSHBVDKGU-SSDOTTSWSA-N, VQASKUSHBVDKGU-SSDOTTSWSA-N",Launched
paraxanthine,adenosine receptor antagonist,,,,"Enzo, Enzo, Sigma",97.98,"Cn1cnc2[nH]c(=O)n(C)c(=O)c12, Cn1cnc2[nH]c(=O)n(C)c(=O)c12, Cn1cnc2[nH]c(=O)n(C)c(=O)c12","QUNWUDVFRNGTCO-UHFFFAOYSA-N, QUNWUDVFRNGTCO-UHFFFAOYSA-N, QUNWUDVFRNGTCO-UHFFFAOYSA-N",Phase 1
parbendazole,tubulin polymerization inhibitor,TUBB,,,"Prestwick, Prestwick, Prestwick",98.82,"CCCCc1ccc2nc(NC(=O)OC)[nH]c2c1, CCCCc1ccc2nc(NC(=O)OC)[nH]c2c1, CCCCc1ccc2nc(NC(=O)OC)[nH]c2c1","YRWLZFXJFBZBEY-UHFFFAOYSA-N, YRWLZFXJFBZBEY-UHFFFAOYSA-N, YRWLZFXJFBZBEY-UHFFFAOYSA-N",Preclinical
parcetasal,anti-inflammatory agent,,,,MedChemEx,95.17,"CC(=O)Nc1ccc(O[C@]2(C)OC(=O)c3ccccc3O2)cc1 |&1:9,r|",ZAPRLADYRFPQSH-KRWDZBQOSA-N,Preclinical
pardoprunox,"dopamine receptor agonist, serotonin receptor agonist","DRD2, DRD3, DRD4, HTR1A, HTR7",,,"MedChemEx, MedChemEx, MedChemEx",96.94,"CN1CCN(CC1)c1cccc2[nH]c(=O)oc12, CN1CCN(CC1)c1cccc2[nH]c(=O)oc12, CN1CCN(CC1)c1cccc2[nH]c(=O)oc12","YVPUUUDAZYFFQT-UHFFFAOYSA-N, YVPUUUDAZYFFQT-UHFFFAOYSA-N, YVPUUUDAZYFFQT-UHFFFAOYSA-N",Phase 3
parecoxib,cyclooxygenase inhibitor,LTF,neurology/psychiatry,pain relief,"MedChemEx, MedChemEx, MedChemEx",99.02,"CCC(=O)NS(=O)(=O)c1ccc(cc1)-c1c(C)onc1-c1ccccc1, CCC(=O)NS(=O)(=O)c1ccc(cc1)-c1c(C)onc1-c1ccccc1, CCC(=O)NS(=O)(=O)c1ccc(cc1)-c1c(C)onc1-c1ccccc1","TZRHLKRLEZJVIJ-UHFFFAOYSA-N, TZRHLKRLEZJVIJ-UHFFFAOYSA-N, TZRHLKRLEZJVIJ-UHFFFAOYSA-N",Launched
parethoxycaine,local anesthetic,,,,ChemBridge,91.8,CCOc1ccc(cc1)C(=O)OCCN(CC)CC,OWWVHQUOYSPNNE-UHFFFAOYSA-N,Preclinical
pargyline,monoamine oxidase inhibitor,"MAOA, MAOB",cardiology,hypertension,"MedChemEx, MicroSource",99.36,"CN(CC#C)Cc1ccccc1, CN(CC#C)Cc1ccccc1","DPWPWRLQFGFJFI-UHFFFAOYSA-N, DPWPWRLQFGFJFI-UHFFFAOYSA-N",Launched
paricalcitol,vitamin D receptor agonist,VDR,"nephrology, endocrinology","chronic kidney disease (CKD), hyperthyroidism","MedChemEx, MedChemEx, MedChemEx, MedChemEx",98.6,"C[C@H](\C=C\[C@H](C)C(C)(C)O)[C@H]1CC[C@H]2\C(CCC[C@]12C)=C\C=C1C[C@@H](O)C[C@H](O)C1, C[C@H](\C=C\[C@H](C)C(C)(C)O)[C@H]1CC[C@H]2\C(CCC[C@]12C)=C\C=C1C[C@@H](O)C[C@H](O)C1, C[C@H](\C=C\[C@H](C)C(C)(C)O)[C@H]1CC[C@H]2\C(CCC[C@]12C)=C\C=C1C[C@@H](O)C[C@H](O)C1, C[C@H](\C=C\[C@H](C)C(C)(C)O)[C@H]1CC[C@H]2\C(CCC[C@]12C)=C\C=C1C[C@@H](O)C[C@H](O)C1","BPKAHTKRCLCHEA-UBFJEZKGSA-N, BPKAHTKRCLCHEA-UBFJEZKGSA-N, BPKAHTKRCLCHEA-UBFJEZKGSA-N, BPKAHTKRCLCHEA-UBFJEZKGSA-N",Launched
paritaprevir,HCV inhibitor,,infectious disease,hepatitis C,"MedChemEx, MedChemEx",97.16,"Cc1cnc(cn1)C(=O)N[C@H]1CCCCC\C=C/[C@@H]2C[C@]2(NC(=O)[C@@H]2C[C@H](CN2C1=O)Oc1nc2ccccc2c2ccccc12)C(=O)NS(=O)(=O)C1CC1 |c:17|, Cc1cnc(cn1)C(=O)N[C@H]1CCCCC\C=C/[C@@H]2C[C@]2(NC(=O)[C@@H]2C[C@H](CN2C1=O)Oc1nc2ccccc2c2ccccc12)C(=O)NS(=O)(=O)C1CC1 |c:17|","UAUIUKWPKRJZJV-QPLHLKROSA-N, UAUIUKWPKRJZJV-QPLHLKROSA-N",Launched
paromomycin,bacterial 30S ribosomal subunit inhibitor,,infectious disease,amebiasis,"MicroSource, MedChemEx, Sigma, Selleck, Selleck",97.2,"NC[C@@H]1O[C@H](O[C@@H]2[C@@H](CO)O[C@@H](O[C@@H]3[C@@H](O)[C@H](N)C[C@H](N)[C@H]3O[C@H]3O[C@H](CO)[C@@H](O)[C@H](O)[C@H]3N)[C@@H]2O)[C@H](N)[C@@H](O)[C@@H]1O, NC[C@@H]1O[C@H](O[C@@H]2[C@@H](CO)O[C@@H](O[C@@H]3[C@@H](O)[C@H](N)C[C@H](N)[C@H]3O[C@H]3O[C@H](CO)[C@@H](O)[C@H](O)[C@H]3N)[C@@H]2O)[C@H](N)[C@@H](O)[C@@H]1O, NC[C@@H]1O[C@H](O[C@@H]2[C@@H](CO)O[C@@H](O[C@@H]3[C@@H](O)[C@H](N)C[C@H](N)[C@H]3O[C@H]3O[C@H](CO)[C@@H](O)[C@H](O)[C@H]3N)[C@@H]2O)[C@H](N)[C@@H](O)[C@@H]1O, NC[C@@H]1O[C@H](O[C@@H]2[C@@H](CO)O[C@@H](O[C@@H]3[C@@H](O)[C@H](N)C[C@H](N)[C@H]3O[C@H]3O[C@H](CO)[C@@H](O)[C@H](O)[C@H]3N)[C@@H]2O)[C@H](N)[C@@H](O)[C@@H]1O, NC[C@@H]1O[C@H](O[C@@H]2[C@@H](CO)O[C@@H](O[C@@H]3[C@@H](O)[C@H](N)C[C@H](N)[C@H]3O[C@H]3O[C@H](CO)[C@@H](O)[C@H](O)[C@H]3N)[C@@H]2O)[C@H](N)[C@@H](O)[C@@H]1O","UOZODPSAJZTQNH-LSWIJEOBSA-N, UOZODPSAJZTQNH-LSWIJEOBSA-N, UOZODPSAJZTQNH-LSWIJEOBSA-N, UOZODPSAJZTQNH-LSWIJEOBSA-N, UOZODPSAJZTQNH-LSWIJEOBSA-N",Launched
paroxetine,selective serotonin reuptake inhibitor (SSRI),"CHRM1, CHRM2, CHRM3, CHRM4, CHRM5, HTR2A, SLC6A2, SLC6A4",neurology/psychiatry,"depression, obsessive compulsive disorder (OCD), generalized anxiety disorder (GAD), panic disorders, posttraumatic stress disorder, social anxiety disorder","MicroSource, Tocris, Selleck, Selleck, Selleck, Selleck",94.73,"Fc1ccc(cc1)[C@@H]1CCNC[C@H]1COc1ccc2OCOc2c1, Fc1ccc(cc1)[C@@H]1CCNC[C@H]1COc1ccc2OCOc2c1, Fc1ccc(cc1)[C@@H]1CCNC[C@H]1COc1ccc2OCOc2c1, Fc1ccc(cc1)[C@@H]1CCNC[C@H]1COc1ccc2OCOc2c1, Fc1ccc(cc1)[C@@H]1CCNC[C@H]1COc1ccc2OCOc2c1, Fc1ccc(cc1)[C@@H]1CCNC[C@H]1COc1ccc2OCOc2c1","AHOUBRCZNHFOSL-YOEHRIQHSA-N, AHOUBRCZNHFOSL-YOEHRIQHSA-N, AHOUBRCZNHFOSL-YOEHRIQHSA-N, AHOUBRCZNHFOSL-YOEHRIQHSA-N, AHOUBRCZNHFOSL-YOEHRIQHSA-N, AHOUBRCZNHFOSL-YOEHRIQHSA-N",Launched
paroxypropione,gonadotropin inhibitor,,,,"MedChemEx, MicroSource",97.55,"CCC(=O)c1ccc(O)cc1, CCC(=O)c1ccc(O)cc1","RARSHUDCJQSEFJ-UHFFFAOYSA-N, RARSHUDCJQSEFJ-UHFFFAOYSA-N",Launched
parsaclisib,PI3K inhibitor,,,,MedChemEx,97.97,CCOc1c(cc(Cl)c(F)c1[C@@H]1CNC(=O)C1)[C@H](C)n1nc(C)c2c(N)ncnc12,ZQPDJCIXJHUERQ-QWRGUYRKSA-N,Phase 2
parthenolide,NFkB pathway inhibitor,,,,"Tocris, Tocris, Tocris",96.19,"C\C1=C/CC[C@@]2(C)O[C@H]2[C@H]2OC(=O)C(=C)[C@@H]2CC1 |c:1|, C\C1=C/CC[C@@]2(C)O[C@H]2[C@H]2OC(=O)C(=C)[C@@H]2CC1 |c:1|, C\C1=C/CC[C@@]2(C)O[C@H]2[C@H]2OC(=O)C(=C)[C@@H]2CC1 |c:1|","KTEXNACQROZXEV-SLXBATTESA-N, KTEXNACQROZXEV-SLXBATTESA-N, KTEXNACQROZXEV-SLXBATTESA-N",Phase 1
parthenolide-(-),NFkB pathway inhibitor,HDAC1,,,"Selleck, Selleck",96.2,"C\C1=C\CC[C@@]2(C)O[C@H]2[C@H]2OC(=O)C(=C)[C@@H]2CC1 |t:1|, C\C1=C\CC[C@@]2(C)O[C@H]2[C@H]2OC(=O)C(=C)[C@@H]2CC1 |t:1|","KTEXNACQROZXEV-QLIGOWBFSA-N, KTEXNACQROZXEV-QLIGOWBFSA-N",Preclinical
parthenolide-(alternate-stereo),NFkB pathway inhibitor,"IKBKB, RELA",,,"MedChemEx, MedChemEx, Prestwick, Prestwick, Prestwick",97.8,"C\C1=C/CC[C@@]2(C)O[C@@H]2[C@H]2OC(=O)C(=C)[C@@H]2CC1 |c:1|, C\C1=C/CC[C@@]2(C)O[C@@H]2[C@H]2OC(=O)C(=C)[C@@H]2CC1 |c:1|, C\C1=C/CC[C@@]2(C)O[C@@H]2[C@H]2OC(=O)C(=C)[C@@H]2CC1 |c:1|, C\C1=C/CC[C@@]2(C)O[C@@H]2[C@H]2OC(=O)C(=C)[C@@H]2CC1 |c:1|, C\C1=C/CC[C@@]2(C)O[C@@H]2[C@H]2OC(=O)C(=C)[C@@H]2CC1 |c:1|","KTEXNACQROZXEV-PVLRGYAZSA-N, KTEXNACQROZXEV-PVLRGYAZSA-N, KTEXNACQROZXEV-PVLRGYAZSA-N, KTEXNACQROZXEV-PVLRGYAZSA-N, KTEXNACQROZXEV-PVLRGYAZSA-N",Preclinical
pasireotide,somatostatin receptor agonist,"SSTR1, SSTR2, SSTR3, SSTR5",endocrinology,"Cushing's syndrome, acromegaly","MedChemEx, MedChemEx",92.83,"NCCCC[C@@H]1NC(=O)[C@@H](Cc2c[nH]c3ccccc23)NC(=O)[C@@H](NC(=O)[C@@H]2C[C@H](CN2C(=O)[C@H](Cc2ccccc2)NC(=O)[C@H](Cc2ccc(OCc3ccccc3)cc2)NC1=O)OC(=O)NCCN)c1ccccc1, NCCCC[C@@H]1NC(=O)[C@@H](Cc2c[nH]c3ccccc23)NC(=O)[C@@H](NC(=O)[C@@H]2C[C@H](CN2C(=O)[C@H](Cc2ccccc2)NC(=O)[C@H](Cc2ccc(OCc3ccccc3)cc2)NC1=O)OC(=O)NCCN)c1ccccc1","VMZMNAABQBOLAK-DBILLSOUSA-N, VMZMNAABQBOLAK-DBILLSOUSA-N",Launched
PAT-1251,lysyl oxidase inhibitor,,,,MedChemEx,86.27,NCc1cc(Oc2cccc(c2)C(=O)N2C[C@@H](O)[C@H](F)C2)nc(c1)C(F)(F)F,ODGXXYXJORZPHE-ZIAGYGMSSA-N,Phase 1
pavinetant,neurokinin receptor antagonist,,,,MedChemEx,97.33,CC[C@H](NC(=O)c1c(NS(C)(=O)=O)c(nc2ccccc12)-c1ccccc1)c1ccccc1,QYTBBBAHNIWFOD-NRFANRHFSA-N,Phase 2
pazopanib,"KIT inhibitor, PDGFR tyrosine kinase receptor inhibitor, VEGFR inhibitor","CSF1R, FGF1, FGFR1, FGFR3, FLT1, FLT4, ITK, KDR, KIT, PDGFRA, PDGFRB, SH2B3",oncology,"renal cell carcinoma (RCC), soft tissue sarcoma (STS)","Selleck, Selleck, Selleck, Selleck, Selleck, Selleck, Selleck",98.32,"CN(c1ccc2c(C)n(C)nc2c1)c1ccnc(Nc2ccc(C)c(c2)S(N)(=O)=O)n1, CN(c1ccc2c(C)n(C)nc2c1)c1ccnc(Nc2ccc(C)c(c2)S(N)(=O)=O)n1, CN(c1ccc2c(C)n(C)nc2c1)c1ccnc(Nc2ccc(C)c(c2)S(N)(=O)=O)n1, CN(c1ccc2c(C)n(C)nc2c1)c1ccnc(Nc2ccc(C)c(c2)S(N)(=O)=O)n1, CN(c1ccc2c(C)n(C)nc2c1)c1ccnc(Nc2ccc(C)c(c2)S(N)(=O)=O)n1, CN(c1ccc2c(C)n(C)nc2c1)c1ccnc(Nc2ccc(C)c(c2)S(N)(=O)=O)n1, CN(c1ccc2c(C)n(C)nc2c1)c1ccnc(Nc2ccc(C)c(c2)S(N)(=O)=O)n1","CUIHSIWYWATEQL-UHFFFAOYSA-N, CUIHSIWYWATEQL-UHFFFAOYSA-N, CUIHSIWYWATEQL-UHFFFAOYSA-N, CUIHSIWYWATEQL-UHFFFAOYSA-N, CUIHSIWYWATEQL-UHFFFAOYSA-N, CUIHSIWYWATEQL-UHFFFAOYSA-N, CUIHSIWYWATEQL-UHFFFAOYSA-N",Launched
pazufloxacin,topoisomerase inhibitor,,infectious disease,"pneumonia, peritonitis, bacterial septicemia","MedChemEx, MicroSource",97.79,"C[C@H]1COc2c(c(F)cc3c2n1cc(C(O)=O)c3=O)C1(N)CC1, C[C@H]1COc2c(c(F)cc3c2n1cc(C(O)=O)c3=O)C1(N)CC1","XAGMUUZPGZWTRP-ZETCQYMHSA-N, XAGMUUZPGZWTRP-ZETCQYMHSA-N",Launched
PBI-4050,free fatty acid receptor agonist,,,,MedChemEx,91.94,CCCCCc1cccc(CC(O)=O)c1,PEGQOIGYZLJMIB-UHFFFAOYSA-N,Phase 2/Phase 3
PBT-1033,chelating agent,,,,Astatech,83.21,CN(C)Cc1ccc2c(Cl)cc(Cl)c(O)c2n1,YZPOQCQXOSEMAZ-UHFFFAOYSA-N,Preclinical
PCA-4248,platelet activating factor receptor antagonist,PTAFR,,,"Tocris, Tocris, Tocris, Tocris",91.88,"COC(=O)C1=C(C)NC(C)=C([C@@H]1C)C(=O)OCCSc1ccccc1 |&1:11,r,c:4,9|, COC(=O)C1=C(C)NC(C)=C([C@@H]1C)C(=O)OCCSc1ccccc1 |&1:11,r,c:4,9|, COC(=O)C1=C(C)NC(C)=C([C@@H]1C)C(=O)OCCSc1ccccc1 |&1:11,r,c:4,9|, COC(=O)C1=C(C)NC(C)=C([C@@H]1C)C(=O)OCCSc1ccccc1 |&1:11,r,c:4,9|","DHCNAWNKZMNTIS-GFCCVEGCSA-N, DHCNAWNKZMNTIS-GFCCVEGCSA-N, DHCNAWNKZMNTIS-GFCCVEGCSA-N, DHCNAWNKZMNTIS-GFCCVEGCSA-N",Phase 1
PCI-24781,HDAC inhibitor,"HDAC1, HDAC2, HDAC3, HDAC6",,,"Selleck, Selleck, Selleck, Selleck",91.06,"CN(C)Cc1c(oc2ccccc12)C(=O)NCCOc1ccc(cc1)C(=O)NO, CN(C)Cc1c(oc2ccccc12)C(=O)NCCOc1ccc(cc1)C(=O)NO, CN(C)Cc1c(oc2ccccc12)C(=O)NCCOc1ccc(cc1)C(=O)NO, CN(C)Cc1c(oc2ccccc12)C(=O)NCCOc1ccc(cc1)C(=O)NO","MAUCONCHVWBMHK-UHFFFAOYSA-N, MAUCONCHVWBMHK-UHFFFAOYSA-N, MAUCONCHVWBMHK-UHFFFAOYSA-N, MAUCONCHVWBMHK-UHFFFAOYSA-N",Phase 3
PCI-27483,ERK1 and ERK2 phosphorylation inhibitor,,,,MedChemEx,93.54,NC(=N)c1ccc2nc([nH]c2c1)-c1cc(CC(=O)N[C@@H](CC(O)=O)C(O)=O)cc(c1O)-c1cc(ccc1O)S(N)(=O)=O,WDJHHCAKBRKCLW-IBGZPJMESA-N,Phase 2
PCI-29732,Bruton's tyrosine kinase (BTK) inhibitor,BTK,,,"Tocris, Tocris",97.95,"Nc1ncnc2n(nc(-c3ccc(Oc4ccccc4)cc3)c12)C1CCCC1, Nc1ncnc2n(nc(-c3ccc(Oc4ccccc4)cc3)c12)C1CCCC1","GMJUPMONHWAZCP-UHFFFAOYSA-N, GMJUPMONHWAZCP-UHFFFAOYSA-N",Preclinical
PCI-34051,HDAC inhibitor,"HDAC1, HDAC10, HDAC6, HDAC8",,,"Tocris, Tocris, Tocris, Selleck, Selleck",97.28,"COc1ccc(Cn2ccc3ccc(cc23)C(=O)NO)cc1, COc1ccc(Cn2ccc3ccc(cc23)C(=O)NO)cc1, COc1ccc(Cn2ccc3ccc(cc23)C(=O)NO)cc1, COc1ccc(Cn2ccc3ccc(cc23)C(=O)NO)cc1, COc1ccc(Cn2ccc3ccc(cc23)C(=O)NO)cc1","AJRGHIGYPXNABY-UHFFFAOYSA-N, AJRGHIGYPXNABY-UHFFFAOYSA-N, AJRGHIGYPXNABY-UHFFFAOYSA-N, AJRGHIGYPXNABY-UHFFFAOYSA-N, AJRGHIGYPXNABY-UHFFFAOYSA-N",Preclinical
PCO-400,potassium channel activator,KCNJ8,,,"Enzo, SantaCruz",90.29,"CC1(C)Oc2ccc(cc2[C@@H](OC2=CC(=O)CC2)[C@@H]1O)C#N |t:13|, CC1(C)Oc2ccc(cc2[C@@H](OC2=CC(=O)CC2)[C@@H]1O)C#N |t:13|","WJBHHTPFTVKZCV-CVEARBPZSA-N, WJBHHTPFTVKZCV-CVEARBPZSA-N",Phase 1
PD-0325901,MEK inhibitor,MAP2K1,,,"Selleck, Selleck",95.2,"OC[C@@H](O)CONC(=O)c1ccc(F)c(F)c1Nc1ccc(I)cc1F, OC[C@@H](O)CONC(=O)c1ccc(F)c(F)c1Nc1ccc(I)cc1F","SUDAHWBOROXANE-SECBINFHSA-N, SUDAHWBOROXANE-SECBINFHSA-N",Phase 2
PD-102807,acetylcholine receptor antagonist,CHRM4,,,"Tocris, Tocris, Tocris, Tocris",90.95,"CCOC(=O)c1c(C)[nH]c2ccc3O[C@H]4N(CCc5cc(OC)ccc45)Cc3c12 |&1:14,r|, CCOC(=O)c1c(C)[nH]c2ccc3O[C@H]4N(CCc5cc(OC)ccc45)Cc3c12 |&1:14,r|, CCOC(=O)c1c(C)[nH]c2ccc3O[C@H]4N(CCc5cc(OC)ccc45)Cc3c12 |&1:14,r|, CCOC(=O)c1c(C)[nH]c2ccc3O[C@H]4N(CCc5cc(OC)ccc45)Cc3c12 |&1:14,r|","VDDUJINYXKGZLV-JOCHJYFZSA-N, VDDUJINYXKGZLV-JOCHJYFZSA-N, VDDUJINYXKGZLV-JOCHJYFZSA-N, VDDUJINYXKGZLV-JOCHJYFZSA-N",Preclinical
PD-118057,potassium channel activator,KCNH2,,,"Sigma, Sigma, Sigma",94.44,"OC(=O)c1ccccc1Nc1ccc(CCc2ccc(Cl)c(Cl)c2)cc1, OC(=O)c1ccccc1Nc1ccc(CCc2ccc(Cl)c(Cl)c2)cc1, OC(=O)c1ccccc1Nc1ccc(CCc2ccc(Cl)c(Cl)c2)cc1","ZCQOSCDABPVAFB-UHFFFAOYSA-N, ZCQOSCDABPVAFB-UHFFFAOYSA-N, ZCQOSCDABPVAFB-UHFFFAOYSA-N",Preclinical
PD-123319,angiotensin antagonist,AGTR2,,,"Tocris, Selleck, Selleck, Tocris",96.91,"CN(C)c1ccc(Cn2cnc3CN([C@@H](Cc23)C(O)=O)C(=O)C(c2ccccc2)c2ccccc2)cc1C, CN(C)c1ccc(Cn2cnc3CN([C@@H](Cc23)C(O)=O)C(=O)C(c2ccccc2)c2ccccc2)cc1C, CN(C)c1ccc(Cn2cnc3CN([C@@H](Cc23)C(O)=O)C(=O)C(c2ccccc2)c2ccccc2)cc1C, CN(C)c1ccc(Cn2cnc3CN([C@@H](Cc23)C(O)=O)C(=O)C(c2ccccc2)c2ccccc2)cc1C","YSTVFDAKLDMYCR-NDEPHWFRSA-N, YSTVFDAKLDMYCR-NDEPHWFRSA-N, YSTVFDAKLDMYCR-NDEPHWFRSA-N, YSTVFDAKLDMYCR-NDEPHWFRSA-N",Phase 1
PD-128907,dopamine receptor agonist,"DRD2, DRD3",,,"MedChemEx, Tocris, Tocris",93.45,"CCCN1CCO[C@H]2[C@H]1COc1ccc(O)cc21, CCCN1CCO[C@H]2[C@H]1COc1ccc(O)cc21, CCCN1CCO[C@H]2[C@H]1COc1ccc(O)cc21","YOILXOMTHPUMRG-TZMCWYRMSA-N, YOILXOMTHPUMRG-TZMCWYRMSA-N, YOILXOMTHPUMRG-TZMCWYRMSA-N",Preclinical
PD-153035,EGFR inhibitor,"EGFR, KDR",,,"MedChemEx, MedChemEx",98.35,"COc1cc2ncnc(Nc3cccc(Br)c3)c2cc1OC, COc1cc2ncnc(Nc3cccc(Br)c3)c2cc1OC","LSPANGZZENHZNJ-UHFFFAOYSA-N, LSPANGZZENHZNJ-UHFFFAOYSA-N",Phase 1
PD-156707,endothelin receptor antagonist,"EDNRA, EDNRB",,,Sigma,71.03,COc1ccc(cc1)C(=O)C(\Cc1cc(OC)c(OC)c(OC)c1)=C(/C(O)=O)c1ccc2OCOc2c1,OFCTYBMKKTVKCR-QQTULTPQSA-N,Preclinical
PD-158780,EGFR inhibitor,EGFR,,,"Tocris, Tocris, Tocris, Tocris, Tocris",98.94,"CNc1cc2c(Nc3cccc(Br)c3)ncnc2cn1, CNc1cc2c(Nc3cccc(Br)c3)ncnc2cn1, CNc1cc2c(Nc3cccc(Br)c3)ncnc2cn1, CNc1cc2c(Nc3cccc(Br)c3)ncnc2cn1, CNc1cc2c(Nc3cccc(Br)c3)ncnc2cn1","KFHMLBXBRCITHF-UHFFFAOYSA-N, KFHMLBXBRCITHF-UHFFFAOYSA-N, InChI=1S/C14H12BrN5/c1-16-13-6-11-12(7-17-13)18-8-19-14(11)20-10-4-2-3-9(15)5-10/h2-8H,1H3,(H,16,17)(H,18,19,20), InChI=1S/C14H12BrN5/c1-16-13-6-11-12(7-17-13)18-8-19-14(11)20-10-4-2-3-9(15)5-10/h2-8H,1H3,(H,16,17)(H,18,19,20), InChI=1S/C14H12BrN5/c1-16-13-6-11-12(7-17-13)18-8-19-14(11)20-10-4-2-3-9(15)5-10/h2-8H,1H3,(H,16,17)(H,18,19,20)",Preclinical
PD-160170,neuropeptide receptor antagonist,NPY1R,,,"Tocris, Tocris, Tocris",97.6,"CC(C)c1ccccc1S(=O)(=O)c1cc(N)c2ncccc2c1[N+]([O-])=O, CC(C)c1ccccc1S(=O)(=O)c1cc(N)c2ncccc2c1[N+]([O-])=O, CC(C)c1ccccc1S(=O)(=O)c1cc(N)c2ncccc2c1[N+]([O-])=O","YUVNGBZROXQYQH-UHFFFAOYSA-N, YUVNGBZROXQYQH-UHFFFAOYSA-N, YUVNGBZROXQYQH-UHFFFAOYSA-N",Preclinical
PD-161570,FGFR inhibitor,FGFR1,,,"Tocris, Tocris, Tocris, Tocris",93.8,"CCN(CC)CCCCNc1ncc2cc(c(NC(=O)NC(C)(C)C)nc2n1)-c1c(Cl)cccc1Cl, CCN(CC)CCCCNc1ncc2cc(c(NC(=O)NC(C)(C)C)nc2n1)-c1c(Cl)cccc1Cl, CCN(CC)CCCCNc1ncc2cc(c(NC(=O)NC(C)(C)C)nc2n1)-c1c(Cl)cccc1Cl, CCN(CC)CCCCNc1ncc2cc(c(NC(=O)NC(C)(C)C)nc2n1)-c1c(Cl)cccc1Cl","MKVMEJKNLUWFSQ-UHFFFAOYSA-N, MKVMEJKNLUWFSQ-UHFFFAOYSA-N, MKVMEJKNLUWFSQ-UHFFFAOYSA-N, MKVMEJKNLUWFSQ-UHFFFAOYSA-N",Preclinical
PD-166285,SRC inhibitor,"EGFR, FGFR1, PDGFRB, PKMYT1, SRC, WEE1",,,"Tocris, Tocris, Tocris, Tocris, Tocris, Tocris",98.74,"CCN(CC)CCOc1ccc(Nc2ncc3cc(-c4c(Cl)cccc4Cl)c(=O)n(C)c3n2)cc1, CCN(CC)CCOc1ccc(Nc2ncc3cc(-c4c(Cl)cccc4Cl)c(=O)n(C)c3n2)cc1, CCN(CC)CCOc1ccc(Nc2ncc3cc(-c4c(Cl)cccc4Cl)c(=O)n(C)c3n2)cc1, CCN(CC)CCOc1ccc(Nc2ncc3cc(-c4c(Cl)cccc4Cl)c(=O)n(C)c3n2)cc1, CCN(CC)CCOc1ccc(Nc2ncc3cc(-c4c(Cl)cccc4Cl)c(=O)n(C)c3n2)cc1, CCN(CC)CCOc1ccc(Nc2ncc3cc(-c4c(Cl)cccc4Cl)c(=O)n(C)c3n2)cc1","IFPPYSWJNWHOLQ-UHFFFAOYSA-N, IFPPYSWJNWHOLQ-UHFFFAOYSA-N, IFPPYSWJNWHOLQ-UHFFFAOYSA-N, IFPPYSWJNWHOLQ-UHFFFAOYSA-N, IFPPYSWJNWHOLQ-UHFFFAOYSA-N, IFPPYSWJNWHOLQ-UHFFFAOYSA-N",Preclinical
PD-166793,"collagenase inhibitor, metalloproteinase inhibitor","MMP13, MMP2, MMP3",,,"Tocris, Tocris, Tocris, Tocris",98.52,"CC(C)[C@H](NS(=O)(=O)c1ccc(cc1)-c1ccc(Br)cc1)C(O)=O, CC(C)[C@H](NS(=O)(=O)c1ccc(cc1)-c1ccc(Br)cc1)C(O)=O, CC(C)[C@H](NS(=O)(=O)c1ccc(cc1)-c1ccc(Br)cc1)C(O)=O, CC(C)[C@H](NS(=O)(=O)c1ccc(cc1)-c1ccc(Br)cc1)C(O)=O","GJOCABIDMCKCEG-INIZCTEOSA-N, GJOCABIDMCKCEG-INIZCTEOSA-N, GJOCABIDMCKCEG-INIZCTEOSA-N, GJOCABIDMCKCEG-INIZCTEOSA-N",Preclinical
PD-168077,dopamine receptor agonist,DRD2,,,Tocris,20.24,Cc1cccc(c1)C(=O)NCN1CCN(CC1)c1ccccc1C#N,DNULYRGWTFLJQL-UHFFFAOYSA-N,Preclinical
PD-168393,EGFR inhibitor,"EGFR, ERBB2, SRC",,,"Selleck, Selleck, Selleck, Selleck",96.92,"Brc1cccc(Nc2ncnc3ccc(NC(=O)C=C)cc23)c1, Brc1cccc(Nc2ncnc3ccc(NC(=O)C=C)cc23)c1, Brc1cccc(Nc2ncnc3ccc(NC(=O)C=C)cc23)c1, Brc1cccc(Nc2ncnc3ccc(NC(=O)C=C)cc23)c1","HTUBKQUPEREOGA-UHFFFAOYSA-N, HTUBKQUPEREOGA-UHFFFAOYSA-N, HTUBKQUPEREOGA-UHFFFAOYSA-N, HTUBKQUPEREOGA-UHFFFAOYSA-N",Preclinical
PD-168568,dopamine receptor antagonist,"DRD2, DRD4",,,"Tocris, Tocris, Tocris",96.65,"Cc1ccc(cc1C)N1CCN(CC[C@H]2NC(=O)c3ccccc23)CC1 |&1:14|, Cc1ccc(cc1C)N1CCN(CC[C@H]2NC(=O)c3ccccc23)CC1 |&1:14|, Cc1ccc(cc1C)N1CCN(CC[C@H]2NC(=O)c3ccccc23)CC1 |&1:14|","WQEPZBNLBWDIRZ-OAQYLSRUSA-N, WQEPZBNLBWDIRZ-OAQYLSRUSA-N, WQEPZBNLBWDIRZ-OAQYLSRUSA-N",Preclinical
PD-173074,"FGFR inhibitor, VEGFR inhibitor","FGFR1, FGFR2, FGFR3, FGFR4, FLT1, FLT4, KDR, PDGFRA, PDGFRB",,,"Tocris, Selleck, Selleck, Selleck, Selleck, Tocris",94.27,"CCN(CC)CCCCNc1ncc2cc(c(NC(=O)NC(C)(C)C)nc2n1)-c1cc(OC)cc(OC)c1, CCN(CC)CCCCNc1ncc2cc(c(NC(=O)NC(C)(C)C)nc2n1)-c1cc(OC)cc(OC)c1, CCN(CC)CCCCNc1ncc2cc(c(NC(=O)NC(C)(C)C)nc2n1)-c1cc(OC)cc(OC)c1, CCN(CC)CCCCNc1ncc2cc(c(NC(=O)NC(C)(C)C)nc2n1)-c1cc(OC)cc(OC)c1, CCN(CC)CCCCNc1ncc2cc(c(NC(=O)NC(C)(C)C)nc2n1)-c1cc(OC)cc(OC)c1, CCN(CC)CCCCNc1ncc2cc(c(NC(=O)NC(C)(C)C)nc2n1)-c1cc(OC)cc(OC)c1","DXCUKNQANPLTEJ-UHFFFAOYSA-N, DXCUKNQANPLTEJ-UHFFFAOYSA-N, DXCUKNQANPLTEJ-UHFFFAOYSA-N, DXCUKNQANPLTEJ-UHFFFAOYSA-N, DXCUKNQANPLTEJ-UHFFFAOYSA-N, DXCUKNQANPLTEJ-UHFFFAOYSA-N",Preclinical
PD-173212,calcium channel blocker,CACNA1B,,,"Tocris, Tocris, Tocris, Tocris",94.02,"CC(C)C[C@H](N(C)Cc1ccc(cc1)C(C)(C)C)C(=O)N[C@@H](Cc1ccc(OCc2ccccc2)cc1)C(=O)NC(C)(C)C, CC(C)C[C@H](N(C)Cc1ccc(cc1)C(C)(C)C)C(=O)N[C@@H](Cc1ccc(OCc2ccccc2)cc1)C(=O)NC(C)(C)C, CC(C)C[C@H](N(C)Cc1ccc(cc1)C(C)(C)C)C(=O)N[C@@H](Cc1ccc(OCc2ccccc2)cc1)C(=O)NC(C)(C)C, CC(C)C[C@H](N(C)Cc1ccc(cc1)C(C)(C)C)C(=O)N[C@@H](Cc1ccc(OCc2ccccc2)cc1)C(=O)NC(C)(C)C","GCDHMGROXQUFNR-HEVIKAOCSA-N, GCDHMGROXQUFNR-HEVIKAOCSA-N, GCDHMGROXQUFNR-HEVIKAOCSA-N, GCDHMGROXQUFNR-HEVIKAOCSA-N",Preclinical
PD-184352,MEK inhibitor,"MAP2K1, MAP3K1, MAP3K2",,,"Selleck, Selleck, Selleck, Selleck, Selleck, Axon, Axon, Axon",100,"Fc1ccc(C(=O)NOCC2CC2)c(Nc2ccc(I)cc2Cl)c1F, Fc1ccc(C(=O)NOCC2CC2)c(Nc2ccc(I)cc2Cl)c1F, Fc1ccc(C(=O)NOCC2CC2)c(Nc2ccc(I)cc2Cl)c1F, Fc1ccc(C(=O)NOCC2CC2)c(Nc2ccc(I)cc2Cl)c1F, Fc1ccc(C(=O)NOCC2CC2)c(Nc2ccc(I)cc2Cl)c1F, Fc1ccc(C(=O)NOCC2CC2)c(Nc2ccc(I)cc2Cl)c1F, Fc1ccc(C(=O)NOCC2CC2)c(Nc2ccc(I)cc2Cl)c1F, Fc1ccc(C(=O)NOCC2CC2)c(Nc2ccc(I)cc2Cl)c1F","GFMMXOIFOQCCGU-UHFFFAOYSA-N, GFMMXOIFOQCCGU-UHFFFAOYSA-N, GFMMXOIFOQCCGU-UHFFFAOYSA-N, GFMMXOIFOQCCGU-UHFFFAOYSA-N, GFMMXOIFOQCCGU-UHFFFAOYSA-N, InChI=1S/C17H14ClF2IN2O2/c18-12-7-10(21)3-6-14(12)22-16-11(4-5-13(19)15(16)20)17(24)23-25-8-9-1-2-9/h3-7,9,22H,1-2,8H2,(H,23,24), InChI=1S/C17H14ClF2IN2O2/c18-12-7-10(21)3-6-14(12)22-16-11(4-5-13(19)15(16)20)17(24)23-25-8-9-1-2-9/h3-7,9,22H,1-2,8H2,(H,23,24), InChI=1S/C17H14ClF2IN2O2/c18-12-7-10(21)3-6-14(12)22-16-11(4-5-13(19)15(16)20)17(24)23-25-8-9-1-2-9/h3-7,9,22H,1-2,8H2,(H,23,24)",Phase 2
PD-198306,"MAP kinase inhibitor, MEK inhibitor","MAP2K1, MAP2K2",,,"Tocris, Tocris, Tocris, Tocris, Tocris, Tocris, Tocris",97.2,"Cc1cc(I)ccc1Nc1c(F)c(F)c(F)cc1C(=O)NOCC1CC1, Cc1cc(I)ccc1Nc1c(F)c(F)c(F)cc1C(=O)NOCC1CC1, Cc1cc(I)ccc1Nc1c(F)c(F)c(F)cc1C(=O)NOCC1CC1, Cc1cc(I)ccc1Nc1c(F)c(F)c(F)cc1C(=O)NOCC1CC1, Cc1cc(I)ccc1Nc1c(F)c(F)c(F)cc1C(=O)NOCC1CC1, Cc1cc(I)ccc1Nc1c(F)c(F)c(F)cc1C(=O)NOCC1CC1, Cc1cc(I)ccc1Nc1c(F)c(F)c(F)cc1C(=O)NOCC1CC1","UHAXDAKQGVISBZ-UHFFFAOYSA-N, UHAXDAKQGVISBZ-UHFFFAOYSA-N, UHAXDAKQGVISBZ-UHFFFAOYSA-N, UHAXDAKQGVISBZ-UHFFFAOYSA-N, UHAXDAKQGVISBZ-UHFFFAOYSA-N, UHAXDAKQGVISBZ-UHFFFAOYSA-N, UHAXDAKQGVISBZ-UHFFFAOYSA-N",Preclinical
PD-318088,MEK inhibitor,,,,"MedChemEx, Selleck, Selleck, Selleck",96.17,"OC[C@@H](O)CONC(=O)c1cc(Br)c(F)c(F)c1Nc1ccc(I)cc1F |&1:2,r|, OC[C@@H](O)CONC(=O)c1cc(Br)c(F)c(F)c1Nc1ccc(I)cc1F |&1:2,r|, OC[C@@H](O)CONC(=O)c1cc(Br)c(F)c(F)c1Nc1ccc(I)cc1F |&1:2,r|, OC[C@@H](O)CONC(=O)c1cc(Br)c(F)c(F)c1Nc1ccc(I)cc1F |&1:2,r|","XXSSGBYXSKOLAM-MRVPVSSYSA-N, XXSSGBYXSKOLAM-MRVPVSSYSA-N, XXSSGBYXSKOLAM-MRVPVSSYSA-N, XXSSGBYXSKOLAM-MRVPVSSYSA-N",Preclinical
PD-407824,PKC inhibitor,WEE1,,,"Tocris, Tocris, Tocris, Tocris, Tocris, Tocris",96.32,"Oc1ccc2[nH]c3cc(c4C(=O)NC(=O)c4c3c2c1)-c1ccccc1, Oc1ccc2[nH]c3cc(c4C(=O)NC(=O)c4c3c2c1)-c1ccccc1, Oc1ccc2[nH]c3cc(c4C(=O)NC(=O)c4c3c2c1)-c1ccccc1, Oc1ccc2[nH]c3cc(c4C(=O)NC(=O)c4c3c2c1)-c1ccccc1, Oc1ccc2[nH]c3cc(c4C(=O)NC(=O)c4c3c2c1)-c1ccccc1, Oc1ccc2[nH]c3cc(c4C(=O)NC(=O)c4c3c2c1)-c1ccccc1","IAUZTOZLTFSMIE-UHFFFAOYSA-N, IAUZTOZLTFSMIE-UHFFFAOYSA-N, IAUZTOZLTFSMIE-UHFFFAOYSA-N, IAUZTOZLTFSMIE-UHFFFAOYSA-N, IAUZTOZLTFSMIE-UHFFFAOYSA-N, IAUZTOZLTFSMIE-UHFFFAOYSA-N",Preclinical
PD-81723,adenosine receptor agonist,ADORA1,,,"Tocris, Tocris",86.53,"Cc1sc(N)c(C(=O)c2cccc(c2)C(F)(F)F)c1C, Cc1sc(N)c(C(=O)c2cccc(c2)C(F)(F)F)c1C","KKDKAWKYGCUOGR-UHFFFAOYSA-N, KKDKAWKYGCUOGR-UHFFFAOYSA-N",Preclinical
PD-98059,MEK inhibitor,"AKT1, CHEK1, GSK3B, LCK, MAP2K1, MAPK1, MAPK11, MAPK12, MAPK14, MAPK8, PRKCA, RAF1, ROCK1, RPS6KB1, SGK1",,,"Selleck, Tocris, Tocris",94.02,"COc1cccc(c1N)-c1cc(=O)c2ccccc2o1, COc1cccc(c1N)-c1cc(=O)c2ccccc2o1, COc1cccc(c1N)-c1cc(=O)c2ccccc2o1","QFWCYNPOPKQOKV-UHFFFAOYSA-N, QFWCYNPOPKQOKV-UHFFFAOYSA-N, QFWCYNPOPKQOKV-UHFFFAOYSA-N",Preclinical
PDD-00017273,PARG inhibitor,,,,"MedChemEx, MedChemEx",98.7,"Cc1cc(Cn2c3ccc(cc3c(=O)n(Cc3cnc(C)s3)c2=O)S(=O)(=O)NC2(C)CC2)n(C)n1, Cc1cc(Cn2c3ccc(cc3c(=O)n(Cc3cnc(C)s3)c2=O)S(=O)(=O)NC2(C)CC2)n(C)n1","IFWUBRBMMNTBRZ-UHFFFAOYSA-N, IFWUBRBMMNTBRZ-UHFFFAOYSA-N",Preclinical
PDE10-IN-1,phosphodiesterase inhibitor,PDE10A,,,MedChemEx,96.99,Cc1c(nc2c3cccnc3ccn12)[C@@H]1C[C@H]1c1nc2c(C)ncc(C)n2n1,ZLHNYULRKIEGAY-HZPDHXFCSA-N,Preclinical
PDP-EA,FAAH activator,FAAH,,,"Tocris, Tocris",96.07,"CCCCCCCCCCCCCCCc1cccc(OCC(=O)NCCO)c1, CCCCCCCCCCCCCCCc1cccc(OCC(=O)NCCO)c1","BIOVSNWTCKRADD-UHFFFAOYSA-N, BIOVSNWTCKRADD-UHFFFAOYSA-N",Preclinical
PD1-PDL-inhibitor-1,programmed death ligand inhibitor,CD274,,,"MedChemEx, MedChemEx",97.25,"COc1cc(OCc2cccc(c2C)-c2ccccc2)cc(OC)c1CN1CCCC[C@H]1C(O)=O, COc1cc(OCc2cccc(c2C)-c2ccccc2)cc(OC)c1CN1CCCC[C@H]1C(O)=O","ZBOYJODMIAUJHH-SANMLTNESA-N, ZBOYJODMIAUJHH-SANMLTNESA-N",Preclinical
peficitinib,JAK inhibitor,"JAK1, JAK2, JAK3",rheumatology,rheumatoid arthritis,Selleck,98.78,"NC(=O)c1cnc2[nH]ccc2c1N[C@H]1[C@H]2C[C@H]3C[C@@H]1C[C@](O)(C3)C2 |&1:13,14,16,18,20,r|",DREIJXJRTLTGJC-ZKVNVPQCSA-N,Launched
pefloxacin,bacterial DNA gyrase inhibitor,TOP2A,"infectious disease, urology","gastrointestinal infections, urethritis, gonorrhea, urinary tract infections","MedChemEx, MicroSource, Selleck",98.47,"CCn1cc(C(O)=O)c(=O)c2cc(F)c(cc12)N1CCN(C)CC1, CCn1cc(C(O)=O)c(=O)c2cc(F)c(cc12)N1CCN(C)CC1, CCn1cc(C(O)=O)c(=O)c2cc(F)c(cc12)N1CCN(C)CC1","FHFYDNQZQSQIAI-UHFFFAOYSA-N, FHFYDNQZQSQIAI-UHFFFAOYSA-N, FHFYDNQZQSQIAI-UHFFFAOYSA-N",Launched
pelanserin,serotonin receptor antagonist,HTR2A,,,Enamine,91.31,O=c1[nH]c2ccccc2c(=O)n1CCCN1CCN(CC1)c1ccccc1,WPKPLSFHHBBLRY-UHFFFAOYSA-N,Phase 2
pelitinib,EGFR inhibitor,EGFR,,,"MedChemEx, Selleck, Selleck, Selleck",96.63,"CCOc1cc2ncc(C#N)c(Nc3ccc(F)c(Cl)c3)c2cc1NC(=O)\C=C\CN(C)C, CCOc1cc2ncc(C#N)c(Nc3ccc(F)c(Cl)c3)c2cc1NC(=O)\C=C\CN(C)C, CCOc1cc2ncc(C#N)c(Nc3ccc(F)c(Cl)c3)c2cc1NC(=O)\C=C\CN(C)C, CCOc1cc2ncc(C#N)c(Nc3ccc(F)c(Cl)c3)c2cc1NC(=O)\C=C\CN(C)C","WVUNYSQLFKLYNI-AATRIKPKSA-N, WVUNYSQLFKLYNI-AATRIKPKSA-N, WVUNYSQLFKLYNI-AATRIKPKSA-N, WVUNYSQLFKLYNI-AATRIKPKSA-N",Phase 2
pelrinone,phosphodiesterase inhibitor,,,,AMS,95.85,Cc1nc(=O)c(C#N)c(NCc2cccnc2)[nH]1,NZXHFDXOCVIYLO-UHFFFAOYSA-N,Phase 2
pemafibrate,PPAR receptor agonist,,,,MedChemEx,98.47,CC[C@@H](Oc1cccc(CN(CCCOc2ccc(OC)cc2)c2nc3ccccc3o2)c1)C(O)=O,ZHKNLJLMDFQVHJ-RUZDIDTESA-N,Phase 3
pemetrexed,"dihydrofolate reductase inhibitor, thymidylate synthase inhibitor","ATIC, DHFR, GART, TYMS",oncology,"non-small cell lung cancer (NSCLC), mesothelioma","Key, Key, Key, Key, MedChemEx, MedChemEx, MedChemEx, MicroSource, Selleck, Selleck, Selleck",87.62,"Nc1nc(=O)c2c(CCc3ccc(cc3)C(=O)N[C@@H](CCC(O)=O)C(O)=O)c[nH]c2[nH]1, Nc1nc(=O)c2c(CCc3ccc(cc3)C(=O)N[C@@H](CCC(O)=O)C(O)=O)c[nH]c2[nH]1, Nc1nc(=O)c2c(CCc3ccc(cc3)C(=O)N[C@@H](CCC(O)=O)C(O)=O)c[nH]c2[nH]1, Nc1nc(=O)c2c(CCc3ccc(cc3)C(=O)N[C@@H](CCC(O)=O)C(O)=O)c[nH]c2[nH]1, Nc1nc(=O)c2c(CCc3ccc(cc3)C(=O)N[C@@H](CCC(O)=O)C(O)=O)c[nH]c2[nH]1, Nc1nc(=O)c2c(CCc3ccc(cc3)C(=O)N[C@@H](CCC(O)=O)C(O)=O)c[nH]c2[nH]1, Nc1nc(=O)c2c(CCc3ccc(cc3)C(=O)N[C@@H](CCC(O)=O)C(O)=O)c[nH]c2[nH]1, Nc1nc(=O)c2c(CCc3ccc(cc3)C(=O)N[C@@H](CCC(O)=O)C(O)=O)c[nH]c2[nH]1, Nc1nc(=O)c2c(CCc3ccc(cc3)C(=O)N[C@@H](CCC(O)=O)C(O)=O)c[nH]c2[nH]1, Nc1nc(=O)c2c(CCc3ccc(cc3)C(=O)N[C@@H](CCC(O)=O)C(O)=O)c[nH]c2[nH]1, Nc1nc(=O)c2c(CCc3ccc(cc3)C(=O)N[C@@H](CCC(O)=O)C(O)=O)c[nH]c2[nH]1","WBXPDJSOTKVWSJ-ZDUSSCGKSA-N, WBXPDJSOTKVWSJ-ZDUSSCGKSA-N, WBXPDJSOTKVWSJ-ZDUSSCGKSA-N, WBXPDJSOTKVWSJ-ZDUSSCGKSA-N, WBXPDJSOTKVWSJ-ZDUSSCGKSA-N, WBXPDJSOTKVWSJ-ZDUSSCGKSA-N, WBXPDJSOTKVWSJ-ZDUSSCGKSA-N, WBXPDJSOTKVWSJ-ZDUSSCGKSA-N, WBXPDJSOTKVWSJ-ZDUSSCGKSA-N, WBXPDJSOTKVWSJ-ZDUSSCGKSA-N, WBXPDJSOTKVWSJ-ZDUSSCGKSA-N",Launched
pemirolast,mediator release inhibitor,HRH1,pulmonary,asthma,"MedChemEx, MedChemEx, Selleck",97.42,"Cc1cccn2c1ncc(-c1nn[nH]n1)c2=O, Cc1cccn2c1ncc(-c1nn[nH]n1)c2=O, Cc1cccn2c1ncc(-c1nn[nH]n1)c2=O","HIANJWSAHKJQTH-UHFFFAOYSA-N, HIANJWSAHKJQTH-UHFFFAOYSA-N, HIANJWSAHKJQTH-UHFFFAOYSA-N",Launched
pempidine,ganglionic blocker,,cardiology,hypertension,"MicroSource, MicroSource",52.72,"CN1C(C)(C)CCCC1(C)C, CN1C(C)(C)CCCC1(C)C","XULIXFLCVXWHRF-UHFFFAOYSA-N, XULIXFLCVXWHRF-UHFFFAOYSA-N",Launched
penbutolol,adrenergic receptor antagonist,"ADRB1, ADRB2, HTR1A, HTR1B",cardiology,hypertension,"MicroSource, MicroSource, MicroSource, Toronto, Toronto, Toronto",95.02,"CC(C)(C)NC[C@H](O)COc1ccccc1C1CCCC1, CC(C)(C)NC[C@H](O)COc1ccccc1C1CCCC1, CC(C)(C)NC[C@H](O)COc1ccccc1C1CCCC1, CC(C)(C)NC[C@H](O)COc1ccccc1C1CCCC1, CC(C)(C)NC[C@H](O)COc1ccccc1C1CCCC1, CC(C)(C)NC[C@H](O)COc1ccccc1C1CCCC1","KQXKVJAGOJTNJS-HNNXBMFYSA-N, KQXKVJAGOJTNJS-HNNXBMFYSA-N, KQXKVJAGOJTNJS-HNNXBMFYSA-N, KQXKVJAGOJTNJS-HNNXBMFYSA-N, KQXKVJAGOJTNJS-HNNXBMFYSA-N, KQXKVJAGOJTNJS-HNNXBMFYSA-N",Launched
penciclovir,DNA directed DNA polymerase inhibitor,,dental,cold sore,"MicroSource, Selleck, MedChemEx, Selleck",100,"Nc1nc(=O)c2ncn(CCC(CO)CO)c2[nH]1, Nc1nc(=O)c2ncn(CCC(CO)CO)c2[nH]1, Nc1nc(=O)c2ncn(CCC(CO)CO)c2[nH]1, Nc1nc(=O)c2ncn(CCC(CO)CO)c2[nH]1","JNTOCHDNEULJHD-UHFFFAOYSA-N, JNTOCHDNEULJHD-UHFFFAOYSA-N, JNTOCHDNEULJHD-UHFFFAOYSA-N, JNTOCHDNEULJHD-UHFFFAOYSA-N",Launched
penfluridol,T-type calcium channel blocker,CACNA1G,neurology/psychiatry,schizophrenia,"MicroSource, MicroSource, MicroSource, MicroSource, Selleck, Selleck",96.94,"OC1(CCN(CCCC(c2ccc(F)cc2)c2ccc(F)cc2)CC1)c1ccc(Cl)c(c1)C(F)(F)F, OC1(CCN(CCCC(c2ccc(F)cc2)c2ccc(F)cc2)CC1)c1ccc(Cl)c(c1)C(F)(F)F, OC1(CCN(CCCC(c2ccc(F)cc2)c2ccc(F)cc2)CC1)c1ccc(Cl)c(c1)C(F)(F)F, OC1(CCN(CCCC(c2ccc(F)cc2)c2ccc(F)cc2)CC1)c1ccc(Cl)c(c1)C(F)(F)F, OC1(CCN(CCCC(c2ccc(F)cc2)c2ccc(F)cc2)CC1)c1ccc(Cl)c(c1)C(F)(F)F, OC1(CCN(CCCC(c2ccc(F)cc2)c2ccc(F)cc2)CC1)c1ccc(Cl)c(c1)C(F)(F)F","MDLAAYDRRZXJIF-UHFFFAOYSA-N, MDLAAYDRRZXJIF-UHFFFAOYSA-N, MDLAAYDRRZXJIF-UHFFFAOYSA-N, MDLAAYDRRZXJIF-UHFFFAOYSA-N, MDLAAYDRRZXJIF-UHFFFAOYSA-N, MDLAAYDRRZXJIF-UHFFFAOYSA-N",Launched
penicillamine-(D),chelating agent,,"metabolism, rheumatology, nephrology","Wilson's disease, rheumatoid arthritis, cystinuria","Selleck, MedChemEx, Selleck",100,"CC(C)(S)[C@@H](N)C(O)=O, CC(C)(S)[C@@H](N)C(O)=O, CC(C)(S)[C@@H](N)C(O)=O","VVNCNSJFMMFHPL-VKHMYHEASA-N, VVNCNSJFMMFHPL-VKHMYHEASA-N, VVNCNSJFMMFHPL-VKHMYHEASA-N",Launched
penicillamine-(racemic),,,,,MicroSource,0,CC(C)(S)[C@@H](N)C(O)=O |&1:4|,VVNCNSJFMMFHPL-VKHMYHEASA-N,Launched
penicillin-v-potassium,bacterial cell wall synthesis inhibitor,,infectious disease,"pneumonia, ear infections, skin infections, throat infections, cholera, scarlet fever","MedChemEx, MicroSource",90.16,"CC1(C)S[C@@H]2[C@H](NC(=O)COc3ccccc3)C(=O)N2[C@H]1C(O)=O, CC1(C)S[C@@H]2[C@H](NC(=O)COc3ccccc3)C(=O)N2[C@H]1C(O)=O","BPLBGHOLXOTWMN-MBNYWOFBSA-N, BPLBGHOLXOTWMN-MBNYWOFBSA-N",Launched
pentacosanoic-acid,,,,,"Cayman, Cayman",100,"CCCCCCCCCCCCCCCCCCCCCCCCC(O)=O, CCCCCCCCCCCCCCCCCCCCCCCCC(O)=O","MWMPEAHGUXCSMY-UHFFFAOYSA-N, MWMPEAHGUXCSMY-UHFFFAOYSA-N",Preclinical
pentagastrin,CCK receptor agonist,CCKBR,gastroenterology,"anacidity diagnostic, gastric hypersecretion diagnostic","MicroSource, Abblis",84.88,"CSCC[C@H](NC(=O)[C@H](Cc1c[nH]c2ccccc12)NC(=O)CCNC(=O)OC(C)(C)C)C(=O)N[C@@H](CC(O)=O)C(=O)N[C@@H](Cc1ccccc1)C(N)=O, CSCC[C@H](NC(=O)[C@H](Cc1c[nH]c2ccccc12)NC(=O)CCNC(=O)OC(C)(C)C)C(=O)N[C@@H](CC(O)=O)C(=O)N[C@@H](Cc1ccccc1)C(N)=O","NEYNJQRKHLUJRU-DZUOILHNSA-N, NEYNJQRKHLUJRU-DZUOILHNSA-N",Launched
pentamidine,anti-pneumocystis agent,TRDMT1,infectious disease,pneumonia,"MicroSource, Selleck",98.99,"NC(=N)c1ccc(OCCCCCOc2ccc(cc2)C(N)=N)cc1, NC(=N)c1ccc(OCCCCCOc2ccc(cc2)C(N)=N)cc1","XDRYMKDFEDOLFX-UHFFFAOYSA-N, XDRYMKDFEDOLFX-UHFFFAOYSA-N",Launched
pentetic-acid,chelating agent,,,,"MedChemEx, MicroSource",100,"OC(=O)CN(CCN(CC(O)=O)CC(O)=O)CCN(CC(O)=O)CC(O)=O, OC(=O)CN(CCN(CC(O)=O)CC(O)=O)CCN(CC(O)=O)CC(O)=O","QPCDCPDFJACHGM-UHFFFAOYSA-N, QPCDCPDFJACHGM-UHFFFAOYSA-N",Phase 2
pentolinium,cholinergic receptor antagonist,"CHRNA10, CHRNA3, CHRNA4, CHRNB4",cardiology,hypertension,"Prestwick, Acros, Acros",97.7,"C[N+]1(CCCCC[N+]2(C)CCCC2)CCCC1, C[N+]1(CCCCC[N+]2(C)CCCC2)CCCC1, C[N+]1(CCCCC[N+]2(C)CCCC2)CCCC1","XSBSKEQEUFOSDD-UHFFFAOYSA-N, XSBSKEQEUFOSDD-UHFFFAOYSA-N, XSBSKEQEUFOSDD-UHFFFAOYSA-N",Launched
pentostatin,"adenosine deaminase inhibitor, ribonucleotide reductase inhibitor",ADA,hematologic malignancy,hairy cell leukemia,"MedChemEx, MedChemEx, Tocris",100,"OC[C@H]1O[C@H](C[C@@H]1O)n1cnc2[C@H](O)CN=CNc12 |c:16|, OC[C@H]1O[C@H](C[C@@H]1O)n1cnc2[C@H](O)CN=CNc12 |c:16|, OC[C@H]1O[C@H](C[C@@H]1O)n1cnc2[C@H](O)CN=CNc12 |c:16|","FPVKHBSQESCIEP-JQCXWYLXSA-N, FPVKHBSQESCIEP-JQCXWYLXSA-N, FPVKHBSQESCIEP-JQCXWYLXSA-N",Launched
pentoxifylline,phosphodiesterase inhibitor,"ADORA1, ADORA2A, ADORA2B, ADRA2B, NT5E, PDE10A, PDE1A, PDE1B, PDE1C, PDE2A, PDE3A, PDE3B, PDE4A, PDE4B, PDE4C, PDE4D, PDE5A, PDE6A, PDE6B, PDE6C, PDE6D, PDE6G, PDE6H, PDE7A, PDE7B, PDE8A, PDE8B, PDE9A, TNF",cardiology,claudication,"MicroSource, MicroSource, MicroSource, MicroSource, Selleck",99.53,"CC(=O)CCCCn1c(=O)n(C)c2ncn(C)c2c1=O, CC(=O)CCCCn1c(=O)n(C)c2ncn(C)c2c1=O, CC(=O)CCCCn1c(=O)n(C)c2ncn(C)c2c1=O, CC(=O)CCCCn1c(=O)n(C)c2ncn(C)c2c1=O, CC(=O)CCCCn1c(=O)n(C)c2ncn(C)c2c1=O","BYPFEZZEUUWMEJ-UHFFFAOYSA-N, BYPFEZZEUUWMEJ-UHFFFAOYSA-N, BYPFEZZEUUWMEJ-UHFFFAOYSA-N, BYPFEZZEUUWMEJ-UHFFFAOYSA-N, BYPFEZZEUUWMEJ-UHFFFAOYSA-N",Launched
pentylenetetrazol,GABA receptor antagonist,,,,"MedChemEx, MicroSource, MicroSource, Tocris",76.62,"C1CCc2nnnn2CC1, C1CCc2nnnn2CC1, C1CCc2nnnn2CC1, C1CCc2nnnn2CC1","CWRVKFFCRWGWCS-UHFFFAOYSA-N, CWRVKFFCRWGWCS-UHFFFAOYSA-N, CWRVKFFCRWGWCS-UHFFFAOYSA-N, CWRVKFFCRWGWCS-UHFFFAOYSA-N",Withdrawn
peposertib,DNA dependent protein kinase inhibitor,,,,MedChemEx,96.7,COc1ccc(nn1)[C@@H](O)c1cc(c(F)cc1Cl)-c1ncnc2cc(ccc12)N1CCOCC1,MOWXJLUYGFNTAL-DEOSSOPVSA-N,Phase 1/Phase 2
pepstatin,aspartic protease inhibitor,"CTSB, CTSD, CTSL, REN",,,"MedChemEx, Enzo",94.54,"CC(C)C[C@H](NC(=O)[C@H](C)NC(=O)C[C@H](O)[C@H](CC(C)C)NC(=O)[C@@H](NC(=O)[C@@H](NC(=O)CC(C)C)C(C)C)C(C)C)[C@@H](O)CC(O)=O, CC(C)C[C@H](NC(=O)[C@H](C)NC(=O)C[C@H](O)[C@H](CC(C)C)NC(=O)[C@@H](NC(=O)[C@@H](NC(=O)CC(C)C)C(C)C)C(C)C)[C@@H](O)CC(O)=O","FAXGPCHRFPCXOO-LXTPJMTPSA-N, FAXGPCHRFPCXOO-LXTPJMTPSA-N",Preclinical
peramivir,neuraminidase inhibitor,,infectious disease,influenza A virus infection,"Selleck, Selleck, MedChemEx",100,"CCC(CC)[C@H](NC(C)=O)[C@@H]1[C@H](O)[C@H](C[C@H]1NC(N)=N)C(O)=O, CCC(CC)[C@H](NC(C)=O)[C@@H]1[C@H](O)[C@H](C[C@H]1NC(N)=N)C(O)=O, CCC(CC)[C@H](NC(C)=O)[C@@H]1[C@H](O)[C@H](C[C@H]1NC(N)=N)C(O)=O","XRQDFNLINLXZLB-CKIKVBCHSA-N, XRQDFNLINLXZLB-CKIKVBCHSA-N, XRQDFNLINLXZLB-CKIKVBCHSA-N",Launched
perchlozone,,,infectious disease,tuberculosis,Labotest,94.96,NC(=S)N\N=C\c1ccncc1,QTSJJDIDTYFLFC-BJMVGYQFSA-N,Launched
peretinoin,retinoid receptor agonist,RXRA,,,"MedChemEx, MedChemEx, MedChemEx",85.75,"CC(C)=CCC\C(C)=C\CC\C(C)=C\C=C\C(\C)=C\C(O)=O, CC(C)=CCC\C(C)=C\CC\C(C)=C\C=C\C(\C)=C\C(O)=O, CC(C)=CCC\C(C)=C\CC\C(C)=C\C=C\C(\C)=C\C(O)=O","UUBHZHZSIKRVIV-KCXSXWJSSA-N, UUBHZHZSIKRVIV-KCXSXWJSSA-N, UUBHZHZSIKRVIV-KCXSXWJSSA-N",Phase 3
perfluamine,,,,,Oakwood,0,FC(F)(F)C(F)(F)C(F)(F)N(C(F)(F)C(F)(F)C(F)(F)F)C(F)(F)C(F)(F)C(F)(F)F,JAJLKEVKNDUJBG-UHFFFAOYSA-N,Launched
perflubron,contrast agent,,radiology,contrast agent,"Sigma, Oakwood",0,"FC(F)(F)C(F)(F)C(F)(F)C(F)(F)C(F)(F)C(F)(F)C(F)(F)C(F)(F)Br, FC(F)(F)C(F)(F)C(F)(F)C(F)(F)C(F)(F)C(F)(F)C(F)(F)C(F)(F)Br","WTWWXOGTJWMJHI-UHFFFAOYSA-N, WTWWXOGTJWMJHI-UHFFFAOYSA-N",Launched
perfluorodecalin,,,dermatology,cosmetic,Sigma,0,FC1(F)C(F)(F)C(F)(F)C2(F)C(F)(F)C(F)(F)C(F)(F)C(F)(F)C2(F)C1(F)F,UWEYRJFJVCLAGH-UHFFFAOYSA-N,Launched
perfluorohexyloctane,,,,,Sigma,0,CCCCCCCCC(F)(F)C(F)(F)C(F)(F)C(F)(F)C(F)(F)C(F)(F)F,WRYIIOKOQSICTB-UHFFFAOYSA-N,Launched
pergolide,dopamine receptor agonist,"ADRA1A, ADRA1B, ADRA1D, ADRA2A, ADRA2B, ADRA2C, DRD1, DRD2, DRD3, DRD4, DRD5, HTR1A, HTR1B, HTR1D, HTR2A, HTR2B, HTR2C",,,"MedChemEx, Selleck, Selleck, Selleck, Selleck",98.87,"CCCN1C[C@H](CSC)C[C@H]2[C@H]1Cc1c[nH]c3cccc2c13, CCCN1C[C@H](CSC)C[C@H]2[C@H]1Cc1c[nH]c3cccc2c13, CCCN1C[C@H](CSC)C[C@H]2[C@H]1Cc1c[nH]c3cccc2c13, CCCN1C[C@H](CSC)C[C@H]2[C@H]1Cc1c[nH]c3cccc2c13, CCCN1C[C@H](CSC)C[C@H]2[C@H]1Cc1c[nH]c3cccc2c13","YEHCICAEULNIGD-MZMPZRCHSA-N, YEHCICAEULNIGD-MZMPZRCHSA-N, YEHCICAEULNIGD-MZMPZRCHSA-N, YEHCICAEULNIGD-MZMPZRCHSA-N, YEHCICAEULNIGD-MZMPZRCHSA-N",Withdrawn
perhexiline,carnitine palmitoyltransferase inhibitor,CPT1A,cardiology,angina pectoris,"MicroSource, MicroSource, MicroSource, MicroSource, MicroSource, MicroSource, MicroSource, MicroSource, MicroSource",97.96,"C(C(C1CCCCC1)C1CCCCC1)[C@H]1CCCCN1 |&1:14|, C(C(C1CCCCC1)C1CCCCC1)[C@H]1CCCCN1 |&1:14|, C(C(C1CCCCC1)C1CCCCC1)[C@H]1CCCCN1 |&1:14|, C(C(C1CCCCC1)C1CCCCC1)[C@H]1CCCCN1 |&1:14|, C(C(C1CCCCC1)C1CCCCC1)[C@H]1CCCCN1 |&1:14|, C(C(C1CCCCC1)C1CCCCC1)[C@H]1CCCCN1 |&1:14|, C(C(C1CCCCC1)C1CCCCC1)[C@H]1CCCCN1 |&1:14|, C(C(C1CCCCC1)C1CCCCC1)[C@H]1CCCCN1 |&1:14|, C(C(C1CCCCC1)C1CCCCC1)[C@H]1CCCCN1 |&1:14|","CYXKNKQEMFBLER-GOSISDBHSA-N, CYXKNKQEMFBLER-GOSISDBHSA-N, CYXKNKQEMFBLER-GOSISDBHSA-N, CYXKNKQEMFBLER-GOSISDBHSA-N, CYXKNKQEMFBLER-GOSISDBHSA-N, CYXKNKQEMFBLER-GOSISDBHSA-N, CYXKNKQEMFBLER-GOSISDBHSA-N, InChI=1S/C19H35N/c1-3-9-16(10-4-1)19(17-11-5-2-6-12-17)15-18-13-7-8-14-20-18/h16-20H,1-15H2/t18-/m1/s1, InChI=1S/C19H35N/c1-3-9-16(10-4-1)19(17-11-5-2-6-12-17)15-18-13-7-8-14-20-18/h16-20H,1-15H2/t18-/m1/s1",Launched
perifosine,AKT inhibitor,AKT1,,,"MedChemEx, MedChemEx, MedChemEx, MedChemEx, MedChemEx",100,"CCCCCCCCCCCCCCCCCCOP(O)(=O)OC1CC[N+](C)(C)CC1 |&1:19|, CCCCCCCCCCCCCCCCCCOP(O)(=O)OC1CC[N+](C)(C)CC1 |&1:19|, CCCCCCCCCCCCCCCCCCOP(O)(=O)OC1CC[N+](C)(C)CC1 |&1:19|, CCCCCCCCCCCCCCCCCCOP(O)(=O)OC1CC[N+](C)(C)CC1 |&1:19|, CCCCCCCCCCCCCCCCCCOP(O)(=O)OC1CC[N+](C)(C)CC1 |&1:19|","SZFPYBIJACMNJV-UHFFFAOYSA-O, SZFPYBIJACMNJV-UHFFFAOYSA-O, SZFPYBIJACMNJV-UHFFFAOYSA-O, SZFPYBIJACMNJV-UHFFFAOYSA-O, SZFPYBIJACMNJV-UHFFFAOYSA-O",Phase 3
perillyl-alcohol,"apoptosis stimulant, farnesyltransferase inhibitor",FNTA,,,"Enamine, Enamine, Enamine, Enamine",0,"CC(=C)[C@H]1CCC(CO)=CC1 |&1:3,r,c:8|, CC(=C)[C@H]1CCC(CO)=CC1 |&1:3,r,c:8|, CC(=C)[C@H]1CCC(CO)=CC1 |&1:3,r,c:8|, CC(=C)[C@H]1CCC(CO)=CC1 |&1:3,r,c:8|","NDTYTMIUWGWIMO-SNVBAGLBSA-N, NDTYTMIUWGWIMO-SNVBAGLBSA-N, NDTYTMIUWGWIMO-SNVBAGLBSA-N, NDTYTMIUWGWIMO-SNVBAGLBSA-N",Phase 2
perindopril,angiotensin converting enzyme inhibitor,ACE,cardiology,"hypertension, myocardial infarction, coronary artery disease (CAD)","MicroSource, Selleck, MedChemEx, Tocris, Tocris",95.89,"CCC[C@H](N[C@@H](C)C(=O)N1[C@H]2CCCC[C@H]2C[C@H]1C(O)=O)C(=O)OCC, CCC[C@H](N[C@@H](C)C(=O)N1[C@H]2CCCC[C@H]2C[C@H]1C(O)=O)C(=O)OCC, CCC[C@H](N[C@@H](C)C(=O)N1[C@H]2CCCC[C@H]2C[C@H]1C(O)=O)C(=O)OCC, CCC[C@H](N[C@@H](C)C(=O)N1[C@H]2CCCC[C@H]2C[C@H]1C(O)=O)C(=O)OCC, CCC[C@H](N[C@@H](C)C(=O)N1[C@H]2CCCC[C@H]2C[C@H]1C(O)=O)C(=O)OCC","IPVQLZZIHOAWMC-QXKUPLGCSA-N, IPVQLZZIHOAWMC-QXKUPLGCSA-N, IPVQLZZIHOAWMC-QXKUPLGCSA-N, IPVQLZZIHOAWMC-QXKUPLGCSA-N, IPVQLZZIHOAWMC-QXKUPLGCSA-N",Launched
perindoprilat,angiotensin converting enzyme inhibitor,ACE,,,MicroSource,3.67,CCC[C@H](N[C@@H](C)C(=O)N1[C@H]2CCCC[C@H]2C[C@H]1C(O)=O)C(O)=O,ODAIHABQVKJNIY-PEDHHIEDSA-N,Phase 2
permethrin,,,infectious disease,lice,"MedChemEx, MicroSource, Sigma",0,"CC1(C)[C@@H](C=C(Cl)Cl)[C@@H]1C(=O)OCc1cccc(Oc2ccccc2)c1 |&1:3,&2:8,r|, CC1(C)[C@@H](C=C(Cl)Cl)[C@@H]1C(=O)OCc1cccc(Oc2ccccc2)c1 |&1:3,&2:8,r|, CC1(C)[C@@H](C=C(Cl)Cl)[C@@H]1C(=O)OCc1cccc(Oc2ccccc2)c1 |&1:3,&2:8,r|","RLLPVAHGXHCWKJ-PKOBYXMFSA-N, RLLPVAHGXHCWKJ-PKOBYXMFSA-N, RLLPVAHGXHCWKJ-PKOBYXMFSA-N",Launched
perospirone,"dopamine receptor antagonist, serotonin receptor antagonist","DRD2, DRD3, DRD4",neurology/psychiatry,"schizophrenia, bipolar disorder","Prestwick, AKSci, AKSci, AKSci, AKSci",99.7,"O=C1[C@H]2CCCC[C@H]2C(=O)N1CCCCN1CCN(CC1)c1nsc2ccccc12, O=C1[C@H]2CCCC[C@H]2C(=O)N1CCCCN1CCN(CC1)c1nsc2ccccc12, O=C1[C@H]2CCCC[C@H]2C(=O)N1CCCCN1CCN(CC1)c1nsc2ccccc12, O=C1[C@H]2CCCC[C@H]2C(=O)N1CCCCN1CCN(CC1)c1nsc2ccccc12, O=C1[C@H]2CCCC[C@H]2C(=O)N1CCCCN1CCN(CC1)c1nsc2ccccc12","FBVFZWUMDDXLLG-HDICACEKSA-N, FBVFZWUMDDXLLG-HDICACEKSA-N, FBVFZWUMDDXLLG-HDICACEKSA-N, FBVFZWUMDDXLLG-HDICACEKSA-N, FBVFZWUMDDXLLG-HDICACEKSA-N",Launched
perphenazine,dopamine receptor antagonist,"CALM1, DRD1, DRD2, HRH1, HTR2A, HTR2C, HTR6, HTR7","neurology/psychiatry, gastroenterology","schizophrenia, nausea, vomiting","MicroSource, MedChemEx, MedChemEx, Sigma",87.72,"OCCN1CCN(CCCN2c3ccccc3Sc3ccc(Cl)cc23)CC1, OCCN1CCN(CCCN2c3ccccc3Sc3ccc(Cl)cc23)CC1, OCCN1CCN(CCCN2c3ccccc3Sc3ccc(Cl)cc23)CC1, OCCN1CCN(CCCN2c3ccccc3Sc3ccc(Cl)cc23)CC1","RGCVKNLCSQQDEP-UHFFFAOYSA-N, RGCVKNLCSQQDEP-UHFFFAOYSA-N, RGCVKNLCSQQDEP-UHFFFAOYSA-N, RGCVKNLCSQQDEP-UHFFFAOYSA-N",Launched
peruvoside,cardiac glycoside,,,,Enzo,70.11,"CO[C@H]1[C@@H](O)[C@@H](C)O[C@@H](O[C@H]2CC[C@@]3(C=O)[C@H](CC[C@@H]4[C@@H]3CC[C@]3(C)[C@H](CC[C@]43O)C3=CC(=O)OC3)C2)[C@@H]1O |a:2,3,8,10,13,16,19,20,23,25,28,&1:5,&2:37,t:33|",PMTSPAGBAFCORP-BZEWZVDJSA-N,Phase 1
perzinfotel,glutamate receptor antagonist,"GRIN1, GRIN2A, GRIN2B",,,"Sigma, Sigma, Sigma",97,"OP(O)(=O)CCN1CCCNc2c1c(=O)c2=O, OP(O)(=O)CCN1CCCNc2c1c(=O)c2=O, OP(O)(=O)CCN1CCCNc2c1c(=O)c2=O","BDABGOLMYNHHTR-UHFFFAOYSA-N, BDABGOLMYNHHTR-UHFFFAOYSA-N, BDABGOLMYNHHTR-UHFFFAOYSA-N",Phase 2
PETCM,caspase activator,CASP3,,,"Tocris, Tocris",93.77,"O[C@@H](Cc1ccncc1)C(Cl)(Cl)Cl |&1:1,r|, O[C@@H](Cc1ccncc1)C(Cl)(Cl)Cl |&1:1,r|","NGTDJJKTGRNNAU-ZETCQYMHSA-N, NGTDJJKTGRNNAU-ZETCQYMHSA-N",Preclinical
pevonedistat,nedd activating enzyme inhibitor,"NAE1, UBA3",,,"MedChemEx, MedChemEx, MedChemEx, MedChemEx, MedChemEx, Active, Active, Active",98.16,"NS(=O)(=O)OC[C@@H]1C[C@H](C[C@@H]1O)n1ccc2c(N[C@H]3CCc4ccccc34)ncnc12, NS(=O)(=O)OC[C@@H]1C[C@H](C[C@@H]1O)n1ccc2c(N[C@H]3CCc4ccccc34)ncnc12, NS(=O)(=O)OC[C@@H]1C[C@H](C[C@@H]1O)n1ccc2c(N[C@H]3CCc4ccccc34)ncnc12, NS(=O)(=O)OC[C@@H]1C[C@H](C[C@@H]1O)n1ccc2c(N[C@H]3CCc4ccccc34)ncnc12, NS(=O)(=O)OC[C@@H]1C[C@H](C[C@@H]1O)n1ccc2c(N[C@H]3CCc4ccccc34)ncnc12, NS(=O)(=O)OC[C@@H]1C[C@H](C[C@@H]1O)n1ccc2c(N[C@H]3CCc4ccccc34)ncnc12, NS(=O)(=O)OC[C@@H]1C[C@H](C[C@@H]1O)n1ccc2c(N[C@H]3CCc4ccccc34)ncnc12, NS(=O)(=O)OC[C@@H]1C[C@H](C[C@@H]1O)n1ccc2c(N[C@H]3CCc4ccccc34)ncnc12","MPUQHZXIXSTTDU-QXGSTGNESA-N, MPUQHZXIXSTTDU-QXGSTGNESA-N, MPUQHZXIXSTTDU-QXGSTGNESA-N, MPUQHZXIXSTTDU-QXGSTGNESA-N, MPUQHZXIXSTTDU-QXGSTGNESA-N, InChI=1S/C21H25N5O4S/c22-31(28,29)30-11-14-9-15(10-19(14)27)26-8-7-17-20(23-12-24-21(17)26)25-18-6-5-13-3-1-2-4-16(13)18/h1-4,7-8,12,14-15,18-19,27H,5-6,9-11H2,(H2,22,28,29)(H,23,24,25)/t14-,15+,18-,19-/m0/s1, InChI=1S/C21H25N5O4S/c22-31(28,29)30-11-14-9-15(10-19(14)27)26-8-7-17-20(23-12-24-21(17)26)25-18-6-5-13-3-1-2-4-16(13)18/h1-4,7-8,12,14-15,18-19,27H,5-6,9-11H2,(H2,22,28,29)(H,23,24,25)/t14-,15+,18-,19-/m0/s1, InChI=1S/C21H25N5O4S/c22-31(28,29)30-11-14-9-15(10-19(14)27)26-8-7-17-20(23-12-24-21(17)26)25-18-6-5-13-3-1-2-4-16(13)18/h1-4,7-8,12,14-15,18-19,27H,5-6,9-11H2,(H2,22,28,29)(H,23,24,25)/t14-,15+,18-,19-/m0/s1",Phase 3
pexidartinib,tyrosine kinase inhibitor,"CSF1R, FLT3, KIT",,,"MedChemEx, MedChemEx, MedChemEx",94.9,"FC(F)(F)c1ccc(CNc2ccc(Cc3c[nH]c4ncc(Cl)cc34)cn2)cn1, FC(F)(F)c1ccc(CNc2ccc(Cc3c[nH]c4ncc(Cl)cc34)cn2)cn1, FC(F)(F)c1ccc(CNc2ccc(Cc3c[nH]c4ncc(Cl)cc34)cn2)cn1","JGWRKYUXBBNENE-UHFFFAOYSA-N, JGWRKYUXBBNENE-UHFFFAOYSA-N, JGWRKYUXBBNENE-UHFFFAOYSA-N",Launched
pexmetinib,"MAP kinase inhibitor, TIE tyrosine kinase inhibitor","MAPK14, TEK",,,"Selleck, Selleck, Selleck, Selleck",99.4,"Cc1ccc(cc1)-n1nc(cc1NC(=O)NCc1cc(F)ccc1Oc1ccc2n(CCO)ncc2c1)C(C)(C)C, Cc1ccc(cc1)-n1nc(cc1NC(=O)NCc1cc(F)ccc1Oc1ccc2n(CCO)ncc2c1)C(C)(C)C, Cc1ccc(cc1)-n1nc(cc1NC(=O)NCc1cc(F)ccc1Oc1ccc2n(CCO)ncc2c1)C(C)(C)C, Cc1ccc(cc1)-n1nc(cc1NC(=O)NCc1cc(F)ccc1Oc1ccc2n(CCO)ncc2c1)C(C)(C)C","LNMRSSIMGCDUTP-UHFFFAOYSA-N, LNMRSSIMGCDUTP-UHFFFAOYSA-N, LNMRSSIMGCDUTP-UHFFFAOYSA-N, LNMRSSIMGCDUTP-UHFFFAOYSA-N",Phase 1
PF-02413873,progesterone receptor antagonist,,,,Sigma,96.06,Cc1c(Oc2cc(C)c(C#N)c(C)c2)c(nn1CS(C)(=O)=O)C1CC1,QSFGZNVRVZHUGV-UHFFFAOYSA-N,Phase 1
PF-02545920,phosphodiesterase inhibitor,PDE10A,,,"Selleck, Selleck, Selleck",95.3,"Cn1cc(c(n1)-c1ccc(OCc2ccc3ccccc3n2)cc1)-c1ccncc1, Cn1cc(c(n1)-c1ccc(OCc2ccc3ccccc3n2)cc1)-c1ccncc1, Cn1cc(c(n1)-c1ccc(OCc2ccc3ccccc3n2)cc1)-c1ccncc1","AZEXWHKOMMASPA-UHFFFAOYSA-N, AZEXWHKOMMASPA-UHFFFAOYSA-N, AZEXWHKOMMASPA-UHFFFAOYSA-N",Phase 2
PF-03049423,phosphodiesterase inhibitor,PDE5A,,,"Key, Key",97.3,"CCCOCCn1c2cc(ncc2nc(N2CCN(CCO)CC2)c1=O)-c1ccc(OC)nc1, CCCOCCn1c2cc(ncc2nc(N2CCN(CCO)CC2)c1=O)-c1ccc(OC)nc1","MNLNAGRCHNMKKJ-UHFFFAOYSA-N, MNLNAGRCHNMKKJ-UHFFFAOYSA-N",Phase 2
PF-03084014,gamma secretase inhibitor,,,,"Tocris, MedChemEx, MedChemEx",91.79,"CCC[C@H](N[C@H]1CCc2cc(F)cc(F)c2C1)C(=O)Nc1cn(cn1)C(C)(C)CNCC(C)(C)C, CCC[C@H](N[C@H]1CCc2cc(F)cc(F)c2C1)C(=O)Nc1cn(cn1)C(C)(C)CNCC(C)(C)C, CCC[C@H](N[C@H]1CCc2cc(F)cc(F)c2C1)C(=O)Nc1cn(cn1)C(C)(C)CNCC(C)(C)C","VFCRKLWBYMDAED-REWPJTCUSA-N, VFCRKLWBYMDAED-REWPJTCUSA-N, VFCRKLWBYMDAED-REWPJTCUSA-N",Phase 3
PF-03758309,p21 activated kinase inhibitor,PAK4,,,"MedChemEx, MedChemEx, MedChemEx, MedChemEx, Broad Institute, Broad Institute, Broad Institute, Broad Institute, Broad Institute, Broad Institute, Broad Institute, Broad Institute",95.43,"CN(C)C[C@@H](NC(=O)N1Cc2c(Nc3nc(C)nc4ccsc34)[nH]nc2C1(C)C)c1ccccc1, CN(C)C[C@@H](NC(=O)N1Cc2c(Nc3nc(C)nc4ccsc34)[nH]nc2C1(C)C)c1ccccc1, CN(C)C[C@@H](NC(=O)N1Cc2c(Nc3nc(C)nc4ccsc34)[nH]nc2C1(C)C)c1ccccc1, CN(C)C[C@@H](NC(=O)N1Cc2c(Nc3nc(C)nc4ccsc34)[nH]nc2C1(C)C)c1ccccc1, CN(C)C[C@@H](NC(=O)N1Cc2c(Nc3nc(C)nc4ccsc34)[nH]nc2C1(C)C)c1ccccc1, CN(C)C[C@@H](NC(=O)N1Cc2c(Nc3nc(C)nc4ccsc34)[nH]nc2C1(C)C)c1ccccc1, CN(C)C[C@@H](NC(=O)N1Cc2c(Nc3nc(C)nc4ccsc34)[nH]nc2C1(C)C)c1ccccc1, CN(C)C[C@@H](NC(=O)N1Cc2c(Nc3nc(C)nc4ccsc34)[nH]nc2C1(C)C)c1ccccc1, CN(C)C[C@@H](NC(=O)N1Cc2c(Nc3nc(C)nc4ccsc34)[nH]nc2C1(C)C)c1ccccc1, CN(C)C[C@@H](NC(=O)N1Cc2c(Nc3nc(C)nc4ccsc34)[nH]nc2C1(C)C)c1ccccc1, CN(C)C[C@@H](NC(=O)N1Cc2c(Nc3nc(C)nc4ccsc34)[nH]nc2C1(C)C)c1ccccc1, CN(C)C[C@@H](NC(=O)N1Cc2c(Nc3nc(C)nc4ccsc34)[nH]nc2C1(C)C)c1ccccc1","AYCPARAPKDAOEN-LJQANCHMSA-N, AYCPARAPKDAOEN-LJQANCHMSA-N, AYCPARAPKDAOEN-LJQANCHMSA-N, AYCPARAPKDAOEN-LJQANCHMSA-N, InChI=1S/C25H30N8OS/c1-15-26-18-11-12-35-20(18)23(27-15)29-22-17-13-33(25(2,3)21(17)30-31-22)24(34)28-19(14-32(4)5)16-9-7-6-8-10-16/h6-12,19H,13-14H2,1-5H3,(H,28,34)(H2,26,27,29,30,31)/t19-/m1/s1, InChI=1S/C25H30N8OS/c1-15-26-18-11-12-35-20(18)23(27-15)29-22-17-13-33(25(2,3)21(17)30-31-22)24(34)28-19(14-32(4)5)16-9-7-6-8-10-16/h6-12,19H,13-14H2,1-5H3,(H,28,34)(H2,26,27,29,30,31)/t19-/m1/s1, InChI=1S/C25H30N8OS/c1-15-26-18-11-12-35-20(18)23(27-15)29-22-17-13-33(25(2,3)21(17)30-31-22)24(34)28-19(14-32(4)5)16-9-7-6-8-10-16/h6-12,19H,13-14H2,1-5H3,(H,28,34)(H2,26,27,29,30,31)/t19-/m1/s1, InChI=1S/C25H30N8OS/c1-15-26-18-11-12-35-20(18)23(27-15)29-22-17-13-33(25(2,3)21(17)30-31-22)24(34)28-19(14-32(4)5)16-9-7-6-8-10-16/h6-12,19H,13-14H2,1-5H3,(H,28,34)(H2,26,27,29,30,31)/t19-/m1/s1, InChI=1S/C25H30N8OS/c1-15-26-18-11-12-35-20(18)23(27-15)29-22-17-13-33(25(2,3)21(17)30-31-22)24(34)28-19(14-32(4)5)16-9-7-6-8-10-16/h6-12,19H,13-14H2,1-5H3,(H,28,34)(H2,26,27,29,30,31)/t19-/m1/s1, InChI=1S/C25H30N8OS/c1-15-26-18-11-12-35-20(18)23(27-15)29-22-17-13-33(25(2,3)21(17)30-31-22)24(34)28-19(14-32(4)5)16-9-7-6-8-10-16/h6-12,19H,13-14H2,1-5H3,(H,28,34)(H2,26,27,29,30,31)/t19-/m1/s1, InChI=1S/C25H30N8OS/c1-15-26-18-11-12-35-20(18)23(27-15)29-22-17-13-33(25(2,3)21(17)30-31-22)24(34)28-19(14-32(4)5)16-9-7-6-8-10-16/h6-12,19H,13-14H2,1-5H3,(H,28,34)(H2,26,27,29,30,31)/t19-/m1/s1, InChI=1S/C25H30N8OS/c1-15-26-18-11-12-35-20(18)23(27-15)29-22-17-13-33(25(2,3)21(17)30-31-22)24(34)28-19(14-32(4)5)16-9-7-6-8-10-16/h6-12,19H,13-14H2,1-5H3,(H,28,34)(H2,26,27,29,30,31)/t19-/m1/s1",Phase 1
PF-03814735,Aurora kinase inhibitor,"AURKA, AURKB",,,"Tocris, Tocris, Tocris, MedChemEx",99.4,"CC(=O)NCC(=O)N1[C@H]2CC[C@@H]1c1cc(Nc3ncc(c(NC4CCC4)n3)C(F)(F)F)ccc21, CC(=O)NCC(=O)N1[C@H]2CC[C@@H]1c1cc(Nc3ncc(c(NC4CCC4)n3)C(F)(F)F)ccc21, CC(=O)NCC(=O)N1[C@H]2CC[C@@H]1c1cc(Nc3ncc(c(NC4CCC4)n3)C(F)(F)F)ccc21, CC(=O)NCC(=O)N1[C@H]2CC[C@@H]1c1cc(Nc3ncc(c(NC4CCC4)n3)C(F)(F)F)ccc21","RYYNGWLOYLRZLK-RBUKOAKNSA-N, RYYNGWLOYLRZLK-RBUKOAKNSA-N, RYYNGWLOYLRZLK-RBUKOAKNSA-N, RYYNGWLOYLRZLK-RBUKOAKNSA-N",Phase 1
PF-03882845,mineralocorticoid receptor antagonist,,,,"Sigma, Sigma, Sigma, Sigma",91.12,"OC(=O)c1ccc2C3=NN([C@@H](C4CCCC4)C3CCc2c1)c1ccc(C#N)c(Cl)c1 |t:7|, OC(=O)c1ccc2C3=NN([C@@H](C4CCCC4)C3CCc2c1)c1ccc(C#N)c(Cl)c1 |t:7|, OC(=O)c1ccc2C3=NN([C@@H](C4CCCC4)C3CCc2c1)c1ccc(C#N)c(Cl)c1 |t:7|, OC(=O)c1ccc2C3=NN([C@@H](C4CCCC4)C3CCc2c1)c1ccc(C#N)c(Cl)c1 |t:7|","XNULRSOGWPFPBL-AKRCKQFNSA-N, XNULRSOGWPFPBL-AKRCKQFNSA-N, XNULRSOGWPFPBL-AKRCKQFNSA-N, XNULRSOGWPFPBL-AKRCKQFNSA-N",Phase 1
PF-04136309,CC chemokine receptor antagonist,,,,"MedChemEx, MedChemEx, MedChemEx, MedChemEx, MedChemEx",97.46,"O[C@]1(CC[C@@H](CC1)N[C@H]1CCN(C1)C(=O)CNC(=O)c1cccc(c1)C(F)(F)F)c1ccc(cn1)-c1ncccn1, O[C@]1(CC[C@@H](CC1)N[C@H]1CCN(C1)C(=O)CNC(=O)c1cccc(c1)C(F)(F)F)c1ccc(cn1)-c1ncccn1, O[C@]1(CC[C@@H](CC1)N[C@H]1CCN(C1)C(=O)CNC(=O)c1cccc(c1)C(F)(F)F)c1ccc(cn1)-c1ncccn1, O[C@]1(CC[C@@H](CC1)N[C@H]1CCN(C1)C(=O)CNC(=O)c1cccc(c1)C(F)(F)F)c1ccc(cn1)-c1ncccn1, O[C@]1(CC[C@@H](CC1)N[C@H]1CCN(C1)C(=O)CNC(=O)c1cccc(c1)C(F)(F)F)c1ccc(cn1)-c1ncccn1","ZNSVOHSYDRPBGI-LXWOLXCRSA-N, ZNSVOHSYDRPBGI-LXWOLXCRSA-N, ZNSVOHSYDRPBGI-LXWOLXCRSA-N, ZNSVOHSYDRPBGI-LXWOLXCRSA-N, ZNSVOHSYDRPBGI-LXWOLXCRSA-N",Phase 2
PF-04217903,c-Met inhibitor,MET,,,"Selleck, Selleck, Selleck, Selleck",97.26,"OCCn1cc(cn1)-c1cnc2nnn(Cc3ccc4ncccc4c3)c2n1, OCCn1cc(cn1)-c1cnc2nnn(Cc3ccc4ncccc4c3)c2n1, OCCn1cc(cn1)-c1cnc2nnn(Cc3ccc4ncccc4c3)c2n1, OCCn1cc(cn1)-c1cnc2nnn(Cc3ccc4ncccc4c3)c2n1","PDMUGYOXRHVNMO-UHFFFAOYSA-N, PDMUGYOXRHVNMO-UHFFFAOYSA-N, PDMUGYOXRHVNMO-UHFFFAOYSA-N, InChI=1S/C19H16N8O/c28-7-6-26-12-15(9-22-26)17-10-21-18-19(23-17)27(25-24-18)11-13-3-4-16-14(8-13)2-1-5-20-16/h1-5,8-10,12,28H,6-7,11H2",Phase 1
PF-04418948,prostaglandin inhibitor,PTGER2,,,"Selleck, Tocris, Tocris",99.27,"COc1ccc2cc(OCC3(CN(C3)C(=O)c3ccc(F)cc3)C(O)=O)ccc2c1, COc1ccc2cc(OCC3(CN(C3)C(=O)c3ccc(F)cc3)C(O)=O)ccc2c1, COc1ccc2cc(OCC3(CN(C3)C(=O)c3ccc(F)cc3)C(O)=O)ccc2c1","LWJGMYMNSNVCEM-UHFFFAOYSA-N, LWJGMYMNSNVCEM-UHFFFAOYSA-N, LWJGMYMNSNVCEM-UHFFFAOYSA-N",Phase 1
PF-04447943,phosphodiesterase inhibitor,PDE9A,,,"MedChemEx, MedChemEx, MedChemEx",97.37,"C[C@@H]1CN(Cc2ncccn2)C[C@H]1c1nc(=O)c2cnn(C3CCOCC3)c2[nH]1, C[C@@H]1CN(Cc2ncccn2)C[C@H]1c1nc(=O)c2cnn(C3CCOCC3)c2[nH]1, C[C@@H]1CN(Cc2ncccn2)C[C@H]1c1nc(=O)c2cnn(C3CCOCC3)c2[nH]1","IWXUVYOOUMLUTQ-CZUORRHYSA-N, IWXUVYOOUMLUTQ-CZUORRHYSA-N, IWXUVYOOUMLUTQ-CZUORRHYSA-N",Phase 2
PF-04457845,FAAH inhibitor,FAAH,,,"Tocris, MedChemEx, MedChemEx",99.1,"FC(F)(F)c1ccc(Oc2cccc(C=C3CCN(CC3)C(=O)Nc3cccnn3)c2)nc1, FC(F)(F)c1ccc(Oc2cccc(C=C3CCN(CC3)C(=O)Nc3cccnn3)c2)nc1, FC(F)(F)c1ccc(Oc2cccc(C=C3CCN(CC3)C(=O)Nc3cccnn3)c2)nc1","BATCTBJIJJEPHM-UHFFFAOYSA-N, BATCTBJIJJEPHM-UHFFFAOYSA-N, BATCTBJIJJEPHM-UHFFFAOYSA-N",Phase 2
PF-04620110,diacylglycerol O acyltransferase inhibitor,DGAT1,,,"Tocris, MedChemEx, MedChemEx",99.59,"Nc1ncnc2OCCN(c3ccc(cc3)[C@H]3CC[C@H](CC(O)=O)CC3)C(=O)c12 |r|, Nc1ncnc2OCCN(c3ccc(cc3)[C@H]3CC[C@H](CC(O)=O)CC3)C(=O)c12 |r|, Nc1ncnc2OCCN(c3ccc(cc3)[C@H]3CC[C@H](CC(O)=O)CC3)C(=O)c12 |r|","GEVVQZHMFVFGLN-HDJSIYSDSA-N, GEVVQZHMFVFGLN-HDJSIYSDSA-N, GEVVQZHMFVFGLN-HDJSIYSDSA-N",Phase 1
PF-04691502,"mTOR inhibitor, PI3K inhibitor","MTOR, PIK3CA",,,"Selleck, Selleck, Selleck",96.68,"COc1ccc(cn1)-c1cc2c(C)nc(N)nc2n([C@H]2CC[C@@H](CC2)OCCO)c1=O |r|, COc1ccc(cn1)-c1cc2c(C)nc(N)nc2n([C@H]2CC[C@@H](CC2)OCCO)c1=O |r|, COc1ccc(cn1)-c1cc2c(C)nc(N)nc2n([C@H]2CC[C@@H](CC2)OCCO)c1=O |r|","XDLYKKIQACFMJG-WKILWMFISA-N, XDLYKKIQACFMJG-WKILWMFISA-N, XDLYKKIQACFMJG-WKILWMFISA-N",Phase 2
PF-04885614,voltage-gated sodium channel blocker,SCN10A,,,"Tocris, Tocris",91.35,"CC(C)(N)c1nc(c[nH]1)-c1ccc(OC(F)(F)F)cc1, CC(C)(N)c1nc(c[nH]1)-c1ccc(OC(F)(F)F)cc1","AGORGFNWYAUYSU-UHFFFAOYSA-N, AGORGFNWYAUYSU-UHFFFAOYSA-N",Preclinical
PF-04937319,glucokinase activator,GCK,,,Sigma,97.36,CN(C)C(=O)c1ncc(Oc2cc(cc3oc(C)cc23)C(=O)Nc2cnc(C)cn2)cn1,MASKQITXHVYVFL-UHFFFAOYSA-N,Phase 2
PF-04995274,serotonin receptor agonist,,,,Sigma,95.7,OC1(CN2CCC(COc3noc4cccc(O[C@@H]5CCOC5)c34)CC2)CCOCC1,WLLOFQROROXOMO-GOSISDBHSA-N,Phase 1
PF-05089771,sodium channel blocker,,,,MedChemEx,92.1,Nc1[nH]ncc1-c1cc(Cl)ccc1Oc1cc(F)c(cc1Cl)S(=O)(=O)Nc1cscn1,ZYSCOUXLBXGGIM-UHFFFAOYSA-N,Preclinical
PF-05175157,acetyl-CoA carboxylase inhibitor,,,,MedChemEx,97.16,[H]n1c(C)nc2ccc(cc12)C(=O)N1CCC2(CC1)Cc1cnn(C(C)C)c1C(=O)C2,BDXXSFOJPYSYOC-UHFFFAOYSA-N,Phase 2
PF-05180999,phosphodiesterase inhibitor,,,,MedChemEx,97.87,Cc1nc(-c2cnn(C)c2-c2ccc(cn2)C(F)(F)F)c2c(ncnn12)N1CCC1,CLGCHUKGBICQTE-UHFFFAOYSA-N,Phase 1
PF-05190457,growth hormone secretagogue receptor inverse agonist,GHSR,,,Sigma,87.74,Cc1cn2cc(CC(=O)N3CCC4(CN(C4)[C@@H]4CCc5cc(ccc45)-c4cc(C)ncn4)CC3)nc2s1,ZIUDADZJCKGWKR-AREMUKBSSA-N,Phase 2
PF-05212384,"mTOR inhibitor, PI3K inhibitor","MTOR, PIK3CA",,,"Key, Selleck, Selleck",97.48,"CN(C)C1CCN(CC1)C(=O)c1ccc(NC(=O)Nc2ccc(cc2)-c2nc(nc(n2)N2CCOCC2)N2CCOCC2)cc1, CN(C)C1CCN(CC1)C(=O)c1ccc(NC(=O)Nc2ccc(cc2)-c2nc(nc(n2)N2CCOCC2)N2CCOCC2)cc1, CN(C)C1CCN(CC1)C(=O)c1ccc(NC(=O)Nc2ccc(cc2)-c2nc(nc(n2)N2CCOCC2)N2CCOCC2)cc1","DWZAEMINVBZMHQ-UHFFFAOYSA-N, DWZAEMINVBZMHQ-UHFFFAOYSA-N, DWZAEMINVBZMHQ-UHFFFAOYSA-N",Phase 2
PF-06260414,androgen receptor modulator,,,,Sigma,17.39,C[C@@H]1CNS(=O)(=O)N(C1)c1ccc2c(nccc2c1)C#N,ZKAVFOXYJCREBQ-SNVBAGLBSA-N,Phase 1
PF-06273340,tyrosine kinase receptor inhibitor,,,,Sigma,96.55,CC(C)(CO)n1cc(C(=O)c2cncc(NC(=O)Cc3ccc(Cl)cn3)c2)c2cnc(N)nc12,BPIWZDNVMQQBQX-UHFFFAOYSA-N,Phase 1
PF-06282999,myeloperoxidase inhibitor,,,,MedChemEx,97.4,COc1ccc(Cl)cc1-c1cc(=O)[nH]c(=S)n1CC(N)=O,ICYNYWFGIDGBRD-UHFFFAOYSA-N,Phase 1
PF-06305591,sodium channel blocker,,,,Sigma,94.3,C[C@H]([C@H](N)c1nc2cc(ccc2[nH]1)C(C)(C)C)C(N)=O,APWZIFIAVVFPNT-PELKAZGASA-N,Phase 1
PF-06409577,protein kinase activator,,,,MedChemEx,96.7,OC(=O)c1c[nH]c2cc(Cl)c(cc12)-c1ccc(cc1)C1(O)CCC1,FHQXLWCFSUSXBF-UHFFFAOYSA-N,Phase 1
PF-06412562,dopamine receptor partial agonist,,,,Sigma,97.43,Cc1cc(Oc2nccc3[nH]ncc23)ccc1-c1c(C)ncnc1C,IDIUJOHYYBNCPC-UHFFFAOYSA-N,Phase 1
PF-06447475,serine/threonine kinase inhibitor,LRRK2,,,"Tocris, MedChemEx",99.15,"N#Cc1cccc(c1)-c1c[nH]c2ncnc(N3CCOCC3)c12, N#Cc1cccc(c1)-c1c[nH]c2ncnc(N3CCOCC3)c12","BHTWDJBVZQBRKP-UHFFFAOYSA-N, BHTWDJBVZQBRKP-UHFFFAOYSA-N",Preclinical
PF-06459988,receptor tyrosine protein kinase inhibitor,,,,MedChemEx,96.87,CO[C@H]1CN(C[C@@H]1COc1nc(Nc2cnn(C)c2)nc2[nH]cc(Cl)c12)C(=O)C=C,ODMXWZROLKITMS-RISCZKNCSA-N,Phase 2
PF-06463922,ALK tyrosine kinase receptor inhibitor,"ALK, FES, ROS1",oncology,non-small cell lung cancer (NSCLC),Selleck,98.98,"C[C@H]1Oc2cc(cnc2N)-c2c(CN(C)C(=O)c3ccc(F)cc13)nn(C)c2C#N |&1:1,r|",IIXWYSCJSQVBQM-UHFFFAOYSA-N,Launched
PF-06650833,kinase inhibitor,,,,MedChemEx,95.84,CC[C@H]1[C@@H](COc2nccc3cc(C(N)=O)c(OC)cc23)NC(=O)[C@H]1F,JKDGKIBAOAFRPJ-ZBINZKHDSA-N,Phase 1
PF-06651600,JAK inhibitor,,,,MedChemEx,95.62,C[C@H]1CC[C@H](CN1C(=O)C=C)Nc1ncnc2[nH]ccc12,CBRJPFGIXUFMTM-WDEREUQCSA-N,Phase 2/Phase 3
PF-06747775,EGFR inhibitor,,,,Sigma,96.39,COc1nn(C)cc1Nc1nc(nc2n(C)cnc12)N1C[C@@H](F)[C@@H](C1)NC(=O)C=C,JYIUNVOCEFIUIU-GHMZBOCLSA-N,Phase 2
PF-06751979,beta secretase inhibitor,,,,MedChemEx,95.8,C[C@H]1C[C@H]2CSC(N)=N[C@]2(CO1)c1nc(NC(=O)c2ccc(OC(F)F)cn2)cs1 |c:7|,ZLZUHACSRMOLLV-RAALSFIWSA-N,Phase 1
PF-06840003,"indoleamine 2,3-dioxygenase inhibitor",,,,MedChemEx,96.34,"Fc1ccc2[nH]cc([C@H]3CC(=O)NC3=O)c2c1 |&1:8,r|",MXKLDYKORJEOPR-MRVPVSSYSA-N,Phase 1
PF-06873600,CDK inhibitor,,,,MedChemEx,94.5,C[C@@]1(O)CCC[C@H]1n1c2nc(NC3CCN(CC3)S(C)(=O)=O)ncc2cc(C(F)F)c1=O,QIEKHLDZKRQLLN-FOIQADDNSA-N,Phase 2
PF-06928215,cyclic GMP-AMP synthase inhibitor,,,,MedChemEx,95.58,OC(=O)[C@@H]1CCCC[C@@H]1NC(=O)c1cnn2c(O)cc(nc12)-c1ccccc1,PHGTYMRDHDEHLI-HIFRSBDPSA-N,Preclinical
PF-3274167,oxytocin receptor antagonist,"AVPR1A, OXTR",,,MedChemEx,96.73,COCc1nnc(N2CC(C2)Oc2ccc(F)cc2Cl)n1-c1ccc(OC)nc1,HNIFCPBQMKPRCX-UHFFFAOYSA-N,Phase 2
PF-3845,FAAH inhibitor,FAAH,,,"Tocris, Selleck, Selleck",96.31,"FC(F)(F)c1ccc(Oc2cccc(CC3CCN(CC3)C(=O)Nc3cccnc3)c2)nc1, FC(F)(F)c1ccc(Oc2cccc(CC3CCN(CC3)C(=O)Nc3cccnc3)c2)nc1, FC(F)(F)c1ccc(Oc2cccc(CC3CCN(CC3)C(=O)Nc3cccnc3)c2)nc1","NBOJHRYUGLRASX-UHFFFAOYSA-N, NBOJHRYUGLRASX-UHFFFAOYSA-N, NBOJHRYUGLRASX-UHFFFAOYSA-N",Preclinical
PF-4191834,lipoxygenase inhibitor,,,,Sigma,97.27,Cn1nccc1-c1ccc(Sc2cccc(c2)C2(CCOCC2)C(N)=O)cc1,DVNQWYLVSNPCJZ-UHFFFAOYSA-N,Preclinical
PF-429242,SREBP inhibitor,MBTPS1,,,"Tocris, Tocris",96.02,"CCN(CC)Cc1ccc(cc1)C(=O)N(CCc1ccccc1OC)[C@@H]1CCNC1, CCN(CC)Cc1ccc(cc1)C(=O)N(CCc1ccccc1OC)[C@@H]1CCNC1","XKPJTOHUPQWSOJ-HSZRJFAPSA-N, XKPJTOHUPQWSOJ-HSZRJFAPSA-N",Preclinical
PF-431396,focal adhesion kinase inhibitor,"PTK2, PTK2B",,,"Tocris, Tocris, Tocris, Tocris",97.24,"CN(c1ccccc1CNc1nc(Nc2ccc3NC(=O)Cc3c2)ncc1C(F)(F)F)S(C)(=O)=O, CN(c1ccccc1CNc1nc(Nc2ccc3NC(=O)Cc3c2)ncc1C(F)(F)F)S(C)(=O)=O, CN(c1ccccc1CNc1nc(Nc2ccc3NC(=O)Cc3c2)ncc1C(F)(F)F)S(C)(=O)=O, CN(c1ccccc1CNc1nc(Nc2ccc3NC(=O)Cc3c2)ncc1C(F)(F)F)S(C)(=O)=O","POJZIZBONPAWIV-UHFFFAOYSA-N, POJZIZBONPAWIV-UHFFFAOYSA-N, POJZIZBONPAWIV-UHFFFAOYSA-N, POJZIZBONPAWIV-UHFFFAOYSA-N",Preclinical
PF-4708671,ribosomal protein inhibitor,RPS6KB1,,,"Selleck, Selleck, Tocris",98.79,"CCc1cncnc1N1CCN(Cc2nc3ccc(cc3[nH]2)C(F)(F)F)CC1, CCc1cncnc1N1CCN(Cc2nc3ccc(cc3[nH]2)C(F)(F)F)CC1, CCc1cncnc1N1CCN(Cc2nc3ccc(cc3[nH]2)C(F)(F)F)CC1","FBLPQCAQRNSVHB-UHFFFAOYSA-N, FBLPQCAQRNSVHB-UHFFFAOYSA-N, FBLPQCAQRNSVHB-UHFFFAOYSA-N",Preclinical
PF-477736,CHK inhibitor,"CHEK1, CHEK2",,,"Selleck, Selleck, Selleck, Selleck, Tocris, Tocris, Selleck, Selleck",95,"Cn1cc(cn1)-c1[nH]c2cc(NC(=O)[C@H](N)C3CCCCC3)cc3c2c1cn[nH]c3=O, Cn1cc(cn1)-c1[nH]c2cc(NC(=O)[C@H](N)C3CCCCC3)cc3c2c1cn[nH]c3=O, Cn1cc(cn1)-c1[nH]c2cc(NC(=O)[C@H](N)C3CCCCC3)cc3c2c1cn[nH]c3=O, Cn1cc(cn1)-c1[nH]c2cc(NC(=O)[C@H](N)C3CCCCC3)cc3c2c1cn[nH]c3=O, Cn1cc(cn1)-c1[nH]c2cc(NC(=O)[C@H](N)C3CCCCC3)cc3c2c1cn[nH]c3=O, Cn1cc(cn1)-c1[nH]c2cc(NC(=O)[C@H](N)C3CCCCC3)cc3c2c1cn[nH]c3=O, Cn1cc(cn1)-c1[nH]c2cc(NC(=O)[C@H](N)C3CCCCC3)cc3c2c1cn[nH]c3=O, Cn1cc(cn1)-c1[nH]c2cc(NC(=O)[C@H](N)C3CCCCC3)cc3c2c1cn[nH]c3=O","NDEXUOWTGYUVGA-LJQANCHMSA-N, NDEXUOWTGYUVGA-LJQANCHMSA-N, NDEXUOWTGYUVGA-LJQANCHMSA-N, NDEXUOWTGYUVGA-LJQANCHMSA-N, NDEXUOWTGYUVGA-LJQANCHMSA-N, NDEXUOWTGYUVGA-LJQANCHMSA-N, NDEXUOWTGYUVGA-LJQANCHMSA-N, NDEXUOWTGYUVGA-LJQANCHMSA-N",Phase 1
PF-4800567,casein kinase inhibitor,"CSNK1D, CSNK1E",,,"Tocris, Tocris, Tocris, Tocris, Tocris, Tocris, Tocris, Tocris, Tocris",99.49,"Nc1ncnc2n(nc(COc3cccc(Cl)c3)c12)C1CCOCC1, Nc1ncnc2n(nc(COc3cccc(Cl)c3)c12)C1CCOCC1, Nc1ncnc2n(nc(COc3cccc(Cl)c3)c12)C1CCOCC1, Nc1ncnc2n(nc(COc3cccc(Cl)c3)c12)C1CCOCC1, Nc1ncnc2n(nc(COc3cccc(Cl)c3)c12)C1CCOCC1, Nc1ncnc2n(nc(COc3cccc(Cl)c3)c12)C1CCOCC1, Nc1ncnc2n(nc(COc3cccc(Cl)c3)c12)C1CCOCC1, Nc1ncnc2n(nc(COc3cccc(Cl)c3)c12)C1CCOCC1, Nc1ncnc2n(nc(COc3cccc(Cl)c3)c12)C1CCOCC1","AUMDBEHGJRZSOO-UHFFFAOYSA-N, AUMDBEHGJRZSOO-UHFFFAOYSA-N, AUMDBEHGJRZSOO-UHFFFAOYSA-N, AUMDBEHGJRZSOO-UHFFFAOYSA-N, AUMDBEHGJRZSOO-UHFFFAOYSA-N, AUMDBEHGJRZSOO-UHFFFAOYSA-N, AUMDBEHGJRZSOO-UHFFFAOYSA-N, AUMDBEHGJRZSOO-UHFFFAOYSA-N, AUMDBEHGJRZSOO-UHFFFAOYSA-N",Preclinical
PF-4981517,cytochrome P450 inhibitor,CYP3A4,,,"Tocris, Selleck",96.16,"Cc1ccc(cc1)-c1c(cnn1C)-c1nn(C)c2ncnc(N3CC[C@@H](C3)N3CCCCC3)c12, Cc1ccc(cc1)-c1c(cnn1C)-c1nn(C)c2ncnc(N3CC[C@@H](C3)N3CCCCC3)c12","WDWIMDKOXZZYHH-FQEVSTJZSA-N, WDWIMDKOXZZYHH-FQEVSTJZSA-N",Preclinical
PF-514273,cannabinoid receptor antagonist,,,,Sigma,92.1,CC(F)(F)CN1CCOc2c(nn(c2-c2ccc(Cl)cc2)-c2ccccc2Cl)C1=O,FJMQJSUOOGOWBD-UHFFFAOYSA-N,Preclinical
PF-5274857,smoothened receptor antagonist,SMO,,,"Tocris, Tocris, Tocris, Selleck, Selleck, Selleck",96.18,"Cc1cnc(c(C)c1)-c1cc(ncc1Cl)N1CCN(CC1)C(=O)CCS(C)(=O)=O, Cc1cnc(c(C)c1)-c1cc(ncc1Cl)N1CCN(CC1)C(=O)CCS(C)(=O)=O, Cc1cnc(c(C)c1)-c1cc(ncc1Cl)N1CCN(CC1)C(=O)CCS(C)(=O)=O, Cc1cnc(c(C)c1)-c1cc(ncc1Cl)N1CCN(CC1)C(=O)CCS(C)(=O)=O, Cc1cnc(c(C)c1)-c1cc(ncc1Cl)N1CCN(CC1)C(=O)CCS(C)(=O)=O, Cc1cnc(c(C)c1)-c1cc(ncc1Cl)N1CCN(CC1)C(=O)CCS(C)(=O)=O","BBVNTTZIOTWDSV-UHFFFAOYSA-N, BBVNTTZIOTWDSV-UHFFFAOYSA-N, BBVNTTZIOTWDSV-UHFFFAOYSA-N, BBVNTTZIOTWDSV-UHFFFAOYSA-N, BBVNTTZIOTWDSV-UHFFFAOYSA-N, BBVNTTZIOTWDSV-UHFFFAOYSA-N",Preclinical
PF-562271,focal adhesion kinase inhibitor,"PTK2, PTK2B",,,"MedChemEx, Selleck, Selleck, Selleck, Selleck, Selleck, Selleck, Selleck, Selleck, Selleck",94.41,"CN(c1ncccc1CNc1nc(Nc2ccc3NC(=O)Cc3c2)ncc1C(F)(F)F)S(C)(=O)=O, CN(c1ncccc1CNc1nc(Nc2ccc3NC(=O)Cc3c2)ncc1C(F)(F)F)S(C)(=O)=O, CN(c1ncccc1CNc1nc(Nc2ccc3NC(=O)Cc3c2)ncc1C(F)(F)F)S(C)(=O)=O, CN(c1ncccc1CNc1nc(Nc2ccc3NC(=O)Cc3c2)ncc1C(F)(F)F)S(C)(=O)=O, CN(c1ncccc1CNc1nc(Nc2ccc3NC(=O)Cc3c2)ncc1C(F)(F)F)S(C)(=O)=O, CN(c1ncccc1CNc1nc(Nc2ccc3NC(=O)Cc3c2)ncc1C(F)(F)F)S(C)(=O)=O, CN(c1ncccc1CNc1nc(Nc2ccc3NC(=O)Cc3c2)ncc1C(F)(F)F)S(C)(=O)=O, CN(c1ncccc1CNc1nc(Nc2ccc3NC(=O)Cc3c2)ncc1C(F)(F)F)S(C)(=O)=O, CN(c1ncccc1CNc1nc(Nc2ccc3NC(=O)Cc3c2)ncc1C(F)(F)F)S(C)(=O)=O, CN(c1ncccc1CNc1nc(Nc2ccc3NC(=O)Cc3c2)ncc1C(F)(F)F)S(C)(=O)=O","MZDKLVOWGIOKTN-UHFFFAOYSA-N, MZDKLVOWGIOKTN-UHFFFAOYSA-N, MZDKLVOWGIOKTN-UHFFFAOYSA-N, MZDKLVOWGIOKTN-UHFFFAOYSA-N, MZDKLVOWGIOKTN-UHFFFAOYSA-N, MZDKLVOWGIOKTN-UHFFFAOYSA-N, MZDKLVOWGIOKTN-UHFFFAOYSA-N, MZDKLVOWGIOKTN-UHFFFAOYSA-N, MZDKLVOWGIOKTN-UHFFFAOYSA-N, MZDKLVOWGIOKTN-UHFFFAOYSA-N",Phase 1
PF-573228,focal adhesion kinase inhibitor,"CDK1, CDK2, CDK7, GSK3B, IKBKB",,,"Selleck, Selleck, Selleck, Tocris, Tocris, Tocris",97.54,"CS(=O)(=O)c1cccc(CNc2nc(Nc3ccc4NC(=O)CCc4c3)ncc2C(F)(F)F)c1, CS(=O)(=O)c1cccc(CNc2nc(Nc3ccc4NC(=O)CCc4c3)ncc2C(F)(F)F)c1, CS(=O)(=O)c1cccc(CNc2nc(Nc3ccc4NC(=O)CCc4c3)ncc2C(F)(F)F)c1, CS(=O)(=O)c1cccc(CNc2nc(Nc3ccc4NC(=O)CCc4c3)ncc2C(F)(F)F)c1, CS(=O)(=O)c1cccc(CNc2nc(Nc3ccc4NC(=O)CCc4c3)ncc2C(F)(F)F)c1, CS(=O)(=O)c1cccc(CNc2nc(Nc3ccc4NC(=O)CCc4c3)ncc2C(F)(F)F)c1","HESLKTSGTIBHJU-UHFFFAOYSA-N, HESLKTSGTIBHJU-UHFFFAOYSA-N, HESLKTSGTIBHJU-UHFFFAOYSA-N, HESLKTSGTIBHJU-UHFFFAOYSA-N, HESLKTSGTIBHJU-UHFFFAOYSA-N, HESLKTSGTIBHJU-UHFFFAOYSA-N",Preclinical
PF-670462,casein kinase inhibitor,"CSNK1D, CSNK1E",,,"MedChemEx, MedChemEx, Tocris, Tocris, Tocris",97.92,"Nc1nccc(n1)-c1c(ncn1C1CCCCC1)-c1ccc(F)cc1, Nc1nccc(n1)-c1c(ncn1C1CCCCC1)-c1ccc(F)cc1, Nc1nccc(n1)-c1c(ncn1C1CCCCC1)-c1ccc(F)cc1, Nc1nccc(n1)-c1c(ncn1C1CCCCC1)-c1ccc(F)cc1, Nc1nccc(n1)-c1c(ncn1C1CCCCC1)-c1ccc(F)cc1","WUDBUIUHVNECTM-UHFFFAOYSA-N, WUDBUIUHVNECTM-UHFFFAOYSA-N, WUDBUIUHVNECTM-UHFFFAOYSA-N, WUDBUIUHVNECTM-UHFFFAOYSA-N, WUDBUIUHVNECTM-UHFFFAOYSA-N",Preclinical
PF-750,FAAH inhibitor,FAAH,,,"Tocris, Tocris",96.11,"O=C(Nc1ccccc1)N1CCC(Cc2cnc3ccccc3c2)CC1, O=C(Nc1ccccc1)N1CCC(Cc2cnc3ccccc3c2)CC1","BIODYGOZWZNCAG-UHFFFAOYSA-N, BIODYGOZWZNCAG-UHFFFAOYSA-N",Preclinical
PF-8380,autotaxin inhibitor,ENPP2,,,"MedChemEx, MedChemEx",87.86,"Clc1cc(Cl)cc(COC(=O)N2CCN(CCC(=O)c3ccc4[nH]c(=O)oc4c3)CC2)c1, Clc1cc(Cl)cc(COC(=O)N2CCN(CCC(=O)c3ccc4[nH]c(=O)oc4c3)CC2)c1","JMSUDQYHPSNBSN-UHFFFAOYSA-N, JMSUDQYHPSNBSN-UHFFFAOYSA-N",Preclinical
PF-915275,11-beta hydroxysteroid dehydrogenase inhibitor,HSD11B1,,,"Tocris, Tocris, MedChemEx, Tocris",98.29,"Nc1cccc(NS(=O)(=O)c2ccc(cc2)-c2ccc(cc2)C#N)n1, Nc1cccc(NS(=O)(=O)c2ccc(cc2)-c2ccc(cc2)C#N)n1, Nc1cccc(NS(=O)(=O)c2ccc(cc2)-c2ccc(cc2)C#N)n1, Nc1cccc(NS(=O)(=O)c2ccc(cc2)-c2ccc(cc2)C#N)n1","ZESFDAKNYJQYKO-UHFFFAOYSA-N, ZESFDAKNYJQYKO-UHFFFAOYSA-N, ZESFDAKNYJQYKO-UHFFFAOYSA-N, ZESFDAKNYJQYKO-UHFFFAOYSA-N",Phase 1
PFI-1,bromodomain inhibitor,BRD4,,,"Selleck, Selleck, Tocris, Tocris, Selleck, Selleck, Selleck",91.99,"COc1ccccc1S(=O)(=O)Nc1ccc2NC(=O)N(C)Cc2c1, COc1ccccc1S(=O)(=O)Nc1ccc2NC(=O)N(C)Cc2c1, COc1ccccc1S(=O)(=O)Nc1ccc2NC(=O)N(C)Cc2c1, COc1ccccc1S(=O)(=O)Nc1ccc2NC(=O)N(C)Cc2c1, COc1ccccc1S(=O)(=O)Nc1ccc2NC(=O)N(C)Cc2c1, COc1ccccc1S(=O)(=O)Nc1ccc2NC(=O)N(C)Cc2c1, COc1ccccc1S(=O)(=O)Nc1ccc2NC(=O)N(C)Cc2c1","TXZPMHLMPKIUGK-UHFFFAOYSA-N, TXZPMHLMPKIUGK-UHFFFAOYSA-N, TXZPMHLMPKIUGK-UHFFFAOYSA-N, TXZPMHLMPKIUGK-UHFFFAOYSA-N, TXZPMHLMPKIUGK-UHFFFAOYSA-N, TXZPMHLMPKIUGK-UHFFFAOYSA-N, TXZPMHLMPKIUGK-UHFFFAOYSA-N",Preclinical
PFI-3,bromodomain inhibitor,"PBRM1, SMARCA4",,,"Tocris, Tocris, MedChemEx",94.54,"Oc1ccccc1C(=O)\C=C\N1C[C@H]2C[C@@H]1CN2c1ccccn1, Oc1ccccc1C(=O)\C=C\N1C[C@H]2C[C@@H]1CN2c1ccccn1, Oc1ccccc1C(=O)\C=C\N1C[C@H]2C[C@@H]1CN2c1ccccn1","INAICWLVUAKEPB-QSTFCLMHSA-N, INAICWLVUAKEPB-QSTFCLMHSA-N, INAICWLVUAKEPB-QSTFCLMHSA-N",Preclinical
PFI-4,bromodomain inhibitor,BRPF1,,,"Tocris, Tocris, Tocris",98.24,"COc1ccccc1C(=O)Nc1cc2n(C)c(=O)n(C)c2cc1N1CCCC1, COc1ccccc1C(=O)Nc1cc2n(C)c(=O)n(C)c2cc1N1CCCC1, COc1ccccc1C(=O)Nc1cc2n(C)c(=O)n(C)c2cc1N1CCCC1","QCIJLRJBZDBVDB-UHFFFAOYSA-N, QCIJLRJBZDBVDB-UHFFFAOYSA-N, QCIJLRJBZDBVDB-UHFFFAOYSA-N",Preclinical
PFK-015,phosphofructokinase inhibitor,PFKFB3,,,"MedChemEx, MedChemEx, MedChemEx, MedChemEx, MedChemEx",94.52,"O=C(\C=C\c1ccc2ccccc2n1)c1ccncc1, O=C(\C=C\c1ccc2ccccc2n1)c1ccncc1, O=C(\C=C\c1ccc2ccccc2n1)c1ccncc1, O=C(\C=C\c1ccc2ccccc2n1)c1ccncc1, O=C(\C=C\c1ccc2ccccc2n1)c1ccncc1","UJJUKZPBUMCSJZ-BQYQJAHWSA-N, UJJUKZPBUMCSJZ-BQYQJAHWSA-N, UJJUKZPBUMCSJZ-BQYQJAHWSA-N, UJJUKZPBUMCSJZ-BQYQJAHWSA-N, UJJUKZPBUMCSJZ-BQYQJAHWSA-N",Phase 1
PFK-158,phosphofructokinase inhibitor,PFKFB3,,,"MedChemEx, MedChemEx, MedChemEx",90.57,"FC(F)(F)c1ccc2ccc(\C=C\C(=O)c3ccncc3)nc2c1, FC(F)(F)c1ccc2ccc(\C=C\C(=O)c3ccncc3)nc2c1, FC(F)(F)c1ccc2ccc(\C=C\C(=O)c3ccncc3)nc2c1","IAJOMYABKVAZCN-AATRIKPKSA-N, IAJOMYABKVAZCN-AATRIKPKSA-N, IAJOMYABKVAZCN-AATRIKPKSA-N",Phase 1
PG-9,acetylcholine receptor agonist,,,,Tocris,87.9,"C[C@@H](C(=O)O[C@@H]1C[C@@H]2CC[C@H](C1)N2C)c1ccc(Br)cc1 |&1:5,7,10,&2:1,r,TLB:13:12:8.9:5.6.11|",GHDWIFTUSXQYGK-FWYOQMDTSA-N,Preclinical
PGL5001,JNK inhibitor,"MAPK10, MAPK8, MAPK9",,,"MedChemEx, MedChemEx, MedChemEx, MedChemEx, MedChemEx, MedChemEx, MedChemEx, MedChemEx, MedChemEx, MedChemEx",97.5,"N#C[C@@H](c1nc2ccccc2s1)c1ccnc(OCc2ccc(CN3CCOCC3)cc2)n1 |&1:2,r|, N#C[C@@H](c1nc2ccccc2s1)c1ccnc(OCc2ccc(CN3CCOCC3)cc2)n1 |&1:2,r|, N#C[C@@H](c1nc2ccccc2s1)c1ccnc(OCc2ccc(CN3CCOCC3)cc2)n1 |&1:2,r|, N#C[C@@H](c1nc2ccccc2s1)c1ccnc(OCc2ccc(CN3CCOCC3)cc2)n1 |&1:2,r|, N#C[C@@H](c1nc2ccccc2s1)c1ccnc(OCc2ccc(CN3CCOCC3)cc2)n1 |&1:2,r|, N#C[C@@H](c1nc2ccccc2s1)c1ccnc(OCc2ccc(CN3CCOCC3)cc2)n1 |&1:2,r|, N#C[C@@H](c1nc2ccccc2s1)c1ccnc(OCc2ccc(CN3CCOCC3)cc2)n1 |&1:2,r|, N#C[C@@H](c1nc2ccccc2s1)c1ccnc(OCc2ccc(CN3CCOCC3)cc2)n1 |&1:2,r|, N#C[C@@H](c1nc2ccccc2s1)c1ccnc(OCc2ccc(CN3CCOCC3)cc2)n1 |&1:2,r|, N#C[C@@H](c1nc2ccccc2s1)c1ccnc(OCc2ccc(CN3CCOCC3)cc2)n1 |&1:2,r|","XCPPIJCBCWUBNT-HXUWFJFHSA-N, XCPPIJCBCWUBNT-HXUWFJFHSA-N, XCPPIJCBCWUBNT-HXUWFJFHSA-N, XCPPIJCBCWUBNT-HXUWFJFHSA-N, XCPPIJCBCWUBNT-HXUWFJFHSA-N, XCPPIJCBCWUBNT-HXUWFJFHSA-N, XCPPIJCBCWUBNT-HXUWFJFHSA-N, XCPPIJCBCWUBNT-HXUWFJFHSA-N, XCPPIJCBCWUBNT-HXUWFJFHSA-N, XCPPIJCBCWUBNT-HXUWFJFHSA-N",Phase 2
PH-797804,p38 MAPK inhibitor,"MAPK11, MAPK14",,,"Tocris, Selleck, Selleck",97.66,"CNC(=O)c1ccc(C)c(c1)-n1c(C)cc(OCc2ccc(F)cc2F)c(Br)c1=O, CNC(=O)c1ccc(C)c(c1)-n1c(C)cc(OCc2ccc(F)cc2F)c(Br)c1=O, CNC(=O)c1ccc(C)c(c1)-n1c(C)cc(OCc2ccc(F)cc2F)c(Br)c1=O","KCAJXIDMCNPGHZ-UHFFFAOYSA-N, KCAJXIDMCNPGHZ-UHFFFAOYSA-N, KCAJXIDMCNPGHZ-UHFFFAOYSA-N",Phase 2
PHA-543613,nicotinic receptor agonist,,,,Sigma,98.87,O=C(N[C@H]1CN2CCC1CC2)c1cc2ccoc2cn1,IPKZCLGGYKRDES-ZDUSSCGKSA-N,Preclinical
PHA-568487,nicotinic receptor agonist,CHRNA7,,,"Tocris, Tocris",98.49,"O=C(N[C@H]1CN2CCC1CC2)c1ccc2OCCOc2c1, O=C(N[C@H]1CN2CCC1CC2)c1ccc2OCCOc2c1","LUVXHMJTVXZFPD-ZDUSSCGKSA-N, LUVXHMJTVXZFPD-ZDUSSCGKSA-N",Preclinical
PHA-665752,c-Met inhibitor,MET,,,"Tocris, Selleck, Selleck, Selleck, Tocris, Tocris",97.63,"Cc1[nH]c(\C=C2/C(=O)Nc3ccc(cc23)S(=O)(=O)Cc2c(Cl)cccc2Cl)c(C)c1C(=O)N1CCC[C@@H]1CN1CCCC1, Cc1[nH]c(\C=C2/C(=O)Nc3ccc(cc23)S(=O)(=O)Cc2c(Cl)cccc2Cl)c(C)c1C(=O)N1CCC[C@@H]1CN1CCCC1, Cc1[nH]c(\C=C2/C(=O)Nc3ccc(cc23)S(=O)(=O)Cc2c(Cl)cccc2Cl)c(C)c1C(=O)N1CCC[C@@H]1CN1CCCC1, Cc1[nH]c(\C=C2/C(=O)Nc3ccc(cc23)S(=O)(=O)Cc2c(Cl)cccc2Cl)c(C)c1C(=O)N1CCC[C@@H]1CN1CCCC1, Cc1[nH]c(\C=C2/C(=O)Nc3ccc(cc23)S(=O)(=O)Cc2c(Cl)cccc2Cl)c(C)c1C(=O)N1CCC[C@@H]1CN1CCCC1, Cc1[nH]c(\C=C2/C(=O)Nc3ccc(cc23)S(=O)(=O)Cc2c(Cl)cccc2Cl)c(C)c1C(=O)N1CCC[C@@H]1CN1CCCC1","OYONTEXKYJZFHA-SSHUPFPWSA-N, OYONTEXKYJZFHA-SSHUPFPWSA-N, OYONTEXKYJZFHA-SSHUPFPWSA-N, OYONTEXKYJZFHA-SSHUPFPWSA-N, OYONTEXKYJZFHA-SSHUPFPWSA-N, OYONTEXKYJZFHA-SSHUPFPWSA-N",Preclinical
PHA-680632,Aurora kinase inhibitor,"AURKA, AURKB, AURKC",,,"MedChemEx, MedChemEx, Selleck, Selleck",94.34,"CCc1cccc(CC)c1NC(=O)N1Cc2n[nH]c(NC(=O)c3ccc(cc3)N3CCN(C)CC3)c2C1, CCc1cccc(CC)c1NC(=O)N1Cc2n[nH]c(NC(=O)c3ccc(cc3)N3CCN(C)CC3)c2C1, CCc1cccc(CC)c1NC(=O)N1Cc2n[nH]c(NC(=O)c3ccc(cc3)N3CCN(C)CC3)c2C1, CCc1cccc(CC)c1NC(=O)N1Cc2n[nH]c(NC(=O)c3ccc(cc3)N3CCN(C)CC3)c2C1","OBWNXGOQPLDDPS-UHFFFAOYSA-N, OBWNXGOQPLDDPS-UHFFFAOYSA-N, OBWNXGOQPLDDPS-UHFFFAOYSA-N, OBWNXGOQPLDDPS-UHFFFAOYSA-N",Preclinical
PHA-767491,CDC inhibitor,"CDK1, RPS6KB1",,,"Selleck, Selleck, Tocris, Tocris, Tocris",98.06,"O=C1NCCc2[nH]c(cc12)-c1ccncc1, O=C1NCCc2[nH]c(cc12)-c1ccncc1, O=C1NCCc2[nH]c(cc12)-c1ccncc1, O=C1NCCc2[nH]c(cc12)-c1ccncc1, O=C1NCCc2[nH]c(cc12)-c1ccncc1","DKXHSOUZPMHNIZ-UHFFFAOYSA-N, DKXHSOUZPMHNIZ-UHFFFAOYSA-N, DKXHSOUZPMHNIZ-UHFFFAOYSA-N, DKXHSOUZPMHNIZ-UHFFFAOYSA-N, DKXHSOUZPMHNIZ-UHFFFAOYSA-N",Preclinical
PHA-793887,CDK inhibitor,"CDK1, CDK2, CDK4, CDK5, CDK7, CDK9",,,"MedChemEx, Selleck, Selleck, Selleck, Selleck, Selleck, Selleck, Selleck, Selleck, Selleck, Selleck, Selleck, Selleck",91.57,"CC(C)CC(=O)Nc1[nH]nc2c1CN(C(=O)C1CCN(C)CC1)C2(C)C, CC(C)CC(=O)Nc1[nH]nc2c1CN(C(=O)C1CCN(C)CC1)C2(C)C, CC(C)CC(=O)Nc1[nH]nc2c1CN(C(=O)C1CCN(C)CC1)C2(C)C, CC(C)CC(=O)Nc1[nH]nc2c1CN(C(=O)C1CCN(C)CC1)C2(C)C, CC(C)CC(=O)Nc1[nH]nc2c1CN(C(=O)C1CCN(C)CC1)C2(C)C, CC(C)CC(=O)Nc1[nH]nc2c1CN(C(=O)C1CCN(C)CC1)C2(C)C, CC(C)CC(=O)Nc1[nH]nc2c1CN(C(=O)C1CCN(C)CC1)C2(C)C, CC(C)CC(=O)Nc1[nH]nc2c1CN(C(=O)C1CCN(C)CC1)C2(C)C, CC(C)CC(=O)Nc1[nH]nc2c1CN(C(=O)C1CCN(C)CC1)C2(C)C, CC(C)CC(=O)Nc1[nH]nc2c1CN(C(=O)C1CCN(C)CC1)C2(C)C, CC(C)CC(=O)Nc1[nH]nc2c1CN(C(=O)C1CCN(C)CC1)C2(C)C, CC(C)CC(=O)Nc1[nH]nc2c1CN(C(=O)C1CCN(C)CC1)C2(C)C, CC(C)CC(=O)Nc1[nH]nc2c1CN(C(=O)C1CCN(C)CC1)C2(C)C","HUXYBQXJVXOMKX-UHFFFAOYSA-N, HUXYBQXJVXOMKX-UHFFFAOYSA-N, HUXYBQXJVXOMKX-UHFFFAOYSA-N, HUXYBQXJVXOMKX-UHFFFAOYSA-N, HUXYBQXJVXOMKX-UHFFFAOYSA-N, HUXYBQXJVXOMKX-UHFFFAOYSA-N, HUXYBQXJVXOMKX-UHFFFAOYSA-N, HUXYBQXJVXOMKX-UHFFFAOYSA-N, HUXYBQXJVXOMKX-UHFFFAOYSA-N, HUXYBQXJVXOMKX-UHFFFAOYSA-N, HUXYBQXJVXOMKX-UHFFFAOYSA-N, HUXYBQXJVXOMKX-UHFFFAOYSA-N, HUXYBQXJVXOMKX-UHFFFAOYSA-N",Phase 1
PHA-848125,"CDK inhibitor, growth factor receptor inhibitor","CDK2, CDK4, CDK7, NTRK1",,,"MedChemEx, Selleck, Selleck, Selleck, Selleck, Selleck, Selleck, Selleck, Selleck",98.48,"CNC(=O)c1nn(C)c-2c1C(C)(C)Cc1cnc(Nc3ccc(cc3)N3CCN(C)CC3)nc-21, CNC(=O)c1nn(C)c-2c1C(C)(C)Cc1cnc(Nc3ccc(cc3)N3CCN(C)CC3)nc-21, CNC(=O)c1nn(C)c-2c1C(C)(C)Cc1cnc(Nc3ccc(cc3)N3CCN(C)CC3)nc-21, CNC(=O)c1nn(C)c-2c1C(C)(C)Cc1cnc(Nc3ccc(cc3)N3CCN(C)CC3)nc-21, CNC(=O)c1nn(C)c-2c1C(C)(C)Cc1cnc(Nc3ccc(cc3)N3CCN(C)CC3)nc-21, CNC(=O)c1nn(C)c-2c1C(C)(C)Cc1cnc(Nc3ccc(cc3)N3CCN(C)CC3)nc-21, CNC(=O)c1nn(C)c-2c1C(C)(C)Cc1cnc(Nc3ccc(cc3)N3CCN(C)CC3)nc-21, CNC(=O)c1nn(C)c-2c1C(C)(C)Cc1cnc(Nc3ccc(cc3)N3CCN(C)CC3)nc-21, CNC(=O)c1nn(C)c-2c1C(C)(C)Cc1cnc(Nc3ccc(cc3)N3CCN(C)CC3)nc-21","RXZMYLDMFYNEIM-UHFFFAOYSA-N, RXZMYLDMFYNEIM-UHFFFAOYSA-N, RXZMYLDMFYNEIM-UHFFFAOYSA-N, RXZMYLDMFYNEIM-UHFFFAOYSA-N, RXZMYLDMFYNEIM-UHFFFAOYSA-N, RXZMYLDMFYNEIM-UHFFFAOYSA-N, RXZMYLDMFYNEIM-UHFFFAOYSA-N, RXZMYLDMFYNEIM-UHFFFAOYSA-N, RXZMYLDMFYNEIM-UHFFFAOYSA-N",Phase 2
PHCCC,glutamate receptor agonist,"GRM1, GRM4",,,Tocris,91.91,"O\N=C1/[C@@H]2C[C@@]2(Oc2ccccc12)C(=O)Nc1ccccc1 |&1:3,5|",FPXPIEZPAXSELW-RGNAGUPPSA-N,Preclinical
phenacaine,local anesthetic,,neurology/psychiatry,local anesthetic,"MPBio, MPBio",99.16,"CCOc1ccc(NC(C)=Nc2ccc(OCC)cc2)cc1, CCOc1ccc(NC(C)=Nc2ccc(OCC)cc2)cc1","QXDAEKSDNVPFJG-UHFFFAOYSA-N, QXDAEKSDNVPFJG-UHFFFAOYSA-N",Launched
phenacemide,sodium channel blocker,"SCN10A, SCN11A, SCN1A, SCN2A, SCN3A, SCN4A, SCN5A, SCN7A, SCN8A, SCN9A",neurology/psychiatry,"epilepsy, seizures","Sigma, MicroSource",99.38,"NC(=O)NC(=O)Cc1ccccc1, NC(=O)NC(=O)Cc1ccccc1","XPFRXWCVYUEORT-UHFFFAOYSA-N, XPFRXWCVYUEORT-UHFFFAOYSA-N",Launched
phenacetin,cyclooxygenase inhibitor,PTGS1,,,"MedChemEx, MicroSource, Selleck",99.33,"CCOc1ccc(NC(C)=O)cc1, CCOc1ccc(NC(C)=O)cc1, CCOc1ccc(NC(C)=O)cc1","CPJSUEIXXCENMM-UHFFFAOYSA-N, CPJSUEIXXCENMM-UHFFFAOYSA-N, CPJSUEIXXCENMM-UHFFFAOYSA-N",Withdrawn
phenazone,cyclooxygenase inhibitor,"PTGS1, PTGS2",neurology/psychiatry,pain relief,"MedChemEx, MicroSource, Selleck",99.14,"Cc1cc(=O)n(-c2ccccc2)n1C, Cc1cc(=O)n(-c2ccccc2)n1C, Cc1cc(=O)n(-c2ccccc2)n1C","VEQOALNAAJBPNY-UHFFFAOYSA-N, VEQOALNAAJBPNY-UHFFFAOYSA-N, VEQOALNAAJBPNY-UHFFFAOYSA-N",Launched
phenazopyridine,local anesthetic,SCN1A,infectious disease,urinary tract infections,"MedChemEx, Selleck, MicroSource, Selleck, Selleck",96.12,"Nc1ccc(\N=N\c2ccccc2)c(N)n1, Nc1ccc(\N=N\c2ccccc2)c(N)n1, Nc1ccc(\N=N\c2ccccc2)c(N)n1, Nc1ccc(\N=N\c2ccccc2)c(N)n1, Nc1ccc(\N=N\c2ccccc2)c(N)n1","QPFYXYFORQJZEC-FOCLMDBBSA-N, QPFYXYFORQJZEC-FOCLMDBBSA-N, QPFYXYFORQJZEC-FOCLMDBBSA-N, QPFYXYFORQJZEC-FOCLMDBBSA-N, QPFYXYFORQJZEC-FOCLMDBBSA-N",Launched
phenelzine,monoamine oxidase inhibitor,"ABAT, AOC3, GAD2, GPT, GPT2, MAOA, MAOB, SLC6A2, SLC6A3, SLC6A4",neurology/psychiatry,depression,"Sigma, Sigma, MicroSource, Sigma, Sigma",80.24,"NNCCc1ccccc1, NNCCc1ccccc1, NNCCc1ccccc1, NNCCc1ccccc1, NNCCc1ccccc1","RMUCZJUITONUFY-UHFFFAOYSA-N, RMUCZJUITONUFY-UHFFFAOYSA-N, RMUCZJUITONUFY-UHFFFAOYSA-N, RMUCZJUITONUFY-UHFFFAOYSA-N, RMUCZJUITONUFY-UHFFFAOYSA-N",Launched
phenethicillin,bacterial cell wall synthesis inhibitor,,,,Prestwick,55.17,"C[C@@H](Oc1ccccc1)C(=O)N[C@H]1[C@H]2SC(C)(C)[C@@H](N2C1=O)C(O)=O |a:12,13,18,&1:1|",NONJJLVGHLVQQM-ADGXKJENSA-N,Launched
phenethyl-isothiocyanate,anticancer agent,CYP2E1,,,Sigma,0,S=C=NCCc1ccccc1,IZJDOKYDEWTZSO-UHFFFAOYSA-N,Phase 2
phenformin,AMPK activator,"KCNJ8, PRKAA1",,,"MicroSource, MicroSource, MedChemEx, MedChemEx, Selleck",97.99,"NC(N)=NC(=N)NCCc1ccccc1, NC(N)=NC(=N)NCCc1ccccc1, NC(N)=NC(=N)NCCc1ccccc1, NC(N)=NC(=N)NCCc1ccccc1, NC(N)=NC(=N)NCCc1ccccc1","ICFJFFQQTFMIBG-UHFFFAOYSA-N, ICFJFFQQTFMIBG-UHFFFAOYSA-N, ICFJFFQQTFMIBG-UHFFFAOYSA-N, ICFJFFQQTFMIBG-UHFFFAOYSA-N, ICFJFFQQTFMIBG-UHFFFAOYSA-N",Withdrawn
phenindamine,histamine receptor antagonist,HRH1,"allergy, otolaryngology","allergic rhinitis, common cold","AMS, AMS",47.35,"CN1CCC2=C(C1)[C@@H](c1ccccc21)c1ccccc1 |&1:7,r,c:4|, CN1CCC2=C(C1)[C@@H](c1ccccc21)c1ccccc1 |&1:7,r,c:4|","ISFHAYSTHMVOJR-LJQANCHMSA-N, ISFHAYSTHMVOJR-LJQANCHMSA-N",Launched
phenindione,vitamin K antagonist,VKORC1,hematology,deep vein thrombosis (DVT),"MedChemEx, MedChemEx, MedChemEx, Sigma, Selleck, Selleck, MedChemEx, MicroSource",95.63,"O=C1C(C(=O)c2ccccc12)c1ccccc1, O=C1C(C(=O)c2ccccc12)c1ccccc1, O=C1C(C(=O)c2ccccc12)c1ccccc1, O=C1C(C(=O)c2ccccc12)c1ccccc1, O=C1C(C(=O)c2ccccc12)c1ccccc1, O=C1C(C(=O)c2ccccc12)c1ccccc1, O=C1C(C(=O)c2ccccc12)c1ccccc1, O=C1C(C(=O)c2ccccc12)c1ccccc1","NFBAXHOPROOJAW-UHFFFAOYSA-N, NFBAXHOPROOJAW-UHFFFAOYSA-N, NFBAXHOPROOJAW-UHFFFAOYSA-N, NFBAXHOPROOJAW-UHFFFAOYSA-N, NFBAXHOPROOJAW-UHFFFAOYSA-N, NFBAXHOPROOJAW-UHFFFAOYSA-N, NFBAXHOPROOJAW-UHFFFAOYSA-N, NFBAXHOPROOJAW-UHFFFAOYSA-N",Launched
pheniramine,histamine receptor antagonist,HRH1,allergy,"allergic rhinitis, urticaria","Selleck, Selleck, MicroSource, MedChemEx",98.32,"CN(C)CC[C@@H](c1ccccc1)c1ccccn1 |&1:5|, CN(C)CC[C@@H](c1ccccc1)c1ccccn1 |&1:5|, CN(C)CC[C@@H](c1ccccc1)c1ccccn1 |&1:5|, CN(C)CC[C@@H](c1ccccc1)c1ccccn1 |&1:5|","IJHNSHDBIRRJRN-HNNXBMFYSA-N, IJHNSHDBIRRJRN-HNNXBMFYSA-N, IJHNSHDBIRRJRN-HNNXBMFYSA-N, IJHNSHDBIRRJRN-HNNXBMFYSA-N",Launched
phenol,,"CA1, CA12, CA14, CA2, CA4, CA9",otolaryngology,pharyngitis,Sigma,0,Oc1ccccc1,ISWSIDIOOBJBQZ-UHFFFAOYSA-N,Preclinical
phenolphthalein,indicator dye,UGT1A9,,,"MedChemEx, MicroSource",98.24,"Oc1ccc(cc1)C1(OC(=O)c2ccccc12)c1ccc(O)cc1, Oc1ccc(cc1)C1(OC(=O)c2ccccc12)c1ccc(O)cc1","KJFMBFZCATUALV-UHFFFAOYSA-N, KJFMBFZCATUALV-UHFFFAOYSA-N",Withdrawn
phenolsulfonphthalein,,,,,"MedChemEx, MicroSource",94.8,"Oc1ccc(cc1)C1(OS(=O)(=O)c2ccccc12)c1ccc(O)cc1, Oc1ccc(cc1)C1(OS(=O)(=O)c2ccccc12)c1ccc(O)cc1","BELBBZDIHDAJOR-UHFFFAOYSA-N, BELBBZDIHDAJOR-UHFFFAOYSA-N",Launched
phenothiazine,dopamine receptor antagonist,,,,"MicroSource, Selleck, Selleck, Selleck",96.7,"N1c2ccccc2Sc2ccccc12, N1c2ccccc2Sc2ccccc12, N1c2ccccc2Sc2ccccc12, N1c2ccccc2Sc2ccccc12","WJFKNYWRSNBZNX-UHFFFAOYSA-N, WJFKNYWRSNBZNX-UHFFFAOYSA-N, WJFKNYWRSNBZNX-UHFFFAOYSA-N, WJFKNYWRSNBZNX-UHFFFAOYSA-N",Preclinical
phenothrin,,,infectious disease,lice,"MicroSource, Selleck, Sigma",76.28,"CC(C)=C[C@H]1[C@@H](C(=O)OCc2cccc(Oc3ccccc3)c2)C1(C)C |&1:4,&2:5,r|, CC(C)=C[C@H]1[C@@H](C(=O)OCc2cccc(Oc3ccccc3)c2)C1(C)C |&1:4,&2:5,r|, CC(C)=C[C@H]1[C@@H](C(=O)OCc2cccc(Oc3ccccc3)c2)C1(C)C |&1:4,&2:5,r|","SBNFWQZLDJGRLK-SFTDATJTSA-N, SBNFWQZLDJGRLK-SFTDATJTSA-N, SBNFWQZLDJGRLK-SFTDATJTSA-N",Launched
phenoxybenzamine,adrenergic receptor antagonist,"ADRA1A, ADRA1B, ADRA1D, ADRA2A, ADRA2B, ADRA2C","cardiology, endocrinology","hypertension, pheochromocytoma","MedChemEx, Selleck, MedChemEx, MedChemEx, Selleck",90.78,"CC(COc1ccccc1)N(CCCl)Cc1ccccc1, CC(COc1ccccc1)N(CCCl)Cc1ccccc1, CC(COc1ccccc1)N(CCCl)Cc1ccccc1, CC(COc1ccccc1)N(CCCl)Cc1ccccc1, CC(COc1ccccc1)N(CCCl)Cc1ccccc1","QZVCTJOXCFMACW-UHFFFAOYSA-N, QZVCTJOXCFMACW-UHFFFAOYSA-N, QZVCTJOXCFMACW-UHFFFAOYSA-N, QZVCTJOXCFMACW-UHFFFAOYSA-N, QZVCTJOXCFMACW-UHFFFAOYSA-N",Launched
phenprobamate,muscle relaxant,,neurology/psychiatry,"anxiety, muscle relaxant",Prestwick,98.85,NC(=O)OCCCc1ccccc1,CAMYKONBWHRPDD-UHFFFAOYSA-N,Launched
phenprocoumon,vitamin K antagonist,VKORC1,hematology,"thrombosis, pulmonary embolism (PE)",Abblis,97.47,"CC[C@@H](c1ccccc1)c1c(O)c2ccccc2oc1=O |&1:2,r|",DQDAYGNAKTZFIW-ZDUSSCGKSA-N,Launched
phenserine,"acetylcholinesterase inhibitor, beta amyloid synthesis inhibitor","ACHE, BCHE",,,"Sigma, Sigma, Enzo",83.49,"CN1CC[C@]2(C)[C@H]1N(C)c1ccc(OC(=O)Nc3ccccc3)cc21, CN1CC[C@]2(C)[C@H]1N(C)c1ccc(OC(=O)Nc3ccccc3)cc21, CN1CC[C@]2(C)[C@H]1N(C)c1ccc(OC(=O)Nc3ccccc3)cc21","PBHFNBQPZCRWQP-QUCCMNQESA-N, PBHFNBQPZCRWQP-QUCCMNQESA-N, PBHFNBQPZCRWQP-QUCCMNQESA-N",Phase 3
phensuximide,succinimide antiepileptic,,neurology/psychiatry,seizures,"MicroSource, USP",98.87,"CN1C(=O)C[C@@H](C1=O)c1ccccc1 |&1:5,r|, CN1C(=O)C[C@@H](C1=O)c1ccccc1 |&1:5,r|","WLWFNJKHKGIJNW-SECBINFHSA-N, WLWFNJKHKGIJNW-SECBINFHSA-N",Launched
phentolamine,adrenergic receptor antagonist,"ADRA1A, ADRA1B, ADRA1D, ADRA2A, ADRA2B, ADRA2C","endocrinology, cardiology","pheochromocytoma, hypertension","MedChemEx, MedChemEx, Enzo, Enzo, Selleck, MicroSource, Selleck",99.38,"Cc1ccc(cc1)N(CC1=NCCN1)c1cccc(O)c1 |t:10|, Cc1ccc(cc1)N(CC1=NCCN1)c1cccc(O)c1 |t:10|, Cc1ccc(cc1)N(CC1=NCCN1)c1cccc(O)c1 |t:10|, Cc1ccc(cc1)N(CC1=NCCN1)c1cccc(O)c1 |t:10|, Cc1ccc(cc1)N(CC1=NCCN1)c1cccc(O)c1 |t:10|, Cc1ccc(cc1)N(CC1=NCCN1)c1cccc(O)c1 |t:10|, Cc1ccc(cc1)N(CC1=NCCN1)c1cccc(O)c1 |t:10|","MRBDMNSDAVCSSF-UHFFFAOYSA-N, MRBDMNSDAVCSSF-UHFFFAOYSA-N, MRBDMNSDAVCSSF-UHFFFAOYSA-N, MRBDMNSDAVCSSF-UHFFFAOYSA-N, MRBDMNSDAVCSSF-UHFFFAOYSA-N, MRBDMNSDAVCSSF-UHFFFAOYSA-N, MRBDMNSDAVCSSF-UHFFFAOYSA-N",Launched
phenyl-aminosalicylate,,,infectious disease,tuberculosis,"MicroSource, FrontierSci",99.55,"Nc1ccc(C(=O)Oc2ccccc2)c(O)c1, Nc1ccc(C(=O)Oc2ccccc2)c(O)c1","DNVVZWSVACQWJE-UHFFFAOYSA-N, DNVVZWSVACQWJE-UHFFFAOYSA-N",Launched
phenyl-salicylate,antiseptic,,urology,interstitial cystitis (IC),"MedChemEx, Enamine",88.66,"Oc1ccccc1C(=O)Oc1ccccc1, Oc1ccccc1C(=O)Oc1ccccc1","ZQBAKBUEJOMQEX-UHFFFAOYSA-N, ZQBAKBUEJOMQEX-UHFFFAOYSA-N",Launched
phenylacetylglutamine,"DNA methylase inhibitor, protein synthesis inhibitor",,,,Cayman,89.95,NC(=O)CC[C@H](NC(=O)Cc1ccccc1)C(O)=O,JFLIEFSWGNOPJJ-JTQLQIEISA-N,Phase 2
phenylbenzimidazole-sulfonic-acid,,,dermatology,sunscreen lotion,"Vitas-M, Vitas-M",92.52,"OS(=O)(=O)c1ccc2nc([nH]c2c1)-c1ccccc1, OS(=O)(=O)c1ccc2nc([nH]c2c1)-c1ccccc1","UVCJGUGAGLDPAA-UHFFFAOYSA-N, UVCJGUGAGLDPAA-UHFFFAOYSA-N",Launched
phenylbutazone,"cyclooxygenase inhibitor, prostanoid receptor antagonist","PTGIS, PTGS1, PTGS2",,,"MedChemEx, Selleck, Selleck, MicroSource",98.14,"CCCCC1C(=O)N(N(C1=O)c1ccccc1)c1ccccc1, CCCCC1C(=O)N(N(C1=O)c1ccccc1)c1ccccc1, CCCCC1C(=O)N(N(C1=O)c1ccccc1)c1ccccc1, CCCCC1C(=O)N(N(C1=O)c1ccccc1)c1ccccc1","VYMDGNCVAMGZFE-UHFFFAOYSA-N, VYMDGNCVAMGZFE-UHFFFAOYSA-N, VYMDGNCVAMGZFE-UHFFFAOYSA-N, VYMDGNCVAMGZFE-UHFFFAOYSA-N",Withdrawn
phenylbutyrate,HDAC inhibitor,HDAC1,metabolism,urea cycle disorders,"MicroSource, MicroSource, Tocris, Tocris, Tocris, Selleck",97.03,"OC(=O)CCCc1ccccc1, OC(=O)CCCc1ccccc1, OC(=O)CCCc1ccccc1, OC(=O)CCCc1ccccc1, OC(=O)CCCc1ccccc1, OC(=O)CCCc1ccccc1","OBKXEAXTFZPCHS-UHFFFAOYSA-N, OBKXEAXTFZPCHS-UHFFFAOYSA-N, OBKXEAXTFZPCHS-UHFFFAOYSA-N, OBKXEAXTFZPCHS-UHFFFAOYSA-N, OBKXEAXTFZPCHS-UHFFFAOYSA-N, OBKXEAXTFZPCHS-UHFFFAOYSA-N",Launched
phenylephrine,adrenergic receptor agonist,"ADRA1A, ADRA1B, ADRA1D","otolaryngology, gastroenterology, cardiology","nasal congestion, hemorrhoids, hypotension","Selleck, Selleck, Selleck, Selleck, MicroSource",93.38,"CNC[C@H](O)c1cccc(O)c1, CNC[C@H](O)c1cccc(O)c1, CNC[C@H](O)c1cccc(O)c1, CNC[C@H](O)c1cccc(O)c1, CNC[C@H](O)c1cccc(O)c1","SONNWYBIRXJNDC-VIFPVBQESA-N, SONNWYBIRXJNDC-VIFPVBQESA-N, SONNWYBIRXJNDC-VIFPVBQESA-N, SONNWYBIRXJNDC-VIFPVBQESA-N, SONNWYBIRXJNDC-VIFPVBQESA-N",Launched
phenylethyl-alcohol,,,,,"MicroSource, MedChemEx",0,"OCCc1ccccc1, OCCc1ccccc1","WRMNZCZEMHIOCP-UHFFFAOYSA-N, WRMNZCZEMHIOCP-UHFFFAOYSA-N",Preclinical
phenylmercuric-acetate,other antifungal,,,,"MedChemEx, MicroSource, MicroSource, MicroSource",0,"CC(=O)O[Hg]c1ccccc1, CC(=O)O[Hg]c1ccccc1, CC(=O)O[Hg]c1ccccc1, CC(=O)O[Hg]c1ccccc1","XEBWQGVWTUSTLN-UHFFFAOYSA-M, XEBWQGVWTUSTLN-UHFFFAOYSA-M, XEBWQGVWTUSTLN-UHFFFAOYSA-M, XEBWQGVWTUSTLN-UHFFFAOYSA-M",Preclinical
phenylmethylsulfonyl-fluoride,serine protease inhibitor,,,,"Selleck, Selleck, Selleck, Selleck",71.2,"FS(=O)(=O)Cc1ccccc1, FS(=O)(=O)Cc1ccccc1, FS(=O)(=O)Cc1ccccc1, FS(=O)(=O)Cc1ccccc1","YBYRMVIVWMBXKQ-UHFFFAOYSA-N, YBYRMVIVWMBXKQ-UHFFFAOYSA-N, YBYRMVIVWMBXKQ-UHFFFAOYSA-N, YBYRMVIVWMBXKQ-UHFFFAOYSA-N",Preclinical
phenylpiracetam,noradrenaline uptake inhibitor,,neurology/psychiatry,"anxiety, fatigue, depression",MedChemEx,91.32,"NC(=O)CN1C[C@@H](CC1=O)c1ccccc1 |&1:6,r|",LYONXVJRBWWGQO-SNVBAGLBSA-N,Launched
phenytoin,hydantoin antiepileptic,"SCN10A, SCN11A, SCN1A, SCN2A, SCN3A, SCN4A, SCN5A, SCN7A, SCN8A, SCN9A",neurology/psychiatry,seizures,"Selleck, MicroSource, Selleck",99.77,"O=C1NC(=O)C(N1)(c1ccccc1)c1ccccc1, O=C1NC(=O)C(N1)(c1ccccc1)c1ccccc1, O=C1NC(=O)C(N1)(c1ccccc1)c1ccccc1","CXOFVDLJLONNDW-UHFFFAOYSA-N, CXOFVDLJLONNDW-UHFFFAOYSA-N, CXOFVDLJLONNDW-UHFFFAOYSA-N",Launched
PhiKan-083,p53 stabilizing agent,TP53,,,"Tocris, Tocris",97.41,"CCn1c2ccccc2c2cc(CNC)ccc12, CCn1c2ccccc2c2cc(CNC)ccc12","LBPNOEAFWYTTEB-UHFFFAOYSA-N, LBPNOEAFWYTTEB-UHFFFAOYSA-N",Preclinical
phloretin,sodium/glucose cotransporter inhibitor,"AQP9, CLCN3, SLC23A1",,,"Selleck, Selleck",95.59,"Oc1ccc(CCC(=O)c2c(O)cc(O)cc2O)cc1, Oc1ccc(CCC(=O)c2c(O)cc(O)cc2O)cc1","VGEREEWJJVICBM-UHFFFAOYSA-N, VGEREEWJJVICBM-UHFFFAOYSA-N",Launched
phlorizin,sodium/glucose cotransporter inhibitor,"SLC5A1, SLC5A11, SLC5A2, SLC5A3",,,Tocris,97.11,OC[C@H]1O[C@@H](Oc2cc(O)cc(O)c2C(=O)CCc2ccc(O)cc2)[C@H](O)[C@@H](O)[C@@H]1O,IOUVKUPGCMBWBT-QNDFHXLGSA-N,Preclinical
phloroglucin,,,neurology/psychiatry,spasms,"Sigma, Vitas-M",100,"Oc1cc(O)cc(O)c1, Oc1cc(O)cc(O)c1","QCDYQQDYXPDABM-UHFFFAOYSA-N, QCDYQQDYXPDABM-UHFFFAOYSA-N",Launched
phortress,aryl hydrocarbon receptor ligand,AHR,,,"Key, Key, Key",92.95,"Cc1cc(ccc1NC(=O)[C@@H](N)CCCCN)-c1nc2cc(F)ccc2s1, Cc1cc(ccc1NC(=O)[C@@H](N)CCCCN)-c1nc2cc(F)ccc2s1, Cc1cc(ccc1NC(=O)[C@@H](N)CCCCN)-c1nc2cc(F)ccc2s1","LFDOEFHQLNGBQQ-HNNXBMFYSA-N, LFDOEFHQLNGBQQ-HNNXBMFYSA-N, LFDOEFHQLNGBQQ-HNNXBMFYSA-N",Phase 1
phosphatidylcholine,,,"infectious disease, dermatology, gastroenterology, cardiology, obstetrics/gynecology","hepatitis B, hepatitis C, eczema, gallbladder disease, cholesterol, premenstrual syndrome","Selleck, Selleck, Selleck",0,"CCCCCCCCCCCCCCCC(=O)OC[C@H](CO[P@](O)(=O)OCC[N+](C)(C)C)OC(=O)CCCCCCC\C=C/C\C=C/CCCCC |a:19,&1:22|, CCCCCCCCCCCCCCCC(=O)OC[C@H](CO[P@](O)(=O)OCC[N+](C)(C)C)OC(=O)CCCCCCC\C=C/C\C=C/CCCCC |a:19,&1:22|, CCCCCCCCCCCCCCCC(=O)OC[C@H](CO[P@](O)(=O)OCC[N+](C)(C)C)OC(=O)CCCCCCC\C=C/C\C=C/CCCCC |a:19,&1:22|","JLPULHDHAOZNQI-ZTIMHPMXSA-O, JLPULHDHAOZNQI-ZTIMHPMXSA-O, JLPULHDHAOZNQI-ZTIMHPMXSA-O",Launched
PHP-501,GABA receptor antagonist,"GABRA1, GABRB2, GABRG2",,,"Tocris, Tocris, Tocris",95.71,"On1ncc(C2CCNCC2)c1-c1cccc(c1)-c1ccccc1, On1ncc(C2CCNCC2)c1-c1cccc(c1)-c1ccccc1, On1ncc(C2CCNCC2)c1-c1cccc(c1)-c1ccccc1","UHEYIOPHTBWBQN-UHFFFAOYSA-N, UHEYIOPHTBWBQN-UHFFFAOYSA-N, UHEYIOPHTBWBQN-UHFFFAOYSA-N",Preclinical
PHT-427,"AKT inhibitor, pyruvate dehydrogenase inhibitor","AKT2, PDPK1",,,"Tocris, Tocris, Tocris, Selleck, Selleck",96.76,"CCCCCCCCCCCCc1ccc(cc1)S(=O)(=O)Nc1nncs1, CCCCCCCCCCCCc1ccc(cc1)S(=O)(=O)Nc1nncs1, CCCCCCCCCCCCc1ccc(cc1)S(=O)(=O)Nc1nncs1, CCCCCCCCCCCCc1ccc(cc1)S(=O)(=O)Nc1nncs1, CCCCCCCCCCCCc1ccc(cc1)S(=O)(=O)Nc1nncs1","BYWWNRBKPCPJMG-UHFFFAOYSA-N, BYWWNRBKPCPJMG-UHFFFAOYSA-N, BYWWNRBKPCPJMG-UHFFFAOYSA-N, BYWWNRBKPCPJMG-UHFFFAOYSA-N, BYWWNRBKPCPJMG-UHFFFAOYSA-N",Preclinical
phthalylsulfacetamide,,,,,"Selleck, MicroSource, MedChemEx, Selleck",94.32,"CC(=O)NS(=O)(=O)c1ccc(NC(=O)c2ccccc2C(O)=O)cc1, CC(=O)NS(=O)(=O)c1ccc(NC(=O)c2ccccc2C(O)=O)cc1, CC(=O)NS(=O)(=O)c1ccc(NC(=O)c2ccccc2C(O)=O)cc1, CC(=O)NS(=O)(=O)c1ccc(NC(=O)c2ccccc2C(O)=O)cc1","SNWQKAWITMVCQW-UHFFFAOYSA-N, SNWQKAWITMVCQW-UHFFFAOYSA-N, SNWQKAWITMVCQW-UHFFFAOYSA-N, SNWQKAWITMVCQW-UHFFFAOYSA-N",Preclinical
phthalylsulfathiazole,dihydropteroate synthetase inhibitor,,"infectious disease, gastroenterology","dysentry, colitis","MedChemEx, MicroSource",83.45,"OC(=O)c1ccccc1C(=O)Nc1ccc(cc1)S(=O)(=O)Nc1nccs1, OC(=O)c1ccccc1C(=O)Nc1ccc(cc1)S(=O)(=O)Nc1nccs1","PBMSWVPMRUJMPE-UHFFFAOYSA-N, PBMSWVPMRUJMPE-UHFFFAOYSA-N",Launched
PHTPP,estrogen receptor antagonist,ESR2,,,"Tocris, Tocris, Tocris",95.16,"Oc1ccc(cc1)-c1c(nn2c(cc(nc12)C(F)(F)F)C(F)(F)F)-c1ccccc1, Oc1ccc(cc1)-c1c(nn2c(cc(nc12)C(F)(F)F)C(F)(F)F)-c1ccccc1, Oc1ccc(cc1)-c1c(nn2c(cc(nc12)C(F)(F)F)C(F)(F)F)-c1ccccc1","AEZPAUSGTAHLOQ-UHFFFAOYSA-N, AEZPAUSGTAHLOQ-UHFFFAOYSA-N, AEZPAUSGTAHLOQ-UHFFFAOYSA-N",Preclinical
physostigmine,"acetylcholinesterase inhibitor, cholinesterase inhibitor","ACHE, BCHE","cardiology, neurology/psychiatry, ophthalmology, gastroenterology","hypotension, Alzheimer's disease, glaucoma, gastroparesis","MicroSource, MicroSource, Selleck, Selleck, Selleck, Selleck, Selleck, Selleck, Selleck, Selleck",93.77,"CNC(=O)Oc1ccc2N(C)[C@H]3N(C)CC[C@@]3(C)c2c1, CNC(=O)Oc1ccc2N(C)[C@H]3N(C)CC[C@@]3(C)c2c1, CNC(=O)Oc1ccc2N(C)[C@H]3N(C)CC[C@@]3(C)c2c1, CNC(=O)Oc1ccc2N(C)[C@H]3N(C)CC[C@@]3(C)c2c1, CNC(=O)Oc1ccc2N(C)[C@H]3N(C)CC[C@@]3(C)c2c1, CNC(=O)Oc1ccc2N(C)[C@H]3N(C)CC[C@@]3(C)c2c1, CNC(=O)Oc1ccc2N(C)[C@H]3N(C)CC[C@@]3(C)c2c1, CNC(=O)Oc1ccc2N(C)[C@H]3N(C)CC[C@@]3(C)c2c1, CNC(=O)Oc1ccc2N(C)[C@H]3N(C)CC[C@@]3(C)c2c1, CNC(=O)Oc1ccc2N(C)[C@H]3N(C)CC[C@@]3(C)c2c1","PIJVFDBKTWXHHD-HIFRSBDPSA-N, PIJVFDBKTWXHHD-HIFRSBDPSA-N, PIJVFDBKTWXHHD-HIFRSBDPSA-N, PIJVFDBKTWXHHD-HIFRSBDPSA-N, PIJVFDBKTWXHHD-HIFRSBDPSA-N, PIJVFDBKTWXHHD-HIFRSBDPSA-N, PIJVFDBKTWXHHD-HIFRSBDPSA-N, PIJVFDBKTWXHHD-HIFRSBDPSA-N, PIJVFDBKTWXHHD-HIFRSBDPSA-N, PIJVFDBKTWXHHD-HIFRSBDPSA-N",Launched
phytonadione,,"BGLAP, GGCX",hematology,"vitamin K deficiency, anticoagulation reversal","MicroSource, Sigma",2.14,"CC(C)CCC[C@@H](C)CCC[C@@H](C)CCC\C(C)=C\CC1=C(C)C(=O)c2ccccc2C1=O |c:20|, CC(C)CCC[C@@H](C)CCC[C@@H](C)CCC\C(C)=C\CC1=C(C)C(=O)c2ccccc2C1=O |c:20|","MBWXNTAXLNYFJB-NKFFZRIASA-N, MBWXNTAXLNYFJB-NKFFZRIASA-N",Launched
phytosphingosine,,,,,"Enzo, Avanti, Avanti, Avanti, Avanti, Avanti",100,"CCCCCCCCCCCCCC[C@@H](O)[C@@H](O)[C@@H](N)CO, CCCCCCCCCCCCCC[C@@H](O)[C@@H](O)[C@@H](N)CO, CCCCCCCCCCCCCC[C@@H](O)[C@@H](O)[C@@H](N)CO, CCCCCCCCCCCCCC[C@@H](O)[C@@H](O)[C@@H](N)CO, CCCCCCCCCCCCCC[C@@H](O)[C@@H](O)[C@@H](N)CO, CCCCCCCCCCCCCC[C@@H](O)[C@@H](O)[C@@H](N)CO","AERBNCYCJBRYDG-KSZLIROESA-N, InChI=1S/C18H39NO3/c1-2-3-4-5-6-7-8-9-10-11-12-13-14-17(21)18(22)16(19)15-20/h16-18,20-22H,2-15,19H2,1H3/t16-,17+,18-/m0/s1, InChI=1S/C18H39NO3/c1-2-3-4-5-6-7-8-9-10-11-12-13-14-17(21)18(22)16(19)15-20/h16-18,20-22H,2-15,19H2,1H3/t16-,17+,18-/m0/s1, InChI=1S/C18H39NO3/c1-2-3-4-5-6-7-8-9-10-11-12-13-14-17(21)18(22)16(19)15-20/h16-18,20-22H,2-15,19H2,1H3/t16-,17+,18-/m0/s1, InChI=1S/C18H39NO3/c1-2-3-4-5-6-7-8-9-10-11-12-13-14-17(21)18(22)16(19)15-20/h16-18,20-22H,2-15,19H2,1H3/t16-,17+,18-/m0/s1, InChI=1S/C18H39NO3/c1-2-3-4-5-6-7-8-9-10-11-12-13-14-17(21)18(22)16(19)15-20/h16-18,20-22H,2-15,19H2,1H3/t16-,17+,18-/m0/s1",Phase 1
PI-103,"mTOR inhibitor, PI3K inhibitor","MTOR, PIK3CA, PIK3CB, PIK3CD, PIK3CG, PRKDC",,,"Tocris, Tocris, Selleck, Selleck, Selleck, Selleck, Selleck, Calbiochem, Calbiochem",97.96,"Oc1cccc(c1)-c1nc(N2CCOCC2)c2oc3ncccc3c2n1, Oc1cccc(c1)-c1nc(N2CCOCC2)c2oc3ncccc3c2n1, Oc1cccc(c1)-c1nc(N2CCOCC2)c2oc3ncccc3c2n1, Oc1cccc(c1)-c1nc(N2CCOCC2)c2oc3ncccc3c2n1, Oc1cccc(c1)-c1nc(N2CCOCC2)c2oc3ncccc3c2n1, Oc1cccc(c1)-c1nc(N2CCOCC2)c2oc3ncccc3c2n1, Oc1cccc(c1)-c1nc(N2CCOCC2)c2oc3ncccc3c2n1, Oc1cccc(c1)-c1nc(N2CCOCC2)c2oc3ncccc3c2n1, Oc1cccc(c1)-c1nc(N2CCOCC2)c2oc3ncccc3c2n1","TUVCWJQQGGETHL-UHFFFAOYSA-N, TUVCWJQQGGETHL-UHFFFAOYSA-N, TUVCWJQQGGETHL-UHFFFAOYSA-N, TUVCWJQQGGETHL-UHFFFAOYSA-N, TUVCWJQQGGETHL-UHFFFAOYSA-N, TUVCWJQQGGETHL-UHFFFAOYSA-N, TUVCWJQQGGETHL-UHFFFAOYSA-N, InChI=1S/C19H16N4O3/c24-13-4-1-3-12(11-13)17-21-15-14-5-2-6-20-19(14)26-16(15)18(22-17)23-7-9-25-10-8-23/h1-6,11,24H,7-10H2, InChI=1S/C19H16N4O3/c24-13-4-1-3-12(11-13)17-21-15-14-5-2-6-20-19(14)26-16(15)18(22-17)23-7-9-25-10-8-23/h1-6,11,24H,7-10H2",Preclinical
PI-828,PI3K inhibitor,,,,"Tocris, Tocris, Tocris, Tocris, Tocris, Tocris, Tocris, Tocris, Tocris, Tocris, Tocris",93.17,"Nc1ccc(cc1)-c1cccc2c1oc(cc2=O)N1CCOCC1, Nc1ccc(cc1)-c1cccc2c1oc(cc2=O)N1CCOCC1, Nc1ccc(cc1)-c1cccc2c1oc(cc2=O)N1CCOCC1, Nc1ccc(cc1)-c1cccc2c1oc(cc2=O)N1CCOCC1, Nc1ccc(cc1)-c1cccc2c1oc(cc2=O)N1CCOCC1, Nc1ccc(cc1)-c1cccc2c1oc(cc2=O)N1CCOCC1, Nc1ccc(cc1)-c1cccc2c1oc(cc2=O)N1CCOCC1, Nc1ccc(cc1)-c1cccc2c1oc(cc2=O)N1CCOCC1, Nc1ccc(cc1)-c1cccc2c1oc(cc2=O)N1CCOCC1, Nc1ccc(cc1)-c1cccc2c1oc(cc2=O)N1CCOCC1, Nc1ccc(cc1)-c1cccc2c1oc(cc2=O)N1CCOCC1","WUKMIBOGGXMBAC-UHFFFAOYSA-N, WUKMIBOGGXMBAC-UHFFFAOYSA-N, WUKMIBOGGXMBAC-UHFFFAOYSA-N, WUKMIBOGGXMBAC-UHFFFAOYSA-N, WUKMIBOGGXMBAC-UHFFFAOYSA-N, WUKMIBOGGXMBAC-UHFFFAOYSA-N, WUKMIBOGGXMBAC-UHFFFAOYSA-N, WUKMIBOGGXMBAC-UHFFFAOYSA-N, WUKMIBOGGXMBAC-UHFFFAOYSA-N, WUKMIBOGGXMBAC-UHFFFAOYSA-N, WUKMIBOGGXMBAC-UHFFFAOYSA-N",Preclinical
pibenzimol,DNA inhibitor,,,,"Tocris, MedChemEx",94.39,"CN1CCN(CC1)c1ccc2nc([nH]c2c1)-c1ccc2nc([nH]c2c1)-c1ccc(O)cc1, CN1CCN(CC1)c1ccc2nc([nH]c2c1)-c1ccc2nc([nH]c2c1)-c1ccc(O)cc1","INAAIJLSXJJHOZ-UHFFFAOYSA-N, INAAIJLSXJJHOZ-UHFFFAOYSA-N",Phase 2
piboserod,serotonin receptor antagonist,"HTR2B, HTR4",,,"MedChemEx, MedChemEx",96.02,"CCCCN1CCC(CNC(=O)c2c3OCCCn3c3ccccc23)CC1, CCCCN1CCC(CNC(=O)c2c3OCCCn3c3ccccc23)CC1","KVCSJPATKXABRQ-UHFFFAOYSA-N, KVCSJPATKXABRQ-UHFFFAOYSA-N",Phase 2
picartamide,H+/K+-ATPase inhibitor,ATP4A,,,Enamine,98.26,"CNC(=S)[C@]1(CCCS1)c1ccccn1 |&1:4,r|",ITNLONMDUMHEOK-NSHDSACASA-N,Phase 2
piceatannol,SYK inhibitor,"ATP5A1, ATP5B, ATP5C1, IRF3",,,"Tocris, Selleck, Selleck, Selleck, Selleck, Selleck, Selleck, Tocris",97.51,"Oc1cc(O)cc(\C=C\c2ccc(O)c(O)c2)c1, Oc1cc(O)cc(\C=C\c2ccc(O)c(O)c2)c1, Oc1cc(O)cc(\C=C\c2ccc(O)c(O)c2)c1, Oc1cc(O)cc(\C=C\c2ccc(O)c(O)c2)c1, Oc1cc(O)cc(\C=C\c2ccc(O)c(O)c2)c1, Oc1cc(O)cc(\C=C\c2ccc(O)c(O)c2)c1, Oc1cc(O)cc(\C=C\c2ccc(O)c(O)c2)c1, Oc1cc(O)cc(\C=C\c2ccc(O)c(O)c2)c1","CDRPUGZCRXZLFL-OWOJBTEDSA-N, CDRPUGZCRXZLFL-OWOJBTEDSA-N, CDRPUGZCRXZLFL-OWOJBTEDSA-N, CDRPUGZCRXZLFL-OWOJBTEDSA-N, CDRPUGZCRXZLFL-OWOJBTEDSA-N, CDRPUGZCRXZLFL-OWOJBTEDSA-N, CDRPUGZCRXZLFL-OWOJBTEDSA-N, CDRPUGZCRXZLFL-OWOJBTEDSA-N",Preclinical
piclamilast,phosphodiesterase inhibitor,"PDE4A, PDE4B, PDE4C, PDE4D",,,"Tocris, Tocris, Enamine, Enamine",99.07,"COc1ccc(cc1OC1CCCC1)C(=O)Nc1c(Cl)cncc1Cl, COc1ccc(cc1OC1CCCC1)C(=O)Nc1c(Cl)cncc1Cl, COc1ccc(cc1OC1CCCC1)C(=O)Nc1c(Cl)cncc1Cl, COc1ccc(cc1OC1CCCC1)C(=O)Nc1c(Cl)cncc1Cl","RRRUXBQSQLKHEL-UHFFFAOYSA-N, RRRUXBQSQLKHEL-UHFFFAOYSA-N, RRRUXBQSQLKHEL-UHFFFAOYSA-N, RRRUXBQSQLKHEL-UHFFFAOYSA-N",Phase 2
picolamine,,,,,"MedChemEx, MicroSource",98.78,"NCc1cccnc1, NCc1cccnc1","HDOUGSFASVGDCS-UHFFFAOYSA-N, HDOUGSFASVGDCS-UHFFFAOYSA-N",Preclinical
picolinic-acid,chelating agent,,,,"Enamine, Enamine",0,"OC(=O)c1ccccn1, OC(=O)c1ccccn1","SIOXPEMLGUPBBT-UHFFFAOYSA-N, SIOXPEMLGUPBBT-UHFFFAOYSA-N",Phase 2
piconol,,,,,"MedChemEx, MicroSource",88.45,"OCc1ccccn1, OCc1ccccn1","SHNUBALDGXWUJI-UHFFFAOYSA-N, SHNUBALDGXWUJI-UHFFFAOYSA-N",Preclinical
picotamide,"thromboxane receptor antagonist, thromboxane synthase inhibitor",TBXA2R,hematology,thrombosis,"Sigma, Prestwick, Prestwick, Prestwick, Prestwick, Prestwick",99.78,"COc1ccc(cc1C(=O)NCc1cccnc1)C(=O)NCc1cccnc1, COc1ccc(cc1C(=O)NCc1cccnc1)C(=O)NCc1cccnc1, COc1ccc(cc1C(=O)NCc1cccnc1)C(=O)NCc1cccnc1, COc1ccc(cc1C(=O)NCc1cccnc1)C(=O)NCc1cccnc1, COc1ccc(cc1C(=O)NCc1cccnc1)C(=O)NCc1cccnc1, COc1ccc(cc1C(=O)NCc1cccnc1)C(=O)NCc1cccnc1","KYWCWBXGRWWINE-UHFFFAOYSA-N, KYWCWBXGRWWINE-UHFFFAOYSA-N, KYWCWBXGRWWINE-UHFFFAOYSA-N, KYWCWBXGRWWINE-UHFFFAOYSA-N, KYWCWBXGRWWINE-UHFFFAOYSA-N, KYWCWBXGRWWINE-UHFFFAOYSA-N",Launched
picrotin,GABA receptor antagonist,"GLRA1, GLRA2, GLRA3, GLRB",,,"SantaCruz, SantaCruz, SantaCruz, SantaCruz",100,"CC(C)(O)[C@H]1[C@H]2OC(=O)[C@@H]1[C@@]1(O)C[C@H]3O[C@]33C(=O)O[C@@H]2[C@@]13C |&1:4,&2:5,&3:9,&4:10,&5:13,&6:15,&7:19,&8:20,r|, CC(C)(O)[C@H]1[C@H]2OC(=O)[C@@H]1[C@@]1(O)C[C@H]3O[C@]33C(=O)O[C@@H]2[C@@]13C |&1:4,&2:5,&3:9,&4:10,&5:13,&6:15,&7:19,&8:20,r|, CC(C)(O)[C@H]1[C@H]2OC(=O)[C@@H]1[C@@]1(O)C[C@H]3O[C@]33C(=O)O[C@@H]2[C@@]13C |&1:4,&2:5,&3:9,&4:10,&5:13,&6:15,&7:19,&8:20,r|, CC(C)(O)[C@H]1[C@H]2OC(=O)[C@@H]1[C@@]1(O)C[C@H]3O[C@]33C(=O)O[C@@H]2[C@@]13C |&1:4,&2:5,&3:9,&4:10,&5:13,&6:15,&7:19,&8:20,r|","RYEFFICCPKWYML-XSVQNFTRSA-N, RYEFFICCPKWYML-XSVQNFTRSA-N, RYEFFICCPKWYML-XSVQNFTRSA-N, RYEFFICCPKWYML-XSVQNFTRSA-N",Phase 2
picrotoxinin,GABA receptor antagonist,"GLRA1, GLRA2, GLRA3, GLRB, HTR3A, HTR3B",,,"Selleck, Selleck",100,"CC(=C)[C@@H]1[C@H]2OC(=O)[C@H]1[C@]1(O)C[C@H]3O[C@]33C(=O)O[C@H]2[C@]13C, CC(=C)[C@@H]1[C@H]2OC(=O)[C@H]1[C@]1(O)C[C@H]3O[C@]33C(=O)O[C@H]2[C@]13C","PIMZUZSSNYHVCU-KBLUICEQSA-N, PIMZUZSSNYHVCU-KBLUICEQSA-N",Preclinical
pidolic-acid,,"ADAM28, AMY1A, AMY2A, AMY2B, ANG, CCL8, HCRT, IGLC1, KRTAP5-2, TFF2, VEGFA",dermatology,xerosis cutis,MicroSource,92.71,OC(=O)[C@@H]1CCC(=O)N1,ODHCTXKNWHHXJC-VKHMYHEASA-N,Launched
pidotimod,"interferon receptor agonist, interleukin receptor agonist",,infectious disease,immune adjuvant,"MedChemEx, MicroSource, Selleck, Selleck",94.03,"OC(=O)[C@@H]1CSCN1C(=O)[C@@H]1CCC(=O)N1, OC(=O)[C@@H]1CSCN1C(=O)[C@@H]1CCC(=O)N1, OC(=O)[C@@H]1CSCN1C(=O)[C@@H]1CCC(=O)N1, OC(=O)[C@@H]1CSCN1C(=O)[C@@H]1CCC(=O)N1","UUTKICFRNVKFRG-WDSKDSINSA-N, UUTKICFRNVKFRG-WDSKDSINSA-N, UUTKICFRNVKFRG-WDSKDSINSA-N, UUTKICFRNVKFRG-WDSKDSINSA-N",Launched
pifithrin-alpha,TP53 inhibitor,TP53,,,"Selleck, Selleck, Tocris",29.69,"Cc1ccc(cc1)C(=O)Cn1c2CCCCc2sc1=N, Cc1ccc(cc1)C(=O)Cn1c2CCCCc2sc1=N, Cc1ccc(cc1)C(=O)Cn1c2CCCCc2sc1=N","OLTZHXYLLRJLST-UHFFFAOYSA-N, OLTZHXYLLRJLST-UHFFFAOYSA-N, OLTZHXYLLRJLST-UHFFFAOYSA-N",Preclinical
pifithrin-cyclic,TP53 inhibitor,TP53,,,"Tocris, Tocris, Tocris, Tocris",97.07,"Cc1ccc(cc1)-c1cn2c3CCCCc3sc2n1, Cc1ccc(cc1)-c1cn2c3CCCCc3sc2n1, Cc1ccc(cc1)-c1cn2c3CCCCc3sc2n1, Cc1ccc(cc1)-c1cn2c3CCCCc3sc2n1","IMUKUMUNZJILCG-UHFFFAOYSA-N, IMUKUMUNZJILCG-UHFFFAOYSA-N, IMUKUMUNZJILCG-UHFFFAOYSA-N, IMUKUMUNZJILCG-UHFFFAOYSA-N",Preclinical
pifithrin-mu,HSP inhibitor,"HSPA1A, TP53",,,"Tocris, Selleck, Selleck, Selleck, Selleck, Selleck, Selleck, Selleck, Selleck",95.11,"NS(=O)(=O)C#Cc1ccccc1, NS(=O)(=O)C#Cc1ccccc1, NS(=O)(=O)C#Cc1ccccc1, NS(=O)(=O)C#Cc1ccccc1, NS(=O)(=O)C#Cc1ccccc1, NS(=O)(=O)C#Cc1ccccc1, NS(=O)(=O)C#Cc1ccccc1, NS(=O)(=O)C#Cc1ccccc1, NS(=O)(=O)C#Cc1ccccc1","ZZUZYEMRHCMVTB-UHFFFAOYSA-N, ZZUZYEMRHCMVTB-UHFFFAOYSA-N, ZZUZYEMRHCMVTB-UHFFFAOYSA-N, ZZUZYEMRHCMVTB-UHFFFAOYSA-N, ZZUZYEMRHCMVTB-UHFFFAOYSA-N, ZZUZYEMRHCMVTB-UHFFFAOYSA-N, ZZUZYEMRHCMVTB-UHFFFAOYSA-N, ZZUZYEMRHCMVTB-UHFFFAOYSA-N, ZZUZYEMRHCMVTB-UHFFFAOYSA-N",Preclinical
PIK-293,PI3K inhibitor,"PIK3CA, PIK3CB, PIK3CD, PIK3CG",,,"Selleck, Selleck",96.72,"Cc1ccccc1-n1c(Cn2ncc3c(N)ncnc23)nc2cccc(C)c2c1=O, Cc1ccccc1-n1c(Cn2ncc3c(N)ncnc23)nc2cccc(C)c2c1=O","KQDBVHKNIYROHU-UHFFFAOYSA-N, KQDBVHKNIYROHU-UHFFFAOYSA-N",Preclinical
PIK-294,PI3K inhibitor,"PIK3CB, PIK3CD, PIK3CG",,,"MedChemEx, Selleck",97.97,"Cc1ccccc1-n1c(Cn2nc(-c3cccc(O)c3)c3c(N)ncnc23)nc2cccc(C)c2c1=O, Cc1ccccc1-n1c(Cn2nc(-c3cccc(O)c3)c3c(N)ncnc23)nc2cccc(C)c2c1=O","WFSLJOPRIJSOJR-UHFFFAOYSA-N, WFSLJOPRIJSOJR-UHFFFAOYSA-N",Preclinical
PIK-75,"DNA protein kinase inhibitor, PI3K inhibitor","PIK3CA, PIK3CB, PIK3CD, PIK3CG, PRKDC",,,"Selleck, Selleck, Selleck",98,"CN(\N=C\c1cnc2ccc(Br)cn12)S(=O)(=O)c1cc(ccc1C)[N+]([O-])=O, CN(\N=C\c1cnc2ccc(Br)cn12)S(=O)(=O)c1cc(ccc1C)[N+]([O-])=O, CN(\N=C\c1cnc2ccc(Br)cn12)S(=O)(=O)c1cc(ccc1C)[N+]([O-])=O","QTHCAAFKVUWAFI-DJKKODMXSA-N, QTHCAAFKVUWAFI-DJKKODMXSA-N, QTHCAAFKVUWAFI-DJKKODMXSA-N",Preclinical
PIK-93,PI3K inhibitor,"PI4KB, PIK3C3, PIK3CG",,,"Selleck, Selleck, Selleck, Selleck",92.8,"CC(=O)Nc1nc(C)c(s1)-c1ccc(Cl)c(c1)S(=O)(=O)NCCO, CC(=O)Nc1nc(C)c(s1)-c1ccc(Cl)c(c1)S(=O)(=O)NCCO, CC(=O)Nc1nc(C)c(s1)-c1ccc(Cl)c(c1)S(=O)(=O)NCCO, CC(=O)Nc1nc(C)c(s1)-c1ccc(Cl)c(c1)S(=O)(=O)NCCO","JFVNFXCESCXMBC-UHFFFAOYSA-N, JFVNFXCESCXMBC-UHFFFAOYSA-N, JFVNFXCESCXMBC-UHFFFAOYSA-N, JFVNFXCESCXMBC-UHFFFAOYSA-N",Preclinical
pikamilone,,,,,Enamine,98.59,OC(=O)CCCNC(=O)c1cccnc1,NAJVRARAUNYNDX-UHFFFAOYSA-N,Phase 1
piketoprofen,cyclooxygenase inhibitor,,neurology/psychiatry,pain relief,"Enamine, Enamine, Enamine, Enamine",93.58,"C[C@@H](C(=O)Nc1cc(C)ccn1)c1cccc(c1)C(=O)c1ccccc1 |&1:1,r|, C[C@@H](C(=O)Nc1cc(C)ccn1)c1cccc(c1)C(=O)c1ccccc1 |&1:1,r|, C[C@@H](C(=O)Nc1cc(C)ccn1)c1cccc(c1)C(=O)c1ccccc1 |&1:1,r|, C[C@@H](C(=O)Nc1cc(C)ccn1)c1cccc(c1)C(=O)c1ccccc1 |&1:1,r|","ASFKKFRSMGBFRO-MRXNPFEDSA-N, ASFKKFRSMGBFRO-MRXNPFEDSA-N, ASFKKFRSMGBFRO-MRXNPFEDSA-N, ASFKKFRSMGBFRO-MRXNPFEDSA-N",Launched
pilaralisib,PI3K inhibitor,,,,"MedChemEx, MedChemEx, MedChemEx, MedChemEx, MedChemEx, MedChemEx",96.14,"COc1ccc(Cl)c(Nc2nc3ccccc3nc2NS(=O)(=O)c2cccc(NC(=O)C(C)(C)N)c2)c1, COc1ccc(Cl)c(Nc2nc3ccccc3nc2NS(=O)(=O)c2cccc(NC(=O)C(C)(C)N)c2)c1, COc1ccc(Cl)c(Nc2nc3ccccc3nc2NS(=O)(=O)c2cccc(NC(=O)C(C)(C)N)c2)c1, COc1ccc(Cl)c(Nc2nc3ccccc3nc2NS(=O)(=O)c2cccc(NC(=O)C(C)(C)N)c2)c1, COc1ccc(Cl)c(Nc2nc3ccccc3nc2NS(=O)(=O)c2cccc(NC(=O)C(C)(C)N)c2)c1, COc1ccc(Cl)c(Nc2nc3ccccc3nc2NS(=O)(=O)c2cccc(NC(=O)C(C)(C)N)c2)c1","QINPEPAQOBZPOF-UHFFFAOYSA-N, QINPEPAQOBZPOF-UHFFFAOYSA-N, QINPEPAQOBZPOF-UHFFFAOYSA-N, QINPEPAQOBZPOF-UHFFFAOYSA-N, QINPEPAQOBZPOF-UHFFFAOYSA-N, QINPEPAQOBZPOF-UHFFFAOYSA-N",Phase 2
pilocarpine,acetylcholine receptor agonist,"CHRM1, CHRM2, CHRM3, CHRM4, CHRM5","ophthalmology, cardiology","glaucoma, hypertension","Tocris, Tocris, Tocris, Tocris, Tocris, Tocris, MicroSource, Tocris, Selleck",99.14,"CC[C@H]1[C@@H](Cc2cncn2C)COC1=O, CC[C@H]1[C@@H](Cc2cncn2C)COC1=O, CC[C@H]1[C@@H](Cc2cncn2C)COC1=O, CC[C@H]1[C@@H](Cc2cncn2C)COC1=O, CC[C@H]1[C@@H](Cc2cncn2C)COC1=O, CC[C@H]1[C@@H](Cc2cncn2C)COC1=O, CC[C@H]1[C@@H](Cc2cncn2C)COC1=O, CC[C@H]1[C@@H](Cc2cncn2C)COC1=O, CC[C@H]1[C@@H](Cc2cncn2C)COC1=O","QCHFTSOMWOSFHM-WPRPVWTQSA-N, QCHFTSOMWOSFHM-WPRPVWTQSA-N, QCHFTSOMWOSFHM-WPRPVWTQSA-N, QCHFTSOMWOSFHM-WPRPVWTQSA-N, QCHFTSOMWOSFHM-WPRPVWTQSA-N, QCHFTSOMWOSFHM-WPRPVWTQSA-N, QCHFTSOMWOSFHM-WPRPVWTQSA-N, QCHFTSOMWOSFHM-WPRPVWTQSA-N, QCHFTSOMWOSFHM-WPRPVWTQSA-N",Launched
pilsicainide,sodium channel blocker,SCN5A,cardiology,cardiac arrythmia,"AKSci, AKSci",99.35,"Cc1cccc(C)c1NC(=O)CC12CCCN1CCC2, Cc1cccc(C)c1NC(=O)CC12CCCN1CCC2","BCQTVJKBTWGHCX-UHFFFAOYSA-N, BCQTVJKBTWGHCX-UHFFFAOYSA-N",Launched
PIM-1-Inhibitor-2,Pim kinase inhibitor,PIM1,,,"Tocris, Tocris, Tocris",96.9,"Nc1nccc(n1)-c1ccc2noc(-c3ccc(Cl)cc3)c2c1, Nc1nccc(n1)-c1ccc2noc(-c3ccc(Cl)cc3)c2c1, Nc1nccc(n1)-c1ccc2noc(-c3ccc(Cl)cc3)c2c1","AQVFETGXIRKVAQ-UHFFFAOYSA-N, AQVFETGXIRKVAQ-UHFFFAOYSA-N, AQVFETGXIRKVAQ-UHFFFAOYSA-N",Preclinical
PIM-447,Pim kinase inhibitor,,,,MedChemEx,97.01,C[C@@H]1C[C@H](N)C[C@@H](C1)c1ccncc1NC(=O)c1ccc(F)c(n1)-c1c(F)cccc1F,VRQXRVAKPDCRCI-ZNMIVQPWSA-N,Phase 1
pimavanserin,serotonin receptor inverse agonist,"DRD2, HTR2A",neurology/psychiatry,Parkinson's Disease,"MedChemEx, MedChemEx",98.11,"CC(C)COc1ccc(CNC(=O)N(Cc2ccc(F)cc2)C2CCN(C)CC2)cc1, CC(C)COc1ccc(CNC(=O)N(Cc2ccc(F)cc2)C2CCN(C)CC2)cc1","RKEWSXXUOLRFBX-UHFFFAOYSA-N, RKEWSXXUOLRFBX-UHFFFAOYSA-N",Launched
pimecrolimus,calcineurin inhibitor,,dermatology,eczema,"MedChemEx, Selleck",95.57,"CC[C@@H]1\C=C(C)\C[C@H](C)C[C@H](OC)[C@H]2O[C@](O)([C@H](C)C[C@@H]2OC)C(=O)C(=O)N2CCCC[C@H]2C(=O)O[C@@H]([C@H](C)[C@@H](O)CC1=O)C(\C)=C\[C@@H]1CC[C@H](Cl)[C@@H](C1)OC |c:3|, CC[C@@H]1\C=C(C)\C[C@H](C)C[C@H](OC)[C@H]2O[C@](O)([C@H](C)C[C@@H]2OC)C(=O)C(=O)N2CCCC[C@H]2C(=O)O[C@@H]([C@H](C)[C@@H](O)CC1=O)C(\C)=C\[C@@H]1CC[C@H](Cl)[C@@H](C1)OC |c:3|","KASDHRXLYQOAKZ-YFMQXNBHSA-N, KASDHRXLYQOAKZ-YFMQXNBHSA-N",Launched
pimethixene,antihistamine,,"neurology/psychiatry, allergy","attention-deficit/hyperactivity disorder (ADHD), anxiety, sleep cycle support, allergic rhinitis","MicroSource, Toronto",98.19,"CN1CCC(CC1)=C1c2ccccc2Sc2ccccc12, CN1CCC(CC1)=C1c2ccccc2Sc2ccccc12","NZLVRVYNQYGMAB-UHFFFAOYSA-N, NZLVRVYNQYGMAB-UHFFFAOYSA-N",Launched
pimobendan,"calcium sensitizer, phosphodiesterase inhibitor",PDE3A,cardiology,congestive heart failure,"MedChemEx, MedChemEx",99.25,"COc1ccc(cc1)-c1nc2ccc(cc2[nH]1)C1=NNC(=O)C[C@H]1C |&1:23,t:20|, COc1ccc(cc1)-c1nc2ccc(cc2[nH]1)C1=NNC(=O)C[C@H]1C |&1:23,t:20|","GLBJJMFZWDBELO-LLVKDONJSA-N, GLBJJMFZWDBELO-LLVKDONJSA-N",Launched
pimodivir,antiviral,,,,MedChemEx,95.34,OC(=O)[C@H]1C2CCC(CC2)[C@@H]1Nc1nc(ncc1F)-c1c[nH]c2ncc(F)cc12,JGPXDNKSIXAZEQ-SBBZOCNPSA-N,Phase 3
pimonidazole,,,,,"Cayman, Cayman",94.99,"O[C@@H](CN1CCCCC1)Cn1ccnc1[N+]([O-])=O |&1:1,r|, O[C@@H](CN1CCCCC1)Cn1ccnc1[N+]([O-])=O |&1:1,r|","WVWOOAYQYLJEFD-JTQLQIEISA-N, WVWOOAYQYLJEFD-JTQLQIEISA-N",Phase 3
pimozide,dopamine receptor antagonist,"CACNA1I, CALM1, DRD1, DRD2, DRD3, DRD4, DRD5, HRH1, HTR1A, HTR2A, KCNA10, KCNH2",neurology/psychiatry,Tourette's disorder,"Tocris, Selleck, MicroSource, Tocris",97.81,"Fc1ccc(cc1)C(CCCN1CCC(CC1)n1c2ccccc2[nH]c1=O)c1ccc(F)cc1, Fc1ccc(cc1)C(CCCN1CCC(CC1)n1c2ccccc2[nH]c1=O)c1ccc(F)cc1, Fc1ccc(cc1)C(CCCN1CCC(CC1)n1c2ccccc2[nH]c1=O)c1ccc(F)cc1, Fc1ccc(cc1)C(CCCN1CCC(CC1)n1c2ccccc2[nH]c1=O)c1ccc(F)cc1","YVUQSNJEYSNKRX-UHFFFAOYSA-N, YVUQSNJEYSNKRX-UHFFFAOYSA-N, YVUQSNJEYSNKRX-UHFFFAOYSA-N, YVUQSNJEYSNKRX-UHFFFAOYSA-N",Launched
pinacidil,"ATP channel activator, potassium channel activator","ABCC8, ABCC9",cardiology,hypertension,"Selleck, MicroSource, MedChemEx, MedChemEx, MedChemEx",98.87,"C[C@@H](NC(Nc1ccncc1)=NC#N)C(C)(C)C |&1:1,r|, C[C@@H](NC(Nc1ccncc1)=NC#N)C(C)(C)C |&1:1,r|, C[C@@H](NC(Nc1ccncc1)=NC#N)C(C)(C)C |&1:1,r|, C[C@@H](NC(Nc1ccncc1)=NC#N)C(C)(C)C |&1:1,r|, C[C@@H](NC(Nc1ccncc1)=NC#N)C(C)(C)C |&1:1,r|","IVVNZDGDKPTYHK-SNVBAGLBSA-N, IVVNZDGDKPTYHK-SNVBAGLBSA-N, IVVNZDGDKPTYHK-SNVBAGLBSA-N, IVVNZDGDKPTYHK-SNVBAGLBSA-N, IVVNZDGDKPTYHK-SNVBAGLBSA-N",Launched
pinanediol,,,,,Sigma,1.44,CC1(C)[C@H]2C[C@@H]1[C@](C)(O)[C@H](O)C2,MOILFCKRQFQVFS-OORONAJNSA-N,Preclinical
pinaverium,T-type calcium channel blocker,CACNA1C,gastroenterology,irritable bowel syndrome,CombiBlocks,99.42,"COc1cc(Br)c(C[N+]2(CCOCC[C@H]3CC[C@@H]4C[C@H]3C4(C)C)CCOCC2)cc1OC |&1:17,19,&2:14,r|",DDHUTBKXLWCZCO-CEMLEFRQSA-N,Launched
pincainide,antiarrhythmic,,,,Enamine,96.6,Cc1cccc(C)c1NC(=O)CN1CCCCCC1,RJOUHGWLHPOQSA-UHFFFAOYSA-N,Phase 1
pindolol,adrenergic receptor antagonist,"ADRB1, ADRB2, HTR1A, HTR2A, HTR2B",cardiology,hypertension,"Selleck, Tocris, Tocris, Tocris, MicroSource",97.32,"CC(C)NC[C@@H](O)COc1cccc2[nH]ccc12 |&1:5,r|, CC(C)NC[C@@H](O)COc1cccc2[nH]ccc12 |&1:5,r|, CC(C)NC[C@@H](O)COc1cccc2[nH]ccc12 |&1:5,r|, CC(C)NC[C@@H](O)COc1cccc2[nH]ccc12 |&1:5,r|, CC(C)NC[C@@H](O)COc1cccc2[nH]ccc12 |&1:5,r|","JZQKKSLKJUAGIC-LLVKDONJSA-N, JZQKKSLKJUAGIC-LLVKDONJSA-N, JZQKKSLKJUAGIC-LLVKDONJSA-N, JZQKKSLKJUAGIC-LLVKDONJSA-N, JZQKKSLKJUAGIC-LLVKDONJSA-N",Launched
pindolol-(-),"adrenergic receptor antagonist, serotonin receptor antagonist",HTR1A,,,"Tocris, Tocris",93.26,"CC(C)NC[C@H](O)COc1cccc2[nH]ccc12, CC(C)NC[C@H](O)COc1cccc2[nH]ccc12","JZQKKSLKJUAGIC-NSHDSACASA-N, JZQKKSLKJUAGIC-NSHDSACASA-N",Phase 2
pinitol,gamma secretase inhibitor,,,,,0,,,Phase 2
pinocembrin,cytochrome P450 inhibitor,CYP1B1,,,"Enzo, Sigma",97.52,"Oc1cc(O)c2C(=O)C[C@H](Oc2c1)c1ccccc1, Oc1cc(O)c2C(=O)C[C@H](Oc2c1)c1ccccc1","URFCJEUYXNAHFI-ZDUSSCGKSA-N, URFCJEUYXNAHFI-ZDUSSCGKSA-N",Phase 2
pioglitazone,"insulin sensitizer, PPAR receptor agonist","PPARG, TRPM3",endocrinology,diabetes mellitus,Selleck,97.91,CCc1ccc(CCOc2ccc(C[C@H]3SC(=O)NC3=O)cc2)nc1 |&1:14|,HYAFETHFCAUJAY-QGZVFWFLSA-N,Launched
pipamperone,dopamine receptor antagonist,"DRD2, HRH1, HTR1A, HTR1B, HTR1D, HTR2A",neurology/psychiatry,schizophrenia,"MicroSource, MicroSource, Sigma",92.76,"NC(=O)C1(CCN(CCCC(=O)c2ccc(F)cc2)CC1)N1CCCCC1, NC(=O)C1(CCN(CCCC(=O)c2ccc(F)cc2)CC1)N1CCCCC1, NC(=O)C1(CCN(CCCC(=O)c2ccc(F)cc2)CC1)N1CCCCC1","AXKPFOAXAHJUAG-UHFFFAOYSA-N, AXKPFOAXAHJUAG-UHFFFAOYSA-N, AXKPFOAXAHJUAG-UHFFFAOYSA-N",Launched
pipecuronium,neuromuscular blocker,"CHRM2, CHRM3, CHRNA2",neurology/psychiatry,anesthetic,,0,,,Launched
pipemidic-acid,topoisomerase inhibitor,,infectious disease,gram-negative bacterial infections,"MedChemEx, MicroSource",99.07,"CCn1cc(C(O)=O)c(=O)c2cnc(nc12)N1CCNCC1, CCn1cc(C(O)=O)c(=O)c2cnc(nc12)N1CCNCC1","JOHZPMXAZQZXHR-UHFFFAOYSA-N, JOHZPMXAZQZXHR-UHFFFAOYSA-N",Launched
pipenzolate,cholinergic receptor antagonist,CHRM1,neurology/psychiatry,spasms,"Selleck, MicroSource, Selleck",97.76,"CC[N@@+]1(C)CCC[C@@H](C1)OC(=O)C(O)(c1ccccc1)c1ccccc1 |&1:2,&2:7|, CC[N@@+]1(C)CCC[C@@H](C1)OC(=O)C(O)(c1ccccc1)c1ccccc1 |&1:2,&2:7|, CC[N@@+]1(C)CCC[C@@H](C1)OC(=O)C(O)(c1ccccc1)c1ccccc1 |&1:2,&2:7|","WPUKUEMZZRVAKZ-REWPJTCUSA-N, WPUKUEMZZRVAKZ-REWPJTCUSA-N, WPUKUEMZZRVAKZ-REWPJTCUSA-N",Launched
piperacetazine,dopamine receptor antagonist,,neurology/psychiatry,schizophrenia,"MicroSource, MedChemEx",94.04,"CC(=O)c1ccc2Sc3ccccc3N(CCCN3CCC(CCO)CC3)c2c1, CC(=O)c1ccc2Sc3ccccc3N(CCCN3CCC(CCO)CC3)c2c1","BTFMCMVEUCGQDX-UHFFFAOYSA-N, BTFMCMVEUCGQDX-UHFFFAOYSA-N",Launched
piperacillin,bacterial cell wall synthesis inhibitor,,infectious disease,"intra-abdominal infections, skin infections, pelvic inflammatory disease, pneumonia","MedChemEx, MedChemEx, Sigma, Selleck, Selleck, Selleck, Selleck",96.3,"CCN1CCN(C(=O)N[C@@H](C(=O)N[C@H]2[C@H]3SC(C)(C)[C@@H](N3C2=O)C(O)=O)c2ccccc2)C(=O)C1=O, CCN1CCN(C(=O)N[C@@H](C(=O)N[C@H]2[C@H]3SC(C)(C)[C@@H](N3C2=O)C(O)=O)c2ccccc2)C(=O)C1=O, CCN1CCN(C(=O)N[C@@H](C(=O)N[C@H]2[C@H]3SC(C)(C)[C@@H](N3C2=O)C(O)=O)c2ccccc2)C(=O)C1=O, CCN1CCN(C(=O)N[C@@H](C(=O)N[C@H]2[C@H]3SC(C)(C)[C@@H](N3C2=O)C(O)=O)c2ccccc2)C(=O)C1=O, CCN1CCN(C(=O)N[C@@H](C(=O)N[C@H]2[C@H]3SC(C)(C)[C@@H](N3C2=O)C(O)=O)c2ccccc2)C(=O)C1=O, CCN1CCN(C(=O)N[C@@H](C(=O)N[C@H]2[C@H]3SC(C)(C)[C@@H](N3C2=O)C(O)=O)c2ccccc2)C(=O)C1=O, CCN1CCN(C(=O)N[C@@H](C(=O)N[C@H]2[C@H]3SC(C)(C)[C@@H](N3C2=O)C(O)=O)c2ccccc2)C(=O)C1=O","IVBHGBMCVLDMKU-GXNBUGAJSA-N, IVBHGBMCVLDMKU-GXNBUGAJSA-N, IVBHGBMCVLDMKU-GXNBUGAJSA-N, IVBHGBMCVLDMKU-GXNBUGAJSA-N, IVBHGBMCVLDMKU-GXNBUGAJSA-N, IVBHGBMCVLDMKU-GXNBUGAJSA-N, IVBHGBMCVLDMKU-GXNBUGAJSA-N",Launched
piperaquine-phosphate,antimalarial agent,,infectious disease,malaria,"AKSci, AKSci",96.15,"Clc1ccc2c(ccnc2c1)N1CCN(CCCN2CCN(CC2)c2ccnc3cc(Cl)ccc23)CC1, Clc1ccc2c(ccnc2c1)N1CCN(CCCN2CCN(CC2)c2ccnc3cc(Cl)ccc23)CC1","UCRHFBCYFMIWHC-UHFFFAOYSA-N, UCRHFBCYFMIWHC-UHFFFAOYSA-N",Launched
piperazine,benzodiazepine receptor agonist,GABRB3,infectious disease,gastrointestinal roundworms,"MedChemEx, MicroSource, MicroSource",100,"C1CNCCN1, C1CNCCN1, C1CNCCN1","GLUUGHFHXGJENI-UHFFFAOYSA-N, GLUUGHFHXGJENI-UHFFFAOYSA-N, GLUUGHFHXGJENI-UHFFFAOYSA-N",Launched
piperazinedione,DNA synthesis inhibitor,,,,Enamine,97.3,O=C1CNC(=O)CN1,BXRNXXXXHLBUKK-UHFFFAOYSA-N,Phase 2
piperidolate,acetylcholine receptor antagonist,CHRM1,neurology/psychiatry,spasms,"MicroSource, MedChemEx",98.09,"CCN1CCC[C@@H](C1)OC(=O)C(c1ccccc1)c1ccccc1 |&1:6|, CCN1CCC[C@@H](C1)OC(=O)C(c1ccccc1)c1ccccc1 |&1:6|","KTHVBAZBLKXIHZ-IBGZPJMESA-N, KTHVBAZBLKXIHZ-IBGZPJMESA-N",Launched
piperine,monoamine oxidase inhibitor,"MAOA, MAOB, TRPV1",,,"Selleck, MedChemEx, MedChemEx, MicroSource, MicroSource, Selleck",97.26,"O=C(\C=C\C=C\c1ccc2OCOc2c1)N1CCCCC1, O=C(\C=C\C=C\c1ccc2OCOc2c1)N1CCCCC1, O=C(\C=C\C=C\c1ccc2OCOc2c1)N1CCCCC1, O=C(\C=C\C=C\c1ccc2OCOc2c1)N1CCCCC1, O=C(\C=C\C=C\c1ccc2OCOc2c1)N1CCCCC1, O=C(\C=C\C=C\c1ccc2OCOc2c1)N1CCCCC1","MXXWOMGUGJBKIW-YPCIICBESA-N, MXXWOMGUGJBKIW-YPCIICBESA-N, MXXWOMGUGJBKIW-YPCIICBESA-N, MXXWOMGUGJBKIW-YPCIICBESA-N, MXXWOMGUGJBKIW-YPCIICBESA-N, MXXWOMGUGJBKIW-YPCIICBESA-N",Phase 1
piperonyl-butoxide,cytochrome P450 inhibitor,,infectious disease,lice,"MedChemEx, MicroSource, MicroSource",90.25,"CCCCOCCOCCOCc1cc2OCOc2cc1CCC, CCCCOCCOCCOCc1cc2OCOc2cc1CCC, CCCCOCCOCCOCc1cc2OCOc2cc1CCC","FIPWRIJSWJWJAI-UHFFFAOYSA-N, FIPWRIJSWJWJAI-UHFFFAOYSA-N, FIPWRIJSWJWJAI-UHFFFAOYSA-N",Launched
pipobroman,DNA alkylating agent,,hematology,"polycythemia vera, thrombocythemia","MicroSource, MedChemEx, MedChemEx",81.16,"BrCCC(=O)N1CCN(CC1)C(=O)CCBr, BrCCC(=O)N1CCN(CC1)C(=O)CCBr, BrCCC(=O)N1CCN(CC1)C(=O)CCBr","NJBFOOCLYDNZJN-UHFFFAOYSA-N, NJBFOOCLYDNZJN-UHFFFAOYSA-N, NJBFOOCLYDNZJN-UHFFFAOYSA-N",Launched
pipofezine,selective serotonin reuptake inhibitor (SSRI),,,,MedChemEx,97.43,CN1CCN(CC1)c1cc2N(C)c3ccccc3Oc2nn1,SDYYIRPAZHJOLM-UHFFFAOYSA-N,Preclinical
pipotiazine,dopamine receptor antagonist,"DRD1, DRD2, HTR1A, HTR2A",neurology/psychiatry,schizophrenia,Sigma,0,CN(C)S(=O)(=O)c1ccc2Sc3ccccc3N(CCCN3CCC(CCO)CC3)c2c1,JOMHSQGEWSNUKU-UHFFFAOYSA-N,Launched
pipotiazine-palmitate,"dopamine receptor antagonist, serotonin receptor antagonist","DRD1, DRD2, HTR1A, HTR2A",neurology/psychiatry,schizophrenia,Sigma,75.11,CCCCCCCCCCCCCCCC(=O)OCCC1CCN(CCCN2c3ccccc3Sc3ccc(cc23)S(=O)(=O)N(C)C)CC1,KTOYYUONFQWSMW-UHFFFAOYSA-N,Launched
piracetam,acetylcholine receptor agonist,"GRIA1, GRIA2, GRIA3, GRIA4",neurology/psychiatry,senile dementia,"MicroSource, MicroSource, Selleck",100,"NC(=O)CN1CCCC1=O, NC(=O)CN1CCCC1=O, NC(=O)CN1CCCC1=O","GMZVRMREEHBGGF-UHFFFAOYSA-N, GMZVRMREEHBGGF-UHFFFAOYSA-N, GMZVRMREEHBGGF-UHFFFAOYSA-N",Launched
pirarubicin,topoisomerase inhibitor,TOP2A,oncology,breast cancer,"MedChemEx, MedChemEx, Selleck, Selleck",71.82,"COc1cccc2C(=O)c3c(O)c4C[C@](O)(C[C@H](O[C@H]5C[C@H](N)[C@H](O[C@@H]6CCCCO6)[C@H](C)O5)c4c(O)c3C(=O)c12)C(=O)CO, COc1cccc2C(=O)c3c(O)c4C[C@](O)(C[C@H](O[C@H]5C[C@H](N)[C@H](O[C@@H]6CCCCO6)[C@H](C)O5)c4c(O)c3C(=O)c12)C(=O)CO, COc1cccc2C(=O)c3c(O)c4C[C@](O)(C[C@H](O[C@H]5C[C@H](N)[C@H](O[C@@H]6CCCCO6)[C@H](C)O5)c4c(O)c3C(=O)c12)C(=O)CO, COc1cccc2C(=O)c3c(O)c4C[C@](O)(C[C@H](O[C@H]5C[C@H](N)[C@H](O[C@@H]6CCCCO6)[C@H](C)O5)c4c(O)c3C(=O)c12)C(=O)CO","KMSKQZKKOZQFFG-YXRRJAAWSA-N, KMSKQZKKOZQFFG-YXRRJAAWSA-N, KMSKQZKKOZQFFG-YXRRJAAWSA-N, KMSKQZKKOZQFFG-YXRRJAAWSA-N",Launched
pirenoxine,AGE inhibitor,,ophthalmology,cataracts,AKSci,94.2,OC(=O)c1cc(=O)c2c3nc4ccccc4oc3cc(=O)c2[nH]1,OKPNYGAWTYOBFZ-UHFFFAOYSA-N,Launched
pirenperone,serotonin receptor antagonist,"HTR2A, HTR7",,,"Sigma, Prestwick, Prestwick",98.26,"Cc1nc2ccccn2c(=O)c1CCN1CCC(CC1)C(=O)c1ccc(F)cc1, Cc1nc2ccccn2c(=O)c1CCN1CCC(CC1)C(=O)c1ccc(F)cc1, Cc1nc2ccccn2c(=O)c1CCN1CCC(CC1)C(=O)c1ccc(F)cc1","HXCNRYXBZNHDNE-UHFFFAOYSA-N, HXCNRYXBZNHDNE-UHFFFAOYSA-N, HXCNRYXBZNHDNE-UHFFFAOYSA-N",Preclinical
pirenzepine,acetylcholine receptor antagonist,"CHRM1, CHRM2, CHRM3, CHRM4, CHRM5",gastroenterology,peptic ulcer disease (PUD),"MicroSource, MedChemEx, MedChemEx",98.33,"CN1CCN(CC(=O)N2c3ccccc3C(=O)Nc3cccnc23)CC1, CN1CCN(CC(=O)N2c3ccccc3C(=O)Nc3cccnc23)CC1, CN1CCN(CC(=O)N2c3ccccc3C(=O)Nc3cccnc23)CC1","RMHMFHUVIITRHF-UHFFFAOYSA-N, RMHMFHUVIITRHF-UHFFFAOYSA-N, RMHMFHUVIITRHF-UHFFFAOYSA-N",Launched
piretanide,glucocorticoid receptor agonist,"SLC12A1, SLC12A2",cardiology,"hypertension, edema","Prestwick, Prestwick",99.31,"NS(=O)(=O)c1cc(cc(N2CCCC2)c1Oc1ccccc1)C(O)=O, NS(=O)(=O)c1cc(cc(N2CCCC2)c1Oc1ccccc1)C(O)=O","UJEWTUDSLQGTOA-UHFFFAOYSA-N, UJEWTUDSLQGTOA-UHFFFAOYSA-N",Launched
pirfenidone,TGF beta receptor inhibitor,"FURIN, TNF",pulmonary,idiopathic pulmonary fibrosis (IPF),"MedChemEx, Selleck, Selleck, Tocris",97.6,"Cc1ccc(=O)n(c1)-c1ccccc1, Cc1ccc(=O)n(c1)-c1ccccc1, Cc1ccc(=O)n(c1)-c1ccccc1, Cc1ccc(=O)n(c1)-c1ccccc1","ISWRGOKTTBVCFA-UHFFFAOYSA-N, ISWRGOKTTBVCFA-UHFFFAOYSA-N, ISWRGOKTTBVCFA-UHFFFAOYSA-N, ISWRGOKTTBVCFA-UHFFFAOYSA-N",Launched
piribedil,dopamine receptor agonist,"ADRA1A, ADRA2A, ADRA2C, DRD2, DRD3, DRD4, HTR1A, HTR2B",neurology/psychiatry,"Parkinson's Disease, dizziness",Tocris,87.35,C(N1CCN(CC1)c1ncccn1)c1ccc2OCOc2c1,OQDPVLVUJFGPGQ-UHFFFAOYSA-N,Launched
piricapiron,"dopamine receptor antagonist, serotonin receptor antagonist",HTR2A,,,Vitas-M,94.85,"CC1(C)[C@@H]2CC[C@@]1(C)C(=O)N(CCCCN1CCN(CC1)c1ccccn1)C2=O |&1:3,6|",NCMIPRCQUMYAEC-JPYJTQIMSA-N,Phase 2
pirinixic-acid,PPAR receptor agonist,PPARA,,,"Tocris, Tocris, Tocris, Selleck, Tocris",97.87,"Cc1cccc(Nc2cc(Cl)nc(SCC(O)=O)n2)c1C, Cc1cccc(Nc2cc(Cl)nc(SCC(O)=O)n2)c1C, Cc1cccc(Nc2cc(Cl)nc(SCC(O)=O)n2)c1C, Cc1cccc(Nc2cc(Cl)nc(SCC(O)=O)n2)c1C, Cc1cccc(Nc2cc(Cl)nc(SCC(O)=O)n2)c1C","SZRPDCCEHVWOJX-UHFFFAOYSA-N, SZRPDCCEHVWOJX-UHFFFAOYSA-N, SZRPDCCEHVWOJX-UHFFFAOYSA-N, SZRPDCCEHVWOJX-UHFFFAOYSA-N, SZRPDCCEHVWOJX-UHFFFAOYSA-N",Preclinical
pirlindole,monoamine oxidase inhibitor,MAOA,neurology/psychiatry,depression,Tocris,90,Cc1ccc2n3CCN[C@H]4CCCc(c34)c2c1 |&1:9|,IWVRVEIKCBFZNF-ZDUSSCGKSA-N,Launched
pirmenol,acetylcholine receptor inhibitor,,,,MedChemEx,74.62,"C[C@H]1CCC[C@@H](C)N1CCC[C@@](O)(c1ccccc1)c1ccccn1 |a:1,5,&1:11|",APUDBKTWDCXQJA-XQBPLPMBSA-N,Preclinical
piroctone-olamine,,,infectious disease,fungal infection,MicroSource,0,C[C@@H](Cc1cc(C)cc(=O)n1O)CC(C)(C)C |&1:1|,OIQJEQLSYJSNDS-NSHDSACASA-N,Launched
pirodavir,,,,,"MedChemEx, MedChemEx, MedChemEx",98.34,"CCOC(=O)c1ccc(OCCC2CCN(CC2)c2ccc(C)nn2)cc1, CCOC(=O)c1ccc(OCCC2CCN(CC2)c2ccc(C)nn2)cc1, CCOC(=O)c1ccc(OCCC2CCN(CC2)c2ccc(C)nn2)cc1","KCHIOGFOPPOUJC-UHFFFAOYSA-N, KCHIOGFOPPOUJC-UHFFFAOYSA-N, KCHIOGFOPPOUJC-UHFFFAOYSA-N",Phase 2
piromidic-acid,bacterial DNA gyrase inhibitor,,,,"MedChemEx, MicroSource, Selleck, Selleck",100,"CCn1cc(C(O)=O)c(=O)c2cnc(nc12)N1CCCC1, CCn1cc(C(O)=O)c(=O)c2cnc(nc12)N1CCCC1, CCn1cc(C(O)=O)c(=O)c2cnc(nc12)N1CCCC1, CCn1cc(C(O)=O)c(=O)c2cnc(nc12)N1CCCC1","RCIMBBZXSXFZBV-UHFFFAOYSA-N, RCIMBBZXSXFZBV-UHFFFAOYSA-N, RCIMBBZXSXFZBV-UHFFFAOYSA-N, RCIMBBZXSXFZBV-UHFFFAOYSA-N",Phase 2
piroxicam,cyclooxygenase inhibitor,"PTGS1, PTGS2",rheumatology,"osteoarthritis, rheumatoid arthritis",Tocris,93.49,CN1C(C(=O)Nc2ccccn2)=C(O)c2ccccc2S1(=O)=O |t:12|,QYSPLQLAKJAUJT-UHFFFAOYSA-N,Launched
piroximone,phosphodiesterase inhibitor,PDE3A,,,"Enamine, Enamine",99.6,"CCc1[nH]c(=O)[nH]c1C(=O)c1ccncc1, CCc1[nH]c(=O)[nH]c1C(=O)c1ccncc1","OQGWJZOWLHWFME-UHFFFAOYSA-N, OQGWJZOWLHWFME-UHFFFAOYSA-N",Phase 2
pirozadil,hypolipidemic,,,,MedChemEx,97.32,COc1cc(cc(OC)c1OC)C(=O)OCc1cccc(COC(=O)c2cc(OC)c(OC)c(OC)c2)n1,DIIBXMIIOQXTHW-UHFFFAOYSA-N,Preclinical
pirquinozol,histamine release inhibitor,,,,Enamine,98.69,OCc1cc2c3ccccc3[nH]c(=O)n2n1,XLUKOGNIEDDIMV-UHFFFAOYSA-N,Phase 1
PIT,purinergic receptor antagonist,P2RY1,,,"Tocris, Tocris",41.7,"[O-][N+]1=C(C(=O)c2ccccc12)c1ccccn1 |t:1|, [O-][N+]1=C(C(=O)c2ccccc12)c1ccccn1 |t:1|","LXEZPPZLNVOLDI-UHFFFAOYSA-N, LXEZPPZLNVOLDI-UHFFFAOYSA-N",Preclinical
pitavastatin,HMGCR inhibitor,HMGCR,endocrinology,hyperlipidemia,"Tocris, Adooq, Adooq, Tocris, Tocris, Selleck, Selleck, Selleck, Selleck",97.39,"O[C@H](C[C@H](O)\C=C\c1c(nc2ccccc2c1-c1ccc(F)cc1)C1CC1)CC(O)=O, O[C@H](C[C@H](O)\C=C\c1c(nc2ccccc2c1-c1ccc(F)cc1)C1CC1)CC(O)=O, O[C@H](C[C@H](O)\C=C\c1c(nc2ccccc2c1-c1ccc(F)cc1)C1CC1)CC(O)=O, O[C@H](C[C@H](O)\C=C\c1c(nc2ccccc2c1-c1ccc(F)cc1)C1CC1)CC(O)=O, O[C@H](C[C@H](O)\C=C\c1c(nc2ccccc2c1-c1ccc(F)cc1)C1CC1)CC(O)=O, O[C@H](C[C@H](O)\C=C\c1c(nc2ccccc2c1-c1ccc(F)cc1)C1CC1)CC(O)=O, O[C@H](C[C@H](O)\C=C\c1c(nc2ccccc2c1-c1ccc(F)cc1)C1CC1)CC(O)=O, O[C@H](C[C@H](O)\C=C\c1c(nc2ccccc2c1-c1ccc(F)cc1)C1CC1)CC(O)=O, O[C@H](C[C@H](O)\C=C\c1c(nc2ccccc2c1-c1ccc(F)cc1)C1CC1)CC(O)=O","VGYFMXBACGZSIL-MCBHFWOFSA-N, VGYFMXBACGZSIL-MCBHFWOFSA-N, VGYFMXBACGZSIL-MCBHFWOFSA-N, VGYFMXBACGZSIL-MCBHFWOFSA-N, VGYFMXBACGZSIL-MCBHFWOFSA-N, VGYFMXBACGZSIL-MCBHFWOFSA-N, VGYFMXBACGZSIL-MCBHFWOFSA-N, VGYFMXBACGZSIL-MCBHFWOFSA-N, VGYFMXBACGZSIL-MCBHFWOFSA-N",Launched
pitolisant,histamine receptor antagonist,HRH3,,,"Tocris, Tocris, Tocris, Tocris, Tocris",97,"Clc1ccc(CCCOCCCN2CCCCC2)cc1, Clc1ccc(CCCOCCCN2CCCCC2)cc1, Clc1ccc(CCCOCCCN2CCCCC2)cc1, Clc1ccc(CCCOCCCN2CCCCC2)cc1, Clc1ccc(CCCOCCCN2CCCCC2)cc1","NNACHAUCXXVJSP-UHFFFAOYSA-N, NNACHAUCXXVJSP-UHFFFAOYSA-N, NNACHAUCXXVJSP-UHFFFAOYSA-N, NNACHAUCXXVJSP-UHFFFAOYSA-N, NNACHAUCXXVJSP-UHFFFAOYSA-N",Launched
pivagabine,corticotropin releasing factor receptor antagonist,"CRHR1, CRHR2",neurology/psychiatry,depression,"Enamine, Enamine",53.16,"CC(C)(C)C(=O)NCCCC(O)=O, CC(C)(C)C(=O)NCCCC(O)=O","SRPNQDXRVRCTNK-UHFFFAOYSA-N, SRPNQDXRVRCTNK-UHFFFAOYSA-N",Launched
pivampicillin,bacterial cell wall synthesis inhibitor,,"pulmonary, infectious disease","bronchitis, pneumonia, gynecologic infections",Prestwick,38.24,CC(C)(C)C(=O)OCOC(=O)[C@@H]1N2[C@H](SC1(C)C)[C@H](NC(=O)[C@H](N)c1ccccc1)C2=O,ZEMIJUDPLILVNQ-ZXFNITATSA-N,Launched
pivanex,HDAC inhibitor,"HDAC1, HDAC2, HDAC3, HDAC8",,,"Sigma, Sigma",0,"CCCC(=O)OCOC(=O)C(C)(C)C, CCCC(=O)OCOC(=O)C(C)(C)C","GYKLFBYWXZYSOW-UHFFFAOYSA-N, GYKLFBYWXZYSOW-UHFFFAOYSA-N",Phase 2
pivmecillinam,bacterial cell wall synthesis inhibitor,,infectious disease,"urinary tract infections, gram-negative bacterial infections","Sigma, MedChemEx, Prestwick",95.37,"CC(C)(C)C(=O)OCOC(=O)[C@@H]1N2[C@H](SC1(C)C)[C@H](\N=C\N1CCCCCC1)C2=O, CC(C)(C)C(=O)OCOC(=O)[C@@H]1N2[C@H](SC1(C)C)[C@H](\N=C\N1CCCCCC1)C2=O, CC(C)(C)C(=O)OCOC(=O)[C@@H]1N2[C@H](SC1(C)C)[C@H](\N=C\N1CCCCCC1)C2=O","NPGNOVNWUSPMDP-UTEPHESZSA-N, NPGNOVNWUSPMDP-UTEPHESZSA-N, NPGNOVNWUSPMDP-UTEPHESZSA-N",Launched
pixantrone,topoisomerase inhibitor,TOP2A,hematologic malignancy,non-Hodgkin lymphoma (NHL),"MedChemEx, MedChemEx",53.02,"NCCNc1ccc(NCCN)c2C(=O)c3cnccc3C(=O)c12, NCCNc1ccc(NCCN)c2C(=O)c3cnccc3C(=O)c12","PEZPMAYDXJQYRV-UHFFFAOYSA-N, PEZPMAYDXJQYRV-UHFFFAOYSA-N",Launched
pizotifen,serotonin receptor antagonist,"HTR1A, HTR2A, HTR2C",neurology/psychiatry,migraine headache,"MedChemEx, MicroSource, Selleck, Selleck",99.14,"CN1CCC(CC1)=C1c2ccsc2CCc2ccccc12, CN1CCC(CC1)=C1c2ccsc2CCc2ccccc12, CN1CCC(CC1)=C1c2ccsc2CCc2ccccc12, CN1CCC(CC1)=C1c2ccsc2CCc2ccccc12","FIADGNVRKBPQEU-UHFFFAOYSA-N, FIADGNVRKBPQEU-UHFFFAOYSA-N, FIADGNVRKBPQEU-UHFFFAOYSA-N, FIADGNVRKBPQEU-UHFFFAOYSA-N",Launched
PI3K-IN-2,PI3K inhibitor,,,,"MedChemEx, MedChemEx, MedChemEx",94.14,"Nc1cc(c(cn1)-c1nc(nc(n1)N1CCOCC1)N1CCOCC1)C(F)(F)F, Nc1cc(c(cn1)-c1nc(nc(n1)N1CCOCC1)N1CCOCC1)C(F)(F)F, Nc1cc(c(cn1)-c1nc(nc(n1)N1CCOCC1)N1CCOCC1)C(F)(F)F","ADGGYDAFIHSYFI-UHFFFAOYSA-N, ADGGYDAFIHSYFI-UHFFFAOYSA-N, ADGGYDAFIHSYFI-UHFFFAOYSA-N",Phase 2
PI3Kd-IN-2,PI3K inhibitor,,,,MedChemEx,90.49,COc1ncc(cc1NS(C)(=O)=O)-c1nc(nc2c(CN3CCC(CC3)C(C)(C)O)cc(F)cc12)N1CCOCC1,NVWKNQGHVMMAJW-UHFFFAOYSA-N,Preclinical
PI4KIII-beta-inhibitor-1,PI4K inhibitor,PI4K2B,,,"MedChemEx, MedChemEx",94.57,"COc1ccc(cc1S(=O)(=O)Nc1ccc(O)cc1)-c1sc(NC(=O)C(C)(C)C)nc1C, COc1ccc(cc1S(=O)(=O)Nc1ccc(O)cc1)-c1sc(NC(=O)C(C)(C)C)nc1C","PLUYFBRIGUAKBR-UHFFFAOYSA-N, PLUYFBRIGUAKBR-UHFFFAOYSA-N",Preclinical
PJ-34,PARP inhibitor,"EEF2, PARP1, PARP15, PARP3",,,"Tocris, Selleck, Selleck, Selleck, Selleck, Selleck, Selleck, Selleck",95.18,"CN(C)CC(=O)Nc1ccc2[nH]c(=O)c3ccccc3c2c1, CN(C)CC(=O)Nc1ccc2[nH]c(=O)c3ccccc3c2c1, CN(C)CC(=O)Nc1ccc2[nH]c(=O)c3ccccc3c2c1, CN(C)CC(=O)Nc1ccc2[nH]c(=O)c3ccccc3c2c1, CN(C)CC(=O)Nc1ccc2[nH]c(=O)c3ccccc3c2c1, CN(C)CC(=O)Nc1ccc2[nH]c(=O)c3ccccc3c2c1, CN(C)CC(=O)Nc1ccc2[nH]c(=O)c3ccccc3c2c1, CN(C)CC(=O)Nc1ccc2[nH]c(=O)c3ccccc3c2c1","UYJZZVDLGDDTCL-UHFFFAOYSA-N, UYJZZVDLGDDTCL-UHFFFAOYSA-N, UYJZZVDLGDDTCL-UHFFFAOYSA-N, UYJZZVDLGDDTCL-UHFFFAOYSA-N, UYJZZVDLGDDTCL-UHFFFAOYSA-N, UYJZZVDLGDDTCL-UHFFFAOYSA-N, UYJZZVDLGDDTCL-UHFFFAOYSA-N, UYJZZVDLGDDTCL-UHFFFAOYSA-N",Preclinical
PK-THPP,potassium channel blocker,KCNK9,,,"Tocris, Tocris, Tocris",97.46,"CCCC(=O)C1CCN(CC1)c1ncnc2CCN(Cc12)C(=O)c1ccc(cc1)-c1ccccc1, CCCC(=O)C1CCN(CC1)c1ncnc2CCN(Cc12)C(=O)c1ccc(cc1)-c1ccccc1, CCCC(=O)C1CCN(CC1)c1ncnc2CCN(Cc12)C(=O)c1ccc(cc1)-c1ccccc1","CJZGRIRZVHNUSM-UHFFFAOYSA-N, CJZGRIRZVHNUSM-UHFFFAOYSA-N, CJZGRIRZVHNUSM-UHFFFAOYSA-N",Preclinical
PK-11195,benzodiazepine receptor antagonist,TSPO,,,"Tocris, Tocris",98.79,"CC[C@@H](C)N(C)C(=O)c1cc2ccccc2c(n1)-c1ccccc1Cl |&1:2,r|, CC[C@@H](C)N(C)C(=O)c1cc2ccccc2c(n1)-c1ccccc1Cl |&1:2,r|","RAVIZVQZGXBOQO-CQSZACIVSA-N, RAVIZVQZGXBOQO-CQSZACIVSA-N",Phase 1
PK-44,dipeptidyl peptidase inhibitor,DPP4,,,"Tocris, Tocris",91.71,"N[C@@H](CC(=O)N1CCn2c(C1)nnc2C(F)(F)F)Cc1[nH]nc2c(F)c(F)ccc12, N[C@@H](CC(=O)N1CCn2c(C1)nnc2C(F)(F)F)Cc1[nH]nc2c(F)c(F)ccc12","LIPWZZYFIVYJSI-MRVPVSSYSA-N, LIPWZZYFIVYJSI-MRVPVSSYSA-N",Preclinical
PKI-166,EGFR inhibitor,EGFR,,,"Sigma, Sigma",90.82,"C[C@@H](Nc1ncnc2[nH]c(cc12)-c1ccc(O)cc1)c1ccccc1, C[C@@H](Nc1ncnc2[nH]c(cc12)-c1ccc(O)cc1)c1ccccc1","XRYJULCDUUATMC-CYBMUJFWSA-N, XRYJULCDUUATMC-CYBMUJFWSA-N",Phase 1
PKI-179,"mTOR inhibitor, PI3K inhibitor",MTOR,,,"EMDBio, EMDBio, EMDBio, EMDBio, EMDBio",97.35,"O=C(Nc1ccncc1)Nc1ccc(cc1)-c1nc(nc(n1)N1CCOCC1)N1[C@H]2CC[C@@H]1COC2 |&1:29,&2:32|, O=C(Nc1ccncc1)Nc1ccc(cc1)-c1nc(nc(n1)N1CCOCC1)N1[C@H]2CC[C@@H]1COC2 |&1:29,&2:32|, O=C(Nc1ccncc1)Nc1ccc(cc1)-c1nc(nc(n1)N1CCOCC1)N1[C@H]2CC[C@@H]1COC2 |&1:29,&2:32|, O=C(Nc1ccncc1)Nc1ccc(cc1)-c1nc(nc(n1)N1CCOCC1)N1[C@H]2CC[C@@H]1COC2 |&1:29,&2:32|, O=C(Nc1ccncc1)Nc1ccc(cc1)-c1nc(nc(n1)N1CCOCC1)N1[C@H]2CC[C@@H]1COC2 |&1:29,&2:32|","WXUUCRLKXQMWRY-OYRHEFFESA-N, WXUUCRLKXQMWRY-OYRHEFFESA-N, WXUUCRLKXQMWRY-OYRHEFFESA-N, WXUUCRLKXQMWRY-OYRHEFFESA-N, WXUUCRLKXQMWRY-OYRHEFFESA-N",Phase 1
pleconaril,,,,,"MedChemEx, SantaCruz",91.31,"Cc1cc(CCCOc2c(C)cc(cc2C)-c2noc(n2)C(F)(F)F)on1, Cc1cc(CCCOc2c(C)cc(cc2C)-c2noc(n2)C(F)(F)F)on1","KQOXLKOJHVFTRN-UHFFFAOYSA-N, KQOXLKOJHVFTRN-UHFFFAOYSA-N",Phase 3
plerixafor,CC chemokine receptor antagonist,"ACKR3, CCR4, CXCR4",hematologic malignancy,"non-Hodgkin lymphoma (NHL), multiple myeloma","MedChemEx, MedChemEx, Selleck, MedChemEx, MedChemEx, Selleck",97.85,"C(N1CCCNCCNCCCNCC1)c1ccc(CN2CCCNCCNCCCNCC2)cc1, C(N1CCCNCCNCCCNCC1)c1ccc(CN2CCCNCCNCCCNCC2)cc1, C(N1CCCNCCNCCCNCC1)c1ccc(CN2CCCNCCNCCCNCC2)cc1, C(N1CCCNCCNCCCNCC1)c1ccc(CN2CCCNCCNCCCNCC2)cc1, C(N1CCCNCCNCCCNCC1)c1ccc(CN2CCCNCCNCCCNCC2)cc1, C(N1CCCNCCNCCCNCC1)c1ccc(CN2CCCNCCNCCCNCC2)cc1","YIQPUIGJQJDJOS-UHFFFAOYSA-N, YIQPUIGJQJDJOS-UHFFFAOYSA-N, YIQPUIGJQJDJOS-UHFFFAOYSA-N, YIQPUIGJQJDJOS-UHFFFAOYSA-N, YIQPUIGJQJDJOS-UHFFFAOYSA-N, YIQPUIGJQJDJOS-UHFFFAOYSA-N",Launched
plicamycin,alcohol dehydrogenase inhibitor,,"oncology, endocrinology","testicular carcinoma, Paget's disease, hypercalcemia","Enzo, Sigma",68.85,"CO[C@@H]([C@@H]1Cc2cc3cc(O[C@H]4C[C@@H](O[C@H]5C[C@@H](O)[C@H](O)[C@@H](C)O5)[C@@H](O)[C@@H](C)O4)c(C)c(O)c3c(O)c2C(=O)[C@H]1O[C@H]1C[C@@H](O[C@H]2C[C@@H](O[C@H]3C[C@](C)(O)[C@H](O)[C@@H](C)O3)[C@H](O)[C@@H](C)O2)[C@H](O)[C@@H](C)O1)C(=O)[C@@H](O)[C@@H](C)O, CO[C@@H]([C@@H]1Cc2cc3cc(O[C@H]4C[C@@H](O[C@H]5C[C@@H](O)[C@H](O)[C@@H](C)O5)[C@@H](O)[C@@H](C)O4)c(C)c(O)c3c(O)c2C(=O)[C@H]1O[C@H]1C[C@@H](O[C@H]2C[C@@H](O[C@H]3C[C@](C)(O)[C@H](O)[C@@H](C)O3)[C@H](O)[C@@H](C)O2)[C@H](O)[C@@H](C)O1)C(=O)[C@@H](O)[C@@H](C)O","CFCUWKMKBJTWLW-BGLFSJPPSA-N, CFCUWKMKBJTWLW-BGLFSJPPSA-N",Launched
plinabulin,tubulin polymerization inhibitor,,,,"MedChemEx, MedChemEx, Adooq",78.21,"CC(C)(C)c1nc[nH]c1\C=c1/[nH]c(=O)\c(=C\c2ccccc2)[nH]c1=O, CC(C)(C)c1nc[nH]c1\C=c1/[nH]c(=O)\c(=C\c2ccccc2)[nH]c1=O, CC(C)(C)c1nc[nH]c1\C=c1/[nH]c(=O)\c(=C\c2ccccc2)[nH]c1=O","UNRCMCRRFYFGFX-TYPNBTCFSA-N, UNRCMCRRFYFGFX-TYPNBTCFSA-N, UNRCMCRRFYFGFX-TYPNBTCFSA-N",Phase 3
plovamer-acetate,,"TAT, TH, YARS, YARS2",,,"Sigma, EMDBio",98.02,"N[C@@H](Cc1ccc(O)cc1)C(O)=O |&1:1,r|, N[C@@H](Cc1ccc(O)cc1)C(O)=O |&1:1,r|","OUYCCCASQSFEME-QMMMGPOBSA-N, OUYCCCASQSFEME-QMMMGPOBSA-N",Phase 2
plumbagin,anticancer agent,,,,Sigma,89.25,CC1=CC(=O)c2c(O)cccc2C1=O |t:1|,VCMMXZQDRFWYSE-UHFFFAOYSA-N,Preclinical
plurisin-1,stearoyl-CoA desaturase inhibitor,SCD,,,"Tocris, Tocris, Selleck, Selleck, Selleck, Selleck, Selleck",95.05,"O=C(NNc1ccccc1)c1ccncc1, O=C(NNc1ccccc1)c1ccncc1, O=C(NNc1ccccc1)c1ccncc1, O=C(NNc1ccccc1)c1ccncc1, O=C(NNc1ccccc1)c1ccncc1, O=C(NNc1ccccc1)c1ccncc1, O=C(NNc1ccccc1)c1ccncc1","HUDWXDLBWRHCKO-UHFFFAOYSA-N, HUDWXDLBWRHCKO-UHFFFAOYSA-N, HUDWXDLBWRHCKO-UHFFFAOYSA-N, HUDWXDLBWRHCKO-UHFFFAOYSA-N, HUDWXDLBWRHCKO-UHFFFAOYSA-N, HUDWXDLBWRHCKO-UHFFFAOYSA-N, HUDWXDLBWRHCKO-UHFFFAOYSA-N",Preclinical
PLX4720,RAF inhibitor,"BRAF, KDR",,,"Selleck, Selleck",97.49,"CCCS(=O)(=O)Nc1ccc(F)c(C(=O)c2c[nH]c3ncc(Cl)cc23)c1F, CCCS(=O)(=O)Nc1ccc(F)c(C(=O)c2c[nH]c3ncc(Cl)cc23)c1F","YZDJQTHVDDOVHR-UHFFFAOYSA-N, YZDJQTHVDDOVHR-UHFFFAOYSA-N",Preclinical
PLX51107,bromodomain inhibitor,,,,MedChemEx,97.86,C[C@@H](c1ccccn1)n1cc(-c2ccc(cc2)C(O)=O)c2ncc(cc12)-c1c(C)noc1C,AMSUHYUVOVCWTP-INIZCTEOSA-N,Phase 1
PLX647,receptor tyrosine protein kinase inhibitor,"CSF1R, KIT",,,"Tocris, Tocris",94.1,"FC(F)(F)c1ccc(CNc2ccc(Cc3c[nH]c4ncccc34)cn2)cc1, FC(F)(F)c1ccc(CNc2ccc(Cc3c[nH]c4ncccc34)cn2)cc1","NODCQQSEMCESEC-UHFFFAOYSA-N, NODCQQSEMCESEC-UHFFFAOYSA-N",Preclinical
PLX8394,serine/threonine kinase inhibitor,BRAF,,,"MedChemEx, MedChemEx",96.23,"F[C@@H]1CCN(C1)S(=O)(=O)Nc1ccc(F)c(C(=O)c2c[nH]c3ncc(cc23)-c2cnc(nc2)C2CC2)c1F, F[C@@H]1CCN(C1)S(=O)(=O)Nc1ccc(F)c(C(=O)c2c[nH]c3ncc(cc23)-c2cnc(nc2)C2CC2)c1F","YYACLQUDUDXAPA-MRXNPFEDSA-N, YYACLQUDUDXAPA-MRXNPFEDSA-N",Phase 1/Phase 2
PMPA,glutamate receptor antagonist,FOLH1,,,"Tocris, Tocris, Tocris",86.5,"OC(=O)CC[C@@H](CP(O)(O)=O)C(O)=O |&1:5,r|, OC(=O)CC[C@@H](CP(O)(O)=O)C(O)=O |&1:5,r|, OC(=O)CC[C@@H](CP(O)(O)=O)C(O)=O |&1:5,r|","ISEYJGQFXSTPMQ-BYPYZUCNSA-N, ISEYJGQFXSTPMQ-BYPYZUCNSA-N, ISEYJGQFXSTPMQ-BYPYZUCNSA-N",Preclinical
PNU-120596,acetylcholine receptor agonist,CHRNA7,,,"Tocris, Tocris, Tocris, Tocris, Tocris, Tocris, Selleck",98.45,"COc1cc(OC)c(NC(=O)Nc2cc(C)on2)cc1Cl, COc1cc(OC)c(NC(=O)Nc2cc(C)on2)cc1Cl, COc1cc(OC)c(NC(=O)Nc2cc(C)on2)cc1Cl, COc1cc(OC)c(NC(=O)Nc2cc(C)on2)cc1Cl, COc1cc(OC)c(NC(=O)Nc2cc(C)on2)cc1Cl, COc1cc(OC)c(NC(=O)Nc2cc(C)on2)cc1Cl, COc1cc(OC)c(NC(=O)Nc2cc(C)on2)cc1Cl","CEIIEALEIHQDBX-UHFFFAOYSA-N, CEIIEALEIHQDBX-UHFFFAOYSA-N, CEIIEALEIHQDBX-UHFFFAOYSA-N, CEIIEALEIHQDBX-UHFFFAOYSA-N, CEIIEALEIHQDBX-UHFFFAOYSA-N, CEIIEALEIHQDBX-UHFFFAOYSA-N, CEIIEALEIHQDBX-UHFFFAOYSA-N",Preclinical
PNU-142633,serotonin receptor agonist,HTR1D,,,Tocris,97.37,CNC(=O)c1ccc2[C@H](CCN3CCN(CC3)c3ccc(cc3)C(N)=O)OCCc2c1,PNTVCCRNJOGKGA-QFIPXVFZSA-N,Phase 2
PNU-177864,dopamine receptor antagonist,DRD3,,,"Tocris, Tocris",96.5,"CCCNCCc1ccc(NS(=O)(=O)c2ccc(OC(F)(F)F)cc2)cc1, CCCNCCc1ccc(NS(=O)(=O)c2ccc(OC(F)(F)F)cc2)cc1","JGGQWSXZZQPZTR-UHFFFAOYSA-N, JGGQWSXZZQPZTR-UHFFFAOYSA-N",Preclinical
PNU-22394,serotonin receptor agonist,"HTR2A, HTR2B, HTR2C, MAOA, MAOB",,,"Tocris, Tocris",87.68,"Cn1c2CCNCCc2c2ccccc12, Cn1c2CCNCCc2c2ccccc12","ZBXDOQWPGBISAR-UHFFFAOYSA-N, ZBXDOQWPGBISAR-UHFFFAOYSA-N",Phase 2
PNU-282987,cholinergic receptor agonist,CHRNA7,,,"Tocris, Tocris, Tocris, Tocris",95.1,"Clc1ccc(cc1)C(=O)N[C@H]1CN2CCC1CC2, Clc1ccc(cc1)C(=O)N[C@H]1CN2CCC1CC2, Clc1ccc(cc1)C(=O)N[C@H]1CN2CCC1CC2, Clc1ccc(cc1)C(=O)N[C@H]1CN2CCC1CC2","WECKJONDRAUFDD-ZDUSSCGKSA-N, WECKJONDRAUFDD-ZDUSSCGKSA-N, WECKJONDRAUFDD-ZDUSSCGKSA-N, WECKJONDRAUFDD-ZDUSSCGKSA-N",Preclinical
PNU-37883,ATP-sensitive potassium channel antagonist,,,,Tocris,96.83,C1CCC(CC1)N=C(NC12CC3CC(CC(C3)C1)C2)N1CCOCC1,GKCGWXNLOYTUNC-UHFFFAOYSA-N,Preclinical
PNU-74654,beta-catenin inhibitor,"CTNNB1, TCF4",,,"Tocris, Tocris, Tocris, Tocris, Tocris",96.85,"Cc1ccc(\C=N\NC(=O)c2ccccc2Oc2ccccc2)o1, Cc1ccc(\C=N\NC(=O)c2ccccc2Oc2ccccc2)o1, Cc1ccc(\C=N\NC(=O)c2ccccc2Oc2ccccc2)o1, Cc1ccc(\C=N\NC(=O)c2ccccc2Oc2ccccc2)o1, Cc1ccc(\C=N\NC(=O)c2ccccc2Oc2ccccc2)o1","JJEDWBQZCRESJL-DEDYPNTBSA-N, JJEDWBQZCRESJL-DEDYPNTBSA-N, JJEDWBQZCRESJL-DEDYPNTBSA-N, JJEDWBQZCRESJL-DEDYPNTBSA-N, JJEDWBQZCRESJL-DEDYPNTBSA-N",Preclinical
PNU-89843,benzodiazepine receptor agonist,GABBR1,,,Tocris,7.39,Cc1cc2c(nc(nc2n1C)N1CCCC1)N1CCCC1,UADIKEUOAMACNA-UHFFFAOYSA-N,Preclinical
pocapavir,Enterovirus capsid inhibitor,,,,MedChemEx,0,COc1ccc(OCc2ccc(COc3c(Cl)cccc3Cl)cc2)c(Cl)c1,XXMDDBVNWRWNCW-UHFFFAOYSA-N,Preclinical
podophyllotoxin,"microtubule inhibitor, tubulin polymerization inhibitor","IGF1R, TOP2A, TUBA4A, TUBB",infectious disease,genital warts,"MicroSource, MicroSource, MicroSource, MicroSource, MedChemEx",95.6,"COc1cc(cc(OC)c1OC)[C@H]1[C@@H]2[C@H](COC2=O)[C@@H](O)c2cc3OCOc3cc12, COc1cc(cc(OC)c1OC)[C@H]1[C@@H]2[C@H](COC2=O)[C@@H](O)c2cc3OCOc3cc12, COc1cc(cc(OC)c1OC)[C@H]1[C@@H]2[C@H](COC2=O)[C@@H](O)c2cc3OCOc3cc12, COc1cc(cc(OC)c1OC)[C@H]1[C@@H]2[C@H](COC2=O)[C@@H](O)c2cc3OCOc3cc12, COc1cc(cc(OC)c1OC)[C@H]1[C@@H]2[C@H](COC2=O)[C@@H](O)c2cc3OCOc3cc12","YJGVMLPVUAXIQN-XVVDYKMHSA-N, YJGVMLPVUAXIQN-XVVDYKMHSA-N, YJGVMLPVUAXIQN-XVVDYKMHSA-N, YJGVMLPVUAXIQN-XVVDYKMHSA-N, YJGVMLPVUAXIQN-XVVDYKMHSA-N",Launched
polaprezinc,chelating agent,,,,MedChemEx,0,O=C1CCN[Zn]OC(=O)[C@H](Cc2cnc[nH]2)N1,VBHDYBCWTAXBNA-FJXQXJEOSA-M,Preclinical
polidocanol,local anesthetic,,dermatology,varicose veins,Sigma,97.44,CCCCCCCCCCCCOCCOCCOCCOCCOCCOCCOCCOCCOCCO,ONJQDTZCDSESIW-UHFFFAOYSA-N,Launched
polydatin,ICAM1 expression inhibitor,ICAM1,,,"Selleck, Selleck",93.06,"OC[C@H]1O[C@@H](Oc2cc(O)cc(\C=C\c3ccc(O)cc3)c2)[C@H](O)[C@@H](O)[C@@H]1O, OC[C@H]1O[C@@H](Oc2cc(O)cc(\C=C\c3ccc(O)cc3)c2)[C@H](O)[C@@H](O)[C@@H]1O","HSTZMXCBWJGKHG-CUYWLFDKSA-N, HSTZMXCBWJGKHG-CUYWLFDKSA-N",Phase 2
polyinosine,immunostimulant,"HPRT1, IMPDH2, PYGM",,,Sigma,98.8,"O[C@H]1[C@@H](COP(O)(O)=O)O[C@@H]([C@@H]1O)n1cnc2c1[nH]cnc2=O |&1:1,&2:2,&3:10,&4:11,r|",GRSZFWQUAKGDAV-SQQSDITASA-N,Preclinical
polymyxin-B-sulfate,bacterial permeability inducer,,ophthalmology,eye infection,"Selleck, MicroSource",84.9,"CC[C@@H](C)CCCCC(=O)N[C@@H](CCN)C(=O)N[C@@H]([C@@H](C)O)C(=O)N[C@@H](CCN)C(=O)N[C@H]1CCNC(=O)[C@@H](NC(=O)[C@@H](CCN)NC(=O)[C@@H](CCN)NC(=O)[C@@H](CC(C)C)NC(=O)[C@@H](Cc2ccccc2)NC(=O)[C@@H](CCN)NC1=O)[C@@H](C)O |&1:2,&2:11,&3:18,&4:19,&5:25,&6:32,&7:38,&8:42,&9:49,&10:56,&11:64,&12:75,&13:82|, CC[C@@H](C)CCCCC(=O)N[C@@H](CCN)C(=O)N[C@@H]([C@@H](C)O)C(=O)N[C@@H](CCN)C(=O)N[C@H]1CCNC(=O)[C@@H](NC(=O)[C@@H](CCN)NC(=O)[C@@H](CCN)NC(=O)[C@@H](CC(C)C)NC(=O)[C@@H](Cc2ccccc2)NC(=O)[C@@H](CCN)NC1=O)[C@@H](C)O |&1:2,&2:11,&3:18,&4:19,&5:25,&6:32,&7:38,&8:42,&9:49,&10:56,&11:64,&12:75,&13:82|","WQVJHHACXVLGBL-XLCZGQJLSA-N, WQVJHHACXVLGBL-XLCZGQJLSA-N",Launched
polythiazide,sodium/chloride cotransporter inhibitor,SLC12A3,"cardiology, gastroenterology, rheumatology, nephrology","edema, congestive heart failure, hepatic cirrhosis, nephrotic syndrome, acute glomerulonephritis (AGN), chronic renal failure, hypertension","Kemprotec, Kemprotec",98.56,"CN1[C@@H](CSCC(F)(F)F)Nc2cc(Cl)c(cc2S1(=O)=O)S(N)(=O)=O |&1:2,r|, CN1[C@@H](CSCC(F)(F)F)Nc2cc(Cl)c(cc2S1(=O)=O)S(N)(=O)=O |&1:2,r|","CYLWJCABXYDINA-JTQLQIEISA-N, CYLWJCABXYDINA-JTQLQIEISA-N",Launched
pomalidomide,"angiogenesis inhibitor, tumor necrosis factor production inhibitor",,hematologic malignancy,multiple myeloma,"Selleck, Selleck, Selleck, MedChemEx",98.67,"Nc1cccc2C(=O)N([C@H]3CCC(=O)NC3=O)C(=O)c12 |&1:9,r|, Nc1cccc2C(=O)N([C@H]3CCC(=O)NC3=O)C(=O)c12 |&1:9,r|, Nc1cccc2C(=O)N([C@H]3CCC(=O)NC3=O)C(=O)c12 |&1:9,r|, Nc1cccc2C(=O)N([C@H]3CCC(=O)NC3=O)C(=O)c12 |&1:9,r|","UVSMNLNDYGZFPF-QMMMGPOBSA-N, UVSMNLNDYGZFPF-QMMMGPOBSA-N, UVSMNLNDYGZFPF-QMMMGPOBSA-N, UVSMNLNDYGZFPF-QMMMGPOBSA-N",Launched
ponatinib,"Bcr-Abl kinase inhibitor, FLT3 inhibitor, PDGFR tyrosine kinase receptor inhibitor","ABL1, BCR, FGFR1, FGFR2, FGFR3, FGFR4, FLT3, KDR, KIT, LCK, LYN, PDGFRA, RET, SRC, TEK",hematologic malignancy,"chronic myeloid leukemia (CML), acute lymphoblastic leukemia (ALL)","Selleck, Selleck, Selleck, Selleck, Selleck, Selleck, Selleck, Selleck, Selleck",96.33,"CN1CCN(Cc2ccc(NC(=O)c3ccc(C)c(c3)C#Cc3cnc4cccnn34)cc2C(F)(F)F)CC1, CN1CCN(Cc2ccc(NC(=O)c3ccc(C)c(c3)C#Cc3cnc4cccnn34)cc2C(F)(F)F)CC1, CN1CCN(Cc2ccc(NC(=O)c3ccc(C)c(c3)C#Cc3cnc4cccnn34)cc2C(F)(F)F)CC1, CN1CCN(Cc2ccc(NC(=O)c3ccc(C)c(c3)C#Cc3cnc4cccnn34)cc2C(F)(F)F)CC1, CN1CCN(Cc2ccc(NC(=O)c3ccc(C)c(c3)C#Cc3cnc4cccnn34)cc2C(F)(F)F)CC1, CN1CCN(Cc2ccc(NC(=O)c3ccc(C)c(c3)C#Cc3cnc4cccnn34)cc2C(F)(F)F)CC1, CN1CCN(Cc2ccc(NC(=O)c3ccc(C)c(c3)C#Cc3cnc4cccnn34)cc2C(F)(F)F)CC1, CN1CCN(Cc2ccc(NC(=O)c3ccc(C)c(c3)C#Cc3cnc4cccnn34)cc2C(F)(F)F)CC1, CN1CCN(Cc2ccc(NC(=O)c3ccc(C)c(c3)C#Cc3cnc4cccnn34)cc2C(F)(F)F)CC1","PHXJVRSECIGDHY-UHFFFAOYSA-N, PHXJVRSECIGDHY-UHFFFAOYSA-N, PHXJVRSECIGDHY-UHFFFAOYSA-N, PHXJVRSECIGDHY-UHFFFAOYSA-N, PHXJVRSECIGDHY-UHFFFAOYSA-N, PHXJVRSECIGDHY-UHFFFAOYSA-N, PHXJVRSECIGDHY-UHFFFAOYSA-N, PHXJVRSECIGDHY-UHFFFAOYSA-N, PHXJVRSECIGDHY-UHFFFAOYSA-N",Launched
ponesimod,sphingosine 1-phosphate receptor agonist,S1PR1,,,"MedChemEx, MedChemEx",95,"CCC\N=C1/S\C(=C/c2ccc(OC[C@H](O)CO)c(Cl)c2)C(=O)N1c1ccccc1C, CCC\N=C1/S\C(=C/c2ccc(OC[C@H](O)CO)c(Cl)c2)C(=O)N1c1ccccc1C","LPAUOXUZGSBGDU-STDDISTJSA-N, LPAUOXUZGSBGDU-STDDISTJSA-N",Phase 3
posaconazole,sterol demethylase inhibitor,CYP3A4,infectious disease,oropharyngeal candidiasis,"Selleck, Selleck, Selleck, Selleck, Selleck, Selleck",94.29,"CC[C@@H]([C@H](C)O)n1ncn(-c2ccc(cc2)N2CCN(CC2)c2ccc(OC[C@@H]3CO[C@](Cn4cncn4)(C3)c3ccc(F)cc3F)cc2)c1=O, CC[C@@H]([C@H](C)O)n1ncn(-c2ccc(cc2)N2CCN(CC2)c2ccc(OC[C@@H]3CO[C@](Cn4cncn4)(C3)c3ccc(F)cc3F)cc2)c1=O, CC[C@@H]([C@H](C)O)n1ncn(-c2ccc(cc2)N2CCN(CC2)c2ccc(OC[C@@H]3CO[C@](Cn4cncn4)(C3)c3ccc(F)cc3F)cc2)c1=O, CC[C@@H]([C@H](C)O)n1ncn(-c2ccc(cc2)N2CCN(CC2)c2ccc(OC[C@@H]3CO[C@](Cn4cncn4)(C3)c3ccc(F)cc3F)cc2)c1=O, CC[C@@H]([C@H](C)O)n1ncn(-c2ccc(cc2)N2CCN(CC2)c2ccc(OC[C@@H]3CO[C@](Cn4cncn4)(C3)c3ccc(F)cc3F)cc2)c1=O, CC[C@@H]([C@H](C)O)n1ncn(-c2ccc(cc2)N2CCN(CC2)c2ccc(OC[C@@H]3CO[C@](Cn4cncn4)(C3)c3ccc(F)cc3F)cc2)c1=O","RAGOYPUPXAKGKH-XAKZXMRKSA-N, RAGOYPUPXAKGKH-XAKZXMRKSA-N, RAGOYPUPXAKGKH-XAKZXMRKSA-N, RAGOYPUPXAKGKH-XAKZXMRKSA-N, RAGOYPUPXAKGKH-XAKZXMRKSA-N, RAGOYPUPXAKGKH-XAKZXMRKSA-N",Launched
potassium-canrenoate,mineralocorticoid receptor antagonist,NR3C2,cardiology,edema,"MicroSource, MicroSource, MicroSource, Selleck, Selleck, Selleck, Selleck",98.01,"C[C@]12CC[C@H]3[C@@H](C=CC4=CC(=O)CC[C@]34C)[C@@H]1CC[C@@]2(O)CCC(O)=O |c:6,t:8|, C[C@]12CC[C@H]3[C@@H](C=CC4=CC(=O)CC[C@]34C)[C@@H]1CC[C@@]2(O)CCC(O)=O |c:6,t:8|, C[C@]12CC[C@H]3[C@@H](C=CC4=CC(=O)CC[C@]34C)[C@@H]1CC[C@@]2(O)CCC(O)=O |c:6,t:8|, C[C@]12CC[C@H]3[C@@H](C=CC4=CC(=O)CC[C@]34C)[C@@H]1CC[C@@]2(O)CCC(O)=O |c:6,t:8|, C[C@]12CC[C@H]3[C@@H](C=CC4=CC(=O)CC[C@]34C)[C@@H]1CC[C@@]2(O)CCC(O)=O |c:6,t:8|, C[C@]12CC[C@H]3[C@@H](C=CC4=CC(=O)CC[C@]34C)[C@@H]1CC[C@@]2(O)CCC(O)=O |c:6,t:8|, C[C@]12CC[C@H]3[C@@H](C=CC4=CC(=O)CC[C@]34C)[C@@H]1CC[C@@]2(O)CCC(O)=O |c:6,t:8|","PBKZPPIHUVSDNM-WNHSNXHDSA-N, PBKZPPIHUVSDNM-WNHSNXHDSA-N, PBKZPPIHUVSDNM-WNHSNXHDSA-N, PBKZPPIHUVSDNM-WNHSNXHDSA-N, PBKZPPIHUVSDNM-WNHSNXHDSA-N, PBKZPPIHUVSDNM-WNHSNXHDSA-N, PBKZPPIHUVSDNM-WNHSNXHDSA-N",Launched
potassium-iodide,,,pulmonary,"asthma, bronchitis, emphysema","Selleck, Selleck",0,"[K].I, [K].I","KIRAUJWBCMCUBY-UHFFFAOYSA-N, KIRAUJWBCMCUBY-UHFFFAOYSA-N",Launched
potassium-p-aminobenzoate,,,"rheumatology, urology","scleroderma, dermatomyositis, Peyronie's disease","MedChemEx, MicroSource, MicroSource, MicroSource",100,"Nc1ccc(cc1)C(O)=O, Nc1ccc(cc1)C(O)=O, Nc1ccc(cc1)C(O)=O, Nc1ccc(cc1)C(O)=O","ALYNCZNDIQEVRV-UHFFFAOYSA-N, ALYNCZNDIQEVRV-UHFFFAOYSA-N, ALYNCZNDIQEVRV-UHFFFAOYSA-N, ALYNCZNDIQEVRV-UHFFFAOYSA-N",Launched
pozanicline,acetylcholine receptor antagonist,"CHRNA4, CHRNB2",,,Sigma,98.79,Cc1ncccc1OC[C@@H]1CCCN1,YRVIKLBSVVNSHF-JTQLQIEISA-N,Phase 2
poziotinib,EGFR inhibitor,"EGFR, ERBB2, ERBB4",,,"Adooq, Adooq, Adooq, Selleck, Selleck",99.66,"COc1cc2ncnc(Nc3ccc(Cl)c(Cl)c3F)c2cc1OC1CCN(CC1)C(=O)C=C, COc1cc2ncnc(Nc3ccc(Cl)c(Cl)c3F)c2cc1OC1CCN(CC1)C(=O)C=C, COc1cc2ncnc(Nc3ccc(Cl)c(Cl)c3F)c2cc1OC1CCN(CC1)C(=O)C=C, COc1cc2ncnc(Nc3ccc(Cl)c(Cl)c3F)c2cc1OC1CCN(CC1)C(=O)C=C, COc1cc2ncnc(Nc3ccc(Cl)c(Cl)c3F)c2cc1OC1CCN(CC1)C(=O)C=C","LPFWVDIFUFFKJU-UHFFFAOYSA-N, LPFWVDIFUFFKJU-UHFFFAOYSA-N, LPFWVDIFUFFKJU-UHFFFAOYSA-N, LPFWVDIFUFFKJU-UHFFFAOYSA-N, LPFWVDIFUFFKJU-UHFFFAOYSA-N",Phase 2
PP-1,SRC inhibitor,"HCK, RET",,,"Selleck, Tocris, Tocris, Tocris",99.39,"Cc1ccc(cc1)-c1nn(c2ncnc(N)c12)C(C)(C)C, Cc1ccc(cc1)-c1nn(c2ncnc(N)c12)C(C)(C)C, Cc1ccc(cc1)-c1nn(c2ncnc(N)c12)C(C)(C)C, Cc1ccc(cc1)-c1nn(c2ncnc(N)c12)C(C)(C)C","ZVPDNRVYHLRXLX-UHFFFAOYSA-N, ZVPDNRVYHLRXLX-UHFFFAOYSA-N, ZVPDNRVYHLRXLX-UHFFFAOYSA-N, ZVPDNRVYHLRXLX-UHFFFAOYSA-N",Preclinical
PP-121,protein tyrosine kinase inhibitor,"ABL1, EGFR, HCK, KDR, MTOR, PDGFRA, PIK3CA, PIK3CB, PIK3CD, PIK3CG, PRKDC, SRC",,,"Selleck, Tocris, Tocris, Tocris",97.69,"Nc1ncnc2n(nc(-c3cnc4[nH]ccc4c3)c12)C1CCCC1, Nc1ncnc2n(nc(-c3cnc4[nH]ccc4c3)c12)C1CCCC1, Nc1ncnc2n(nc(-c3cnc4[nH]ccc4c3)c12)C1CCCC1, Nc1ncnc2n(nc(-c3cnc4[nH]ccc4c3)c12)C1CCCC1","NVRXTLZYXZNATH-UHFFFAOYSA-N, NVRXTLZYXZNATH-UHFFFAOYSA-N, NVRXTLZYXZNATH-UHFFFAOYSA-N, NVRXTLZYXZNATH-UHFFFAOYSA-N",Preclinical
PP-2,SRC inhibitor,"ABL1, LCK, RIPK2, SRC",,,"Selleck, Tocris, Tocris, Tocris, Tocris",99.23,"CC(C)(C)n1nc(-c2ccc(Cl)cc2)c2c(N)ncnc12, CC(C)(C)n1nc(-c2ccc(Cl)cc2)c2c(N)ncnc12, CC(C)(C)n1nc(-c2ccc(Cl)cc2)c2c(N)ncnc12, CC(C)(C)n1nc(-c2ccc(Cl)cc2)c2c(N)ncnc12, CC(C)(C)n1nc(-c2ccc(Cl)cc2)c2c(N)ncnc12","PBBRWFOVCUAONR-UHFFFAOYSA-N, PBBRWFOVCUAONR-UHFFFAOYSA-N, PBBRWFOVCUAONR-UHFFFAOYSA-N, PBBRWFOVCUAONR-UHFFFAOYSA-N, PBBRWFOVCUAONR-UHFFFAOYSA-N",Preclinical
PPT,estrogen receptor agonist,ESR1,,,"Tocris, Tocris, Tocris, Tocris",97.84,"CCCc1c(nn(c1-c1ccc(O)cc1)-c1ccc(O)cc1)-c1ccc(O)cc1, CCCc1c(nn(c1-c1ccc(O)cc1)-c1ccc(O)cc1)-c1ccc(O)cc1, CCCc1c(nn(c1-c1ccc(O)cc1)-c1ccc(O)cc1)-c1ccc(O)cc1, CCCc1c(nn(c1-c1ccc(O)cc1)-c1ccc(O)cc1)-c1ccc(O)cc1","IOTXSIGGFRQYKW-UHFFFAOYSA-N, IOTXSIGGFRQYKW-UHFFFAOYSA-N, IOTXSIGGFRQYKW-UHFFFAOYSA-N, IOTXSIGGFRQYKW-UHFFFAOYSA-N",Preclinical
PPY-A,Abl kinase inhibitor,"ABL1, BCR",,,"Tocris, Tocris, Tocris, Tocris, Tocris",99.07,"COc1ccccc1-c1c[nH]c2ncc(cc12)-c1cncc(c1)C(=O)N(C)C, COc1ccccc1-c1c[nH]c2ncc(cc12)-c1cncc(c1)C(=O)N(C)C, COc1ccccc1-c1c[nH]c2ncc(cc12)-c1cncc(c1)C(=O)N(C)C, COc1ccccc1-c1c[nH]c2ncc(cc12)-c1cncc(c1)C(=O)N(C)C, COc1ccccc1-c1c[nH]c2ncc(cc12)-c1cncc(c1)C(=O)N(C)C","GYQRHHQPEMOLKH-UHFFFAOYSA-N, GYQRHHQPEMOLKH-UHFFFAOYSA-N, GYQRHHQPEMOLKH-UHFFFAOYSA-N, GYQRHHQPEMOLKH-UHFFFAOYSA-N, GYQRHHQPEMOLKH-UHFFFAOYSA-N",Preclinical
PP242,mTOR inhibitor,"MTOR, PASK",,,"Selleck, Tocris, Tocris, Selleck",89.25,"CC(C)n1nc(-c2cc3cc(O)ccc3[nH]2)c2c(N)ncnc12, CC(C)n1nc(-c2cc3cc(O)ccc3[nH]2)c2c(N)ncnc12, CC(C)n1nc(-c2cc3cc(O)ccc3[nH]2)c2c(N)ncnc12, CC(C)n1nc(-c2cc3cc(O)ccc3[nH]2)c2c(N)ncnc12","MFAQYJIYDMLAIM-UHFFFAOYSA-N, MFAQYJIYDMLAIM-UHFFFAOYSA-N, MFAQYJIYDMLAIM-UHFFFAOYSA-N, MFAQYJIYDMLAIM-UHFFFAOYSA-N",Preclinical
PQ-401,IGF-1 inhibitor,IGF1R,,,"Selleck, Tocris, Tocris, Tocris, Tocris, Tocris, Tocris, Tocris, Tocris, Tocris",97.12,"COc1ccc(Cl)cc1NC(=O)Nc1cc(C)nc2ccccc12, COc1ccc(Cl)cc1NC(=O)Nc1cc(C)nc2ccccc12, COc1ccc(Cl)cc1NC(=O)Nc1cc(C)nc2ccccc12, COc1ccc(Cl)cc1NC(=O)Nc1cc(C)nc2ccccc12, COc1ccc(Cl)cc1NC(=O)Nc1cc(C)nc2ccccc12, COc1ccc(Cl)cc1NC(=O)Nc1cc(C)nc2ccccc12, COc1ccc(Cl)cc1NC(=O)Nc1cc(C)nc2ccccc12, COc1ccc(Cl)cc1NC(=O)Nc1cc(C)nc2ccccc12, COc1ccc(Cl)cc1NC(=O)Nc1cc(C)nc2ccccc12, COc1ccc(Cl)cc1NC(=O)Nc1cc(C)nc2ccccc12","YBLWOZUPHDKFOT-UHFFFAOYSA-N, YBLWOZUPHDKFOT-UHFFFAOYSA-N, YBLWOZUPHDKFOT-UHFFFAOYSA-N, YBLWOZUPHDKFOT-UHFFFAOYSA-N, YBLWOZUPHDKFOT-UHFFFAOYSA-N, YBLWOZUPHDKFOT-UHFFFAOYSA-N, YBLWOZUPHDKFOT-UHFFFAOYSA-N, YBLWOZUPHDKFOT-UHFFFAOYSA-N, YBLWOZUPHDKFOT-UHFFFAOYSA-N, YBLWOZUPHDKFOT-UHFFFAOYSA-N",Preclinical
PR-619,DUB inhibitor,,,,"Tocris, Selleck, Selleck, Selleck, Selleck, Selleck, Selleck",95.84,"Nc1nc(N)c(SC#N)cc1SC#N, Nc1nc(N)c(SC#N)cc1SC#N, Nc1nc(N)c(SC#N)cc1SC#N, Nc1nc(N)c(SC#N)cc1SC#N, Nc1nc(N)c(SC#N)cc1SC#N, Nc1nc(N)c(SC#N)cc1SC#N, Nc1nc(N)c(SC#N)cc1SC#N","ZXOBLNBVNROVLC-UHFFFAOYSA-N, ZXOBLNBVNROVLC-UHFFFAOYSA-N, ZXOBLNBVNROVLC-UHFFFAOYSA-N, ZXOBLNBVNROVLC-UHFFFAOYSA-N, ZXOBLNBVNROVLC-UHFFFAOYSA-N, ZXOBLNBVNROVLC-UHFFFAOYSA-N, ZXOBLNBVNROVLC-UHFFFAOYSA-N",Preclinical
practolol,adrenergic receptor antagonist,ADRB1,,,"Sigma, Prestwick",87.63,"CC(C)NC[C@@H](O)COc1ccc(NC(C)=O)cc1 |&1:5,r|, CC(C)NC[C@@H](O)COc1ccc(NC(C)=O)cc1 |&1:5,r|","DURULFYMVIFBIR-CYBMUJFWSA-N, DURULFYMVIFBIR-CYBMUJFWSA-N",Withdrawn
pradefovir,cytochrome P450 activator,,,,MedChemEx,97.65,Nc1ncnc2n(CCOC[P@@]3(=O)OCC[C@H](O3)c3cccc(Cl)c3)cnc12,GWNHAOBXDGOXRR-HJFSHJIFSA-N,Phase 2
pralatrexate,dihydrofolate reductase inhibitor,DHFR,hematologic malignancy,peripheral T-cell lymphoma (PTCL),"Selleck, Selleck, Selleck, Selleck, Selleck, Selleck, Selleck",97.35,"Nc1nc(N)c2nc(C[C@@H](CC#C)c3ccc(cc3)C(=O)N[C@@H](CCC(O)=O)C(O)=O)cnc2n1 |a:22,&1:9|, Nc1nc(N)c2nc(C[C@@H](CC#C)c3ccc(cc3)C(=O)N[C@@H](CCC(O)=O)C(O)=O)cnc2n1 |a:22,&1:9|, Nc1nc(N)c2nc(C[C@@H](CC#C)c3ccc(cc3)C(=O)N[C@@H](CCC(O)=O)C(O)=O)cnc2n1 |a:22,&1:9|, Nc1nc(N)c2nc(C[C@@H](CC#C)c3ccc(cc3)C(=O)N[C@@H](CCC(O)=O)C(O)=O)cnc2n1 |a:22,&1:9|, Nc1nc(N)c2nc(C[C@@H](CC#C)c3ccc(cc3)C(=O)N[C@@H](CCC(O)=O)C(O)=O)cnc2n1 |a:22,&1:9|, Nc1nc(N)c2nc(C[C@@H](CC#C)c3ccc(cc3)C(=O)N[C@@H](CCC(O)=O)C(O)=O)cnc2n1 |a:22,&1:9|, Nc1nc(N)c2nc(C[C@@H](CC#C)c3ccc(cc3)C(=O)N[C@@H](CCC(O)=O)C(O)=O)cnc2n1 |a:22,&1:9|","OGSBUKJUDHAQEA-ZBFHGGJFSA-N, OGSBUKJUDHAQEA-ZBFHGGJFSA-N, OGSBUKJUDHAQEA-ZBFHGGJFSA-N, OGSBUKJUDHAQEA-ZBFHGGJFSA-N, OGSBUKJUDHAQEA-ZBFHGGJFSA-N, InChI=1S/C23H23N7O5/c1-2-3-14(10-15-11-26-20-18(27-15)19(24)29-23(25)30-20)12-4-6-13(7-5-12)21(33)28-16(22(34)35)8-9-17(31)32/h1,4-7,11,14,16H,3,8-10H2,(H,28,33)(H,31,32)(H,34,35)(H4,24,25,26,29,30)/t14-,16+/m1/s1, InChI=1S/C23H23N7O5/c1-2-3-14(10-15-11-26-20-18(27-15)19(24)29-23(25)30-20)12-4-6-13(7-5-12)21(33)28-16(22(34)35)8-9-17(31)32/h1,4-7,11,14,16H,3,8-10H2,(H,28,33)(H,31,32)(H,34,35)(H4,24,25,26,29,30)/t14-,16+/m1/s1",Launched
pralidoxime,acetylcholinesterase inhibitor,"ACHE, BCHE",critical care,organophosphate poisoning,"MicroSource, MicroSource, MedChemEx, MedChemEx",96.7,"C[n+]1ccccc1\C=N\O, C[n+]1ccccc1\C=N\O, C[n+]1ccccc1\C=N\O, C[n+]1ccccc1\C=N\O","JBKPUQTUERUYQE-UHFFFAOYSA-O, JBKPUQTUERUYQE-UHFFFAOYSA-O, JBKPUQTUERUYQE-UHFFFAOYSA-O, JBKPUQTUERUYQE-UHFFFAOYSA-O",Launched
pralidoxime-chloride,acetylcholinesterase inhibitor,"ACHE, BCHE",pulmonary,respiratory depression,"Sigma, Sigma",97.1,"C[n+]1ccccc1CN=O, C[n+]1ccccc1CN=O","MHOAUIZFSQGCNM-UHFFFAOYSA-N, MHOAUIZFSQGCNM-UHFFFAOYSA-N",Launched
pralmorelin,growth hormone releasing peptide ligand agonist,,,,Sigma,91.62,C[C@@H](N)C(=O)N[C@H](Cc1ccc2ccccc2c1)C(=O)N[C@@H](C)C(=O)N[C@@H](Cc1c[nH]c2ccccc12)C(=O)N[C@H](Cc1ccccc1)C(=O)N[C@@H](CCCCN)C(N)=O,HRNLPPBUBKMZMT-RDRUQFPZSA-N,Launched
pramipexole,dopamine receptor agonist,"ADRA2A, ADRA2B, ADRA2C, DRD1, DRD2, DRD3, DRD4, DRD5, HTR1A, HTR1B, HTR1D, HTR2A, HTR2B, HTR2C",neurology/psychiatry,Parkinson's Disease,"Tocris, Tocris, Selleck, Selleck",100,"CCCN[C@H]1CCc2nc(N)sc2C1, CCCN[C@H]1CCc2nc(N)sc2C1, CCCN[C@H]1CCc2nc(N)sc2C1, CCCN[C@H]1CCc2nc(N)sc2C1","FASDKYOPVNHBLU-ZETCQYMHSA-N, FASDKYOPVNHBLU-ZETCQYMHSA-N, FASDKYOPVNHBLU-ZETCQYMHSA-N, FASDKYOPVNHBLU-ZETCQYMHSA-N",Launched
pramiracetam,acetylcholine receptor agonist,,neurology/psychiatry,senile dementia,"Selleck, MedChemEx",93.06,"CC(C)N(CCNC(=O)CN1CCCC1=O)C(C)C, CC(C)N(CCNC(=O)CN1CCCC1=O)C(C)C","ZULJGOSFKWFVRX-UHFFFAOYSA-N, ZULJGOSFKWFVRX-UHFFFAOYSA-N",Launched
pramoxine,topical anesthetic,,dermatology,corticosteroid-responsive dermatoses,"MedChemEx, Selleck, MicroSource",95.87,"CCCCOc1ccc(OCCCN2CCOCC2)cc1, CCCCOc1ccc(OCCCN2CCOCC2)cc1, CCCCOc1ccc(OCCCN2CCOCC2)cc1","DQKXQSGTHWVTAD-UHFFFAOYSA-N, DQKXQSGTHWVTAD-UHFFFAOYSA-N, DQKXQSGTHWVTAD-UHFFFAOYSA-N",Launched
pranidipine,calcium channel blocker,CACNA1C,,,"AKSci, AKSci, AKSci, AKSci, AKSci",98.76,"COC(=O)C1=C(C)NC(C)=C([C@@H]1c1cccc(c1)[N+]([O-])=O)C(=O)OC\C=C\c1ccccc1 |r,c:4,9|, COC(=O)C1=C(C)NC(C)=C([C@@H]1c1cccc(c1)[N+]([O-])=O)C(=O)OC\C=C\c1ccccc1 |r,c:4,9|, COC(=O)C1=C(C)NC(C)=C([C@@H]1c1cccc(c1)[N+]([O-])=O)C(=O)OC\C=C\c1ccccc1 |r,c:4,9|, COC(=O)C1=C(C)NC(C)=C([C@@H]1c1cccc(c1)[N+]([O-])=O)C(=O)OC\C=C\c1ccccc1 |r,c:4,9|, COC(=O)C1=C(C)NC(C)=C([C@@H]1c1cccc(c1)[N+]([O-])=O)C(=O)OC\C=C\c1ccccc1 |r,c:4,9|","XTFPDGZNWTZCMF-OXHGWOFKSA-N, XTFPDGZNWTZCMF-OXHGWOFKSA-N, XTFPDGZNWTZCMF-OXHGWOFKSA-N, XTFPDGZNWTZCMF-OXHGWOFKSA-N, XTFPDGZNWTZCMF-OXHGWOFKSA-N",Phase 2
pranlukast,leukotriene receptor antagonist,"CYSLTR1, CYSLTR2, IL5, MUC2, NFKB1, RNASE3, TNF",pulmonary,"bronchospasm, asthma","MedChemEx, MedChemEx, MedChemEx, MedChemEx, MedChemEx, MedChemEx, Tocris, Tocris, Selleck, Selleck, Selleck, Selleck",99.8,"O=C(Nc1cccc2c1oc(cc2=O)-c1nn[nH]n1)c1ccc(OCCCCc2ccccc2)cc1, O=C(Nc1cccc2c1oc(cc2=O)-c1nn[nH]n1)c1ccc(OCCCCc2ccccc2)cc1, O=C(Nc1cccc2c1oc(cc2=O)-c1nn[nH]n1)c1ccc(OCCCCc2ccccc2)cc1, O=C(Nc1cccc2c1oc(cc2=O)-c1nn[nH]n1)c1ccc(OCCCCc2ccccc2)cc1, O=C(Nc1cccc2c1oc(cc2=O)-c1nn[nH]n1)c1ccc(OCCCCc2ccccc2)cc1, O=C(Nc1cccc2c1oc(cc2=O)-c1nn[nH]n1)c1ccc(OCCCCc2ccccc2)cc1, O=C(Nc1cccc2c1oc(cc2=O)-c1nn[nH]n1)c1ccc(OCCCCc2ccccc2)cc1, O=C(Nc1cccc2c1oc(cc2=O)-c1nn[nH]n1)c1ccc(OCCCCc2ccccc2)cc1, O=C(Nc1cccc2c1oc(cc2=O)-c1nn[nH]n1)c1ccc(OCCCCc2ccccc2)cc1, O=C(Nc1cccc2c1oc(cc2=O)-c1nn[nH]n1)c1ccc(OCCCCc2ccccc2)cc1, O=C(Nc1cccc2c1oc(cc2=O)-c1nn[nH]n1)c1ccc(OCCCCc2ccccc2)cc1, O=C(Nc1cccc2c1oc(cc2=O)-c1nn[nH]n1)c1ccc(OCCCCc2ccccc2)cc1","NBQKINXMPLXUET-UHFFFAOYSA-N, NBQKINXMPLXUET-UHFFFAOYSA-N, NBQKINXMPLXUET-UHFFFAOYSA-N, NBQKINXMPLXUET-UHFFFAOYSA-N, NBQKINXMPLXUET-UHFFFAOYSA-N, NBQKINXMPLXUET-UHFFFAOYSA-N, NBQKINXMPLXUET-UHFFFAOYSA-N, NBQKINXMPLXUET-UHFFFAOYSA-N, NBQKINXMPLXUET-UHFFFAOYSA-N, NBQKINXMPLXUET-UHFFFAOYSA-N, NBQKINXMPLXUET-UHFFFAOYSA-N, NBQKINXMPLXUET-UHFFFAOYSA-N",Launched
pranoprofen,cyclooxygenase inhibitor,,neurology/psychiatry,pain relief,"MicroSource, Selleck, MedChemEx, Selleck",98.99,"C[C@@H](C(O)=O)c1ccc2Oc3ncccc3Cc2c1 |&1:1,r|, C[C@@H](C(O)=O)c1ccc2Oc3ncccc3Cc2c1 |&1:1,r|, C[C@@H](C(O)=O)c1ccc2Oc3ncccc3Cc2c1 |&1:1,r|, C[C@@H](C(O)=O)c1ccc2Oc3ncccc3Cc2c1 |&1:1,r|","TVQZAMVBTVNYLA-SECBINFHSA-N, TVQZAMVBTVNYLA-SECBINFHSA-N, TVQZAMVBTVNYLA-SECBINFHSA-N, TVQZAMVBTVNYLA-SECBINFHSA-N",Launched
prasterone-acetate,,,,,MedChemEx,80.86,CC(=O)O[C@H]1CC[C@]2(C)[C@H]3CC[C@@]4(C)[C@@H](CCC4=O)[C@@H]3CC=C2C1 |c:23|,NCMZQTLCXHGLOK-ZKHIMWLXSA-N,Preclinical
prasugrel,purinergic receptor antagonist,P2RY12,cardiology,"myocardial infarction, acute coronary syndrome (ACS)","MedChemEx, MedChemEx, MedChemEx, Selleck, Selleck, Selleck, MedChemEx",93.69,"CC(=O)Oc1cc2CN(CCc2s1)[C@@H](C(=O)C1CC1)c1ccccc1F |&1:13,r|, CC(=O)Oc1cc2CN(CCc2s1)[C@@H](C(=O)C1CC1)c1ccccc1F |&1:13,r|, CC(=O)Oc1cc2CN(CCc2s1)[C@@H](C(=O)C1CC1)c1ccccc1F |&1:13,r|, CC(=O)Oc1cc2CN(CCc2s1)[C@@H](C(=O)C1CC1)c1ccccc1F |&1:13,r|, CC(=O)Oc1cc2CN(CCc2s1)[C@@H](C(=O)C1CC1)c1ccccc1F |&1:13,r|, CC(=O)Oc1cc2CN(CCc2s1)[C@@H](C(=O)C1CC1)c1ccccc1F |&1:13,r|, CC(=O)Oc1cc2CN(CCc2s1)[C@@H](C(=O)C1CC1)c1ccccc1F |&1:13,r|","DTGLZDAWLRGWQN-LJQANCHMSA-N, DTGLZDAWLRGWQN-LJQANCHMSA-N, DTGLZDAWLRGWQN-LJQANCHMSA-N, DTGLZDAWLRGWQN-LJQANCHMSA-N, DTGLZDAWLRGWQN-LJQANCHMSA-N, DTGLZDAWLRGWQN-LJQANCHMSA-N, DTGLZDAWLRGWQN-LJQANCHMSA-N",Launched
pravadoline,cyclooxygenase inhibitor,"CNR1, CNR2",,,Cayman,99.34,COc1ccc(cc1)C(=O)c1c(C)n(CCN2CCOCC2)c2ccccc12,MEUQWHZOUDZXHH-UHFFFAOYSA-N,Preclinical
pravastatin,HMGCR inhibitor,"HMGCR, SLCO1B1","endocrinology, cardiology","hypercholesterolemia, myocardial infarction, hyperlipidemia","Tocris, Tocris, Tocris, Tocris, Selleck, Selleck",95.56,"CC[C@H](C)C(=O)O[C@H]1C[C@H](O)C=C2C=C[C@H](C)[C@H](CC[C@@H](O)C[C@@H](O)CC(O)=O)[C@@H]12 |c:13,t:11|, CC[C@H](C)C(=O)O[C@H]1C[C@H](O)C=C2C=C[C@H](C)[C@H](CC[C@@H](O)C[C@@H](O)CC(O)=O)[C@@H]12 |c:13,t:11|, CC[C@H](C)C(=O)O[C@H]1C[C@H](O)C=C2C=C[C@H](C)[C@H](CC[C@@H](O)C[C@@H](O)CC(O)=O)[C@@H]12 |c:13,t:11|, CC[C@H](C)C(=O)O[C@H]1C[C@H](O)C=C2C=C[C@H](C)[C@H](CC[C@@H](O)C[C@@H](O)CC(O)=O)[C@@H]12 |c:13,t:11|, CC[C@H](C)C(=O)O[C@H]1C[C@H](O)C=C2C=C[C@H](C)[C@H](CC[C@@H](O)C[C@@H](O)CC(O)=O)[C@@H]12 |c:13,t:11|, CC[C@H](C)C(=O)O[C@H]1C[C@H](O)C=C2C=C[C@H](C)[C@H](CC[C@@H](O)C[C@@H](O)CC(O)=O)[C@@H]12 |c:13,t:11|","TUZYXOIXSAXUGO-PZAWKZKUSA-N, TUZYXOIXSAXUGO-PZAWKZKUSA-N, TUZYXOIXSAXUGO-PZAWKZKUSA-N, TUZYXOIXSAXUGO-PZAWKZKUSA-N, TUZYXOIXSAXUGO-PZAWKZKUSA-N, TUZYXOIXSAXUGO-PZAWKZKUSA-N",Launched
praziquantel,anthelmintic agent,,infectious disease,"gastrointestinal parasites, cystic hydatid disease, schistosomiasis","Selleck, MicroSource",99.62,"O=C(C1CCCCC1)N1C[C@H]2N(CCc3ccccc23)C(=O)C1 |&1:10,r|, O=C(C1CCCCC1)N1C[C@H]2N(CCc3ccccc23)C(=O)C1 |&1:10,r|","FSVJFNAIGNNGKK-QGZVFWFLSA-N, FSVJFNAIGNNGKK-QGZVFWFLSA-N",Launched
prazosin,adrenergic receptor antagonist,"ADRA1A, ADRA1B, ADRA1D, ADRA2A, ADRA2B, ADRA2C, KCNH2, KCNH6, KCNH7",cardiology,hypertension,"Tocris, Tocris, MicroSource, Selleck, Selleck, Tocris",98.79,"COc1cc2nc(nc(N)c2cc1OC)N1CCN(CC1)C(=O)c1ccco1, COc1cc2nc(nc(N)c2cc1OC)N1CCN(CC1)C(=O)c1ccco1, COc1cc2nc(nc(N)c2cc1OC)N1CCN(CC1)C(=O)c1ccco1, COc1cc2nc(nc(N)c2cc1OC)N1CCN(CC1)C(=O)c1ccco1, COc1cc2nc(nc(N)c2cc1OC)N1CCN(CC1)C(=O)c1ccco1, COc1cc2nc(nc(N)c2cc1OC)N1CCN(CC1)C(=O)c1ccco1","IENZQIKPVFGBNW-UHFFFAOYSA-N, IENZQIKPVFGBNW-UHFFFAOYSA-N, IENZQIKPVFGBNW-UHFFFAOYSA-N, IENZQIKPVFGBNW-UHFFFAOYSA-N, IENZQIKPVFGBNW-UHFFFAOYSA-N, IENZQIKPVFGBNW-UHFFFAOYSA-N",Launched
PRE-084,sigma receptor agonist,SIGMAR1,,,"Tocris, Tocris, Tocris, Tocris",97.96,"O=C(OCCN1CCOCC1)C1(CCCCC1)c1ccccc1, O=C(OCCN1CCOCC1)C1(CCCCC1)c1ccccc1, O=C(OCCN1CCOCC1)C1(CCCCC1)c1ccccc1, O=C(OCCN1CCOCC1)C1(CCCCC1)c1ccccc1","RQHKZUBCUZVZEF-UHFFFAOYSA-N, RQHKZUBCUZVZEF-UHFFFAOYSA-N, RQHKZUBCUZVZEF-UHFFFAOYSA-N, RQHKZUBCUZVZEF-UHFFFAOYSA-N",Preclinical
preclamol,dopamine receptor agonist,DRD2,,,"SantaCruz, SantaCruz",91.07,"CCCN1CCC[C@@H](C1)c1cccc(O)c1, CCCN1CCC[C@@H](C1)c1cccc(O)c1","HTSNFXAICLXZMA-ZDUSSCGKSA-N, HTSNFXAICLXZMA-ZDUSSCGKSA-N",Phase 2
prednicarbate,phospholipase activator,PLA2G1B,"dermatology, ophthalmology, neurology/psychiatry","eczema, contact dermatitis, itching",MicroSource,0,"CCOC(=O)O[C@@]1(CC[C@H]2[C@H]3CCC4=CC(=O)C=C[C@]4(C)[C@@H]3[C@@H](O)C[C@]12C)C(=O)COC(=O)CC |a:6,19,22,25,&1:9,&2:10,&3:21,c:17,t:13|",FNPXMHRZILFCKX-HGVFMWMISA-N,Launched
prednisolone,glucocorticoid receptor agonist,"NR3C1, NR3C2, SERPINA6","ophthalmology, dermatology, infectious disease","conjunctivitis, rosacea, punctate keratitis, shingles, iritis, cyclitis","MicroSource, MicroSource, MicroSource, Selleck, Selleck",96.97,"C[C@]12C[C@H](O)[C@H]3[C@@H](CCC4=CC(=O)C=C[C@]34C)[C@@H]1CC[C@]2(O)C(=O)CO |a:1,3,15,20,&1:5,&2:6,&3:17,c:13,t:9|, C[C@]12C[C@H](O)[C@H]3[C@@H](CCC4=CC(=O)C=C[C@]34C)[C@@H]1CC[C@]2(O)C(=O)CO |a:1,3,15,20,&1:5,&2:6,&3:17,c:13,t:9|, C[C@]12C[C@H](O)[C@H]3[C@@H](CCC4=CC(=O)C=C[C@]34C)[C@@H]1CC[C@]2(O)C(=O)CO |a:1,3,15,20,&1:5,&2:6,&3:17,c:13,t:9|, C[C@]12C[C@H](O)[C@H]3[C@@H](CCC4=CC(=O)C=C[C@]34C)[C@@H]1CC[C@]2(O)C(=O)CO |a:1,3,15,20,&1:5,&2:6,&3:17,c:13,t:9|, C[C@]12C[C@H](O)[C@H]3[C@@H](CCC4=CC(=O)C=C[C@]34C)[C@@H]1CC[C@]2(O)C(=O)CO |a:1,3,15,20,&1:5,&2:6,&3:17,c:13,t:9|","OIGNJSKKLXVSLS-VWUMJDOOSA-N, OIGNJSKKLXVSLS-VWUMJDOOSA-N, OIGNJSKKLXVSLS-VWUMJDOOSA-N, OIGNJSKKLXVSLS-VWUMJDOOSA-N, OIGNJSKKLXVSLS-VWUMJDOOSA-N",Launched
prednisolone-acetate,glucocorticoid receptor agonist,NR3C1,"ophthalmology, dermatology, infectious disease","conjunctivitis, rosacea, punctate keratitis, shingles, iritis, cyclitis","Selleck, MicroSource, Selleck, MedChemEx",97.37,"CC(=O)OCC(=O)[C@@]1(O)CC[C@H]2[C@@H]3CCC4=CC(=O)C=C[C@]4(C)[C@H]3[C@@H](O)C[C@]12C |c:19,t:15|, CC(=O)OCC(=O)[C@@]1(O)CC[C@H]2[C@H]3CCC4=CC(=O)C=C[C@@]4(C)[C@@H]3[C@@H](O)C[C@]12C |a:7,24,27,&1:11,&2:12,&3:21,&4:23,c:19,t:15|, CC(=O)OCC(=O)[C@@]1(O)CC[C@H]2[C@@H]3CCC4=CC(=O)C=C[C@]4(C)[C@H]3[C@@H](O)C[C@]12C |c:19,t:15|, CC(=O)OCC(=O)[C@@]1(O)CC[C@H]2[C@@H]3CCC4=CC(=O)C=C[C@]4(C)[C@H]3[C@@H](O)C[C@]12C |c:19,t:15|","LRJOMUJRLNCICJ-JZYPGELDSA-N, LRJOMUJRLNCICJ-WXLIAARGSA-N, LRJOMUJRLNCICJ-JZYPGELDSA-N, LRJOMUJRLNCICJ-JZYPGELDSA-N",Launched
prednisolone-hemisuccinate,glucocorticoid receptor agonist,NR3C1,,,MicroSource,95.56,"C[C@]12C[C@H](O)[C@H]3[C@@H](CCC4=CC(=O)C=C[C@]34C)[C@@H]1CC[C@]2(O)C(=O)COC(=O)CCC(O)=O |a:1,3,15,20,&1:5,&2:6,&3:17,c:13,t:9|",APGDTXUMTIZLCJ-CGVGKPPMSA-N,Preclinical
prednisolone-sodium-phosphate,glucocorticoid receptor agonist,NR3C1,"allergy, pulmonary, ophthalmology, infectious disease, rheumatology, endocrinology, neurology/psychiatry, gastroenterology, hematology","allergic rhinitis, asthma, contact dermatitis, mycosis, lupus, hypercalcemia, thyroiditis, congenital adrenal hyperplasia, multiple sclerosis, ulcerative colitis, enteritis, thrombocythemia, pneumonia, meningitis, psoriatic arthritis, rheumatoid arthritis",MedChemEx,87.18,"[H][C@@]12CC[C@](O)(C(=O)COP(O)(O)=O)[C@@]1(C)C[C@H](O)[C@@]1([H])[C@@]2([H])CCC2=CC(=O)C=C[C@]12C |c:31,t:27|",JDOZJEUDSLGTLU-VWUMJDOOSA-N,Launched
prednisolone-tebutate,anti-inflammatory agent,,,,MicroSource,96.64,"CC(C)(C)CC(=O)OCC(=O)[C@@]1(O)CC[C@H]2[C@H]3CCC4=CC(=O)C=C[C@]4(C)[C@@H]3[C@@H](O)C[C@]12C |a:11,25,28,31,&1:15,&2:16,&3:27,c:23,t:19|",HUMXXHTVHHLNRO-HGVFMWMISA-N,Launched
prednisone,glucocorticoid receptor agonist,"HSD11B1, NR3C1","endocrinology, rheumatology, infectious disease, dermatology, ophthalmology, hematology, gastroenterology, neurology/psychiatry","congenital adrenal hyperplasia, hypercalcemia, rheumatoid arthritis, psoriatic arthritis, ankylosing spondylitis, bursitis, osteoarthritis, epicondylitis, dermatomyositis, psoriasis, mycosis, conjunctivitis, anemia, ulcerative colitis, enteritis, multiple sclerosis, meningitis","MedChemEx, MedChemEx, Selleck, MicroSource, Selleck",95.73,"C[C@]12CC(=O)[C@H]3[C@@H](CCC4=CC(=O)C=C[C@]34C)[C@@H]1CC[C@]2(O)C(=O)CO |c:13,t:9|, C[C@]12CC(=O)[C@H]3[C@@H](CCC4=CC(=O)C=C[C@]34C)[C@@H]1CC[C@]2(O)C(=O)CO |c:13,t:9|, C[C@]12CC(=O)[C@H]3[C@@H](CCC4=CC(=O)C=C[C@]34C)[C@@H]1CC[C@]2(O)C(=O)CO |c:13,t:9|, C[C@]12CC(=O)[C@H]3[C@@H](CCC4=CC(=O)C=C[C@]34C)[C@@H]1CC[C@]2(O)C(=O)CO |c:13,t:9|, C[C@]12CC(=O)[C@H]3[C@@H](CCC4=CC(=O)C=C[C@]34C)[C@@H]1CC[C@]2(O)C(=O)CO |c:13,t:9|","XOFYZVNMUHMLCC-ZPOLXVRWSA-N, XOFYZVNMUHMLCC-ZPOLXVRWSA-N, XOFYZVNMUHMLCC-ZPOLXVRWSA-N, XOFYZVNMUHMLCC-ZPOLXVRWSA-N, XOFYZVNMUHMLCC-ZPOLXVRWSA-N",Launched
pregnenolone,glutamate receptor modulator,SULT2B1,rheumatology,rheumatoid arthritis,"MedChemEx, MicroSource, Selleck, Selleck",98.34,"CC(=O)[C@H]1CC[C@H]2[C@@H]3CC=C4C[C@@H](O)CC[C@]4(C)[C@H]3CC[C@]12C |t:9|, CC(=O)[C@H]1CC[C@H]2[C@@H]3CC=C4C[C@@H](O)CC[C@]4(C)[C@H]3CC[C@]12C |t:9|, CC(=O)[C@H]1CC[C@H]2[C@@H]3CC=C4C[C@@H](O)CC[C@]4(C)[C@H]3CC[C@]12C |t:9|, CC(=O)[C@H]1CC[C@H]2[C@@H]3CC=C4C[C@@H](O)CC[C@]4(C)[C@H]3CC[C@]12C |t:9|","ORNBQBCIOKFOEO-QGVNFLHTSA-N, ORNBQBCIOKFOEO-QGVNFLHTSA-N, ORNBQBCIOKFOEO-QGVNFLHTSA-N, ORNBQBCIOKFOEO-QGVNFLHTSA-N",Launched
pregnenolone-succinate,GABA receptor negative allosteric modulator,CYP17A1,,,"MicroSource, MicroSource",99.33,"CC(=O)[C@H]1CC[C@H]2[C@H]3CC=C4C[C@H](CC[C@]4(C)[C@@H]3CC[C@]12C)OC(=O)CCC(O)=O |a:3,12,15,20,&1:6,&2:7,&3:17,t:9|, CC(=O)[C@H]1CC[C@H]2[C@H]3CC=C4C[C@H](CC[C@]4(C)[C@@H]3CC[C@]12C)OC(=O)CCC(O)=O |a:3,12,15,20,&1:6,&2:7,&3:17,t:9|","OZZAYJQNMKMUSD-VQLNUFJUSA-N, OZZAYJQNMKMUSD-VQLNUFJUSA-N",Preclinical
preladenant,adenosine receptor antagonist,"ADORA1, ADORA2A, ADORA2B, ADORA3",,,"MedChemEx, MedChemEx, MedChemEx, MedChemEx, MedChemEx",94.76,"COCCOc1ccc(cc1)N1CCN(CCn2ncc3c2nc(N)n2nc(nc32)-c2ccco2)CC1, COCCOc1ccc(cc1)N1CCN(CCn2ncc3c2nc(N)n2nc(nc32)-c2ccco2)CC1, COCCOc1ccc(cc1)N1CCN(CCn2ncc3c2nc(N)n2nc(nc32)-c2ccco2)CC1, COCCOc1ccc(cc1)N1CCN(CCn2ncc3c2nc(N)n2nc(nc32)-c2ccco2)CC1, COCCOc1ccc(cc1)N1CCN(CCn2ncc3c2nc(N)n2nc(nc32)-c2ccco2)CC1","DTYWJKSSUANMHD-UHFFFAOYSA-N, DTYWJKSSUANMHD-UHFFFAOYSA-N, DTYWJKSSUANMHD-UHFFFAOYSA-N, DTYWJKSSUANMHD-UHFFFAOYSA-N, DTYWJKSSUANMHD-UHFFFAOYSA-N",Phase 3
prenylamine,calcium channel blocker,,,,"Prestwick, Prestwick, Prestwick, Prestwick",98.2,"C[C@@H](Cc1ccccc1)NCCC(c1ccccc1)c1ccccc1 |&2:1|, C[C@@H](Cc1ccccc1)NCCC(c1ccccc1)c1ccccc1 |&2:1|, C[C@@H](Cc1ccccc1)NCCC(c1ccccc1)c1ccccc1 |&2:1|, C[C@@H](Cc1ccccc1)NCCC(c1ccccc1)c1ccccc1 |&2:1|","IFFPICMESYHZPQ-FQEVSTJZSA-N, IFFPICMESYHZPQ-FQEVSTJZSA-N, IFFPICMESYHZPQ-FQEVSTJZSA-N, IFFPICMESYHZPQ-FQEVSTJZSA-N",Withdrawn
presatovir,RSV fusion inhibitor,,,,"MedChemEx, MedChemEx",95.26,"Cc1cn2nc(cc2nc1N1CC[C@H](N)C1)[C@@H]1CCCCN1C(=O)c1cc(Cl)ccc1NS(C)(=O)=O, Cc1cn2nc(cc2nc1N1CC[C@H](N)C1)[C@@H]1CCCCN1C(=O)c1cc(Cl)ccc1NS(C)(=O)=O","GOFXWTVKPWJNGD-UWJYYQICSA-N, GOFXWTVKPWJNGD-UWJYYQICSA-N",Phase 2
pretomanid,nitric oxide donor,FASN,,,"MedChemEx, Selleck",96.87,"[O-][N+](=O)c1cn2C[C@@H](COc2n1)OCc1ccc(OC(F)(F)F)cc1, [O-][N+](=O)c1cn2C[C@@H](COc2n1)OCc1ccc(OC(F)(F)F)cc1","ZLHZLMOSPGACSZ-NSHDSACASA-N, ZLHZLMOSPGACSZ-NSHDSACASA-N",Launched
pridinol,muscle relaxant,,neurology/psychiatry,muscle relaxant,"Selleck, MicroSource, Selleck, Selleck",98.23,"OC(CCN1CCCCC1)(c1ccccc1)c1ccccc1, OC(CCN1CCCCC1)(c1ccccc1)c1ccccc1, OC(CCN1CCCCC1)(c1ccccc1)c1ccccc1, OC(CCN1CCCCC1)(c1ccccc1)c1ccccc1","RQXCLMGKHJWMOA-UHFFFAOYSA-N, RQXCLMGKHJWMOA-UHFFFAOYSA-N, RQXCLMGKHJWMOA-UHFFFAOYSA-N, RQXCLMGKHJWMOA-UHFFFAOYSA-N",Launched
pridopidine,dopamine receptor antagonist,,,,MedChemEx,94.48,CCCN1CCC(CC1)c1cccc(c1)S(C)(=O)=O,YGKUEOZJFIXDGI-UHFFFAOYSA-N,Phase 2
prilocaine,local anesthetic,SCN5A,neurology/psychiatry,anesthetic,"MedChemEx, Selleck",91.74,"CCCN[C@@H](C)C(=O)Nc1ccccc1C |&1:4,r|, CCCN[C@@H](C)C(=O)Nc1ccccc1C |&1:4,r|","MVFGUOIZUNYYSO-NSHDSACASA-N, MVFGUOIZUNYYSO-NSHDSACASA-N",Launched
primaquine,"antimalarial agent, DNA inhibitor",,infectious disease,malaria,MedChemEx,81.19,COc1cc(N[C@@H](C)CCCN)c2ncccc2c1 |r|,INDBQLZJXZLFIT-NSHDSACASA-N,Launched
PRIMA1,TP53 inhibitor,ACHE,,,"Tocris, Tocris, Tocris",100,"OCC1(CO)N2CCC(CC2)C1=O, OCC1(CO)N2CCC(CC2)C1=O, OCC1(CO)N2CCC(CC2)C1=O","RFBVBRVVOPAAFS-UHFFFAOYSA-N, RFBVBRVVOPAAFS-UHFFFAOYSA-N, RFBVBRVVOPAAFS-UHFFFAOYSA-N",Preclinical
primidone,GABA receptor antagonist,"CHRNA4, CHRNA7, GABRA1, GABRA2, GABRA3, GABRA4, GABRA5, GABRA6, GABRB1, GABRB2, GABRB3, GABRD, GABRE, GABRG1, GABRG2, GABRG3, GABRP, GABRQ, GRIA2, GRIK2, SCN10A, SCN11A, SCN1A, SCN2A, SCN3A, SCN4A, SCN5A, SCN7A, SCN8A, SCN9A",neurology/psychiatry,seizures,"Selleck, Selleck, Tocris, Tocris, Tocris, MicroSource",99.02,"CCC1(C(=O)NCNC1=O)c1ccccc1, CCC1(C(=O)NCNC1=O)c1ccccc1, CCC1(C(=O)NCNC1=O)c1ccccc1, CCC1(C(=O)NCNC1=O)c1ccccc1, CCC1(C(=O)NCNC1=O)c1ccccc1, CCC1(C(=O)NCNC1=O)c1ccccc1","DQMZLTXERSFNPB-UHFFFAOYSA-N, DQMZLTXERSFNPB-UHFFFAOYSA-N, DQMZLTXERSFNPB-UHFFFAOYSA-N, DQMZLTXERSFNPB-UHFFFAOYSA-N, DQMZLTXERSFNPB-UHFFFAOYSA-N, DQMZLTXERSFNPB-UHFFFAOYSA-N",Launched
prinaberel,estrogen receptor agonist,"ESR2, NCOA1",,,MedChemEx,94.73,Oc1cc(C=C)c2oc(nc2c1)-c1ccc(O)c(F)c1,MQIMZDXIAHJKQP-UHFFFAOYSA-N,Phase 2
prinomastat,matrix metalloprotease inhibitor,,,,MedChemEx,91.29,CC1(C)SCCN([C@H]1C(=O)NO)S(=O)(=O)c1ccc(Oc2ccncc2)cc1,YKPYIPVDTNNYCN-INIZCTEOSA-N,Phase 3
priralfinamide,sodium channel blocker,CACNA1B,,,"Tocris, AMS",98.67,"C[C@H](NCc1ccc(OCc2ccccc2F)cc1)C(N)=O, C[C@H](NCc1ccc(OCc2ccccc2F)cc1)C(N)=O","BHJIBOFHEFDSAU-LBPRGKRZSA-N, BHJIBOFHEFDSAU-LBPRGKRZSA-N",Phase 3
prisotinol,,,,,Sigma,95.47,"CC(C)N[C@H](C)Cc1ccc(O)cn1 |&1:4,r|",WQRPBKUCJBWQRT-SECBINFHSA-N,Phase 2
pritelivir,helicase primase inhibitor,,,,"MedChemEx, MedChemEx",98.06,"CN(C(=O)Cc1ccc(cc1)-c1ccccn1)c1nc(C)c(s1)S(N)(=O)=O, CN(C(=O)Cc1ccc(cc1)-c1ccccn1)c1nc(C)c(s1)S(N)(=O)=O","IVZKZONQVYTCKC-UHFFFAOYSA-N, IVZKZONQVYTCKC-UHFFFAOYSA-N",Phase 2
PRLX-93936,voltage-dependent anion selective channel protein inhibitor,,,,Key,92.91,CCOc1ccccc1-n1c(CN2CCNCC2)nc2ccccc2c1=O,OBWOSMGNXYUDFB-UHFFFAOYSA-N,Phase 1/Phase 2
PRN1008,Bruton's tyrosine kinase (BTK) inhibitor,,,,MedChemEx,93.58,CC(C)(\C=C(/C#N)C(=O)N1CCC[C@H](C1)n1nc(-c2ccc(Oc3ccccc3)cc2F)c2c(N)ncnc12)N1CCN(CC1)C1COC1,LCFFREMLXLZNHE-GBOLQPHISA-N,Preclinical
PRN1371,protein tyrosine kinase inhibitor,,,,MedChemEx,96.05,CNc1ncc2cc(-c3c(Cl)c(OC)cc(OC)c3Cl)c(=O)n(CCCN3CCN(CC3)C(=O)C=C)c2n1,PUIXMSRTTHLNKI-UHFFFAOYSA-N,Phase 1
proacipimox,cholesterol inhibitor,,,,"Enamine, Enamine",97.66,"COCc1c[n+]([O-])c(C)cn1, COCc1c[n+]([O-])c(C)cn1","KKKHJYGCTVKQEM-UHFFFAOYSA-N, KKKHJYGCTVKQEM-UHFFFAOYSA-N",Phase 1
proadifen,nitric oxide synthase inhibitor,NOS1,,,"Selleck, MicroSource, Selleck",93.97,"CCCC(C(=O)OCCN(CC)CC)(c1ccccc1)c1ccccc1, CCCC(C(=O)OCCN(CC)CC)(c1ccccc1)c1ccccc1, CCCC(C(=O)OCCN(CC)CC)(c1ccccc1)c1ccccc1","SNTQPLDRUZOSDP-UHFFFAOYSA-N, SNTQPLDRUZOSDP-UHFFFAOYSA-N, SNTQPLDRUZOSDP-UHFFFAOYSA-N",Preclinical
probenecid,uricosuric blocker,"PANX1, SLC22A11, SLC22A6, SLC22A8, SLCO1C1","nephrology, rheumatology","hyperuricemia, gout","Tocris, MicroSource, Tocris, Tocris, Selleck",98.66,"CCCN(CCC)S(=O)(=O)c1ccc(cc1)C(O)=O, CCCN(CCC)S(=O)(=O)c1ccc(cc1)C(O)=O, CCCN(CCC)S(=O)(=O)c1ccc(cc1)C(O)=O, CCCN(CCC)S(=O)(=O)c1ccc(cc1)C(O)=O, CCCN(CCC)S(=O)(=O)c1ccc(cc1)C(O)=O","DBABZHXKTCFAPX-UHFFFAOYSA-N, DBABZHXKTCFAPX-UHFFFAOYSA-N, DBABZHXKTCFAPX-UHFFFAOYSA-N, DBABZHXKTCFAPX-UHFFFAOYSA-N, DBABZHXKTCFAPX-UHFFFAOYSA-N",Launched
probucol,atherogenesis inhibitor,"ABCA1, ABCB11, CES1",cardiology,coronary artery disease (CAD),"MicroSource, Tocris, Tocris, Selleck, Selleck",93.74,"CC(C)(Sc1cc(c(O)c(c1)C(C)(C)C)C(C)(C)C)Sc1cc(c(O)c(c1)C(C)(C)C)C(C)(C)C, CC(C)(Sc1cc(c(O)c(c1)C(C)(C)C)C(C)(C)C)Sc1cc(c(O)c(c1)C(C)(C)C)C(C)(C)C, CC(C)(Sc1cc(c(O)c(c1)C(C)(C)C)C(C)(C)C)Sc1cc(c(O)c(c1)C(C)(C)C)C(C)(C)C, CC(C)(Sc1cc(c(O)c(c1)C(C)(C)C)C(C)(C)C)Sc1cc(c(O)c(c1)C(C)(C)C)C(C)(C)C, CC(C)(Sc1cc(c(O)c(c1)C(C)(C)C)C(C)(C)C)Sc1cc(c(O)c(c1)C(C)(C)C)C(C)(C)C","FYPMFJGVHOHGLL-UHFFFAOYSA-N, FYPMFJGVHOHGLL-UHFFFAOYSA-N, FYPMFJGVHOHGLL-UHFFFAOYSA-N, FYPMFJGVHOHGLL-UHFFFAOYSA-N, FYPMFJGVHOHGLL-UHFFFAOYSA-N",Launched
procainamide,sodium channel blocker,"DNMT1, SCN5A",cardiology,"ventricular arrhythmias, ventricular tachycardia (VT)","MedChemEx, MedChemEx, MicroSource, MicroSource",98.44,"CCN(CC)CCNC(=O)c1ccc(N)cc1, CCN(CC)CCNC(=O)c1ccc(N)cc1, CCN(CC)CCNC(=O)c1ccc(N)cc1, CCN(CC)CCNC(=O)c1ccc(N)cc1","REQCZEXYDRLIBE-UHFFFAOYSA-N, REQCZEXYDRLIBE-UHFFFAOYSA-N, REQCZEXYDRLIBE-UHFFFAOYSA-N, REQCZEXYDRLIBE-UHFFFAOYSA-N",Launched
procaine,HMGCR inhibitor,"CHRNA2, GRIN3A, HTR3A, KCNMA1, KCNMB1, KCNMB2, KCNMB3, KCNMB4, KCNN1, KCNN2, KCNN3, KCNN4, MAOA, MAOB, RYR1, RYR2, SCN10A, SLC6A3",neurology/psychiatry,anesthetic,"MicroSource, Selleck",99.21,"CCN(CC)CCOC(=O)c1ccc(N)cc1, CCN(CC)CCOC(=O)c1ccc(N)cc1","MFDFERRIHVXMIY-UHFFFAOYSA-N, MFDFERRIHVXMIY-UHFFFAOYSA-N",Launched
procarbazine,monoamine oxidase inhibitor,,hematologic malignancy,Hodgkin's lymphoma,"MicroSource, Selleck, Selleck, MedChemEx",47.77,"CNNCc1ccc(cc1)C(=O)NC(C)C, CNNCc1ccc(cc1)C(=O)NC(C)C, CNNCc1ccc(cc1)C(=O)NC(C)C, CNNCc1ccc(cc1)C(=O)NC(C)C","CPTBDICYNRMXFX-UHFFFAOYSA-N, CPTBDICYNRMXFX-UHFFFAOYSA-N, CPTBDICYNRMXFX-UHFFFAOYSA-N, CPTBDICYNRMXFX-UHFFFAOYSA-N",Launched
procaterol,adrenergic receptor agonist,ADRB2,pulmonary,asthma,"Tocris, Tocris, Tocris, Tocris",97.34,"CC[C@H](NC(C)C)[C@H](O)c1ccc(O)c2[nH]c(=O)ccc12, CC[C@H](NC(C)C)[C@H](O)c1ccc(O)c2[nH]c(=O)ccc12, CC[C@H](NC(C)C)[C@H](O)c1ccc(O)c2[nH]c(=O)ccc12, CC[C@H](NC(C)C)[C@H](O)c1ccc(O)c2[nH]c(=O)ccc12","FKNXQNWAXFXVNW-BLLLJJGKSA-N, FKNXQNWAXFXVNW-BLLLJJGKSA-N, FKNXQNWAXFXVNW-BLLLJJGKSA-N, FKNXQNWAXFXVNW-BLLLJJGKSA-N",Launched
prochlorperazine,dopamine receptor antagonist,"DRD1, DRD2, DRD3, DRD4",gastroenterology,"nausea, vomiting","Tocris, Selleck, Selleck, MicroSource, MicroSource, Selleck",93.5,"CN1CCN(CCCN2c3ccccc3Sc3ccc(Cl)cc23)CC1, CN1CCN(CCCN2c3ccccc3Sc3ccc(Cl)cc23)CC1, CN1CCN(CCCN2c3ccccc3Sc3ccc(Cl)cc23)CC1, CN1CCN(CCCN2c3ccccc3Sc3ccc(Cl)cc23)CC1, CN1CCN(CCCN2c3ccccc3Sc3ccc(Cl)cc23)CC1, CN1CCN(CCCN2c3ccccc3Sc3ccc(Cl)cc23)CC1","WIKYUJGCLQQFNW-UHFFFAOYSA-N, WIKYUJGCLQQFNW-UHFFFAOYSA-N, WIKYUJGCLQQFNW-UHFFFAOYSA-N, WIKYUJGCLQQFNW-UHFFFAOYSA-N, WIKYUJGCLQQFNW-UHFFFAOYSA-N, WIKYUJGCLQQFNW-UHFFFAOYSA-N",Launched
procodazole,immunostimulant,,,,"MicroSource, Selleck",98.53,"OC(=O)CCc1nc2ccccc2[nH]1, OC(=O)CCc1nc2ccccc2[nH]1","XYWJNTOURDMTPI-UHFFFAOYSA-N, XYWJNTOURDMTPI-UHFFFAOYSA-N",Preclinical
procyanidin-B-2,,,,,"MedChemEx, SantaCruz, SantaCruz",81.99,"O[C@H]1Cc2c(O)cc(O)c([C@@H]3[C@@H](O)[C@H](Oc4cc(O)cc(O)c34)c3ccc(O)c(O)c3)c2O[C@@H]1c1ccc(O)c(O)c1, O[C@H]1Cc2c(O)cc(O)c([C@@H]3[C@@H](O)[C@H](Oc4cc(O)cc(O)c34)c3ccc(O)c(O)c3)c2O[C@@H]1c1ccc(O)c(O)c1, O[C@H]1Cc2c(O)cc(O)c([C@@H]3[C@@H](O)[C@H](Oc4cc(O)cc(O)c34)c3ccc(O)c(O)c3)c2O[C@@H]1c1ccc(O)c(O)c1","XFZJEEAOWLFHDH-UKWJTHFESA-N, XFZJEEAOWLFHDH-UKWJTHFESA-N, XFZJEEAOWLFHDH-UKWJTHFESA-N",Phase 2
procyclidine,acetylcholine receptor antagonist,,neurology/psychiatry,"parkinsonism, Parkinson's Disease, akathisia, dystonia",MedChemEx,92.08,COc1cc(N[C@@H](C)CCCN)c2ncccc2c1 |&1:6|,INDBQLZJXZLFIT-NSHDSACASA-N,Launched
procysteine,glutathione synthase stimulant,,,,"Sigma, Sigma",93.1,"OC(=O)[C@@H]1CSC(=O)N1, OC(=O)[C@@H]1CSC(=O)N1","BMLMGCPTLHPWPY-REOHCLBHSA-N, BMLMGCPTLHPWPY-REOHCLBHSA-N",Phase 3
profenamine,"butyrylcholinesterase inhibitor, cholinergic receptor antagonist",CHRM1,neurology/psychiatry,Parkinson's Disease,"MicroSource, Sigma",45.81,"CCN(CC)[C@@H](C)CN1c2ccccc2Sc2ccccc12 |&1:5|, CCN(CC)[C@@H](C)CN1c2ccccc2Sc2ccccc12 |&1:5|","CDOZDBSBBXSXLB-HNNXBMFYSA-N, CDOZDBSBBXSXLB-HNNXBMFYSA-N",Launched
proflavine-hemisulfate,topical anesthetic,F2,,,"MicroSource, MicroSource, MicroSource, MedChemEx",87.04,"Nc1ccc2cc3ccc(N)cc3nc2c1, Nc1ccc2cc3ccc(N)cc3nc2c1, Nc1ccc2cc3ccc(N)cc3nc2c1, Nc1ccc2cc3ccc(N)cc3nc2c1","WDVSHHCDHLJJJR-UHFFFAOYSA-N, WDVSHHCDHLJJJR-UHFFFAOYSA-N, WDVSHHCDHLJJJR-UHFFFAOYSA-N, WDVSHHCDHLJJJR-UHFFFAOYSA-N",Phase 2
progesterone,progesterone receptor agonist,"CATSPER1, CATSPER2, CATSPER3, CATSPER4, CYP17A1, ESR1, NR3C2, OPRK1, PGR, TRPC5","obstetrics/gynecology, endocrinology","infertility, amenorrhea","MicroSource, Selleck",97.71,"CC(=O)[C@H]1CC[C@H]2[C@@H]3CCC4=CC(=O)CC[C@]4(C)[C@H]3CC[C@]12C |t:10|, CC(=O)[C@H]1CC[C@H]2[C@@H]3CCC4=CC(=O)CC[C@]4(C)[C@H]3CC[C@]12C |t:10|","RJKFOVLPORLFTN-LEKSSAKUSA-N, RJKFOVLPORLFTN-LEKSSAKUSA-N",Launched
proglumetacin,cyclooxygenase inhibitor,"PTGS1, PTGS2",neurology/psychiatry,pain relief,AKSci,0,"CCCN(CCC)C(=O)[C@@H](CCC(=O)OCCCN1CCN(CCOC(=O)Cc2c(C)n(C(=O)c3ccc(Cl)cc3)c3ccc(OC)cc23)CC1)NC(=O)c1ccccc1 |&1:9,r|",PTXGHCGBYMQQIG-RRHRGVEJSA-N,Launched
proglumide,CCK receptor antagonist,"CCKAR, CCKBR",,,Tocris,94.44,CCCN(CCC)C(=O)[C@@H](CCC(O)=O)NC(=O)c1ccccc1 |&1:9|,DGMKFQYCZXERLX-OAHLLOKOSA-N,Withdrawn
proguanil,dihydrofolate reductase inhibitor,DHFR,infectious disease,malaria,"MicroSource, MicroSource",92.08,"CC(C)NC(=N)N=C(N)Nc1ccc(Cl)cc1, CC(C)NC(=N)N=C(N)Nc1ccc(Cl)cc1","SSOLNOMRVKKSON-UHFFFAOYSA-N, SSOLNOMRVKKSON-UHFFFAOYSA-N",Launched
prolylleucylglycinamide,melanocyte-stimulating hormone release inhibitor,,,,Pharmeks,32.9,"CC(C)C[C@@H](NC(=O)[C@H]1CCCN1)C(=O)NCC(N)=O |&1:4,&2:8,r|",NOOJLZTTWSNHOX-NXEZZACHSA-N,Phase 2
promazine,dopamine receptor antagonist,"ADRA1A, ADRA1B, ADRA1D, CHRM1, CHRM2, CHRM3, CHRM4, CHRM5, DRD1, DRD2, DRD3, DRD4, HRH1, HTR2A, HTR2C",neurology/psychiatry,schizophrenia,"MedChemEx, MicroSource",94.85,"CN(C)CCCN1c2ccccc2Sc2ccccc12, CN(C)CCCN1c2ccccc2Sc2ccccc12","ZGUGWUXLJSTTMA-UHFFFAOYSA-N, ZGUGWUXLJSTTMA-UHFFFAOYSA-N",Launched
promestriene,estrogen receptor agonist,ESR1,endocrinology,androgenetic alopecia,Carbosynth,0,CCCOc1ccc2[C@H]3CC[C@]4(C)[C@H](CC[C@H]4[C@@H]3CCc2c1)OC,IUWKNLFTJBHTSD-AANPDWTMSA-N,Launched
promethazine,histamine receptor antagonist,HRH1,"neurology/psychiatry, allergy","sedative, allergic rhinitis","MedChemEx, MedChemEx, MedChemEx, MicroSource",88.98,"CC(CN1c2ccccc2Sc2ccccc12)N(C)C, CC(CN1c2ccccc2Sc2ccccc12)N(C)C, CC(CN1c2ccccc2Sc2ccccc12)N(C)C, CC(CN1c2ccccc2Sc2ccccc12)N(C)C","PWWVAXIEGOYWEE-UHFFFAOYSA-N, PWWVAXIEGOYWEE-UHFFFAOYSA-N, PWWVAXIEGOYWEE-UHFFFAOYSA-N, PWWVAXIEGOYWEE-UHFFFAOYSA-N",Launched
pronethalol,adrenergic receptor antagonist,,,,Tocris,97.29,"CC(C)NC[C@@H](O)c1ccc2ccccc2c1 |&1:5,r|",HRSANNODOVBCST-OAHLLOKOSA-N,Withdrawn
propacetamol,cyclooxygenase inhibitor,PTGS2,"endocrinology, neurology/psychiatry","fever, pain relief",AKSci,94.37,CCN(CC)CC(=O)Oc1ccc(NC(C)=O)cc1,QTGAJCQTLIRCFL-UHFFFAOYSA-N,Launched
propafenone,antiarrhythmic,"ADRB1, ADRB2, KCNA5, KCNH2",cardiology,"atrial fibrillation (AF), ventricular tachycardia (VT), ventricular arrhythmias","MedChemEx, MedChemEx, Selleck",96.96,"CCCNC[C@@H](O)COc1ccccc1C(=O)CCc1ccccc1 |&1:5,r|, CCCNC[C@@H](O)COc1ccccc1C(=O)CCc1ccccc1 |&1:5,r|, CCCNC[C@@H](O)COc1ccccc1C(=O)CCc1ccccc1 |&1:5,r|","JWHAUXFOSRPERK-GOSISDBHSA-N, JWHAUXFOSRPERK-GOSISDBHSA-N, JWHAUXFOSRPERK-GOSISDBHSA-N",Launched
propagermanium,"CCR agonist, interferon receptor agonist",CCR2,infectious disease,hepatitis B,Sigma,0,OC(=O)CC[Ge](=O)O[Ge](=O)CCC(O)=O,XEABSBMNTNXEJM-UHFFFAOYSA-N,Launched
propantheline,acetylcholine receptor antagonist,"CHRM1, CHRM2, CHRM3, CHRM4",gastroenterology,peptic ulcer disease (PUD),"MedChemEx, MedChemEx, MicroSource",94.6,"CC(C)[N+](C)(CCOC(=O)C1c2ccccc2Oc2ccccc12)C(C)C, CC(C)[N+](C)(CCOC(=O)C1c2ccccc2Oc2ccccc12)C(C)C, CC(C)[N+](C)(CCOC(=O)C1c2ccccc2Oc2ccccc12)C(C)C","VVWYOYDLCMFIEM-UHFFFAOYSA-N, VVWYOYDLCMFIEM-UHFFFAOYSA-N, VVWYOYDLCMFIEM-UHFFFAOYSA-N",Launched
propatylnitrate,,,cardiology,angina pectoris,"Sigma, Sigma",94.44,"CCC(CO[N+]([O-])=O)(CO[N+]([O-])=O)CO[N+]([O-])=O, CCC(CO[N+]([O-])=O)(CO[N+]([O-])=O)CO[N+]([O-])=O","YZZCJYJBCUJISI-UHFFFAOYSA-N, YZZCJYJBCUJISI-UHFFFAOYSA-N",Launched
propentofylline,"adenosine reuptake inhibitor, phosphodiesterase inhibitor",PDE1A,neurology/psychiatry,stroke,"Enzo, Sigma",95.57,"CCCn1cnc2n(C)c(=O)n(CCCCC(C)=O)c(=O)c12, CCCn1cnc2n(C)c(=O)n(CCCCC(C)=O)c(=O)c12","RBQOQRRFDPXAGN-UHFFFAOYSA-N, RBQOQRRFDPXAGN-UHFFFAOYSA-N",Launched
propidium-iodide,,ACHE,,,"Tocris, Prestwick",94.88,"CC[N+](C)(CC)CCC[n+]1c(-c2ccccc2)c2cc(N)ccc2c2ccc(N)cc12, CC[N+](C)(CC)CCC[n+]1c(-c2ccccc2)c2cc(N)ccc2c2ccc(N)cc12","ZDWVWKDAWBGPDN-UHFFFAOYSA-O, ZDWVWKDAWBGPDN-UHFFFAOYSA-O",Preclinical
propiolactone,,,infectious disease,antiseptic,"MicroSource, Sigma",20,"O=C1CCO1, O=C1CCO1","VEZXCJBBBCKRPI-UHFFFAOYSA-N, VEZXCJBBBCKRPI-UHFFFAOYSA-N",Launched
propiverine,acetylcholine receptor antagonist,CHRM1,urology,urinary incontinence,Sigma,97.84,CCCOC(C(=O)OC1CCN(C)CC1)(c1ccccc1)c1ccccc1,QPCVHQBVMYCJOM-UHFFFAOYSA-N,Launched
propofol,benzodiazepine receptor agonist,"FAAH, GABRA1, GABRA2, GABRA3, GABRA4, GABRA5, GABRA6, GABRB1, GABRB2, GABRB3, GABRD, GABRE, GABRG1, GABRG2, GABRG3, GABRP, GABRQ, SCN2A, SCN4A",neurology/psychiatry,anesthetic,"MicroSource, Enamine",76.91,"CC(C)c1cccc(C(C)C)c1O, CC(C)c1cccc(C(C)C)c1O","OLBCVFGFOZPWHH-UHFFFAOYSA-N, OLBCVFGFOZPWHH-UHFFFAOYSA-N",Launched
propoxur,,,infectious disease,flea control,"MedChemEx, MicroSource",93.11,"CNC(=O)Oc1ccccc1OC(C)C, CNC(=O)Oc1ccccc1OC(C)C","ISRUGXGCCGIOQO-UHFFFAOYSA-N, ISRUGXGCCGIOQO-UHFFFAOYSA-N",Launched
propoxycaine,local anesthetic,,neurology/psychiatry,anesthetic,"MedChemEx, MicroSource, MicroSource, MicroSource",98.96,"CCCOc1cc(N)ccc1C(=O)OCCN(CC)CC, CCCOc1cc(N)ccc1C(=O)OCCN(CC)CC, CCCOc1cc(N)ccc1C(=O)OCCN(CC)CC, CCCOc1cc(N)ccc1C(=O)OCCN(CC)CC","CAJIGINSTLKQMM-UHFFFAOYSA-N, CAJIGINSTLKQMM-UHFFFAOYSA-N, CAJIGINSTLKQMM-UHFFFAOYSA-N, CAJIGINSTLKQMM-UHFFFAOYSA-N",Launched
propranolol,adrenergic receptor antagonist,"ADRB1, ADRB2","cardiology, neurology/psychiatry","hypertension, angina pectoris, migraine headache","MicroSource, MicroSource, Selleck, Tocris",99.3,"CC(C)NCC(O)COc1cccc2ccccc12, CC(C)NCC(O)COc1cccc2ccccc12, CC(C)NCC(O)COc1cccc2ccccc12, CC(C)NCC(O)COc1cccc2ccccc12","AQHHHDLHHXJYJD-UHFFFAOYSA-N, AQHHHDLHHXJYJD-UHFFFAOYSA-N, AQHHHDLHHXJYJD-UHFFFAOYSA-N, AQHHHDLHHXJYJD-UHFFFAOYSA-N",Launched
propranolol-(R),adrenergic receptor antagonist,"ADRB2, ADRB3",,,"Tocris, Tocris, Tocris",98.07,"CC(C)NC[C@@H](O)COc1cccc2ccccc12, CC(C)NC[C@@H](O)COc1cccc2ccccc12, CC(C)NC[C@@H](O)COc1cccc2ccccc12","AQHHHDLHHXJYJD-CQSZACIVSA-N, AQHHHDLHHXJYJD-CQSZACIVSA-N, AQHHHDLHHXJYJD-CQSZACIVSA-N",Preclinical
propranolol-(S),adrenergic receptor antagonist,"ADRB1, HTR1A, HTR5A, SLC10A1",,,"Tocris, Tocris, Tocris, MicroSource",97.96,"CC(C)NC[C@H](O)COc1cccc2ccccc12, CC(C)NC[C@H](O)COc1cccc2ccccc12, CC(C)NC[C@H](O)COc1cccc2ccccc12, CC(C)NC[C@H](O)COc1cccc2ccccc12","AQHHHDLHHXJYJD-AWEZNQCLSA-N, AQHHHDLHHXJYJD-AWEZNQCLSA-N, AQHHHDLHHXJYJD-AWEZNQCLSA-N, AQHHHDLHHXJYJD-AWEZNQCLSA-N",Preclinical
propyl-benzoate,,,,,"Enamine, Sigma",9.32,"CCCOC(=O)c1ccccc1, CCCOC(=O)c1ccccc1","UDEWPOVQBGFNGE-UHFFFAOYSA-N, UDEWPOVQBGFNGE-UHFFFAOYSA-N",Launched
propylene-glycol,,,,,Sigma,0,"C[C@@H](O)CO |&1:1,r|",DNIAPMSPPWPWGF-GSVOUGTGSA-N,Launched
propylhexedrine,adrenergic receptor agonist,,"otolaryngology, endocrinology, allergy","nasal congestion, fever, allergic rhinitis",PrincetonBio,76.33,"CN[C@@H](C)CC1CCCCC1 |&1:2,r|",JCRIVQIOJSSCQD-VIFPVBQESA-N,Launched
propylparaben,,,,,"MedChemEx, ChemDiv",96.88,"CCCOC(=O)c1ccc(O)cc1, CCCOC(=O)c1ccc(O)cc1","QELSKZZBTMNZEB-UHFFFAOYSA-N, QELSKZZBTMNZEB-UHFFFAOYSA-N",Launched
propylthiouracil,thyroid peroxidase inhibitor,"DIO1, TPO",endocrinology,"hyperthyroidism, Grave's disease, goiter","MicroSource, Selleck",97.48,"CCCc1cc(=O)[nH]c(=S)[nH]1, CCCc1cc(=O)[nH]c(=S)[nH]1","KNAHARQHSZJURB-UHFFFAOYSA-N, KNAHARQHSZJURB-UHFFFAOYSA-N",Launched
propyphenazone,anti-inflammatory agent,,,,MedChemEx,89.98,CC(C)c1c(C)n(C)n(-c2ccccc2)c1=O,PXWLVJLKJGVOKE-UHFFFAOYSA-N,Preclinical
proquazone,cyclooxygenase inhibitor,"PTGS1, PTGS2",neurology/psychiatry,pain relief,"AMS, AMS",97,"CC(C)n1c2cc(C)ccc2c(nc1=O)-c1ccccc1, CC(C)n1c2cc(C)ccc2c(nc1=O)-c1ccccc1","JTIGKVIOEQASGT-UHFFFAOYSA-N, JTIGKVIOEQASGT-UHFFFAOYSA-N",Launched
proscillaridin-A,,,cardiology,"congestive heart failure, cardiac arrythmia","Toronto, Toronto, Toronto",97.98,"C[C@@H]1O[C@@H](O[C@H]2CC[C@]3(C)[C@H]4CC[C@]5(C)[C@H](CC[C@]5(O)[C@@H]4CCC3=C2)c2ccc(=O)oc2)[C@H](O)[C@H](O)[C@H]1O |c:26|, C[C@@H]1O[C@@H](O[C@H]2CC[C@]3(C)[C@H]4CC[C@]5(C)[C@H](CC[C@]5(O)[C@@H]4CCC3=C2)c2ccc(=O)oc2)[C@H](O)[C@H](O)[C@H]1O |c:26|, C[C@@H]1O[C@@H](O[C@H]2CC[C@]3(C)[C@H]4CC[C@]5(C)[C@H](CC[C@]5(O)[C@@H]4CCC3=C2)c2ccc(=O)oc2)[C@H](O)[C@H](O)[C@H]1O |c:26|","MYEJFUXQJGHEQK-ALRJYLEOSA-N, MYEJFUXQJGHEQK-ALRJYLEOSA-N, MYEJFUXQJGHEQK-ALRJYLEOSA-N",Launched
protionamide,,,infectious disease,tuberculosis,"MicroSource, MedChemEx, Selleck",94.39,"CCCc1cc(ccn1)C(N)=S, CCCc1cc(ccn1)C(N)=S, CCCc1cc(ccn1)C(N)=S","VRDIULHPQTYCLN-UHFFFAOYSA-N, VRDIULHPQTYCLN-UHFFFAOYSA-N, VRDIULHPQTYCLN-UHFFFAOYSA-N",Launched
protirelin,thyrotropin releasing hormone receptor agonist,TRHR,radiology,thyroid function diagnostic,MedChemEx,92.56,NC(=O)[C@@H]1CCCN1C(=O)[C@H](Cc1c[nH]cn1)NC(=O)[C@@H]1CCC(=O)N1,XNSAINXGIQZQOO-SRVKXCTJSA-N,Launched
protoporphyrin-IX,heme oxygenase inhibitor,HMOX1,,,"MedChemEx, MicroSource",62.13,"Cc1c(C=C)c2cc3[nH]c(cc4[nH]c(cc5nc(cc1n2)c(C=C)c5C)c(C)c4CCC(O)=O)c(CCC(O)=O)c3C, Cc1c(C=C)c2cc3[nH]c(cc4[nH]c(cc5nc(cc1n2)c(C=C)c5C)c(C)c4CCC(O)=O)c(CCC(O)=O)c3C","HGXFBVDWWKPUKZ-UJJXFSCMSA-N, HGXFBVDWWKPUKZ-UJJXFSCMSA-N",Preclinical
protriptyline,tricyclic antidepressant,"SLC6A2, SLC6A4",neurology/psychiatry,depression,"MedChemEx, MicroSource, MicroSource, MicroSource",98.39,"CNCCCC1c2ccccc2C=Cc2ccccc12 |c:13|, CNCCCC1c2ccccc2C=Cc2ccccc12 |c:13|, CNCCCC1c2ccccc2C=Cc2ccccc12 |c:13|, CNCCCC1c2ccccc2C=Cc2ccccc12 |c:13|","BWPIARFWQZKAIA-UHFFFAOYSA-N, BWPIARFWQZKAIA-UHFFFAOYSA-N, BWPIARFWQZKAIA-UHFFFAOYSA-N, BWPIARFWQZKAIA-UHFFFAOYSA-N",Launched
proxodolol,adrenergic receptor antagonist,,,,"Vitas-M, InterBioScreen",97.24,"Cc1noc(COc2ccccc2OC[C@@H](O)CNC(C)(C)C)n1 |&1:15|, Cc1noc(COc2ccccc2OC[C@@H](O)CNC(C)(C)C)n1 |&1:15|","CEDZURSVVKNCSL-ZDUSSCGKSA-N, CEDZURSVVKNCSL-ZDUSSCGKSA-N",Launched
proxyfan,histamine receptor modulator,HRH3,,,"Tocris, Tocris, Tocris",97.13,"C(COCc1ccccc1)Cc1cnc[nH]1, C(COCc1ccccc1)Cc1cnc[nH]1, C(COCc1ccccc1)Cc1cnc[nH]1","WNWALBVQAAIULR-UHFFFAOYSA-N, WNWALBVQAAIULR-UHFFFAOYSA-N, WNWALBVQAAIULR-UHFFFAOYSA-N",Preclinical
proxymetacaine,sodium channel blocker,"SCN10A, SCN5A",neurology/psychiatry,anesthetic,"MicroSource, MedChemEx, Selleck",97.7,"CCCOc1ccc(cc1N)C(=O)OCCN(CC)CC, CCCOc1ccc(cc1N)C(=O)OCCN(CC)CC, CCCOc1ccc(cc1N)C(=O)OCCN(CC)CC","KCLANYCVBBTKTO-UHFFFAOYSA-N, KCLANYCVBBTKTO-UHFFFAOYSA-N, KCLANYCVBBTKTO-UHFFFAOYSA-N",Launched
Proxyphylline,,,pulmonary,asthma,"MicroSource, MedChemEx",97.97,"C[C@@H](O)Cn1cnc2n(C)c(=O)n(C)c(=O)c12 |&1:1,r|, C[C@@H](O)Cn1cnc2n(C)c(=O)n(C)c(=O)c12 |&1:1,r|","KYHQZNGJUGFTGR-ZCFIWIBFSA-N, KYHQZNGJUGFTGR-ZCFIWIBFSA-N",Launched
PRT062070,"JAK inhibitor, SYK inhibitor",SYK,,,"MedChemEx, MedChemEx, MedChemEx, MedChemEx, MedChemEx, MedChemEx",92.76,"CCS(=O)(=O)N1CCN(CC1)c1ccc(Nc2ncc(C(N)=O)c(NC3CC3)n2)cc1, CCS(=O)(=O)N1CCN(CC1)c1ccc(Nc2ncc(C(N)=O)c(NC3CC3)n2)cc1, CCS(=O)(=O)N1CCN(CC1)c1ccc(Nc2ncc(C(N)=O)c(NC3CC3)n2)cc1, CCS(=O)(=O)N1CCN(CC1)c1ccc(Nc2ncc(C(N)=O)c(NC3CC3)n2)cc1, CCS(=O)(=O)N1CCN(CC1)c1ccc(Nc2ncc(C(N)=O)c(NC3CC3)n2)cc1, CCS(=O)(=O)N1CCN(CC1)c1ccc(Nc2ncc(C(N)=O)c(NC3CC3)n2)cc1","BGLPECHZZQDNCD-UHFFFAOYSA-N, BGLPECHZZQDNCD-UHFFFAOYSA-N, BGLPECHZZQDNCD-UHFFFAOYSA-N, BGLPECHZZQDNCD-UHFFFAOYSA-N, BGLPECHZZQDNCD-UHFFFAOYSA-N, BGLPECHZZQDNCD-UHFFFAOYSA-N",Phase 2/Phase 3
PRT062607,SYK inhibitor,"FGR, MAP3K9, SYK",,,"Selleck, Selleck, Selleck, Selleck, Selleck, Selleck, Selleck, Selleck, Selleck, Selleck, Selleck, Selleck",95.12,"N[C@H]1CCCC[C@H]1Nc1ncc(C(N)=O)c(Nc2cccc(c2)-n2nccn2)n1, N[C@H]1CCCC[C@H]1Nc1ncc(C(N)=O)c(Nc2cccc(c2)-n2nccn2)n1, N[C@H]1CCCC[C@H]1Nc1ncc(C(N)=O)c(Nc2cccc(c2)-n2nccn2)n1, N[C@H]1CCCC[C@H]1Nc1ncc(C(N)=O)c(Nc2cccc(c2)-n2nccn2)n1, N[C@H]1CCCC[C@H]1Nc1ncc(C(N)=O)c(Nc2cccc(c2)-n2nccn2)n1, N[C@H]1CCCC[C@H]1Nc1ncc(C(N)=O)c(Nc2cccc(c2)-n2nccn2)n1, N[C@H]1CCCC[C@H]1Nc1ncc(C(N)=O)c(Nc2cccc(c2)-n2nccn2)n1, N[C@H]1CCCC[C@H]1Nc1ncc(C(N)=O)c(Nc2cccc(c2)-n2nccn2)n1, N[C@H]1CCCC[C@H]1Nc1ncc(C(N)=O)c(Nc2cccc(c2)-n2nccn2)n1, N[C@H]1CCCC[C@H]1Nc1ncc(C(N)=O)c(Nc2cccc(c2)-n2nccn2)n1, N[C@H]1CCCC[C@H]1Nc1ncc(C(N)=O)c(Nc2cccc(c2)-n2nccn2)n1, N[C@H]1CCCC[C@H]1Nc1ncc(C(N)=O)c(Nc2cccc(c2)-n2nccn2)n1","TXGKRVFSSHPBAJ-JKSUJKDBSA-N, TXGKRVFSSHPBAJ-JKSUJKDBSA-N, TXGKRVFSSHPBAJ-JKSUJKDBSA-N, TXGKRVFSSHPBAJ-JKSUJKDBSA-N, TXGKRVFSSHPBAJ-JKSUJKDBSA-N, TXGKRVFSSHPBAJ-JKSUJKDBSA-N, TXGKRVFSSHPBAJ-JKSUJKDBSA-N, TXGKRVFSSHPBAJ-JKSUJKDBSA-N, TXGKRVFSSHPBAJ-JKSUJKDBSA-N, InChI=1S/C19H23N9O/c20-15-6-1-2-7-16(15)26-19-22-11-14(17(21)29)18(27-19)25-12-4-3-5-13(10-12)28-23-8-9-24-28/h3-5,8-11,15-16H,1-2,6-7,20H2,(H2,21,29)(H2,22,25,26,27)/t15-,16+/m0/s1, InChI=1S/C19H23N9O/c20-15-6-1-2-7-16(15)26-19-22-11-14(17(21)29)18(27-19)25-12-4-3-5-13(10-12)28-23-8-9-24-28/h3-5,8-11,15-16H,1-2,6-7,20H2,(H2,21,29)(H2,22,25,26,27)/t15-,16+/m0/s1, InChI=1S/C19H23N9O/c20-15-6-1-2-7-16(15)26-19-22-11-14(17(21)29)18(27-19)25-12-4-3-5-13(10-12)28-23-8-9-24-28/h3-5,8-11,15-16H,1-2,6-7,20H2,(H2,21,29)(H2,22,25,26,27)/t15-,16+/m0/s1",Phase 2
PRT4165,polycomb repressive complex inhibitor,PRC1,,,"MedChemEx, MedChemEx, Tocris",62.32,"O=C1C(=Cc2cccnc2)C(=O)c2ccccc12, O=C1C(=Cc2cccnc2)C(=O)c2ccccc12, O=C1C(=Cc2cccnc2)C(=O)c2ccccc12","OMHZFEWYVFWVLI-UHFFFAOYSA-N, OMHZFEWYVFWVLI-UHFFFAOYSA-N, OMHZFEWYVFWVLI-UHFFFAOYSA-N",Preclinical
prucalopride,serotonin receptor agonist,HTR4,gastroenterology,constipation,"MedChemEx, MedChemEx, Selleck, Selleck",98.37,"COCCCN1CCC(CC1)NC(=O)c1cc(Cl)c(N)c2CCOc12, COCCCN1CCC(CC1)NC(=O)c1cc(Cl)c(N)c2CCOc12, COCCCN1CCC(CC1)NC(=O)c1cc(Cl)c(N)c2CCOc12, COCCCN1CCC(CC1)NC(=O)c1cc(Cl)c(N)c2CCOc12","ZPMNHBXQOOVQJL-UHFFFAOYSA-N, ZPMNHBXQOOVQJL-UHFFFAOYSA-N, ZPMNHBXQOOVQJL-UHFFFAOYSA-N, ZPMNHBXQOOVQJL-UHFFFAOYSA-N",Launched
prulifloxacin,bacterial DNA gyrase inhibitor,,"infectious disease, pulmonary, gastroenterology","urinary tract infections, bronchitis, diarrhea","MicroSource, MedChemEx",79.74,"C[C@H]1Sc2c(C(O)=O)c(=O)c3cc(F)c(cc3n12)N1CCN(Cc2oc(=O)oc2C)CC1 |&1:1,r|, C[C@H]1Sc2c(C(O)=O)c(=O)c3cc(F)c(cc3n12)N1CCN(Cc2oc(=O)oc2C)CC1 |&1:1,r|","PWNMXPDKBYZCOO-LLVKDONJSA-N, PWNMXPDKBYZCOO-LLVKDONJSA-N",Launched
pruvanserin,serotonin receptor antagonist,"HTR2A, HTR2C",,,"Tocris, Tocris, Sigma",98.48,"Fc1ccc(CCN2CCN(CC2)C(=O)c2cccc3c(c[nH]c23)C#N)cc1, Fc1ccc(CCN2CCN(CC2)C(=O)c2cccc3c(c[nH]c23)C#N)cc1, Fc1ccc(CCN2CCN(CC2)C(=O)c2cccc3c(c[nH]c23)C#N)cc1","AQRLDDAFYYAIJP-UHFFFAOYSA-N, AQRLDDAFYYAIJP-UHFFFAOYSA-N, AQRLDDAFYYAIJP-UHFFFAOYSA-N",Phase 2
PRX-07034,serotonin receptor antagonist,,,,ChemDiv,86.32,"COc1cc(Cl)cc([C@H](C)Nc2cc(ccc2S(C)(=O)=O)N2CCNCC2)c1OC |&1:8,r|",BSLXKMCHXRCBIH-AWEZNQCLSA-N,Phase 1
PRX-08066,serotonin receptor antagonist,HTR2B,,,"Selleck, MedChemEx, MedChemEx",97.22,"Fc1ccc(CN2CCC(CC2)Nc2ncnc3sc(Cl)cc23)cc1C#N, Fc1ccc(CN2CCC(CC2)Nc2ncnc3sc(Cl)cc23)cc1C#N, Fc1ccc(CN2CCC(CC2)Nc2ncnc3sc(Cl)cc23)cc1C#N","IENZFHBNCRQMNP-UHFFFAOYSA-N, IENZFHBNCRQMNP-UHFFFAOYSA-N, IENZFHBNCRQMNP-UHFFFAOYSA-N",Phase 2
PSB-06126,NTPDase inhibitor,ENTPD3,,,"Tocris, Tocris, Tocris, Tocris, Tocris, Tocris, Tocris, Tocris",99.7,"Nc1c2C(=O)c3ccccc3C(=O)c2c(Nc2cccc3ccccc23)cc1S(O)(=O)=O, Nc1c2C(=O)c3ccccc3C(=O)c2c(Nc2cccc3ccccc23)cc1S(O)(=O)=O, Nc1c2C(=O)c3ccccc3C(=O)c2c(Nc2cccc3ccccc23)cc1S(O)(=O)=O, Nc1c2C(=O)c3ccccc3C(=O)c2c(Nc2cccc3ccccc23)cc1S(O)(=O)=O, Nc1c2C(=O)c3ccccc3C(=O)c2c(Nc2cccc3ccccc23)cc1S(O)(=O)=O, Nc1c2C(=O)c3ccccc3C(=O)c2c(Nc2cccc3ccccc23)cc1S(O)(=O)=O, Nc1c2C(=O)c3ccccc3C(=O)c2c(Nc2cccc3ccccc23)cc1S(O)(=O)=O, Nc1c2C(=O)c3ccccc3C(=O)c2c(Nc2cccc3ccccc23)cc1S(O)(=O)=O","ZHQRPIRGSWEALJ-UHFFFAOYSA-N, ZHQRPIRGSWEALJ-UHFFFAOYSA-N, ZHQRPIRGSWEALJ-UHFFFAOYSA-N, ZHQRPIRGSWEALJ-UHFFFAOYSA-N, ZHQRPIRGSWEALJ-UHFFFAOYSA-N, ZHQRPIRGSWEALJ-UHFFFAOYSA-N, ZHQRPIRGSWEALJ-UHFFFAOYSA-N, ZHQRPIRGSWEALJ-UHFFFAOYSA-N",Preclinical
PSB-11,adenosine receptor antagonist,"ADORA1, ADORA2A, ADORA3",,,"Tocris, Tocris, Tocris, Tocris, Tocris",97.61,"CC[C@@H]1CN2C(=N1)c1nc([nH]c1N(C)C2=O)-c1ccccc1 |c:5|, CC[C@@H]1CN2C(=N1)c1nc([nH]c1N(C)C2=O)-c1ccccc1 |c:5|, CC[C@@H]1CN2C(=N1)c1nc([nH]c1N(C)C2=O)-c1ccccc1 |c:5|, CC[C@@H]1CN2C(=N1)c1nc([nH]c1N(C)C2=O)-c1ccccc1 |c:5|, CC[C@@H]1CN2C(=N1)c1nc([nH]c1N(C)C2=O)-c1ccccc1 |c:5|","RGDHRCXUMURWBJ-LLVKDONJSA-N, RGDHRCXUMURWBJ-LLVKDONJSA-N, RGDHRCXUMURWBJ-LLVKDONJSA-N, RGDHRCXUMURWBJ-LLVKDONJSA-N, RGDHRCXUMURWBJ-LLVKDONJSA-N",Preclinical
PSB-1115,adenosine receptor antagonist,"ADORA1, ADORA2B, ADORA3",,,"Tocris, Tocris, Tocris, Tocris",97.08,"CCCn1c(=O)[nH]c2nc([nH]c2c1=O)-c1ccc(cc1)S(O)(=O)=O, CCCn1c(=O)[nH]c2nc([nH]c2c1=O)-c1ccc(cc1)S(O)(=O)=O, CCCn1c(=O)[nH]c2nc([nH]c2c1=O)-c1ccc(cc1)S(O)(=O)=O, CCCn1c(=O)[nH]c2nc([nH]c2c1=O)-c1ccc(cc1)S(O)(=O)=O","UYDRRQPGDSIMNU-UHFFFAOYSA-N, UYDRRQPGDSIMNU-UHFFFAOYSA-N, UYDRRQPGDSIMNU-UHFFFAOYSA-N, UYDRRQPGDSIMNU-UHFFFAOYSA-N",Preclinical
PSB-36,adenosine receptor antagonist,"ADORA1, ADORA2A, ADORA2B, ADORA3",,,Tocris,96.07,"[H][C@]12C[C@H]3C[C@]([H])(C[C@]3(C1)c1nc3n(CCCO)c(=O)n(CCCC)c(=O)c3[nH]1)C2 |r,THB:9:1:4:7.8|",CIBIXJYFYPFMTN-FZUGUKJMSA-N,Preclinical
PSB-603,adenosine receptor antagonist,"ADORA1, ADORA2A, ADORA2B, ADORA3",,,"Tocris, Tocris, Tocris, Tocris",98.46,"CCCn1c(=O)[nH]c2nc([nH]c2c1=O)-c1ccc(cc1)S(=O)(=O)N1CCN(CC1)c1ccc(Cl)cc1, CCCn1c(=O)[nH]c2nc([nH]c2c1=O)-c1ccc(cc1)S(=O)(=O)N1CCN(CC1)c1ccc(Cl)cc1, CCCn1c(=O)[nH]c2nc([nH]c2c1=O)-c1ccc(cc1)S(=O)(=O)N1CCN(CC1)c1ccc(Cl)cc1, CCCn1c(=O)[nH]c2nc([nH]c2c1=O)-c1ccc(cc1)S(=O)(=O)N1CCN(CC1)c1ccc(Cl)cc1","OVHCTHHFOHMNFV-UHFFFAOYSA-N, OVHCTHHFOHMNFV-UHFFFAOYSA-N, OVHCTHHFOHMNFV-UHFFFAOYSA-N, OVHCTHHFOHMNFV-UHFFFAOYSA-N",Preclinical
PSI-6130,RNA polymerase inhibitor,,,,"MedChemEx, MedChemEx",100,"C[C@@]1(F)[C@H](O)[C@@H](CO)O[C@H]1n1ccc(N)nc1=O, C[C@@]1(F)[C@H](O)[C@@H](CO)O[C@H]1n1ccc(N)nc1=O","NYPIRLYMDJMKGW-VPCXQMTMSA-N, NYPIRLYMDJMKGW-VPCXQMTMSA-N",Phase 1
PSI-697,P selectin inhibitor,,,,MedChemEx,92.55,OC(=O)c1c(O)c(Cc2ccc(Cl)cc2)nc2c3CCCCc3ccc12,DIEPFYNZGUUVHD-UHFFFAOYSA-N,Phase 1
PSI-7976,HCV inhibitor,,,,"MedChemEx, MedChemEx, MedChemEx",98.58,"CC(C)OC(=O)[C@H](C)N[P@@](=O)(OC[C@H]1O[C@@H](n2ccc(=O)[nH]c2=O)[C@](C)(F)[C@@H]1O)Oc1ccccc1, CC(C)OC(=O)[C@H](C)N[P@@](=O)(OC[C@H]1O[C@@H](n2ccc(=O)[nH]c2=O)[C@](C)(F)[C@@H]1O)Oc1ccccc1, CC(C)OC(=O)[C@H](C)N[P@@](=O)(OC[C@H]1O[C@@H](n2ccc(=O)[nH]c2=O)[C@](C)(F)[C@@H]1O)Oc1ccccc1","TTZHDVOVKQGIBA-YBSJRAAASA-N, TTZHDVOVKQGIBA-YBSJRAAASA-N, TTZHDVOVKQGIBA-YBSJRAAASA-N",Preclinical
PSN-375963,glucose dependent insulinotropic receptor agonist,GPR119,,,"Tocris, Tocris, Tocris",66.55,"CCCCC1CCC(CC1)c1nc(no1)-c1ccncc1, CCCCC1CCC(CC1)c1nc(no1)-c1ccncc1, CCCCC1CCC(CC1)c1nc(no1)-c1ccncc1","OAVLEYPTWABFLF-UHFFFAOYSA-N, OAVLEYPTWABFLF-UHFFFAOYSA-N, OAVLEYPTWABFLF-UHFFFAOYSA-N",Preclinical
PSNCBAM-1,cannabinoid receptor modulator,CNR1,,,"Tocris, Tocris",96.73,"Clc1ccc(NC(=O)Nc2cccc(c2)-c2cccc(n2)N2CCCC2)cc1, Clc1ccc(NC(=O)Nc2cccc(c2)-c2cccc(n2)N2CCCC2)cc1","HDAYFSFWIPRJSO-UHFFFAOYSA-N, HDAYFSFWIPRJSO-UHFFFAOYSA-N",Preclinical
psoralen,,"MAOA, MAOB",dermatology,"psoriasis, eczema, vitiligo",Specs,91.19,O=c1ccc2cc3ccoc3cc2o1,ZCCUUQDIBDJBTK-UHFFFAOYSA-N,Launched
PS178990,androgen receptor modulator,AR,,,"Tocris, MedChemEx, MedChemEx, MedChemEx, MedChemEx",98.09,"Cc1c(Cl)c(ccc1N1C(=O)[C@@H]2[C@H](O)CCN2C1=O)C#N, Cc1c(Cl)c(ccc1N1C(=O)[C@@H]2[C@H](O)CCN2C1=O)C#N, Cc1c(Cl)c(ccc1N1C(=O)[C@@H]2[C@H](O)CCN2C1=O)C#N, Cc1c(Cl)c(ccc1N1C(=O)[C@@H]2[C@H](O)CCN2C1=O)C#N, Cc1c(Cl)c(ccc1N1C(=O)[C@@H]2[C@H](O)CCN2C1=O)C#N","KEJORAMIZFOODM-PWSUYJOCSA-N, KEJORAMIZFOODM-PWSUYJOCSA-N, KEJORAMIZFOODM-PWSUYJOCSA-N, KEJORAMIZFOODM-PWSUYJOCSA-N, KEJORAMIZFOODM-PWSUYJOCSA-N",Phase 1
PT-2385,hypoxia inducible factor inhibitor,EPAS1,,,"MedChemEx, MedChemEx, MedChemEx",96.9,"CS(=O)(=O)c1ccc(Oc2cc(F)cc(c2)C#N)c2CC(F)(F)[C@@H](O)c12, CS(=O)(=O)c1ccc(Oc2cc(F)cc(c2)C#N)c2CC(F)(F)[C@@H](O)c12, CS(=O)(=O)c1ccc(Oc2cc(F)cc(c2)C#N)c2CC(F)(F)[C@@H](O)c12","ONBSHRSJOPSEGS-INIZCTEOSA-N, ONBSHRSJOPSEGS-INIZCTEOSA-N, ONBSHRSJOPSEGS-INIZCTEOSA-N",Phase 1
PTC-028,BMI-1 inhibitor,,,,MedChemEx,93.71,Cc1nc2cc(F)c(F)cc2n1-c1cncc(Nc2ccc(cc2)C(F)(F)F)n1,JEZGPBWIZWPDHP-UHFFFAOYSA-N,Preclinical
PTC-209,BMI-1 inhibitor,,,,"Selleck, Selleck, MedChemEx, MedChemEx, MedChemEx, Selleck",85.87,"COc1cc(Br)c(Nc2nc(cs2)-c2c(C)nc3ncccn23)c(Br)c1, COc1cc(Br)c(Nc2nc(cs2)-c2c(C)nc3ncccn23)c(Br)c1, COc1cc(Br)c(Nc2nc(cs2)-c2c(C)nc3ncccn23)c(Br)c1, COc1cc(Br)c(Nc2nc(cs2)-c2c(C)nc3ncccn23)c(Br)c1, COc1cc(Br)c(Nc2nc(cs2)-c2c(C)nc3ncccn23)c(Br)c1, COc1cc(Br)c(Nc2nc(cs2)-c2c(C)nc3ncccn23)c(Br)c1","XVOOCQSWCCRVDY-UHFFFAOYSA-N, XVOOCQSWCCRVDY-UHFFFAOYSA-N, XVOOCQSWCCRVDY-UHFFFAOYSA-N, XVOOCQSWCCRVDY-UHFFFAOYSA-N, XVOOCQSWCCRVDY-UHFFFAOYSA-N, XVOOCQSWCCRVDY-UHFFFAOYSA-N",Preclinical
pterostilbene,"cyclooxygenase inhibitor, PPAR receptor agonist",PTGS2,,,MedChemEx,98.33,COc1cc(OC)cc(\C=C\c2ccc(O)cc2)c1,VLEUZFDZJKSGMX-ONEGZZNKSA-N,Phase 2/Phase 3
PU-H71,HSP inhibitor,HSP90AA1,,,"MedChemEx, MedChemEx, MedChemEx",95.73,"CC(C)NCCCn1c(Sc2cc3OCOc3cc2I)nc2c(N)ncnc12, CC(C)NCCCn1c(Sc2cc3OCOc3cc2I)nc2c(N)ncnc12, CC(C)NCCCn1c(Sc2cc3OCOc3cc2I)nc2c(N)ncnc12","SUPVGFZUWFMATN-UHFFFAOYSA-N, SUPVGFZUWFMATN-UHFFFAOYSA-N, SUPVGFZUWFMATN-UHFFFAOYSA-N",Phase 1
puerarin,serotonin receptor antagonist,,,,"MedChemEx, Vitas-M, Selleck",97.51,"OC[C@H]1O[C@H]([C@H](O)[C@@H](O)[C@@H]1O)c1c(O)ccc2c1occ(-c1ccc(O)cc1)c2=O, OC[C@H]1O[C@H]([C@H](O)[C@@H](O)[C@@H]1O)c1c(O)ccc2c1occ(-c1ccc(O)cc1)c2=O, OC[C@H]1O[C@H]([C@H](O)[C@@H](O)[C@@H]1O)c1c(O)ccc2c1occ(-c1ccc(O)cc1)c2=O","HKEAFJYKMMKDOR-VPRICQMDSA-N, HKEAFJYKMMKDOR-VPRICQMDSA-N, HKEAFJYKMMKDOR-VPRICQMDSA-N",Phase 2
pumosetrag,serotonin receptor agonist,"HTR3A, HTR4",,,Sigma,98.08,O=C(N[C@H]1CN2CCC1CC2)c1c[nH]c2ccsc2c1=O,AFUWQWYPPZFWCO-LBPRGKRZSA-N,Phase 2
purmorphamine,smoothened receptor agonist,SMO,,,"Tocris, Selleck, Selleck, Selleck, Selleck, Selleck",94.09,"C1CCC(CC1)n1cnc2c(Nc3ccc(cc3)N3CCOCC3)nc(Oc3cccc4ccccc34)nc12, C1CCC(CC1)n1cnc2c(Nc3ccc(cc3)N3CCOCC3)nc(Oc3cccc4ccccc34)nc12, C1CCC(CC1)n1cnc2c(Nc3ccc(cc3)N3CCOCC3)nc(Oc3cccc4ccccc34)nc12, C1CCC(CC1)n1cnc2c(Nc3ccc(cc3)N3CCOCC3)nc(Oc3cccc4ccccc34)nc12, C1CCC(CC1)n1cnc2c(Nc3ccc(cc3)N3CCOCC3)nc(Oc3cccc4ccccc34)nc12, C1CCC(CC1)n1cnc2c(Nc3ccc(cc3)N3CCOCC3)nc(Oc3cccc4ccccc34)nc12","FYBHCRQFSFYWPY-UHFFFAOYSA-N, FYBHCRQFSFYWPY-UHFFFAOYSA-N, FYBHCRQFSFYWPY-UHFFFAOYSA-N, FYBHCRQFSFYWPY-UHFFFAOYSA-N, FYBHCRQFSFYWPY-UHFFFAOYSA-N, FYBHCRQFSFYWPY-UHFFFAOYSA-N",Preclinical
puromycin,protein synthesis inhibitor,"NHP2L1, RPL10L, RPL11, RPL13A, RPL15, RPL19, RPL23, RPL23A, RPL26L1, RPL3, RPL37, RPL8, RSL24D1",,,Tocris,96.84,COc1ccc(C[C@H](N)C(=O)N[C@@H]2[C@@H](CO)O[C@H]([C@@H]2O)n2cnc3c(ncnc23)N(C)C)cc1,RXWNCPJZOCPEPQ-NVWDDTSBSA-N,Preclinical
purvalanol-A,CDK inhibitor,"CDK1, CDK2, CDK4, CDK5, CSNK1G3, RPS6KA1, SRC",,,"Tocris, Tocris, Tocris, Tocris, Tocris",97.56,"CC(C)[C@H](CO)Nc1nc(Nc2cccc(Cl)c2)c2ncn(C(C)C)c2n1, CC(C)[C@H](CO)Nc1nc(Nc2cccc(Cl)c2)c2ncn(C(C)C)c2n1, CC(C)[C@H](CO)Nc1nc(Nc2cccc(Cl)c2)c2ncn(C(C)C)c2n1, CC(C)[C@H](CO)Nc1nc(Nc2cccc(Cl)c2)c2ncn(C(C)C)c2n1, CC(C)[C@H](CO)Nc1nc(Nc2cccc(Cl)c2)c2ncn(C(C)C)c2n1","PMXCMJLOPOFPBT-HNNXBMFYSA-N, PMXCMJLOPOFPBT-HNNXBMFYSA-N, PMXCMJLOPOFPBT-HNNXBMFYSA-N, PMXCMJLOPOFPBT-HNNXBMFYSA-N, PMXCMJLOPOFPBT-HNNXBMFYSA-N",Preclinical
purvalanol-B,tyrosine kinase inhibitor,"CDK2, CDK4, CDK5, MAPK1, MAPK3, SRPK2",,,"Tocris, Tocris, Tocris, Tocris",97.82,"CC(C)[C@H](CO)Nc1nc(Nc2ccc(C(O)=O)c(Cl)c2)c2ncn(C(C)C)c2n1, CC(C)[C@H](CO)Nc1nc(Nc2ccc(C(O)=O)c(Cl)c2)c2ncn(C(C)C)c2n1, CC(C)[C@H](CO)Nc1nc(Nc2ccc(C(O)=O)c(Cl)c2)c2ncn(C(C)C)c2n1, CC(C)[C@H](CO)Nc1nc(Nc2ccc(C(O)=O)c(Cl)c2)c2ncn(C(C)C)c2n1","ZKDXRFMOHZVXSG-HNNXBMFYSA-N, ZKDXRFMOHZVXSG-HNNXBMFYSA-N, ZKDXRFMOHZVXSG-HNNXBMFYSA-N, ZKDXRFMOHZVXSG-HNNXBMFYSA-N",Preclinical
putrescine,tissue transglutaminase inhibitor,"AMD1, KCNJ4, ODC1",,,Sigma,0,NCCCCN,KIDHWZJUCRJVML-UHFFFAOYSA-N,Phase 2
PX-12,thioredoxin inhibitor,"CNR1, TXN",,,MedChemEx,95.68,"CC[C@@H](C)SSc1ncc[nH]1 |&1:2,r|",BPBPYQWMFCTCNG-ZCFIWIBFSA-N,Phase 2
PX-478,hypoxia inducible factor inhibitor,,,,"Selleck, Selleck, Selleck",88.15,"N[C@@H](Cc1ccc(cc1)[N+]([O-])(CCCl)CCCl)C(O)=O |&1:1|, N[C@@H](Cc1ccc(cc1)[N+]([O-])(CCCl)CCCl)C(O)=O |&1:1|, N[C@@H](Cc1ccc(cc1)[N+]([O-])(CCCl)CCCl)C(O)=O |&1:1|","GSKQMLGAUOTSKT-LBPRGKRZSA-N, GSKQMLGAUOTSKT-LBPRGKRZSA-N, GSKQMLGAUOTSKT-LBPRGKRZSA-N",Phase 1
PYM50028,neurotrophic agent,,,,"MedChemEx, Enzo",100,"C[C@H]1[C@H]2[C@H](C[C@H]3[C@@H]4CC[C@@H]5C[C@@H](O)CC[C@]5(C)[C@H]4CC[C@]23C)O[C@]11CC[C@H](C)CO1, C[C@H]1[C@H]2[C@H](C[C@H]3[C@@H]4CC[C@@H]5C[C@@H](O)CC[C@]5(C)[C@H]4CC[C@]23C)O[C@]11CC[C@H](C)CO1","GMBQZIIUCVWOCD-WWASVFFGSA-N, GMBQZIIUCVWOCD-WWASVFFGSA-N",Phase 2
PYR-41,ubiquitin activating enzyme inhibitor,,,,"Selleck, Selleck, Selleck",45.42,"CCOC(=O)c1ccc(cc1)N1NC(=O)\C(=C\c2ccc(o2)[N+]([O-])=O)C1=O, CCOC(=O)c1ccc(cc1)N1NC(=O)\C(=C\c2ccc(o2)[N+]([O-])=O)C1=O, CCOC(=O)c1ccc(cc1)N1NC(=O)\C(=C\c2ccc(o2)[N+]([O-])=O)C1=O","ARGIPZKQJGFSGQ-LCYFTJDESA-N, ARGIPZKQJGFSGQ-LCYFTJDESA-N, ARGIPZKQJGFSGQ-LCYFTJDESA-N",Preclinical
pyrantel,"acetylcholine receptor agonist, nicotinic receptor agonist",,infectious disease,gastrointestinal roundworms,Sigma,97.74,OC(=O)c1cc2ccccc2c(Cc2c(O)c(cc3ccccc23)C(O)=O)c1O,WLJNZVDCPSBLRP-UHFFFAOYSA-N,Launched
pyrantel-pamoate,neuromuscular blocker,,infectious disease,"hookworm, tapeworm","MedChemEx, MedChemEx, MedChemEx, MedChemEx, Prestwick, MicroSource",94.32,"CN1CCCN=C1\C=C\c1cccs1 |c:5|, CN1CCCN=C1\C=C\c1cccs1 |c:5|, CN1CCCN=C1\C=C\c1cccs1 |c:5|, CN1CCCN=C1\C=C\c1cccs1 |c:5|, CN1CCCN=C1\C=C\c1cccs1 |c:5|, CN1CCCN=C1\C=C\c1cccs1 |c:5|","YSAUAVHXTIETRK-AATRIKPKSA-N, YSAUAVHXTIETRK-AATRIKPKSA-N, YSAUAVHXTIETRK-AATRIKPKSA-N, YSAUAVHXTIETRK-AATRIKPKSA-N, YSAUAVHXTIETRK-AATRIKPKSA-N, YSAUAVHXTIETRK-AATRIKPKSA-N",Launched
pyrazinamide,fatty acid synthase inhibitor,FASN,infectious disease,tuberculosis,"Selleck, MicroSource",98.54,"NC(=O)c1cnccn1, NC(=O)c1cnccn1","IPEHBUMCGVEMRF-UHFFFAOYSA-N, IPEHBUMCGVEMRF-UHFFFAOYSA-N",Launched
pyrazinoylguanidine,diuretic,,,,Enamine,95.97,NC(=N)NC(=O)c1cnccn1,WNBSDCKJFDZMHT-UHFFFAOYSA-N,Phase 1
pyrazolanthrone,JNK inhibitor,"MAPK10, MAPK8, MAPK8IP1, MAPK9, TTK",,,"Tocris, Selleck, Selleck, Selleck, Tocris",97.4,"O=C1c2ccccc2-c2[nH]nc3cccc1c23, O=C1c2ccccc2-c2[nH]nc3cccc1c23, O=C1c2ccccc2-c2[nH]nc3cccc1c23, O=C1c2ccccc2-c2[nH]nc3cccc1c23, O=C1c2ccccc2-c2[nH]nc3cccc1c23","ACPOUJIDANTYHO-UHFFFAOYSA-N, ACPOUJIDANTYHO-UHFFFAOYSA-N, ACPOUJIDANTYHO-UHFFFAOYSA-N, ACPOUJIDANTYHO-UHFFFAOYSA-N, ACPOUJIDANTYHO-UHFFFAOYSA-N",Preclinical
pyrazoloacridine,topoisomerase inhibitor,"TOP1, TOP2A",,,Sigma,13.26,COc1ccc2nc3c(ccc4n(CCCN(C)C)[nH]c(c34)c2c1)[N+]([O-])=O,HVRZAFDJOWIDMM-UHFFFAOYSA-N,Phase 2
pyrethrins,,,infectious disease,flea control,TRC,96.88,CC(C)=C[C@@H]1[C@@H](C(=O)O[C@H]2CC(=O)C(C\C=C/C=C)=C2C)C1(C)C |c:18|,ROVGZAWFACYCSP-VUMXUWRFSA-N,Launched
pyridoxal,,PDXK,neurology/psychiatry,epilepsy,Vitas-M,92.3,Cc1ncc(CO)c(C=O)c1O,RADKZDMFGJYCBB-UHFFFAOYSA-N,Launched
pyridoxal-isonicotinoyl-hydrazone,apoptosis stimulant,,,,"Cayman, Cayman",93.7,"Cc1ncc(CO)c(\C=N\NC(=O)c2ccncc2)c1O, Cc1ncc(CO)c(\C=N\NC(=O)c2ccncc2)c1O","BQYIXOPJPLGCRZ-REZTVBANSA-N, BQYIXOPJPLGCRZ-REZTVBANSA-N",Phase 2
pyridoxamine,AGE inhibitor,,,,Sigma,98.7,Cc1ncc(CO)c(CN)c1O,NHZMQXZHNVQTQA-UHFFFAOYSA-N,Phase 3
pyridoxine,vitamin B,"DDC, PDXK",metabolism,vitamin B6 deficiency,"MicroSource, Selleck",100,"Cc1ncc(CO)c(CO)c1O, Cc1ncc(CO)c(CO)c1O","LXNHXLLTXMVWPM-UHFFFAOYSA-N, LXNHXLLTXMVWPM-UHFFFAOYSA-N",Launched
pyrimethamine,dihydrofolate reductase inhibitor,"DHFR, SLC47A1",infectious disease,malaria,"Tocris, Selleck, Selleck, Tocris, MicroSource, MicroSource, MicroSource, Tocris",99.69,"CCc1nc(N)nc(N)c1-c1ccc(Cl)cc1, CCc1nc(N)nc(N)c1-c1ccc(Cl)cc1, CCc1nc(N)nc(N)c1-c1ccc(Cl)cc1, CCc1nc(N)nc(N)c1-c1ccc(Cl)cc1, CCc1nc(N)nc(N)c1-c1ccc(Cl)cc1, CCc1nc(N)nc(N)c1-c1ccc(Cl)cc1, CCc1nc(N)nc(N)c1-c1ccc(Cl)cc1, CCc1nc(N)nc(N)c1-c1ccc(Cl)cc1","WKSAUQYGYAYLPV-UHFFFAOYSA-N, WKSAUQYGYAYLPV-UHFFFAOYSA-N, WKSAUQYGYAYLPV-UHFFFAOYSA-N, WKSAUQYGYAYLPV-UHFFFAOYSA-N, WKSAUQYGYAYLPV-UHFFFAOYSA-N, WKSAUQYGYAYLPV-UHFFFAOYSA-N, WKSAUQYGYAYLPV-UHFFFAOYSA-N, WKSAUQYGYAYLPV-UHFFFAOYSA-N",Launched
pyrintegrin,integrin signaling activator,,,,"Tocris, Tocris",95.74,"Oc1ccc2N(CCCc2c1)c1ccnc(Nc2ccc(cc2)S(=O)(=O)NCC2CC2)n1, Oc1ccc2N(CCCc2c1)c1ccnc(Nc2ccc(cc2)S(=O)(=O)NCC2CC2)n1","QRJTZIJWDLJKQO-UHFFFAOYSA-N, QRJTZIJWDLJKQO-UHFFFAOYSA-N",Preclinical
pyrithione-zinc,ATP synthase inhibitor,"KCNQ1, KCNQ2, KCNQ4, KCNQ5",dermatology,"dandruff, cosmetic","MicroSource, MicroSource, MicroSource, Selleck, Selleck, MedChemEx",99.05,"O1[n+]2ccccc2S[Zn]11O[n+]2ccccc2S1, O1[n+]2ccccc2S[Zn]11O[n+]2ccccc2S1, O1[n+]2ccccc2S[Zn]11O[n+]2ccccc2S1, O1[n+]2ccccc2S[Zn]11O[n+]2ccccc2S1, O1[n+]2ccccc2S[Zn]11O[n+]2ccccc2S1, O1[n+]2ccccc2S[Zn]11O[n+]2ccccc2S1","KTIHEFSORPLWRR-UHFFFAOYSA-L, KTIHEFSORPLWRR-UHFFFAOYSA-L, KTIHEFSORPLWRR-UHFFFAOYSA-L, KTIHEFSORPLWRR-UHFFFAOYSA-L, KTIHEFSORPLWRR-UHFFFAOYSA-L, KTIHEFSORPLWRR-UHFFFAOYSA-L",Launched
pyrithyldione,psychoactive drug,,,,MicroSource,97.73,CCC1(CC)C(=O)NC=CC1=O |c:8|,NZASCBIBXNPDMH-UHFFFAOYSA-N,Withdrawn
pyritinol,,,"rheumatology, neurology/psychiatry","rheumatoid arthritis, senile dementia","MedChemEx, MicroSource",97.57,"Cc1ncc(CSSCc2cnc(C)c(O)c2CO)c(CO)c1O, Cc1ncc(CSSCc2cnc(C)c(O)c2CO)c(CO)c1O","SIXLXDIJGIWWFU-UHFFFAOYSA-N, SIXLXDIJGIWWFU-UHFFFAOYSA-N",Launched
pyronaridine,antimalarial agent,,,,"MicroSource, Vitas-M",86.56,"COc1ccc2nc3cc(Cl)ccc3c(Nc3cc(CN4CCCC4)c(O)c(CN4CCCC4)c3)c2n1, COc1ccc2nc3cc(Cl)ccc3c(Nc3cc(CN4CCCC4)c(O)c(CN4CCCC4)c3)c2n1","DJUFPMUQJKWIJB-UHFFFAOYSA-N, DJUFPMUQJKWIJB-UHFFFAOYSA-N",Phase 3
pyrotinib,kinase inhibitor,,,,MedChemEx,97.45,CCOc1cc2ncc(C#N)c(Nc3ccc(OCc4ccccn4)c(Cl)c3)c2cc1NC(=O)\C=C\[C@H]1CCCN1C,SADXACCFNXBCFY-IYNHSRRRSA-N,Phase 3
pyroxamide,HDAC inhibitor,HDAC1,,,"Cayman, Cayman, Tocris, Cayman, Cayman, Cayman, Cayman",97.08,"ONC(=O)CCCCCCC(=O)Nc1cccnc1, ONC(=O)CCCCCCC(=O)Nc1cccnc1, ONC(=O)CCCCCCC(=O)Nc1cccnc1, ONC(=O)CCCCCCC(=O)Nc1cccnc1, ONC(=O)CCCCCCC(=O)Nc1cccnc1, ONC(=O)CCCCCCC(=O)Nc1cccnc1, ONC(=O)CCCCCCC(=O)Nc1cccnc1","PTJGLFIIZFVFJV-UHFFFAOYSA-N, PTJGLFIIZFVFJV-UHFFFAOYSA-N, PTJGLFIIZFVFJV-UHFFFAOYSA-N, PTJGLFIIZFVFJV-UHFFFAOYSA-N, PTJGLFIIZFVFJV-UHFFFAOYSA-N, PTJGLFIIZFVFJV-UHFFFAOYSA-N, PTJGLFIIZFVFJV-UHFFFAOYSA-N",Phase 1
pyrrolidine-dithiocarbamate,NFkB pathway inhibitor,"HSD11B1, RELA",,,"Tocris, Tocris",0,"SC(=S)N1CCCC1, SC(=S)N1CCCC1","VSWDORGPIHIGNW-UHFFFAOYSA-N, VSWDORGPIHIGNW-UHFFFAOYSA-N",Preclinical
pyrvinium-pamoate,androgen receptor antagonist,AR,infectious disease,pinworm,"Sigma, MicroSource",64.19,"CN(C)c1ccc2[n+](C)c(\C=C\c3cc(C)n(c3C)-c3ccccc3)ccc2c1, CN(C)c1ccc2[n+](C)c(\C=C\c3cc(C)n(c3C)-c3ccccc3)ccc2c1","QMHSXPLYMTVAMK-UHFFFAOYSA-N, QMHSXPLYMTVAMK-UHFFFAOYSA-N",Launched
PZ-2891,pantothenate kinase activator,,,,MedChemEx,96.3,CC(C)c1ccc(CC(=O)N2CCN(CC2)c2ccc(nn2)C#N)cc1,LGWDVWIZDPGCFG-UHFFFAOYSA-N,Preclinical
P22077,ubiquitin specific protease inhibitor,USP7,,,"Tocris, Tocris, Tocris, Selleck, Selleck, Selleck, Selleck, Selleck, Selleck, Selleck",97.13,"CC(=O)c1cc(c(Sc2ccc(F)cc2F)s1)[N+]([O-])=O, CC(=O)c1cc(c(Sc2ccc(F)cc2F)s1)[N+]([O-])=O, CC(=O)c1cc(c(Sc2ccc(F)cc2F)s1)[N+]([O-])=O, CC(=O)c1cc(c(Sc2ccc(F)cc2F)s1)[N+]([O-])=O, CC(=O)c1cc(c(Sc2ccc(F)cc2F)s1)[N+]([O-])=O, CC(=O)c1cc(c(Sc2ccc(F)cc2F)s1)[N+]([O-])=O, CC(=O)c1cc(c(Sc2ccc(F)cc2F)s1)[N+]([O-])=O, CC(=O)c1cc(c(Sc2ccc(F)cc2F)s1)[N+]([O-])=O, CC(=O)c1cc(c(Sc2ccc(F)cc2F)s1)[N+]([O-])=O, CC(=O)c1cc(c(Sc2ccc(F)cc2F)s1)[N+]([O-])=O","RMAMGGNACJHXHO-UHFFFAOYSA-N, RMAMGGNACJHXHO-UHFFFAOYSA-N, RMAMGGNACJHXHO-UHFFFAOYSA-N, RMAMGGNACJHXHO-UHFFFAOYSA-N, RMAMGGNACJHXHO-UHFFFAOYSA-N, RMAMGGNACJHXHO-UHFFFAOYSA-N, RMAMGGNACJHXHO-UHFFFAOYSA-N, RMAMGGNACJHXHO-UHFFFAOYSA-N, RMAMGGNACJHXHO-UHFFFAOYSA-N, RMAMGGNACJHXHO-UHFFFAOYSA-N",Preclinical
P276-00,CDK inhibitor,"CDK1, CDK4, CDK9",,,"Selleck, Selleck, Selleck, Selleck",97.85,"CN1CC[C@H]([C@@H]1CO)c1c(O)cc(O)c2c1oc(cc2=O)-c1ccccc1Cl, CN1CC[C@H]([C@@H]1CO)c1c(O)cc(O)c2c1oc(cc2=O)-c1ccccc1Cl, CN1CC[C@H]([C@@H]1CO)c1c(O)cc(O)c2c1oc(cc2=O)-c1ccccc1Cl, CN1CC[C@H]([C@@H]1CO)c1c(O)cc(O)c2c1oc(cc2=O)-c1ccccc1Cl","QLUYMIVVAYRECT-OCCSQVGLSA-N, QLUYMIVVAYRECT-OCCSQVGLSA-N, QLUYMIVVAYRECT-OCCSQVGLSA-N, QLUYMIVVAYRECT-OCCSQVGLSA-N",Phase 2
P5091,ubiquitin specific protease inhibitor,USP7,,,"MedChemEx, Selleck, Selleck, Selleck, Selleck, Selleck, Selleck, Selleck",97.85,"CC(=O)c1cc(c(Sc2cccc(Cl)c2Cl)s1)[N+]([O-])=O, CC(=O)c1cc(c(Sc2cccc(Cl)c2Cl)s1)[N+]([O-])=O, CC(=O)c1cc(c(Sc2cccc(Cl)c2Cl)s1)[N+]([O-])=O, CC(=O)c1cc(c(Sc2cccc(Cl)c2Cl)s1)[N+]([O-])=O, CC(=O)c1cc(c(Sc2cccc(Cl)c2Cl)s1)[N+]([O-])=O, CC(=O)c1cc(c(Sc2cccc(Cl)c2Cl)s1)[N+]([O-])=O, CC(=O)c1cc(c(Sc2cccc(Cl)c2Cl)s1)[N+]([O-])=O, CC(=O)c1cc(c(Sc2cccc(Cl)c2Cl)s1)[N+]([O-])=O","LKZLGMAAKNEGCH-UHFFFAOYSA-N, LKZLGMAAKNEGCH-UHFFFAOYSA-N, LKZLGMAAKNEGCH-UHFFFAOYSA-N, LKZLGMAAKNEGCH-UHFFFAOYSA-N, LKZLGMAAKNEGCH-UHFFFAOYSA-N, LKZLGMAAKNEGCH-UHFFFAOYSA-N, LKZLGMAAKNEGCH-UHFFFAOYSA-N, LKZLGMAAKNEGCH-UHFFFAOYSA-N",Preclinical
P7C3,NAMPT inhibitor,NAMPT,,,"Tocris, Tocris",95.81,"O[C@@H](CNc1ccccc1)Cn1c2ccc(Br)cc2c2cc(Br)ccc12 |&1:1,r|, O[C@@H](CNc1ccccc1)Cn1c2ccc(Br)cc2c2cc(Br)ccc12 |&1:1,r|","FZHHRERIIVOATI-KRWDZBQOSA-N, FZHHRERIIVOATI-KRWDZBQOSA-N",Preclinical
Q-203,ATP synthase inhibitor,,,,"Enamine, Enamine",89.92,"CCc1nc2ccc(Cl)cn2c1C(=O)NCc1ccc(cc1)N1CCC(CC1)c1ccc(OC(F)(F)F)cc1, CCc1nc2ccc(Cl)cn2c1C(=O)NCc1ccc(cc1)N1CCC(CC1)c1ccc(OC(F)(F)F)cc1","OJICYBSWSZGRFB-UHFFFAOYSA-N, OJICYBSWSZGRFB-UHFFFAOYSA-N",Phase 2
quazinone,phosphodiesterase inhibitor,"PDE3A, PDE3B",,,"AMS, AMS, AMS",97.92,"CC1N2Cc3c(Cl)cccc3NC2=NC1=O |c:14|, CC1N2Cc3c(Cl)cccc3NC2=NC1=O |c:14|, CC1N2Cc3c(Cl)cccc3NC2=NC1=O |c:14|","BHZFZYLBVSWUMT-UHFFFAOYSA-N, BHZFZYLBVSWUMT-UHFFFAOYSA-N, BHZFZYLBVSWUMT-UHFFFAOYSA-N",Phase 2
quercetin,polar auxin transport inhibitor,"ATP5A1, ATP5B, ATP5C1, HCK, HIBCH, PIK3CG, PIM1, STK17B, UGT3A1","neurology/psychiatry, allergy","fatigue, allergic rhinitis, drowsiness","Tocris, Tocris, Tocris, Selleck, Selleck, Selleck, Selleck",93.07,"Oc1cc(O)c2c(c1)oc(-c1ccc(O)c(O)c1)c(O)c2=O, Oc1cc(O)c2c(c1)oc(-c1ccc(O)c(O)c1)c(O)c2=O, Oc1cc(O)c2c(c1)oc(-c1ccc(O)c(O)c1)c(O)c2=O, Oc1cc(O)c2c(c1)oc(-c1ccc(O)c(O)c1)c(O)c2=O, Oc1cc(O)c2c(c1)oc(-c1ccc(O)c(O)c1)c(O)c2=O, Oc1cc(O)c2c(c1)oc(-c1ccc(O)c(O)c1)c(O)c2=O, Oc1cc(O)c2c(c1)oc(-c1ccc(O)c(O)c1)c(O)c2=O","REFJWTPEDVJJIY-UHFFFAOYSA-N, REFJWTPEDVJJIY-UHFFFAOYSA-N, REFJWTPEDVJJIY-UHFFFAOYSA-N, REFJWTPEDVJJIY-UHFFFAOYSA-N, REFJWTPEDVJJIY-UHFFFAOYSA-N, REFJWTPEDVJJIY-UHFFFAOYSA-N, REFJWTPEDVJJIY-UHFFFAOYSA-N",Launched
quetiapine,"dopamine receptor antagonist, serotonin receptor antagonist","ADRA1A, ADRA1B, ADRA1D, ADRA2A, ADRA2B, ADRA2C, CHRM1, CHRM2, CHRM3, CHRM4, CHRM5, DRD1, DRD2, DRD3, DRD4, DRD5, HRH1, HTR1A, HTR1B, HTR1D, HTR1E, HTR1F, HTR2A, HTR2C, HTR3A, HTR6, HTR7, SLC6A2",neurology/psychiatry,"schizophrenia, bipolar disorder","MicroSource, Tocris, Selleck, Selleck",98.67,"OCCOCCN1CCN(CC1)C1=Nc2ccccc2Sc2ccccc12 |t:13|, OCCOCCN1CCN(CC1)C1=Nc2ccccc2Sc2ccccc12 |t:13|, OCCOCCN1CCN(CC1)C1=Nc2ccccc2Sc2ccccc12 |t:13|, OCCOCCN1CCN(CC1)C1=Nc2ccccc2Sc2ccccc12 |t:13|","URKOMYMAXPYINW-UHFFFAOYSA-N, URKOMYMAXPYINW-UHFFFAOYSA-N, URKOMYMAXPYINW-UHFFFAOYSA-N, URKOMYMAXPYINW-UHFFFAOYSA-N",Launched
quiflapon,leukotriene synthesis inhibitor,"ALOX5, ALOX5AP",,,MedChemEx,97.94,CC(C)(C)Sc1c(CC(C)(C)C(O)=O)n(Cc2ccc(Cl)cc2)c2ccc(OCc3ccc4ccccc4n3)cc12,NZOONKHCNQFYCI-UHFFFAOYSA-N,Phase 2
quinagolide,dopamine receptor agonist,DRD2,endocrinology,hyperprolactinemia,MedChemEx,90.35,CCCN1C[C@H](C[C@@H]2Cc3c(O)cccc3C[C@@H]12)NS(=O)(=O)N(CC)CC,GDFGTRDCCWFXTG-ZIFCJYIRSA-N,Launched
quinapril,angiotensin converting enzyme inhibitor,ACE,cardiology,"hypertension, congestive heart failure, angioedema","MicroSource, Selleck, Selleck, Selleck, Selleck",93.01,"CCOC(=O)[C@H](CCc1ccccc1)N[C@@H](C)C(=O)N1Cc2ccccc2C[C@H]1C(O)=O, CCOC(=O)[C@H](CCc1ccccc1)N[C@@H](C)C(=O)N1Cc2ccccc2C[C@H]1C(O)=O, CCOC(=O)[C@H](CCc1ccccc1)N[C@@H](C)C(=O)N1Cc2ccccc2C[C@H]1C(O)=O, CCOC(=O)[C@H](CCc1ccccc1)N[C@@H](C)C(=O)N1Cc2ccccc2C[C@H]1C(O)=O, CCOC(=O)[C@H](CCc1ccccc1)N[C@@H](C)C(=O)N1Cc2ccccc2C[C@H]1C(O)=O","JSDRRTOADPPCHY-HSQYWUDLSA-N, JSDRRTOADPPCHY-HSQYWUDLSA-N, JSDRRTOADPPCHY-HSQYWUDLSA-N, JSDRRTOADPPCHY-HSQYWUDLSA-N, JSDRRTOADPPCHY-HSQYWUDLSA-N",Launched
quinaprilat,angiotensin converting enzyme inhibitor,ACE,cardiology,"hypertension, angioedema","MicroSource, MicroSource",24.38,"C[C@H](N[C@@H](CCc1ccccc1)C(O)=O)C(=O)N1Cc2ccccc2C[C@H]1C(O)=O, C[C@H](N[C@@H](CCc1ccccc1)C(O)=O)C(=O)N1Cc2ccccc2C[C@H]1C(O)=O","FLSLEGPOVLMJMN-YSSFQJQWSA-N, FLSLEGPOVLMJMN-YSSFQJQWSA-N",Launched
quinelorane,dopamine receptor agonist,"DRD2, DRD3",,,Enzo,97.42,CCCN1CCC[C@@H]2Cc3nc(N)ncc3C[C@@H]12,TUFADSGTJUOBEH-ZWNOBZJWSA-N,Phase 3
quinestrol,estrogen receptor agonist,"ESR1, ESR2",endocrinology,menopause,MedChemEx,89.67,C[C@]12CC[C@H]3[C@@H](CCc4cc(OC5CCCC5)ccc34)[C@@H]1CC[C@@]2(O)C#C,PWZUUYSISTUNDW-VAFBSOEGSA-N,Launched
quinethazone,thiazide diuretic,,cardiology,hypertension,"USP, USP, USP, MicroSource, MicroSource, MicroSource, MicroSource, MicroSource",98.85,"CC[C@H]1NC(=O)c2cc(c(Cl)cc2N1)S(N)(=O)=O |&1:2,r|, CC[C@H]1NC(=O)c2cc(c(Cl)cc2N1)S(N)(=O)=O |&1:2,r|, CC[C@H]1NC(=O)c2cc(c(Cl)cc2N1)S(N)(=O)=O |&1:2,r|, CC[C@H]1NC(=O)c2cc(c(Cl)cc2N1)S(N)(=O)=O |&1:2,r|, CC[C@H]1NC(=O)c2cc(c(Cl)cc2N1)S(N)(=O)=O |&1:2,r|, CC[C@H]1NC(=O)c2cc(c(Cl)cc2N1)S(N)(=O)=O |&1:2,r|, CC[C@H]1NC(=O)c2cc(c(Cl)cc2N1)S(N)(=O)=O |&1:2,r|, CC[C@H]1NC(=O)c2cc(c(Cl)cc2N1)S(N)(=O)=O |&1:2,r|","AGMMTXLNIQSRCG-SECBINFHSA-N, AGMMTXLNIQSRCG-SECBINFHSA-N, AGMMTXLNIQSRCG-SECBINFHSA-N, AGMMTXLNIQSRCG-SECBINFHSA-N, AGMMTXLNIQSRCG-SECBINFHSA-N, AGMMTXLNIQSRCG-SECBINFHSA-N, AGMMTXLNIQSRCG-SECBINFHSA-N, AGMMTXLNIQSRCG-SECBINFHSA-N",Launched
quinidine,sodium channel blocker,"KCNA5, KCNA7, KCNH1, KCNH2, KCNH5, KCNK1, KCNK6, SCN5A, SLC29A4","infectious disease, cardiology","malaria, atrial fibrillation (AF), ventricular arrhythmias","MedChemEx, MedChemEx, MicroSource, MicroSource",87.9,"COc1ccc2nccc([C@H](O)[C@H]3C[C@@H]4CC[N@]3C[C@@H]4C=C)c2c1, COc1ccc2nccc([C@H](O)[C@H]3C[C@@H]4CC[N@]3C[C@@H]4C=C)c2c1, COc1ccc2nccc([C@H](O)[C@H]3C[C@@H]4CC[N@]3C[C@@H]4C=C)c2c1, COc1ccc2nccc([C@H](O)[C@H]3C[C@@H]4CC[N@]3C[C@@H]4C=C)c2c1","LOUPRKONTZGTKE-LHHVKLHASA-N, LOUPRKONTZGTKE-LHHVKLHASA-N, LOUPRKONTZGTKE-LHHVKLHASA-N, LOUPRKONTZGTKE-LHHVKLHASA-N",Launched
quinine,hemozoin biocrystallization inhibitor,"GP9, KCNB2, KCNN4, SLC29A4",infectious disease,malaria,"Selleck, CombiBlocks, Tocris",94.43,"COc1ccc2nccc([C@@H](O)[C@@H]3C[C@@H]4CC[N@]3C[C@@H]4C=C)c2c1, COc1ccc2nccc([C@@H](O)[C@@H]3C[C@@H]4CC[N@]3C[C@@H]4C=C)c2c1, COc1ccc2nccc([C@@H](O)[C@@H]3C[C@@H]4CC[N@]3C[C@@H]4C=C)c2c1","LOUPRKONTZGTKE-WZBLMQSHSA-N, LOUPRKONTZGTKE-WZBLMQSHSA-N, LOUPRKONTZGTKE-WZBLMQSHSA-N",Launched
quinine-ethyl-carbonate,,,infectious disease,malaria,MicroSource,92.37,CCOC(=O)O[C@H]([C@H]1C[C@@H]2CC[N@]1C[C@@H]2C=C)c1ccnc2ccc(OC)cc12,NSBRKSWSLRQPJW-FRMGNDQPSA-N,Launched
quinolinic-acid,glutamate receptor agonist,,,,Tocris,94.44,OC(=O)c1cccnc1C(O)=O,GJAWHXHKYYXBSV-UHFFFAOYSA-N,Preclinical
quinpirol-(-),dopamine receptor agonist,"DRD1, DRD2, DRD3, DRD4, HTR1A, HTR2A, HTR2B, HTR2C",,,"Tocris, Tocris, Tocris, Tocris, Tocris",100,"CCCN1CCC[C@@H]2Cc3[nH]ncc3C[C@@H]12, CCCN1CCC[C@@H]2Cc3[nH]ncc3C[C@@H]12, CCCN1CCC[C@@H]2Cc3[nH]ncc3C[C@@H]12, CCCN1CCC[C@@H]2Cc3[nH]ncc3C[C@@H]12, CCCN1CCC[C@@H]2Cc3[nH]ncc3C[C@@H]12","FTSUPYGMFAPCFZ-ZWNOBZJWSA-N, FTSUPYGMFAPCFZ-ZWNOBZJWSA-N, FTSUPYGMFAPCFZ-ZWNOBZJWSA-N, FTSUPYGMFAPCFZ-ZWNOBZJWSA-N, FTSUPYGMFAPCFZ-ZWNOBZJWSA-N",Phase 2
quipazine,serotonin receptor agonist,"HTR1A, HTR1D, HTR2A, HTR2B, HTR2C, HTR3A, HTR3B, HTR6, SLC6A4",,,"MicroSource, Selleck, Tocris, Tocris",97.07,"C1CN(CCN1)c1ccc2ccccc2n1, C1CN(CCN1)c1ccc2ccccc2n1, C1CN(CCN1)c1ccc2ccccc2n1, C1CN(CCN1)c1ccc2ccccc2n1","XRXDAJYKGWNHTQ-UHFFFAOYSA-N, XRXDAJYKGWNHTQ-UHFFFAOYSA-N, XRXDAJYKGWNHTQ-UHFFFAOYSA-N, XRXDAJYKGWNHTQ-UHFFFAOYSA-N",Preclinical
quizartinib,FLT3 inhibitor,"CSF1R, FLT3, KIT, PDGFRA, PDGFRB, RET",,,"MedChemEx, Selleck, Selleck, Selleck, Selleck",97.84,"CC(C)(C)c1cc(NC(=O)Nc2ccc(cc2)-c2cn3c(n2)sc2cc(OCCN4CCOCC4)ccc32)no1, CC(C)(C)c1cc(NC(=O)Nc2ccc(cc2)-c2cn3c(n2)sc2cc(OCCN4CCOCC4)ccc32)no1, CC(C)(C)c1cc(NC(=O)Nc2ccc(cc2)-c2cn3c(n2)sc2cc(OCCN4CCOCC4)ccc32)no1, CC(C)(C)c1cc(NC(=O)Nc2ccc(cc2)-c2cn3c(n2)sc2cc(OCCN4CCOCC4)ccc32)no1, CC(C)(C)c1cc(NC(=O)Nc2ccc(cc2)-c2cn3c(n2)sc2cc(OCCN4CCOCC4)ccc32)no1","CVWXJKQAOSCOAB-UHFFFAOYSA-N, CVWXJKQAOSCOAB-UHFFFAOYSA-N, CVWXJKQAOSCOAB-UHFFFAOYSA-N, CVWXJKQAOSCOAB-UHFFFAOYSA-N, CVWXJKQAOSCOAB-UHFFFAOYSA-N",Phase 3
QX-222,sodium channel blocker,,,,Tocris,98.05,Cc1cccc(C)c1NC(=O)C[N+](C)(C)C,QYUXPWDVDMSTKR-UHFFFAOYSA-O,Preclinical
QX-314,sodium channel blocker,"MAPK14, TGFBR1",,,"Tocris, Tocris, Tocris, Tocris",100,"CC[N+](CC)(CC)CC(=O)Nc1c(C)cccc1C, CC[N+](CC)(CC)CC(=O)Nc1c(C)cccc1C, CC[N+](CC)(CC)CC(=O)Nc1c(C)cccc1C, CC[N+](CC)(CC)CC(=O)Nc1c(C)cccc1C","PYEBKOFMWAMBFV-UHFFFAOYSA-O, PYEBKOFMWAMBFV-UHFFFAOYSA-O, PYEBKOFMWAMBFV-UHFFFAOYSA-O, PYEBKOFMWAMBFV-UHFFFAOYSA-O",Preclinical
R-121919,CRF receptor antagonist,,,,Adooq,97.86,CCCN(CCC)c1cc(C)nc2c(c(C)nn12)-c1cnc(cc1C)N(C)C,ANNRUWYFVIGKHA-UHFFFAOYSA-N,Preclinical
R-1479,HCV inhibitor,,,,"MedChemEx, MedChemEx",96.79,"Nc1ccn([C@@H]2O[C@@](CO)(N=[N+]=[N-])[C@@H](O)[C@H]2O)c(=O)n1, Nc1ccn([C@@H]2O[C@@](CO)(N=[N+]=[N-])[C@@H](O)[C@H]2O)c(=O)n1","ODLGMSQBFONGNG-JVZYCSMKSA-N, ODLGMSQBFONGNG-JVZYCSMKSA-N",Phase 1
R-1485,serotonin receptor antagonist,HTR6,,,"Tocris, Tocris, Tocris",96.11,"Fc1ccccc1S(=O)(=O)N1CCOc2c(cccc12)N1CCNCC1, Fc1ccccc1S(=O)(=O)N1CCOc2c(cccc12)N1CCNCC1, Fc1ccccc1S(=O)(=O)N1CCOc2c(cccc12)N1CCNCC1","UPROBLPRPWYJGN-UHFFFAOYSA-N, UPROBLPRPWYJGN-UHFFFAOYSA-N, UPROBLPRPWYJGN-UHFFFAOYSA-N",Phase 1
R-1487,p38 MAPK inhibitor,,,,AMS,95.05,Cn1c2nc(NC3CCOCC3)ncc2cc(Oc2ccc(F)cc2F)c1=O,KKKRKRMVJRHDMG-UHFFFAOYSA-N,Phase 1
R-268712,serine/threonine kinase inhibitor,TGFBR1,,,"Tocris, Tocris, Tocris, Tocris",98.43,"Cc1cccc(n1)-c1n[nH]cc1-c1ccc(F)c(c1)-c1cnn(CCO)c1, Cc1cccc(n1)-c1n[nH]cc1-c1ccc(F)c(c1)-c1cnn(CCO)c1, Cc1cccc(n1)-c1n[nH]cc1-c1ccc(F)c(c1)-c1cnn(CCO)c1, Cc1cccc(n1)-c1n[nH]cc1-c1ccc(F)c(c1)-c1cnn(CCO)c1","JQGOCCALXFSRHZ-UHFFFAOYSA-N, JQGOCCALXFSRHZ-UHFFFAOYSA-N, JQGOCCALXFSRHZ-UHFFFAOYSA-N, JQGOCCALXFSRHZ-UHFFFAOYSA-N",Preclinical
R-428,AXL kinase inhibitor,AXL,,,"MedChemEx, MedChemEx, MedChemEx",88.26,"Nc1nc(Nc2ccc3CC[C@@H](CCc3c2)N2CCCC2)nn1-c1cc2CCCc3ccccc3-c2nn1, Nc1nc(Nc2ccc3CC[C@@H](CCc3c2)N2CCCC2)nn1-c1cc2CCCc3ccccc3-c2nn1, Nc1nc(Nc2ccc3CC[C@@H](CCc3c2)N2CCCC2)nn1-c1cc2CCCc3ccccc3-c2nn1","KXMZDGSRSGHMMK-VWLOTQADSA-N, KXMZDGSRSGHMMK-VWLOTQADSA-N, KXMZDGSRSGHMMK-VWLOTQADSA-N",Phase 2
R-59022,"diacylglycerol kinase inhibitor, protein kinase inhibitor",DGKA,,,"Tocris, Tocris",97.41,"Cc1nc2sccn2c(=O)c1CCN1CCC(CC1)=C(c1ccccc1)c1ccc(F)cc1, Cc1nc2sccn2c(=O)c1CCN1CCC(CC1)=C(c1ccccc1)c1ccc(F)cc1","MFVJXLPANKSLLD-UHFFFAOYSA-N, MFVJXLPANKSLLD-UHFFFAOYSA-N",Preclinical
R-96544,serotonin receptor antagonist,HTR2A,,,"Tocris, Tocris, Tocris",96.58,"COc1cccc(CCc2ccccc2OCC[C@@H]2C[C@@H](O)CN2C)c1, COc1cccc(CCc2ccccc2OCC[C@@H]2C[C@@H](O)CN2C)c1, COc1cccc(CCc2ccccc2OCC[C@@H]2C[C@@H](O)CN2C)c1","AFZLABYDOCWQBQ-WOJBJXKFSA-N, AFZLABYDOCWQBQ-WOJBJXKFSA-N, AFZLABYDOCWQBQ-WOJBJXKFSA-N",Preclinical
rabeprazole,"ATPase inhibitor, gastrin inhibitor",ATP4A,gastroenterology,"gastroesophageal reflux disease (GERD), duodenal ulcer disease, Zollinger-Ellison syndrome","Sigma, MicroSource, MedChemEx, Sigma",98.9,"COCCCOc1ccnc(C[S@@](=O)c2nc3ccccc3[nH]2)c1C |r|, COCCCOc1ccnc(C[S@@](=O)c2nc3ccccc3[nH]2)c1C |r|, COCCCOc1ccnc(C[S@@](=O)c2nc3ccccc3[nH]2)c1C |r|, COCCCOc1ccnc(C[S@@](=O)c2nc3ccccc3[nH]2)c1C |r|","YREYEVIYCVEVJK-RUZDIDTESA-N, YREYEVIYCVEVJK-RUZDIDTESA-N, YREYEVIYCVEVJK-RUZDIDTESA-N, YREYEVIYCVEVJK-RUZDIDTESA-N",Launched
rac-BHFF,GABA receptor positive allosteric modulator,GABBR1,,,"Tocris, Tocris",42.99,"CC(C)(C)c1cc2c(OC(=O)[C@@]2(O)C(F)(F)F)c(c1)C(C)(C)C |&1:11,r|, CC(C)(C)c1cc2c(OC(=O)[C@@]2(O)C(F)(F)F)c(c1)C(C)(C)C |&1:11,r|","RVNOANDLZIIFHB-MRXNPFEDSA-N, RVNOANDLZIIFHB-MRXNPFEDSA-N",Preclinical
racecadotril,enkephalinase inhibitor,MME,gastroenterology,diarrhea,"MicroSource, MicroSource, MicroSource, MedChemEx, MedChemEx, Selleck, Selleck",99.4,"CC(=O)SC[C@@H](Cc1ccccc1)C(=O)NCC(=O)OCc1ccccc1 |&1:5,r|, CC(=O)SC[C@@H](Cc1ccccc1)C(=O)NCC(=O)OCc1ccccc1 |&1:5,r|, CC(=O)SC[C@@H](Cc1ccccc1)C(=O)NCC(=O)OCc1ccccc1 |&1:5,r|, CC(=O)SC[C@@H](Cc1ccccc1)C(=O)NCC(=O)OCc1ccccc1 |&1:5,r|, CC(=O)SC[C@@H](Cc1ccccc1)C(=O)NCC(=O)OCc1ccccc1 |&1:5,r|, CC(=O)SC[C@@H](Cc1ccccc1)C(=O)NCC(=O)OCc1ccccc1 |&1:5,r|, CC(=O)SC[C@@H](Cc1ccccc1)C(=O)NCC(=O)OCc1ccccc1 |&1:5,r|","ODUOJXZPIYUATO-LJQANCHMSA-N, ODUOJXZPIYUATO-LJQANCHMSA-N, ODUOJXZPIYUATO-LJQANCHMSA-N, ODUOJXZPIYUATO-LJQANCHMSA-N, ODUOJXZPIYUATO-LJQANCHMSA-N, ODUOJXZPIYUATO-LJQANCHMSA-N, ODUOJXZPIYUATO-LJQANCHMSA-N",Launched
raclopride,dopamine receptor antagonist,"DRD2, DRD3, HTR1A",,,"Tocris, Tocris, Tocris",96.6,"CCN1CCC[C@H]1CNC(=O)c1c(O)c(Cl)cc(Cl)c1OC, CCN1CCC[C@H]1CNC(=O)c1c(O)c(Cl)cc(Cl)c1OC, CCN1CCC[C@H]1CNC(=O)c1c(O)c(Cl)cc(Cl)c1OC","WAOQONBSWFLFPE-VIFPVBQESA-N, WAOQONBSWFLFPE-VIFPVBQESA-N, WAOQONBSWFLFPE-VIFPVBQESA-N",Launched
ractopamine,adrenergic receptor agonist,,endocrinology,weight-gain aid,Tocris,93.86,"C[C@@H](CCc1ccc(O)cc1)NC[C@@H](O)c1ccc(O)cc1 |&1:1,&2:13,r|",YJQZYXCXBBCEAQ-SCLBCKFNSA-N,Launched
radafaxine,dopamine-norepinephrine reuptake inhibitor,SLC6A3,,,MedChemEx,92.33,C[C@@H]1NC(C)(C)CO[C@@]1(O)c1cccc(Cl)c1,RCOBKSKAZMVBHT-TVQRCGJNSA-N,Phase 2
radezolid,"bacterial 30S ribosomal subunit inhibitor, bacterial 50S ribosomal subunit inhibitor",,,,"MedChemEx, MedChemEx, MedChemEx, MedChemEx",94.62,"CC(=O)NC[C@H]1CN(C(=O)O1)c1ccc(c(F)c1)-c1ccc(CNCc2cn[nH]n2)cc1, CC(=O)NC[C@H]1CN(C(=O)O1)c1ccc(c(F)c1)-c1ccc(CNCc2cn[nH]n2)cc1, CC(=O)NC[C@H]1CN(C(=O)O1)c1ccc(c(F)c1)-c1ccc(CNCc2cn[nH]n2)cc1, CC(=O)NC[C@H]1CN(C(=O)O1)c1ccc(c(F)c1)-c1ccc(CNCc2cn[nH]n2)cc1","BTTNOGHPGJANSW-IBGZPJMESA-N, BTTNOGHPGJANSW-IBGZPJMESA-N, BTTNOGHPGJANSW-IBGZPJMESA-N, BTTNOGHPGJANSW-IBGZPJMESA-N",Phase 2
radiprodil,acetylcholine receptor antagonist,,,,MedChemEx,97.93,Fc1ccc(CC2CCN(CC2)C(=O)C(=O)Nc2ccc3[nH]c(=O)oc3c2)cc1,GKGRZLGAQZPEHO-UHFFFAOYSA-N,Phase 2
radotinib,Bcr-Abl kinase inhibitor,,,,Adooq,95.11,Cc1cn(cn1)-c1cc(NC(=O)c2ccc(C)c(Nc3nccc(n3)-c3cnccn3)c2)cc(c1)C(F)(F)F,DUPWHXBITIZIKZ-UHFFFAOYSA-N,Phase 3
RAD140,androgen receptor modulator,,,,MedChemEx,96.01,[H][C@@](C)(O)[C@@]([H])(Nc1ccc(C#N)c(Cl)c1C)c1nnc(o1)-c1ccc(cc1)C#N,XMBUPPIEVAFYHO-KPZWWZAWSA-N,Phase 1
RAF265,"RAF inhibitor, VEGFR inhibitor",BRAF,,,"Tocris, Selleck, Selleck, Selleck",98.52,"Cn1c(Nc2ccc(cc2)C(F)(F)F)nc2cc(Oc3ccnc(c3)-c3ncc([nH]3)C(F)(F)F)ccc12, Cn1c(Nc2ccc(cc2)C(F)(F)F)nc2cc(Oc3ccnc(c3)-c3ncc([nH]3)C(F)(F)F)ccc12, Cn1c(Nc2ccc(cc2)C(F)(F)F)nc2cc(Oc3ccnc(c3)-c3ncc([nH]3)C(F)(F)F)ccc12, Cn1c(Nc2ccc(cc2)C(F)(F)F)nc2cc(Oc3ccnc(c3)-c3ncc([nH]3)C(F)(F)F)ccc12","YABJJWZLRMPFSI-UHFFFAOYSA-N, YABJJWZLRMPFSI-UHFFFAOYSA-N, YABJJWZLRMPFSI-UHFFFAOYSA-N, YABJJWZLRMPFSI-UHFFFAOYSA-N",Phase 2
RAF709,RAF inhibitor,,,,MedChemEx,96.68,Cc1ncc(NC(=O)c2cccc(c2)C(F)(F)F)cc1-c1cnc(OC2CCOCC2)c(c1)N1CCOCC1,FYNMINFUAIDIFL-UHFFFAOYSA-N,Preclinical
ralinepag,IP1 prostacyclin receptor agonist,,,,MedChemEx,91.2,OC(=O)COC[C@H]1CC[C@H](COC(=O)N(c2ccccc2)c2ccc(Cl)cc2)CC1 |r|,NPDKXVKJRHPDQT-IYARVYRRSA-N,Phase 3
raloxifene,"estrogen receptor antagonist, selective estrogen receptor modulator (SERM)","ESR1, ESR2","orthopedics, oncology","osteoporosis, breast cancer","MicroSource, MicroSource, Tocris, Tocris, Tocris, Selleck",98.21,"Oc1ccc(cc1)-c1sc2cc(O)ccc2c1C(=O)c1ccc(OCCN2CCCCC2)cc1, Oc1ccc(cc1)-c1sc2cc(O)ccc2c1C(=O)c1ccc(OCCN2CCCCC2)cc1, Oc1ccc(cc1)-c1sc2cc(O)ccc2c1C(=O)c1ccc(OCCN2CCCCC2)cc1, Oc1ccc(cc1)-c1sc2cc(O)ccc2c1C(=O)c1ccc(OCCN2CCCCC2)cc1, Oc1ccc(cc1)-c1sc2cc(O)ccc2c1C(=O)c1ccc(OCCN2CCCCC2)cc1, Oc1ccc(cc1)-c1sc2cc(O)ccc2c1C(=O)c1ccc(OCCN2CCCCC2)cc1","GZUITABIAKMVPG-UHFFFAOYSA-N, GZUITABIAKMVPG-UHFFFAOYSA-N, GZUITABIAKMVPG-UHFFFAOYSA-N, GZUITABIAKMVPG-UHFFFAOYSA-N, GZUITABIAKMVPG-UHFFFAOYSA-N, GZUITABIAKMVPG-UHFFFAOYSA-N",Launched
raltegravir,HIV integrase inhibitor,,infectious disease,human immunodeficiency virus (HIV-1),"Selleck, Selleck, Selleck",94.8,"Cc1nnc(o1)C(=O)NC(C)(C)c1nc(C(=O)NCc2ccc(F)cc2)c(O)c(=O)n1C, Cc1nnc(o1)C(=O)NC(C)(C)c1nc(C(=O)NCc2ccc(F)cc2)c(O)c(=O)n1C, Cc1nnc(o1)C(=O)NC(C)(C)c1nc(C(=O)NCc2ccc(F)cc2)c(O)c(=O)n1C","CZFFBEXEKNGXKS-UHFFFAOYSA-N, CZFFBEXEKNGXKS-UHFFFAOYSA-N, CZFFBEXEKNGXKS-UHFFFAOYSA-N",Launched
raltitrexed,thymidylate synthase inhibitor,"FPGS, TYMS",oncology,mesothelioma,"MedChemEx, Selleck, Selleck, Selleck",93.68,"CN(Cc1ccc2[nH]c(C)nc(=O)c2c1)c1ccc(s1)C(=O)N[C@@H](CCC(O)=O)C(O)=O, CN(Cc1ccc2[nH]c(C)nc(=O)c2c1)c1ccc(s1)C(=O)N[C@@H](CCC(O)=O)C(O)=O, CN(Cc1ccc2[nH]c(C)nc(=O)c2c1)c1ccc(s1)C(=O)N[C@@H](CCC(O)=O)C(O)=O, CN(Cc1ccc2[nH]c(C)nc(=O)c2c1)c1ccc(s1)C(=O)N[C@@H](CCC(O)=O)C(O)=O","IVTVGDXNLFLDRM-HNNXBMFYSA-N, IVTVGDXNLFLDRM-HNNXBMFYSA-N, IVTVGDXNLFLDRM-HNNXBMFYSA-N, IVTVGDXNLFLDRM-HNNXBMFYSA-N",Launched
ramatroban,prostanoid receptor antagonist,"PTGDR2, TBXA2R","cardiology, pulmonary","coronary artery disease (CAD), asthma","MedChemEx, MedChemEx, Tocris, Tocris",98.97,"OC(=O)CCn1c2CC[C@H](Cc2c2ccccc12)NS(=O)(=O)c1ccc(F)cc1, OC(=O)CCn1c2CC[C@H](Cc2c2ccccc12)NS(=O)(=O)c1ccc(F)cc1, OC(=O)CCn1c2CC[C@H](Cc2c2ccccc12)NS(=O)(=O)c1ccc(F)cc1, OC(=O)CCn1c2CC[C@H](Cc2c2ccccc12)NS(=O)(=O)c1ccc(F)cc1","LDXDSHIEDAPSSA-OAHLLOKOSA-N, LDXDSHIEDAPSSA-OAHLLOKOSA-N, LDXDSHIEDAPSSA-OAHLLOKOSA-N, LDXDSHIEDAPSSA-OAHLLOKOSA-N",Launched
ramelteon,melatonin receptor agonist,"MTNR1A, MTNR1B",neurology/psychiatry,insomnia,"MicroSource, Selleck",98.49,"CCC(=O)NCC[C@@H]1CCc2ccc3OCCc3c12, CCC(=O)NCC[C@@H]1CCc2ccc3OCCc3c12","YLXDSYKOBKBWJQ-LBPRGKRZSA-N, YLXDSYKOBKBWJQ-LBPRGKRZSA-N",Launched
ramifenazone,cyclooxygenase inhibitor,,"neurology/psychiatry, endocrinology","pain relief, fever","Key, Key, MicroSource",80.52,"CC(C)Nc1c(C)n(C)n(-c2ccccc2)c1=O, CC(C)Nc1c(C)n(C)n(-c2ccccc2)c1=O, CC(C)Nc1c(C)n(C)n(-c2ccccc2)c1=O","XOZLRRYPUKAKMU-UHFFFAOYSA-N, XOZLRRYPUKAKMU-UHFFFAOYSA-N, XOZLRRYPUKAKMU-UHFFFAOYSA-N",Launched
ramipril,angiotensin converting enzyme inhibitor,ACE,cardiology,hypertension,"MicroSource, Tocris, Tocris, Tocris, Selleck",98.06,"CCOC(=O)[C@H](CCc1ccccc1)N[C@@H](C)C(=O)N1[C@H]2CCC[C@H]2C[C@H]1C(O)=O, CCOC(=O)[C@H](CCc1ccccc1)N[C@@H](C)C(=O)N1[C@H]2CCC[C@H]2C[C@H]1C(O)=O, CCOC(=O)[C@H](CCc1ccccc1)N[C@@H](C)C(=O)N1[C@H]2CCC[C@H]2C[C@H]1C(O)=O, CCOC(=O)[C@H](CCc1ccccc1)N[C@@H](C)C(=O)N1[C@H]2CCC[C@H]2C[C@H]1C(O)=O, CCOC(=O)[C@H](CCc1ccccc1)N[C@@H](C)C(=O)N1[C@H]2CCC[C@H]2C[C@H]1C(O)=O","HDACQVRGBOVJII-JBDAPHQKSA-N, HDACQVRGBOVJII-JBDAPHQKSA-N, HDACQVRGBOVJII-JBDAPHQKSA-N, HDACQVRGBOVJII-JBDAPHQKSA-N, HDACQVRGBOVJII-JBDAPHQKSA-N",Launched
ramosetron,serotonin receptor antagonist,HTR3A,gastroenterology,"nausea, vomiting, irritable bowel syndrome","MedChemEx, MedChemEx",99.58,"Cn1cc(C(=O)[C@@H]2CCc3nc[nH]c3C2)c2ccccc12, Cn1cc(C(=O)[C@@H]2CCc3nc[nH]c3C2)c2ccccc12","NTHPAPBPFQJABD-LLVKDONJSA-N, NTHPAPBPFQJABD-LLVKDONJSA-N",Launched
ranirestat,aldose reductase inhibitor,AKR1B1,,,"MedChemEx, MedChemEx",96.29,"Fc1cc(Br)ccc1CN1C(=O)c2cccn2[C@@]2(CC(=O)NC2=O)C1=O, Fc1cc(Br)ccc1CN1C(=O)c2cccn2[C@@]2(CC(=O)NC2=O)C1=O","QCVNMNYRNIMDKV-QGZVFWFLSA-N, QCVNMNYRNIMDKV-QGZVFWFLSA-N",Phase 3
ranitidine,histamine receptor antagonist,HRH2,gastroenterology,heartburn,Tocris,87.43,CN=C(C[N+]([O-])=O)NCCSCc1ccc(CN(C)C)o1,SYNOVMDJYWJCON-UHFFFAOYSA-N,Launched
ranolazine,sodium channel blocker,"SCN10A, SCN9A",cardiology,chronic stable angina,"Tocris, Selleck, Selleck",98.13,"COc1ccccc1OC[C@@H](O)CN1CCN(CC(=O)Nc2c(C)cccc2C)CC1 |&1:10|, COc1ccccc1OC[C@@H](O)CN1CCN(CC(=O)Nc2c(C)cccc2C)CC1 |&1:10|, COc1ccccc1OC[C@@H](O)CN1CCN(CC(=O)Nc2c(C)cccc2C)CC1 |&1:10|","XKLMZUWKNUAPSZ-FQEVSTJZSA-N, XKLMZUWKNUAPSZ-FQEVSTJZSA-N, XKLMZUWKNUAPSZ-FQEVSTJZSA-N",Launched
rapastinel,glutamate receptor agonist,,,,MedChemEx,0,C[C@@H](O)[C@H](N)C(=O)N1CCC[C@H]1C(=O)N1CCC[C@H]1C(=O)N[C@@H]([C@@H](C)O)C(N)=O,GIBQQARAXHVEGD-BSOLPCOYSA-N,Phase 2
rasagiline,monoamine oxidase inhibitor,"BCL2, MAOB",neurology/psychiatry,Parkinson's Disease,"Tocris, Selleck, MicroSource, MicroSource, Selleck, Selleck",98.6,"C#CCN[C@@H]1CCc2ccccc12, C#CCN[C@@H]1CCc2ccccc12, C#CCN[C@@H]1CCc2ccccc12, C#CCN[C@@H]1CCc2ccccc12, C#CCN[C@@H]1CCc2ccccc12, C#CCN[C@@H]1CCc2ccccc12","RUOKEQAAGRXIBM-GFCCVEGCSA-N, RUOKEQAAGRXIBM-GFCCVEGCSA-N, RUOKEQAAGRXIBM-GFCCVEGCSA-N, RUOKEQAAGRXIBM-GFCCVEGCSA-N, RUOKEQAAGRXIBM-GFCCVEGCSA-N, RUOKEQAAGRXIBM-GFCCVEGCSA-N",Launched
rauwolscine,adrenergic receptor antagonist,"ADRA2A, ADRA2B, ADRA2C, HTR1B, HTR1D, HTR1E, HTR2B",,,"Tocris, Tocris, Tocris, Tocris",96.9,"COC(=O)[C@@H]1[C@@H](O)CC[C@@H]2CN3CCc4c([nH]c5ccccc45)[C@@H]3C[C@H]12, COC(=O)[C@@H]1[C@@H](O)CC[C@@H]2CN3CCc4c([nH]c5ccccc45)[C@@H]3C[C@H]12, COC(=O)[C@@H]1[C@@H](O)CC[C@@H]2CN3CCc4c([nH]c5ccccc45)[C@@H]3C[C@H]12, COC(=O)[C@@H]1[C@@H](O)CC[C@@H]2CN3CCc4c([nH]c5ccccc45)[C@@H]3C[C@H]12","BLGXFZZNTVWLAY-DIRVCLHFSA-N, BLGXFZZNTVWLAY-DIRVCLHFSA-N, BLGXFZZNTVWLAY-DIRVCLHFSA-N, BLGXFZZNTVWLAY-DIRVCLHFSA-N",Preclinical
ravoxertinib,ERK1 and ERK2 phosphorylation inhibitor,"MAPK1, MAPK3",,,"MedChemEx, MedChemEx, Adooq, Adooq",98.38,"Cn1nccc1Nc1nccc(n1)-c1ccn([C@H](CO)c2ccc(Cl)c(F)c2)c(=O)c1, Cn1nccc1Nc1nccc(n1)-c1ccn([C@H](CO)c2ccc(Cl)c(F)c2)c(=O)c1, Cn1nccc1Nc1nccc(n1)-c1ccn([C@H](CO)c2ccc(Cl)c(F)c2)c(=O)c1, Cn1nccc1Nc1nccc(n1)-c1ccn([C@H](CO)c2ccc(Cl)c(F)c2)c(=O)c1","RZUOCXOYPYGSKL-GOSISDBHSA-N, RZUOCXOYPYGSKL-GOSISDBHSA-N, RZUOCXOYPYGSKL-GOSISDBHSA-N, RZUOCXOYPYGSKL-GOSISDBHSA-N",Phase 1
ravuconazole,sterol demethylase inhibitor,,,,"Cayman, Cayman, Cayman",98.93,"C[C@@H](c1nc(cs1)-c1ccc(cc1)C#N)[C@](O)(Cn1cncn1)c1ccc(F)cc1F, C[C@@H](c1nc(cs1)-c1ccc(cc1)C#N)[C@](O)(Cn1cncn1)c1ccc(F)cc1F, C[C@@H](c1nc(cs1)-c1ccc(cc1)C#N)[C@](O)(Cn1cncn1)c1ccc(F)cc1F","OPAHEYNNJWPQPX-RCDICMHDSA-N, OPAHEYNNJWPQPX-RCDICMHDSA-N, OPAHEYNNJWPQPX-RCDICMHDSA-N",Phase 2
RBC8,Ral GTPase inhibitor,"RALA, RALB",,,"Tocris, MedChemEx, MedChemEx",84.72,"COc1ccc(OC)c(c1)[C@@H]1C(C#N)C(=N)Oc2[nH]nc(c12)-c1ccc2ccccc2c1 |&1:10,r|, COc1ccc(OC)c(c1)[C@@H]1C(C#N)C(=N)Oc2[nH]nc(c12)-c1ccc2ccccc2c1 |&1:10,r|, COc1ccc(OC)c(c1)[C@@H]1C(C#N)C(=N)Oc2[nH]nc(c12)-c1ccc2ccccc2c1 |&1:10,r|","RFEAEBNMNYRJFD-VGAJERRHSA-N, RFEAEBNMNYRJFD-VGAJERRHSA-N, RFEAEBNMNYRJFD-VGAJERRHSA-N",Preclinical
rebamipide,free radical scavenger,FPR1,gastroenterology,"peptic ulcer disease (PUD), gastritis","MicroSource, MedChemEx, Selleck",98.72,"OC(=O)[C@@H](Cc1cc(=O)[nH]c2ccccc12)NC(=O)c1ccc(Cl)cc1 |&1:3,r|, OC(=O)[C@@H](Cc1cc(=O)[nH]c2ccccc12)NC(=O)c1ccc(Cl)cc1 |&1:3,r|, OC(=O)[C@@H](Cc1cc(=O)[nH]c2ccccc12)NC(=O)c1ccc(Cl)cc1 |&1:3,r|","ALLWOAVDORUJLA-MRXNPFEDSA-N, ALLWOAVDORUJLA-MRXNPFEDSA-N, ALLWOAVDORUJLA-MRXNPFEDSA-N",Launched
rebastinib,"Bcr-Abl kinase inhibitor, TIE tyrosine kinase inhibitor, VEGFR inhibitor","ABL1, BCR, FGR, FLT3, HCK, LYN, SRC",,,"MedChemEx, MedChemEx, MedChemEx, Selleck, Selleck, Selleck, Selleck",96.77,"CNC(=O)c1cc(Oc2ccc(NC(=O)Nc3cc(nn3-c3ccc4ncccc4c3)C(C)(C)C)c(F)c2)ccn1, CNC(=O)c1cc(Oc2ccc(NC(=O)Nc3cc(nn3-c3ccc4ncccc4c3)C(C)(C)C)c(F)c2)ccn1, CNC(=O)c1cc(Oc2ccc(NC(=O)Nc3cc(nn3-c3ccc4ncccc4c3)C(C)(C)C)c(F)c2)ccn1, CNC(=O)c1cc(Oc2ccc(NC(=O)Nc3cc(nn3-c3ccc4ncccc4c3)C(C)(C)C)c(F)c2)ccn1, CNC(=O)c1cc(Oc2ccc(NC(=O)Nc3cc(nn3-c3ccc4ncccc4c3)C(C)(C)C)c(F)c2)ccn1, CNC(=O)c1cc(Oc2ccc(NC(=O)Nc3cc(nn3-c3ccc4ncccc4c3)C(C)(C)C)c(F)c2)ccn1, CNC(=O)c1cc(Oc2ccc(NC(=O)Nc3cc(nn3-c3ccc4ncccc4c3)C(C)(C)C)c(F)c2)ccn1","WVXNSAVVKYZVOE-UHFFFAOYSA-N, WVXNSAVVKYZVOE-UHFFFAOYSA-N, WVXNSAVVKYZVOE-UHFFFAOYSA-N, WVXNSAVVKYZVOE-UHFFFAOYSA-N, WVXNSAVVKYZVOE-UHFFFAOYSA-N, WVXNSAVVKYZVOE-UHFFFAOYSA-N, WVXNSAVVKYZVOE-UHFFFAOYSA-N",Phase 1/Phase 2
reboxetine,adrenergic receptor antagonist,SLC6A2,neurology/psychiatry,depression,"Selleck, Tocris, MedChemEx",97.52,"CCOc1ccccc1O[C@@H]([C@H]1CNCCO1)c1ccccc1 |&1:10,11|, CCOc1ccccc1O[C@@H]([C@H]1CNCCO1)c1ccccc1 |&1:10,11|, CCOc1ccccc1O[C@@H]([C@H]1CNCCO1)c1ccccc1 |&1:10,11|","CBQGYUDMJHNJBX-RTBURBONSA-N, CBQGYUDMJHNJBX-RTBURBONSA-N, CBQGYUDMJHNJBX-RTBURBONSA-N",Launched
Rec-15/2615,adrenergic receptor antagonist,ADRA1A,,,"Tocris, Tocris",62.92,"COc1cc2nc(nc(N)c2cc1OC)N1CCN(CC1)C(=O)COc1c(OC)cccc1C(C)C, COc1cc2nc(nc(N)c2cc1OC)N1CCN(CC1)C(=O)COc1c(OC)cccc1C(C)C","ZZMFJJDBKSYGRM-UHFFFAOYSA-N, ZZMFJJDBKSYGRM-UHFFFAOYSA-N",Phase 2
refametinib,MEK inhibitor,"MAP2K1, MAP2K2",,,"MedChemEx, MedChemEx, MedChemEx, MedChemEx, MedChemEx, MedChemEx",97.42,"COc1cc(F)c(F)c(Nc2ccc(I)cc2F)c1NS(=O)(=O)C1(C[C@H](O)CO)CC1, COc1cc(F)c(F)c(Nc2ccc(I)cc2F)c1NS(=O)(=O)C1(C[C@H](O)CO)CC1, COc1cc(F)c(F)c(Nc2ccc(I)cc2F)c1NS(=O)(=O)C1(C[C@H](O)CO)CC1, COc1cc(F)c(F)c(Nc2ccc(I)cc2F)c1NS(=O)(=O)C1(C[C@H](O)CO)CC1, COc1cc(F)c(F)c(Nc2ccc(I)cc2F)c1NS(=O)(=O)C1(C[C@H](O)CO)CC1, COc1cc(F)c(F)c(Nc2ccc(I)cc2F)c1NS(=O)(=O)C1(C[C@H](O)CO)CC1","RDSACQWTXKSHJT-NSHDSACASA-N, RDSACQWTXKSHJT-NSHDSACASA-N, RDSACQWTXKSHJT-NSHDSACASA-N, RDSACQWTXKSHJT-NSHDSACASA-N, RDSACQWTXKSHJT-NSHDSACASA-N, RDSACQWTXKSHJT-NSHDSACASA-N",Phase 2
regadenoson,adenosine receptor agonist,"ADORA1, ADORA2A, ADORA2B, ADORA3",radiology,myocardial perfusion imaging (MPI),MedChemEx,95.62,CNC(=O)c1cnn(c1)-c1nc(N)c2ncn([C@@H]3O[C@H](CO)[C@@H](O)[C@H]3O)c2n1,LZPZPHGJDAGEJZ-AKAIJSEGSA-N,Launched
regorafenib,"FGFR inhibitor, KIT inhibitor, PDGFR tyrosine kinase receptor inhibitor, RAF inhibitor, RET tyrosine kinase inhibitor, VEGFR inhibitor","ABL1, BRAF, DDR2, EPHA2, FGFR1, FGFR2, FLT1, FLT4, FRK, KDR, KIT, MAPK11, NTRK1, PDGFRA, PDGFRB, RAF1, RET, TEK",oncology,"colorectal cancer, gastrointestinal stromal tumors (GIST)","Selleck, Selleck, Selleck, Selleck, Selleck, Selleck",97.87,"CNC(=O)c1cc(Oc2ccc(NC(=O)Nc3ccc(Cl)c(c3)C(F)(F)F)c(F)c2)ccn1, CNC(=O)c1cc(Oc2ccc(NC(=O)Nc3ccc(Cl)c(c3)C(F)(F)F)c(F)c2)ccn1, CNC(=O)c1cc(Oc2ccc(NC(=O)Nc3ccc(Cl)c(c3)C(F)(F)F)c(F)c2)ccn1, CNC(=O)c1cc(Oc2ccc(NC(=O)Nc3ccc(Cl)c(c3)C(F)(F)F)c(F)c2)ccn1, CNC(=O)c1cc(Oc2ccc(NC(=O)Nc3ccc(Cl)c(c3)C(F)(F)F)c(F)c2)ccn1, CNC(=O)c1cc(Oc2ccc(NC(=O)Nc3ccc(Cl)c(c3)C(F)(F)F)c(F)c2)ccn1","FNHKPVJBJVTLMP-UHFFFAOYSA-N, FNHKPVJBJVTLMP-UHFFFAOYSA-N, InChI=1S/C21H15ClF4N4O3/c1-27-19(31)18-10-13(6-7-28-18)33-12-3-5-17(16(23)9-12)30-20(32)29-11-2-4-15(22)14(8-11)21(24,25)26/h2-10H,1H3,(H,27,31)(H2,29,30,32), InChI=1S/C21H15ClF4N4O3/c1-27-19(31)18-10-13(6-7-28-18)33-12-3-5-17(16(23)9-12)30-20(32)29-11-2-4-15(22)14(8-11)21(24,25)26/h2-10H,1H3,(H,27,31)(H2,29,30,32), InChI=1S/C21H15ClF4N4O3/c1-27-19(31)18-10-13(6-7-28-18)33-12-3-5-17(16(23)9-12)30-20(32)29-11-2-4-15(22)14(8-11)21(24,25)26/h2-10H,1H3,(H,27,31)(H2,29,30,32), InChI=1S/C21H15ClF4N4O3/c1-27-19(31)18-10-13(6-7-28-18)33-12-3-5-17(16(23)9-12)30-20(32)29-11-2-4-15(22)14(8-11)21(24,25)26/h2-10H,1H3,(H,27,31)(H2,29,30,32)",Launched
relcovaptan,vasopressin receptor antagonist,"AVPR1A, AVPR1B, AVPR2, OXTR",,,"Tocris, Tocris, Tocris",98.48,"COc1ccc(cc1OC)S(=O)(=O)N1[C@@H](C(=O)N2CCC[C@H]2C(N)=O)[C@](O)(c2cc(Cl)ccc12)c1ccccc1Cl, COc1ccc(cc1OC)S(=O)(=O)N1[C@@H](C(=O)N2CCC[C@H]2C(N)=O)[C@](O)(c2cc(Cl)ccc12)c1ccccc1Cl, COc1ccc(cc1OC)S(=O)(=O)N1[C@@H](C(=O)N2CCC[C@H]2C(N)=O)[C@](O)(c2cc(Cl)ccc12)c1ccccc1Cl","CEBYCSRFKCEUSW-NAYZPBBASA-N, CEBYCSRFKCEUSW-NAYZPBBASA-N, CEBYCSRFKCEUSW-NAYZPBBASA-N",Phase 2
relebactam,beta lactamase inhibitor,,,,MedChemEx,86.36,OS(=O)(=O)ON1[C@H]2CN([C@@H](CC2)C(=O)NC2CCNCC2)C1=O,SMOBCLHAZXOKDQ-ZJUUUORDSA-N,Launched
relugolix,gonadotropin releasing factor hormone receptor antagonist,,,,MedChemEx,96.9,CONC(=O)Nc1ccc(cc1)-c1sc2n(Cc3c(F)cccc3F)c(=O)n(-c3ccc(OC)nn3)c(=O)c2c1CN(C)C,AOMXMOCNKJTRQP-UHFFFAOYSA-N,Phase 3
remacemide,glutamate receptor antagonist,GRIN1,,,"Tocris, Tocris",97.95,"C[C@@](Cc1ccccc1)(NC(=O)CN)c1ccccc1 |&1:1|, C[C@@](Cc1ccccc1)(NC(=O)CN)c1ccccc1 |&1:1|","YSGASDXSLKIKOD-KRWDZBQOSA-N, YSGASDXSLKIKOD-KRWDZBQOSA-N",Phase 3
remetinostat,HDAC inhibitor,,,,MedChemEx,0,COC(=O)c1ccc(OC(=O)CCCCCCC(=O)NO)cc1,XDZAHHULFQIBFE-UHFFFAOYSA-N,Phase 2
remimazolam,benzodiazepine receptor agonist,GABBR1,,,"MedChemEx, MedChemEx",92.64,"COC(=O)CC[C@@H]1N=C(c2ccccn2)c2cc(Br)ccc2-n2c(C)cnc12 |t:7|, COC(=O)CC[C@@H]1N=C(c2ccccn2)c2cc(Br)ccc2-n2c(C)cnc12 |t:7|","CYHWMBVXXDIZNZ-KRWDZBQOSA-N, CYHWMBVXXDIZNZ-KRWDZBQOSA-N",Phase 3
remodelin,transferase inhibitor,NAT10,,,"Tocris, Tocris",82.53,"N#Cc1ccc(cc1)-c1csc(NN=C2CCCC2)n1, N#Cc1ccc(cc1)-c1csc(NN=C2CCCC2)n1","XAEJIFARBQJLML-UHFFFAOYSA-N, XAEJIFARBQJLML-UHFFFAOYSA-N",Preclinical
remoxipride,dopamine receptor antagonist,"DRD2, DRD3, DRD4, HTR2A, SIGMAR1",,,"Tocris, Tocris, Tocris, Tocris, Tocris",98.5,"CCN1CCC[C@H]1CNC(=O)c1c(OC)ccc(Br)c1OC, CCN1CCC[C@H]1CNC(=O)c1c(OC)ccc(Br)c1OC, CCN1CCC[C@H]1CNC(=O)c1c(OC)ccc(Br)c1OC, CCN1CCC[C@H]1CNC(=O)c1c(OC)ccc(Br)c1OC, CCN1CCC[C@H]1CNC(=O)c1c(OC)ccc(Br)c1OC","GUJRSXAPGDDABA-NSHDSACASA-N, GUJRSXAPGDDABA-NSHDSACASA-N, GUJRSXAPGDDABA-NSHDSACASA-N, GUJRSXAPGDDABA-NSHDSACASA-N, GUJRSXAPGDDABA-NSHDSACASA-N",Withdrawn
repaglinide,insulin secretagogue,"ABCC8, KCNJ11, PPARG",endocrinology,diabetes mellitus,"Tocris, MicroSource, Tocris, Selleck, Tocris",99.06,"CCOc1cc(CC(=O)N[C@@H](CC(C)C)c2ccccc2N2CCCCC2)ccc1C(O)=O, CCOc1cc(CC(=O)N[C@@H](CC(C)C)c2ccccc2N2CCCCC2)ccc1C(O)=O, CCOc1cc(CC(=O)N[C@@H](CC(C)C)c2ccccc2N2CCCCC2)ccc1C(O)=O, CCOc1cc(CC(=O)N[C@@H](CC(C)C)c2ccccc2N2CCCCC2)ccc1C(O)=O, CCOc1cc(CC(=O)N[C@@H](CC(C)C)c2ccccc2N2CCCCC2)ccc1C(O)=O","FAEKWTJYAYMJKF-QHCPKHFHSA-N, FAEKWTJYAYMJKF-QHCPKHFHSA-N, FAEKWTJYAYMJKF-QHCPKHFHSA-N, FAEKWTJYAYMJKF-QHCPKHFHSA-N, FAEKWTJYAYMJKF-QHCPKHFHSA-N",Launched
reparixin,CC chemokine receptor antagonist,"CXCR1, CXCR2",,,"MedChemEx, MedChemEx, MedChemEx, MedChemEx",99.13,"CC(C)Cc1ccc(cc1)[C@@H](C)C(=O)NS(C)(=O)=O, CC(C)Cc1ccc(cc1)[C@@H](C)C(=O)NS(C)(=O)=O, CC(C)Cc1ccc(cc1)[C@@H](C)C(=O)NS(C)(=O)=O, CC(C)Cc1ccc(cc1)[C@@H](C)C(=O)NS(C)(=O)=O","KQDRVXQXKZXMHP-LLVKDONJSA-N, KQDRVXQXKZXMHP-LLVKDONJSA-N, KQDRVXQXKZXMHP-LLVKDONJSA-N, KQDRVXQXKZXMHP-LLVKDONJSA-N",Phase 3
repotrectinib,receptor tyrosine protein kinase inhibitor,,,,MedChemEx,98.59,C[C@H]1CNC(=O)c2cnn3ccc(N[C@H](C)c4cc(F)ccc4O1)nc23,FIKPXCOQUIZNHB-VUWPPUDQSA-N,Phase 1/Phase 2
repsox,TGF beta receptor inhibitor,TGFBR1,,,"Tocris, Tocris, Tocris, Selleck, Selleck, Selleck, Selleck, Tocris",98.05,"Cc1cccc(n1)-c1n[nH]cc1-c1ccc2ncccc2n1, Cc1cccc(n1)-c1n[nH]cc1-c1ccc2ncccc2n1, Cc1cccc(n1)-c1n[nH]cc1-c1ccc2ncccc2n1, Cc1cccc(n1)-c1n[nH]cc1-c1ccc2ncccc2n1, Cc1cccc(n1)-c1n[nH]cc1-c1ccc2ncccc2n1, Cc1cccc(n1)-c1n[nH]cc1-c1ccc2ncccc2n1, Cc1cccc(n1)-c1n[nH]cc1-c1ccc2ncccc2n1, Cc1cccc(n1)-c1n[nH]cc1-c1ccc2ncccc2n1","LBPKYPYHDKKRFS-UHFFFAOYSA-N, LBPKYPYHDKKRFS-UHFFFAOYSA-N, LBPKYPYHDKKRFS-UHFFFAOYSA-N, LBPKYPYHDKKRFS-UHFFFAOYSA-N, LBPKYPYHDKKRFS-UHFFFAOYSA-N, LBPKYPYHDKKRFS-UHFFFAOYSA-N, LBPKYPYHDKKRFS-UHFFFAOYSA-N, LBPKYPYHDKKRFS-UHFFFAOYSA-N",Preclinical
resatorvid,toll-like receptor inhibitor,TLR4,,,"MedChemEx, MedChemEx, MedChemEx",96.53,"CCOC(=O)C1=CCCC[C@H]1S(=O)(=O)Nc1ccc(F)cc1Cl |t:5|, CCOC(=O)C1=CCCC[C@H]1S(=O)(=O)Nc1ccc(F)cc1Cl |t:5|, CCOC(=O)C1=CCCC[C@H]1S(=O)(=O)Nc1ccc(F)cc1Cl |t:5|","LEEIJTHMHDMWLJ-CQSZACIVSA-N, LEEIJTHMHDMWLJ-CQSZACIVSA-N, LEEIJTHMHDMWLJ-CQSZACIVSA-N",Phase 3
reserpine,vesicular monoamine transporter inhibitor,"SLC18A1, SLC18A2",cardiology,hypertension,"Selleck, Selleck, Tocris, Tocris, Tocris, Selleck, MicroSource",95.32,"CO[C@H]1[C@@H](C[C@@H]2CN3CCc4c([nH]c5cc(OC)ccc45)[C@H]3C[C@@H]2[C@@H]1C(=O)OC)OC(=O)c1cc(OC)c(OC)c(OC)c1, CO[C@H]1[C@@H](C[C@@H]2CN3CCc4c([nH]c5cc(OC)ccc45)[C@H]3C[C@@H]2[C@@H]1C(=O)OC)OC(=O)c1cc(OC)c(OC)c(OC)c1, CO[C@H]1[C@@H](C[C@@H]2CN3CCc4c([nH]c5cc(OC)ccc45)[C@H]3C[C@@H]2[C@@H]1C(=O)OC)OC(=O)c1cc(OC)c(OC)c(OC)c1, CO[C@H]1[C@@H](C[C@@H]2CN3CCc4c([nH]c5cc(OC)ccc45)[C@H]3C[C@@H]2[C@@H]1C(=O)OC)OC(=O)c1cc(OC)c(OC)c(OC)c1, CO[C@H]1[C@@H](C[C@@H]2CN3CCc4c([nH]c5cc(OC)ccc45)[C@H]3C[C@@H]2[C@@H]1C(=O)OC)OC(=O)c1cc(OC)c(OC)c(OC)c1, CO[C@H]1[C@@H](C[C@@H]2CN3CCc4c([nH]c5cc(OC)ccc45)[C@H]3C[C@@H]2[C@@H]1C(=O)OC)OC(=O)c1cc(OC)c(OC)c(OC)c1, CO[C@H]1[C@@H](C[C@@H]2CN3CCc4c([nH]c5cc(OC)ccc45)[C@H]3C[C@@H]2[C@@H]1C(=O)OC)OC(=O)c1cc(OC)c(OC)c(OC)c1","QEVHRUUCFGRFIF-MDEJGZGSSA-N, QEVHRUUCFGRFIF-MDEJGZGSSA-N, QEVHRUUCFGRFIF-MDEJGZGSSA-N, QEVHRUUCFGRFIF-MDEJGZGSSA-N, QEVHRUUCFGRFIF-MDEJGZGSSA-N, QEVHRUUCFGRFIF-MDEJGZGSSA-N, QEVHRUUCFGRFIF-MDEJGZGSSA-N",Launched
resibufogenin,Na/K-ATPase inhibitor,,,,MedChemEx,87.34,C[C@]12CC[C@H]3[C@@H](CC[C@@H]4C[C@@H](O)CC[C@]34C)[C@]11O[C@@H]1C[C@@H]2c1ccc(=O)oc1,ATLJNLYIJOCWJE-CWMZOUAVSA-N,Phase 2
resiquimod,toll-like receptor agonist,"TLR7, TLR8",,,"Tocris, Tocris, MedChemEx, MedChemEx",99.64,"CCOCc1nc2c(N)nc3ccccc3c2n1CC(C)(C)O, CCOCc1nc2c(N)nc3ccccc3c2n1CC(C)(C)O, CCOCc1nc2c(N)nc3ccccc3c2n1CC(C)(C)O, CCOCc1nc2c(N)nc3ccccc3c2n1CC(C)(C)O","BXNMTOQRYBFHNZ-UHFFFAOYSA-N, BXNMTOQRYBFHNZ-UHFFFAOYSA-N, BXNMTOQRYBFHNZ-UHFFFAOYSA-N, BXNMTOQRYBFHNZ-UHFFFAOYSA-N",Phase 3
resmetirom,thyroid hormone receptor agonist,,,,MedChemEx,96.94,CC(C)c1cc(Oc2c(Cl)cc(cc2Cl)-n2nc(C#N)c(=O)[nH]c2=O)nnc1O,FDBYIYFVSAHJLY-UHFFFAOYSA-N,Phase 3
resminostat,HDAC inhibitor,"HDAC1, HDAC3, HDAC6, HDAC8",,,"MedChemEx, MedChemEx, MedChemEx, Selleck, Selleck, Selleck, Selleck, Selleck, Selleck, Selleck, Selleck",96.04,"CN(C)Cc1ccc(cc1)S(=O)(=O)n1ccc(\C=C\C(=O)NO)c1, CN(C)Cc1ccc(cc1)S(=O)(=O)n1ccc(\C=C\C(=O)NO)c1, CN(C)Cc1ccc(cc1)S(=O)(=O)n1ccc(\C=C\C(=O)NO)c1, CN(C)Cc1ccc(cc1)S(=O)(=O)n1ccc(\C=C\C(=O)NO)c1, CN(C)Cc1ccc(cc1)S(=O)(=O)n1ccc(\C=C\C(=O)NO)c1, CN(C)Cc1ccc(cc1)S(=O)(=O)n1ccc(\C=C\C(=O)NO)c1, CN(C)Cc1ccc(cc1)S(=O)(=O)n1ccc(\C=C\C(=O)NO)c1, CN(C)Cc1ccc(cc1)S(=O)(=O)n1ccc(\C=C\C(=O)NO)c1, CN(C)Cc1ccc(cc1)S(=O)(=O)n1ccc(\C=C\C(=O)NO)c1, CN(C)Cc1ccc(cc1)S(=O)(=O)n1ccc(\C=C\C(=O)NO)c1, CN(C)Cc1ccc(cc1)S(=O)(=O)n1ccc(\C=C\C(=O)NO)c1","FECGNJPYVFEKOD-VMPITWQZSA-N, FECGNJPYVFEKOD-VMPITWQZSA-N, FECGNJPYVFEKOD-VMPITWQZSA-N, FECGNJPYVFEKOD-VMPITWQZSA-N, FECGNJPYVFEKOD-VMPITWQZSA-N, FECGNJPYVFEKOD-VMPITWQZSA-N, FECGNJPYVFEKOD-VMPITWQZSA-N, FECGNJPYVFEKOD-VMPITWQZSA-N, FECGNJPYVFEKOD-VMPITWQZSA-N, FECGNJPYVFEKOD-VMPITWQZSA-N, FECGNJPYVFEKOD-VMPITWQZSA-N",Phase 2
resorcinol,phosphodiesterase inhibitor,"CA12, CA14, CA2, PTGS1",dermatology,"acne vulgaris (AV), eczema, psoriasis, seborrheic dermatitis","MedChemEx, MicroSource, MicroSource",99.52,"Oc1cccc(O)c1, Oc1cccc(O)c1, Oc1cccc(O)c1","GHMLBKRAJCXXBS-UHFFFAOYSA-N, GHMLBKRAJCXXBS-UHFFFAOYSA-N, GHMLBKRAJCXXBS-UHFFFAOYSA-N",Launched
resorcinol-monoacetate,antiseptic,,,,"MicroSource, MedChemEx",70.52,"CC(=O)Oc1cccc(O)c1, CC(=O)Oc1cccc(O)c1","ZZPKZRHERLGEKA-UHFFFAOYSA-N, ZZPKZRHERLGEKA-UHFFFAOYSA-N",Launched
resveratrol,"cytochrome P450 inhibitor, SIRT activator","CSNK2A1, NQO2, PTGS1, PTGS2",,,"MedChemEx, Tocris, Selleck, Selleck, Tocris",95.03,"Oc1ccc(\C=C\c2cc(O)cc(O)c2)cc1, Oc1ccc(\C=C\c2cc(O)cc(O)c2)cc1, Oc1ccc(\C=C\c2cc(O)cc(O)c2)cc1, Oc1ccc(\C=C\c2cc(O)cc(O)c2)cc1, Oc1ccc(\C=C\c2cc(O)cc(O)c2)cc1","LUKBXSAWLPMMSZ-OWOJBTEDSA-N, LUKBXSAWLPMMSZ-OWOJBTEDSA-N, LUKBXSAWLPMMSZ-OWOJBTEDSA-N, LUKBXSAWLPMMSZ-OWOJBTEDSA-N, LUKBXSAWLPMMSZ-OWOJBTEDSA-N",Launched
retagliptin,dipeptidyl peptidase inhibitor,,,,MedChemEx,90.32,COC(=O)c1nc(n2CCN(Cc12)C(=O)C[C@H](N)Cc1cc(F)c(F)cc1F)C(F)(F)F,WIIAMRXFUJLYEF-SNVBAGLBSA-N,Phase 1
retapamulin,protein synthesis inhibitor,,infectious disease,impetigo,Selleck,100,C[C@@H]1CC[C@@]23CCC(=O)[C@H]2[C@]1(C)[C@@H](C[C@@](C)(C=C)[C@@H](O)[C@@H]3C)OC(=O)CS[C@H]1C[C@@H]2CC[C@H](C1)N2C,STZYTFJPGGDRJD-NHUWBDDWSA-N,Launched
retaspimycin,HSP inhibitor,HSP90AA1,,,"MedChemEx, MedChemEx",0,"CO[C@H]1C[C@H](C)Cc2c(O)c(NC(=O)\C(C)=C\C=C/[C@H](OC)[C@@H](OC(N)=O)\C(C)=C\[C@H](C)[C@H]1O)cc(O)c2NCC=C |c:17,t:15,28|, CO[C@H]1C[C@H](C)Cc2c(O)c(NC(=O)\C(C)=C\C=C/[C@H](OC)[C@@H](OC(N)=O)\C(C)=C\[C@H](C)[C@H]1O)cc(O)c2NCC=C |c:17,t:15,28|","OAKGNIRUXAZDQF-FBDSWQSESA-N, OAKGNIRUXAZDQF-FBDSWQSESA-N",Phase 3
retinaldehyde,,,dermatology,cosmetic,SantaCruz,96.68,C\C(\C=C\C=C(/C)\C=C\C1=C(C)CCCC1(C)C)=C/C=O |c:9|,NCYCYZXNIZJOKI-OVSJKPMPSA-N,Launched
retinol,retinoid receptor ligand,"ALDH1A1, ALDH1A2, ALDH1A3, DHRS3, DHRS4, LRAT, NR2C2, RBP1, RBP3, RDH11, RDH12, RDH13, RDH14, RDH5, RDH8, RETSAT, RHO, RLBP1, RXRA, RXRB, RXRG",dermatology,"cosmetic, acne vulgaris (AV), keratosis","Sigma, MicroSource",0,"C\C(=C/CO)\C=C\C=C(/C)\C=C\C1=C(C)CCCC1(C)C |c:12|, C\C(=C/CO)\C=C\C=C(/C)\C=C\C1=C(C)CCCC1(C)C |c:12|","FPIPGXGPPPQFEQ-OVSJKPMPSA-N, FPIPGXGPPPQFEQ-OVSJKPMPSA-N",Launched
retinyl-acetate,,,,,"MicroSource, Sigma",0,"CC(=O)OC\C=C(/C)\C=C\C=C(/C)\C=C\C1=C(C)CCCC1(C)C |c:15|, CC(=O)OC\C=C(/C)\C=C\C=C(/C)\C=C\C1=C(C)CCCC1(C)C |c:15|","QGNJRVVDBSJHIZ-QHLGVNSISA-N, QGNJRVVDBSJHIZ-QHLGVNSISA-N",Launched
retinyl-palmitate,,,,,"MicroSource, Sigma",0,"CCCCCCCCCCCCCCCC(=O)OC\C=C(/C)\C=C\C=C(/C)\C=C\C1=C(C)CCCC1(C)C |c:29|, CCCCCCCCCCCCCCCC(=O)OC\C=C(/C)\C=C\C=C(/C)\C=C\C1=C(C)CCCC1(C)C |c:29|","VYGQUTWHTHXGQB-FFHKNEKCSA-N, VYGQUTWHTHXGQB-FFHKNEKCSA-N",Launched
REV-5901,"leukotriene receptor antagonist, lipoxygenase inhibitor",ALOX5,,,"Sigma, Sigma, Enzo, Enzo",97.83,"CCCCC[C@@H](O)c1cccc(OCc2ccc3ccccc3n2)c1 |&1:5,r|, CCCCC[C@@H](O)c1cccc(OCc2ccc3ccccc3n2)c1 |&1:5,r|, CCCCC[C@@H](O)c1cccc(OCc2ccc3ccccc3n2)c1 |&1:5,r|, CCCCC[C@@H](O)c1cccc(OCc2ccc3ccccc3n2)c1 |&1:5,r|","JRLOEMCOOZSCQP-JOCHJYFZSA-N, JRLOEMCOOZSCQP-JOCHJYFZSA-N, JRLOEMCOOZSCQP-JOCHJYFZSA-N, JRLOEMCOOZSCQP-JOCHJYFZSA-N",Phase 2
revaprazan,potassium-competitive acid antagonist,ATP4A,gastroenterology,gastritis,AvaChem,0,"C[C@H]1N(CCc2ccccc12)c1nc(Nc2ccc(F)cc2)nc(C)c1C |&1:1,r|",LECZXZOBEZITCL-MRXNPFEDSA-N,Launched
revefenacin,cholinergic receptor antagonist,,,,MedChemEx,97.72,CN(CCN1CCC(CC1)OC(=O)Nc1ccccc1-c1ccccc1)C(=O)c1ccc(CN2CCC(CC2)C(N)=O)cc1,FYDWDCIFZSGNBU-UHFFFAOYSA-N,Launched
reversan,MRP inhibitor,ABCC1,,,"Tocris, Tocris, Tocris",96.72,"O=C(NCCCN1CCOCC1)c1cnn2c(cc(nc12)-c1ccccc1)-c1ccccc1, O=C(NCCCN1CCOCC1)c1cnn2c(cc(nc12)-c1ccccc1)-c1ccccc1, O=C(NCCCN1CCOCC1)c1cnn2c(cc(nc12)-c1ccccc1)-c1ccccc1","JTRXWCLQFAZHGP-UHFFFAOYSA-N, JTRXWCLQFAZHGP-UHFFFAOYSA-N, JTRXWCLQFAZHGP-UHFFFAOYSA-N",Preclinical
reversine,Aurora kinase inhibitor,"AURKB, INCENP, MAP2K1",,,"MedChemEx, MedChemEx, MedChemEx",83.16,"C1CCC(CC1)Nc1nc(Nc2ccc(cc2)N2CCOCC2)nc2nc[nH]c12, C1CCC(CC1)Nc1nc(Nc2ccc(cc2)N2CCOCC2)nc2nc[nH]c12, C1CCC(CC1)Nc1nc(Nc2ccc(cc2)N2CCOCC2)nc2nc[nH]c12","ZFLJHSQHILSNCM-UHFFFAOYSA-N, ZFLJHSQHILSNCM-UHFFFAOYSA-N, ZFLJHSQHILSNCM-UHFFFAOYSA-N",Preclinical
reynoutrin,antioxidant,,,,"MedChemEx, MedChemEx",100,"O[C@@H]1CO[C@@H](Oc2c(oc3cc(O)cc(O)c3c2=O)-c2ccc(O)c(O)c2)[C@H](O)[C@H]1O, O[C@@H]1CO[C@@H](Oc2c(oc3cc(O)cc(O)c3c2=O)-c2ccc(O)c(O)c2)[C@H](O)[C@H]1O","PZZRDJXEMZMZFD-BWYUNELBSA-N, PZZRDJXEMZMZFD-BWYUNELBSA-N",Preclinical
RGB-286638,CDK inhibitor,"CDK1, CDK2, CDK3, CDK4, CDK5, CDK6, CDK7, CDK9, FLT3, GSK3B, JAK2, MAP3K7, MAPK9",,,"MedChemEx, MedChemEx, MedChemEx, MedChemEx",93.17,"COCCN1CCN(Cc2ccc(cc2)-c2n[nH]c3-c4cccc(NC(=O)NN5CCOCC5)c4C(=O)c23)CC1, COCCN1CCN(Cc2ccc(cc2)-c2n[nH]c3-c4cccc(NC(=O)NN5CCOCC5)c4C(=O)c23)CC1, COCCN1CCN(Cc2ccc(cc2)-c2n[nH]c3-c4cccc(NC(=O)NN5CCOCC5)c4C(=O)c23)CC1, COCCN1CCN(Cc2ccc(cc2)-c2n[nH]c3-c4cccc(NC(=O)NN5CCOCC5)c4C(=O)c23)CC1","XLSYZSRXVVCHLS-UHFFFAOYSA-N, XLSYZSRXVVCHLS-UHFFFAOYSA-N, XLSYZSRXVVCHLS-UHFFFAOYSA-N, XLSYZSRXVVCHLS-UHFFFAOYSA-N",Phase 1
RGFP966,HDAC inhibitor,HDAC3,,,"Selleck, Selleck, Selleck",93.69,"Nc1cc(F)ccc1NC(=O)\C=C\c1cnn(C\C=C\c2ccccc2)c1, Nc1cc(F)ccc1NC(=O)\C=C\c1cnn(C\C=C\c2ccccc2)c1, Nc1cc(F)ccc1NC(=O)\C=C\c1cnn(C\C=C\c2ccccc2)c1","BLVQHYHDYFTPDV-VCABWLAWSA-N, BLVQHYHDYFTPDV-VCABWLAWSA-N, BLVQHYHDYFTPDV-VCABWLAWSA-N",Preclinical
RGX-104,LXR agonist,,,,MedChemEx,94.52,C[C@H](CCOc1cccc(CC(O)=O)c1)N(CC(c1ccccc1)c1ccccc1)Cc1cccc(c1Cl)C(F)(F)F,ZLJZDYOBXVOTSA-XMMPIXPASA-N,Phase 1
RG108,DNA methyltransferase inhibitor,"DNMT1, DNMT3B",,,"Tocris, Tocris, Tocris, Selleck",98.82,"OC(=O)[C@H](Cc1c[nH]c2ccccc12)N1C(=O)c2ccccc2C1=O, OC(=O)[C@H](Cc1c[nH]c2ccccc12)N1C(=O)c2ccccc2C1=O, OC(=O)[C@H](Cc1c[nH]c2ccccc12)N1C(=O)c2ccccc2C1=O, OC(=O)[C@H](Cc1c[nH]c2ccccc12)N1C(=O)c2ccccc2C1=O","HPTXLHAHLXOAKV-INIZCTEOSA-N, HPTXLHAHLXOAKV-INIZCTEOSA-N, HPTXLHAHLXOAKV-INIZCTEOSA-N, HPTXLHAHLXOAKV-INIZCTEOSA-N",Preclinical
RG1530,"FGFR inhibitor, PDGFR tyrosine kinase receptor inhibitor, VEGFR inhibitor","FGFR1, FGFR2",,,"MedChemEx, MedChemEx, MedChemEx, Tocris",58.63,"COc1cc2N=C3NN=C(C)C3N=C(c3ccccc3Cl)c2cc1F |t:5,8,13|, COc1cc2N=C3NN=C(C)C3N=C(c3ccccc3Cl)c2cc1F |t:5,8,13|, COc1cc2N=C3NN=C(C)C3N=C(c3ccccc3Cl)c2cc1F |t:5,8,13|, COc1cc2N=C3NN=C(C)C3N=C(c3ccccc3Cl)c2cc1F |t:5,8,13|","XXAKBYBCWYYQTL-UHFFFAOYSA-N, XXAKBYBCWYYQTL-UHFFFAOYSA-N, XXAKBYBCWYYQTL-UHFFFAOYSA-N, XXAKBYBCWYYQTL-UHFFFAOYSA-N",Phase 1
RG2833,HDAC inhibitor,"HDAC1, HDAC3",,,"MedChemEx, MedChemEx, MedChemEx, MedChemEx, Selleck",97.98,"Cc1ccc(cc1)C(=O)NCCCCCC(=O)Nc1ccccc1N, Cc1ccc(cc1)C(=O)NCCCCCC(=O)Nc1ccccc1N, Cc1ccc(cc1)C(=O)NCCCCCC(=O)Nc1ccccc1N, Cc1ccc(cc1)C(=O)NCCCCCC(=O)Nc1ccccc1N, Cc1ccc(cc1)C(=O)NCCCCCC(=O)Nc1ccccc1N","VOPDXHFYDJAYNS-UHFFFAOYSA-N, VOPDXHFYDJAYNS-UHFFFAOYSA-N, VOPDXHFYDJAYNS-UHFFFAOYSA-N, VOPDXHFYDJAYNS-UHFFFAOYSA-N, VOPDXHFYDJAYNS-UHFFFAOYSA-N",Phase 1
RG4733,gamma secretase inhibitor,PSEN1,,,"MedChemEx, MedChemEx, MedChemEx, MedChemEx",98.56,"CC(C)(C(=O)NCC(F)(F)C(F)(F)F)C(=O)N[C@H]1c2ccccc2-c2ccccc2NC1=O, CC(C)(C(=O)NCC(F)(F)C(F)(F)F)C(=O)N[C@H]1c2ccccc2-c2ccccc2NC1=O, CC(C)(C(=O)NCC(F)(F)C(F)(F)F)C(=O)N[C@H]1c2ccccc2-c2ccccc2NC1=O, CC(C)(C(=O)NCC(F)(F)C(F)(F)F)C(=O)N[C@H]1c2ccccc2-c2ccccc2NC1=O","OJPLJFIFUQPSJR-INIZCTEOSA-N, OJPLJFIFUQPSJR-INIZCTEOSA-N, OJPLJFIFUQPSJR-INIZCTEOSA-N, OJPLJFIFUQPSJR-INIZCTEOSA-N",Phase 2
RG7112,MDM inhibitor,MDM2,,,Selleck,98.54,CCOc1cc(ccc1C1=N[C@@](C)(c2ccc(Cl)cc2)[C@](C)(N1C(=O)N1CCN(CCCS(C)(=O)=O)CC1)c1ccc(Cl)cc1)C(C)(C)C |t:10|,QBGKPEROWUKSBK-QPPIDDCLSA-N,Phase 1
RG7800,RNA splicing modifier,,,,MedChemEx,75.37,CCc1nc(C)cn2nc(cc12)-c1cc(=O)n2cc(cc(C)c2n1)C1CCN(C)CC1,GYFRQCMDLBNZSF-UHFFFAOYSA-N,Preclinical
RG7834,antiviral,,,,Astatech,94.87,COCCCOc1cc2C[C@@H](C(C)C)n3cc(C(O)=O)c(=O)cc3-c2cc1OC,KBXLMOYQNDMHQT-KRWDZBQOSA-N,Preclinical
RHC-80267,triacylglycerol lipase inhibitor,"DAGLA, DAGLB",,,"Tocris, Tocris, Tocris",95.7,"O=C(NCCCCCCNC(=O)ON=C1CCCCC1)ON=C1CCCCC1, O=C(NCCCCCCNC(=O)ON=C1CCCCC1)ON=C1CCCCC1, O=C(NCCCCCCNC(=O)ON=C1CCCCC1)ON=C1CCCCC1","RXSVYGIGWRDVQC-UHFFFAOYSA-N, RXSVYGIGWRDVQC-UHFFFAOYSA-N, RXSVYGIGWRDVQC-UHFFFAOYSA-N",Preclinical
rhein,,HSP90AA1,,,"MedChemEx, Selleck, Selleck",97.12,"OC(=O)c1cc(O)c2C(=O)c3c(O)cccc3C(=O)c2c1, OC(=O)c1cc(O)c2C(=O)c3c(O)cccc3C(=O)c2c1, OC(=O)c1cc(O)c2C(=O)c3c(O)cccc3C(=O)c2c1","FCDLCPWAQCPTKC-UHFFFAOYSA-N, FCDLCPWAQCPTKC-UHFFFAOYSA-N, FCDLCPWAQCPTKC-UHFFFAOYSA-N",Phase 1
rheochrysidin,protein tyrosine kinase inhibitor,PTPN1,,,"Selleck, Selleck, Selleck",86.96,"COc1cc(O)c2C(=O)c3c(O)cc(C)cc3C(=O)c2c1, COc1cc(O)c2C(=O)c3c(O)cc(C)cc3C(=O)c2c1, COc1cc(O)c2C(=O)c3c(O)cc(C)cc3C(=O)c2c1","FFWOKTFYGVYKIR-UHFFFAOYSA-N, FFWOKTFYGVYKIR-UHFFFAOYSA-N, FFWOKTFYGVYKIR-UHFFFAOYSA-N",Preclinical
rhodamine-123,,,,,"Cayman, Cayman, Cayman",95.8,"COC(=O)c1ccccc1-c1c2ccc(N)cc2[o+]c2cc(N)ccc12, COC(=O)c1ccccc1-c1c2ccc(N)cc2[o+]c2cc(N)ccc12, COC(=O)c1ccccc1-c1c2ccc(N)cc2[o+]c2cc(N)ccc12","ZWODABSNRKVFCK-UHFFFAOYSA-N, ZWODABSNRKVFCK-UHFFFAOYSA-N, ZWODABSNRKVFCK-UHFFFAOYSA-N",Phase 1
RI-1,,RAD51,,,"Tocris, Selleck",90.39,"ClC1=C(N2CCOCC2)C(=O)N(C1=O)c1ccc(Cl)c(Cl)c1 |c:1|, ClC1=C(N2CCOCC2)C(=O)N(C1=O)c1ccc(Cl)c(Cl)c1 |c:1|","MWSUIZKGNWELRF-UHFFFAOYSA-N, MWSUIZKGNWELRF-UHFFFAOYSA-N",Preclinical
ribavirin,antiviral,"ADK, ENPP1, IMPDH1, IMPDH2, NT5C2",infectious disease,hepatitis C,"Tocris, Tocris, Tocris, MicroSource, Selleck",100,"NC(=O)c1ncn(n1)[C@@H]1O[C@H](CO)[C@@H](O)[C@H]1O, NC(=O)c1ncn(n1)[C@@H]1O[C@H](CO)[C@@H](O)[C@H]1O, NC(=O)c1ncn(n1)[C@@H]1O[C@H](CO)[C@@H](O)[C@H]1O, NC(=O)c1ncn(n1)[C@@H]1O[C@H](CO)[C@@H](O)[C@H]1O, NC(=O)c1ncn(n1)[C@@H]1O[C@H](CO)[C@@H](O)[C@H]1O","IWUCXVSUMQZMFG-AFCXAGJDSA-N, IWUCXVSUMQZMFG-AFCXAGJDSA-N, IWUCXVSUMQZMFG-AFCXAGJDSA-N, IWUCXVSUMQZMFG-AFCXAGJDSA-N, IWUCXVSUMQZMFG-AFCXAGJDSA-N",Launched
ribitol,,,,,"MedChemEx, Selleck",100,"OC[C@H](O)[C@H](O)[C@H](O)CO, OC[C@H](O)[C@H](O)[C@H](O)CO","HEBKCHPVOIAQTA-ZXFHETKHSA-N, HEBKCHPVOIAQTA-ZXFHETKHSA-N",Preclinical
ribociclib,CDK inhibitor,"CDK4, CDK6",oncology,breast cancer,"MedChemEx, MedChemEx, MedChemEx, MedChemEx, MedChemEx, Selleck, Selleck, Selleck",93.42,"CN(C)C(=O)c1cc2cnc(Nc3ccc(cn3)N3CCNCC3)nc2n1C1CCCC1, CN(C)C(=O)c1cc2cnc(Nc3ccc(cn3)N3CCNCC3)nc2n1C1CCCC1, CN(C)C(=O)c1cc2cnc(Nc3ccc(cn3)N3CCNCC3)nc2n1C1CCCC1, CN(C)C(=O)c1cc2cnc(Nc3ccc(cn3)N3CCNCC3)nc2n1C1CCCC1, CN(C)C(=O)c1cc2cnc(Nc3ccc(cn3)N3CCNCC3)nc2n1C1CCCC1, CN(C)C(=O)c1cc2cnc(Nc3ccc(cn3)N3CCNCC3)nc2n1C1CCCC1, CN(C)C(=O)c1cc2cnc(Nc3ccc(cn3)N3CCNCC3)nc2n1C1CCCC1, CN(C)C(=O)c1cc2cnc(Nc3ccc(cn3)N3CCNCC3)nc2n1C1CCCC1","RHXHGRAEPCAFML-UHFFFAOYSA-N, RHXHGRAEPCAFML-UHFFFAOYSA-N, RHXHGRAEPCAFML-UHFFFAOYSA-N, RHXHGRAEPCAFML-UHFFFAOYSA-N, RHXHGRAEPCAFML-UHFFFAOYSA-N, RHXHGRAEPCAFML-UHFFFAOYSA-N, RHXHGRAEPCAFML-UHFFFAOYSA-N, RHXHGRAEPCAFML-UHFFFAOYSA-N",Launched
riboflavin,vitamin B,"BLVRB, RFK",gastroenterology,jaundice,"Selleck, Selleck, MedChemEx, Selleck",91.09,"Cc1cc2nc3c(nc(=O)[nH]c3=O)n(C[C@H](O)[C@H](O)[C@H](O)CO)c2cc1C, Cc1cc2nc3c(nc(=O)[nH]c3=O)n(C[C@H](O)[C@H](O)[C@H](O)CO)c2cc1C, Cc1cc2nc3c(nc(=O)[nH]c3=O)n(C[C@H](O)[C@H](O)[C@H](O)CO)c2cc1C, Cc1cc2nc3c(nc(=O)[nH]c3=O)n(C[C@H](O)[C@H](O)[C@H](O)CO)c2cc1C","AUNGANRZJHBGPY-SCRDCRAPSA-N, AUNGANRZJHBGPY-SCRDCRAPSA-N, AUNGANRZJHBGPY-SCRDCRAPSA-N, AUNGANRZJHBGPY-SCRDCRAPSA-N",Launched
riboflavin-tetrabutyrate,antioxidant,,,,MedChemEx,92.24,CCCC(=O)OC[C@@H](OC(=O)CCC)[C@@H](OC(=O)CCC)[C@H](Cn1c2cc(C)c(C)cc2nc2c1nc(=O)[nH]c2=O)OC(=O)CCC,MJNIWUJSIGSWKK-BBANNHEPSA-N,Preclinical
riboflavin-5-phosphate-sodium,,"BLVRB, DHODH, DPYD, HAO1, HAO2, MT-ND1, NOS1, PNPO, POR, PPCDC, RFK, RPS6KA4, SGK1",,,"MedChemEx, Sigma, Sigma",70.1,"Cc1cc2nc3c(nc(=O)[nH]c3=O)n(C[C@H](O)[C@H](O)[C@H](O)COP(O)(O)=O)c2cc1C, Cc1cc2nc3c(nc(=O)[nH]c3=O)n(C[C@H](O)[C@H](O)[C@H](O)COP(O)(O)=O)c2cc1C, Cc1cc2nc3c(nc(=O)[nH]c3=O)n(C[C@H](O)[C@H](O)[C@H](O)COP(O)(O)=O)c2cc1C","FVTCRASFADXXNN-SCRDCRAPSA-N, FVTCRASFADXXNN-SCRDCRAPSA-N, FVTCRASFADXXNN-SCRDCRAPSA-N",Launched
ribostamycin,bacterial 30S ribosomal subunit inhibitor,P4HB,infectious disease,human immunodeficiency virus (HIV-1),"MedChemEx, MedChemEx, MedChemEx",73.8,"NC[C@H]1O[C@H](O[C@@H]2[C@@H](N)C[C@@H](N)[C@H](O)[C@H]2O[C@@H]2O[C@H](CO)[C@@H](O)[C@H]2O)[C@H](N)[C@@H](O)[C@@H]1O, NC[C@H]1O[C@H](O[C@@H]2[C@@H](N)C[C@@H](N)[C@H](O)[C@H]2O[C@@H]2O[C@H](CO)[C@@H](O)[C@H]2O)[C@H](N)[C@@H](O)[C@@H]1O, NC[C@H]1O[C@H](O[C@@H]2[C@@H](N)C[C@@H](N)[C@H](O)[C@H]2O[C@@H]2O[C@H](CO)[C@@H](O)[C@H]2O)[C@H](N)[C@@H](O)[C@@H]1O","NSKGQURZWSPSBC-VVPCINPTSA-N, NSKGQURZWSPSBC-VVPCINPTSA-N, NSKGQURZWSPSBC-VVPCINPTSA-N",Launched
ribostamycin-sulfate,bacterial 30S ribosomal subunit inhibitor,,infectious disease,gram-negative bacterial infections,MicroSource,0,"NC[C@H]1O[C@H](O[C@@H]2[C@@H](N)C[C@@H](N)[C@H](O)[C@@H]2O[C@@H]2O[C@H](CO)[C@@H](O)[C@H]2O)[C@H](N)[C@@H](O)[C@@H]1O |a:2,4,6,7,10,12,16,18,21,23,25,27,29,&1:14|",NSKGQURZWSPSBC-NZJHKTKDSA-N,Launched
ricinoleic-acid,prostanoid receptor agonist,PTGER3,,,TCI,51.56,CCCCCC[C@@H](O)C\C=C/CCCCCCCC(O)=O,WBHHMMIMDMUBKC-QJWNTBNXSA-N,Launched
ridinilazole,antibacterial,,,,MedChemEx,97.14,c1cc(ccn1)-c1nc2ccc(cc2[nH]1)-c1ccc2nc([nH]c2c1)-c1ccncc1,UHQFBTAJFNVZIV-UHFFFAOYSA-N,Phase 3
rifabutin,protein synthesis inhibitor,,infectious disease,human immunodeficiency virus (HIV-1),MedChemEx,96.93,"CO[C@H]1\C=C\O[C@@]2(C)Oc3c(C2=O)c2C4=NC5(CCN(CC(C)C)CC5)NC4=C(NC(=O)\C(C)=C/C=C/[C@H](C)[C@H](O)[C@@H](C)[C@@H](O)[C@@H](C)[C@H](OC(C)=O)[C@@H]1C)C(=O)c2c(O)c3C |c:36,t:3,15,30,38|",ATEBXHFBFRCZMA-DVAZEERGSA-N,Launched
rifampin,RNA polymerase inhibitor,"NR1I2, SLCO1A2, SLCO1B1, SLCO1B3",infectious disease,"tuberculosis, meningitis","Selleck, Selleck, Tocris, Selleck, Selleck",89.01,"CO[C@H]1\C=C\O[C@@]2(C)Oc3c(C2=O)c2c(O)c(\C=N\N4CCN(C)CC4)c(NC(=O)\C(C)=C/C=C/[C@H](C)[C@H](O)[C@@H](C)[C@@H](O)[C@@H](C)[C@H](OC(C)=O)[C@@H]1C)c(O)c2c(O)c3C |c:33,t:3,35|, CO[C@H]1\C=C\O[C@@]2(C)Oc3c(C2=O)c2c(O)c(\C=N\N4CCN(C)CC4)c(NC(=O)\C(C)=C/C=C/[C@H](C)[C@H](O)[C@@H](C)[C@@H](O)[C@@H](C)[C@H](OC(C)=O)[C@@H]1C)c(O)c2c(O)c3C |c:33,t:3,35|, CO[C@H]1\C=C\O[C@@]2(C)Oc3c(C2=O)c2c(O)c(\C=N\N4CCN(C)CC4)c(NC(=O)\C(C)=C/C=C/[C@H](C)[C@H](O)[C@@H](C)[C@@H](O)[C@@H](C)[C@H](OC(C)=O)[C@@H]1C)c(O)c2c(O)c3C |c:33,t:3,35|, CO[C@H]1\C=C\O[C@@]2(C)Oc3c(C2=O)c2c(O)c(\C=N\N4CCN(C)CC4)c(NC(=O)\C(C)=C/C=C/[C@H](C)[C@H](O)[C@@H](C)[C@@H](O)[C@@H](C)[C@H](OC(C)=O)[C@@H]1C)c(O)c2c(O)c3C |c:33,t:3,35|, CO[C@H]1\C=C\O[C@@]2(C)Oc3c(C2=O)c2c(O)c(\C=N\N4CCN(C)CC4)c(NC(=O)\C(C)=C/C=C/[C@H](C)[C@H](O)[C@@H](C)[C@@H](O)[C@@H](C)[C@H](OC(C)=O)[C@@H]1C)c(O)c2c(O)c3C |c:33,t:3,35|","JQXXHWHPUNPDRT-YOPQJBRCSA-N, JQXXHWHPUNPDRT-YOPQJBRCSA-N, JQXXHWHPUNPDRT-YOPQJBRCSA-N, JQXXHWHPUNPDRT-YOPQJBRCSA-N, JQXXHWHPUNPDRT-YOPQJBRCSA-N",Launched
rifamycin,DNA directed RNA polymerase inhibitor,"SLCO1A2, SLCO1B1, SLCO1B3, SLCO2B1",infectious disease,"tuberculosis, leprosy",AvaChem,2.86,"CO[C@H]1\C=C\O[C@@]2(C)Oc3c(C2=O)c2c(O)cc(NC(=O)\C(C)=C/C=C/[C@H](C)[C@H](O)[C@@H](C)[C@@H](O)[C@@H](C)[C@H](OC(C)=O)[C@@H]1C)c(O)c2c(O)c3C |c:23,t:3,25|",HJYYPODYNSCCOU-WURVRSKISA-N,Launched
rifamycin-sv,RNA synthesis inhibitor,,,,Selleck,96.94,"CO[C@H]1\C=C\O[C@@]2(C)Oc3c(C2=O)c2c(O)cc(NC(=O)\C(C)=C/C=C/[C@H](C)[C@H](O)[C@@H](C)[C@@H](O)[C@@H](C)[C@H](OC(C)=O)[C@@H]1C)c(O)c2c(O)c3C |c:23,t:3,25|",HJYYPODYNSCCOU-WURVRSKISA-N,Phase 3
rifapentine,RNA polymerase inhibitor,"CYP2C8, CYP2C9, CYP3A4",infectious disease,tuberculosis,"Selleck, MedChemEx, MedChemEx, Selleck, Selleck",74.29,"CO[C@H]1\C=C\O[C@@]2(C)Oc3c(C2=O)c2c(O)c(\C=N\N4CCN(CC4)C4CCCC4)c(NC(=O)\C(C)=C/C=C/[C@H](C)[C@H](O)[C@@H](C)[C@@H](O)[C@@H](C)[C@H](OC(C)=O)[C@@H]1C)c(O)c2c(O)c3C |c:38,t:3,40|, CO[C@H]1\C=C\O[C@@]2(C)Oc3c(C2=O)c2c(O)c(\C=N\N4CCN(CC4)C4CCCC4)c(NC(=O)\C(C)=C/C=C/[C@H](C)[C@H](O)[C@@H](C)[C@@H](O)[C@@H](C)[C@H](OC(C)=O)[C@@H]1C)c(O)c2c(O)c3C |c:38,t:3,40|, CO[C@H]1\C=C\O[C@@]2(C)Oc3c(C2=O)c2c(O)c(\C=N\N4CCN(CC4)C4CCCC4)c(NC(=O)\C(C)=C/C=C/[C@H](C)[C@H](O)[C@@H](C)[C@@H](O)[C@@H](C)[C@H](OC(C)=O)[C@@H]1C)c(O)c2c(O)c3C |c:38,t:3,40|, CO[C@H]1\C=C\O[C@@]2(C)Oc3c(C2=O)c2c(O)c(\C=N\N4CCN(CC4)C4CCCC4)c(NC(=O)\C(C)=C/C=C/[C@H](C)[C@H](O)[C@@H](C)[C@@H](O)[C@@H](C)[C@H](OC(C)=O)[C@@H]1C)c(O)c2c(O)c3C |c:38,t:3,40|, CO[C@H]1\C=C\O[C@@]2(C)Oc3c(C2=O)c2c(O)c(\C=N\N4CCN(CC4)C4CCCC4)c(NC(=O)\C(C)=C/C=C/[C@H](C)[C@H](O)[C@@H](C)[C@@H](O)[C@@H](C)[C@H](OC(C)=O)[C@@H]1C)c(O)c2c(O)c3C |c:38,t:3,40|","WDZCUPBHRAEYDL-NAFQJNKLSA-N, WDZCUPBHRAEYDL-NAFQJNKLSA-N, WDZCUPBHRAEYDL-NAFQJNKLSA-N, WDZCUPBHRAEYDL-NAFQJNKLSA-N, WDZCUPBHRAEYDL-NAFQJNKLSA-N",Launched
rifaximin,RNA synthesis inhibitor,,gastroenterology,"diarrhea, irritable bowel syndrome, hepatic encephalopathy (HE)","Tocris, Tocris",98.57,"CO[C@H]1\C=C\O[C@@]2(C)Oc3c(C2=O)c2c4nc5cc(C)ccn5c4c(NC(=O)\C(C)=C/C=C/[C@H](C)[C@H](O)[C@@H](C)[C@@H](O)[C@@H](C)[C@H](OC(C)=O)[C@@H]1C)c(O)c2c(O)c3C |c:32,t:3,34|, CO[C@H]1\C=C\O[C@@]2(C)Oc3c(C2=O)c2c4nc5cc(C)ccn5c4c(NC(=O)\C(C)=C/C=C/[C@H](C)[C@H](O)[C@@H](C)[C@@H](O)[C@@H](C)[C@H](OC(C)=O)[C@@H]1C)c(O)c2c(O)c3C |c:32,t:3,34|","NZCRJKRKKOLAOJ-LGPAXTBISA-N, NZCRJKRKKOLAOJ-LGPAXTBISA-N",Launched
rigosertib,"cell cycle inhibitor, PLK inhibitor",PLK1,,,"Selleck, MedChemEx, Selleck, Selleck, Selleck, Selleck, Selleck",94.32,"COc1cc(OC)c(\C=C\S(=O)(=O)Cc2ccc(OC)c(NCC(O)=O)c2)c(OC)c1, COc1cc(OC)c(\C=C\S(=O)(=O)Cc2ccc(OC)c(NCC(O)=O)c2)c(OC)c1, COc1cc(OC)c(\C=C\S(=O)(=O)Cc2ccc(OC)c(NCC(O)=O)c2)c(OC)c1, COc1cc(OC)c(\C=C\S(=O)(=O)Cc2ccc(OC)c(NCC(O)=O)c2)c(OC)c1, COc1cc(OC)c(\C=C\S(=O)(=O)Cc2ccc(OC)c(NCC(O)=O)c2)c(OC)c1, COc1cc(OC)c(\C=C\S(=O)(=O)Cc2ccc(OC)c(NCC(O)=O)c2)c(OC)c1, COc1cc(OC)c(\C=C\S(=O)(=O)Cc2ccc(OC)c(NCC(O)=O)c2)c(OC)c1","OWBFCJROIKNMGD-BQYQJAHWSA-N, OWBFCJROIKNMGD-BQYQJAHWSA-N, OWBFCJROIKNMGD-BQYQJAHWSA-N, OWBFCJROIKNMGD-BQYQJAHWSA-N, OWBFCJROIKNMGD-BQYQJAHWSA-N, OWBFCJROIKNMGD-BQYQJAHWSA-N, OWBFCJROIKNMGD-BQYQJAHWSA-N",Phase 3
rilapladib,phospholipase inhibitor,,,,MedChemEx,96.22,COCCN1CCC(CC1)N(Cc1ccc(cc1)-c1ccc(cc1)C(F)(F)F)C(=O)Cn1c(SCc2cccc(F)c2F)cc(=O)c2ccccc12,NNBGCSGCRSCFEA-UHFFFAOYSA-N,Phase 2
rilmenidine,"adrenergic receptor agonist, imidazoline receptor agonist",ADRA2A,cardiology,hypertension,"Tocris, Selleck, Selleck",88.74,"C1CC1C(NC1=NCCO1)C1CC1 |t:6|, C1CC1C(NC1=NCCO1)C1CC1 |t:6|, C1CC1C(NC1=NCCO1)C1CC1 |t:6|","CQXADFVORZEARL-UHFFFAOYSA-N, CQXADFVORZEARL-UHFFFAOYSA-N, CQXADFVORZEARL-UHFFFAOYSA-N",Launched
rilpivirine,non-nucleoside reverse transcriptase inhibitor,"NR1I2, SCN10A",infectious disease,human immunodeficiency virus (HIV-1),"MedChemEx, MedChemEx, Selleck",93.71,"Cc1cc(\C=C\C#N)cc(C)c1Nc1ccnc(Nc2ccc(cc2)C#N)n1, Cc1cc(\C=C\C#N)cc(C)c1Nc1ccnc(Nc2ccc(cc2)C#N)n1, Cc1cc(\C=C\C#N)cc(C)c1Nc1ccnc(Nc2ccc(cc2)C#N)n1","YIBOMRUWOWDFLG-ONEGZZNKSA-N, YIBOMRUWOWDFLG-ONEGZZNKSA-N, YIBOMRUWOWDFLG-ONEGZZNKSA-N",Launched
riluzole,glutamate inhibitor,"KCNK10, KCNK2, KCNK4, KCNN4, SCN10A, SCN11A, SCN1A, SCN2A, SCN3A, SCN4A, SCN5A, SCN7A, SCN8A, SCN9A, SLC7A11",neurology/psychiatry,amyotrophic lateral sclerosis (ALS),"Tocris, MicroSource, Selleck, Selleck",99.88,"Nc1nc2ccc(OC(F)(F)F)cc2s1, Nc1nc2ccc(OC(F)(F)F)cc2s1, Nc1nc2ccc(OC(F)(F)F)cc2s1, Nc1nc2ccc(OC(F)(F)F)cc2s1","FTALBRSUTCGOEG-UHFFFAOYSA-N, FTALBRSUTCGOEG-UHFFFAOYSA-N, FTALBRSUTCGOEG-UHFFFAOYSA-N, FTALBRSUTCGOEG-UHFFFAOYSA-N",Launched
rimantadine,"antiviral, RNA synthesis inhibitor",,infectious disease,influenza A virus infection,"Selleck, Selleck, Selleck",100,"C[C@@H](N)C12CC3CC(CC(C3)C1)C2 |&1:1,r|, C[C@@H](N)C12CC3CC(CC(C3)C1)C2 |&1:1,r|, C[C@@H](N)C12CC3CC(CC(C3)C1)C2 |&1:1,r|","UBCHPRBFMUDMNC-AAWJQDODSA-N, UBCHPRBFMUDMNC-AAWJQDODSA-N, UBCHPRBFMUDMNC-AAWJQDODSA-N",Launched
rimcazole,sigma receptor antagonist,SIGMAR1,,,"Tocris, Tocris",96.68,"C[C@H]1CN(CCCn2c3ccccc3c3ccccc23)C[C@@H](C)N1, C[C@H]1CN(CCCn2c3ccccc3c3ccccc23)C[C@@H](C)N1","GUDVQJXODNJRIJ-CALCHBBNSA-N, GUDVQJXODNJRIJ-CALCHBBNSA-N",Phase 1
rimegepant,calcitonin antagonist,CALCA,,,"MedChemEx, MedChemEx, MedChemEx",95.12,"N[C@H]1[C@@H](CC[C@@H](OC(=O)N2CCC(CC2)n2c3cccnc3[nH]c2=O)c2ncccc12)c1cccc(F)c1F, N[C@H]1[C@@H](CC[C@@H](OC(=O)N2CCC(CC2)n2c3cccnc3[nH]c2=O)c2ncccc12)c1cccc(F)c1F, N[C@H]1[C@@H](CC[C@@H](OC(=O)N2CCC(CC2)n2c3cccnc3[nH]c2=O)c2ncccc12)c1cccc(F)c1F","KRNAOFGYEFKHPB-ANJVHQHFSA-N, KRNAOFGYEFKHPB-ANJVHQHFSA-N, KRNAOFGYEFKHPB-ANJVHQHFSA-N",Launched
rimeporide,sodium/hydrogen exchanger inhibitor,,,,Sigma,94.96,Cc1cc(c(cc1C(=O)NC(N)=N)S(C)(=O)=O)S(C)(=O)=O,GROMEQPXDKRRIE-UHFFFAOYSA-N,Phase 1
rimexolone,glucocorticoid receptor agonist,"NR3C1, SERPINA6",ophthalmology,anterior uveitis,"Prestwick, Prestwick, USP",97.27,"CCC(=O)[C@@]1(C)[C@H](C)C[C@H]2[C@@H]3CCC4=CC(=O)C=C[C@]4(C)[C@H]3[C@@H](O)C[C@]12C |c:17,t:13|, CCC(=O)[C@@]1(C)[C@H](C)C[C@H]2[C@@H]3CCC4=CC(=O)C=C[C@]4(C)[C@H]3[C@@H](O)C[C@]12C |c:17,t:13|, CCC(=O)[C@@]1(C)[C@H](C)C[C@H]2[C@@H]3CCC4=CC(=O)C=C[C@]4(C)[C@H]3[C@@H](O)C[C@]12C |c:17,t:13|","QTTRZHGPGKRAFB-OOKHYKNYSA-N, QTTRZHGPGKRAFB-OOKHYKNYSA-N, QTTRZHGPGKRAFB-OOKHYKNYSA-N",Launched
rimonabant,cannabinoid receptor antagonist,"CNR1, GPR55",,,"Selleck, Selleck, MedChemEx",97.2,"Cc1c(nn(c1-c1ccc(Cl)cc1)-c1ccc(Cl)cc1Cl)C(=O)NN1CCCCC1, Cc1c(nn(c1-c1ccc(Cl)cc1)-c1ccc(Cl)cc1Cl)C(=O)NN1CCCCC1, Cc1c(nn(c1-c1ccc(Cl)cc1)-c1ccc(Cl)cc1Cl)C(=O)NN1CCCCC1","JZCPYUJPEARBJL-UHFFFAOYSA-N, JZCPYUJPEARBJL-UHFFFAOYSA-N, JZCPYUJPEARBJL-UHFFFAOYSA-N",Withdrawn
riociguat,guanylate cyclase stimulant,"GUCY1A2, GUCY1A3, GUCY1B2, GUCY1B3",cardiology,hypertension,"MedChemEx, MedChemEx, MedChemEx",99.03,"COC(=O)N(C)c1c(N)nc(nc1N)-c1nn(Cc2ccccc2F)c2ncccc12, COC(=O)N(C)c1c(N)nc(nc1N)-c1nn(Cc2ccccc2F)c2ncccc12, COC(=O)N(C)c1c(N)nc(nc1N)-c1nn(Cc2ccccc2F)c2ncccc12","WXXSNCNJFUAIDG-UHFFFAOYSA-N, WXXSNCNJFUAIDG-UHFFFAOYSA-N, WXXSNCNJFUAIDG-UHFFFAOYSA-N",Launched
riodipine,calcium channel blocker,,,,"Sigma, Sigma",97.87,"COC(=O)C1=C(C)NC(C)=C(C1c1ccccc1OC(F)F)C(=O)OC |c:4,9|, COC(=O)C1=C(C)NC(C)=C(C1c1ccccc1OC(F)F)C(=O)OC |c:4,9|","AZVFIZVKGSPGPK-UHFFFAOYSA-N, AZVFIZVKGSPGPK-UHFFFAOYSA-N",Phase 2
riodoxol,other antibiotic,,,,"Vitas-M, Vitas-M, Vitas-M",31.26,"Oc1c(I)cc(I)c(O)c1I, Oc1c(I)cc(I)c(O)c1I, Oc1c(I)cc(I)c(O)c1I","XKFZYVWWXHCHIX-UHFFFAOYSA-N, XKFZYVWWXHCHIX-UHFFFAOYSA-N, XKFZYVWWXHCHIX-UHFFFAOYSA-N",Launched
ripasudil,rho associated kinase inhibitor,"ROCK1, ROCK2",ophthalmology,"glaucoma, ocular hypertension","MedChemEx, MedChemEx, MedChemEx, MedChemEx, MedChemEx, MedChemEx",98.73,"C[C@H]1CNCCCN1S(=O)(=O)c1cccc2cncc(F)c12, C[C@H]1CNCCCN1S(=O)(=O)c1cccc2cncc(F)c12, C[C@H]1CNCCCN1S(=O)(=O)c1cccc2cncc(F)c12, C[C@H]1CNCCCN1S(=O)(=O)c1cccc2cncc(F)c12, C[C@H]1CNCCCN1S(=O)(=O)c1cccc2cncc(F)c12, C[C@H]1CNCCCN1S(=O)(=O)c1cccc2cncc(F)c12","QSKQVZWVLOIIEV-NSHDSACASA-N, QSKQVZWVLOIIEV-NSHDSACASA-N, QSKQVZWVLOIIEV-NSHDSACASA-N, QSKQVZWVLOIIEV-NSHDSACASA-N, QSKQVZWVLOIIEV-NSHDSACASA-N, QSKQVZWVLOIIEV-NSHDSACASA-N",Launched
ripazepam,benzodiazepine receptor agonist,GABRA1,,,"Sigma, Sigma",99.45,"CCn1nc(C)c2NC(=O)CN=C(c12)c1ccccc1 |c:11|, CCn1nc(C)c2NC(=O)CN=C(c12)c1ccccc1 |c:11|","YFHYNLHGFKXAIQ-UHFFFAOYSA-N, YFHYNLHGFKXAIQ-UHFFFAOYSA-N",Phase 2
ripretinib,receptor tyrosine protein kinase inhibitor,,,,MedChemEx,95.43,CCn1c2cc(NC)ncc2cc(-c2cc(NC(=O)Nc3ccccc3)c(F)cc2Br)c1=O,CEFJVGZHQAGLHS-UHFFFAOYSA-N,Phase 3
risdiplam,RNA splicing inhibitor,,,,MedChemEx,56.36,Cc1cn2nc(cc(C)c2n1)-c1cc(=O)n2cc(ccc2n1)N1CCNC2(CC2)C1,ASKZRYGFUPSJPN-UHFFFAOYSA-N,Phase 2/Phase 3
risedronate,osteoclast inhibitor,FDPS,"orthopedics, endocrinology","osteoporosis, Paget's disease","MicroSource, Selleck, Selleck, Selleck, Selleck",0,"OC(Cc1cccnc1)(P(O)(O)=O)P(O)(O)=O, OC(Cc1cccnc1)(P(O)(O)=O)P(O)(O)=O, OC(Cc1cccnc1)(P(O)(O)=O)P(O)(O)=O, OC(Cc1cccnc1)(P(O)(O)=O)P(O)(O)=O, OC(Cc1cccnc1)(P(O)(O)=O)P(O)(O)=O","IIDJRNMFWXDHID-UHFFFAOYSA-N, IIDJRNMFWXDHID-UHFFFAOYSA-N, IIDJRNMFWXDHID-UHFFFAOYSA-N, IIDJRNMFWXDHID-UHFFFAOYSA-N, IIDJRNMFWXDHID-UHFFFAOYSA-N",Launched
rislenemdaz,ionotropic glutamate receptor antagonist,,,,MedChemEx,94.73,Cc1ccc(COC(=O)N2CC[C@H](CNc3ncccn3)[C@H](F)C2)cc1,RECBFDWSXWAXHY-IAGOWNOFSA-N,Preclinical
risperidone,"dopamine receptor antagonist, serotonin receptor antagonist","ADRA1A, ADRA1B, ADRA1D, ADRA2A, ADRA2B, ADRA2C, DRD1, DRD2, DRD3, DRD4, HRH1, HTR1A, HTR1B, HTR1D, HTR1E, HTR1F, HTR2A, HTR2C, HTR6, HTR7",neurology/psychiatry,"schizophrenia, bipolar disorder, irritability","MicroSource, Selleck",98.34,"Cc1nc2CCCCn2c(=O)c1CCN1CCC(CC1)c1noc2cc(F)ccc12, Cc1nc2CCCCn2c(=O)c1CCN1CCC(CC1)c1noc2cc(F)ccc12","RAPZEAPATHNIPO-UHFFFAOYSA-N, RAPZEAPATHNIPO-UHFFFAOYSA-N",Launched
RITA,MDM inhibitor,MDM2,,,"Selleck, Selleck, Selleck",87.3,"OCc1ccc(s1)-c1ccc(o1)-c1ccc(CO)s1, OCc1ccc(s1)-c1ccc(o1)-c1ccc(CO)s1, OCc1ccc(s1)-c1ccc(o1)-c1ccc(CO)s1","KZENBFUSKMWCJF-UHFFFAOYSA-N, KZENBFUSKMWCJF-UHFFFAOYSA-N, KZENBFUSKMWCJF-UHFFFAOYSA-N",Preclinical
ritanserin,serotonin receptor antagonist,"ADRA1A, ADRA1B, ADRA1D, HTR1A, HTR1B, HTR1D, HTR2A, HTR2B, HTR2C, HTR5A, HTR6, HTR7",,,"Tocris, Tocris, MicroSource, Tocris, Tocris, Tocris",98.51,"Cc1nc2sccn2c(=O)c1CCN1CCC(CC1)=C(c1ccc(F)cc1)c1ccc(F)cc1, Cc1nc2sccn2c(=O)c1CCN1CCC(CC1)=C(c1ccc(F)cc1)c1ccc(F)cc1, Cc1nc2sccn2c(=O)c1CCN1CCC(CC1)=C(c1ccc(F)cc1)c1ccc(F)cc1, Cc1nc2sccn2c(=O)c1CCN1CCC(CC1)=C(c1ccc(F)cc1)c1ccc(F)cc1, Cc1nc2sccn2c(=O)c1CCN1CCC(CC1)=C(c1ccc(F)cc1)c1ccc(F)cc1, Cc1nc2sccn2c(=O)c1CCN1CCC(CC1)=C(c1ccc(F)cc1)c1ccc(F)cc1","JUQLTPCYUFPYKE-UHFFFAOYSA-N, JUQLTPCYUFPYKE-UHFFFAOYSA-N, JUQLTPCYUFPYKE-UHFFFAOYSA-N, JUQLTPCYUFPYKE-UHFFFAOYSA-N, JUQLTPCYUFPYKE-UHFFFAOYSA-N, JUQLTPCYUFPYKE-UHFFFAOYSA-N",Phase 3
ritodrine,adrenergic receptor agonist,,obstetrics/gynecology,premature labor,"Selleck, Selleck, MedChemEx, MedChemEx",98.11,"C[C@@H](NCCc1ccc(O)cc1)[C@@H](O)c1ccc(O)cc1 |&1:1,12|, C[C@@H](NCCc1ccc(O)cc1)[C@@H](O)c1ccc(O)cc1 |&1:1,12|, C[C@@H](NCCc1ccc(O)cc1)[C@@H](O)c1ccc(O)cc1 |&1:1,12|, C[C@@H](NCCc1ccc(O)cc1)[C@@H](O)c1ccc(O)cc1 |&1:1,12|","IOVGROKTTNBUGK-SJKOYZFVSA-N, IOVGROKTTNBUGK-SJKOYZFVSA-N, IOVGROKTTNBUGK-SJKOYZFVSA-N, IOVGROKTTNBUGK-SJKOYZFVSA-N",Withdrawn
ritonavir,HIV protease inhibitor,"CYP1A2, CYP2B6, CYP2C19, CYP2C8, CYP2C9, CYP2D6, CYP2E1, CYP3A4, CYP3A5, CYP3A7",infectious disease,human immunodeficiency virus (HIV-1),"Selleck, Selleck, Selleck",98.16,"CC(C)[C@H](NC(=O)N(C)Cc1csc(n1)C(C)C)C(=O)N[C@H](C[C@H](O)[C@H](Cc1ccccc1)NC(=O)OCc1cncs1)Cc1ccccc1, CC(C)[C@H](NC(=O)N(C)Cc1csc(n1)C(C)C)C(=O)N[C@H](C[C@H](O)[C@H](Cc1ccccc1)NC(=O)OCc1cncs1)Cc1ccccc1, CC(C)[C@H](NC(=O)N(C)Cc1csc(n1)C(C)C)C(=O)N[C@H](C[C@H](O)[C@H](Cc1ccccc1)NC(=O)OCc1cncs1)Cc1ccccc1","NCDNCNXCDXHOMX-XGKFQTDJSA-N, NCDNCNXCDXHOMX-XGKFQTDJSA-N, NCDNCNXCDXHOMX-XGKFQTDJSA-N",Launched
rivanicline,acetylcholine receptor agonist,"CHRNA4, CHRNB2, CXCL8",,,"MedChemEx, Enzo",97.21,"CNCC\C=C\c1cccnc1, CNCC\C=C\c1cccnc1","JUOSGGQXEBBCJB-GORDUTHDSA-N, JUOSGGQXEBBCJB-GORDUTHDSA-N",Phase 2
rivaroxaban,coagulation factor inhibitor,F10,"neurology/psychiatry, hematology, cardiology","stroke, systemic embolism, atrial fibrillation (AF), deep vein thrombosis (DVT), pulmonary embolism (PE)","MicroSource, Selleck, Selleck",97.02,"Clc1ccc(s1)C(=O)NC[C@H]1CN(C(=O)O1)c1ccc(cc1)N1CCOCC1=O, Clc1ccc(s1)C(=O)NC[C@H]1CN(C(=O)O1)c1ccc(cc1)N1CCOCC1=O, Clc1ccc(s1)C(=O)NC[C@H]1CN(C(=O)O1)c1ccc(cc1)N1CCOCC1=O","KGFYHTZWPPHNLQ-AWEZNQCLSA-N, KGFYHTZWPPHNLQ-AWEZNQCLSA-N, KGFYHTZWPPHNLQ-AWEZNQCLSA-N",Launched
rivastigmine,acetylcholinesterase inhibitor,"ACHE, BCHE",neurology/psychiatry,"Alzheimer's disease, Parkinson's Disease, senile dementia","Tocris, MicroSource, MicroSource, MicroSource, Tocris, Selleck, Tocris",97.89,"CCN(C)C(=O)Oc1cccc(c1)[C@H](C)N(C)C, CCN(C)C(=O)Oc1cccc(c1)[C@H](C)N(C)C, CCN(C)C(=O)Oc1cccc(c1)[C@H](C)N(C)C, CCN(C)C(=O)Oc1cccc(c1)[C@H](C)N(C)C, CCN(C)C(=O)Oc1cccc(c1)[C@H](C)N(C)C, CCN(C)C(=O)Oc1cccc(c1)[C@H](C)N(C)C, CCN(C)C(=O)Oc1cccc(c1)[C@H](C)N(C)C","XSVMFMHYUFZWBK-NSHDSACASA-N, XSVMFMHYUFZWBK-NSHDSACASA-N, XSVMFMHYUFZWBK-NSHDSACASA-N, XSVMFMHYUFZWBK-NSHDSACASA-N, XSVMFMHYUFZWBK-NSHDSACASA-N, XSVMFMHYUFZWBK-NSHDSACASA-N, XSVMFMHYUFZWBK-NSHDSACASA-N",Launched
rizatriptan,serotonin receptor agonist,"HTR1A, HTR1B, HTR1D, HTR1E, HTR1F",neurology/psychiatry,migraine headache,"Tocris, MicroSource, Selleck, Selleck",93.99,"CN(C)CCc1c[nH]c2ccc(Cn3cncn3)cc12, CN(C)CCc1c[nH]c2ccc(Cn3cncn3)cc12, CN(C)CCc1c[nH]c2ccc(Cn3cncn3)cc12, CN(C)CCc1c[nH]c2ccc(Cn3cncn3)cc12","ULFRLSNUDGIQQP-UHFFFAOYSA-N, ULFRLSNUDGIQQP-UHFFFAOYSA-N, ULFRLSNUDGIQQP-UHFFFAOYSA-N, ULFRLSNUDGIQQP-UHFFFAOYSA-N",Launched
RKI-1447,rho associated kinase inhibitor,"CDC42BPA, DMPK, LIMK1, MYLK, PAK1, PKN1, ROCK1, ROCK2",,,"Tocris, Tocris, Selleck, Selleck",98.46,"Oc1cccc(CNC(=O)Nc2nc(cs2)-c2ccncc2)c1, Oc1cccc(CNC(=O)Nc2nc(cs2)-c2ccncc2)c1, Oc1cccc(CNC(=O)Nc2nc(cs2)-c2ccncc2)c1, Oc1cccc(CNC(=O)Nc2nc(cs2)-c2ccncc2)c1","GDVRVPIXWXOKQO-UHFFFAOYSA-N, GDVRVPIXWXOKQO-UHFFFAOYSA-N, GDVRVPIXWXOKQO-UHFFFAOYSA-N, GDVRVPIXWXOKQO-UHFFFAOYSA-N",Preclinical
RLX,,,,,"Vitas-M, Vitas-M",95.72,"O=c1n2CCCCCc2nc2ccccc12, O=c1n2CCCCCc2nc2ccccc12","HTLIIBRHXAULMB-UHFFFAOYSA-N, HTLIIBRHXAULMB-UHFFFAOYSA-N",Preclinical
RMC-4550,SHIP2 phosphatase inhibitor,,,,"MedChemEx, MedChemEx",96.25,"C[C@@H]1OCC2(CCN(CC2)c2nc(C)c(nc2CO)-c2cccc(Cl)c2Cl)[C@@H]1N, C[C@@H]1OCC2(CCN(CC2)c2nc(C)c(nc2CO)-c2cccc(Cl)c2Cl)[C@@H]1N","IKUYEYLZXGGCRD-ORAYPTAESA-N, IKUYEYLZXGGCRD-ORAYPTAESA-N",Preclinical
RN-1,histone demethylase inhibitor,KDM1A,,,"Tocris, Tocris",96.56,"CN1CCN(CC1)C(=O)CN[C@@H]1C[C@H]1c1ccc(OCc2ccccc2)cc1, CN1CCN(CC1)C(=O)CN[C@@H]1C[C@H]1c1ccc(OCc2ccccc2)cc1","YAMSXCOVJUUMCT-FCHUYYIVSA-N, YAMSXCOVJUUMCT-FCHUYYIVSA-N",Preclinical
RN-1734,TRPV antagonist,TRPV4,,,"Tocris, Tocris, Tocris, Tocris, Tocris, Tocris, Tocris",94.74,"CC(C)NCCN(C(C)C)S(=O)(=O)c1ccc(Cl)cc1Cl, CC(C)NCCN(C(C)C)S(=O)(=O)c1ccc(Cl)cc1Cl, CC(C)NCCN(C(C)C)S(=O)(=O)c1ccc(Cl)cc1Cl, CC(C)NCCN(C(C)C)S(=O)(=O)c1ccc(Cl)cc1Cl, CC(C)NCCN(C(C)C)S(=O)(=O)c1ccc(Cl)cc1Cl, CC(C)NCCN(C(C)C)S(=O)(=O)c1ccc(Cl)cc1Cl, CC(C)NCCN(C(C)C)S(=O)(=O)c1ccc(Cl)cc1Cl","IHYZMEAZAIFMTN-UHFFFAOYSA-N, IHYZMEAZAIFMTN-UHFFFAOYSA-N, IHYZMEAZAIFMTN-UHFFFAOYSA-N, IHYZMEAZAIFMTN-UHFFFAOYSA-N, IHYZMEAZAIFMTN-UHFFFAOYSA-N, IHYZMEAZAIFMTN-UHFFFAOYSA-N, IHYZMEAZAIFMTN-UHFFFAOYSA-N",Preclinical
RN-1747,TRPV agonist,TRPV4,,,"Tocris, Tocris, Tocris, Tocris",96.7,"[O-][N+](=O)c1cc(Cl)ccc1S(=O)(=O)N1CCN(Cc2ccccc2)CC1, [O-][N+](=O)c1cc(Cl)ccc1S(=O)(=O)N1CCN(Cc2ccccc2)CC1, [O-][N+](=O)c1cc(Cl)ccc1S(=O)(=O)N1CCN(Cc2ccccc2)CC1, [O-][N+](=O)c1cc(Cl)ccc1S(=O)(=O)N1CCN(Cc2ccccc2)CC1","ZNLVYSJQUMALEO-UHFFFAOYSA-N, ZNLVYSJQUMALEO-UHFFFAOYSA-N, ZNLVYSJQUMALEO-UHFFFAOYSA-N, ZNLVYSJQUMALEO-UHFFFAOYSA-N",Preclinical
Ro-04-5595,glutamate receptor antagonist,GRIN2B,,,"Tocris, Tocris, Tocris",94.07,"COc1cc2CCN(C)[C@@H](CCc3ccc(Cl)cc3)c2cc1O |&1:9|, COc1cc2CCN(C)[C@@H](CCc3ccc(Cl)cc3)c2cc1O |&1:9|, COc1cc2CCN(C)[C@@H](CCc3ccc(Cl)cc3)c2cc1O |&1:9|","DSTWURHEHMZWEI-KRWDZBQOSA-N, DSTWURHEHMZWEI-KRWDZBQOSA-N, DSTWURHEHMZWEI-KRWDZBQOSA-N",Preclinical
Ro-08-2750,NGF binding inhibitor,"NGF, NGFR",,,"Tocris, Tocris, Tocris",96.19,"Cc1cc2nc3c(nc(=O)[nH]c3=O)n(C)c2cc1C=O, Cc1cc2nc3c(nc(=O)[nH]c3=O)n(C)c2cc1C=O, Cc1cc2nc3c(nc(=O)[nH]c3=O)n(C)c2cc1C=O","JDEMVNYMYPJJIM-UHFFFAOYSA-N, JDEMVNYMYPJJIM-UHFFFAOYSA-N, JDEMVNYMYPJJIM-UHFFFAOYSA-N",Preclinical
Ro-10-5824,dopamine receptor agonist,DRD4,,,"Tocris, Tocris, Tocris, Tocris",93.04,"Cc1ncc(CN2CCC(=CC2)c2ccccc2)c(N)n1 |c:9|, Cc1ncc(CN2CCC(=CC2)c2ccccc2)c(N)n1 |c:9|, Cc1ncc(CN2CCC(=CC2)c2ccccc2)c(N)n1 |c:9|, Cc1ncc(CN2CCC(=CC2)c2ccccc2)c(N)n1 |c:9|","KABDATZAOUSYES-UHFFFAOYSA-N, KABDATZAOUSYES-UHFFFAOYSA-N, KABDATZAOUSYES-UHFFFAOYSA-N, KABDATZAOUSYES-UHFFFAOYSA-N",Preclinical
Ro-106-9920,NFkB pathway inhibitor,,,,"Tocris, Tocris, Tocris, Tocris, Tocris, Tocris, Tocris, Tocris, Tocris",94.47,"O=[S@@](c1ccccc1)c1ccc2nnnn2n1 |&1:1,r|, O=[S@@](c1ccccc1)c1ccc2nnnn2n1 |&1:1,r|, O=[S@@](c1ccccc1)c1ccc2nnnn2n1 |&1:1,r|, O=[S@@](c1ccccc1)c1ccc2nnnn2n1 |&1:1,r|, O=[S@@](c1ccccc1)c1ccc2nnnn2n1 |&1:1,r|, O=[S@@](c1ccccc1)c1ccc2nnnn2n1 |&1:1,r|, O=[S@@](c1ccccc1)c1ccc2nnnn2n1 |&1:1,r|, O=[S@@](c1ccccc1)c1ccc2nnnn2n1 |&1:1,r|, O=[S@@](c1ccccc1)c1ccc2nnnn2n1 |&1:1,r|","JFSXSNSCPNFCDM-KRWDZBQOSA-N, JFSXSNSCPNFCDM-KRWDZBQOSA-N, JFSXSNSCPNFCDM-KRWDZBQOSA-N, JFSXSNSCPNFCDM-KRWDZBQOSA-N, JFSXSNSCPNFCDM-KRWDZBQOSA-N, JFSXSNSCPNFCDM-KRWDZBQOSA-N, JFSXSNSCPNFCDM-KRWDZBQOSA-N, JFSXSNSCPNFCDM-KRWDZBQOSA-N, JFSXSNSCPNFCDM-KRWDZBQOSA-N",Preclinical
Ro-1138452,prostanoid receptor antagonist,PTGIR,,,"Tocris, Tocris, Tocris, Tocris",96.69,"CC(C)Oc1ccc(Cc2ccc(NC3=NCCN3)cc2)cc1 |t:14|, CC(C)Oc1ccc(Cc2ccc(NC3=NCCN3)cc2)cc1 |t:14|, CC(C)Oc1ccc(Cc2ccc(NC3=NCCN3)cc2)cc1 |t:14|, CC(C)Oc1ccc(Cc2ccc(NC3=NCCN3)cc2)cc1 |t:14|","GYYRMJMXXLJZAB-UHFFFAOYSA-N, GYYRMJMXXLJZAB-UHFFFAOYSA-N, GYYRMJMXXLJZAB-UHFFFAOYSA-N, GYYRMJMXXLJZAB-UHFFFAOYSA-N",Preclinical
Ro-15-4513,GABA benzodiazepine site receptor inverse agonist,"GABRA1, GABRA2, GABRA3, GABRA4, GABRA5, GABRA6, GABRB2, GABRG2",,,"Tocris, Tocris",94.05,"CCOC(=O)c1ncn-2c1CN(C)C(=O)c1cc(ccc-21)N=[N+]=[N-], CCOC(=O)c1ncn-2c1CN(C)C(=O)c1cc(ccc-21)N=[N+]=[N-]","CFSOJZTUTOQNIA-UHFFFAOYSA-N, CFSOJZTUTOQNIA-UHFFFAOYSA-N",Preclinical
Ro-19-4605,GABA benzodiazepine site receptor inverse agonist,"GABRA1, GABRA2, GABRA3, GABRA5",,,"Tocris, Tocris, Tocris, Tocris",98.3,"CN1Cc2c(ncn2-c2ccsc2C1=O)C(=O)OC(C)(C)C, CN1Cc2c(ncn2-c2ccsc2C1=O)C(=O)OC(C)(C)C, CN1Cc2c(ncn2-c2ccsc2C1=O)C(=O)OC(C)(C)C, CN1Cc2c(ncn2-c2ccsc2C1=O)C(=O)OC(C)(C)C","ZIGMMUKDYCABPW-UHFFFAOYSA-N, ZIGMMUKDYCABPW-UHFFFAOYSA-N, ZIGMMUKDYCABPW-UHFFFAOYSA-N, ZIGMMUKDYCABPW-UHFFFAOYSA-N",Preclinical
Ro-20-1724,phosphodiesterase inhibitor,"PDE3A, PDE4A, PDE4B, PDE4C, PDE4D",,,"Tocris, Tocris, Tocris, Tocris, Tocris",98.13,"CCCCOc1cc(C[C@H]2CNC(=O)N2)ccc1OC |&1:9,r|, CCCCOc1cc(C[C@H]2CNC(=O)N2)ccc1OC |&1:9,r|, CCCCOc1cc(C[C@H]2CNC(=O)N2)ccc1OC |&1:9,r|, CCCCOc1cc(C[C@H]2CNC(=O)N2)ccc1OC |&1:9,r|, CCCCOc1cc(C[C@H]2CNC(=O)N2)ccc1OC |&1:9,r|","PDMUULPVBYQBBK-LBPRGKRZSA-N, PDMUULPVBYQBBK-LBPRGKRZSA-N, PDMUULPVBYQBBK-LBPRGKRZSA-N, PDMUULPVBYQBBK-LBPRGKRZSA-N, PDMUULPVBYQBBK-LBPRGKRZSA-N",Preclinical
Ro-25-6981,"glutamate receptor antagonist, monamine transporter modulator",GRIN2B,,,"Tocris, Tocris, Tocris, Tocris",97.03,"C[C@@H](CN1CCC(Cc2ccccc2)CC1)[C@@H](O)c1ccc(O)cc1, C[C@@H](CN1CCC(Cc2ccccc2)CC1)[C@@H](O)c1ccc(O)cc1, C[C@@H](CN1CCC(Cc2ccccc2)CC1)[C@@H](O)c1ccc(O)cc1, C[C@@H](CN1CCC(Cc2ccccc2)CC1)[C@@H](O)c1ccc(O)cc1","WVZSEUPGUDIELE-HTAPYJJXSA-N, WVZSEUPGUDIELE-HTAPYJJXSA-N, WVZSEUPGUDIELE-HTAPYJJXSA-N, WVZSEUPGUDIELE-HTAPYJJXSA-N",Preclinical
Ro-28-1675,glucokinase activator,GCK,,,MedChemEx,99.65,CS(=O)(=O)c1ccc(cc1)[C@@H](CC1CCCC1)C(=O)Nc1nccs1,NEQSWPCDHDQINX-MRXNPFEDSA-N,Preclinical
Ro-3,purinergic receptor antagonist,P2RX3,,,"Tocris, Tocris, Tocris, Tocris",97.4,"COc1cc(Cc2cnc(N)nc2N)c(cc1OC)C(C)C, COc1cc(Cc2cnc(N)nc2N)c(cc1OC)C(C)C, COc1cc(Cc2cnc(N)nc2N)c(cc1OC)C(C)C, COc1cc(Cc2cnc(N)nc2N)c(cc1OC)C(C)C","PYNPWUIBJMVRIG-UHFFFAOYSA-N, PYNPWUIBJMVRIG-UHFFFAOYSA-N, PYNPWUIBJMVRIG-UHFFFAOYSA-N, PYNPWUIBJMVRIG-UHFFFAOYSA-N",Preclinical
Ro-3306,CDK inhibitor,CDK1,,,"Tocris, Tocris, Tocris",95.74,"O=C1N=C(NCc2cccs2)S\C1=C/c1ccc2ncccc2c1 |t:2|, O=C1N=C(NCc2cccs2)S\C1=C/c1ccc2ncccc2c1 |t:2|, O=C1N=C(NCc2cccs2)S\C1=C/c1ccc2ncccc2c1 |t:2|","XOLMRFUGOINFDQ-YBEGLDIGSA-N, XOLMRFUGOINFDQ-YBEGLDIGSA-N, XOLMRFUGOINFDQ-YBEGLDIGSA-N",Preclinical
Ro-48-6791,GABA receptor modulator,,,,Astatech,92.98,CCCN(CCC)Cc1nc(no1)-c1ncn-2c1CN(C)C(=O)c1cc(F)ccc-21,NOQIYRGMEFBZTI-UHFFFAOYSA-N,Preclinical
Ro-48-8071,oxidosqualene cyclase inhibitor,LSS,,,"Tocris, Tocris, MedChemEx",96.64,"CN(CCCCCCOc1ccc(C(=O)c2ccc(Br)cc2)c(F)c1)CC=C, CN(CCCCCCOc1ccc(C(=O)c2ccc(Br)cc2)c(F)c1)CC=C, CN(CCCCCCOc1ccc(C(=O)c2ccc(Br)cc2)c(F)c1)CC=C","CMYCCJYVZIMDFU-UHFFFAOYSA-N, CMYCCJYVZIMDFU-UHFFFAOYSA-N, CMYCCJYVZIMDFU-UHFFFAOYSA-N",Preclinical
Ro-4987655,MEK inhibitor,MAP2K1,,,"MedChemEx, MedChemEx, MedChemEx",97.43,"OCCONC(=O)c1cc(CN2OCCCC2=O)c(F)c(F)c1Nc1ccc(I)cc1F, OCCONC(=O)c1cc(CN2OCCCC2=O)c(F)c(F)c1Nc1ccc(I)cc1F, OCCONC(=O)c1cc(CN2OCCCC2=O)c(F)c(F)c1Nc1ccc(I)cc1F","FIMYFEGKMOCQKT-UHFFFAOYSA-N, FIMYFEGKMOCQKT-UHFFFAOYSA-N, FIMYFEGKMOCQKT-UHFFFAOYSA-N",Phase 1
Ro-5028442,vasopressin receptor antagonist,,,,MedChemEx,99.2,CN(C)CCn1cc(C(=O)N2CCC3(CC2)OCc2ccccc32)c2ccc(Cl)cc12,QZXVLRCMAHJVIP-UHFFFAOYSA-N,Phase 1
Ro-5126766,"MEK inhibitor, RAF inhibitor","BRAF, MAP2K1, MAP2K2, RAF1",,,"MedChemEx, Selleck, MedChemEx",96.39,"CNS(=O)(=O)Nc1nccc(Cc2c(C)c3ccc(Oc4ncccn4)cc3oc2=O)c1F, CNS(=O)(=O)Nc1nccc(Cc2c(C)c3ccc(Oc4ncccn4)cc3oc2=O)c1F, CNS(=O)(=O)Nc1nccc(Cc2c(C)c3ccc(Oc4ncccn4)cc3oc2=O)c1F","LMMJFBMMJUMSJS-UHFFFAOYSA-N, LMMJFBMMJUMSJS-UHFFFAOYSA-N, LMMJFBMMJUMSJS-UHFFFAOYSA-N",Phase 1
Ro-5263397,trace amine associated receptor agonist,,,,Sigma,83.41,Cc1c(F)cccc1[C@H]1COC(N)=N1 |c:13|,IOHOUWIYOVWGHV-SECBINFHSA-N,Preclinical
Ro-60-0175,serotonin receptor agonist,"HTR2A, HTR2B, HTR2C",,,"Tocris, Tocris, Tocris, Tocris, Tocris",95.35,"C[C@H](N)Cn1ccc2cc(F)c(Cl)cc12, C[C@H](N)Cn1ccc2cc(F)c(Cl)cc12, C[C@H](N)Cn1ccc2cc(F)c(Cl)cc12, C[C@H](N)Cn1ccc2cc(F)c(Cl)cc12, C[C@H](N)Cn1ccc2cc(F)c(Cl)cc12","XJJZQXUGLLXTHO-ZETCQYMHSA-N, XJJZQXUGLLXTHO-ZETCQYMHSA-N, XJJZQXUGLLXTHO-ZETCQYMHSA-N, XJJZQXUGLLXTHO-ZETCQYMHSA-N, XJJZQXUGLLXTHO-ZETCQYMHSA-N",Preclinical
Ro-61-8048,kynurenine 3-monooxygenase inhibitor,KMO,,,"Tocris, MedChemEx, Tocris",98.09,"COc1ccc(cc1OC)S(=O)(=O)Nc1nc(cs1)-c1cccc(c1)[N+]([O-])=O, COc1ccc(cc1OC)S(=O)(=O)Nc1nc(cs1)-c1cccc(c1)[N+]([O-])=O, COc1ccc(cc1OC)S(=O)(=O)Nc1nc(cs1)-c1cccc(c1)[N+]([O-])=O","NDPBMCKQJOZAQX-UHFFFAOYSA-N, NDPBMCKQJOZAQX-UHFFFAOYSA-N, NDPBMCKQJOZAQX-UHFFFAOYSA-N",Preclinical
Ro-67-7476,glutamate receptor positive allosteric modulator,GRM1,,,"Tocris, Tocris",93.68,"Cc1ccc(cc1)S(=O)(=O)N1CCC[C@H]1c1ccc(F)cc1, Cc1ccc(cc1)S(=O)(=O)N1CCC[C@H]1c1ccc(F)cc1","DAEHFYNGSSBGSS-KRWDZBQOSA-N, DAEHFYNGSSBGSS-KRWDZBQOSA-N",Preclinical
Ro-90-7501,beta amyloid protein neurotoxicity inhibitor,APP,,,"Tocris, Tocris, Tocris, Tocris",90.66,"Nc1ccc(cc1)-c1nc2ccc(cc2[nH]1)-c1nc2ccc(N)cc2[nH]1, Nc1ccc(cc1)-c1nc2ccc(cc2[nH]1)-c1nc2ccc(N)cc2[nH]1, Nc1ccc(cc1)-c1nc2ccc(cc2[nH]1)-c1nc2ccc(N)cc2[nH]1, Nc1ccc(cc1)-c1nc2ccc(cc2[nH]1)-c1nc2ccc(N)cc2[nH]1","PAGZCEHLFCJSPV-UHFFFAOYSA-N, PAGZCEHLFCJSPV-UHFFFAOYSA-N, PAGZCEHLFCJSPV-UHFFFAOYSA-N, PAGZCEHLFCJSPV-UHFFFAOYSA-N",Preclinical
Ro-9187,HCV inhibitor,,,,"MedChemEx, MedChemEx, MedChemEx",98.91,"Nc1ccn([C@@H]2O[C@@](CO)(N=[N+]=[N-])[C@@H](O)[C@@H]2O)c(=O)n1, Nc1ccn([C@@H]2O[C@@](CO)(N=[N+]=[N-])[C@@H](O)[C@@H]2O)c(=O)n1, Nc1ccn([C@@H]2O[C@@](CO)(N=[N+]=[N-])[C@@H](O)[C@@H]2O)c(=O)n1","ODLGMSQBFONGNG-XZMZPDFPSA-N, ODLGMSQBFONGNG-XZMZPDFPSA-N, ODLGMSQBFONGNG-XZMZPDFPSA-N",Preclinical
robalzotan,serotonin receptor antagonist,HTR1A,,,"Tocris, Tocris, Tocris",95.29,"NC(=O)c1ccc(F)c2OC[C@@H](Cc12)N(C1CCC1)C1CCC1, NC(=O)c1ccc(F)c2OC[C@@H](Cc12)N(C1CCC1)C1CCC1, NC(=O)c1ccc(F)c2OC[C@@H](Cc12)N(C1CCC1)C1CCC1","MQTUXRKNJYPMCG-CYBMUJFWSA-N, MQTUXRKNJYPMCG-CYBMUJFWSA-N, MQTUXRKNJYPMCG-CYBMUJFWSA-N",Phase 2
roblitinib,FGFR inhibitor,,,,MedChemEx,94.87,COCCNc1cc(NC(=O)N2CCCc3cc(CN4CCN(C)CC4=O)c(C=O)nc23)ncc1C#N,BHKDKKZMPODMIQ-UHFFFAOYSA-N,Preclinical
rociletinib,EGFR inhibitor,EGFR,,,"Selleck, Selleck, Selleck, Selleck, Selleck, Selleck, Selleck, Selleck, Selleck, Selleck, Selleck, Selleck",98.92,"COc1cc(ccc1Nc1ncc(c(Nc2cccc(NC(=O)C=C)c2)n1)C(F)(F)F)N1CCN(CC1)C(C)=O, COc1cc(ccc1Nc1ncc(c(Nc2cccc(NC(=O)C=C)c2)n1)C(F)(F)F)N1CCN(CC1)C(C)=O, COc1cc(ccc1Nc1ncc(c(Nc2cccc(NC(=O)C=C)c2)n1)C(F)(F)F)N1CCN(CC1)C(C)=O, COc1cc(ccc1Nc1ncc(c(Nc2cccc(NC(=O)C=C)c2)n1)C(F)(F)F)N1CCN(CC1)C(C)=O, COc1cc(ccc1Nc1ncc(c(Nc2cccc(NC(=O)C=C)c2)n1)C(F)(F)F)N1CCN(CC1)C(C)=O, COc1cc(ccc1Nc1ncc(c(Nc2cccc(NC(=O)C=C)c2)n1)C(F)(F)F)N1CCN(CC1)C(C)=O, COc1cc(ccc1Nc1ncc(c(Nc2cccc(NC(=O)C=C)c2)n1)C(F)(F)F)N1CCN(CC1)C(C)=O, COc1cc(ccc1Nc1ncc(c(Nc2cccc(NC(=O)C=C)c2)n1)C(F)(F)F)N1CCN(CC1)C(C)=O, COc1cc(ccc1Nc1ncc(c(Nc2cccc(NC(=O)C=C)c2)n1)C(F)(F)F)N1CCN(CC1)C(C)=O, COc1cc(ccc1Nc1ncc(c(Nc2cccc(NC(=O)C=C)c2)n1)C(F)(F)F)N1CCN(CC1)C(C)=O, COc1cc(ccc1Nc1ncc(c(Nc2cccc(NC(=O)C=C)c2)n1)C(F)(F)F)N1CCN(CC1)C(C)=O, COc1cc(ccc1Nc1ncc(c(Nc2cccc(NC(=O)C=C)c2)n1)C(F)(F)F)N1CCN(CC1)C(C)=O","HUFOZJXAKZVRNJ-UHFFFAOYSA-N, HUFOZJXAKZVRNJ-UHFFFAOYSA-N, HUFOZJXAKZVRNJ-UHFFFAOYSA-N, HUFOZJXAKZVRNJ-UHFFFAOYSA-N, HUFOZJXAKZVRNJ-UHFFFAOYSA-N, InChI=1S/C27H28F3N7O3/c1-4-24(39)32-18-6-5-7-19(14-18)33-25-21(27(28,29)30)16-31-26(35-25)34-22-9-8-20(15-23(22)40-3)37-12-10-36(11-13-37)17(2)38/h4-9,14-16H,1,10-13H2,2-3H3,(H,32,39)(H2,31,33,34,35), InChI=1S/C27H28F3N7O3/c1-4-24(39)32-18-6-5-7-19(14-18)33-25-21(27(28,29)30)16-31-26(35-25)34-22-9-8-20(15-23(22)40-3)37-12-10-36(11-13-37)17(2)38/h4-9,14-16H,1,10-13H2,2-3H3,(H,32,39)(H2,31,33,34,35), InChI=1S/C27H28F3N7O3/c1-4-24(39)32-18-6-5-7-19(14-18)33-25-21(27(28,29)30)16-31-26(35-25)34-22-9-8-20(15-23(22)40-3)37-12-10-36(11-13-37)17(2)38/h4-9,14-16H,1,10-13H2,2-3H3,(H,32,39)(H2,31,33,34,35), InChI=1S/C27H28F3N7O3/c1-4-24(39)32-18-6-5-7-19(14-18)33-25-21(27(28,29)30)16-31-26(35-25)34-22-9-8-20(15-23(22)40-3)37-12-10-36(11-13-37)17(2)38/h4-9,14-16H,1,10-13H2,2-3H3,(H,32,39)(H2,31,33,34,35), InChI=1S/C27H28F3N7O3/c1-4-24(39)32-18-6-5-7-19(14-18)33-25-21(27(28,29)30)16-31-26(35-25)34-22-9-8-20(15-23(22)40-3)37-12-10-36(11-13-37)17(2)38/h4-9,14-16H,1,10-13H2,2-3H3,(H,32,39)(H2,31,33,34,35), InChI=1S/C27H28F3N7O3/c1-4-24(39)32-18-6-5-7-19(14-18)33-25-21(27(28,29)30)16-31-26(35-25)34-22-9-8-20(15-23(22)40-3)37-12-10-36(11-13-37)17(2)38/h4-9,14-16H,1,10-13H2,2-3H3,(H,32,39)(H2,31,33,34,35), InChI=1S/C27H28F3N7O3/c1-4-24(39)32-18-6-5-7-19(14-18)33-25-21(27(28,29)30)16-31-26(35-25)34-22-9-8-20(15-23(22)40-3)37-12-10-36(11-13-37)17(2)38/h4-9,14-16H,1,10-13H2,2-3H3,(H,32,39)(H2,31,33,34,35)",Phase 3
rocuronium,acetylcholine receptor antagonist,"CHRM2, CHRNA2, HTR3A",neurology/psychiatry,anesthetic,"MicroSource, MicroSource, Selleck",100,"CC(=O)O[C@H]1[C@H](C[C@H]2[C@@H]3CC[C@H]4C[C@H](O)[C@H](C[C@]4(C)[C@H]3CC[C@]12C)N1CCOCC1)[N+]1(CC=C)CCCC1, CC(=O)O[C@H]1[C@H](C[C@H]2[C@@H]3CC[C@H]4C[C@H](O)[C@H](C[C@]4(C)[C@H]3CC[C@]12C)N1CCOCC1)[N+]1(CC=C)CCCC1, CC(=O)O[C@H]1[C@H](C[C@H]2[C@@H]3CC[C@H]4C[C@H](O)[C@H](C[C@]4(C)[C@H]3CC[C@]12C)N1CCOCC1)[N+]1(CC=C)CCCC1","YXRDKMPIGHSVRX-OOJCLDBCSA-N, YXRDKMPIGHSVRX-OOJCLDBCSA-N, YXRDKMPIGHSVRX-OOJCLDBCSA-N",Launched
rofecoxib,cyclooxygenase inhibitor,"ELN, PTGS2",,,"MicroSource, MedChemEx, MedChemEx, Sigma, Selleck, Selleck",98.36,"CS(=O)(=O)c1ccc(cc1)C1=C(C(=O)OC1)c1ccccc1 |t:11|, CS(=O)(=O)c1ccc(cc1)C1=C(C(=O)OC1)c1ccccc1 |t:11|, CS(=O)(=O)c1ccc(cc1)C1=C(C(=O)OC1)c1ccccc1 |t:11|, CS(=O)(=O)c1ccc(cc1)C1=C(C(=O)OC1)c1ccccc1 |t:11|, CS(=O)(=O)c1ccc(cc1)C1=C(C(=O)OC1)c1ccccc1 |t:11|, CS(=O)(=O)c1ccc(cc1)C1=C(C(=O)OC1)c1ccccc1 |t:11|","RZJQGNCSTQAWON-UHFFFAOYSA-N, RZJQGNCSTQAWON-UHFFFAOYSA-N, RZJQGNCSTQAWON-UHFFFAOYSA-N, RZJQGNCSTQAWON-UHFFFAOYSA-N, RZJQGNCSTQAWON-UHFFFAOYSA-N, RZJQGNCSTQAWON-UHFFFAOYSA-N",Withdrawn
roflumilast,phosphodiesterase inhibitor,"PDE4A, PDE4B, PDE4C, PDE4D",pulmonary,"chronic obstructive pulmonary disease (COPD), bronchitis","Selleck, Selleck",99.14,"FC(F)Oc1ccc(cc1OCC1CC1)C(=O)Nc1c(Cl)cncc1Cl, FC(F)Oc1ccc(cc1OCC1CC1)C(=O)Nc1c(Cl)cncc1Cl","MNDBXUUTURYVHR-UHFFFAOYSA-N, MNDBXUUTURYVHR-UHFFFAOYSA-N",Launched
rogaratinib,FGFR inhibitor,,,,MedChemEx,96.76,COCc1c(CN2CCNC(=O)C2)n2ncnc(N)c2c1-c1cc2cc(C)cc(OC)c2s1,HNLRRJSKGXOYNO-UHFFFAOYSA-N,Phase 2/Phase 3
rolapitant,neurokinin receptor antagonist,,,,MedChemEx,94.98,[H][C@](C)(OC[C@]1(CC[C@]2(CCC(=O)N2)CN1)c1ccccc1)c1cc(cc(c1)C(F)(F)F)C(F)(F)F,FIVSJYGQAIEMOC-ZGNKEGEESA-N,Phase 3
rolipram,phosphodiesterase inhibitor,,,,"Tocris, MicroSource, MicroSource, Tocris, Selleck",98.11,"COc1ccc(cc1OC1CCCC1)[C@H]1CNC(=O)C1 |&1:14,r|, COc1ccc(cc1OC1CCCC1)[C@H]1CNC(=O)C1 |&1:14,r|, COc1ccc(cc1OC1CCCC1)[C@H]1CNC(=O)C1 |&1:14,r|, COc1ccc(cc1OC1CCCC1)[C@H]1CNC(=O)C1 |&1:14,r|, COc1ccc(cc1OC1CCCC1)[C@H]1CNC(=O)C1 |&1:14,r|","HJORMJIFDVBMOB-GFCCVEGCSA-N, HJORMJIFDVBMOB-GFCCVEGCSA-N, HJORMJIFDVBMOB-GFCCVEGCSA-N, HJORMJIFDVBMOB-GFCCVEGCSA-N, HJORMJIFDVBMOB-GFCCVEGCSA-N",Phase 3
rolitetracycline,bacterial 30S ribosomal subunit inhibitor,,infectious disease,"gram-negative bacterial infections, gram-positive bacterial infections","MicroSource, Selleck, Selleck, Selleck",2.99,"CN(C)[C@H]1[C@@H]2C[C@H]3C(=C(O)[C@]2(O)C(O)=C(C(=O)NCN2CCCC2)C1=O)C(=O)c1c(O)cccc1[C@@]3(C)O |a:3,4,6,10,35,&1:7,&2:14,t:7,14|, CN(C)[C@H]1[C@@H]2C[C@H]3C(=C(O)[C@]2(O)C(O)=C(C(=O)NCN2CCCC2)C1=O)C(=O)c1c(O)cccc1[C@@]3(C)O |a:3,4,6,10,35,&1:7,&2:14,t:7,14|, CN(C)[C@H]1[C@@H]2C[C@H]3C(=C(O)[C@]2(O)C(O)=C(C(=O)NCN2CCCC2)C1=O)C(=O)c1c(O)cccc1[C@@]3(C)O |a:3,4,6,10,35,&1:7,&2:14,t:7,14|, CN(C)[C@H]1[C@@H]2C[C@H]3C(=C(O)[C@]2(O)C(O)=C(C(=O)NCN2CCCC2)C1=O)C(=O)c1c(O)cccc1[C@@]3(C)O |a:3,4,6,10,35,&1:7,&2:14,t:7,14|","YEHCEZXUSLIKDU-IAHYZSEUSA-N, YEHCEZXUSLIKDU-IAHYZSEUSA-N, YEHCEZXUSLIKDU-IAHYZSEUSA-N, YEHCEZXUSLIKDU-IAHYZSEUSA-N",Launched
roluperidone,,,,,MedChemEx,100,Fc1ccc(cc1)C(=O)CN1CCC(CN2Cc3ccccc3C2=O)CC1,RNRYULFRLCBRQS-UHFFFAOYSA-N,Phase 2
rolziracetam,,,,,Sigma,97.8,O=C1CCC2CCC(=O)N12,IEZDOKQWPWZVQF-UHFFFAOYSA-N,Phase 2
romidepsin,HDAC inhibitor,"HDAC1, HDAC2, HDAC3, HDAC4, HDAC5, HDAC6, HDAC7, HDAC8, HDAC9",hematologic malignancy,cutaneous T-cell lymphoma (CTCL),"MedChemEx, MedChemEx, MedChemEx, MedChemEx, Selleck, Selleck, Selleck",98.84,"C\C=C1/NC(=O)[C@H]2CSSCC\C=C\[C@H](CC(=O)N[C@H](C(C)C)C(=O)N2)OC(=O)[C@@H](NC1=O)C(C)C |t:12|, C\C=C1/NC(=O)[C@H]2CSSCC\C=C\[C@H](CC(=O)N[C@H](C(C)C)C(=O)N2)OC(=O)[C@@H](NC1=O)C(C)C |t:12|, C\C=C1/NC(=O)[C@H]2CSSCC\C=C\[C@H](CC(=O)N[C@H](C(C)C)C(=O)N2)OC(=O)[C@@H](NC1=O)C(C)C |t:12|, C\C=C1/NC(=O)[C@H]2CSSCC\C=C\[C@H](CC(=O)N[C@H](C(C)C)C(=O)N2)OC(=O)[C@@H](NC1=O)C(C)C |t:12|, C\C=C1/NC(=O)[C@H]2CSSCC\C=C\[C@H](CC(=O)N[C@H](C(C)C)C(=O)N2)OC(=O)[C@@H](NC1=O)C(C)C |t:12|, C\C=C1/NC(=O)[C@H]2CSSCC\C=C\[C@H](CC(=O)N[C@H](C(C)C)C(=O)N2)OC(=O)[C@@H](NC1=O)C(C)C |t:12|, C\C=C1/NC(=O)[C@H]2CSSCC\C=C\[C@H](CC(=O)N[C@H](C(C)C)C(=O)N2)OC(=O)[C@@H](NC1=O)C(C)C |t:12|","OHRURASPPZQGQM-WDCUYUQDSA-N, OHRURASPPZQGQM-WDCUYUQDSA-N, OHRURASPPZQGQM-WDCUYUQDSA-N, OHRURASPPZQGQM-WDCUYUQDSA-N, InChI=1S/C24H36N4O6S2/c1-6-16-21(30)28-20(14(4)5)24(33)34-15-9-7-8-10-35-36-12-17(22(31)25-16)26-23(32)19(13(2)3)27-18(29)11-15/h6-7,9,13-15,17,19-20H,8,10-12H2,1-5H3,(H,25,31)(H,26,32)(H,27,29)(H,28,30)/b9-7+,16-6-/t15-,17-,19-,20?/m1/s1, InChI=1S/C24H36N4O6S2/c1-6-16-21(30)28-20(14(4)5)24(33)34-15-9-7-8-10-35-36-12-17(22(31)25-16)26-23(32)19(13(2)3)27-18(29)11-15/h6-7,9,13-15,17,19-20H,8,10-12H2,1-5H3,(H,25,31)(H,26,32)(H,27,29)(H,28,30)/b9-7+,16-6-/t15-,17-,19-,20?/m1/s1, InChI=1S/C24H36N4O6S2/c1-6-16-21(30)28-20(14(4)5)24(33)34-15-9-7-8-10-35-36-12-17(22(31)25-16)26-23(32)19(13(2)3)27-18(29)11-15/h6-7,9,13-15,17,19-20H,8,10-12H2,1-5H3,(H,25,31)(H,26,32)(H,27,29)(H,28,30)/b9-7+,16-6-/t15-,17-,19-,20?/m1/s1",Launched
ronidazole,antiprotozoal agent,,infectious disease,"histomoniasis, dysentry","MedChemEx, MicroSource, Selleck",99.46,"Cn1c(COC(N)=O)ncc1[N+]([O-])=O, Cn1c(COC(N)=O)ncc1[N+]([O-])=O, Cn1c(COC(N)=O)ncc1[N+]([O-])=O","PQFRTXSWDXZRRS-UHFFFAOYSA-N, PQFRTXSWDXZRRS-UHFFFAOYSA-N, PQFRTXSWDXZRRS-UHFFFAOYSA-N",Launched
ropinirole,dopamine receptor agonist,"ADRA2A, ADRA2B, ADRA2C, DRD1, DRD2, DRD3, DRD4, DRD5, HTR1A, HTR1B, HTR1D, HTR2A, HTR2B, HTR2C",neurology/psychiatry,"Parkinson's Disease, restless leg syndrome","MicroSource, Selleck, Selleck, Tocris",97.67,"CCCN(CCC)CCc1cccc2NC(=O)Cc12, CCCN(CCC)CCc1cccc2NC(=O)Cc12, CCCN(CCC)CCc1cccc2NC(=O)Cc12, CCCN(CCC)CCc1cccc2NC(=O)Cc12","UHSKFQJFRQCDBE-UHFFFAOYSA-N, UHSKFQJFRQCDBE-UHFFFAOYSA-N, UHSKFQJFRQCDBE-UHFFFAOYSA-N, UHSKFQJFRQCDBE-UHFFFAOYSA-N",Launched
ropivacaine,sodium channel blocker,SCN10A,neurology/psychiatry,anesthetic,"MedChemEx, MedChemEx, Selleck",97.16,"CCCN1CCCC[C@H]1C(=O)Nc1c(C)cccc1C, CCCN1CCCC[C@H]1C(=O)Nc1c(C)cccc1C, CCCN1CCCC[C@H]1C(=O)Nc1c(C)cccc1C","ZKMNUMMKYBVTFN-HNNXBMFYSA-N, ZKMNUMMKYBVTFN-HNNXBMFYSA-N, ZKMNUMMKYBVTFN-HNNXBMFYSA-N",Launched
roquinimex,"angiogenesis inhibitor, tumor necrosis factor production inhibitor",,,,"Tocris, Tocris, Tocris",96.21,"CN(C(=O)c1c(O)c2ccccc2n(C)c1=O)c1ccccc1, CN(C(=O)c1c(O)c2ccccc2n(C)c1=O)c1ccccc1, CN(C(=O)c1c(O)c2ccccc2n(C)c1=O)c1ccccc1","SGOOQMRIPALTEL-UHFFFAOYSA-N, SGOOQMRIPALTEL-UHFFFAOYSA-N, SGOOQMRIPALTEL-UHFFFAOYSA-N",Phase 3
rosamicin,protein synthesis inhibitor,,,,Vitas-M,95.1,CC[C@H]1OC(=O)C[C@@H](O)[C@H](C)[C@@H](O[C@@H]2O[C@H](C)C[C@@H]([C@H]2O)N(C)C)[C@@H](CC=O)C[C@@H](C)C(=O)\C=C\[C@]2(C)O[C@H]2[C@@H]1C |t:34|,IUPCWCLVECYZRV-WMNDRESDSA-N,Phase 2
roscovitine,CDK inhibitor,"CDK2, CDK9",,,"Selleck, Selleck, Selleck, Selleck",97.94,"CC[C@H](CO)Nc1nc(NCc2ccccc2)c2ncn(C(C)C)c2n1, CC[C@H](CO)Nc1nc(NCc2ccccc2)c2ncn(C(C)C)c2n1, CC[C@H](CO)Nc1nc(NCc2ccccc2)c2ncn(C(C)C)c2n1, CC[C@H](CO)Nc1nc(NCc2ccccc2)c2ncn(C(C)C)c2n1","BTIHMVBBUGXLCJ-OAHLLOKOSA-N, BTIHMVBBUGXLCJ-OAHLLOKOSA-N, BTIHMVBBUGXLCJ-OAHLLOKOSA-N, BTIHMVBBUGXLCJ-OAHLLOKOSA-N",Phase 2
rose-bengal,"contrast agent, immunostimulant",,radiology,diagnostic agent,"Acros, SantaCruz, SantaCruz",77.2,"OC(=O)c1c(Cl)c(Cl)c(Cl)c(Cl)c1-c1c2cc(I)c(O)c(I)c2oc2c(I)c(=O)c(I)cc12, OC(=O)c1c(Cl)c(Cl)c(Cl)c(Cl)c1-c1c2cc(I)c(O)c(I)c2oc2c(I)c(=O)c(I)cc12, OC(=O)c1c(Cl)c(Cl)c(Cl)c(Cl)c1-c1c2cc(I)c(O)c(I)c2oc2c(I)c(=O)c(I)cc12","VDNLFJGJEQUWRB-UHFFFAOYSA-N, VDNLFJGJEQUWRB-UHFFFAOYSA-N, VDNLFJGJEQUWRB-UHFFFAOYSA-N",Launched
rose-bengal-lactone,coloring agent,,ophthalmology,staining agent,"CombiBlocks, CombiBlocks",73.73,"Oc1c(I)cc2c(Oc3c(I)c(O)c(I)cc3C22OC(=O)c3c2c(Cl)c(Cl)c(Cl)c3Cl)c1I, Oc1c(I)cc2c(Oc3c(I)c(O)c(I)cc3C22OC(=O)c3c2c(Cl)c(Cl)c(Cl)c3Cl)c1I","IICCLYANAQEHCI-UHFFFAOYSA-N, IICCLYANAQEHCI-UHFFFAOYSA-N",Launched
rosiglitazone,"insulin sensitizer, PPAR receptor agonist","FFAR1, PPARG, TRPC5, TRPM3",,,"Selleck, Selleck",98.53,"CN(CCOc1ccc(C[C@H]2SC(=O)NC2=O)cc1)c1ccccn1 |&1:10|, CN(CCOc1ccc(C[C@H]2SC(=O)NC2=O)cc1)c1ccccn1 |&1:10|","YASAKCUCGLMORW-OAHLLOKOSA-N, YASAKCUCGLMORW-OAHLLOKOSA-N",Withdrawn
rosiptor,SHIP1 phosphatase activator,,,,MedChemEx,100,[H][C@@]12CCC(=C)[C@@]1(C)CC[C@@]([H])([C@H]2CN)[C@@]1(C)CC[C@H](O)C[C@@H]1CO,MDEJTPWQNNMAQF-BVMLLJBZSA-N,Phase 2
rosmarinic-acid,GABA transaminase inhibitor,"MCL1, TYR",,,"Tocris, Tocris, Tocris, Tocris",94.4,"OC(=O)[C@@H](Cc1ccc(O)c(O)c1)OC(=O)\C=C\c1ccc(O)c(O)c1, OC(=O)[C@@H](Cc1ccc(O)c(O)c1)OC(=O)\C=C\c1ccc(O)c(O)c1, OC(=O)[C@@H](Cc1ccc(O)c(O)c1)OC(=O)\C=C\c1ccc(O)c(O)c1, OC(=O)[C@@H](Cc1ccc(O)c(O)c1)OC(=O)\C=C\c1ccc(O)c(O)c1","DOUMFZQKYFQNTF-WUTVXBCWSA-N, DOUMFZQKYFQNTF-WUTVXBCWSA-N, DOUMFZQKYFQNTF-WUTVXBCWSA-N, DOUMFZQKYFQNTF-WUTVXBCWSA-N",Launched
rosoxacin,topoisomerase inhibitor,,infectious disease,urinary tract infections,Accela,98.05,CCn1cc(C(O)=O)c(=O)c2ccc(cc12)-c1ccncc1,XBPZXDSZHPDXQU-UHFFFAOYSA-N,Launched
rostafuroxine,ATPase inhibitor,ATP1A1,,,"Tocris, Tocris, MedChemEx",98.28,"C[C@]12CC[C@H]3[C@@H](CC[C@@H]4C[C@@H](O)CC[C@]34C)[C@@]1(O)CC[C@]2(O)c1ccoc1, C[C@]12CC[C@H]3[C@@H](CC[C@@H]4C[C@@H](O)CC[C@]34C)[C@@]1(O)CC[C@]2(O)c1ccoc1, C[C@]12CC[C@H]3[C@@H](CC[C@@H]4C[C@@H](O)CC[C@]34C)[C@@]1(O)CC[C@]2(O)c1ccoc1","AEAPORIZZWBIEX-DTBDINHYSA-N, AEAPORIZZWBIEX-DTBDINHYSA-N, AEAPORIZZWBIEX-DTBDINHYSA-N",Phase 2
rosuvastatin,HMGCR inhibitor,HMGCR,"endocrinology, cardiology","hyperlipidemia, dyslipidemia, hypertriglyceridemia, hypercholesterolemia, atherosclerosis","MicroSource, MicroSource, Pharmeks, Pharmeks, Tocris, Selleck, Selleck",95.27,"CC(C)c1nc(nc(-c2ccc(F)cc2)c1\C=C\[C@@H](O)C[C@@H](O)CC(O)=O)N(C)S(C)(=O)=O, CC(C)c1nc(nc(-c2ccc(F)cc2)c1\C=C\[C@@H](O)C[C@@H](O)CC(O)=O)N(C)S(C)(=O)=O, CC(C)c1nc(nc(-c2ccc(F)cc2)c1\C=C\[C@@H](O)C[C@@H](O)CC(O)=O)N(C)S(C)(=O)=O, CC(C)c1nc(nc(-c2ccc(F)cc2)c1\C=C\[C@@H](O)C[C@@H](O)CC(O)=O)N(C)S(C)(=O)=O, CC(C)c1nc(nc(-c2ccc(F)cc2)c1\C=C\[C@@H](O)C[C@@H](O)CC(O)=O)N(C)S(C)(=O)=O, CC(C)c1nc(nc(-c2ccc(F)cc2)c1\C=C\[C@@H](O)C[C@@H](O)CC(O)=O)N(C)S(C)(=O)=O, CC(C)c1nc(nc(-c2ccc(F)cc2)c1\C=C\[C@@H](O)C[C@@H](O)CC(O)=O)N(C)S(C)(=O)=O","BPRHUIZQVSMCRT-VEUZHWNKSA-N, BPRHUIZQVSMCRT-VEUZHWNKSA-N, BPRHUIZQVSMCRT-VEUZHWNKSA-N, BPRHUIZQVSMCRT-VEUZHWNKSA-N, BPRHUIZQVSMCRT-VEUZHWNKSA-N, BPRHUIZQVSMCRT-VEUZHWNKSA-N, BPRHUIZQVSMCRT-VEUZHWNKSA-N",Launched
rotigotine,dopamine receptor agonist,"ADRA2B, DRD1, DRD2, DRD3, DRD4, DRD5, HTR1A",neurology/psychiatry,"Parkinson's Disease, restless leg syndrome","Tocris, MedChemEx, Tocris",98.62,"CCCN(CCc1cccs1)[C@H]1CCc2c(O)cccc2C1, CCCN(CCc1cccs1)[C@H]1CCc2c(O)cccc2C1, CCCN(CCc1cccs1)[C@H]1CCc2c(O)cccc2C1","KFQYTPMOWPVWEJ-INIZCTEOSA-N, KFQYTPMOWPVWEJ-INIZCTEOSA-N, KFQYTPMOWPVWEJ-INIZCTEOSA-N",Launched
rotundine,serotonin receptor agonist,"DRD1, DRD2, DRD3, HTR1A",neurology/psychiatry,"anxiety, sedative","MedChemEx, Selleck",93.72,"COc1cc2CCN3Cc4c(C[C@H]3c2cc1OC)ccc(OC)c4OC, COc1cc2CCN3Cc4c(C[C@H]3c2cc1OC)ccc(OC)c4OC","AEQDJSLRWYMAQI-KRWDZBQOSA-N, AEQDJSLRWYMAQI-KRWDZBQOSA-N",Launched
rovazolac,LXR agonist,,,,MedChemEx,97.15,CCOC(=O)Cn1nc(cc1-c1ccc(cc1)-c1cccc(c1)S(C)(=O)=O)C(F)(F)F,ZUMNJDGBYXHASJ-UHFFFAOYSA-N,Preclinical
roxarsone,antiprotozoal agent,,endocrinology,weight-gain aid,"MedChemEx, MedChemEx, MicroSource",98.02,"Oc1ccc(cc1[N+]([O-])=O)[As](O)(O)=O, Oc1ccc(cc1[N+]([O-])=O)[As](O)(O)=O, Oc1ccc(cc1[N+]([O-])=O)[As](O)(O)=O","XMVJITFPVVRMHC-UHFFFAOYSA-N, XMVJITFPVVRMHC-UHFFFAOYSA-N, XMVJITFPVVRMHC-UHFFFAOYSA-N",Launched
roxatidine-acetate,histamine receptor antagonist,HRH2,gastroenterology,"Zollinger-Ellison syndrome, erosive esophagitis (EE), gastroesophageal reflux disease (GERD), gastritis","MedChemEx, MicroSource, Selleck",97.97,"CC(=O)OCC(=O)NCCCOc1cccc(CN2CCCCC2)c1, CC(=O)OCC(=O)NCCCOc1cccc(CN2CCCCC2)c1, CC(=O)OCC(=O)NCCCOc1cccc(CN2CCCCC2)c1","SMTZFNFIKUPEJC-UHFFFAOYSA-N, SMTZFNFIKUPEJC-UHFFFAOYSA-N, SMTZFNFIKUPEJC-UHFFFAOYSA-N",Launched
roxithromycin,bacterial 50S ribosomal subunit inhibitor,MLNR,infectious disease,"respiratory tract infections, urinary tract infections, skin infections","MedChemEx, MicroSource, Selleck",99.06,"CC[C@H]1OC(=O)[C@H](C)[C@@H](O[C@H]2C[C@@](C)(OC)[C@@H](O)[C@H](C)O2)[C@H](C)[C@@H](O[C@@H]2O[C@H](C)C[C@@H]([C@H]2O)N(C)C)[C@](C)(O)C[C@@H](C)\C(=N/OCOCCOC)[C@H](C)[C@@H](O)[C@]1(C)O, CC[C@H]1OC(=O)[C@H](C)[C@@H](O[C@H]2C[C@@](C)(OC)[C@@H](O)[C@H](C)O2)[C@H](C)[C@@H](O[C@@H]2O[C@H](C)C[C@@H]([C@H]2O)N(C)C)[C@](C)(O)C[C@@H](C)\C(=N/OCOCCOC)[C@H](C)[C@@H](O)[C@]1(C)O, CC[C@H]1OC(=O)[C@H](C)[C@@H](O[C@H]2C[C@@](C)(OC)[C@@H](O)[C@H](C)O2)[C@H](C)[C@@H](O[C@@H]2O[C@H](C)C[C@@H]([C@H]2O)N(C)C)[C@](C)(O)C[C@@H](C)\C(=N/OCOCCOC)[C@H](C)[C@@H](O)[C@]1(C)O","RXZBMPWDPOLZGW-SWCVOMKCSA-N, RXZBMPWDPOLZGW-SWCVOMKCSA-N, RXZBMPWDPOLZGW-SWCVOMKCSA-N",Launched
RP-001,sphingosine 1-phosphate receptor agonist,S1PR1,,,"Tocris, Tocris, Tocris",96.01,"CC(C)Oc1ccc(cc1C#N)-c1nc(no1)-c1cccc2[C@@H](CCc12)NCCC(O)=O |&1:22|, CC(C)Oc1ccc(cc1C#N)-c1nc(no1)-c1cccc2[C@@H](CCc12)NCCC(O)=O |&1:22|, CC(C)Oc1ccc(cc1C#N)-c1nc(no1)-c1cccc2[C@@H](CCc12)NCCC(O)=O |&1:22|","WNDDDFYFTSGSEC-HXUWFJFHSA-N, WNDDDFYFTSGSEC-HXUWFJFHSA-N, WNDDDFYFTSGSEC-HXUWFJFHSA-N",Preclinical
RP67580,,,,,Tocris,44.82,COc1ccccc1CC(=N)N1C[C@H]2[C@@H](C1)C(CCC2=O)(c1ccccc1)c1ccccc1,VWBOQFANCXZMAU-LOSJGSFVSA-N,Preclinical
RQ-00203078,transient receptor potential channel antagonist,TRPM8,,,"Tocris, Tocris",95.32,"OC(=O)c1ccc(cc1)S(=O)(=O)N(Cc1ccc(OC(F)(F)F)cc1)c1ncc(cc1Cl)C(F)(F)F, OC(=O)c1ccc(cc1)S(=O)(=O)N(Cc1ccc(OC(F)(F)F)cc1)c1ncc(cc1Cl)C(F)(F)F","IJGQFZYYEHCCIZ-UHFFFAOYSA-N, IJGQFZYYEHCCIZ-UHFFFAOYSA-N",Preclinical
RRx-001,glucose 6-phosphate dehydrogenase inhibitor,G6PD,,,"MedChemEx, MedChemEx",0,"[O-][N+](=O)C1(CN(C1)C(=O)CBr)[N+]([O-])=O, [O-][N+](=O)C1(CN(C1)C(=O)CBr)[N+]([O-])=O","JODKFOVZURLVTG-UHFFFAOYSA-N, JODKFOVZURLVTG-UHFFFAOYSA-N",Phase 3
RS-0481,immunostimulant,,,,,0,,,Phase 2
RS-100329,adrenergic receptor antagonist,"ADRA1A, ADRA1D",,,"Tocris, Tocris",97.46,"Cc1c[nH]c(=O)n(CCCN2CCN(CC2)c2ccccc2OCC(F)(F)F)c1=O, Cc1c[nH]c(=O)n(CCCN2CCN(CC2)c2ccccc2OCC(F)(F)F)c1=O","RCOBWVAGWYRNHZ-UHFFFAOYSA-N, RCOBWVAGWYRNHZ-UHFFFAOYSA-N",Preclinical
RS-102221,serotonin receptor antagonist,"HTR2A, HTR2B, HTR2C",,,"Tocris, Tocris, Tocris, Tocris, Tocris",97.64,"COc1cc(OC)c(cc1NS(=O)(=O)c1ccc(cc1)C(F)(F)F)C(=O)CCCCN1CCC2(CC1)NC(=O)NC2=O, COc1cc(OC)c(cc1NS(=O)(=O)c1ccc(cc1)C(F)(F)F)C(=O)CCCCN1CCC2(CC1)NC(=O)NC2=O, COc1cc(OC)c(cc1NS(=O)(=O)c1ccc(cc1)C(F)(F)F)C(=O)CCCCN1CCC2(CC1)NC(=O)NC2=O, COc1cc(OC)c(cc1NS(=O)(=O)c1ccc(cc1)C(F)(F)F)C(=O)CCCCN1CCC2(CC1)NC(=O)NC2=O, COc1cc(OC)c(cc1NS(=O)(=O)c1ccc(cc1)C(F)(F)F)C(=O)CCCCN1CCC2(CC1)NC(=O)NC2=O","HZZZZODVDSHQRG-UHFFFAOYSA-N, HZZZZODVDSHQRG-UHFFFAOYSA-N, HZZZZODVDSHQRG-UHFFFAOYSA-N, HZZZZODVDSHQRG-UHFFFAOYSA-N, HZZZZODVDSHQRG-UHFFFAOYSA-N",Preclinical
RS-102895,CCR antagonist,CCR2,,,"Tocris, Tocris, Tocris",97.44,"FC(F)(F)c1ccc(CCN2CCC3(CC2)OC(=O)Nc2ccccc32)cc1, FC(F)(F)c1ccc(CCN2CCC3(CC2)OC(=O)Nc2ccccc32)cc1, FC(F)(F)c1ccc(CCN2CCC3(CC2)OC(=O)Nc2ccccc32)cc1","HIDWEYPGMLIQSN-UHFFFAOYSA-N, HIDWEYPGMLIQSN-UHFFFAOYSA-N, HIDWEYPGMLIQSN-UHFFFAOYSA-N",Preclinical
RS-127445,serotonin receptor antagonist,"HTR2A, HTR2B, HTR2C",,,"Selleck, Tocris, Tocris",98.5,"CC(C)c1cc(nc(N)n1)-c1ccc(F)c2ccccc12, CC(C)c1cc(nc(N)n1)-c1ccc(F)c2ccccc12, CC(C)c1cc(nc(N)n1)-c1ccc(F)c2ccccc12","ZZZQXCUPAJFVBN-UHFFFAOYSA-N, ZZZQXCUPAJFVBN-UHFFFAOYSA-N, ZZZQXCUPAJFVBN-UHFFFAOYSA-N",Phase 1
RS-16566,serotonin receptor antagonist,,,,Tocris,97.92,CC(C)n1cnc2c(cc(Cl)cc12)C(=O)N[C@H]1C[N@@]2CC[C@H]1CC2,OGXMGJGFLBSEJW-HNNXBMFYSA-N,Preclinical
RS-17053,adrenergic receptor antagonist,"ADRA1A, ADRA1D",,,"Tocris, Tocris, Tocris, Tocris, Tocris, Tocris, Tocris, Tocris",97.61,"CC(C)(Cc1c[nH]c2ccc(Cl)cc12)NCCOc1ccccc1OCC1CC1, CC(C)(Cc1c[nH]c2ccc(Cl)cc12)NCCOc1ccccc1OCC1CC1, CC(C)(Cc1c[nH]c2ccc(Cl)cc12)NCCOc1ccccc1OCC1CC1, CC(C)(Cc1c[nH]c2ccc(Cl)cc12)NCCOc1ccccc1OCC1CC1, CC(C)(Cc1c[nH]c2ccc(Cl)cc12)NCCOc1ccccc1OCC1CC1, CC(C)(Cc1c[nH]c2ccc(Cl)cc12)NCCOc1ccccc1OCC1CC1, CC(C)(Cc1c[nH]c2ccc(Cl)cc12)NCCOc1ccccc1OCC1CC1, CC(C)(Cc1c[nH]c2ccc(Cl)cc12)NCCOc1ccccc1OCC1CC1","XLZHXAXXJVKTFM-UHFFFAOYSA-N, XLZHXAXXJVKTFM-UHFFFAOYSA-N, XLZHXAXXJVKTFM-UHFFFAOYSA-N, XLZHXAXXJVKTFM-UHFFFAOYSA-N, XLZHXAXXJVKTFM-UHFFFAOYSA-N, XLZHXAXXJVKTFM-UHFFFAOYSA-N, XLZHXAXXJVKTFM-UHFFFAOYSA-N, XLZHXAXXJVKTFM-UHFFFAOYSA-N",Preclinical
RS-23597-190,serotonin receptor antagonist,HTR4,,,Tocris,98.28,COc1cc(N)c(Cl)cc1C(=O)OCCCN1CCCCC1,RLSGBCUXLRMTPF-UHFFFAOYSA-N,Preclinical
RS-39604,serotonin receptor antagonist,HTR4,,,"Tocris, Tocris, Tocris, Tocris",98.29,"COc1cc(COc2cc(N)c(Cl)cc2C(=O)CCC2CCN(CCNS(C)(=O)=O)CC2)cc(OC)c1, COc1cc(COc2cc(N)c(Cl)cc2C(=O)CCC2CCN(CCNS(C)(=O)=O)CC2)cc(OC)c1, COc1cc(COc2cc(N)c(Cl)cc2C(=O)CCC2CCN(CCNS(C)(=O)=O)CC2)cc(OC)c1, COc1cc(COc2cc(N)c(Cl)cc2C(=O)CCC2CCN(CCNS(C)(=O)=O)CC2)cc(OC)c1","BKVIWGRFRKLFIO-UHFFFAOYSA-N, BKVIWGRFRKLFIO-UHFFFAOYSA-N, BKVIWGRFRKLFIO-UHFFFAOYSA-N, BKVIWGRFRKLFIO-UHFFFAOYSA-N",Preclinical
RS-45041-190,imidazoline receptor agonist,,,,"Tocris, Tocris, Tocris",100,"Clc1cccc2CN(Cc12)C1=NCCN1 |t:12|, Clc1cccc2CN(Cc12)C1=NCCN1 |t:12|, Clc1cccc2CN(Cc12)C1=NCCN1 |t:12|","IVCMOOBKRRDNHX-UHFFFAOYSA-N, IVCMOOBKRRDNHX-UHFFFAOYSA-N, IVCMOOBKRRDNHX-UHFFFAOYSA-N",Preclinical
RS-504393,CC chemokine receptor antagonist,"CCL2, CCR2",,,"Tocris, Tocris",97.31,"Cc1oc(nc1CCN1CCC2(CC1)OC(=O)Nc1ccc(C)cc21)-c1ccccc1, Cc1oc(nc1CCN1CCC2(CC1)OC(=O)Nc1ccc(C)cc21)-c1ccccc1","ODNICNWASXKNNQ-UHFFFAOYSA-N, ODNICNWASXKNNQ-UHFFFAOYSA-N",Preclinical
RS-56812,serotonin receptor partial agonist,HTR3A,,,Tocris,98.24,Cn1cc(C(=O)C(=O)N[C@H]2C[N@@]3CC[C@H]2CC3)c2ccccc12,ZNAPADWWBWFMCQ-HNNXBMFYSA-N,Preclinical
RS-67333,serotonin receptor partial agonist,HTR4,,,"Tocris, Tocris, Tocris",97.37,"CCCCN1CCC(CCC(=O)c2cc(Cl)c(N)cc2OC)CC1, CCCCN1CCC(CCC(=O)c2cc(Cl)c(N)cc2OC)CC1, CCCCN1CCC(CCC(=O)c2cc(Cl)c(N)cc2OC)CC1","JBHLYIVFFLNISJ-UHFFFAOYSA-N, JBHLYIVFFLNISJ-UHFFFAOYSA-N, JBHLYIVFFLNISJ-UHFFFAOYSA-N",Preclinical
RS-67506,serotonin receptor partial agonist,HTR4,,,"Tocris, Tocris, Tocris, Tocris",96.93,"COc1cc(N)c(Cl)cc1C(=O)CCC1CCN(CCNS(C)(=O)=O)CC1, COc1cc(N)c(Cl)cc1C(=O)CCC1CCN(CCNS(C)(=O)=O)CC1, COc1cc(N)c(Cl)cc1C(=O)CCC1CCN(CCNS(C)(=O)=O)CC1, COc1cc(N)c(Cl)cc1C(=O)CCC1CCN(CCNS(C)(=O)=O)CC1","UATDVRSFFGFTAI-UHFFFAOYSA-N, UATDVRSFFGFTAI-UHFFFAOYSA-N, UATDVRSFFGFTAI-UHFFFAOYSA-N, UATDVRSFFGFTAI-UHFFFAOYSA-N",Preclinical
RS-79948,adrenergic receptor antagonist,ADRA2A,,,"Tocris, Tocris",97.72,"CCS(=O)(=O)N1CCC[C@@H]2CN3CCc4cc(OC)ccc4[C@@H]3C[C@H]12, CCS(=O)(=O)N1CCC[C@@H]2CN3CCc4cc(OC)ccc4[C@@H]3C[C@H]12","UMGBFFAJXFXOIL-MNEFBYGVSA-N, UMGBFFAJXFXOIL-MNEFBYGVSA-N",Preclinical
RSV604,RSV replication inhibitor,,,,MedChemEx,98.22,Fc1ccccc1NC(=O)N[C@H]1N=C(c2ccccc2)c2ccccc2NC1=O |t:13|,MTPVBMVUENFFLL-HXUWFJFHSA-N,Phase 2
RTA-408,nitric oxide production inhibitor,NFE2L2,,,"MedChemEx, MedChemEx, Selleck",90.95,"CC(F)(F)C(=O)N[C@]12CCC(C)(C)C[C@H]1[C@H]1C(=O)C=C3[C@@]4(C)C=C(C#N)C(=O)C(C)(C)[C@@H]4CC[C@@]3(C)[C@]1(C)CC2 |t:19,23|, CC(F)(F)C(=O)N[C@]12CCC(C)(C)C[C@H]1[C@H]1C(=O)C=C3[C@@]4(C)C=C(C#N)C(=O)C(C)(C)[C@@H]4CC[C@@]3(C)[C@]1(C)CC2 |t:19,23|, CC(F)(F)C(=O)N[C@]12CCC(C)(C)C[C@H]1[C@H]1C(=O)C=C3[C@@]4(C)C=C(C#N)C(=O)C(C)(C)[C@@H]4CC[C@@]3(C)[C@]1(C)CC2 |t:19,23|","RJCWBNBKOKFWNY-IDPLTSGASA-N, RJCWBNBKOKFWNY-IDPLTSGASA-N, RJCWBNBKOKFWNY-IDPLTSGASA-N",Phase 2
RU-SKI-43,hedgehog pathway inhibitor,HHAT,,,"Tocris, Tocris",93.99,"CC[C@@H](C)CNCC(=O)N1CCc2sccc2[C@@H]1COc1cccc(C)c1 |&1:2,&2:17|, CC[C@@H](C)CNCC(=O)N1CCc2sccc2[C@@H]1COc1cccc(C)c1 |&1:2,&2:17|","AEENEMOEBJOKGN-UZLBHIALSA-N, AEENEMOEBJOKGN-UZLBHIALSA-N",Preclinical
RU-24969,serotonin receptor agonist,"HTR1A, HTR1B, HTR1D, HTR2A, HTR2B, HTR2C, HTR5A, HTR6",,,"MedChemEx, MedChemEx, Tocris",64.03,"COc1ccc2[nH]cc(C3=CCNCC3)c2c1 |t:9|, COc1ccc2[nH]cc(C3=CCNCC3)c2c1 |t:9|, COc1ccc2[nH]cc(C3=CCNCC3)c2c1 |t:9|","KRVMLPUDAOWOGN-UHFFFAOYSA-N, KRVMLPUDAOWOGN-UHFFFAOYSA-N, KRVMLPUDAOWOGN-UHFFFAOYSA-N",Phase 1
RU-28318,cytochrome P450 inhibitor,NR3C2,,,"Tocris, Tocris",96.9,"CCC[C@@H]1CC2=CC(=O)CC[C@]2(C)[C@H]2CC[C@@]3(C)[C@@H](CC[C@@]3(O)CCC(O)=O)[C@H]12 |t:5|, CCC[C@@H]1CC2=CC(=O)CC[C@]2(C)[C@H]2CC[C@@]3(C)[C@@H](CC[C@@]3(O)CCC(O)=O)[C@H]12 |t:5|","DNHCHRGCTVRAFT-JEHIOXJOSA-N, DNHCHRGCTVRAFT-JEHIOXJOSA-N",Phase 2
RU-42173,adrenergic receptor agonist,ADRB2,,,Enzo,9.01,CC(C)N[C@@H]1CCn2c3c(cccc3[nH]c2=O)[C@H]1O,ZSTCZWJCLIRCOJ-DGCLKSJQSA-N,Phase 2
RU-58841,androgen receptor antagonist,AR,,,"MedChemEx, MedChemEx",97.49,"CC1(C)N(CCCCO)C(=O)N(C1=O)c1ccc(C#N)c(c1)C(F)(F)F, CC1(C)N(CCCCO)C(=O)N(C1=O)c1ccc(C#N)c(c1)C(F)(F)F","ARBYGDBJECGMGA-UHFFFAOYSA-N, ARBYGDBJECGMGA-UHFFFAOYSA-N",Phase 2
rubitecan,topoisomerase inhibitor,TOP1,,,"Sigma, Sigma, Sigma",94.03,"CC[C@@]1(O)C(=O)OCc2c1cc1-c3nc4cccc([N+]([O-])=O)c4cc3Cn1c2=O, CC[C@@]1(O)C(=O)OCc2c1cc1-c3nc4cccc([N+]([O-])=O)c4cc3Cn1c2=O, CC[C@@]1(O)C(=O)OCc2c1cc1-c3nc4cccc([N+]([O-])=O)c4cc3Cn1c2=O","VHXNKPBCCMUMSW-FQEVSTJZSA-N, VHXNKPBCCMUMSW-FQEVSTJZSA-N, VHXNKPBCCMUMSW-FQEVSTJZSA-N",Phase 3
ruboxistaurin,PKC inhibitor,,,,MedChemEx,92.46,CN(C)C[C@@H]1CCn2cc(C3=C(C(=O)NC3=O)c3cn(CCO1)c1ccccc31)c1ccccc21 |t:10|,ZCBUQCWBWNUWSU-SFHVURJKSA-N,Phase 3
rucaparib,PARP inhibitor,"PARP1, PARP2",,,"Tocris, Tocris, Selleck, Selleck, Selleck, Selleck, Selleck, Selleck, Selleck, Selleck, Selleck, Selleck",97.52,"CNCc1ccc(cc1)-c1[nH]c2cc(F)cc3C(=O)NCCc1c23, CNCc1ccc(cc1)-c1[nH]c2cc(F)cc3C(=O)NCCc1c23, CNCc1ccc(cc1)-c1[nH]c2cc(F)cc3C(=O)NCCc1c23, CNCc1ccc(cc1)-c1[nH]c2cc(F)cc3C(=O)NCCc1c23, CNCc1ccc(cc1)-c1[nH]c2cc(F)cc3C(=O)NCCc1c23, CNCc1ccc(cc1)-c1[nH]c2cc(F)cc3C(=O)NCCc1c23, CNCc1ccc(cc1)-c1[nH]c2cc(F)cc3C(=O)NCCc1c23, CNCc1ccc(cc1)-c1[nH]c2cc(F)cc3C(=O)NCCc1c23, CNCc1ccc(cc1)-c1[nH]c2cc(F)cc3C(=O)NCCc1c23, CNCc1ccc(cc1)-c1[nH]c2cc(F)cc3C(=O)NCCc1c23, CNCc1ccc(cc1)-c1[nH]c2cc(F)cc3C(=O)NCCc1c23, CNCc1ccc(cc1)-c1[nH]c2cc(F)cc3C(=O)NCCc1c23","HMABYWSNWIZPAG-UHFFFAOYSA-N, HMABYWSNWIZPAG-UHFFFAOYSA-N, HMABYWSNWIZPAG-UHFFFAOYSA-N, HMABYWSNWIZPAG-UHFFFAOYSA-N, HMABYWSNWIZPAG-UHFFFAOYSA-N, HMABYWSNWIZPAG-UHFFFAOYSA-N, HMABYWSNWIZPAG-UHFFFAOYSA-N, HMABYWSNWIZPAG-UHFFFAOYSA-N, HMABYWSNWIZPAG-UHFFFAOYSA-N, HMABYWSNWIZPAG-UHFFFAOYSA-N, HMABYWSNWIZPAG-UHFFFAOYSA-N, HMABYWSNWIZPAG-UHFFFAOYSA-N",Phase 3
rucinol,tyrosinase inhibitor,TYR,,,"TCI, TCI",98.99,"CCCCc1ccc(O)cc1O, CCCCc1ccc(O)cc1O","CSHZYWUPJWVTMQ-UHFFFAOYSA-N, CSHZYWUPJWVTMQ-UHFFFAOYSA-N",Phase 1
rufinamide,voltage-gated sodium channel blocker,"GRM5, SCN10A, SCN11A, SCN1A, SCN2A, SCN3A, SCN4A, SCN5A, SCN7A, SCN8A, SCN9A",neurology/psychiatry,seizures,Selleck,98.35,NC(=O)c1cn(Cc2c(F)cccc2F)nn1,POGQSBRIGCQNEG-UHFFFAOYSA-N,Launched
rufloxacin,bacterial DNA gyrase inhibitor,,infectious disease,gram-negative bacterial infections,"MicroSource, MedChemEx, MedChemEx",97.36,"CN1CCN(CC1)c1c(F)cc2c3c1SCCn3cc(C(O)=O)c2=O, CN1CCN(CC1)c1c(F)cc2c3c1SCCn3cc(C(O)=O)c2=O, CN1CCN(CC1)c1c(F)cc2c3c1SCCn3cc(C(O)=O)c2=O","NJCJBUHJQLFDSW-UHFFFAOYSA-N, NJCJBUHJQLFDSW-UHFFFAOYSA-N, NJCJBUHJQLFDSW-UHFFFAOYSA-N",Launched
rupatadine,"histamine receptor antagonist, platelet activating factor receptor antagonist","HRH1, PTAFR",allergy,"allergic rhinitis, urticaria","MedChemEx, Selleck",98.23,"Cc1cncc(CN2CCC(CC2)=C2c3ccc(Cl)cc3CCc3cccnc23)c1, Cc1cncc(CN2CCC(CC2)=C2c3ccc(Cl)cc3CCc3cccnc23)c1","WUZYKBABMWJHDL-UHFFFAOYSA-N, WUZYKBABMWJHDL-UHFFFAOYSA-N",Launched
rutaecarpine,cyclooxygenase inhibitor,PTGS2,,,"MedChemEx, Selleck, Selleck",97.45,"O=c1n2CCc3c([nH]c4ccccc34)-c2nc2ccccc12, O=c1n2CCc3c([nH]c4ccccc34)-c2nc2ccccc12, O=c1n2CCc3c([nH]c4ccccc34)-c2nc2ccccc12","ACVGWSKVRYFWRP-UHFFFAOYSA-N, ACVGWSKVRYFWRP-UHFFFAOYSA-N, ACVGWSKVRYFWRP-UHFFFAOYSA-N",Preclinical
rutin,"antioxidant, capillary stabilizing agent, nitric oxide scavenger",AKR1C3,"rheumatology, otolaryngology, gastroenterology, neurology/psychiatry, allergy","joint pain, nasal congestion, constipation, irritability, allergic rhinitis","MicroSource, MedChemEx, Selleck, Selleck",91.2,"C[C@@H]1O[C@@H](OC[C@H]2O[C@@H](Oc3c(oc4cc(O)cc(O)c4c3=O)-c3ccc(O)c(O)c3)[C@H](O)[C@@H](O)[C@@H]2O)[C@H](O)[C@H](O)[C@H]1O, C[C@@H]1O[C@@H](OC[C@H]2O[C@@H](Oc3c(oc4cc(O)cc(O)c4c3=O)-c3ccc(O)c(O)c3)[C@H](O)[C@@H](O)[C@@H]2O)[C@H](O)[C@H](O)[C@H]1O, C[C@@H]1O[C@@H](OC[C@H]2O[C@@H](Oc3c(oc4cc(O)cc(O)c4c3=O)-c3ccc(O)c(O)c3)[C@H](O)[C@@H](O)[C@@H]2O)[C@H](O)[C@H](O)[C@H]1O, C[C@@H]1O[C@@H](OC[C@H]2O[C@@H](Oc3c(oc4cc(O)cc(O)c4c3=O)-c3ccc(O)c(O)c3)[C@H](O)[C@@H](O)[C@@H]2O)[C@H](O)[C@H](O)[C@H]1O","IKGXIBQEEMLURG-NVPNHPEKSA-N, IKGXIBQEEMLURG-NVPNHPEKSA-N, IKGXIBQEEMLURG-NVPNHPEKSA-N, IKGXIBQEEMLURG-NVPNHPEKSA-N",Launched
ruxolitinib,JAK inhibitor,"JAK1, JAK2, JAK3, TYK2","hematologic malignancy, hematology","myelofibrosis, polycythemia vera","Selleck, Selleck, Selleck, Selleck, Chemietek, Chemietek, Chemietek",99.11,"N#CC[C@H](C1CCCC1)n1cc(cn1)-c1ncnc2[nH]ccc12, N#CC[C@H](C1CCCC1)n1cc(cn1)-c1ncnc2[nH]ccc12, N#CC[C@H](C1CCCC1)n1cc(cn1)-c1ncnc2[nH]ccc12, N#CC[C@H](C1CCCC1)n1cc(cn1)-c1ncnc2[nH]ccc12, N#CC[C@H](C1CCCC1)n1cc(cn1)-c1ncnc2[nH]ccc12, N#CC[C@H](C1CCCC1)n1cc(cn1)-c1ncnc2[nH]ccc12, N#CC[C@H](C1CCCC1)n1cc(cn1)-c1ncnc2[nH]ccc12","HFNKQEVNSGCOJV-OAHLLOKOSA-N, HFNKQEVNSGCOJV-OAHLLOKOSA-N, HFNKQEVNSGCOJV-OAHLLOKOSA-N, HFNKQEVNSGCOJV-OAHLLOKOSA-N, HFNKQEVNSGCOJV-OAHLLOKOSA-N, HFNKQEVNSGCOJV-OAHLLOKOSA-N, HFNKQEVNSGCOJV-OAHLLOKOSA-N",Launched
ruxolitinib-(S),JAK inhibitor,"JAK1, JAK2",,,"MedChemEx, Selleck, Selleck",97.97,"N#CC[C@@H](C1CCCC1)n1cc(cn1)-c1ncnc2[nH]ccc12, N#CC[C@@H](C1CCCC1)n1cc(cn1)-c1ncnc2[nH]ccc12, N#CC[C@@H](C1CCCC1)n1cc(cn1)-c1ncnc2[nH]ccc12","HFNKQEVNSGCOJV-HNNXBMFYSA-N, HFNKQEVNSGCOJV-HNNXBMFYSA-N, HFNKQEVNSGCOJV-HNNXBMFYSA-N",Preclinical
RV1729,PI3K inhibitor,,,,Astatech,85.07,COCCN(CCOC)C(=O)CCCC#Cc1cccc2nc(Cn3nc(-c4cccc(O)c4)c4c(N)ncnc34)n(Cc3ccccc3Cl)c(=O)c12,UBLOHCIYTDRGJH-UHFFFAOYSA-N,Phase 1
RWJ-21757,toll-like receptor agonist,TLR7,,,"Tocris, Sigma, Sigma, Tocris",85.47,"Nc1nc(=O)c2n(CC=C)c(=O)n([C@@H]3O[C@H](CO)[C@@H](O)[C@H]3O)c2[nH]1, Nc1nc(=O)c2n(CC=C)c(=O)n([C@@H]3O[C@H](CO)[C@@H](O)[C@H]3O)c2[nH]1, Nc1nc(=O)c2n(CC=C)c(=O)n([C@@H]3O[C@H](CO)[C@@H](O)[C@H]3O)c2[nH]1, Nc1nc(=O)c2n(CC=C)c(=O)n([C@@H]3O[C@H](CO)[C@@H](O)[C@H]3O)c2[nH]1","VDCRFBBZFHHYGT-IOSLPCCCSA-N, VDCRFBBZFHHYGT-IOSLPCCCSA-N, VDCRFBBZFHHYGT-IOSLPCCCSA-N, VDCRFBBZFHHYGT-IOSLPCCCSA-N",Phase 2
RWJ-50271,integrin inhibitor,ICAM1,,,"Tocris, Tocris, Tocris",97.8,"Cc1c(cnn1-c1nc(cs1)-c1cccc(c1)C(F)(F)F)C(=O)NCCCO, Cc1c(cnn1-c1nc(cs1)-c1cccc(c1)C(F)(F)F)C(=O)NCCCO, Cc1c(cnn1-c1nc(cs1)-c1cccc(c1)C(F)(F)F)C(=O)NCCCO","HOFGTYCLOKDAES-UHFFFAOYSA-N, HOFGTYCLOKDAES-UHFFFAOYSA-N, HOFGTYCLOKDAES-UHFFFAOYSA-N",Preclinical
RWJ-67657,MAP kinase inhibitor,"MAPK14, PTGS2",,,"Cayman, Cayman, Tocris, Tocris",93.32,"OCCC#Cc1nc(c(-c2ccncc2)n1CCCc1ccccc1)-c1ccc(F)cc1, OCCC#Cc1nc(c(-c2ccncc2)n1CCCc1ccccc1)-c1ccc(F)cc1, OCCC#Cc1nc(c(-c2ccncc2)n1CCCc1ccccc1)-c1ccc(F)cc1, OCCC#Cc1nc(c(-c2ccncc2)n1CCCc1ccccc1)-c1ccc(F)cc1","QSUSKMBNZQHHPA-UHFFFAOYSA-N, QSUSKMBNZQHHPA-UHFFFAOYSA-N, QSUSKMBNZQHHPA-UHFFFAOYSA-N, QSUSKMBNZQHHPA-UHFFFAOYSA-N",Phase 1
RX-3117,"CDK inhibitor, DNA synthesis inhibitor","CDK2, DNMT1",,,"MedChemEx, MedChemEx, MedChemEx",83.1,"Nc1ccn([C@H]2[C@H](O)[C@H](O)C(CO)=C2F)c(=O)n1 |c:12|, Nc1ccn([C@H]2[C@H](O)[C@H](O)C(CO)=C2F)c(=O)n1 |c:12|, Nc1ccn([C@H]2[C@H](O)[C@H](O)C(CO)=C2F)c(=O)n1 |c:12|","QLLGKCJUPWYJON-HLTSFMKQSA-N, QLLGKCJUPWYJON-HLTSFMKQSA-N, QLLGKCJUPWYJON-HLTSFMKQSA-N",Phase 1/Phase 2
RX-821002,adrenergic receptor antagonist,"ADRA1A, ADRA1B, ADRA1D, ADRA2A, ADRA2B, ADRA2C",,,"Tocris, Tocris, Tocris",97.1,"CO[C@]1(COc2ccccc2O1)C1=NCCN1 |&1:2,t:14|, CO[C@]1(COc2ccccc2O1)C1=NCCN1 |&1:2,t:14|, CO[C@]1(COc2ccccc2O1)C1=NCCN1 |&1:2,t:14|","HQGWKNGAKBPTBX-LBPRGKRZSA-N, HQGWKNGAKBPTBX-LBPRGKRZSA-N, HQGWKNGAKBPTBX-LBPRGKRZSA-N",Preclinical
ryuvidine,histone lysine methyltransferase inhibitor,"CDK2, CDK4",,,"Tocris, Tocris, Tocris, Tocris, Tocris, Tocris, Tocris",95.15,"Cc1nc2c(s1)C(=O)C=C(Nc1ccc(C)cc1)C2=O |t:9|, Cc1nc2c(s1)C(=O)C=C(Nc1ccc(C)cc1)C2=O |t:9|, Cc1nc2c(s1)C(=O)C=C(Nc1ccc(C)cc1)C2=O |t:9|, Cc1nc2c(s1)C(=O)C=C(Nc1ccc(C)cc1)C2=O |t:9|, Cc1nc2c(s1)C(=O)C=C(Nc1ccc(C)cc1)C2=O |t:9|, Cc1nc2c(s1)C(=O)C=C(Nc1ccc(C)cc1)C2=O |t:9|, Cc1nc2c(s1)C(=O)C=C(Nc1ccc(C)cc1)C2=O |t:9|","HFPLHASLIOXVGS-UHFFFAOYSA-N, HFPLHASLIOXVGS-UHFFFAOYSA-N, HFPLHASLIOXVGS-UHFFFAOYSA-N, HFPLHASLIOXVGS-UHFFFAOYSA-N, HFPLHASLIOXVGS-UHFFFAOYSA-N, HFPLHASLIOXVGS-UHFFFAOYSA-N, HFPLHASLIOXVGS-UHFFFAOYSA-N",Preclinical
R112,SYK inhibitor,SYK,,,"MedChemEx, MedChemEx, MedChemEx, MedChemEx, MedChemEx",98,"Oc1cccc(Nc2ncc(F)c(Nc3cccc(O)c3)n2)c1, Oc1cccc(Nc2ncc(F)c(Nc3cccc(O)c3)n2)c1, Oc1cccc(Nc2ncc(F)c(Nc3cccc(O)c3)n2)c1, Oc1cccc(Nc2ncc(F)c(Nc3cccc(O)c3)n2)c1, Oc1cccc(Nc2ncc(F)c(Nc3cccc(O)c3)n2)c1","TVKGTSHBQZEFEE-UHFFFAOYSA-N, TVKGTSHBQZEFEE-UHFFFAOYSA-N, TVKGTSHBQZEFEE-UHFFFAOYSA-N, TVKGTSHBQZEFEE-UHFFFAOYSA-N, TVKGTSHBQZEFEE-UHFFFAOYSA-N",Phase 1
R306465,HDAC inhibitor,,,,"AdvChemBlocks, AdvChemBlocks, AdvChemBlocks, AdvChemBlocks",82.42,"ONC(=O)c1cnc(nc1)N1CCN(CC1)S(=O)(=O)c1ccc2ccccc2c1, ONC(=O)c1cnc(nc1)N1CCN(CC1)S(=O)(=O)c1ccc2ccccc2c1, ONC(=O)c1cnc(nc1)N1CCN(CC1)S(=O)(=O)c1ccc2ccccc2c1, ONC(=O)c1cnc(nc1)N1CCN(CC1)S(=O)(=O)c1ccc2ccccc2c1","MUTBJZVSRNUIHA-UHFFFAOYSA-N, MUTBJZVSRNUIHA-UHFFFAOYSA-N, MUTBJZVSRNUIHA-UHFFFAOYSA-N, MUTBJZVSRNUIHA-UHFFFAOYSA-N",Phase 1
R406,SYK inhibitor,"RET, SYK",,,"Selleck, Selleck, Selleck, Selleck, Selleck, Selleck, Selleck, Selleck, Selleck, Selleck, Selleck, Selleck, Selleck, Selleck",97.72,"COc1cc(Nc2ncc(F)c(Nc3ccc4OC(C)(C)C(=O)Nc4n3)n2)cc(OC)c1OC, COc1cc(Nc2ncc(F)c(Nc3ccc4OC(C)(C)C(=O)Nc4n3)n2)cc(OC)c1OC, COc1cc(Nc2ncc(F)c(Nc3ccc4OC(C)(C)C(=O)Nc4n3)n2)cc(OC)c1OC, COc1cc(Nc2ncc(F)c(Nc3ccc4OC(C)(C)C(=O)Nc4n3)n2)cc(OC)c1OC, COc1cc(Nc2ncc(F)c(Nc3ccc4OC(C)(C)C(=O)Nc4n3)n2)cc(OC)c1OC, COc1cc(Nc2ncc(F)c(Nc3ccc4OC(C)(C)C(=O)Nc4n3)n2)cc(OC)c1OC, COc1cc(Nc2ncc(F)c(Nc3ccc4OC(C)(C)C(=O)Nc4n3)n2)cc(OC)c1OC, COc1cc(Nc2ncc(F)c(Nc3ccc4OC(C)(C)C(=O)Nc4n3)n2)cc(OC)c1OC, COc1cc(Nc2ncc(F)c(Nc3ccc4OC(C)(C)C(=O)Nc4n3)n2)cc(OC)c1OC, COc1cc(Nc2ncc(F)c(Nc3ccc4OC(C)(C)C(=O)Nc4n3)n2)cc(OC)c1OC, COc1cc(Nc2ncc(F)c(Nc3ccc4OC(C)(C)C(=O)Nc4n3)n2)cc(OC)c1OC, COc1cc(Nc2ncc(F)c(Nc3ccc4OC(C)(C)C(=O)Nc4n3)n2)cc(OC)c1OC, COc1cc(Nc2ncc(F)c(Nc3ccc4OC(C)(C)C(=O)Nc4n3)n2)cc(OC)c1OC, COc1cc(Nc2ncc(F)c(Nc3ccc4OC(C)(C)C(=O)Nc4n3)n2)cc(OC)c1OC","NHHQJBCNYHBUSI-UHFFFAOYSA-N, NHHQJBCNYHBUSI-UHFFFAOYSA-N, NHHQJBCNYHBUSI-UHFFFAOYSA-N, NHHQJBCNYHBUSI-UHFFFAOYSA-N, NHHQJBCNYHBUSI-UHFFFAOYSA-N, NHHQJBCNYHBUSI-UHFFFAOYSA-N, NHHQJBCNYHBUSI-UHFFFAOYSA-N, NHHQJBCNYHBUSI-UHFFFAOYSA-N, NHHQJBCNYHBUSI-UHFFFAOYSA-N, NHHQJBCNYHBUSI-UHFFFAOYSA-N, NHHQJBCNYHBUSI-UHFFFAOYSA-N, NHHQJBCNYHBUSI-UHFFFAOYSA-N, NHHQJBCNYHBUSI-UHFFFAOYSA-N, NHHQJBCNYHBUSI-UHFFFAOYSA-N",Phase 1
R547,CDK inhibitor,"CDK1, CDK2, CDK4, CDK7",,,"MedChemEx, Selleck, Selleck, Selleck",95.73,"COc1ccc(F)c(F)c1C(=O)c1cnc(NC2CCN(CC2)S(C)(=O)=O)nc1N, COc1ccc(F)c(F)c1C(=O)c1cnc(NC2CCN(CC2)S(C)(=O)=O)nc1N, COc1ccc(F)c(F)c1C(=O)c1cnc(NC2CCN(CC2)S(C)(=O)=O)nc1N, COc1ccc(F)c(F)c1C(=O)c1cnc(NC2CCN(CC2)S(C)(=O)=O)nc1N","JRNJNYBQQYBCLE-UHFFFAOYSA-N, JRNJNYBQQYBCLE-UHFFFAOYSA-N, JRNJNYBQQYBCLE-UHFFFAOYSA-N, JRNJNYBQQYBCLE-UHFFFAOYSA-N",Phase 1
S-isopropylisothiourea,nitric oxide synthase inhibitor,NOS3,,,"Tocris, Tocris",94.16,"CC(C)SC(N)=N, CC(C)SC(N)=N","XSSNABKEYXKKMK-UHFFFAOYSA-N, XSSNABKEYXKKMK-UHFFFAOYSA-N",Preclinical
S-methylcysteine,,"CTSD, MGMT",,,"Ark, Ark, Ark",100,"CSC[C@H](N)C(O)=O, CSC[C@H](N)C(O)=O, CSC[C@H](N)C(O)=O","IDIDJDIHTAOVLG-VKHMYHEASA-N, IDIDJDIHTAOVLG-VKHMYHEASA-N, IDIDJDIHTAOVLG-VKHMYHEASA-N",Phase 1
S-nitrosoglutathione,nitric oxide stimulant,PTPN1,,,,0,,,Phase 1
S-sulfo-L-cysteine,glutamate receptor agonist,,,,Tocris,90.28,N[C@@H](CSS(O)(=O)=O)C(O)=O,NOKPBJYHPHHWAN-REOHCLBHSA-N,Preclinical
S-trityl-L-cysteine,mitotic kinesin inhibitor,,,,"Labotest, Tocris, Tocris",92.53,"N[C@H](CSC(c1ccccc1)(c1ccccc1)c1ccccc1)C(O)=O, N[C@H](CSC(c1ccccc1)(c1ccccc1)c1ccccc1)C(O)=O, N[C@H](CSC(c1ccccc1)(c1ccccc1)c1ccccc1)C(O)=O","DLMYFMLKORXJPO-HXUWFJFHSA-N, DLMYFMLKORXJPO-HXUWFJFHSA-N, DLMYFMLKORXJPO-HXUWFJFHSA-N",Preclinical
S-07662,CAR antagonist,NR1I3,,,"Tocris, Tocris, Tocris, Tocris",98.5,"Cc1oc2ccccc2c1CNC(=O)NCc1cccs1, Cc1oc2ccccc2c1CNC(=O)NCc1cccs1, Cc1oc2ccccc2c1CNC(=O)NCc1cccs1, Cc1oc2ccccc2c1CNC(=O)NCc1cccs1","UITFWLJMEZPXOF-UHFFFAOYSA-N, UITFWLJMEZPXOF-UHFFFAOYSA-N, UITFWLJMEZPXOF-UHFFFAOYSA-N, UITFWLJMEZPXOF-UHFFFAOYSA-N",Preclinical
S-111,PARP inhibitor,PARP1,,,"MedChemEx, MedChemEx, MedChemEx, MedChemEx, MedChemEx, MedChemEx",100,"CC(C)=CCC[C@](C)(O)[C@H]1CC[C@]2(C)[C@@H]1[C@H](O)C[C@@H]1[C@@]3(C)CC[C@H](O)C(C)(C)[C@@H]3CC[C@@]21C, CC(C)=CCC[C@](C)(O)[C@H]1CC[C@]2(C)[C@@H]1[C@H](O)C[C@@H]1[C@@]3(C)CC[C@H](O)C(C)(C)[C@@H]3CC[C@@]21C, CC(C)=CCC[C@](C)(O)[C@H]1CC[C@]2(C)[C@@H]1[C@H](O)C[C@@H]1[C@@]3(C)CC[C@H](O)C(C)(C)[C@@H]3CC[C@@]21C, CC(C)=CCC[C@](C)(O)[C@H]1CC[C@]2(C)[C@@H]1[C@H](O)C[C@@H]1[C@@]3(C)CC[C@H](O)C(C)(C)[C@@H]3CC[C@@]21C, CC(C)=CCC[C@](C)(O)[C@H]1CC[C@]2(C)[C@@H]1[C@H](O)C[C@@H]1[C@@]3(C)CC[C@H](O)C(C)(C)[C@@H]3CC[C@@]21C, CC(C)=CCC[C@](C)(O)[C@H]1CC[C@]2(C)[C@@H]1[C@H](O)C[C@@H]1[C@@]3(C)CC[C@H](O)C(C)(C)[C@@H]3CC[C@@]21C","PYXFVCFISTUSOO-HKUCOEKDSA-N, PYXFVCFISTUSOO-HKUCOEKDSA-N, PYXFVCFISTUSOO-HKUCOEKDSA-N, PYXFVCFISTUSOO-HKUCOEKDSA-N, PYXFVCFISTUSOO-HKUCOEKDSA-N, PYXFVCFISTUSOO-HKUCOEKDSA-N",Phase 2
S-14506,serotonin receptor agonist,HTR1A,,,"Tocris, Tocris, Tocris, Tocris, Tocris, Tocris",99.32,"COc1ccc2cccc(N3CCN(CCNC(=O)c4ccc(F)cc4)CC3)c2c1, COc1ccc2cccc(N3CCN(CCNC(=O)c4ccc(F)cc4)CC3)c2c1, COc1ccc2cccc(N3CCN(CCNC(=O)c4ccc(F)cc4)CC3)c2c1, COc1ccc2cccc(N3CCN(CCNC(=O)c4ccc(F)cc4)CC3)c2c1, COc1ccc2cccc(N3CCN(CCNC(=O)c4ccc(F)cc4)CC3)c2c1, COc1ccc2cccc(N3CCN(CCNC(=O)c4ccc(F)cc4)CC3)c2c1","IFMQODYDAUKKEN-UHFFFAOYSA-N, IFMQODYDAUKKEN-UHFFFAOYSA-N, IFMQODYDAUKKEN-UHFFFAOYSA-N, IFMQODYDAUKKEN-UHFFFAOYSA-N, IFMQODYDAUKKEN-UHFFFAOYSA-N, IFMQODYDAUKKEN-UHFFFAOYSA-N",Preclinical
S-17092,prolyl endopeptidase inhibitor,,,,Sigma,86.56,O=C([C@@H]1C[C@H]1c1ccccc1)N1[C@H]2CCCC[C@H]2C[C@H]1C(=O)N1CCSC1,NXSXRIHXEQSYEZ-KNJMJIDISA-N,Preclinical
S-3304,matrix metalloprotease inhibitor,,,,MedChemEx,95.77,Cc1ccc(cc1)C#Cc1ccc(s1)S(=O)(=O)N[C@H](Cc1c[nH]c2ccccc12)C(O)=O,YWCLDDLVLSQGSZ-JOCHJYFZSA-N,Phase 1/Phase 2
S-38093,histamine receptor antagonist,,,,MedChemEx,91.5,NC(=O)c1ccc(OCCCN2C[C@@H]3CCC[C@@H]3C2)cc1 |r|,MRNMYWNBLVJWKG-GASCZTMLSA-N,Preclinical
SA-47,FAAH inhibitor,FAAH,,,"Tocris, Tocris",93.41,"CNC(=O)COC(=O)NCCC1CCN(CC1)c1cccc(C)n1, CNC(=O)COC(=O)NCCC1CCN(CC1)c1cccc(C)n1","HSYCMGWPPRTNKH-UHFFFAOYSA-N, HSYCMGWPPRTNKH-UHFFFAOYSA-N",Preclinical
saccharin,DNA polymerase inhibitor,"CA1, CA12, CA2, CA9",,,MicroSource,98.63,O=C1NS(=O)(=O)c2ccccc12,CVHZOJJKTDOEJC-UHFFFAOYSA-N,Launched
saclofen,GABA receptor antagonist,"GABBR1, GABBR2, KCTD12, KCTD16, KCTD8",,,"Tocris, Tocris, Tocris",97.13,"NC[C@@H](CS(O)(=O)=O)c1ccc(Cl)cc1 |&1:2,r|, NC[C@@H](CS(O)(=O)=O)c1ccc(Cl)cc1 |&1:2,r|, NC[C@@H](CS(O)(=O)=O)c1ccc(Cl)cc1 |&1:2,r|","JYLNVJYYQQXNEK-QMMMGPOBSA-N, JYLNVJYYQQXNEK-QMMMGPOBSA-N, JYLNVJYYQQXNEK-QMMMGPOBSA-N",Preclinical
sacubitril,neprilysin inhibitor,MME,cardiology,congestive heart failure,"MedChemEx, MedChemEx, MedChemEx, MedChemEx",99.59,"CCOC(=O)[C@H](C)C[C@@H](Cc1ccc(cc1)-c1ccccc1)NC(=O)CCC(O)=O, CCOC(=O)[C@H](C)C[C@@H](Cc1ccc(cc1)-c1ccccc1)NC(=O)CCC(O)=O, CCOC(=O)[C@H](C)C[C@@H](Cc1ccc(cc1)-c1ccccc1)NC(=O)CCC(O)=O, CCOC(=O)[C@H](C)C[C@@H](Cc1ccc(cc1)-c1ccccc1)NC(=O)CCC(O)=O","PYNXFZCZUAOOQC-UTKZUKDTSA-N, PYNXFZCZUAOOQC-UTKZUKDTSA-N, PYNXFZCZUAOOQC-UTKZUKDTSA-N, PYNXFZCZUAOOQC-UTKZUKDTSA-N",Launched
sacubitrilat,neprilysin inhibitor,,,,MedChemEx,97.52,[H]N([C@@H](C[C@@H](C)C(O)=O)Cc1ccc(cc1)-c1ccccc1)C(=O)CCC(O)=O,DOBNVUFHFMVMDB-BEFAXECRSA-N,Preclinical
safflower-yellow,anti-inflammatory agent,,,,MedChemEx,0,"OC[C@H]1O[C@@H]([C@H](O)[C@@H](O)[C@@H]1O)[C@]1(O)C(=O)[C@@H](\C=C2/C(=O)C(=C(O)\C=C\c3ccc(O)cc3)C(=O)[C@@](O)([C@H]3O[C@H](CO)[C@@H](O)[C@H](O)[C@H]3O)C2=O)C(=O)C(=C(O)\C=C\c2ccc(O)cc2)C1=O |a:2,5,7,9,11,34,38,41,43,45,&1:4,&2:15,&3:20,&4:36,&5:51|",HLUBVUICXYRPPM-DVSWWXTKSA-N,Preclinical
safinamide,"dopamine reuptake inhibitor, glutamate inhibitor, monoamine oxidase inhibitor",MAOB,neurology/psychiatry,Parkinson's Disease,"MedChemEx, Selleck",97.9,"C[C@H](NCc1ccc(OCc2cccc(F)c2)cc1)C(N)=O, C[C@H](NCc1ccc(OCc2cccc(F)c2)cc1)C(N)=O","NEMGRZFTLSKBAP-LBPRGKRZSA-N, NEMGRZFTLSKBAP-LBPRGKRZSA-N",Launched
safingol,PKC inhibitor,TRPM3,,,"Enzo, Tocris, Tocris",100,"CCCCCCCCCCCCCCC[C@@H](O)[C@@H](N)CO, CCCCCCCCCCCCCCC[C@@H](O)[C@@H](N)CO, CCCCCCCCCCCCCCC[C@@H](O)[C@@H](N)CO","OTKJDMGTUTTYMP-ZWKOTPCHSA-N, OTKJDMGTUTTYMP-ZWKOTPCHSA-N, OTKJDMGTUTTYMP-ZWKOTPCHSA-N",Phase 1
safranal,benzodiazepine receptor agonist,GABBR1,,,Sigma,0,"CC1=C(C=O)C(C)(C)CC=C1 |c:1,9|",SGAWOGXMMPSZPB-UHFFFAOYSA-N,Phase 2
SAG,smoothened receptor agonist,"SMO, TRPC6",,,"Tocris, Tocris, Tocris, Tocris, Tocris",96.59,"CN[C@H]1CC[C@@H](CC1)N(Cc1cccc(c1)-c1ccncc1)C(=O)c1sc2ccccc2c1Cl |r|, CN[C@H]1CC[C@@H](CC1)N(Cc1cccc(c1)-c1ccncc1)C(=O)c1sc2ccccc2c1Cl |r|, CN[C@H]1CC[C@@H](CC1)N(Cc1cccc(c1)-c1ccncc1)C(=O)c1sc2ccccc2c1Cl |r|, CN[C@H]1CC[C@@H](CC1)N(Cc1cccc(c1)-c1ccncc1)C(=O)c1sc2ccccc2c1Cl |r|, CN[C@H]1CC[C@@H](CC1)N(Cc1cccc(c1)-c1ccncc1)C(=O)c1sc2ccccc2c1Cl |r|","VFSUUTYAEQOIMW-YHBQERECSA-N, VFSUUTYAEQOIMW-YHBQERECSA-N, VFSUUTYAEQOIMW-YHBQERECSA-N, VFSUUTYAEQOIMW-YHBQERECSA-N, VFSUUTYAEQOIMW-YHBQERECSA-N",Preclinical
salazodine,,,,,Aronis,90.31,COc1ccc(NS(=O)(=O)c2ccc(cc2)N=Nc2ccc(O)c(c2)C(O)=O)nn1,YFUATOCFMCWUEH-UHFFFAOYSA-N,Phase 2
salicin,anti-inflammatory agent,,,,"MedChemEx, MicroSource, Selleck",99.21,"OC[C@H]1O[C@@H](Oc2ccccc2CO)[C@H](O)[C@@H](O)[C@@H]1O, OC[C@H]1O[C@@H](Oc2ccccc2CO)[C@H](O)[C@@H](O)[C@@H]1O, OC[C@H]1O[C@@H](Oc2ccccc2CO)[C@H](O)[C@@H](O)[C@@H]1O","NGFMICBWJRZIBI-UJPOAAIJSA-N, NGFMICBWJRZIBI-UJPOAAIJSA-N, NGFMICBWJRZIBI-UJPOAAIJSA-N",Phase 1
salicyl-alcohol,,,,,"MedChemEx, MicroSource, MicroSource",98.21,"OCc1ccccc1O, OCc1ccccc1O, OCc1ccccc1O","CQRYARSYNCAZFO-UHFFFAOYSA-N, CQRYARSYNCAZFO-UHFFFAOYSA-N, CQRYARSYNCAZFO-UHFFFAOYSA-N",Preclinical
salicylamide,analgesic agent,,"neurology/psychiatry, endocrinology","pain relief, fever","MedChemEx, MicroSource",98.74,"NC(=O)c1ccccc1O, NC(=O)c1ccccc1O","SKZKKFZAGNVIMN-UHFFFAOYSA-N, SKZKKFZAGNVIMN-UHFFFAOYSA-N",Launched
salicylanilide,other antibiotic,,,,"MedChemEx, MicroSource, Selleck",99.27,"Oc1ccccc1C(=O)Nc1ccccc1, Oc1ccccc1C(=O)Nc1ccccc1, Oc1ccccc1C(=O)Nc1ccccc1","WKEDVNSFRWHDNR-UHFFFAOYSA-N, WKEDVNSFRWHDNR-UHFFFAOYSA-N, WKEDVNSFRWHDNR-UHFFFAOYSA-N",Preclinical
salicylic-acid,"cyclooxygenase inhibitor, prostanoid receptor antagonist","AKR1C1, ASIC3, PTGS1, PTGS2","dermatology, endocrinology, neurology/psychiatry","acne vulgaris (AV), fever, pain relief","MedChemEx, MedChemEx, Selleck, MicroSource, MicroSource",98.74,"OC(=O)c1ccccc1O, OC(=O)c1ccccc1O, OC(=O)c1ccccc1O, OC(=O)c1ccccc1O, OC(=O)c1ccccc1O","YGSDEFSMJLZEOE-UHFFFAOYSA-N, YGSDEFSMJLZEOE-UHFFFAOYSA-N, YGSDEFSMJLZEOE-UHFFFAOYSA-N, YGSDEFSMJLZEOE-UHFFFAOYSA-N, YGSDEFSMJLZEOE-UHFFFAOYSA-N",Launched
salidroside,beta amyloid protein neurotoxicity inhibitor,APP,,,"Selleck, Selleck",97.85,"OC[C@H]1O[C@@H](OCCc2ccc(O)cc2)[C@H](O)[C@@H](O)[C@@H]1O, OC[C@H]1O[C@@H](OCCc2ccc(O)cc2)[C@H](O)[C@@H](O)[C@@H]1O","ILRCGYURZSFMEG-RKQHYHRCSA-N, ILRCGYURZSFMEG-RKQHYHRCSA-N",Preclinical
salinomycin,,,infectious disease,coccidiosis,Tocris,90.7,CC[C@H]([C@H]1CC[C@H](C)[C@@H](O1)[C@@H](C)[C@H](O)[C@H](C)C(=O)[C@H](CC)[C@H]1O[C@@]2(O[C@@]3(CC[C@](C)(O3)[C@H]3CC[C@](O)(CC)[C@H](C)O3)[C@H](O)C=C2)[C@H](C)C[C@@H]1C)C(O)=O |c:46|,KQXDHUJYNAXLNZ-XQSDOZFQSA-N,Launched
salirasib,mTOR inhibitor,TRPA1,,,"Tocris, Tocris, MedChemEx, MedChemEx",97.66,"CC(C)=CCC\C(C)=C\CC\C(C)=C\CSc1ccccc1C(O)=O, CC(C)=CCC\C(C)=C\CC\C(C)=C\CSc1ccccc1C(O)=O, CC(C)=CCC\C(C)=C\CC\C(C)=C\CSc1ccccc1C(O)=O, CC(C)=CCC\C(C)=C\CC\C(C)=C\CSc1ccccc1C(O)=O","WUILNKCFCLNXOK-CFBAGHHKSA-N, WUILNKCFCLNXOK-CFBAGHHKSA-N, WUILNKCFCLNXOK-CFBAGHHKSA-N, WUILNKCFCLNXOK-CFBAGHHKSA-N",Phase 2
salmeterol,adrenergic receptor agonist,ADRB2,pulmonary,"asthma, chronic obstructive pulmonary disease (COPD), bronchospasm","Sigma, MedChemEx, MedChemEx, Tocris, Tocris",67.68,"OCc1cc(ccc1O)[C@@H](O)CNCCCCCCOCCCCc1ccccc1 |&1:9|, OCc1cc(ccc1O)[C@@H](O)CNCCCCCCOCCCCc1ccccc1 |&1:9|, OCc1cc(ccc1O)[C@@H](O)CNCCCCCCOCCCCc1ccccc1 |&1:9|, OCc1cc(ccc1O)[C@@H](O)CNCCCCCCOCCCCc1ccccc1 |&1:9|, OCc1cc(ccc1O)[C@@H](O)CNCCCCCCOCCCCc1ccccc1 |&1:9|","GIIZNNXWQWCKIB-VWLOTQADSA-N, GIIZNNXWQWCKIB-VWLOTQADSA-N, GIIZNNXWQWCKIB-VWLOTQADSA-N, GIIZNNXWQWCKIB-VWLOTQADSA-N, GIIZNNXWQWCKIB-VWLOTQADSA-N",Launched
salsolinol-1-carboxylic-acid,,,,,"Tocris, Tocris",24.5,"C[C@]1(NCCc2cc(O)c(O)cc12)C(O)=O |&1:1,r|, C[C@]1(NCCc2cc(O)c(O)cc12)C(O)=O |&1:1,r|","XHGLVMDBZZZXDP-LLVKDONJSA-N, XHGLVMDBZZZXDP-LLVKDONJSA-N",Preclinical
salubrinal,eukaryotic translation initiation factor inhibitor,EIF2S1,,,"Tocris, Tocris, Selleck, Selleck, Selleck, Selleck",97.81,"ClC(Cl)(Cl)[C@H](NC(=S)Nc1cccc2cccnc12)NC(=O)\C=C\c1ccccc1 |&1:4,r|, ClC(Cl)(Cl)[C@H](NC(=S)Nc1cccc2cccnc12)NC(=O)\C=C\c1ccccc1 |&1:4,r|, ClC(Cl)(Cl)[C@H](NC(=S)Nc1cccc2cccnc12)NC(=O)\C=C\c1ccccc1 |&1:4,r|, ClC(Cl)(Cl)[C@H](NC(=S)Nc1cccc2cccnc12)NC(=O)\C=C\c1ccccc1 |&1:4,r|, ClC(Cl)(Cl)[C@H](NC(=S)Nc1cccc2cccnc12)NC(=O)\C=C\c1ccccc1 |&1:4,r|, ClC(Cl)(Cl)[C@H](NC(=S)Nc1cccc2cccnc12)NC(=O)\C=C\c1ccccc1 |&1:4,r|","LCOIAYJMPKXARU-CVTTXWKISA-N, LCOIAYJMPKXARU-CVTTXWKISA-N, LCOIAYJMPKXARU-CVTTXWKISA-N, LCOIAYJMPKXARU-CVTTXWKISA-N, LCOIAYJMPKXARU-CVTTXWKISA-N, LCOIAYJMPKXARU-CVTTXWKISA-N",Preclinical
salvianolic-acid-A,matrix metalloprotease inhibitor,,,,MedChemEx,100,OC(=O)[C@@H](Cc1ccc(O)c(O)c1)OC(=O)\C=C\c1ccc(O)c(O)c1\C=C\c1ccc(O)c(O)c1,YMGFTDKNIWPMGF-UCPJVGPRSA-N,Phase 1
salvianolic-acid-B,"EGFR inhibitor, metalloproteinase inhibitor",MMP9,,,"AvaChem, AvaChem",95.4,"OC(=O)[C@@H](Cc1ccc(O)c(O)c1)OC(=O)\C=C\c1ccc(O)c2O[C@H]([C@H](C(=O)O[C@H](Cc3ccc(O)c(O)c3)C(O)=O)c12)c1ccc(O)c(O)c1, OC(=O)[C@@H](Cc1ccc(O)c(O)c1)OC(=O)\C=C\c1ccc(O)c2O[C@H]([C@H](C(=O)O[C@H](Cc3ccc(O)c(O)c3)C(O)=O)c12)c1ccc(O)c(O)c1","SNKFFCBZYFGCQN-PDVBOLEISA-N, SNKFFCBZYFGCQN-PDVBOLEISA-N",Phase 2
salvinorin-A,opioid receptor agonist,"OPRD1, OPRK1, OPRM1",,,"Tocris, Enzo",96.14,"COC(=O)[C@@H]1C[C@H](OC(C)=O)C(=O)[C@H]2[C@@]1(C)CC[C@H]1C(=O)O[C@@H](C[C@]21C)c1ccoc1, COC(=O)[C@@H]1C[C@H](OC(C)=O)C(=O)[C@H]2[C@@]1(C)CC[C@H]1C(=O)O[C@@H](C[C@]21C)c1ccoc1","OBSYBRPAKCASQB-AGQYDFLVSA-N, OBSYBRPAKCASQB-AGQYDFLVSA-N",Phase 1
sal003,eukaryotic translation initiation factor inhibitor,EIF2A,,,"Tocris, Selleck, Selleck, Tocris, Tocris",96.4,"Clc1ccc(NC(=S)N[C@H](NC(=O)\C=C\c2ccccc2)C(Cl)(Cl)Cl)cc1 |&1:9,r|, Clc1ccc(NC(=S)N[C@H](NC(=O)\C=C\c2ccccc2)C(Cl)(Cl)Cl)cc1 |&1:9,r|, Clc1ccc(NC(=S)N[C@H](NC(=O)\C=C\c2ccccc2)C(Cl)(Cl)Cl)cc1 |&1:9,r|, Clc1ccc(NC(=S)N[C@H](NC(=O)\C=C\c2ccccc2)C(Cl)(Cl)Cl)cc1 |&1:9,r|, Clc1ccc(NC(=S)N[C@H](NC(=O)\C=C\c2ccccc2)C(Cl)(Cl)Cl)cc1 |&1:9,r|","TVNBASWNLOIQML-RFKZRZAASA-N, TVNBASWNLOIQML-RFKZRZAASA-N, TVNBASWNLOIQML-RFKZRZAASA-N, TVNBASWNLOIQML-RFKZRZAASA-N, TVNBASWNLOIQML-RFKZRZAASA-N",Preclinical
SAM-315,serotonin receptor antagonist,,,,Sigma,92.25,O=S(=O)(c1n[nH]c2ccc(cc12)N1CCNCC1)c1cccc2ccccc12,FYOVZCDHYOEKDE-UHFFFAOYSA-N,Preclinical
sameridine,opioid receptor modulator,,,,Sigma,91.84,CCCCCCN1CCC(CC1)(C(=O)N(C)CC)c1ccccc1,TYWUGCGYWNSRPS-UHFFFAOYSA-N,Preclinical
sanazole,,,,,Asinex,98.04,COCCNC(=O)Cn1cnc(n1)[N+]([O-])=O,YKDRHKCETNMLHL-UHFFFAOYSA-N,Phase 1
sancycline,antitumor agent,,,,MedChemEx,80.98,"[H][C@@]12Cc3cccc(O)c3C(=O)[C@@H]1C(=O)[C@]1(O)C(=O)[C@H](C(N)=O)C(=O)[C@@H](N(C)C)[C@]1([H])C2 |&1:19,&2:12|",CRNIKQQPTHSPBA-IEPLVVIMSA-N,Preclinical
sangivamycin,DNA inhibitor,,,,"Toronto, Toronto",95.21,"NC(=O)c1cn([C@@H]2O[C@H](CO)[C@@H](O)[C@H]2O)c2ncnc(N)c12, NC(=O)c1cn([C@@H]2O[C@H](CO)[C@@H](O)[C@H]2O)c2ncnc(N)c12","OBZJZDHRXBKKTJ-JTFADIMSSA-N, OBZJZDHRXBKKTJ-JTFADIMSSA-N",Phase 1
sanguinarium-chloride,apoptosis stimulant,CASP3,,,"MicroSource, MicroSource, MicroSource, Sigma, Sigma, Sigma, Sigma, Sigma",92.68,"C[n+]1cc2c3OCOc3ccc2c2ccc3cc4OCOc4cc3c12, C[n+]1cc2c3OCOc3ccc2c2ccc3cc4OCOc4cc3c12, C[n+]1cc2c3OCOc3ccc2c2ccc3cc4OCOc4cc3c12, C[n+]1cc2c3OCOc3ccc2c2ccc3cc4OCOc4cc3c12, C[n+]1cc2c3OCOc3ccc2c2ccc3cc4OCOc4cc3c12, C[n+]1cc2c3OCOc3ccc2c2ccc3cc4OCOc4cc3c12, C[n+]1cc2c3OCOc3ccc2c2ccc3cc4OCOc4cc3c12, C[n+]1cc2c3OCOc3ccc2c2ccc3cc4OCOc4cc3c12","INVGWHRKADIJHF-UHFFFAOYSA-N, INVGWHRKADIJHF-UHFFFAOYSA-N, INVGWHRKADIJHF-UHFFFAOYSA-N, INVGWHRKADIJHF-UHFFFAOYSA-N, INVGWHRKADIJHF-UHFFFAOYSA-N, INVGWHRKADIJHF-UHFFFAOYSA-N, INVGWHRKADIJHF-UHFFFAOYSA-N, INVGWHRKADIJHF-UHFFFAOYSA-N",Phase 1
SANT-1,smoothened receptor antagonist,"SHH, SMO",,,"Tocris, Tocris, Selleck, Selleck, Selleck, Tocris, Tocris",96.37,"Cc1nn(c(C)c1\C=N\N1CCN(Cc2ccccc2)CC1)-c1ccccc1, Cc1nn(c(C)c1\C=N\N1CCN(Cc2ccccc2)CC1)-c1ccccc1, Cc1nn(c(C)c1\C=N\N1CCN(Cc2ccccc2)CC1)-c1ccccc1, Cc1nn(c(C)c1\C=N\N1CCN(Cc2ccccc2)CC1)-c1ccccc1, Cc1nn(c(C)c1\C=N\N1CCN(Cc2ccccc2)CC1)-c1ccccc1, Cc1nn(c(C)c1\C=N\N1CCN(Cc2ccccc2)CC1)-c1ccccc1, Cc1nn(c(C)c1\C=N\N1CCN(Cc2ccccc2)CC1)-c1ccccc1","FOORCIAZMIWALX-JJIBRWJFSA-N, FOORCIAZMIWALX-JJIBRWJFSA-N, FOORCIAZMIWALX-JJIBRWJFSA-N, FOORCIAZMIWALX-JJIBRWJFSA-N, FOORCIAZMIWALX-JJIBRWJFSA-N, FOORCIAZMIWALX-JJIBRWJFSA-N, FOORCIAZMIWALX-JJIBRWJFSA-N",Preclinical
SANT-2,smoothened receptor antagonist,"SHH, SMO",,,"Tocris, Tocris, Tocris, Tocris, Tocris, Tocris",98.44,"CCOc1cc(cc(OCC)c1OCC)C(=O)Nc1ccc(Cl)c(c1)-c1nc2ccccc2[nH]1, CCOc1cc(cc(OCC)c1OCC)C(=O)Nc1ccc(Cl)c(c1)-c1nc2ccccc2[nH]1, CCOc1cc(cc(OCC)c1OCC)C(=O)Nc1ccc(Cl)c(c1)-c1nc2ccccc2[nH]1, CCOc1cc(cc(OCC)c1OCC)C(=O)Nc1ccc(Cl)c(c1)-c1nc2ccccc2[nH]1, CCOc1cc(cc(OCC)c1OCC)C(=O)Nc1ccc(Cl)c(c1)-c1nc2ccccc2[nH]1, CCOc1cc(cc(OCC)c1OCC)C(=O)Nc1ccc(Cl)c(c1)-c1nc2ccccc2[nH]1","VQOJFGFKIVFMDH-UHFFFAOYSA-N, VQOJFGFKIVFMDH-UHFFFAOYSA-N, VQOJFGFKIVFMDH-UHFFFAOYSA-N, VQOJFGFKIVFMDH-UHFFFAOYSA-N, VQOJFGFKIVFMDH-UHFFFAOYSA-N, VQOJFGFKIVFMDH-UHFFFAOYSA-N",Preclinical
sapacitabine,DNA synthesis inhibitor,,,,MedChemEx,100,CCCCCCCCCCCCCCCC(=O)Nc1ccn([C@@H]2O[C@H](CO)[C@@H](O)[C@@H]2C#N)c(=O)n1,LBGFKUUHOPIEMA-PEARBKPGSA-N,Phase 3
sapropterin,phenylalanine 4-hydroxylase stimulant,"NOS3, PAH, TH, TPH1",metabolism,hyperphenylalaninemia (HPA),"Cayman, Cayman, Cayman",84.77,"C[C@H](O)[C@H](O)[C@H]1CNc2[nH]c(N)nc(=O)c2N1, C[C@H](O)[C@H](O)[C@H]1CNc2[nH]c(N)nc(=O)c2N1, C[C@H](O)[C@H](O)[C@H]1CNc2[nH]c(N)nc(=O)c2N1","FNKQXYHWGSIFBK-RPDRRWSUSA-N, FNKQXYHWGSIFBK-RPDRRWSUSA-N, FNKQXYHWGSIFBK-RPDRRWSUSA-N",Launched
saquinavir,HIV protease inhibitor,CYP3A4,infectious disease,human immunodeficiency virus (HIV-1),"Tocris, Tocris, Tocris, Tocris, MedChemEx, MedChemEx",98.85,"CC(C)(C)NC(=O)[C@@H]1C[C@@H]2CCCC[C@@H]2CN1C[C@@H](O)[C@H](Cc1ccccc1)NC(=O)[C@H](CC(N)=O)NC(=O)c1ccc2ccccc2n1, CC(C)(C)NC(=O)[C@@H]1C[C@@H]2CCCC[C@@H]2CN1C[C@@H](O)[C@H](Cc1ccccc1)NC(=O)[C@H](CC(N)=O)NC(=O)c1ccc2ccccc2n1, CC(C)(C)NC(=O)[C@@H]1C[C@@H]2CCCC[C@@H]2CN1C[C@@H](O)[C@H](Cc1ccccc1)NC(=O)[C@H](CC(N)=O)NC(=O)c1ccc2ccccc2n1, CC(C)(C)NC(=O)[C@@H]1C[C@@H]2CCCC[C@@H]2CN1C[C@@H](O)[C@H](Cc1ccccc1)NC(=O)[C@H](CC(N)=O)NC(=O)c1ccc2ccccc2n1, CC(C)(C)NC(=O)[C@@H]1C[C@@H]2CCCC[C@@H]2CN1C[C@@H](O)[C@H](Cc1ccccc1)NC(=O)[C@H](CC(N)=O)NC(=O)c1ccc2ccccc2n1, CC(C)(C)NC(=O)[C@@H]1C[C@@H]2CCCC[C@@H]2CN1C[C@@H](O)[C@H](Cc1ccccc1)NC(=O)[C@H](CC(N)=O)NC(=O)c1ccc2ccccc2n1","QWAXKHKRTORLEM-UGJKXSETSA-N, QWAXKHKRTORLEM-UGJKXSETSA-N, QWAXKHKRTORLEM-UGJKXSETSA-N, QWAXKHKRTORLEM-UGJKXSETSA-N, QWAXKHKRTORLEM-UGJKXSETSA-N, QWAXKHKRTORLEM-UGJKXSETSA-N",Launched
SAR-245409,PI3K inhibitor,"MTOR, PIK3CG",,,Selleck,95.59,COc1cc(Nc2nc3ccccc3nc2NS(=O)(=O)c2ccc(NC(=O)c3ccc(C)c(OC)c3)cc2)cc(OC)c1,HJSSPYJVWLTYHG-UHFFFAOYSA-N,Phase 1/Phase 2
saracatinib,SRC inhibitor,"ABL1, LCK, SRC, YES1",,,"Selleck, Selleck, Selleck, Selleck, Selleck, Selleck, Selleck, Stanley, Stanley, Stanley, Stanley, Stanley, Stanley, Stanley, Stanley, Stanley",98.23,"CN1CCN(CCOc2cc(OC3CCOCC3)c3c(Nc4c5OCOc5ccc4Cl)ncnc3c2)CC1, CN1CCN(CCOc2cc(OC3CCOCC3)c3c(Nc4c5OCOc5ccc4Cl)ncnc3c2)CC1, CN1CCN(CCOc2cc(OC3CCOCC3)c3c(Nc4c5OCOc5ccc4Cl)ncnc3c2)CC1, CN1CCN(CCOc2cc(OC3CCOCC3)c3c(Nc4c5OCOc5ccc4Cl)ncnc3c2)CC1, CN1CCN(CCOc2cc(OC3CCOCC3)c3c(Nc4c5OCOc5ccc4Cl)ncnc3c2)CC1, CN1CCN(CCOc2cc(OC3CCOCC3)c3c(Nc4c5OCOc5ccc4Cl)ncnc3c2)CC1, CN1CCN(CCOc2cc(OC3CCOCC3)c3c(Nc4c5OCOc5ccc4Cl)ncnc3c2)CC1, CN1CCN(CCOc2cc(OC3CCOCC3)c3c(Nc4c5OCOc5ccc4Cl)ncnc3c2)CC1, CN1CCN(CCOc2cc(OC3CCOCC3)c3c(Nc4c5OCOc5ccc4Cl)ncnc3c2)CC1, CN1CCN(CCOc2cc(OC3CCOCC3)c3c(Nc4c5OCOc5ccc4Cl)ncnc3c2)CC1, CN1CCN(CCOc2cc(OC3CCOCC3)c3c(Nc4c5OCOc5ccc4Cl)ncnc3c2)CC1, CN1CCN(CCOc2cc(OC3CCOCC3)c3c(Nc4c5OCOc5ccc4Cl)ncnc3c2)CC1, CN1CCN(CCOc2cc(OC3CCOCC3)c3c(Nc4c5OCOc5ccc4Cl)ncnc3c2)CC1, CN1CCN(CCOc2cc(OC3CCOCC3)c3c(Nc4c5OCOc5ccc4Cl)ncnc3c2)CC1, CN1CCN(CCOc2cc(OC3CCOCC3)c3c(Nc4c5OCOc5ccc4Cl)ncnc3c2)CC1, CN1CCN(CCOc2cc(OC3CCOCC3)c3c(Nc4c5OCOc5ccc4Cl)ncnc3c2)CC1","OUKYUETWWIPKQR-UHFFFAOYSA-N, OUKYUETWWIPKQR-UHFFFAOYSA-N, OUKYUETWWIPKQR-UHFFFAOYSA-N, OUKYUETWWIPKQR-UHFFFAOYSA-N, OUKYUETWWIPKQR-UHFFFAOYSA-N, OUKYUETWWIPKQR-UHFFFAOYSA-N, OUKYUETWWIPKQR-UHFFFAOYSA-N, InChI=1S/C27H32ClN5O5/c1-32-6-8-33(9-7-32)10-13-35-19-14-21-24(23(15-19)38-18-4-11-34-12-5-18)27(30-16-29-21)31-25-20(28)2-3-22-26(25)37-17-36-22/h2-3,14-16,18H,4-13,17H2,1H3,(H,29,30,31), InChI=1S/C27H32ClN5O5/c1-32-6-8-33(9-7-32)10-13-35-19-14-21-24(23(15-19)38-18-4-11-34-12-5-18)27(30-16-29-21)31-25-20(28)2-3-22-26(25)37-17-36-22/h2-3,14-16,18H,4-13,17H2,1H3,(H,29,30,31), InChI=1S/C27H32ClN5O5/c1-32-6-8-33(9-7-32)10-13-35-19-14-21-24(23(15-19)38-18-4-11-34-12-5-18)27(30-16-29-21)31-25-20(28)2-3-22-26(25)37-17-36-22/h2-3,14-16,18H,4-13,17H2,1H3,(H,29,30,31), InChI=1S/C27H32ClN5O5/c1-32-6-8-33(9-7-32)10-13-35-19-14-21-24(23(15-19)38-18-4-11-34-12-5-18)27(30-16-29-21)31-25-20(28)2-3-22-26(25)37-17-36-22/h2-3,14-16,18H,4-13,17H2,1H3,(H,29,30,31), InChI=1S/C27H32ClN5O5/c1-32-6-8-33(9-7-32)10-13-35-19-14-21-24(23(15-19)38-18-4-11-34-12-5-18)27(30-16-29-21)31-25-20(28)2-3-22-26(25)37-17-36-22/h2-3,14-16,18H,4-13,17H2,1H3,(H,29,30,31), InChI=1S/C27H32ClN5O5/c1-32-6-8-33(9-7-32)10-13-35-19-14-21-24(23(15-19)38-18-4-11-34-12-5-18)27(30-16-29-21)31-25-20(28)2-3-22-26(25)37-17-36-22/h2-3,14-16,18H,4-13,17H2,1H3,(H,29,30,31), InChI=1S/C27H32ClN5O5/c1-32-6-8-33(9-7-32)10-13-35-19-14-21-24(23(15-19)38-18-4-11-34-12-5-18)27(30-16-29-21)31-25-20(28)2-3-22-26(25)37-17-36-22/h2-3,14-16,18H,4-13,17H2,1H3,(H,29,30,31), InChI=1S/C27H32ClN5O5/c1-32-6-8-33(9-7-32)10-13-35-19-14-21-24(23(15-19)38-18-4-11-34-12-5-18)27(30-16-29-21)31-25-20(28)2-3-22-26(25)37-17-36-22/h2-3,14-16,18H,4-13,17H2,1H3,(H,29,30,31), InChI=1S/C27H32ClN5O5/c1-32-6-8-33(9-7-32)10-13-35-19-14-21-24(23(15-19)38-18-4-11-34-12-5-18)27(30-16-29-21)31-25-20(28)2-3-22-26(25)37-17-36-22/h2-3,14-16,18H,4-13,17H2,1H3,(H,29,30,31)",Phase 2/Phase 3
sarafloxacin,bacterial DNA gyrase inhibitor,,infectious disease,"gram-negative bacterial infections, gram-positive bacterial infections","MicroSource, MedChemEx, Selleck",95.86,"OC(=O)c1cn(-c2ccc(F)cc2)c2cc(N3CCNCC3)c(F)cc2c1=O, OC(=O)c1cn(-c2ccc(F)cc2)c2cc(N3CCNCC3)c(F)cc2c1=O, OC(=O)c1cn(-c2ccc(F)cc2)c2cc(N3CCNCC3)c(F)cc2c1=O","XBHBWNFJWIASRO-UHFFFAOYSA-N, XBHBWNFJWIASRO-UHFFFAOYSA-N, XBHBWNFJWIASRO-UHFFFAOYSA-N",Launched
sarcosine,glycine transporter inhibitor,SLC6A9,,,Enamine,86.26,CNCC(O)=O,FSYKKLYZXJSNPZ-UHFFFAOYSA-N,Phase 2
sardomozide,S-adenosylmethionine decarboxylase inhibitor,,,,MedChemEx,89.7,NC(=N)N\N=C1/CCc2c1cccc2C(N)=N,CYPGNVSXMAUSJY-CXUHLZMHSA-N,Preclinical
sari-59-801,,,,,"Sigma, Sigma",93.49,"CCc1noc(C)c1-c1[nH]c2ccccc2c1[C@@H](O)CN(C)C |&1:17,r|, CCc1noc(C)c1-c1[nH]c2ccccc2c1[C@@H](O)CN(C)C |&1:17,r|","GMGOZCSXMVXXRS-HNNXBMFYSA-N, GMGOZCSXMVXXRS-HNNXBMFYSA-N",Phase 1
saroglitazar,PPAR receptor agonist,"PPARA, PPARG","endocrinology, cardiology, gastroenterology","diabetes mellitus, dyslipidemia, non-alcoholic steatohepatitis (NASH)","MedChemEx, Synnovator",67.76,"CCO[C@@H](Cc1ccc(OCCn2c(C)ccc2-c2ccc(SC)cc2)cc1)C(O)=O, CCO[C@@H](Cc1ccc(OCCn2c(C)ccc2-c2ccc(SC)cc2)cc1)C(O)=O","MRWFZSLZNUJVQW-DEOSSOPVSA-N, MRWFZSLZNUJVQW-DEOSSOPVSA-N",Launched
sarpogrelate,serotonin receptor antagonist,"HTR2A, HTR2B, HTR2C","endocrinology, cardiology, rheumatology","diabetes mellitus, angina pectoris, Raynaud's disease, atherosclerosis, Buerger's disease","Tocris, MedChemEx, Tocris, Tocris",97.73,"COc1cccc(CCc2ccccc2OC[C@@H](CN(C)C)OC(=O)CCC(O)=O)c1 |&1:17|, COc1cccc(CCc2ccccc2OC[C@@H](CN(C)C)OC(=O)CCC(O)=O)c1 |&1:17|, COc1cccc(CCc2ccccc2OC[C@@H](CN(C)C)OC(=O)CCC(O)=O)c1 |&1:17|, COc1cccc(CCc2ccccc2OC[C@@H](CN(C)C)OC(=O)CCC(O)=O)c1 |&1:17|","FFYNAVGJSYHHFO-OAQYLSRUSA-N, FFYNAVGJSYHHFO-OAQYLSRUSA-N, FFYNAVGJSYHHFO-OAQYLSRUSA-N, FFYNAVGJSYHHFO-OAQYLSRUSA-N",Launched
SAR131675,VEGFR inhibitor,FLT4,,,"Selleck, MedChemEx",95.92,"CCn1c(N)c(C(=O)NC)c(=O)c2ccc(nc12)C#C[C@@](C)(O)COC, CCn1c(N)c(C(=O)NC)c(=O)c2ccc(nc12)C#C[C@@](C)(O)COC","PFMPOBVAYMTUOX-GOSISDBHSA-N, PFMPOBVAYMTUOX-GOSISDBHSA-N",Preclinical
SAR405,PI3K inhibitor,PIK3C3,,,"MedChemEx, MedChemEx, MedChemEx, MedChemEx",93.1,"C[C@@H]1COCCN1c1cc(=O)n2CC[C@H](N(Cc3cncc(Cl)c3)c2n1)C(F)(F)F, C[C@@H]1COCCN1c1cc(=O)n2CC[C@H](N(Cc3cncc(Cl)c3)c2n1)C(F)(F)F, C[C@@H]1COCCN1c1cc(=O)n2CC[C@H](N(Cc3cncc(Cl)c3)c2n1)C(F)(F)F, C[C@@H]1COCCN1c1cc(=O)n2CC[C@H](N(Cc3cncc(Cl)c3)c2n1)C(F)(F)F","SPDQRCUBFSRAFI-DOMZBBRYSA-N, SPDQRCUBFSRAFI-DOMZBBRYSA-N, SPDQRCUBFSRAFI-DOMZBBRYSA-N, SPDQRCUBFSRAFI-DOMZBBRYSA-N",Preclinical
SAR405838,MDM inhibitor,MDM2,,,"MedChemEx, MedChemEx, Selleck, Selleck, Selleck, Selleck, MedChemEx, MedChemEx",87.15,"CC(C)(C)C[C@@H]1N[C@H]([C@H](c2cccc(Cl)c2F)[C@]11C(=O)Nc2cc(Cl)ccc12)C(=O)N[C@H]1CC[C@H](O)CC1, CC(C)(C)C[C@@H]1N[C@H]([C@H](c2cccc(Cl)c2F)[C@]11C(=O)Nc2cc(Cl)ccc12)C(=O)N[C@H]1CC[C@H](O)CC1, CC(C)(C)C[C@@H]1N[C@H]([C@H](c2cccc(Cl)c2F)[C@]11C(=O)Nc2cc(Cl)ccc12)C(=O)N[C@H]1CC[C@H](O)CC1, CC(C)(C)C[C@@H]1N[C@H]([C@H](c2cccc(Cl)c2F)[C@]11C(=O)Nc2cc(Cl)ccc12)C(=O)N[C@H]1CC[C@H](O)CC1, CC(C)(C)C[C@@H]1N[C@H]([C@H](c2cccc(Cl)c2F)[C@]11C(=O)Nc2cc(Cl)ccc12)C(=O)N[C@H]1CC[C@H](O)CC1, CC(C)(C)C[C@@H]1N[C@H]([C@H](c2cccc(Cl)c2F)[C@]11C(=O)Nc2cc(Cl)ccc12)C(=O)N[C@H]1CC[C@H](O)CC1, CC(C)(C)C[C@@H]1N[C@H]([C@H](c2cccc(Cl)c2F)[C@]11C(=O)Nc2cc(Cl)ccc12)C(=O)N[C@H]1CC[C@H](O)CC1, CC(C)(C)C[C@@H]1N[C@H]([C@H](c2cccc(Cl)c2F)[C@]11C(=O)Nc2cc(Cl)ccc12)C(=O)N[C@H]1CC[C@H](O)CC1","IDKAKZRYYDCJDU-HBMMIIHUSA-N, IDKAKZRYYDCJDU-HBMMIIHUSA-N, IDKAKZRYYDCJDU-HBMMIIHUSA-N, IDKAKZRYYDCJDU-HBMMIIHUSA-N, IDKAKZRYYDCJDU-HBMMIIHUSA-N, IDKAKZRYYDCJDU-HBMMIIHUSA-N, IDKAKZRYYDCJDU-HBMMIIHUSA-N, IDKAKZRYYDCJDU-HBMMIIHUSA-N",Phase 1
SAR407899,rho associated kinase inhibitor,ROCK1,,,"MedChemEx, MedChemEx, MedChemEx",94.32,"O=c1[nH]ccc2cc(OC3CCNCC3)ccc12, O=c1[nH]ccc2cc(OC3CCNCC3)ccc12, O=c1[nH]ccc2cc(OC3CCNCC3)ccc12","IPEXHQGMTHOKQV-UHFFFAOYSA-N, IPEXHQGMTHOKQV-UHFFFAOYSA-N, IPEXHQGMTHOKQV-UHFFFAOYSA-N",Phase 2
sasapyrine,NFkB pathway inhibitor,"PTGS1, PTGS2",rheumatology,"osteoarthritis, rheumatoid arthritis","MicroSource, MedChemEx, Selleck",97.73,"OC(=O)c1ccccc1OC(=O)c1ccccc1O, OC(=O)c1ccccc1OC(=O)c1ccccc1O, OC(=O)c1ccccc1OC(=O)c1ccccc1O","WVYADZUPLLSGPU-UHFFFAOYSA-N, WVYADZUPLLSGPU-UHFFFAOYSA-N, WVYADZUPLLSGPU-UHFFFAOYSA-N",Launched
satraplatin,DNA alkylating agent,,,,"MedChemEx, MedChemEx",96.09,"CC(=O)O[Pt](N)(Cl)(Cl)(NC1CCCCC1)OC(C)=O, CC(=O)O[Pt](N)(Cl)(Cl)(NC1CCCCC1)OC(C)=O","JWTNVKZACPRKPF-UHFFFAOYSA-J, JWTNVKZACPRKPF-UHFFFAOYSA-J",Phase 3
savolitinib,c-Met inhibitor,MET,,,"MedChemEx, MedChemEx, MedChemEx",97.52,"C[C@@H](c1ccc2nccn2c1)n1nnc2ncc(nc12)-c1cnn(C)c1, C[C@@H](c1ccc2nccn2c1)n1nnc2ncc(nc12)-c1cnn(C)c1, C[C@@H](c1ccc2nccn2c1)n1nnc2ncc(nc12)-c1cnn(C)c1","XYDNMOZJKOGZLS-NSHDSACASA-N, XYDNMOZJKOGZLS-NSHDSACASA-N, XYDNMOZJKOGZLS-NSHDSACASA-N",Phase 3
saxagliptin,dipeptidyl peptidase inhibitor,DPP4,endocrinology,diabetes mellitus,MedChemEx,100,N[C@H](C(=O)N1[C@H]2C[C@H]2C[C@H]1C#N)[C@]12C[C@H]3C[C@H](C[C@](O)(C3)C1)C2,QGJUIPDUBHWZPV-YQBUGCKMSA-N,Launched
SB-200646,serotonin receptor antagonist,"HTR2B, HTR2C",,,"Tocris, Tocris, Tocris, Tocris, Tocris",95.8,"Cn1ccc2cc(NC(=O)Nc3cccnc3)ccc12, Cn1ccc2cc(NC(=O)Nc3cccnc3)ccc12, Cn1ccc2cc(NC(=O)Nc3cccnc3)ccc12, Cn1ccc2cc(NC(=O)Nc3cccnc3)ccc12, Cn1ccc2cc(NC(=O)Nc3cccnc3)ccc12","OJZZJTLBYXHUSJ-UHFFFAOYSA-N, OJZZJTLBYXHUSJ-UHFFFAOYSA-N, OJZZJTLBYXHUSJ-UHFFFAOYSA-N, OJZZJTLBYXHUSJ-UHFFFAOYSA-N, OJZZJTLBYXHUSJ-UHFFFAOYSA-N",Preclinical
SB-202190,p38 MAPK inhibitor,"AKT1, ALOX5, CHEK1, GSK3B, LCK, MAPK1, MAPK11, MAPK12, MAPK14, MAPK8, PRKCA, ROCK1, RPS6KB1, SGK1",,,"Tocris, Tocris, Selleck",94.52,"Oc1ccc(cc1)-c1nc(c([nH]1)-c1ccc(F)cc1)-c1ccncc1, Oc1ccc(cc1)-c1nc(c([nH]1)-c1ccc(F)cc1)-c1ccncc1, Oc1ccc(cc1)-c1nc(c([nH]1)-c1ccc(F)cc1)-c1ccncc1","QHKYPYXTTXKZST-UHFFFAOYSA-N, QHKYPYXTTXKZST-UHFFFAOYSA-N, QHKYPYXTTXKZST-UHFFFAOYSA-N",Preclinical
SB-203186,serotonin receptor antagonist,HTR4,,,"Tocris, Tocris",98.69,"O=C(OCCN1CCCCC1)c1c[nH]c2ccccc12, O=C(OCCN1CCCCC1)c1c[nH]c2ccccc12","YGKPIROTKVQCCU-UHFFFAOYSA-N, YGKPIROTKVQCCU-UHFFFAOYSA-N",Preclinical
SB-203580,p38 MAPK inhibitor,"AKT1, ALOX5, CHEK1, CYP2D6, CYP3A4, GAK, GSK3B, LCK, MAPK1, MAPK10, MAPK11, MAPK12, MAPK14, MAPK8, MAPK9, PRKCA, RAF1, RIPK2, ROCK1, RPS6KB1, SGK1, SRC, TNF",,,"Selleck, Tocris",98.22,"C[S@@](=O)c1ccc(cc1)-c1nc(c([nH]1)-c1ccc(F)cc1)-c1ccncc1 |&1:1|, C[S@@](=O)c1ccc(cc1)-c1nc(c([nH]1)-c1ccc(F)cc1)-c1ccncc1 |&1:1|","CDMGBJANTYXAIV-HHHXNRCGSA-N, CDMGBJANTYXAIV-HHHXNRCGSA-N",Preclinical
SB-205384,GABA receptor modulator,"GABRA3, GABRA5, GABRA6",,,"Tocris, Tocris, Tocris, Tocris, Tocris, Tocris, Tocris",96.8,"CC#CCOC(=O)c1c(C)nc2sc3C[C@@H](O)CCc3c2c1N |&1:15,r|, CC#CCOC(=O)c1c(C)nc2sc3C[C@@H](O)CCc3c2c1N |&1:15,r|, CC#CCOC(=O)c1c(C)nc2sc3C[C@@H](O)CCc3c2c1N |&1:15,r|, CC#CCOC(=O)c1c(C)nc2sc3C[C@@H](O)CCc3c2c1N |&1:15,r|, CC#CCOC(=O)c1c(C)nc2sc3C[C@@H](O)CCc3c2c1N |&1:15,r|, CC#CCOC(=O)c1c(C)nc2sc3C[C@@H](O)CCc3c2c1N |&1:15,r|, CC#CCOC(=O)c1c(C)nc2sc3C[C@@H](O)CCc3c2c1N |&1:15,r|","JDTZAGLGBRRCJT-JTQLQIEISA-N, JDTZAGLGBRRCJT-JTQLQIEISA-N, JDTZAGLGBRRCJT-JTQLQIEISA-N, JDTZAGLGBRRCJT-JTQLQIEISA-N, JDTZAGLGBRRCJT-JTQLQIEISA-N, JDTZAGLGBRRCJT-JTQLQIEISA-N, JDTZAGLGBRRCJT-JTQLQIEISA-N",Preclinical
SB-206553,serotonin receptor antagonist,"HTR2A, HTR2B, HTR2C",,,"Tocris, Tocris, Tocris",95.94,"Cn1ccc2cc3N(CCc3cc12)C(=O)Nc1cccnc1, Cn1ccc2cc3N(CCc3cc12)C(=O)Nc1cccnc1, Cn1ccc2cc3N(CCc3cc12)C(=O)Nc1cccnc1","QJQORSLQNXDVGE-UHFFFAOYSA-N, QJQORSLQNXDVGE-UHFFFAOYSA-N, QJQORSLQNXDVGE-UHFFFAOYSA-N",Preclinical
SB-216641,serotonin receptor antagonist,"HTR1A, HTR1B, HTR1D, HTR2A, HTR2B, HTR2C",,,"Tocris, Tocris",92.59,"COc1ccc(NC(=O)c2ccc(cc2)-c2ccc(cc2C)-c2noc(C)n2)cc1OCCN(C)C, COc1ccc(NC(=O)c2ccc(cc2)-c2ccc(cc2C)-c2noc(C)n2)cc1OCCN(C)C","JRNUKVFYILMMLX-UHFFFAOYSA-N, JRNUKVFYILMMLX-UHFFFAOYSA-N",Preclinical
SB-216763,glycogen synthase kinase inhibitor,"CCNA2, CDK2, GSK3A, GSK3B",,,"Selleck, Tocris",98.45,"Cn1cc(C2=C(C(=O)NC2=O)c2ccc(Cl)cc2Cl)c2ccccc12 |t:4|, Cn1cc(C2=C(C(=O)NC2=O)c2ccc(Cl)cc2Cl)c2ccccc12 |t:4|","JCSGFHVFHSKIJH-UHFFFAOYSA-N, JCSGFHVFHSKIJH-UHFFFAOYSA-N",Preclinical
SB-218078,CHK inhibitor,CHEK1,,,,0,,,Preclinical
SB-218795,tachykinin antagonist,TACR3,,,"Tocris, Tocris, Tocris",97.4,"COC(=O)[C@H](NC(=O)c1cc(nc2ccccc12)-c1ccccc1)c1ccccc1, COC(=O)[C@H](NC(=O)c1cc(nc2ccccc12)-c1ccccc1)c1ccccc1, COC(=O)[C@H](NC(=O)c1cc(nc2ccccc12)-c1ccccc1)c1ccccc1","IUMQXQJZIHWLIN-HSZRJFAPSA-N, IUMQXQJZIHWLIN-HSZRJFAPSA-N, IUMQXQJZIHWLIN-HSZRJFAPSA-N",Preclinical
SB-221284,serotonin receptor antagonist,"HTR2A, HTR2B, HTR2C",,,"Tocris, Tocris, Tocris",96.67,"CSc1cc2CCN(C(=O)Nc3cccnc3)c2cc1C(F)(F)F, CSc1cc2CCN(C(=O)Nc3cccnc3)c2cc1C(F)(F)F, CSc1cc2CCN(C(=O)Nc3cccnc3)c2cc1C(F)(F)F","OQZOXHCRSXYSPM-UHFFFAOYSA-N, OQZOXHCRSXYSPM-UHFFFAOYSA-N, OQZOXHCRSXYSPM-UHFFFAOYSA-N",Preclinical
SB-222200,tachykinin antagonist,TACR3,,,"Tocris, Tocris, Tocris, Tocris",99.49,"CC[C@H](NC(=O)c1c(C)c(nc2ccccc12)-c1ccccc1)c1ccccc1, CC[C@H](NC(=O)c1c(C)c(nc2ccccc12)-c1ccccc1)c1ccccc1, CC[C@H](NC(=O)c1c(C)c(nc2ccccc12)-c1ccccc1)c1ccccc1, CC[C@H](NC(=O)c1c(C)c(nc2ccccc12)-c1ccccc1)c1ccccc1","MQNYRKWJSMQECI-QFIPXVFZSA-N, MQNYRKWJSMQECI-QFIPXVFZSA-N, MQNYRKWJSMQECI-QFIPXVFZSA-N, MQNYRKWJSMQECI-QFIPXVFZSA-N",Preclinical
SB-225002,CC chemokine receptor antagonist,CXCR2,,,"Tocris, Tocris, Tocris, Tocris, Tocris, Tocris, Tocris",97.9,"Oc1cc(ccc1NC(=O)Nc1ccccc1Br)[N+]([O-])=O, Oc1cc(ccc1NC(=O)Nc1ccccc1Br)[N+]([O-])=O, Oc1cc(ccc1NC(=O)Nc1ccccc1Br)[N+]([O-])=O, Oc1cc(ccc1NC(=O)Nc1ccccc1Br)[N+]([O-])=O, Oc1cc(ccc1NC(=O)Nc1ccccc1Br)[N+]([O-])=O, Oc1cc(ccc1NC(=O)Nc1ccccc1Br)[N+]([O-])=O, Oc1cc(ccc1NC(=O)Nc1ccccc1Br)[N+]([O-])=O","MQBZVUNNWUIPMK-UHFFFAOYSA-N, MQBZVUNNWUIPMK-UHFFFAOYSA-N, MQBZVUNNWUIPMK-UHFFFAOYSA-N, MQBZVUNNWUIPMK-UHFFFAOYSA-N, MQBZVUNNWUIPMK-UHFFFAOYSA-N, MQBZVUNNWUIPMK-UHFFFAOYSA-N, MQBZVUNNWUIPMK-UHFFFAOYSA-N",Preclinical
SB-228357,serotonin receptor antagonist,"HTR2A, HTR2B, HTR2C",,,"Tocris, Tocris, Tocris, Tocris",97.89,"COc1cc2CCN(C(=O)Nc3cc(F)cc(c3)-c3cccnc3)c2cc1C(F)(F)F, COc1cc2CCN(C(=O)Nc3cc(F)cc(c3)-c3cccnc3)c2cc1C(F)(F)F, COc1cc2CCN(C(=O)Nc3cc(F)cc(c3)-c3cccnc3)c2cc1C(F)(F)F, COc1cc2CCN(C(=O)Nc3cc(F)cc(c3)-c3cccnc3)c2cc1C(F)(F)F","RRJLJKRFFRZRAF-UHFFFAOYSA-N, RRJLJKRFFRZRAF-UHFFFAOYSA-N, RRJLJKRFFRZRAF-UHFFFAOYSA-N, RRJLJKRFFRZRAF-UHFFFAOYSA-N",Preclinical
SB-2343,"mTOR inhibitor, PI3K inhibitor","MTOR, PIK3CA, PIK3CB, PIK3CD, PIK3CG",,,"MedChemEx, MedChemEx, MedChemEx, MedChemEx, MedChemEx",96.34,"CC(C)n1c(C)nc2c(nc(nc12)N1CCOCC1)-c1cnc(N)nc1, CC(C)n1c(C)nc2c(nc(nc12)N1CCOCC1)-c1cnc(N)nc1, CC(C)n1c(C)nc2c(nc(nc12)N1CCOCC1)-c1cnc(N)nc1, CC(C)n1c(C)nc2c(nc(nc12)N1CCOCC1)-c1cnc(N)nc1, CC(C)n1c(C)nc2c(nc(nc12)N1CCOCC1)-c1cnc(N)nc1","QYBGBLQCOOISAR-UHFFFAOYSA-N, QYBGBLQCOOISAR-UHFFFAOYSA-N, QYBGBLQCOOISAR-UHFFFAOYSA-N, QYBGBLQCOOISAR-UHFFFAOYSA-N, QYBGBLQCOOISAR-UHFFFAOYSA-N",Phase 1
SB-239063,p38 MAPK inhibitor,"MAPK11, MAPK14, PTGS2",,,"Tocris, Tocris, Tocris, Tocris, Tocris, Tocris, Tocris",96.09,"COc1nccc(n1)-c1c(ncn1[C@H]1CC[C@H](O)CC1)-c1ccc(F)cc1 |r|, COc1nccc(n1)-c1c(ncn1[C@H]1CC[C@H](O)CC1)-c1ccc(F)cc1 |r|, COc1nccc(n1)-c1c(ncn1[C@H]1CC[C@H](O)CC1)-c1ccc(F)cc1 |r|, COc1nccc(n1)-c1c(ncn1[C@H]1CC[C@H](O)CC1)-c1ccc(F)cc1 |r|, COc1nccc(n1)-c1c(ncn1[C@H]1CC[C@H](O)CC1)-c1ccc(F)cc1 |r|, COc1nccc(n1)-c1c(ncn1[C@H]1CC[C@H](O)CC1)-c1ccc(F)cc1 |r|, COc1nccc(n1)-c1c(ncn1[C@H]1CC[C@H](O)CC1)-c1ccc(F)cc1 |r|","ZQUSFAUAYSEREK-WKILWMFISA-N, ZQUSFAUAYSEREK-WKILWMFISA-N, ZQUSFAUAYSEREK-WKILWMFISA-N, ZQUSFAUAYSEREK-WKILWMFISA-N, ZQUSFAUAYSEREK-WKILWMFISA-N, ZQUSFAUAYSEREK-WKILWMFISA-N, ZQUSFAUAYSEREK-WKILWMFISA-N",Preclinical
SB-242235,p38 MAPK inhibitor,"HSPB1, MAPK14",,,"MedChemEx, MedChemEx, MedChemEx, MedChemEx",91.5,"COc1nccc(n1)-c1c(ncn1C1CCNCC1)-c1ccc(F)cc1, COc1nccc(n1)-c1c(ncn1C1CCNCC1)-c1ccc(F)cc1, COc1nccc(n1)-c1c(ncn1C1CCNCC1)-c1ccc(F)cc1, COc1nccc(n1)-c1c(ncn1C1CCNCC1)-c1ccc(F)cc1","PDTYLGXVBIWRIM-UHFFFAOYSA-N, PDTYLGXVBIWRIM-UHFFFAOYSA-N, PDTYLGXVBIWRIM-UHFFFAOYSA-N, PDTYLGXVBIWRIM-UHFFFAOYSA-N",Phase 1
SB-243213,serotonin receptor inverse agonist,"HTR2A, HTR2B, HTR2C, HTR6",,,"Tocris, Tocris, Tocris, Tocris",97.34,"Cc1cc2CCN(C(=O)Nc3ccc(Oc4cccnc4C)nc3)c2cc1C(F)(F)F, Cc1cc2CCN(C(=O)Nc3ccc(Oc4cccnc4C)nc3)c2cc1C(F)(F)F, Cc1cc2CCN(C(=O)Nc3ccc(Oc4cccnc4C)nc3)c2cc1C(F)(F)F, Cc1cc2CCN(C(=O)Nc3ccc(Oc4cccnc4C)nc3)c2cc1C(F)(F)F","ZETBBVYSBABLHL-UHFFFAOYSA-N, ZETBBVYSBABLHL-UHFFFAOYSA-N, ZETBBVYSBABLHL-UHFFFAOYSA-N, ZETBBVYSBABLHL-UHFFFAOYSA-N",Phase 1
SB-258585,serotonin receptor antagonist,HTR6,,,"Tocris, Tocris",94.76,"COc1ccc(NS(=O)(=O)c2ccc(I)cc2)cc1N1CCN(C)CC1, COc1ccc(NS(=O)(=O)c2ccc(I)cc2)cc1N1CCN(C)CC1","BDHMSYNBSBZCAF-UHFFFAOYSA-N, BDHMSYNBSBZCAF-UHFFFAOYSA-N",Preclinical
SB-268262,calcitonin antagonist,CALCA,,,"Tocris, Tocris, Tocris, Tocris, Tocris",97.6,"CN(C(=O)c1ccc(c(c1)[N+]([O-])=O)[S@@](=O)c1nccs1)c1ccccc1C |&1:13,r|, CN(C(=O)c1ccc(c(c1)[N+]([O-])=O)[S@@](=O)c1nccs1)c1ccccc1C |&1:13,r|, CN(C(=O)c1ccc(c(c1)[N+]([O-])=O)[S@@](=O)c1nccs1)c1ccccc1C |&1:13,r|, CN(C(=O)c1ccc(c(c1)[N+]([O-])=O)[S@@](=O)c1nccs1)c1ccccc1C |&1:13,r|, CN(C(=O)c1ccc(c(c1)[N+]([O-])=O)[S@@](=O)c1nccs1)c1ccccc1C |&1:13,r|","YXHLPJQQPOMPGE-HHHXNRCGSA-N, YXHLPJQQPOMPGE-HHHXNRCGSA-N, YXHLPJQQPOMPGE-HHHXNRCGSA-N, YXHLPJQQPOMPGE-HHHXNRCGSA-N, YXHLPJQQPOMPGE-HHHXNRCGSA-N",Preclinical
SB-269970,serotonin receptor antagonist,HTR7,,,"Tocris, Selleck, Tocris, Tocris, Tocris",97.96,"CC1CCN(CC[C@H]2CCCN2S(=O)(=O)c2cccc(O)c2)CC1, CC1CCN(CC[C@H]2CCCN2S(=O)(=O)c2cccc(O)c2)CC1, CC1CCN(CC[C@H]2CCCN2S(=O)(=O)c2cccc(O)c2)CC1, CC1CCN(CC[C@H]2CCCN2S(=O)(=O)c2cccc(O)c2)CC1, CC1CCN(CC[C@H]2CCCN2S(=O)(=O)c2cccc(O)c2)CC1","HWKROQUZSKPIKQ-MRXNPFEDSA-N, HWKROQUZSKPIKQ-MRXNPFEDSA-N, HWKROQUZSKPIKQ-MRXNPFEDSA-N, HWKROQUZSKPIKQ-MRXNPFEDSA-N, HWKROQUZSKPIKQ-MRXNPFEDSA-N",Preclinical
SB-271046,serotonin receptor antagonist,HTR6,,,"Tocris, Tocris, Tocris, Tocris, Tocris, Selleck, Selleck, Selleck",97.8,"COc1ccc(NS(=O)(=O)c2sc3ccc(Cl)cc3c2C)cc1N1CCNCC1, COc1ccc(NS(=O)(=O)c2sc3ccc(Cl)cc3c2C)cc1N1CCNCC1, COc1ccc(NS(=O)(=O)c2sc3ccc(Cl)cc3c2C)cc1N1CCNCC1, COc1ccc(NS(=O)(=O)c2sc3ccc(Cl)cc3c2C)cc1N1CCNCC1, COc1ccc(NS(=O)(=O)c2sc3ccc(Cl)cc3c2C)cc1N1CCNCC1, COc1ccc(NS(=O)(=O)c2sc3ccc(Cl)cc3c2C)cc1N1CCNCC1, COc1ccc(NS(=O)(=O)c2sc3ccc(Cl)cc3c2C)cc1N1CCNCC1, COc1ccc(NS(=O)(=O)c2sc3ccc(Cl)cc3c2C)cc1N1CCNCC1","LOCQRDBFWSXQQI-UHFFFAOYSA-N, LOCQRDBFWSXQQI-UHFFFAOYSA-N, LOCQRDBFWSXQQI-UHFFFAOYSA-N, LOCQRDBFWSXQQI-UHFFFAOYSA-N, LOCQRDBFWSXQQI-UHFFFAOYSA-N, LOCQRDBFWSXQQI-UHFFFAOYSA-N, LOCQRDBFWSXQQI-UHFFFAOYSA-N, LOCQRDBFWSXQQI-UHFFFAOYSA-N",Phase 1
SB-297006,CC chemokine receptor antagonist,CCR3,,,"Tocris, Tocris",95.38,"CCOC(=O)[C@H](Cc1ccc(cc1)[N+]([O-])=O)NC(=O)c1ccccc1, CCOC(=O)[C@H](Cc1ccc(cc1)[N+]([O-])=O)NC(=O)c1ccccc1","BEZXGSZPWXRHIN-INIZCTEOSA-N, BEZXGSZPWXRHIN-INIZCTEOSA-N",Preclinical
SB-328437,CCR antagonist,,,,"Tocris, Tocris, Tocris",97.21,"COC(=O)[C@H](Cc1ccc(cc1)[N+]([O-])=O)NC(=O)c1cccc2ccccc12, COC(=O)[C@H](Cc1ccc(cc1)[N+]([O-])=O)NC(=O)c1cccc2ccccc12, COC(=O)[C@H](Cc1ccc(cc1)[N+]([O-])=O)NC(=O)c1cccc2ccccc12","VMFGCGRAIBLAFY-IBGZPJMESA-N, VMFGCGRAIBLAFY-IBGZPJMESA-N, VMFGCGRAIBLAFY-IBGZPJMESA-N",Preclinical
SB-334867,orexin receptor antagonist,"HCRTR1, HCRTR2",,,"Tocris, Tocris, Tocris, Tocris",99.08,"Cc1nc2ccc(NC(=O)Nc3ccnc4cccnc34)cc2o1, Cc1nc2ccc(NC(=O)Nc3ccnc4cccnc34)cc2o1, Cc1nc2ccc(NC(=O)Nc3ccnc4cccnc34)cc2o1, Cc1nc2ccc(NC(=O)Nc3ccnc4cccnc34)cc2o1","AKMNUCBQGHFICM-UHFFFAOYSA-N, AKMNUCBQGHFICM-UHFFFAOYSA-N, AKMNUCBQGHFICM-UHFFFAOYSA-N, AKMNUCBQGHFICM-UHFFFAOYSA-N",Preclinical
SB-366791,TRPV antagonist,TRPV1,,,"Tocris, Tocris, Tocris, Tocris, Tocris",99.59,"COc1cccc(NC(=O)\C=C\c2ccc(Cl)cc2)c1, COc1cccc(NC(=O)\C=C\c2ccc(Cl)cc2)c1, COc1cccc(NC(=O)\C=C\c2ccc(Cl)cc2)c1, COc1cccc(NC(=O)\C=C\c2ccc(Cl)cc2)c1, COc1cccc(NC(=O)\C=C\c2ccc(Cl)cc2)c1","RYAMDQKWNKKFHD-JXMROGBWSA-N, RYAMDQKWNKKFHD-JXMROGBWSA-N, RYAMDQKWNKKFHD-JXMROGBWSA-N, RYAMDQKWNKKFHD-JXMROGBWSA-N, RYAMDQKWNKKFHD-JXMROGBWSA-N",Preclinical
SB-399885,serotonin receptor antagonist,HTR6,,,"Tocris, Tocris",97.19,"COc1ccc(cc1N1CCNCC1)S(=O)(=O)Nc1cc(Cl)cc(Cl)c1OC, COc1ccc(cc1N1CCNCC1)S(=O)(=O)Nc1cc(Cl)cc(Cl)c1OC","ATKZKAYWARYLBW-UHFFFAOYSA-N, ATKZKAYWARYLBW-UHFFFAOYSA-N",Preclinical
SB-408124,orexin receptor antagonist,"HCRTR1, HCRTR2",,,"Tocris, Selleck, Selleck, Tocris, Selleck",95.35,"CN(C)c1ccc(NC(=O)Nc2cc(C)nc3c(F)cc(F)cc23)cc1, CN(C)c1ccc(NC(=O)Nc2cc(C)nc3c(F)cc(F)cc23)cc1, CN(C)c1ccc(NC(=O)Nc2cc(C)nc3c(F)cc(F)cc23)cc1, CN(C)c1ccc(NC(=O)Nc2cc(C)nc3c(F)cc(F)cc23)cc1, CN(C)c1ccc(NC(=O)Nc2cc(C)nc3c(F)cc(F)cc23)cc1","JTARFZSNUAGHRB-UHFFFAOYSA-N, JTARFZSNUAGHRB-UHFFFAOYSA-N, JTARFZSNUAGHRB-UHFFFAOYSA-N, JTARFZSNUAGHRB-UHFFFAOYSA-N, JTARFZSNUAGHRB-UHFFFAOYSA-N",Preclinical
SB-415286,glycogen synthase kinase inhibitor,"GSK3A, GSK3B, RPS6KB1",,,"Tocris, Selleck, Selleck, Selleck, Selleck, Tocris",91.95,"Oc1ccc(NC2=C(C(=O)NC2=O)c2ccccc2[N+]([O-])=O)cc1Cl |t:6|, Oc1ccc(NC2=C(C(=O)NC2=O)c2ccccc2[N+]([O-])=O)cc1Cl |t:6|, Oc1ccc(NC2=C(C(=O)NC2=O)c2ccccc2[N+]([O-])=O)cc1Cl |t:6|, Oc1ccc(NC2=C(C(=O)NC2=O)c2ccccc2[N+]([O-])=O)cc1Cl |t:6|, Oc1ccc(NC2=C(C(=O)NC2=O)c2ccccc2[N+]([O-])=O)cc1Cl |t:6|, Oc1ccc(NC2=C(C(=O)NC2=O)c2ccccc2[N+]([O-])=O)cc1Cl |t:6|","PQCXVIPXISBFPN-UHFFFAOYSA-N, PQCXVIPXISBFPN-UHFFFAOYSA-N, PQCXVIPXISBFPN-UHFFFAOYSA-N, PQCXVIPXISBFPN-UHFFFAOYSA-N, PQCXVIPXISBFPN-UHFFFAOYSA-N, PQCXVIPXISBFPN-UHFFFAOYSA-N",Preclinical
SB-431542,TGF beta receptor inhibitor,"ACVR1C, TGFBR1",,,"Selleck, Selleck, Tocris, Tocris, Tocris, Tocris",98.92,"NC(=O)c1ccc(cc1)-c1nc(c([nH]1)-c1ccc2OCOc2c1)-c1ccccn1, NC(=O)c1ccc(cc1)-c1nc(c([nH]1)-c1ccc2OCOc2c1)-c1ccccn1, NC(=O)c1ccc(cc1)-c1nc(c([nH]1)-c1ccc2OCOc2c1)-c1ccccn1, NC(=O)c1ccc(cc1)-c1nc(c([nH]1)-c1ccc2OCOc2c1)-c1ccccn1, NC(=O)c1ccc(cc1)-c1nc(c([nH]1)-c1ccc2OCOc2c1)-c1ccccn1, NC(=O)c1ccc(cc1)-c1nc(c([nH]1)-c1ccc2OCOc2c1)-c1ccccn1","FHYUGAJXYORMHI-UHFFFAOYSA-N, FHYUGAJXYORMHI-UHFFFAOYSA-N, FHYUGAJXYORMHI-UHFFFAOYSA-N, FHYUGAJXYORMHI-UHFFFAOYSA-N, FHYUGAJXYORMHI-UHFFFAOYSA-N, FHYUGAJXYORMHI-UHFFFAOYSA-N",Preclinical
SB-452533,TRPV antagonist,TRPV1,,,"Tocris, Tocris",93.09,"CCN(CCNC(=O)Nc1ccccc1Br)c1cccc(C)c1, CCN(CCNC(=O)Nc1ccccc1Br)c1cccc(C)c1","IFJYEGJUQIBBQV-UHFFFAOYSA-N, IFJYEGJUQIBBQV-UHFFFAOYSA-N",Preclinical
SB-505124,ALK tyrosine kinase receptor inhibitor,TGFBR1,,,"Selleck, Selleck, Selleck",98.07,"Cc1cccc(n1)-c1nc([nH]c1-c1ccc2OCOc2c1)C(C)(C)C, Cc1cccc(n1)-c1nc([nH]c1-c1ccc2OCOc2c1)C(C)(C)C, Cc1cccc(n1)-c1nc([nH]c1-c1ccc2OCOc2c1)C(C)(C)C","WGZOTBUYUFBEPZ-UHFFFAOYSA-N, WGZOTBUYUFBEPZ-UHFFFAOYSA-N, WGZOTBUYUFBEPZ-UHFFFAOYSA-N",Preclinical
SB-525334,TGF beta receptor inhibitor,TGFBR1,,,"Selleck, Selleck, Tocris, Tocris",95.92,"Cc1cccc(n1)-c1nc([nH]c1-c1ccc2nccnc2c1)C(C)(C)C, Cc1cccc(n1)-c1nc([nH]c1-c1ccc2nccnc2c1)C(C)(C)C, Cc1cccc(n1)-c1nc([nH]c1-c1ccc2nccnc2c1)C(C)(C)C, Cc1cccc(n1)-c1nc([nH]c1-c1ccc2nccnc2c1)C(C)(C)C","DKPQHFZUICCZHF-UHFFFAOYSA-N, DKPQHFZUICCZHF-UHFFFAOYSA-N, DKPQHFZUICCZHF-UHFFFAOYSA-N, DKPQHFZUICCZHF-UHFFFAOYSA-N",Preclinical
SB-590885,RAF inhibitor,BRAF,,,"Selleck, Selleck, Selleck, Selleck",87.33,"CN(C)CCOc1ccc(cc1)-c1nc(c([nH]1)-c1ccc2\C(CCc2c1)=N\O)-c1ccncc1, CN(C)CCOc1ccc(cc1)-c1nc(c([nH]1)-c1ccc2\C(CCc2c1)=N\O)-c1ccncc1, CN(C)CCOc1ccc(cc1)-c1nc(c([nH]1)-c1ccc2\C(CCc2c1)=N\O)-c1ccncc1, CN(C)CCOc1ccc(cc1)-c1nc(c([nH]1)-c1ccc2\C(CCc2c1)=N\O)-c1ccncc1","MLSAQOINCGAULQ-QFMPWRQOSA-N, MLSAQOINCGAULQ-QFMPWRQOSA-N, MLSAQOINCGAULQ-QFMPWRQOSA-N, MLSAQOINCGAULQ-QFMPWRQOSA-N",Preclinical
SB-612111,nociceptin/orphanin FQ receptor antagonist,OPRL1,,,"Tocris, Tocris, Tocris",98.74,"Cc1cccc2[C@@H](O)C[C@@H](CN3CCC(CC3)c3c(Cl)cccc3Cl)CCc12, Cc1cccc2[C@@H](O)C[C@@H](CN3CCC(CC3)c3c(Cl)cccc3Cl)CCc12, Cc1cccc2[C@@H](O)C[C@@H](CN3CCC(CC3)c3c(Cl)cccc3Cl)CCc12","OHRDCQFCAWLDBP-SBUREZEXSA-N, OHRDCQFCAWLDBP-SBUREZEXSA-N, OHRDCQFCAWLDBP-SBUREZEXSA-N",Preclinical
SB-649868,orexin receptor antagonist,,,,MedChemEx,98.14,Cc1nc(C(=O)N2CCCC[C@H]2CNC(=O)c2cccc3occc23)c(s1)-c1ccc(F)cc1,ZJXIUGNEAIHSBI-IBGZPJMESA-N,Phase 2
SB-657510,urotensin receptor antagonist,UTS2R,,,"Tocris, Tocris, Tocris, Tocris",98.3,"COc1cc(Br)c(cc1OC)S(=O)(=O)Nc1ccc(Cl)c(O[C@@H]2CCN(C)C2)c1, COc1cc(Br)c(cc1OC)S(=O)(=O)Nc1ccc(Cl)c(O[C@@H]2CCN(C)C2)c1, COc1cc(Br)c(cc1OC)S(=O)(=O)Nc1ccc(Cl)c(O[C@@H]2CCN(C)C2)c1, COc1cc(Br)c(cc1OC)S(=O)(=O)Nc1ccc(Cl)c(O[C@@H]2CCN(C)C2)c1","KQCZCINJGIRLCD-CYBMUJFWSA-N, KQCZCINJGIRLCD-CYBMUJFWSA-N, KQCZCINJGIRLCD-CYBMUJFWSA-N, KQCZCINJGIRLCD-CYBMUJFWSA-N",Preclinical
SB-683698,integrin antagonist,"ITGA4, ITGAV, ITGB1, ITGB7",,,"MedChemEx, MedChemEx, MedChemEx, MedChemEx, MedChemEx",95.84,"COc1cccc(OC)c1-c1ccc(C[C@H](NC(=O)c2c(Cl)cccc2Cl)C(O)=O)cc1, COc1cccc(OC)c1-c1ccc(C[C@H](NC(=O)c2c(Cl)cccc2Cl)C(O)=O)cc1, COc1cccc(OC)c1-c1ccc(C[C@H](NC(=O)c2c(Cl)cccc2Cl)C(O)=O)cc1, COc1cccc(OC)c1-c1ccc(C[C@H](NC(=O)c2c(Cl)cccc2Cl)C(O)=O)cc1, COc1cccc(OC)c1-c1ccc(C[C@H](NC(=O)c2c(Cl)cccc2Cl)C(O)=O)cc1","DRSJLVGDSNWQBI-SFHVURJKSA-N, DRSJLVGDSNWQBI-SFHVURJKSA-N, DRSJLVGDSNWQBI-SFHVURJKSA-N, DRSJLVGDSNWQBI-SFHVURJKSA-N, DRSJLVGDSNWQBI-SFHVURJKSA-N",Phase 1
SB-705498,TRPV antagonist,TRPV1,,,"Selleck, Selleck, Selleck, Selleck, MedChemEx",98.38,"FC(F)(F)c1ccc(nc1)N1CC[C@H](C1)NC(=O)Nc1ccccc1Br, FC(F)(F)c1ccc(nc1)N1CC[C@H](C1)NC(=O)Nc1ccccc1Br, FC(F)(F)c1ccc(nc1)N1CC[C@H](C1)NC(=O)Nc1ccccc1Br, FC(F)(F)c1ccc(nc1)N1CC[C@H](C1)NC(=O)Nc1ccccc1Br, FC(F)(F)c1ccc(nc1)N1CC[C@H](C1)NC(=O)Nc1ccccc1Br","JYILLRHXRVTRSH-GFCCVEGCSA-N, JYILLRHXRVTRSH-GFCCVEGCSA-N, JYILLRHXRVTRSH-GFCCVEGCSA-N, JYILLRHXRVTRSH-GFCCVEGCSA-N, JYILLRHXRVTRSH-GFCCVEGCSA-N",Phase 2
SB-706375,urotensin receptor antagonist,UTS2R,,,"Tocris, Tocris",98.2,"COc1cc(Br)c(cc1OC)S(=O)(=O)Nc1ccc(c(O[C@@H]2CCN(C)C2)c1)C(F)(F)F, COc1cc(Br)c(cc1OC)S(=O)(=O)Nc1ccc(c(O[C@@H]2CCN(C)C2)c1)C(F)(F)F","BPOWQJYAMDEAFF-CYBMUJFWSA-N, BPOWQJYAMDEAFF-CYBMUJFWSA-N",Preclinical
SB-742457,serotonin receptor antagonist,HTR6,,,"Selleck, MedChemEx, Selleck",89.14,"O=S(=O)(c1ccccc1)c1cnc2c(cccc2c1)N1CCNCC1, O=S(=O)(c1ccccc1)c1cnc2c(cccc2c1)N1CCNCC1, O=S(=O)(c1ccccc1)c1cnc2c(cccc2c1)N1CCNCC1","JJZFWROHYSMCMU-UHFFFAOYSA-N, JJZFWROHYSMCMU-UHFFFAOYSA-N, JJZFWROHYSMCMU-UHFFFAOYSA-N",Phase 3
SB-743921,kinesin-like spindle protein inhibitor,KIF11,,,"Selleck, Selleck, Tocris",95.39,"CC(C)[C@@H](N(CCCN)C(=O)c1ccc(C)cc1)c1oc2cc(Cl)ccc2c(=O)c1Cc1ccccc1, CC(C)[C@@H](N(CCCN)C(=O)c1ccc(C)cc1)c1oc2cc(Cl)ccc2c(=O)c1Cc1ccccc1, CC(C)[C@@H](N(CCCN)C(=O)c1ccc(C)cc1)c1oc2cc(Cl)ccc2c(=O)c1Cc1ccccc1","PGXYIBJJCLWJST-MUUNZHRXSA-N, PGXYIBJJCLWJST-MUUNZHRXSA-N, PGXYIBJJCLWJST-MUUNZHRXSA-N",Phase 1/Phase 2
SB-747651A,kinase inhibitor,"AKT1, AKT3, ROCK1, RPS6KA5, RPS6KB1",,,"Tocris, Tocris, Tocris, Tocris",97.46,"CCn1c(nc2cncc(CNC3CCNCC3)c12)-c1nonc1N, CCn1c(nc2cncc(CNC3CCNCC3)c12)-c1nonc1N, CCn1c(nc2cncc(CNC3CCNCC3)c12)-c1nonc1N, CCn1c(nc2cncc(CNC3CCNCC3)c12)-c1nonc1N","MBCJUIJWPYUEBX-UHFFFAOYSA-N, MBCJUIJWPYUEBX-UHFFFAOYSA-N, MBCJUIJWPYUEBX-UHFFFAOYSA-N, MBCJUIJWPYUEBX-UHFFFAOYSA-N",Preclinical
SB-756050,G protein-coupled receptor agonist,GPBAR1,,,"MedChemEx, Enamine, Enamine",99.59,"COc1ccc(cc1OC)S(=O)(=O)N1CCCN(CC1)S(=O)(=O)c1ccc(OC)c(OC)c1, COc1ccc(cc1OC)S(=O)(=O)N1CCCN(CC1)S(=O)(=O)c1ccc(OC)c(OC)c1, COc1ccc(cc1OC)S(=O)(=O)N1CCCN(CC1)S(=O)(=O)c1ccc(OC)c(OC)c1","GJUFPAZNBPFNRI-UHFFFAOYSA-N, GJUFPAZNBPFNRI-UHFFFAOYSA-N, GJUFPAZNBPFNRI-UHFFFAOYSA-N",Phase 1
SB-772077B,rho associated kinase inhibitor,"ROCK1, ROCK2",,,"Tocris, Tocris",97.75,"CCn1c(nc2cncc(C(=O)N3CC[C@H](N)C3)c12)-c1nonc1N, CCn1c(nc2cncc(C(=O)N3CC[C@H](N)C3)c12)-c1nonc1N","PHWHNHYZZNJPLB-QMMMGPOBSA-N, PHWHNHYZZNJPLB-QMMMGPOBSA-N",Preclinical
SB-939,HDAC inhibitor,"HDAC1, HDAC10, HDAC2, HDAC3, HDAC4, HDAC5, HDAC6, HDAC9",,,"Selleck, Selleck, Selleck, Selleck, MedChemEx, MedChemEx, MedChemEx",96.42,"CCCCc1nc2cc(\C=C\C(=O)NO)ccc2n1CCN(CC)CC, CCCCc1nc2cc(\C=C\C(=O)NO)ccc2n1CCN(CC)CC, CCCCc1nc2cc(\C=C\C(=O)NO)ccc2n1CCN(CC)CC, CCCCc1nc2cc(\C=C\C(=O)NO)ccc2n1CCN(CC)CC, CCCCc1nc2cc(\C=C\C(=O)NO)ccc2n1CCN(CC)CC, CCCCc1nc2cc(\C=C\C(=O)NO)ccc2n1CCN(CC)CC, CCCCc1nc2cc(\C=C\C(=O)NO)ccc2n1CCN(CC)CC","JHDKZFFAIZKUCU-ZRDIBKRKSA-N, JHDKZFFAIZKUCU-ZRDIBKRKSA-N, JHDKZFFAIZKUCU-ZRDIBKRKSA-N, JHDKZFFAIZKUCU-ZRDIBKRKSA-N, JHDKZFFAIZKUCU-ZRDIBKRKSA-N, JHDKZFFAIZKUCU-ZRDIBKRKSA-N, JHDKZFFAIZKUCU-ZRDIBKRKSA-N",Phase 3
SBE-13,PLK inhibitor,PLK1,,,"Tocris, Tocris",98.45,"COc1ccc(CCNCc2ccc(OCc3ccc(Cl)nc3)c(OC)c2)cc1OC, COc1ccc(CCNCc2ccc(OCc3ccc(Cl)nc3)c(OC)c2)cc1OC","XNPRQBVQOJZMMA-UHFFFAOYSA-N, XNPRQBVQOJZMMA-UHFFFAOYSA-N",Preclinical
SBHA,HDAC inhibitor,"HDAC1, HDAC3",,,"Tocris, Tocris, Tocris",100,"ONC(=O)CCCCCCC(=O)NO, ONC(=O)CCCCCCC(=O)NO, ONC(=O)CCCCCCC(=O)NO","IDQPVOFTURLJPT-UHFFFAOYSA-N, IDQPVOFTURLJPT-UHFFFAOYSA-N, IDQPVOFTURLJPT-UHFFFAOYSA-N",Preclinical
SBI-115,G protein-coupled receptor antagonist,,,,MedChemEx,48.8,CCS(=O)(=O)c1ncc(Cl)c(n1)C(=O)Oc1cccc(C)c1,IJPXOPBVXVPPEW-UHFFFAOYSA-N,Preclinical
SC-10,protein kinase activator,PRKCA,,,"Tocris, Toronto",97.54,"CCCCCCCNS(=O)(=O)c1cccc2c(Cl)cccc12, CCCCCCCNS(=O)(=O)c1cccc2c(Cl)cccc12","MJMJERJFCHYXEM-UHFFFAOYSA-N, MJMJERJFCHYXEM-UHFFFAOYSA-N",Preclinical
SC-12267,dihydroorotate dehydrogenase inhibitor,IL17A,,,"MedChemEx, MedChemEx, MedChemEx, MedChemEx, MedChemEx, MedChemEx",98.78,"COc1cccc(c1)-c1ccc(NC(=O)C2=C(CCC2)C(O)=O)c(F)c1 |t:16|, COc1cccc(c1)-c1ccc(NC(=O)C2=C(CCC2)C(O)=O)c(F)c1 |t:16|, COc1cccc(c1)-c1ccc(NC(=O)C2=C(CCC2)C(O)=O)c(F)c1 |t:16|, COc1cccc(c1)-c1ccc(NC(=O)C2=C(CCC2)C(O)=O)c(F)c1 |t:16|, COc1cccc(c1)-c1ccc(NC(=O)C2=C(CCC2)C(O)=O)c(F)c1 |t:16|, COc1cccc(c1)-c1ccc(NC(=O)C2=C(CCC2)C(O)=O)c(F)c1 |t:16|","XPRDUGXOWVXZLL-UHFFFAOYSA-N, XPRDUGXOWVXZLL-UHFFFAOYSA-N, XPRDUGXOWVXZLL-UHFFFAOYSA-N, XPRDUGXOWVXZLL-UHFFFAOYSA-N, XPRDUGXOWVXZLL-UHFFFAOYSA-N, XPRDUGXOWVXZLL-UHFFFAOYSA-N",Phase 2
SC-144,P glycoprotein inhibitor,,,,"Tocris, Selleck, Selleck, Selleck, Selleck, Tocris, Selleck",98.43,"Fc1ccc2c(c1)nc(NNC(=O)c1cnccn1)c1cccn21, Fc1ccc2c(c1)nc(NNC(=O)c1cnccn1)c1cccn21, Fc1ccc2c(c1)nc(NNC(=O)c1cnccn1)c1cccn21, Fc1ccc2c(c1)nc(NNC(=O)c1cnccn1)c1cccn21, Fc1ccc2c(c1)nc(NNC(=O)c1cnccn1)c1cccn21, Fc1ccc2c(c1)nc(NNC(=O)c1cnccn1)c1cccn21, Fc1ccc2c(c1)nc(NNC(=O)c1cnccn1)c1cccn21","UEADAWQSJOWXBK-UHFFFAOYSA-N, UEADAWQSJOWXBK-UHFFFAOYSA-N, UEADAWQSJOWXBK-UHFFFAOYSA-N, UEADAWQSJOWXBK-UHFFFAOYSA-N, UEADAWQSJOWXBK-UHFFFAOYSA-N, UEADAWQSJOWXBK-UHFFFAOYSA-N, UEADAWQSJOWXBK-UHFFFAOYSA-N",Preclinical
SC-19220,prostanoid receptor antagonist,PTGER1,,,"Tocris, Tocris, Tocris, Tocris",96.83,"CC(=O)NNC(=O)N1Cc2ccccc2Oc2ccc(Cl)cc12, CC(=O)NNC(=O)N1Cc2ccccc2Oc2ccc(Cl)cc12, CC(=O)NNC(=O)N1Cc2ccccc2Oc2ccc(Cl)cc12, CC(=O)NNC(=O)N1Cc2ccccc2Oc2ccc(Cl)cc12","KNURFLJTOUGOOQ-UHFFFAOYSA-N, KNURFLJTOUGOOQ-UHFFFAOYSA-N, KNURFLJTOUGOOQ-UHFFFAOYSA-N, KNURFLJTOUGOOQ-UHFFFAOYSA-N",Preclinical
SC-236,cyclooxygenase inhibitor,PTGS2,,,"Tocris, Tocris, Tocris",98.26,"NS(=O)(=O)c1ccc(cc1)-n1nc(cc1-c1ccc(Cl)cc1)C(F)(F)F, NS(=O)(=O)c1ccc(cc1)-n1nc(cc1-c1ccc(Cl)cc1)C(F)(F)F, NS(=O)(=O)c1ccc(cc1)-n1nc(cc1-c1ccc(Cl)cc1)C(F)(F)F","NSQNZEUFHPTJME-UHFFFAOYSA-N, NSQNZEUFHPTJME-UHFFFAOYSA-N, NSQNZEUFHPTJME-UHFFFAOYSA-N",Preclinical
SC-51089,prostanoid receptor antagonist,PTGER1,,,"Tocris, Tocris",96.02,"Clc1ccc2Oc3ccccc3CN(C(=O)NNC(=O)CCc3ccncc3)c2c1, Clc1ccc2Oc3ccccc3CN(C(=O)NNC(=O)CCc3ccncc3)c2c1","XDJPQOUDGROSEU-UHFFFAOYSA-N, XDJPQOUDGROSEU-UHFFFAOYSA-N",Preclinical
SC-560,cyclooxygenase inhibitor,PTGS1,,,"Tocris, Tocris, Tocris, Tocris",98.01,"COc1ccc(cc1)-n1nc(cc1-c1ccc(Cl)cc1)C(F)(F)F, COc1ccc(cc1)-n1nc(cc1-c1ccc(Cl)cc1)C(F)(F)F, COc1ccc(cc1)-n1nc(cc1-c1ccc(Cl)cc1)C(F)(F)F, COc1ccc(cc1)-n1nc(cc1-c1ccc(Cl)cc1)C(F)(F)F","PQUGCKBLVKJMNT-UHFFFAOYSA-N, PQUGCKBLVKJMNT-UHFFFAOYSA-N, PQUGCKBLVKJMNT-UHFFFAOYSA-N, PQUGCKBLVKJMNT-UHFFFAOYSA-N",Preclinical
SC-9,protein tyrosine kinase activator,PRKCA,,,"Tocris, Tocris, Tocris, Tocris, Tocris",98.46,"Clc1cccc2c(cccc12)S(=O)(=O)NCCCCCCc1ccccc1, Clc1cccc2c(cccc12)S(=O)(=O)NCCCCCCc1ccccc1, Clc1cccc2c(cccc12)S(=O)(=O)NCCCCCCc1ccccc1, Clc1cccc2c(cccc12)S(=O)(=O)NCCCCCCc1ccccc1, Clc1cccc2c(cccc12)S(=O)(=O)NCCCCCCc1ccccc1","YUXMTDYHFPRPLG-UHFFFAOYSA-N, YUXMTDYHFPRPLG-UHFFFAOYSA-N, YUXMTDYHFPRPLG-UHFFFAOYSA-N, YUXMTDYHFPRPLG-UHFFFAOYSA-N, YUXMTDYHFPRPLG-UHFFFAOYSA-N",Preclinical
scabertopin,anticancer agent,,,,MedChemEx,94.26,"[H][C@]12C\C(C)=C/[C@@]3([H])OC(=O)C(=C)[C@]3([H])[C@H](CC(=C1)C(=O)O2)OC(=O)C(\C)=C/C |c:4,t:18|",FTPHYXGWMIZVMP-WQYRJXRXSA-N,Preclinical
SCH-202676,G protein-coupled receptor modulator,"CHRM1, CHRM2, DRD1, DRD2",,,"Tocris, Tocris, Tocris",80.2,"CN=c1nc(-c2ccccc2)n(s1)-c1ccccc1, CN=c1nc(-c2ccccc2)n(s1)-c1ccccc1, CN=c1nc(-c2ccccc2)n(s1)-c1ccccc1","FFUBTEITUNMMOK-UHFFFAOYSA-N, FFUBTEITUNMMOK-UHFFFAOYSA-N, FFUBTEITUNMMOK-UHFFFAOYSA-N",Preclinical
SCH-221510,nociceptin/orphanin FQ receptor agonist,OPRL1,,,Tocris,97.23,"Cc1ccccc1C(N1[C@H]2CC[C@@H]1C[C@](O)(C2)c1ccccc1)c1ccccc1C |&1:9,12,14,r|",LOSJNRBXNQTUNT-FOURXJPJSA-N,Preclinical
SCH-23390,dopamine receptor antagonist,"DRD1, DRD5, HTR2C, KCNJ4, KCNJ6",,,"Tocris, Tocris",96.81,"CN1CCc2cc(Cl)c(O)cc2[C@H](C1)c1ccccc1, CN1CCc2cc(Cl)c(O)cc2[C@H](C1)c1ccccc1","GOTMKOSCLKVOGG-OAHLLOKOSA-N, GOTMKOSCLKVOGG-OAHLLOKOSA-N",Preclinical
SCH-28080,ATPase inhibitor,ATP4A,,,"Tocris, Tocris",95.57,"Cc1nc2c(OCc3ccccc3)cccn2c1CC#N, Cc1nc2c(OCc3ccccc3)cccn2c1CC#N","PYKJFEPAUKAXNN-UHFFFAOYSA-N, PYKJFEPAUKAXNN-UHFFFAOYSA-N",Phase 1
SCH-51344,MTH1 inhibitor,NUDT1,,,"Tocris, Tocris",93.73,"COc1ccc2nc3n[nH]c(C)c3c(NCCOCCO)c2c1, COc1ccc2nc3n[nH]c(C)c3c(NCCOCCO)c2c1","YWEGXZZAORIRQR-UHFFFAOYSA-N, YWEGXZZAORIRQR-UHFFFAOYSA-N",Preclinical
SCH-58261,adenosine receptor antagonist,"ADORA1, ADORA2A, ADORA2B, ADORA3",,,"Tocris, Tocris, Tocris, Tocris, Tocris, Tocris, Tocris",99.01,"Nc1nc2n(CCc3ccccc3)ncc2c2nc(nn12)-c1ccco1, Nc1nc2n(CCc3ccccc3)ncc2c2nc(nn12)-c1ccco1, Nc1nc2n(CCc3ccccc3)ncc2c2nc(nn12)-c1ccco1, Nc1nc2n(CCc3ccccc3)ncc2c2nc(nn12)-c1ccco1, Nc1nc2n(CCc3ccccc3)ncc2c2nc(nn12)-c1ccco1, Nc1nc2n(CCc3ccccc3)ncc2c2nc(nn12)-c1ccco1, Nc1nc2n(CCc3ccccc3)ncc2c2nc(nn12)-c1ccco1","UTLPKQYUXOEJIL-UHFFFAOYSA-N, UTLPKQYUXOEJIL-UHFFFAOYSA-N, UTLPKQYUXOEJIL-UHFFFAOYSA-N, UTLPKQYUXOEJIL-UHFFFAOYSA-N, UTLPKQYUXOEJIL-UHFFFAOYSA-N, UTLPKQYUXOEJIL-UHFFFAOYSA-N, UTLPKQYUXOEJIL-UHFFFAOYSA-N",Preclinical
SCH-900776,CHK inhibitor,"CDK2, CHEK1",,,"Selleck, Selleck, Selleck, Selleck, Selleck",85.42,"Cn1cc(cn1)-c1cnn2c(N)c(Br)c(nc12)[C@@H]1CCCNC1, Cn1cc(cn1)-c1cnn2c(N)c(Br)c(nc12)[C@@H]1CCCNC1, Cn1cc(cn1)-c1cnn2c(N)c(Br)c(nc12)[C@@H]1CCCNC1, Cn1cc(cn1)-c1cnn2c(N)c(Br)c(nc12)[C@@H]1CCCNC1, Cn1cc(cn1)-c1cnn2c(N)c(Br)c(nc12)[C@@H]1CCCNC1","GMIZZEXBPRLVIV-SECBINFHSA-N, GMIZZEXBPRLVIV-SECBINFHSA-N, GMIZZEXBPRLVIV-SECBINFHSA-N, GMIZZEXBPRLVIV-SECBINFHSA-N, GMIZZEXBPRLVIV-SECBINFHSA-N",Phase 2
schisandrin-B,antioxidant,ATR,,,MedChemEx,97.18,COc1cc2C[C@H](C)[C@H](C)Cc3cc4OCOc4c(OC)c3-c2c(OC)c1OC |r|,RTZKSTLPRTWFEV-QWHCGFSZSA-N,Preclinical
schisandrol-B,lipid peroxidase inhibitor,,,,"MedChemEx, MedChemEx",97.81,"COc1cc2C[C@](C)(O)[C@@H](C)Cc3cc4OCOc4c(OC)c3-c2c(OC)c1OC, COc1cc2C[C@](C)(O)[C@@H](C)Cc3cc4OCOc4c(OC)c3-c2c(OC)c1OC","ZWRRJEICIPUPHZ-MYODQAERSA-N, ZWRRJEICIPUPHZ-MYODQAERSA-N",Phase 3
sclareol,,,,,"Selleck, Selleck",100,"CC(O)(CC[C@H]1[C@](C)(O)CC[C@H]2C(C)(C)CCC[C@]12C)C=C |a:5,6,18,&1:1,&2:11|, CC(O)(CC[C@H]1[C@](C)(O)CC[C@H]2C(C)(C)CCC[C@]12C)C=C |a:5,6,18,&1:1,&2:11|","XVULBTBTFGYVRC-SVPXJYONSA-N, XVULBTBTFGYVRC-SVPXJYONSA-N",Preclinical
sclareolide,other antifungal,,,,"Selleck, Selleck, Selleck",100,"C[C@@]12CC[C@H]3C(C)(C)CCC[C@]3(C)[C@H]1CC(=O)O2, C[C@@]12CC[C@H]3C(C)(C)CCC[C@]3(C)[C@H]1CC(=O)O2, C[C@@]12CC[C@H]3C(C)(C)CCC[C@]3(C)[C@H]1CC(=O)O2","IMKJGXCIJJXALX-SHUKQUCYSA-N, IMKJGXCIJJXALX-SHUKQUCYSA-N, IMKJGXCIJJXALX-SHUKQUCYSA-N",Launched
SCMC-Lys,mucolytic agent,GSTP1,pulmonary,chronic obstructive pulmonary disease (COPD),"ChemImpex, ChemImpex",83.3,"N[C@@H](CSCC(O)=O)C(O)=O, N[C@@H](CSCC(O)=O)C(O)=O","GBFLZEXEOZUWRN-VKHMYHEASA-N, GBFLZEXEOZUWRN-VKHMYHEASA-N",Launched
scopine,,,,,"MedChemEx, Selleck, Selleck, Selleck",100,"CN1[C@H]2C[C@H](O)C[C@@H]1[C@H]1O[C@@H]21, CN1[C@H]2C[C@H](O)C[C@@H]1[C@H]1O[C@@H]21, CN1[C@H]2C[C@H](O)C[C@@H]1[C@H]1O[C@@H]21, CN1[C@H]2C[C@H](O)C[C@@H]1[C@H]1O[C@@H]21","FIMXSEMBHGTNKT-RZVDLVGDSA-N, FIMXSEMBHGTNKT-RZVDLVGDSA-N, FIMXSEMBHGTNKT-RZVDLVGDSA-N, FIMXSEMBHGTNKT-RZVDLVGDSA-N",Launched
scopolamine,acetylcholine receptor antagonist,"CHRM1, CHRM2, CHRM3, CHRM4, CHRM5, SI","neurology/psychiatry, gastroenterology","motion sickness, vomiting, nausea","Selleck, Tocris, MedChemEx, Tocris",96.73,"CN1[C@H]2C[C@@H](C[C@@H]1[C@H]1O[C@@H]21)OC(=O)[C@H](CO)c1ccccc1, CN1[C@H]2C[C@@H](C[C@@H]1[C@H]1O[C@@H]21)OC(=O)[C@H](CO)c1ccccc1, CN1[C@H]2C[C@@H](C[C@@H]1[C@H]1O[C@@H]21)OC(=O)[C@H](CO)c1ccccc1, CN1[C@H]2C[C@@H](C[C@@H]1[C@H]1O[C@@H]21)OC(=O)[C@H](CO)c1ccccc1","STECJAGHUSJQJN-FWXGHANASA-N, STECJAGHUSJQJN-FWXGHANASA-N, STECJAGHUSJQJN-FWXGHANASA-N, STECJAGHUSJQJN-FWXGHANASA-N",Launched
scopolamine-N-oxide,acetylcholine receptor antagonist,"CHRM1, CHRM2, CHRM3, CHRM4",,,"Prestwick, TCI",93.9,"C[N@@+]1([O-])[C@H]2C[C@@H](C[C@@H]1[C@H]1O[C@@H]21)OC(=O)[C@H](CO)c1ccccc1 |a:3,5,7,8,10,14,&1:1,TLB:0:1:4.5.6:8.10,THB:2:1:4.5.6:8.10,9:8:1:4.5.6,9:10:1:4.5.6,11:5:1:8.10|, C[N@@+]1([O-])[C@H]2C[C@@H](C[C@@H]1[C@H]1O[C@@H]21)OC(=O)[C@H](CO)c1ccccc1 |a:3,5,7,8,10,14,&1:1,TLB:0:1:4.5.6:8.10,THB:2:1:4.5.6:8.10,9:8:1:4.5.6,9:10:1:4.5.6,11:5:1:8.10|","GSYQNAMOFFWAPF-SXWCTKSRSA-N, GSYQNAMOFFWAPF-SXWCTKSRSA-N",Preclinical
SCP-1,analgesic agent,,,,"SciExchange, Vitas-M",97.74,"Oc1ccc(NC(=O)CN2C(=O)c3ccccc3S2(=O)=O)cc1, Oc1ccc(NC(=O)CN2C(=O)c3ccccc3S2(=O)=O)cc1","PUPNJSIFIXXJCH-UHFFFAOYSA-N, PUPNJSIFIXXJCH-UHFFFAOYSA-N",Phase 1
scriptaid,HDAC inhibitor,"HDAC1, HDAC2, HDAC3, HDAC4, HDAC5, HDAC6, HDAC7, HDAC8, HDAC9",,,"Tocris, Tocris, Selleck",96.95,"ONC(=O)CCCCCN1C(=O)c2cccc3cccc(C1=O)c23, ONC(=O)CCCCCN1C(=O)c2cccc3cccc(C1=O)c23, ONC(=O)CCCCCN1C(=O)c2cccc3cccc(C1=O)c23","JTDYUFSDZATMKU-UHFFFAOYSA-N, JTDYUFSDZATMKU-UHFFFAOYSA-N, JTDYUFSDZATMKU-UHFFFAOYSA-N",Preclinical
SCS,,,,,"Tocris, Tocris, Tocris, Tocris",96.88,"Oc1ccccc1\C=N\NC(=O)c1ccccc1O, Oc1ccccc1\C=N\NC(=O)c1ccccc1O, Oc1ccccc1\C=N\NC(=O)c1ccccc1O, Oc1ccccc1\C=N\NC(=O)c1ccccc1O","OMCYEZUIYGPHDJ-OQLLNIDSSA-N, OMCYEZUIYGPHDJ-OQLLNIDSSA-N, OMCYEZUIYGPHDJ-OQLLNIDSSA-N, OMCYEZUIYGPHDJ-OQLLNIDSSA-N",Preclinical
SD-0006,p38 MAPK inhibitor,,,,MedChemEx,94.38,OCC(=O)N1CCC(CC1)c1[nH]nc(c1-c1ccncn1)-c1ccc(Cl)cc1,CATQHDWESBRRQA-UHFFFAOYSA-N,Phase 2
SD-169,p38 MAPK inhibitor,MAPK14,,,EMDBio,97.83,NC(=O)c1ccc2[nH]ccc2c1,GQMYQEAXTITUAE-UHFFFAOYSA-N,Preclinical
SD-208,TGF beta receptor inhibitor,TGFBR1,,,"Tocris, Tocris, Tocris",97.15,"Fc1ccc(Cl)cc1-c1nc(Nc2ccncc2)c2nccnc2n1, Fc1ccc(Cl)cc1-c1nc(Nc2ccncc2)c2nccnc2n1, Fc1ccc(Cl)cc1-c1nc(Nc2ccncc2)c2nccnc2n1","BERLXWPRSBJFHO-UHFFFAOYSA-N, BERLXWPRSBJFHO-UHFFFAOYSA-N, BERLXWPRSBJFHO-UHFFFAOYSA-N",Preclinical
SD-2590,matrix metalloprotease inhibitor,"MMP1, MMP13, MMP2",,,"Tocris, Tocris, Tocris",93.08,"COCCN1CCC(CC1)(C(=O)NO)S(=O)(=O)c1ccc(Oc2ccc(OC(F)(F)F)cc2)cc1, COCCN1CCC(CC1)(C(=O)NO)S(=O)(=O)c1ccc(Oc2ccc(OC(F)(F)F)cc2)cc1, COCCN1CCC(CC1)(C(=O)NO)S(=O)(=O)c1ccc(Oc2ccc(OC(F)(F)F)cc2)cc1","NXUHVWMBPOFLMA-UHFFFAOYSA-N, NXUHVWMBPOFLMA-UHFFFAOYSA-N, NXUHVWMBPOFLMA-UHFFFAOYSA-N",Preclinical
SDM25N,opioid receptor antagonist,OPRD1,,,"Tocris, Tocris, Tocris, Tocris, Tocris",93.48,"CC(=C)CN1CC[C@@]23[C@H]4Oc5c2c(C[C@@H]1[C@]3(O)Cc1c4[nH]c2ccccc12)ccc5O |a:7,8,15,&1:14,TLB:17:15:4.5.6:11.12.13,THB:16:15:4.5.6:11.12.13|, CC(=C)CN1CC[C@@]23[C@H]4Oc5c2c(C[C@@H]1[C@]3(O)Cc1c4[nH]c2ccccc12)ccc5O |a:7,8,15,&1:14,TLB:17:15:4.5.6:11.12.13,THB:16:15:4.5.6:11.12.13|, CC(=C)CN1CC[C@@]23[C@H]4Oc5c2c(C[C@@H]1[C@]3(O)Cc1c4[nH]c2ccccc12)ccc5O |a:7,8,15,&1:14,TLB:17:15:4.5.6:11.12.13,THB:16:15:4.5.6:11.12.13|, CC(=C)CN1CC[C@@]23[C@H]4Oc5c2c(C[C@@H]1[C@]3(O)Cc1c4[nH]c2ccccc12)ccc5O |a:7,8,15,&1:14,TLB:17:15:4.5.6:11.12.13,THB:16:15:4.5.6:11.12.13|, CC(=C)CN1CC[C@@]23[C@H]4Oc5c2c(C[C@@H]1[C@]3(O)Cc1c4[nH]c2ccccc12)ccc5O |a:7,8,15,&1:14,TLB:17:15:4.5.6:11.12.13,THB:16:15:4.5.6:11.12.13|","ZFMVWAWSKLAVOE-IFKAHUTRSA-N, ZFMVWAWSKLAVOE-IFKAHUTRSA-N, ZFMVWAWSKLAVOE-IFKAHUTRSA-N, ZFMVWAWSKLAVOE-IFKAHUTRSA-N, ZFMVWAWSKLAVOE-IFKAHUTRSA-N",Preclinical
SDZ-NKT-343,tachykinin antagonist,TACR1,,,"Tocris, Tocris, Tocris, Tocris, Tocris",97.81,"CN(Cc1ccccc1)C(=O)[C@H](Cc1ccc2ccccc2c1)NC(=O)[C@@H]1CCCN1C(=O)Nc1ccccc1[N+]([O-])=O, CN(Cc1ccccc1)C(=O)[C@H](Cc1ccc2ccccc2c1)NC(=O)[C@@H]1CCCN1C(=O)Nc1ccccc1[N+]([O-])=O, CN(Cc1ccccc1)C(=O)[C@H](Cc1ccc2ccccc2c1)NC(=O)[C@@H]1CCCN1C(=O)Nc1ccccc1[N+]([O-])=O, CN(Cc1ccccc1)C(=O)[C@H](Cc1ccc2ccccc2c1)NC(=O)[C@@H]1CCCN1C(=O)Nc1ccccc1[N+]([O-])=O, CN(Cc1ccccc1)C(=O)[C@H](Cc1ccc2ccccc2c1)NC(=O)[C@@H]1CCCN1C(=O)Nc1ccccc1[N+]([O-])=O","PCVSIMQAFWRUEC-JDXGNMNLSA-N, PCVSIMQAFWRUEC-JDXGNMNLSA-N, PCVSIMQAFWRUEC-JDXGNMNLSA-N, PCVSIMQAFWRUEC-JDXGNMNLSA-N, PCVSIMQAFWRUEC-JDXGNMNLSA-N",Phase 1
SDZ-SER-082,serotonin receptor antagonist,"HTR2A, HTR2B, HTR2C",,,"Tocris, Tocris",82.57,"CN1CC[C@@H]2CN3CCc4cccc([C@@H]2C1)c34, CN1CC[C@@H]2CN3CCc4cccc([C@@H]2C1)c34","YASBOGFWAMXINH-TZMCWYRMSA-N, YASBOGFWAMXINH-TZMCWYRMSA-N",Preclinical
SDZ-WAG-994,adenosine receptor agonist,ADORA1,,,"Tocris, Tocris, Tocris, Tocris",89.51,"CO[C@@H]1[C@H](O)[C@@H](CO)O[C@H]1n1cnc2c(NC3CCCCC3)ncnc12, CO[C@@H]1[C@H](O)[C@@H](CO)O[C@H]1n1cnc2c(NC3CCCCC3)ncnc12, CO[C@@H]1[C@H](O)[C@@H](CO)O[C@H]1n1cnc2c(NC3CCCCC3)ncnc12, CO[C@@H]1[C@H](O)[C@@H](CO)O[C@H]1n1cnc2c(NC3CCCCC3)ncnc12","JAKAFSGZUXCHLF-LSCFUAHRSA-N, JAKAFSGZUXCHLF-LSCFUAHRSA-N, JAKAFSGZUXCHLF-LSCFUAHRSA-N, JAKAFSGZUXCHLF-LSCFUAHRSA-N",Phase 2
SDZ-205-557,serotonin receptor antagonist,"HTR3A, HTR3B",,,"Tocris, Tocris",97.71,"CCN(CC)CCOC(=O)c1cc(Cl)c(N)cc1OC, CCN(CC)CCOC(=O)c1cc(Cl)c(N)cc1OC","FFNWMBDISAYHDC-UHFFFAOYSA-N, FFNWMBDISAYHDC-UHFFFAOYSA-N",Preclinical
SDZ-21009,"adrenergic receptor antagonist, serotonin receptor antagonist","HTR1A, HTR1B",,,"Tocris, Tocris, Tocris",93.11,"CC(C)OC(=O)c1cc2c(OC[C@@H](O)CNC(C)(C)C)cccc2[nH]1 |&1:12,r|, CC(C)OC(=O)c1cc2c(OC[C@@H](O)CNC(C)(C)C)cccc2[nH]1 |&1:12,r|, CC(C)OC(=O)c1cc2c(OC[C@@H](O)CNC(C)(C)C)cccc2[nH]1 |&1:12,r|","SJYFDORQYYEJLB-ZDUSSCGKSA-N, SJYFDORQYYEJLB-ZDUSSCGKSA-N, SJYFDORQYYEJLB-ZDUSSCGKSA-N",Preclinical
SDZ-220-040,glutamate receptor antagonist,GRIN1,,,"Tocris, Tocris",97.06,"N[C@@H](Cc1cc(cc(CP(O)(O)=O)c1O)-c1ccc(Cl)cc1Cl)C(O)=O, N[C@@H](Cc1cc(cc(CP(O)(O)=O)c1O)-c1ccc(Cl)cc1Cl)C(O)=O","NYZFUZCCDOSQBG-AWEZNQCLSA-N, NYZFUZCCDOSQBG-AWEZNQCLSA-N",Preclinical
SDZ-220-581,glutamate receptor antagonist,GRIN1,,,"Tocris, Tocris, Tocris, Tocris",98.62,"N[C@@H](Cc1cc(CP(O)(O)=O)cc(c1)-c1ccccc1Cl)C(O)=O, N[C@@H](Cc1cc(CP(O)(O)=O)cc(c1)-c1ccccc1Cl)C(O)=O, N[C@@H](Cc1cc(CP(O)(O)=O)cc(c1)-c1ccccc1Cl)C(O)=O, N[C@@H](Cc1cc(CP(O)(O)=O)cc(c1)-c1ccccc1Cl)C(O)=O","VBRJFXSFCYEZMQ-HNNXBMFYSA-N, VBRJFXSFCYEZMQ-HNNXBMFYSA-N, VBRJFXSFCYEZMQ-HNNXBMFYSA-N, VBRJFXSFCYEZMQ-HNNXBMFYSA-N",Preclinical
Se-methylselenocysteine,,,,,"Sigma, Acros",100,"C[Se]C[C@H](N)C(O)=O, C[Se]C[C@H](N)C(O)=O","XDSSPSLGNGIIHP-VKHMYHEASA-N, XDSSPSLGNGIIHP-VKHMYHEASA-N",Phase 2
secalciferol,vitamin D receptor agonist,VDR,critical care,bone fracture,"MedChemEx, MedChemEx, Enzo, Enzo",94.21,"C[C@H](CC[C@@H](O)C(C)(C)O)[C@H]1CC[C@H]2\C(CCC[C@]12C)=C\C=C1\C[C@@H](O)CCC1=C, C[C@H](CC[C@@H](O)C(C)(C)O)[C@H]1CC[C@H]2\C(CCC[C@]12C)=C\C=C1\C[C@@H](O)CCC1=C, C[C@H](CC[C@@H](O)C(C)(C)O)[C@H]1CC[C@H]2\C(CCC[C@]12C)=C\C=C1\C[C@@H](O)CCC1=C, C[C@H](CC[C@@H](O)C(C)(C)O)[C@H]1CC[C@H]2\C(CCC[C@]12C)=C\C=C1\C[C@@H](O)CCC1=C","FCKJYANJHNLEEP-XRWYNYHCSA-N, FCKJYANJHNLEEP-XRWYNYHCSA-N, FCKJYANJHNLEEP-XRWYNYHCSA-N, FCKJYANJHNLEEP-XRWYNYHCSA-N",Launched
seclazone,anti-inflammatory agent,,,,Enamine,99.72,"Clc1ccc2O[C@H]3CCON3C(=O)c2c1 |&1:6,r|",XWXVKXXKKLBDDJ-VIFPVBQESA-N,Phase 1
seclidemstat,histone demethylase inhibitor,,,,MedChemEx,93.58,CN1CCN(CC1)S(=O)(=O)c1cccc(c1)C(=O)N\N=C(/C)c1cc(Cl)ccc1O,MVSQDUZRRVBYLA-HYARGMPZSA-N,Phase 1
secnidazole,"acetylcholinesterase inhibitor, microtubule inhibitor",,infectious disease,protozoan infection,"MicroSource, Selleck, Selleck, Selleck, Selleck",99.58,"C[C@@H](O)Cn1c(C)ncc1[N+]([O-])=O |&1:1,r|, C[C@@H](O)Cn1c(C)ncc1[N+]([O-])=O |&1:1,r|, C[C@@H](O)Cn1c(C)ncc1[N+]([O-])=O |&1:1,r|, C[C@@H](O)Cn1c(C)ncc1[N+]([O-])=O |&1:1,r|, C[C@@H](O)Cn1c(C)ncc1[N+]([O-])=O |&1:1,r|","KPQZUUQMTUIKBP-RXMQYKEDSA-N, KPQZUUQMTUIKBP-RXMQYKEDSA-N, KPQZUUQMTUIKBP-RXMQYKEDSA-N, KPQZUUQMTUIKBP-RXMQYKEDSA-N, KPQZUUQMTUIKBP-RXMQYKEDSA-N",Launched
secoisolariciresinol-(-),,,,,"Sigma, Sigma, Sigma",97.1,"COc1cc(C[C@@H](CO)[C@H](CO)Cc2ccc(O)c(OC)c2)ccc1O, COc1cc(C[C@@H](CO)[C@H](CO)Cc2ccc(O)c(OC)c2)ccc1O, COc1cc(C[C@@H](CO)[C@H](CO)Cc2ccc(O)c(OC)c2)ccc1O","PUETUDUXMCLALY-HOTGVXAUSA-N, PUETUDUXMCLALY-HOTGVXAUSA-N, PUETUDUXMCLALY-HOTGVXAUSA-N",Phase 2
secoisolariciresinol-diglucoside,antioxidant,,,,AvaChem,94.67,COc1cc(C[C@@H](CO[C@@H]2O[C@H](CO)[C@@H](O)[C@H](O)[C@H]2O)[C@H](CO[C@@H]2O[C@H](CO)[C@@H](O)[C@H](O)[C@H]2O)Cc2ccc(O)c(OC)c2)ccc1O,SBVBJPHMDABKJV-PGCJWIIOSA-N,Phase 2
securinine,"GABA receptor antagonist, TP53 activator",GABRA1,,,"MedChemEx, MedChemEx, MicroSource, MicroSource",94.32,"O=C1O[C@@]23C[C@@H](C=CC2=C1)N1CCCC[C@H]31 |c:6,9|, O=C1O[C@@]23C[C@@H](C=CC2=C1)N1CCCC[C@H]31 |c:6,9|, O=C1O[C@@]23C[C@@H](C=CC2=C1)N1CCCC[C@H]31 |c:6,9|, O=C1O[C@@]23C[C@@H](C=CC2=C1)N1CCCC[C@H]31 |c:6,9|","SWZMSZQQJRKFBP-WZRBSPASSA-N, SWZMSZQQJRKFBP-WZRBSPASSA-N, SWZMSZQQJRKFBP-WZRBSPASSA-N, SWZMSZQQJRKFBP-WZRBSPASSA-N",Preclinical
segesterone-acetate,progesterone receptor agonist,PGR,,,MedChemEx,90.51,[H][C@@]12CC(=C)[C@](OC(C)=O)(C(C)=O)[C@@]1(C)CC[C@]1([H])[C@@]3([H])CCC(=O)C=C3CC[C@@]21[H] |c:26|,CKFBRGLGTWAVLG-GOMYTPFNSA-N,Launched
seladelpar,PPAR receptor agonist,,,,MedChemEx,94.96,CCO[C@H](COc1ccc(cc1)C(F)(F)F)CSc1ccc(OCC(O)=O)c(C)c1,JWHYSEDOYMYMNM-QGZVFWFLSA-N,Phase 3
selamectin,nematocide,,infectious disease,flea control,MedChemEx,93.43,"[H][C@@]12OC\C3=C/C=C/[C@H](C)[C@H](O[C@@]4([H])C[C@H](OC)[C@@H](O)[C@H](C)O4)\C(C)=C\C[C@]4([H])C[C@@]([H])(C[C@]5(CC[C@H](C)[C@H](O5)C5CCCCC5)O4)OC(=O)[C@]([H])(C=C(C)\C1=N\O)[C@@]23O |c:4,t:6,25,56|",AFJYYKSVHJGXSN-XHKIUTQPSA-N,Launched
selegiline,monoamine oxidase inhibitor,"MAOA, MAOB",neurology/psychiatry,Parkinson's Disease,MedChemEx,87.55,C[C@H](Cc1ccccc1)N(C)CC#C,MEZLKOACVSPNER-GFCCVEGCSA-N,Launched
selenomethionine,,,,,"Ark, MicroSource",100,"C[Se]CC[C@H](N)C(O)=O, C[Se]CC[C@H](N)C(O)=O","RJFAYQIBOAGBLC-BYPYZUCNSA-N, RJFAYQIBOAGBLC-BYPYZUCNSA-N",Launched
seletalisib,PI3K inhibitor,,,,MedChemEx,98.01,[O-][n+]1cccc(c1)-c1nc2c(Cl)cccc2cc1[C@@H](Nc1ncnc2cccnc12)C(F)(F)F,LNLJHGXOFYUARS-OAQYLSRUSA-N,Preclinical
selexipag,"IP1 prostacyclin receptor agonist, platelet aggregation inhibitor",PTGIR,pulmonary,pulmonary arterial hypertension (PAH),"Tocris, MedChemEx",95.84,"CC(C)N(CCCCOCC(=O)NS(C)(=O)=O)c1cnc(-c2ccccc2)c(n1)-c1ccccc1, CC(C)N(CCCCOCC(=O)NS(C)(=O)=O)c1cnc(-c2ccccc2)c(n1)-c1ccccc1","QXWZQTURMXZVHJ-UHFFFAOYSA-N, QXWZQTURMXZVHJ-UHFFFAOYSA-N",Launched
selfotel,glutamate receptor antagonist,"GRIN2A, GRIN2B, GRIN2C, GRIN2D",,,"Enzo, Tocris, Tocris",56.69,"OC(=O)[C@H]1C[C@@H](CP(O)(O)=O)CCN1, OC(=O)[C@H]1C[C@@H](CP(O)(O)=O)CCN1, OC(=O)[C@H]1C[C@@H](CP(O)(O)=O)CCN1","LPMRCCNDNGONCD-NTSWFWBYSA-N, LPMRCCNDNGONCD-NTSWFWBYSA-N, LPMRCCNDNGONCD-NTSWFWBYSA-N",Phase 3
selinexor,exportin antagonist,XPO1,hematologic malignancy,multiple myeloma,"MedChemEx, Selleck, Selleck, Selleck, Selleck",94.85,"FC(F)(F)c1cc(cc(c1)C(F)(F)F)-c1ncn(\C=C/C(=O)NNc2cnccn2)n1, FC(F)(F)c1cc(cc(c1)C(F)(F)F)-c1ncn(\C=C/C(=O)NNc2cnccn2)n1, FC(F)(F)c1cc(cc(c1)C(F)(F)F)-c1ncn(\C=C/C(=O)NNc2cnccn2)n1, FC(F)(F)c1cc(cc(c1)C(F)(F)F)-c1ncn(\C=C/C(=O)NNc2cnccn2)n1, FC(F)(F)c1cc(cc(c1)C(F)(F)F)-c1ncn(\C=C/C(=O)NNc2cnccn2)n1","DEVSOMFAQLZNKR-RJRFIUFISA-N, DEVSOMFAQLZNKR-RJRFIUFISA-N, DEVSOMFAQLZNKR-RJRFIUFISA-N, DEVSOMFAQLZNKR-RJRFIUFISA-N, DEVSOMFAQLZNKR-RJRFIUFISA-N",Launched
selitrectinib,protein tyrosine kinase inhibitor,,,,MedChemEx,96.6,[H][C@]12CCCN1c1ccn3ncc(C(=O)N[C@H](C)CCc4ncc(F)cc24)c3n1,OEBIHOVSAMBXIB-SJKOYZFVSA-N,Phase 1/Phase 2
selonsertib,MAP kinase activator,,,,MedChemEx,91.3,CC(C)n1cnnc1-c1cccc(NC(=O)c2cc(c(C)cc2F)-n2cnc(c2)C2CC2)n1,YIDDLAAKOYYGJG-UHFFFAOYSA-N,Phase 2
selumetinib,MEK inhibitor,MAP2K1,,,"Selleck, Selleck, Selleck, Selleck, Selleck, Selleck, Selleck, Selleck",99.3,"Cn1cnc2c(F)c(Nc3ccc(Br)cc3Cl)c(cc12)C(=O)NOCCO, Cn1cnc2c(F)c(Nc3ccc(Br)cc3Cl)c(cc12)C(=O)NOCCO, Cn1cnc2c(F)c(Nc3ccc(Br)cc3Cl)c(cc12)C(=O)NOCCO, Cn1cnc2c(F)c(Nc3ccc(Br)cc3Cl)c(cc12)C(=O)NOCCO, Cn1cnc2c(F)c(Nc3ccc(Br)cc3Cl)c(cc12)C(=O)NOCCO, Cn1cnc2c(F)c(Nc3ccc(Br)cc3Cl)c(cc12)C(=O)NOCCO, Cn1cnc2c(F)c(Nc3ccc(Br)cc3Cl)c(cc12)C(=O)NOCCO, Cn1cnc2c(F)c(Nc3ccc(Br)cc3Cl)c(cc12)C(=O)NOCCO","CYOHGALHFOKKQC-UHFFFAOYSA-N, CYOHGALHFOKKQC-UHFFFAOYSA-N, CYOHGALHFOKKQC-UHFFFAOYSA-N, CYOHGALHFOKKQC-UHFFFAOYSA-N, CYOHGALHFOKKQC-UHFFFAOYSA-N, CYOHGALHFOKKQC-UHFFFAOYSA-N, CYOHGALHFOKKQC-UHFFFAOYSA-N, CYOHGALHFOKKQC-UHFFFAOYSA-N",Phase 3
semagacestat,gamma secretase inhibitor,PSEN1,,,MedChemEx,93.94,CC(C)[C@H](O)C(=O)N[C@@H](C)C(=O)N[C@H]1c2ccccc2CCN(C)C1=O,PKXWXXPNHIWQHW-RCBQFDQVSA-N,Phase 3
semapimod,"cytokine production inhibitor, p38 MAPK inhibitor",MAPK14,,,"Enamine, Enamine, Enamine",86.13,"CC(=NNC(N)=N)c1cc(NC(=O)CCCCCCCCC(=O)Nc2cc(cc(c2)C(C)=NNC(N)=N)C(C)=NNC(N)=N)cc(c1)C(C)=NNC(N)=N, CC(=NNC(N)=N)c1cc(NC(=O)CCCCCCCCC(=O)Nc2cc(cc(c2)C(C)=NNC(N)=N)C(C)=NNC(N)=N)cc(c1)C(C)=NNC(N)=N, CC(=NNC(N)=N)c1cc(NC(=O)CCCCCCCCC(=O)Nc2cc(cc(c2)C(C)=NNC(N)=N)C(C)=NNC(N)=N)cc(c1)C(C)=NNC(N)=N","PWDYHMBTPGXCSN-UHFFFAOYSA-N, PWDYHMBTPGXCSN-UHFFFAOYSA-N, PWDYHMBTPGXCSN-UHFFFAOYSA-N",Phase 2
semaxanib,VEGFR inhibitor,"FGFR1, FLT1, KDR, KIT, PDGFRA, PDGFRB, RET",,,"Tocris, Tocris, Selleck, Selleck, Selleck, Selleck, Tocris, Tocris, Tocris",96.75,"Cc1cc(C)c(\C=C2/C(=O)Nc3ccccc23)[nH]1, Cc1cc(C)c(\C=C2/C(=O)Nc3ccccc23)[nH]1, Cc1cc(C)c(\C=C2/C(=O)Nc3ccccc23)[nH]1, Cc1cc(C)c(\C=C2/C(=O)Nc3ccccc23)[nH]1, Cc1cc(C)c(\C=C2/C(=O)Nc3ccccc23)[nH]1, Cc1cc(C)c(\C=C2/C(=O)Nc3ccccc23)[nH]1, Cc1cc(C)c(\C=C2/C(=O)Nc3ccccc23)[nH]1, Cc1cc(C)c(\C=C2/C(=O)Nc3ccccc23)[nH]1, Cc1cc(C)c(\C=C2/C(=O)Nc3ccccc23)[nH]1","WUWDLXZGHZSWQZ-WQLSENKSSA-N, WUWDLXZGHZSWQZ-WQLSENKSSA-N, WUWDLXZGHZSWQZ-WQLSENKSSA-N, WUWDLXZGHZSWQZ-WQLSENKSSA-N, WUWDLXZGHZSWQZ-WQLSENKSSA-N, WUWDLXZGHZSWQZ-WQLSENKSSA-N, WUWDLXZGHZSWQZ-WQLSENKSSA-N, WUWDLXZGHZSWQZ-WQLSENKSSA-N, WUWDLXZGHZSWQZ-WQLSENKSSA-N",Phase 3
semustine,DNA alkylating agent,,,,"MicroSource, Sigma",0,"CC1CCC(CC1)NC(=O)N(CCCl)[NH2+][O-], CC1CCC(CC1)NC(=O)N(CCCl)[NH2+][O-]","JUUWEJHZVBABHQ-UHFFFAOYSA-N, JUUWEJHZVBABHQ-UHFFFAOYSA-N",Phase 3
SEN-1269,beta amyloid inhibitor,APP,,,"Tocris, Tocris",97.39,"CN(C)c1cccc(Oc2cnc(Nc3cccc(O)c3)nc2)c1, CN(C)c1cccc(Oc2cnc(Nc3cccc(O)c3)nc2)c1","MFPAAKZZUIRMKR-UHFFFAOYSA-N, MFPAAKZZUIRMKR-UHFFFAOYSA-N",Preclinical
senicapoc,intermediate conductance potassium channel blocker,KCNN4,,,"MedChemEx, MedChemEx, MedChemEx",99.76,"NC(=O)C(c1ccccc1)(c1ccc(F)cc1)c1ccc(F)cc1, NC(=O)C(c1ccccc1)(c1ccc(F)cc1)c1ccc(F)cc1, NC(=O)C(c1ccccc1)(c1ccc(F)cc1)c1ccc(F)cc1","SCTZUZTYRMOMKT-UHFFFAOYSA-N, SCTZUZTYRMOMKT-UHFFFAOYSA-N, SCTZUZTYRMOMKT-UHFFFAOYSA-N",Phase 3
sennoside-A,glycoside agonist,,gastroenterology,constipation,"MicroSource, MicroSource",98.1,"OC[C@H]1O[C@H](Oc2cccc3c(-c4c5cccc(O[C@H]6O[C@H](CO)[C@@H](O)[C@H](O)[C@H]6O)c5c(O)c5c(O)cc(cc45)C(O)=O)c4cc(cc(O)c4c(O)c23)C(O)=O)[C@H](O)[C@@H](O)[C@@H]1O |a:2,4,12,19,21,24,26,28,56,58,60,&1:11|, OC[C@H]1O[C@H](Oc2cccc3c(-c4c5cccc(O[C@H]6O[C@H](CO)[C@@H](O)[C@H](O)[C@H]6O)c5c(O)c5c(O)cc(cc45)C(O)=O)c4cc(cc(O)c4c(O)c23)C(O)=O)[C@H](O)[C@@H](O)[C@@H]1O |a:2,4,12,19,21,24,26,28,56,58,60,&1:11|","QFJIQUOMKJNYLI-QSXPFVSBSA-N, QFJIQUOMKJNYLI-QSXPFVSBSA-N",Launched
sennoside-protonated,,,,,"Vitas-M, Vitas-M",93.9,"OC[C@H]1O[C@@H](Oc2cccc3c(-c4c5cccc(O[C@H]6O[C@@H](CO)[C@@H](O)[C@@H](O)[C@@H]6O)c5c(O)c5c(O)cc(cc45)C(O)=O)c4cc(cc(O)c4c(O)c23)C(O)=O)[C@@H](O)[C@@H](O)[C@@H]1O |&1:2,&2:4,&3:19,&4:21,&5:24,&6:26,&7:28,&8:56,&9:58,&10:60,r|, OC[C@H]1O[C@@H](Oc2cccc3c(-c4c5cccc(O[C@H]6O[C@@H](CO)[C@@H](O)[C@@H](O)[C@@H]6O)c5c(O)c5c(O)cc(cc45)C(O)=O)c4cc(cc(O)c4c(O)c23)C(O)=O)[C@@H](O)[C@@H](O)[C@@H]1O |&1:2,&2:4,&3:19,&4:21,&5:24,&6:26,&7:28,&8:56,&9:58,&10:60,r|","QFJIQUOMKJNYLI-NGMZATEOSA-N, QFJIQUOMKJNYLI-NGMZATEOSA-N",Preclinical
seocalcitol,vitamin D receptor agonist,VDR,,,"MedChemEx, MedChemEx, MedChemEx, MedChemEx, MedChemEx, MedChemEx",92.75,"CCC(O)(CC)\C=C\C=C\[C@@H](C)[C@H]1CC[C@H]2\C(CCC[C@]12C)=C\C=C1\C[C@@H](O)C[C@H](O)C1=C, CCC(O)(CC)\C=C\C=C\[C@@H](C)[C@H]1CC[C@H]2\C(CCC[C@]12C)=C\C=C1\C[C@@H](O)C[C@H](O)C1=C, CCC(O)(CC)\C=C\C=C\[C@@H](C)[C@H]1CC[C@H]2\C(CCC[C@]12C)=C\C=C1\C[C@@H](O)C[C@H](O)C1=C, CCC(O)(CC)\C=C\C=C\[C@@H](C)[C@H]1CC[C@H]2\C(CCC[C@]12C)=C\C=C1\C[C@@H](O)C[C@H](O)C1=C, CCC(O)(CC)\C=C\C=C\[C@@H](C)[C@H]1CC[C@H]2\C(CCC[C@]12C)=C\C=C1\C[C@@H](O)C[C@H](O)C1=C, CCC(O)(CC)\C=C\C=C\[C@@H](C)[C@H]1CC[C@H]2\C(CCC[C@]12C)=C\C=C1\C[C@@H](O)C[C@H](O)C1=C","LVLLALCJVJNGQQ-SEODYNFXSA-N, LVLLALCJVJNGQQ-SEODYNFXSA-N, LVLLALCJVJNGQQ-SEODYNFXSA-N, LVLLALCJVJNGQQ-SEODYNFXSA-N, LVLLALCJVJNGQQ-SEODYNFXSA-N, LVLLALCJVJNGQQ-SEODYNFXSA-N",Phase 3
SEP-227900,D-amino acid oxidase Inhibitor,DAO,,,"Vitas-M, Enamine",94.51,"OC(=O)c1cc2occc2[nH]1, OC(=O)c1cc2occc2[nH]1","MMAIBGHDBYQYDI-UHFFFAOYSA-N, MMAIBGHDBYQYDI-UHFFFAOYSA-N",Phase 1
seratrodast,prostanoid receptor antagonist,TBXA2R,pulmonary,asthma,"MedChemEx, MicroSource, MedChemEx",87.19,"CC1=C(C)C(=O)C([C@@H](CCCCCC(O)=O)c2ccccc2)=C(C)C1=O |r,c:1,t:22|, CC1=C(C)C(=O)C([C@@H](CCCCCC(O)=O)c2ccccc2)=C(C)C1=O |r,c:1,t:22|, CC1=C(C)C(=O)C([C@@H](CCCCCC(O)=O)c2ccccc2)=C(C)C1=O |r,c:1,t:22|","ZBVKEHDGYSLCCC-SFHVURJKSA-N, ZBVKEHDGYSLCCC-SFHVURJKSA-N, ZBVKEHDGYSLCCC-SFHVURJKSA-N",Launched
serdemetan,MDM inhibitor,MDM2,,,"Selleck, Selleck, Selleck, Selleck, Selleck, Selleck",94.54,"C(Cc1c[nH]c2ccccc12)Nc1ccc(Nc2ccncc2)cc1, C(Cc1c[nH]c2ccccc12)Nc1ccc(Nc2ccncc2)cc1, C(Cc1c[nH]c2ccccc12)Nc1ccc(Nc2ccncc2)cc1, C(Cc1c[nH]c2ccccc12)Nc1ccc(Nc2ccncc2)cc1, C(Cc1c[nH]c2ccccc12)Nc1ccc(Nc2ccncc2)cc1, C(Cc1c[nH]c2ccccc12)Nc1ccc(Nc2ccncc2)cc1","CEGSUKYESLWKJP-UHFFFAOYSA-N, CEGSUKYESLWKJP-UHFFFAOYSA-N, CEGSUKYESLWKJP-UHFFFAOYSA-N, CEGSUKYESLWKJP-UHFFFAOYSA-N, CEGSUKYESLWKJP-UHFFFAOYSA-N, CEGSUKYESLWKJP-UHFFFAOYSA-N",Phase 1
serotonin,growth factor receptor activator,"DRD1, DRD5, HTR1A, HTR1B, HTR1D, HTR1E, HTR1F, HTR2A, HTR2B, HTR2C, HTR3A, HTR3B, HTR4, HTR5A, HTR6, HTR7, SLC36A1",neurology/psychiatry,"anxiety, depression, sleeplessness","Selleck, Tocris, Selleck",80.69,"NCCc1c[nH]c2ccc(O)cc12, NCCc1c[nH]c2ccc(O)cc12, NCCc1c[nH]c2ccc(O)cc12","QZAYGJVTTNCVMB-UHFFFAOYSA-N, QZAYGJVTTNCVMB-UHFFFAOYSA-N, QZAYGJVTTNCVMB-UHFFFAOYSA-N",Launched
sertaconazole,sterol demethylase inhibitor,,infectious disease,tinea pedis,"MedChemEx, Selleck, Selleck, Selleck, Selleck",98.39,"Clc1ccc([C@@H](Cn2ccnc2)OCc2csc3c(Cl)cccc23)c(Cl)c1 |&1:5,r|, Clc1ccc([C@@H](Cn2ccnc2)OCc2csc3c(Cl)cccc23)c(Cl)c1 |&1:5,r|, Clc1ccc([C@@H](Cn2ccnc2)OCc2csc3c(Cl)cccc23)c(Cl)c1 |&1:5,r|, Clc1ccc([C@@H](Cn2ccnc2)OCc2csc3c(Cl)cccc23)c(Cl)c1 |&1:5,r|, Clc1ccc([C@@H](Cn2ccnc2)OCc2csc3c(Cl)cccc23)c(Cl)c1 |&1:5,r|","JLGKQTAYUIMGRK-LJQANCHMSA-N, JLGKQTAYUIMGRK-LJQANCHMSA-N, JLGKQTAYUIMGRK-LJQANCHMSA-N, JLGKQTAYUIMGRK-LJQANCHMSA-N, JLGKQTAYUIMGRK-LJQANCHMSA-N",Launched
sertindole,"dopamine receptor antagonist, serotonin receptor antagonist","ADRA1A, ADRA1B, ADRA1D, DRD2, DRD3, DRD4, HRH1, HTR1A, HTR1B, HTR1D, HTR1E, HTR1F, HTR2A, HTR2C, HTR6, KCNH2",,,"Prestwick, Prestwick, Prestwick, Prestwick, MedChemEx",93.27,"Fc1ccc(cc1)-n1cc(C2CCN(CCN3CCNC3=O)CC2)c2cc(Cl)ccc12, Fc1ccc(cc1)-n1cc(C2CCN(CCN3CCNC3=O)CC2)c2cc(Cl)ccc12, Fc1ccc(cc1)-n1cc(C2CCN(CCN3CCNC3=O)CC2)c2cc(Cl)ccc12, Fc1ccc(cc1)-n1cc(C2CCN(CCN3CCNC3=O)CC2)c2cc(Cl)ccc12, Fc1ccc(cc1)-n1cc(C2CCN(CCN3CCNC3=O)CC2)c2cc(Cl)ccc12","GZKLJWGUPQBVJQ-UHFFFAOYSA-N, GZKLJWGUPQBVJQ-UHFFFAOYSA-N, GZKLJWGUPQBVJQ-UHFFFAOYSA-N, GZKLJWGUPQBVJQ-UHFFFAOYSA-N, GZKLJWGUPQBVJQ-UHFFFAOYSA-N",Withdrawn
sertraline,selective serotonin reuptake inhibitor (SSRI),"SLC6A3, SLC6A4","neurology/psychiatry, obstetrics/gynecology","depression, obsessive compulsive disorder (OCD), panic disorders, posttraumatic stress disorder, premenstrual syndrome, social anxiety disorder","MicroSource, Tocris, Tocris, Tocris, Selleck, Selleck, Selleck",98.35,"CN[C@H]1CC[C@@H](c2ccc(Cl)c(Cl)c2)c2ccccc12, CN[C@H]1CC[C@@H](c2ccc(Cl)c(Cl)c2)c2ccccc12, CN[C@H]1CC[C@@H](c2ccc(Cl)c(Cl)c2)c2ccccc12, CN[C@H]1CC[C@@H](c2ccc(Cl)c(Cl)c2)c2ccccc12, CN[C@H]1CC[C@@H](c2ccc(Cl)c(Cl)c2)c2ccccc12, CN[C@H]1CC[C@@H](c2ccc(Cl)c(Cl)c2)c2ccccc12, CN[C@H]1CC[C@@H](c2ccc(Cl)c(Cl)c2)c2ccccc12","VGKDLMBJGBXTGI-SJCJKPOMSA-N, VGKDLMBJGBXTGI-SJCJKPOMSA-N, VGKDLMBJGBXTGI-SJCJKPOMSA-N, VGKDLMBJGBXTGI-SJCJKPOMSA-N, VGKDLMBJGBXTGI-SJCJKPOMSA-N, VGKDLMBJGBXTGI-SJCJKPOMSA-N, VGKDLMBJGBXTGI-SJCJKPOMSA-N",Launched
sesamin,NFkB pathway inhibitor,,,,"Selleck, Selleck, Selleck",99.85,"C1Oc2ccc(cc2O1)[C@H]1OC[C@H]2[C@@H]1CO[C@@H]2c1ccc2OCOc2c1, C1Oc2ccc(cc2O1)[C@H]1OC[C@H]2[C@@H]1CO[C@@H]2c1ccc2OCOc2c1, C1Oc2ccc(cc2O1)[C@H]1OC[C@H]2[C@@H]1CO[C@@H]2c1ccc2OCOc2c1","PEYUIKBAABKQKQ-AFHBHXEDSA-N, PEYUIKBAABKQKQ-AFHBHXEDSA-N, PEYUIKBAABKQKQ-AFHBHXEDSA-N",Preclinical
setipiprant,prostaglandin inhibitor,PTGDR2,,,MedChemEx,96.5,OC(=O)Cn1c2CCN(Cc2c2cc(F)ccc12)C(=O)c1cccc2ccccc12,IHAXLPDVOWLUOS-UHFFFAOYSA-N,Phase 3
setiptiline,adrenergic receptor antagonist,"HRH1, HTR2A, HTR2C",neurology/psychiatry,depression,"MedChemEx, MedChemEx",96.01,"CN1CCC2=C(C1)c1ccccc1Cc1ccccc21 |c:4|, CN1CCC2=C(C1)c1ccccc1Cc1ccccc21 |c:4|","GVPIXRLYKVFFMK-UHFFFAOYSA-N, GVPIXRLYKVFFMK-UHFFFAOYSA-N",Launched
setmelanotide,melanocortin receptor agonist,,,,MedChemEx,83.94,[H][C@]1(Cc2ccccc2)NC(=O)[C@H](Cc2cnc[nH]2)NC(=O)[C@@H](C)NC(=O)[C@]([H])(CSSC[C@H](NC(=O)[C@H](Cc2c[nH]c3ccccc23)NC(=O)[C@H](CCCNC(N)=N)NC1=O)C(N)=O)NC(=O)[C@H](CCCNC(N)=N)NC(C)=O,HDHDTKMUACZDAA-PJHQLSNHSA-N,Phase 3
sevoflurane,membrane integrity inhibitor,"ATP2C1, ATP5D, GABRA1, GABRA2, GABRA3, GABRA4, GABRA5, GABRA6, GABRB1, GABRB2, GABRB3, GABRD, GABRE, GABRG1, GABRG2, GABRG3, GABRP, GABRQ, GLRA1, GLRB, GRIA1, KCNA1, KCNK10, KCNK18, KCNK2, KCNK3, KCNK9, MT-ND1",neurology/psychiatry,anesthetic,"Enamine, Enamine",0,"FCOC(C(F)(F)F)C(F)(F)F, FCOC(C(F)(F)F)C(F)(F)F","DFEYYRMXOJXZRJ-UHFFFAOYSA-N, DFEYYRMXOJXZRJ-UHFFFAOYSA-N",Launched
SEW-2871,lysophospholipid receptor agonist,S1PR1,,,"Tocris, Tocris",98.71,"FC(F)(F)c1sc(cc1-c1ccccc1)-c1nc(no1)-c1cccc(c1)C(F)(F)F, FC(F)(F)c1sc(cc1-c1ccccc1)-c1nc(no1)-c1cccc(c1)C(F)(F)F","OYMNPJXKQVTQTR-UHFFFAOYSA-N, OYMNPJXKQVTQTR-UHFFFAOYSA-N",Preclinical
SF-11,neuropeptide receptor antagonist,"MCOLN3, NPY2R",,,"Tocris, Tocris",93.3,"CCOc1ccc(NC(=S)N2CCC(CC2)C(O)(c2ccccc2)c2ccccc2)cc1, CCOc1ccc(NC(=S)N2CCC(CC2)C(O)(c2ccccc2)c2ccccc2)cc1","PMEQBGAGFZDWQX-UHFFFAOYSA-N, PMEQBGAGFZDWQX-UHFFFAOYSA-N",Preclinical
SGC-CBP30,bromodomain inhibitor,"CREBBP, EP300",,,"Tocris, Tocris, Selleck, Selleck, Selleck, Selleck",97.84,"COc1ccc(CCc2nc3cc(ccc3n2C[C@H](C)N2CCOCC2)-c2c(C)noc2C)cc1Cl, COc1ccc(CCc2nc3cc(ccc3n2C[C@H](C)N2CCOCC2)-c2c(C)noc2C)cc1Cl, COc1ccc(CCc2nc3cc(ccc3n2C[C@H](C)N2CCOCC2)-c2c(C)noc2C)cc1Cl, COc1ccc(CCc2nc3cc(ccc3n2C[C@H](C)N2CCOCC2)-c2c(C)noc2C)cc1Cl, COc1ccc(CCc2nc3cc(ccc3n2C[C@H](C)N2CCOCC2)-c2c(C)noc2C)cc1Cl, COc1ccc(CCc2nc3cc(ccc3n2C[C@H](C)N2CCOCC2)-c2c(C)noc2C)cc1Cl","GEPYBHCJBORHCE-SFHVURJKSA-N, GEPYBHCJBORHCE-SFHVURJKSA-N, GEPYBHCJBORHCE-SFHVURJKSA-N, GEPYBHCJBORHCE-SFHVURJKSA-N, GEPYBHCJBORHCE-SFHVURJKSA-N, GEPYBHCJBORHCE-SFHVURJKSA-N",Preclinical
SGC-0946,histone lysine methyltransferase inhibitor,,,,"Tocris, Selleck, Selleck, Selleck, Selleck",95.72,"CC(C)N(CCCNC(=O)Nc1ccc(cc1)C(C)(C)C)C[C@H]1O[C@H]([C@H](O)[C@@H]1O)n1cc(Br)c2c(N)ncnc12, CC(C)N(CCCNC(=O)Nc1ccc(cc1)C(C)(C)C)C[C@H]1O[C@H]([C@H](O)[C@@H]1O)n1cc(Br)c2c(N)ncnc12, CC(C)N(CCCNC(=O)Nc1ccc(cc1)C(C)(C)C)C[C@H]1O[C@H]([C@H](O)[C@@H]1O)n1cc(Br)c2c(N)ncnc12, CC(C)N(CCCNC(=O)Nc1ccc(cc1)C(C)(C)C)C[C@H]1O[C@H]([C@H](O)[C@@H]1O)n1cc(Br)c2c(N)ncnc12, CC(C)N(CCCNC(=O)Nc1ccc(cc1)C(C)(C)C)C[C@H]1O[C@H]([C@H](O)[C@@H]1O)n1cc(Br)c2c(N)ncnc12","IQCKJUKAQJINMK-HUBRGWSESA-N, IQCKJUKAQJINMK-HUBRGWSESA-N, IQCKJUKAQJINMK-HUBRGWSESA-N, IQCKJUKAQJINMK-HUBRGWSESA-N, IQCKJUKAQJINMK-HUBRGWSESA-N",Preclinical
SGC-707,protein arginine N-methyltransferase inhibitor,PRMT3,,,"Tocris, Tocris, Tocris",97.06,"O=C(NCC(=O)N1CCCC1)Nc1ccc2cnccc2c1, O=C(NCC(=O)N1CCCC1)Nc1ccc2cnccc2c1, O=C(NCC(=O)N1CCCC1)Nc1ccc2cnccc2c1","DMIDPTCQPIJYFE-UHFFFAOYSA-N, DMIDPTCQPIJYFE-UHFFFAOYSA-N, DMIDPTCQPIJYFE-UHFFFAOYSA-N",Preclinical
SGI-1027,DNA methyltransferase inhibitor,"DNMT1, DNMT3A, DNMT3B",,,"Tocris, Selleck, Selleck, Selleck",91.55,"Cc1cc(Nc2ccc(NC(=O)c3ccc(Nc4ccnc5ccccc45)cc3)cc2)nc(N)n1, Cc1cc(Nc2ccc(NC(=O)c3ccc(Nc4ccnc5ccccc45)cc3)cc2)nc(N)n1, Cc1cc(Nc2ccc(NC(=O)c3ccc(Nc4ccnc5ccccc45)cc3)cc2)nc(N)n1, Cc1cc(Nc2ccc(NC(=O)c3ccc(Nc4ccnc5ccccc45)cc3)cc2)nc(N)n1","QSYLKMKIVWJAAK-UHFFFAOYSA-N, QSYLKMKIVWJAAK-UHFFFAOYSA-N, QSYLKMKIVWJAAK-UHFFFAOYSA-N, QSYLKMKIVWJAAK-UHFFFAOYSA-N",Preclinical
SGI-1776,Pim kinase inhibitor,"FLT3, PIM1, PIM2, PIM3",,,"MedChemEx, MedChemEx, Selleck, Selleck, Selleck, Selleck, Selleck, Selleck",96.84,"CN1CCC(CNc2ccc3ncc(-c4cccc(OC(F)(F)F)c4)n3n2)CC1, CN1CCC(CNc2ccc3ncc(-c4cccc(OC(F)(F)F)c4)n3n2)CC1, CN1CCC(CNc2ccc3ncc(-c4cccc(OC(F)(F)F)c4)n3n2)CC1, CN1CCC(CNc2ccc3ncc(-c4cccc(OC(F)(F)F)c4)n3n2)CC1, CN1CCC(CNc2ccc3ncc(-c4cccc(OC(F)(F)F)c4)n3n2)CC1, CN1CCC(CNc2ccc3ncc(-c4cccc(OC(F)(F)F)c4)n3n2)CC1, CN1CCC(CNc2ccc3ncc(-c4cccc(OC(F)(F)F)c4)n3n2)CC1, CN1CCC(CNc2ccc3ncc(-c4cccc(OC(F)(F)F)c4)n3n2)CC1","MHXGEROHKGDZGO-UHFFFAOYSA-N, MHXGEROHKGDZGO-UHFFFAOYSA-N, MHXGEROHKGDZGO-UHFFFAOYSA-N, MHXGEROHKGDZGO-UHFFFAOYSA-N, MHXGEROHKGDZGO-UHFFFAOYSA-N, MHXGEROHKGDZGO-UHFFFAOYSA-N, MHXGEROHKGDZGO-UHFFFAOYSA-N, MHXGEROHKGDZGO-UHFFFAOYSA-N",Phase 1
SGS-742,GABA receptor antagonist,"GABBR1, GABBR2",,,Sigma,0,CCCCP(O)(=O)CCCN,ONNMDRQRSGKZCN-UHFFFAOYSA-N,Preclinical
SGX523,hepatocyte growth factor receptor inhibitor,MET,,,"Selleck, Selleck, Selleck",98.41,"Cn1cc(cn1)-c1ccc2nnc(Sc3ccc4ncccc4c3)n2n1, Cn1cc(cn1)-c1ccc2nnc(Sc3ccc4ncccc4c3)n2n1, Cn1cc(cn1)-c1ccc2nnc(Sc3ccc4ncccc4c3)n2n1","BCZUAADEACICHN-UHFFFAOYSA-N, BCZUAADEACICHN-UHFFFAOYSA-N, BCZUAADEACICHN-UHFFFAOYSA-N",Phase 1
SHA-68,neuropeptide receptor antagonist,NPSR1,,,"Tocris, Tocris",97.57,"Fc1ccc(CNC(=O)N2CCN3[C@@H](C2)C(OC3=O)(c2ccccc2)c2ccccc2)cc1 |&1:13,r|, Fc1ccc(CNC(=O)N2CCN3[C@@H](C2)C(OC3=O)(c2ccccc2)c2ccccc2)cc1 |&1:13,r|","SFRQIPRTNYHJHP-QHCPKHFHSA-N, SFRQIPRTNYHJHP-QHCPKHFHSA-N",Preclinical
shikimic-acid,,,,,"Selleck, Selleck",94.86,"O[C@@H]1CC(=C[C@@H](O)[C@@H]1O)C(O)=O |a:1,&1:5,&2:7,c:3|, O[C@@H]1CC(=C[C@@H](O)[C@@H]1O)C(O)=O |a:1,&1:5,&2:7,c:3|","JXOHGGNKMLTUBP-PBXRRBTRSA-N, JXOHGGNKMLTUBP-PBXRRBTRSA-N",Preclinical
SHP099,protein tyrosine kinase inhibitor,PTPN11,,,"MedChemEx, MedChemEx, MedChemEx, MedChemEx",90.04,"CC1(N)CCN(CC1)c1cnc(c(N)n1)-c1cccc(Cl)c1Cl, CC1(N)CCN(CC1)c1cnc(c(N)n1)-c1cccc(Cl)c1Cl, CC1(N)CCN(CC1)c1cnc(c(N)n1)-c1cccc(Cl)c1Cl, CC1(N)CCN(CC1)c1cnc(c(N)n1)-c1cccc(Cl)c1Cl","YGUFCDOEKKVKJK-UHFFFAOYSA-N, YGUFCDOEKKVKJK-UHFFFAOYSA-N, YGUFCDOEKKVKJK-UHFFFAOYSA-N, YGUFCDOEKKVKJK-UHFFFAOYSA-N",Preclinical
SIB-1553A,acetylcholine receptor agonist,CHRNB4,,,Tocris,94.8,CN1CCC[C@@H]1CCSc1ccc(O)cc1 |&1:5|,NVZGJSVPOOILDI-LLVKDONJSA-N,Phase 2
SIB-1757,glutamate receptor antagonist,GRM5,,,"Tocris, Tocris, Tocris, Tocris, Tocris, Tocris",89.53,"C=C1NC(=NNc2ccccc2)C(=O)C=C1 |c:15|, C=C1NC(=NNc2ccccc2)C(=O)C=C1 |c:15|, C=C1NC(=NNc2ccccc2)C(=O)C=C1 |c:15|, C=C1NC(=NNc2ccccc2)C(=O)C=C1 |c:15|, C=C1NC(=NNc2ccccc2)C(=O)C=C1 |c:15|, C=C1NC(=NNc2ccccc2)C(=O)C=C1 |c:15|","UOJMXHLMOUOGPY-UHFFFAOYSA-N, UOJMXHLMOUOGPY-UHFFFAOYSA-N, UOJMXHLMOUOGPY-UHFFFAOYSA-N, UOJMXHLMOUOGPY-UHFFFAOYSA-N, UOJMXHLMOUOGPY-UHFFFAOYSA-N, UOJMXHLMOUOGPY-UHFFFAOYSA-N",Preclinical
SIB-1893,glutamate receptor antagonist,"GRM4, GRM5",,,"Tocris, Tocris",87.81,"Cc1cccc(\C=C\c2ccccc2)n1, Cc1cccc(\C=C\c2ccccc2)n1","SISOFUCTXZKSOQ-ZHACJKMWSA-N, SISOFUCTXZKSOQ-ZHACJKMWSA-N",Preclinical
SID-7969543,steroidogenic factor antagonist,NR5A1,,,"Tocris, Tocris, Tocris",96.71,"CCOC(=O)[C@@H](C)Oc1cccc2c1ccn(CC(=O)Nc1ccc3OCCOc3c1)c2=O |&1:5,r|, CCOC(=O)[C@@H](C)Oc1cccc2c1ccn(CC(=O)Nc1ccc3OCCOc3c1)c2=O |&1:5,r|, CCOC(=O)[C@@H](C)Oc1cccc2c1ccn(CC(=O)Nc1ccc3OCCOc3c1)c2=O |&1:5,r|","KWMBIIQCLUIHDI-OAHLLOKOSA-N, KWMBIIQCLUIHDI-OAHLLOKOSA-N, KWMBIIQCLUIHDI-OAHLLOKOSA-N",Preclinical
siguazodan,phosphodiesterase inhibitor,PDE3A,,,"Tocris, Tocris, Tocris",97.8,"CN\C(NC#N)=N/c1ccc(cc1)C1=NNC(=O)C[C@@H]1C |r,t:14|, CN\C(NC#N)=N/c1ccc(cc1)C1=NNC(=O)C[C@@H]1C |r,t:14|, CN\C(NC#N)=N/c1ccc(cc1)C1=NNC(=O)C[C@@H]1C |r,t:14|","NUHPODZZKHQQET-VIFPVBQESA-N, NUHPODZZKHQQET-VIFPVBQESA-N, NUHPODZZKHQQET-VIFPVBQESA-N",Phase 1
sildenafil,phosphodiesterase inhibitor,"PDE5A, PDE6G, PDE6H, SLCO1B1, SLCO1B3",urology,erectile dysfunction,"Tocris, MicroSource, MicroSource, Selleck, Tocris, Tocris",99.19,"CCCc1nn(C)c2c1nc([nH]c2=O)-c1cc(ccc1OCC)S(=O)(=O)N1CCN(C)CC1, CCCc1nn(C)c2c1nc([nH]c2=O)-c1cc(ccc1OCC)S(=O)(=O)N1CCN(C)CC1, CCCc1nn(C)c2c1nc([nH]c2=O)-c1cc(ccc1OCC)S(=O)(=O)N1CCN(C)CC1, CCCc1nn(C)c2c1nc([nH]c2=O)-c1cc(ccc1OCC)S(=O)(=O)N1CCN(C)CC1, CCCc1nn(C)c2c1nc([nH]c2=O)-c1cc(ccc1OCC)S(=O)(=O)N1CCN(C)CC1, CCCc1nn(C)c2c1nc([nH]c2=O)-c1cc(ccc1OCC)S(=O)(=O)N1CCN(C)CC1","BNRNXUUZRGQAQC-UHFFFAOYSA-N, BNRNXUUZRGQAQC-UHFFFAOYSA-N, BNRNXUUZRGQAQC-UHFFFAOYSA-N, BNRNXUUZRGQAQC-UHFFFAOYSA-N, BNRNXUUZRGQAQC-UHFFFAOYSA-N, BNRNXUUZRGQAQC-UHFFFAOYSA-N",Launched
silibinin,cytochrome P450 inhibitor,ALOX5,gastroenterology,hepatic cirrhosis,"MicroSource, MedChemEx, Selleck, Selleck",98.02,"COc1cc(ccc1O)[C@H]1Oc2cc(ccc2O[C@@H]1CO)[C@H]1Oc2cc(O)cc(O)c2C(=O)[C@@H]1O, COc1cc(ccc1O)[C@H]1Oc2cc(ccc2O[C@@H]1CO)[C@H]1Oc2cc(O)cc(O)c2C(=O)[C@@H]1O, COc1cc(ccc1O)[C@H]1Oc2cc(ccc2O[C@@H]1CO)[C@H]1Oc2cc(O)cc(O)c2C(=O)[C@@H]1O, COc1cc(ccc1O)[C@H]1Oc2cc(ccc2O[C@@H]1CO)[C@H]1Oc2cc(O)cc(O)c2C(=O)[C@@H]1O","SEBFKMXJBCUCAI-HKTJVKLFSA-N, SEBFKMXJBCUCAI-HKTJVKLFSA-N, SEBFKMXJBCUCAI-HKTJVKLFSA-N, SEBFKMXJBCUCAI-HKTJVKLFSA-N",Launched
silodosin,adrenergic receptor antagonist,"ADRA1A, ADRA1B, ADRA1D",urology,benign prostatic hyperplasia (BPH),"MedChemEx, Selleck, Selleck",96.44,"C[C@H](Cc1cc2CCN(CCCO)c2c(c1)C(N)=O)NCCOc1ccccc1OCC(F)(F)F, C[C@H](Cc1cc2CCN(CCCO)c2c(c1)C(N)=O)NCCOc1ccccc1OCC(F)(F)F, C[C@H](Cc1cc2CCN(CCCO)c2c(c1)C(N)=O)NCCOc1ccccc1OCC(F)(F)F","PNCPYILNMDWPEY-QGZVFWFLSA-N, PNCPYILNMDWPEY-QGZVFWFLSA-N, PNCPYILNMDWPEY-QGZVFWFLSA-N",Launched
silver-sulfadiazine,PABA antagonist,,critical care,sepsis,"Sigma, Sigma, Enzo",99.7,"Nc1ccc(cc1)S(=O)(=O)N([Ag])c1ncccn1, Nc1ccc(cc1)S(=O)(=O)N([Ag])c1ncccn1, Nc1ccc(cc1)S(=O)(=O)N([Ag])c1ncccn1","UEJSSZHHYBHCEL-UHFFFAOYSA-N, UEJSSZHHYBHCEL-UHFFFAOYSA-N, UEJSSZHHYBHCEL-UHFFFAOYSA-N",Launched
silymarin,,,,,"Selleck, Selleck, Selleck",50.9,"COc1cc(ccc1O)[C@H]1Oc2ccc(cc2O[C@@H]1CO)[C@H]1Oc2cc(O)cc(O)c2C(=O)[C@@H]1O |&1:9,&2:18,&3:21,&4:33,r|, COc1cc(ccc1O)[C@H]1Oc2ccc(cc2O[C@@H]1CO)[C@H]1Oc2cc(O)cc(O)c2C(=O)[C@@H]1O |&1:9,&2:18,&3:21,&4:33,r|, COc1cc(ccc1O)[C@H]1Oc2ccc(cc2O[C@@H]1CO)[C@H]1Oc2cc(O)cc(O)c2C(=O)[C@@H]1O |&1:9,&2:18,&3:21,&4:33,r|","FDQAOULAVFHKBX-HKTJVKLFSA-N, FDQAOULAVFHKBX-HKTJVKLFSA-N, FDQAOULAVFHKBX-HKTJVKLFSA-N",Launched
simeprevir,HCV inhibitor,"CYP1A2, CYP3A4",infectious disease,hepatitis C,"MedChemEx, MedChemEx",92.2,"COc1ccc2c(O[C@@H]3C[C@@H]4[C@@H](C3)C(=O)N(C)CCCC\C=C/[C@@H]3C[C@]3(NC4=O)C(=O)NS(=O)(=O)C3CC3)cc(nc2c1C)-c1nc(cs1)C(C)C |c:22|, COc1ccc2c(O[C@@H]3C[C@@H]4[C@@H](C3)C(=O)N(C)CCCC\C=C/[C@@H]3C[C@]3(NC4=O)C(=O)NS(=O)(=O)C3CC3)cc(nc2c1C)-c1nc(cs1)C(C)C |c:22|","JTZZSQYMACOLNN-VDWJNHBNSA-N, JTZZSQYMACOLNN-VDWJNHBNSA-N",Launched
simurosertib,kinase inhibitor,,,,MedChemEx,91.08,"Cc1n[nH]cc1-c1cc2[nH]c(nc(=O)c2s1)[C@H]1CC2CCN1CC2 |&1:16,r|",XGVXKJKTISMIOW-CYBMUJFWSA-N,Preclinical
simvastatin,HMGCR inhibitor,"HMGCR, ITGB2","endocrinology, cardiology, neurology/psychiatry","hypercholesterolemia, coronary heart disease, myocardial infarction, stroke, hyperlipidemia","Tocris, Tocris, MicroSource, MicroSource, MicroSource, MicroSource, Selleck, Tocris, Selleck",91.83,"CCC(C)(C)C(=O)O[C@H]1C[C@@H](C)C=C2C=C[C@H](C)[C@H](CC[C@@H]3C[C@@H](O)CC(=O)O3)[C@@H]12 |c:14,t:12|, CCC(C)(C)C(=O)O[C@H]1C[C@@H](C)C=C2C=C[C@H](C)[C@H](CC[C@@H]3C[C@@H](O)CC(=O)O3)[C@@H]12 |c:14,t:12|, CCC(C)(C)C(=O)O[C@H]1C[C@@H](C)C=C2C=C[C@H](C)[C@H](CC[C@@H]3C[C@@H](O)CC(=O)O3)[C@@H]12 |c:14,t:12|, CCC(C)(C)C(=O)O[C@H]1C[C@@H](C)C=C2C=C[C@H](C)[C@H](CC[C@@H]3C[C@@H](O)CC(=O)O3)[C@@H]12 |c:14,t:12|, CCC(C)(C)C(=O)O[C@H]1C[C@@H](C)C=C2C=C[C@H](C)[C@H](CC[C@@H]3C[C@@H](O)CC(=O)O3)[C@@H]12 |c:14,t:12|, CCC(C)(C)C(=O)O[C@H]1C[C@@H](C)C=C2C=C[C@H](C)[C@H](CC[C@@H]3C[C@@H](O)CC(=O)O3)[C@@H]12 |c:14,t:12|, CCC(C)(C)C(=O)O[C@H]1C[C@@H](C)C=C2C=C[C@H](C)[C@H](CC[C@@H]3C[C@@H](O)CC(=O)O3)[C@@H]12 |c:14,t:12|, CCC(C)(C)C(=O)O[C@H]1C[C@@H](C)C=C2C=C[C@H](C)[C@H](CC[C@@H]3C[C@@H](O)CC(=O)O3)[C@@H]12 |c:14,t:12|, CCC(C)(C)C(=O)O[C@H]1C[C@@H](C)C=C2C=C[C@H](C)[C@H](CC[C@@H]3C[C@@H](O)CC(=O)O3)[C@@H]12 |c:14,t:12|","RYMZZMVNJRMUDD-HGQWONQESA-N, RYMZZMVNJRMUDD-HGQWONQESA-N, RYMZZMVNJRMUDD-HGQWONQESA-N, RYMZZMVNJRMUDD-HGQWONQESA-N, RYMZZMVNJRMUDD-HGQWONQESA-N, RYMZZMVNJRMUDD-HGQWONQESA-N, RYMZZMVNJRMUDD-HGQWONQESA-N, RYMZZMVNJRMUDD-HGQWONQESA-N, RYMZZMVNJRMUDD-HGQWONQESA-N",Launched
sincalide,cholecystokinin agonist,,,,MedChemEx,80.31,CSCC[C@H](NC(=O)[C@H](Cc1ccc(OS(O)(=O)=O)cc1)NC(=O)[C@@H](N)CC(O)=O)C(=O)NCC(=O)N[C@@H](Cc1c[nH]c2ccccc12)C(=O)N[C@@H](CCSC)C(=O)N[C@@H](CC(O)=O)C(=O)N[C@@H](Cc1ccccc1)C(N)=O,IZTQOLKUZKXIRV-YRVFCXMDSA-N,Preclinical
sinefungin,"DNA methyltransferase inhibitor, RNA synthesis inhibitor",CARM1,,,"Sigma, Sigma",94.6,"N[C@@H](CC[C@H](N)C(O)=O)C[C@H]1O[C@H]([C@H](O)[C@@H]1O)n1cnc2c(N)ncnc12, N[C@@H](CC[C@H](N)C(O)=O)C[C@H]1O[C@H]([C@H](O)[C@@H]1O)n1cnc2c(N)ncnc12","LMXOHSDXUQEUSF-YECHIGJVSA-N, LMXOHSDXUQEUSF-YECHIGJVSA-N",Preclinical
sinomenine,angiogenesis inhibitor,,,,"Selleck, Tocris",92.76,"COC1=C[C@@H]2[C@@H]3Cc4ccc(OC)c(O)c4[C@]2(CCN3C)CC1=O |t:2|, COC1=C[C@@H]2[C@@H]3Cc4ccc(OC)c(O)c4[C@]2(CCN3C)CC1=O |t:2|","INYYVPJSBIVGPH-QHRIQVFBSA-N, INYYVPJSBIVGPH-QHRIQVFBSA-N",Preclinical
sipatrigine,voltage-gated sodium channel blocker,"CACNA1D, SCN10A, SCN1A, SCN3A, SCN4A, SCN5A, SCN9A",,,"Tocris, Tocris",98.09,"CN1CCN(CC1)c1ncc(c(N)n1)-c1cc(Cl)cc(Cl)c1Cl, CN1CCN(CC1)c1ncc(c(N)n1)-c1cc(Cl)cc(Cl)c1Cl","PDOCBJADCWMDGL-UHFFFAOYSA-N, PDOCBJADCWMDGL-UHFFFAOYSA-N",Phase 2
siponimod,sphingosine 1-phosphate receptor modulator,S1PR1,neurology/psychiatry,multiple sclerosis,"MedChemEx, MedChemEx, MedChemEx, MedChemEx, Selleck",95.58,"CCc1cc(ccc1CN1CC(C1)C(O)=O)C(\C)=N\OCc1ccc(C2CCCCC2)c(c1)C(F)(F)F, CCc1cc(ccc1CN1CC(C1)C(O)=O)C(\C)=N\OCc1ccc(C2CCCCC2)c(c1)C(F)(F)F, CCc1cc(ccc1CN1CC(C1)C(O)=O)C(\C)=N\OCc1ccc(C2CCCCC2)c(c1)C(F)(F)F, CCc1cc(ccc1CN1CC(C1)C(O)=O)C(\C)=N\OCc1ccc(C2CCCCC2)c(c1)C(F)(F)F, CCc1cc(ccc1CN1CC(C1)C(O)=O)C(\C)=N\OCc1ccc(C2CCCCC2)c(c1)C(F)(F)F","KIHYPELVXPAIDH-HNSNBQBZSA-N, KIHYPELVXPAIDH-HNSNBQBZSA-N, KIHYPELVXPAIDH-HNSNBQBZSA-N, KIHYPELVXPAIDH-HNSNBQBZSA-N, KIHYPELVXPAIDH-HNSNBQBZSA-N",Launched
siramesine,sigma receptor antagonist,"ADRA1A, ADRA1B, ADRA1D",,,"MedChemEx, MedChemEx, MedChemEx",98.3,"Fc1ccc(cc1)-n1cc(CCCCN2CCC3(CC2)OCc2ccccc32)c2ccccc12, Fc1ccc(cc1)-n1cc(CCCCN2CCC3(CC2)OCc2ccccc32)c2ccccc12, Fc1ccc(cc1)-n1cc(CCCCN2CCC3(CC2)OCc2ccccc32)c2ccccc12","XWAONOGAGZNUSF-UHFFFAOYSA-N, XWAONOGAGZNUSF-UHFFFAOYSA-N, XWAONOGAGZNUSF-UHFFFAOYSA-N",Phase 2
siremadlin,MDM inhibitor,,,,MedChemEx,97.81,COc1ncc(-c2nc3C(=O)N([C@H](c3n2C(C)C)c2ccc(Cl)cc2)c2cc(Cl)cn(C)c2=O)c(OC)n1,AGBSXNCBIWWLHD-FQEVSTJZSA-N,Preclinical
sirolimus,mTOR inhibitor,"FKBP1A, MTOR","transplant, pulmonary","organ rejection, lymphangioleiomyomatosis","MedChemEx, MedChemEx, MedChemEx, MedChemEx, Selleck, Selleck, Selleck, Selleck",95.67,"CO[C@@H]1C[C@H](C[C@@H](C)[C@@H]2CC(=O)[C@H](C)\C=C(C)\[C@@H](O)[C@@H](OC)C(=O)[C@H](C)C[C@H](C)\C=C\C=C\C=C(C)\[C@H](C[C@@H]3CC[C@@H](C)[C@@](O)(O3)C(=O)C(=O)N3CCCC[C@H]3C(=O)O2)OC)CC[C@H]1O |c:14,33,t:29,31|, CO[C@@H]1C[C@H](C[C@@H](C)[C@@H]2CC(=O)[C@H](C)\C=C(C)\[C@@H](O)[C@@H](OC)C(=O)[C@H](C)C[C@H](C)\C=C\C=C\C=C(C)\[C@H](C[C@@H]3CC[C@@H](C)[C@@](O)(O3)C(=O)C(=O)N3CCCC[C@H]3C(=O)O2)OC)CC[C@H]1O |c:14,33,t:29,31|, CO[C@@H]1C[C@H](C[C@@H](C)[C@@H]2CC(=O)[C@H](C)\C=C(C)\[C@@H](O)[C@@H](OC)C(=O)[C@H](C)C[C@H](C)\C=C\C=C\C=C(C)\[C@H](C[C@@H]3CC[C@@H](C)[C@@](O)(O3)C(=O)C(=O)N3CCCC[C@H]3C(=O)O2)OC)CC[C@H]1O |c:14,33,t:29,31|, CO[C@@H]1C[C@H](C[C@@H](C)[C@@H]2CC(=O)[C@H](C)\C=C(C)\[C@@H](O)[C@@H](OC)C(=O)[C@H](C)C[C@H](C)\C=C\C=C\C=C(C)\[C@H](C[C@@H]3CC[C@@H](C)[C@@](O)(O3)C(=O)C(=O)N3CCCC[C@H]3C(=O)O2)OC)CC[C@H]1O |c:14,33,t:29,31|, CO[C@@H]1C[C@H](C[C@@H](C)[C@@H]2CC(=O)[C@H](C)\C=C(C)\[C@@H](O)[C@@H](OC)C(=O)[C@H](C)C[C@H](C)\C=C\C=C\C=C(C)\[C@H](C[C@@H]3CC[C@@H](C)[C@@](O)(O3)C(=O)C(=O)N3CCCC[C@H]3C(=O)O2)OC)CC[C@H]1O |c:14,33,t:29,31|, CO[C@@H]1C[C@H](C[C@@H](C)[C@@H]2CC(=O)[C@H](C)\C=C(C)\[C@@H](O)[C@@H](OC)C(=O)[C@H](C)C[C@H](C)\C=C\C=C\C=C(C)\[C@H](C[C@@H]3CC[C@@H](C)[C@@](O)(O3)C(=O)C(=O)N3CCCC[C@H]3C(=O)O2)OC)CC[C@H]1O |c:14,33,t:29,31|, CO[C@@H]1C[C@H](C[C@@H](C)[C@@H]2CC(=O)[C@H](C)\C=C(C)\[C@@H](O)[C@@H](OC)C(=O)[C@H](C)C[C@H](C)\C=C\C=C\C=C(C)\[C@H](C[C@@H]3CC[C@@H](C)[C@@](O)(O3)C(=O)C(=O)N3CCCC[C@H]3C(=O)O2)OC)CC[C@H]1O |c:14,33,t:29,31|, CO[C@@H]1C[C@H](C[C@@H](C)[C@@H]2CC(=O)[C@H](C)\C=C(C)\[C@@H](O)[C@@H](OC)C(=O)[C@H](C)C[C@H](C)\C=C\C=C\C=C(C)\[C@H](C[C@@H]3CC[C@@H](C)[C@@](O)(O3)C(=O)C(=O)N3CCCC[C@H]3C(=O)O2)OC)CC[C@H]1O |c:14,33,t:29,31|","QFJCIRLUMZQUOT-MHOZHFGWSA-N, QFJCIRLUMZQUOT-MHOZHFGWSA-N, QFJCIRLUMZQUOT-MHOZHFGWSA-N, QFJCIRLUMZQUOT-MHOZHFGWSA-N, QFJCIRLUMZQUOT-MHOZHFGWSA-N, QFJCIRLUMZQUOT-MHOZHFGWSA-N, QFJCIRLUMZQUOT-MHOZHFGWSA-N, QFJCIRLUMZQUOT-MHOZHFGWSA-N",Launched
SirReal-2,SIRT inhibitor,SIRT2,,,"Tocris, Tocris, Tocris",99.29,"Cc1cc(C)nc(SCC(=O)Nc2ncc(Cc3cccc4ccccc34)s2)n1, Cc1cc(C)nc(SCC(=O)Nc2ncc(Cc3cccc4ccccc34)s2)n1, Cc1cc(C)nc(SCC(=O)Nc2ncc(Cc3cccc4ccccc34)s2)n1","MENNDDDTIIZDDN-UHFFFAOYSA-N, MENNDDDTIIZDDN-UHFFFAOYSA-N, MENNDDDTIIZDDN-UHFFFAOYSA-N",Preclinical
sirtinol,SIRT inhibitor,"SIRT1, SIRT2",,,"Tocris, Selleck, Tocris, Selleck",11.06,"C[C@@H](NC(=O)c1ccccc1\N=C\c1c(O)ccc2ccccc12)c1ccccc1 |&1:1,r|, C[C@@H](NC(=O)c1ccccc1\N=C\c1c(O)ccc2ccccc12)c1ccccc1 |&1:1,r|, C[C@@H](NC(=O)c1ccccc1\N=C\c1c(O)ccc2ccccc12)c1ccccc1 |&1:1,r|, C[C@@H](NC(=O)c1ccccc1\N=C\c1c(O)ccc2ccccc12)c1ccccc1 |&1:1,r|","UXJFDYIHRJGPFS-OVKKOYPGSA-N, UXJFDYIHRJGPFS-OVKKOYPGSA-N, UXJFDYIHRJGPFS-OVKKOYPGSA-N, UXJFDYIHRJGPFS-OVKKOYPGSA-N",Preclinical
sisomicin,protein synthesis inhibitor,,ophthalmology,"conjunctivitis, punctate keratitis","MedChemEx, MedChemEx, AvaChem, Selleck",11.93,"CN[C@@H]1[C@@H](O)[C@@H](O[C@H]2[C@H](N)C[C@H](N)[C@@H](O[C@H]3OC(CN)=CC[C@H]3N)[C@@H]2O)OC[C@]1(C)O |c:19|, CN[C@@H]1[C@@H](O)[C@@H](O[C@H]2[C@H](N)C[C@H](N)[C@@H](O[C@H]3OC(CN)=CC[C@H]3N)[C@@H]2O)OC[C@]1(C)O |c:19|, CN[C@@H]1[C@@H](O)[C@@H](O[C@H]2[C@H](N)C[C@H](N)[C@@H](O[C@H]3OC(CN)=CC[C@H]3N)[C@@H]2O)OC[C@]1(C)O |c:19|, CN[C@@H]1[C@@H](O)[C@@H](O[C@H]2[C@H](N)C[C@H](N)[C@@H](O[C@H]3OC(CN)=CC[C@H]3N)[C@@H]2O)OC[C@]1(C)O |c:19|","URWAJWIAIPFPJE-YFMIWBNJSA-N, URWAJWIAIPFPJE-YFMIWBNJSA-N, URWAJWIAIPFPJE-YFMIWBNJSA-N, URWAJWIAIPFPJE-YFMIWBNJSA-N",Launched
sisomicin-sulfate,bacterial 30S ribosomal subunit inhibitor,,infectious disease,gram-negative bacterial infections,MicroSource,0,"CN[C@@H]1[C@@H](O)[C@@H](O[C@H]2[C@H](N)C[C@H](N)[C@@H](O[C@H]3OC(CN)=CC[C@H]3N)[C@@H]2O)OC[C@]1(C)O |a:2,5,7,8,11,13,15,22,24,28,&1:3,c:19|",URWAJWIAIPFPJE-YFMIWBNJSA-N,Launched
SIS3,serine/threonine kinase inhibitor,"SMAD3, TGFBR1",,,"Tocris, Tocris",96.14,"COc1cc2CCN(Cc2cc1OC)C(=O)\C=C\c1c(-c2ccccc2)n(C)c2ncccc12, COc1cc2CCN(Cc2cc1OC)C(=O)\C=C\c1c(-c2ccccc2)n(C)c2ncccc12","IJYPHMXWKKKHGT-VAWYXSNFSA-N, IJYPHMXWKKKHGT-VAWYXSNFSA-N",Preclinical
sitafloxacin,bacterial DNA gyrase inhibitor,,infectious disease,buruli ulcer,"MedChemEx, Selleck, Selleck, Selleck",98.54,"N[C@@H]1CN(CC11CC1)c1c(F)cc2c(c1Cl)n(cc(C(O)=O)c2=O)[C@@H]1C[C@@H]1F, N[C@@H]1CN(CC11CC1)c1c(F)cc2c(c1Cl)n(cc(C(O)=O)c2=O)[C@@H]1C[C@@H]1F, N[C@@H]1CN(CC11CC1)c1c(F)cc2c(c1Cl)n(cc(C(O)=O)c2=O)[C@@H]1C[C@@H]1F, N[C@@H]1CN(CC11CC1)c1c(F)cc2c(c1Cl)n(cc(C(O)=O)c2=O)[C@@H]1C[C@@H]1F","PNUZDKCDAWUEGK-CYZMBNFOSA-N, PNUZDKCDAWUEGK-CYZMBNFOSA-N, PNUZDKCDAWUEGK-CYZMBNFOSA-N, PNUZDKCDAWUEGK-CYZMBNFOSA-N",Launched
sitagliptin,dipeptidyl peptidase inhibitor,DPP4,endocrinology,diabetes mellitus,"MicroSource, Selleck, Selleck",92.63,"N[C@@H](CC(=O)N1CCn2c(C1)nnc2C(F)(F)F)Cc1cc(F)c(F)cc1F, N[C@@H](CC(=O)N1CCn2c(C1)nnc2C(F)(F)F)Cc1cc(F)c(F)cc1F, N[C@@H](CC(=O)N1CCn2c(C1)nnc2C(F)(F)F)Cc1cc(F)c(F)cc1F","MFFMDFFZMYYVKS-SECBINFHSA-N, MFFMDFFZMYYVKS-SECBINFHSA-N, MFFMDFFZMYYVKS-SECBINFHSA-N",Launched
sitaxentan,endothelin receptor antagonist,"EDNRA, EDNRB",,,"MedChemEx, MedChemEx, MedChemEx, Selleck, Selleck",95.83,"Cc1noc(NS(=O)(=O)c2ccsc2C(=O)Cc2cc3OCOc3cc2C)c1Cl, Cc1noc(NS(=O)(=O)c2ccsc2C(=O)Cc2cc3OCOc3cc2C)c1Cl, Cc1noc(NS(=O)(=O)c2ccsc2C(=O)Cc2cc3OCOc3cc2C)c1Cl, Cc1noc(NS(=O)(=O)c2ccsc2C(=O)Cc2cc3OCOc3cc2C)c1Cl, Cc1noc(NS(=O)(=O)c2ccsc2C(=O)Cc2cc3OCOc3cc2C)c1Cl","PHWXUGHIIBDVKD-UHFFFAOYSA-N, PHWXUGHIIBDVKD-UHFFFAOYSA-N, PHWXUGHIIBDVKD-UHFFFAOYSA-N, PHWXUGHIIBDVKD-UHFFFAOYSA-N, PHWXUGHIIBDVKD-UHFFFAOYSA-N",Withdrawn
sitosterol,,,,,"MedChemEx, Selleck, Selleck",1.26,"CC[C@H](CC[C@@H](C)[C@H]1CC[C@H]2[C@@H]3CC=C4C[C@@H](O)CC[C@]4(C)[C@H]3CC[C@]12C)C(C)C |t:13|, CC[C@H](CC[C@@H](C)[C@H]1CC[C@H]2[C@@H]3CC=C4C[C@@H](O)CC[C@]4(C)[C@H]3CC[C@]12C)C(C)C |t:13|, CC[C@H](CC[C@@H](C)[C@H]1CC[C@H]2[C@@H]3CC=C4C[C@@H](O)CC[C@]4(C)[C@H]3CC[C@]12C)C(C)C |t:13|","KZJWDPNRJALLNS-VJSFXXLFSA-N, KZJWDPNRJALLNS-VJSFXXLFSA-N, KZJWDPNRJALLNS-VJSFXXLFSA-N",Preclinical
sitravatinib,receptor tyrosine protein kinase inhibitor,,,,MedChemEx,94.75,COCCNCc1ccc(nc1)-c1cc2nccc(Oc3ccc(NC(=O)C4(CC4)C(=O)Nc4ccc(F)cc4)cc3F)c2s1,WLAVZAAODLTUSW-UHFFFAOYSA-N,Phase 3
sivelestat,elastase inhibitor,"CELA1, ELANE",pulmonary,acute lung injury,"Tocris, MedChemEx, MedChemEx, MedChemEx",97.49,"CC(C)(C)C(=O)Oc1ccc(cc1)S(=O)(=O)Nc1ccccc1C(=O)NCC(O)=O, CC(C)(C)C(=O)Oc1ccc(cc1)S(=O)(=O)Nc1ccccc1C(=O)NCC(O)=O, CC(C)(C)C(=O)Oc1ccc(cc1)S(=O)(=O)Nc1ccccc1C(=O)NCC(O)=O, CC(C)(C)C(=O)Oc1ccc(cc1)S(=O)(=O)Nc1ccccc1C(=O)NCC(O)=O","BTGNGJJLZOIYID-UHFFFAOYSA-N, BTGNGJJLZOIYID-UHFFFAOYSA-N, BTGNGJJLZOIYID-UHFFFAOYSA-N, BTGNGJJLZOIYID-UHFFFAOYSA-N",Launched
SJ-172550,MDM inhibitor,MDM4,,,"MedChemEx, Tocris, MedChemEx",6.12,"CCOc1cc(\C=C2/C(C)=NN(C2=O)c2ccccc2)cc(Cl)c1OCC(=O)OC |c:9|, CCOc1cc(\C=C2/C(C)=NN(C2=O)c2ccccc2)cc(Cl)c1OCC(=O)OC |c:9|, CCOc1cc(\C=C2/C(C)=NN(C2=O)c2ccccc2)cc(Cl)c1OCC(=O)OC |c:9|","RKKFQJXGAQWHBZ-LICLKQGHSA-N, RKKFQJXGAQWHBZ-LICLKQGHSA-N, RKKFQJXGAQWHBZ-LICLKQGHSA-N",Preclinical
SJ-733,ATPase inhibitor,,,,MedChemEx,97.78,Fc1ccc(NC(=O)[C@@H]2[C@H](N(CC(F)(F)F)C(=O)c3ccccc23)c2cccnc2)cc1C#N,VKCPFWKTFZAOTO-LEWJYISDSA-N,Phase 1
SJG-136,DNA intercalating agent,,,,MedChemEx,54.82,"COc1cc2c(cc1OCCCOc1cc3N=C[C@@H]4CC(=C)CN4C(=O)c3cc1OC)N=C[C@@H]1CC(=C)CN1C2=O |c:17,35|",RWZVMMQNDHPRQD-SFTDATJTSA-N,Phase 2
SK&F-10047-(+),sigma receptor agonist,SIGMAR1,,,"Tocris, Tocris",100,"C[C@@H]1[C@@H]2Cc3ccc(O)cc3[C@@]1(C)CCN2CC=C, C[C@@H]1[C@@H]2Cc3ccc(O)cc3[C@@]1(C)CCN2CC=C","LGQCVMYAEFTEFN-DQYPLSBCSA-N, LGQCVMYAEFTEFN-DQYPLSBCSA-N",Phase 1
SKA-31,potassium channel activator,KCNN4,,,"Tocris, Tocris, Tocris, Tocris",97.7,"Nc1nc2c(ccc3ccccc23)s1, Nc1nc2c(ccc3ccccc23)s1, Nc1nc2c(ccc3ccccc23)s1, Nc1nc2c(ccc3ccccc23)s1","FECQXVPRUCCUIL-UHFFFAOYSA-N, FECQXVPRUCCUIL-UHFFFAOYSA-N, FECQXVPRUCCUIL-UHFFFAOYSA-N, FECQXVPRUCCUIL-UHFFFAOYSA-N",Preclinical
skepinone-L,p38 MAPK inhibitor,MAPK14,,,"Selleck, Selleck, Selleck, MedChemEx",98.66,"OC[C@@H](O)COc1ccc2CCc3cc(Nc4ccc(F)cc4F)ccc3C(=O)c2c1, OC[C@@H](O)COc1ccc2CCc3cc(Nc4ccc(F)cc4F)ccc3C(=O)c2c1, OC[C@@H](O)COc1ccc2CCc3cc(Nc4ccc(F)cc4F)ccc3C(=O)c2c1, OC[C@@H](O)COc1ccc2CCc3cc(Nc4ccc(F)cc4F)ccc3C(=O)c2c1","HXMGCTFLLWPVFM-GOSISDBHSA-N, HXMGCTFLLWPVFM-GOSISDBHSA-N, HXMGCTFLLWPVFM-GOSISDBHSA-N, HXMGCTFLLWPVFM-GOSISDBHSA-N",Preclinical
SKF-38393,dopamine receptor agonist,"CALY, DRD1, DRD5",,,"Tocris, Tocris, Tocris, Tocris",100,"Oc1cc2CCNC[C@@H](c3ccccc3)c2cc1O |&1:8|, Oc1cc2CCNC[C@@H](c3ccccc3)c2cc1O |&1:8|, Oc1cc2CCNC[C@@H](c3ccccc3)c2cc1O |&1:8|, Oc1cc2CCNC[C@@H](c3ccccc3)c2cc1O |&1:8|","JUDKOGFHZYMDMF-AWEZNQCLSA-N, JUDKOGFHZYMDMF-AWEZNQCLSA-N, JUDKOGFHZYMDMF-AWEZNQCLSA-N, JUDKOGFHZYMDMF-AWEZNQCLSA-N",Preclinical
SKF-77434,dopamine receptor agonist,DRD1,,,"Tocris, Tocris, Tocris",97.3,"Oc1cc2CCN(CC=C)C[C@@H](c3ccccc3)c2cc1O |&1:11|, Oc1cc2CCN(CC=C)C[C@@H](c3ccccc3)c2cc1O |&1:11|, Oc1cc2CCN(CC=C)C[C@@H](c3ccccc3)c2cc1O |&1:11|","QBUVZVXIRYFENV-KRWDZBQOSA-N, QBUVZVXIRYFENV-KRWDZBQOSA-N, QBUVZVXIRYFENV-KRWDZBQOSA-N",Preclinical
SKF-81297,dopamine receptor agonist,"DRD1, DRD5",,,"Tocris, Tocris, Tocris, Tocris, Tocris",97.4,"Oc1cc2C(CNCCc2c(Cl)c1O)c1ccccc1, Oc1cc2C(CNCCc2c(Cl)c1O)c1ccccc1, Oc1cc2C(CNCCc2c(Cl)c1O)c1ccccc1, Oc1cc2C(CNCCc2c(Cl)c1O)c1ccccc1, Oc1cc2C(CNCCc2c(Cl)c1O)c1ccccc1","GHWJEDJMOVUXEC-UHFFFAOYSA-N, GHWJEDJMOVUXEC-UHFFFAOYSA-N, GHWJEDJMOVUXEC-UHFFFAOYSA-N, GHWJEDJMOVUXEC-UHFFFAOYSA-N, GHWJEDJMOVUXEC-UHFFFAOYSA-N",Preclinical
SKF-83566,dopamine receptor antagonist,"DRD1, DRD5",,,"Tocris, Tocris, Tocris",97.6,"CN1CCc2cc(Br)c(O)cc2[C@@H](C1)c1ccccc1 |&1:12|, CN1CCc2cc(Br)c(O)cc2[C@@H](C1)c1ccccc1 |&1:12|, CN1CCc2cc(Br)c(O)cc2[C@@H](C1)c1ccccc1 |&1:12|","XFTVOHWWEQGXLS-HNNXBMFYSA-N, XFTVOHWWEQGXLS-HNNXBMFYSA-N, XFTVOHWWEQGXLS-HNNXBMFYSA-N",Preclinical
SKF-86002,p38 MAPK inhibitor,"ALOX5, MAPK14",,,"Tocris, Tocris, Tocris",94.86,"Fc1ccc(cc1)-c1nc2SCCn2c1-c1ccncc1, Fc1ccc(cc1)-c1nc2SCCn2c1-c1ccncc1, Fc1ccc(cc1)-c1nc2SCCn2c1-c1ccncc1","YOELZIQOLWZLQC-UHFFFAOYSA-N, YOELZIQOLWZLQC-UHFFFAOYSA-N, YOELZIQOLWZLQC-UHFFFAOYSA-N",Preclinical
SKF-89976A,GABA uptake inhibitor,SLC6A1,,,"Tocris, Tocris, Tocris, Tocris",97.09,"OC(=O)[C@H]1CCCN(CCC=C(c2ccccc2)c2ccccc2)C1 |&1:3|, OC(=O)[C@H]1CCCN(CCC=C(c2ccccc2)c2ccccc2)C1 |&1:3|, OC(=O)[C@H]1CCCN(CCC=C(c2ccccc2)c2ccccc2)C1 |&1:3|, OC(=O)[C@H]1CCCN(CCC=C(c2ccccc2)c2ccccc2)C1 |&1:3|","TXQKSMSLZVKQBI-FQEVSTJZSA-N, TXQKSMSLZVKQBI-FQEVSTJZSA-N, TXQKSMSLZVKQBI-FQEVSTJZSA-N, TXQKSMSLZVKQBI-FQEVSTJZSA-N",Preclinical
SKF-91488,histamine N-methyltransferase inhibitor,HNMT,,,"Tocris, Tocris, Tocris",78.22,"CN(C)CCCCSC(N)=N, CN(C)CCCCSC(N)=N, CN(C)CCCCSC(N)=N","UFYJLJINUGVUHO-UHFFFAOYSA-N, UFYJLJINUGVUHO-UHFFFAOYSA-N, UFYJLJINUGVUHO-UHFFFAOYSA-N",Preclinical
SKF-96365,calcium channel blocker,"CYP3A4, PKD2, TRPC1, TRPC3, TRPC4, TRPC5, TRPV2",,,"Tocris, Tocris, Tocris, Tocris",98.58,"COc1ccc(CCCO[C@@H](Cn2ccnc2)c2ccc(OC)cc2)cc1 |&1:10|, COc1ccc(CCCO[C@@H](Cn2ccnc2)c2ccc(OC)cc2)cc1 |&1:10|, COc1ccc(CCCO[C@@H](Cn2ccnc2)c2ccc(OC)cc2)cc1 |&1:10|, COc1ccc(CCCO[C@@H](Cn2ccnc2)c2ccc(OC)cc2)cc1 |&1:10|","HLMBXBGDBBCYII-QFIPXVFZSA-N, HLMBXBGDBBCYII-QFIPXVFZSA-N, HLMBXBGDBBCYII-QFIPXVFZSA-N, HLMBXBGDBBCYII-QFIPXVFZSA-N",Preclinical
SKI-II,sphingosine kinase inhibitor,SPHK1,,,"Tocris, Tocris, Selleck, Selleck, Selleck, Selleck",94.83,"Oc1ccc(Nc2nc(cs2)-c2ccc(Cl)cc2)cc1, Oc1ccc(Nc2nc(cs2)-c2ccc(Cl)cc2)cc1, Oc1ccc(Nc2nc(cs2)-c2ccc(Cl)cc2)cc1, Oc1ccc(Nc2nc(cs2)-c2ccc(Cl)cc2)cc1, Oc1ccc(Nc2nc(cs2)-c2ccc(Cl)cc2)cc1, Oc1ccc(Nc2nc(cs2)-c2ccc(Cl)cc2)cc1","ZFGXZJKLOFCECI-UHFFFAOYSA-N, ZFGXZJKLOFCECI-UHFFFAOYSA-N, ZFGXZJKLOFCECI-UHFFFAOYSA-N, ZFGXZJKLOFCECI-UHFFFAOYSA-N, ZFGXZJKLOFCECI-UHFFFAOYSA-N, ZFGXZJKLOFCECI-UHFFFAOYSA-N",Preclinical
SKLB-1028,"Abl kinase inhibitor, EGFR inhibitor, FLT3 inhibitor",,,,Astatech,86.39,CC(C)n1c(Nc2cccnc2)nc2cnc(Nc3ccc(cc3)N3CCN(C)CC3)nc12,WSOHOUHPUOAXIN-UHFFFAOYSA-N,Preclinical
SKLB1002,VEGFR inhibitor,KDR,,,"Selleck, MedChemEx, MedChemEx",97.72,"COc1cc2ncnc(Sc3nnc(C)s3)c2cc1OC, COc1cc2ncnc(Sc3nnc(C)s3)c2cc1OC, COc1cc2ncnc(Sc3nnc(C)s3)c2cc1OC","RQVGFDBMONQTBC-UHFFFAOYSA-N, RQVGFDBMONQTBC-UHFFFAOYSA-N, RQVGFDBMONQTBC-UHFFFAOYSA-N",Preclinical
SLV-319-(+/-),cannabinoid receptor antagonist,"CNR1, DRD2, HTR1A",,,Tocris,97.15,"C\N=C(\NS(=O)(=O)c1ccc(Cl)cc1)N1C[C@@H](C(=N1)c1ccc(Cl)cc1)c1ccccc1 |&1:16,r,c:18|",AXJQVVLKUYCICH-OAQYLSRUSA-N,Phase 2
SLV-320,adenosine receptor antagonist,"ADORA1, ADORA2A, ADORA2B, ADORA3",,,"Tocris, Tocris, Tocris, Tocris",91.33,"O[C@H]1CC[C@@H](CC1)Nc1nc(nc2[nH]ccc12)-c1ccccc1 |r|, O[C@H]1CC[C@@H](CC1)Nc1nc(nc2[nH]ccc12)-c1ccccc1 |r|, O[C@H]1CC[C@@H](CC1)Nc1nc(nc2[nH]ccc12)-c1ccccc1 |r|, O[C@H]1CC[C@@H](CC1)Nc1nc(nc2[nH]ccc12)-c1ccccc1 |r|","RBZNJGHIKXAKQE-HDJSIYSDSA-N, RBZNJGHIKXAKQE-HDJSIYSDSA-N, RBZNJGHIKXAKQE-HDJSIYSDSA-N, RBZNJGHIKXAKQE-HDJSIYSDSA-N",Phase 2
SM-108,,,,,"Ark, Ark",100,"NC(=O)C1N=CNC1=O |c:4|, NC(=O)C1N=CNC1=O |c:4|","PXQCVBRDIZZRGM-UHFFFAOYSA-N, PXQCVBRDIZZRGM-UHFFFAOYSA-N",Phase 2
SM-164,XIAP inhibitor,"BIRC2, BIRC3, XIAP",,,"MedChemEx, MedChemEx",85.5,"CN[C@@H](C)C(=O)N[C@H]1CCCC[C@H]2CC[C@H](N2C1=O)C(=O)N[C@H](c1cn(CCCCc2ccc(CCCCn3cc(nn3)[C@@H](NC(=O)[C@@H]3CC[C@@H]4CCCC[C@H](NC(=O)[C@H](C)NC)C(=O)N34)c3ccccc3)cc2)nn1)c1ccccc1, CN[C@@H](C)C(=O)N[C@H]1CCCC[C@H]2CC[C@H](N2C1=O)C(=O)N[C@H](c1cn(CCCCc2ccc(CCCCn3cc(nn3)[C@@H](NC(=O)[C@@H]3CC[C@@H]4CCCC[C@H](NC(=O)[C@H](C)NC)C(=O)N34)c3ccccc3)cc2)nn1)c1ccccc1","LGYDZXNSSLRFJS-IOQQVAQYSA-N, LGYDZXNSSLRFJS-IOQQVAQYSA-N",Preclinical
SM-21,sigma receptor antagonist,PGRMC1,,,Tocris,85.27,"CC[C@H](Oc1ccc(Cl)cc1)C(=O)O[C@@H]1C[C@@H]2CC[C@H](C1)N2C |&1:14,16,19,&2:2,r,TLB:22:21:17.18:14.15.20|",WTPAXDRULIZRDJ-ABFRBSLYSA-N,Preclinical
SMER-28,autophagy inducer,SNCA,,,"Tocris, Tocris, Sigma, Sigma, Sigma",100,"Brc1ccc2ncnc(NCC=C)c2c1, Brc1ccc2ncnc(NCC=C)c2c1, Brc1ccc2ncnc(NCC=C)c2c1, Brc1ccc2ncnc(NCC=C)c2c1, Brc1ccc2ncnc(NCC=C)c2c1","BCPOLXUSCUFDGE-UHFFFAOYSA-N, BCPOLXUSCUFDGE-UHFFFAOYSA-N, BCPOLXUSCUFDGE-UHFFFAOYSA-N, BCPOLXUSCUFDGE-UHFFFAOYSA-N, BCPOLXUSCUFDGE-UHFFFAOYSA-N",Preclinical
SMI-4a,Pim kinase inhibitor,PIM1,,,Tocris,91.18,FC(F)(F)c1cccc(\C=C2/SC(=O)NC2=O)c1,NGJLOFCOEOHFKQ-YVMONPNESA-N,Preclinical
SN-2,transient receptor potential channel agonist,MCOLN3,,,Tocris,94.95,"Cc1cc(C)c(C2=NO[C@@H]3[C@H]4CC[C@H](C4)[C@H]23)c(C)c1 |&1:9,10,13,15,t:6|",WKLZNTYMDOPBSE-IARIHHJXSA-N,Preclinical
SN-38,topoisomerase inhibitor,TOP1,oncology,colorectal cancer,"Tocris, Tocris, Tocris, Tocris, Selleck, Selleck, Selleck",98.53,"CCc1c2Cn3c(cc4c(COC(=O)[C@]4(O)CC)c3=O)-c2nc2ccc(O)cc12, CCc1c2Cn3c(cc4c(COC(=O)[C@]4(O)CC)c3=O)-c2nc2ccc(O)cc12, CCc1c2Cn3c(cc4c(COC(=O)[C@]4(O)CC)c3=O)-c2nc2ccc(O)cc12, CCc1c2Cn3c(cc4c(COC(=O)[C@]4(O)CC)c3=O)-c2nc2ccc(O)cc12, CCc1c2Cn3c(cc4c(COC(=O)[C@]4(O)CC)c3=O)-c2nc2ccc(O)cc12, CCc1c2Cn3c(cc4c(COC(=O)[C@]4(O)CC)c3=O)-c2nc2ccc(O)cc12, CCc1c2Cn3c(cc4c(COC(=O)[C@]4(O)CC)c3=O)-c2nc2ccc(O)cc12","FJHBVJOVLFPMQE-QFIPXVFZSA-N, FJHBVJOVLFPMQE-QFIPXVFZSA-N, FJHBVJOVLFPMQE-QFIPXVFZSA-N, FJHBVJOVLFPMQE-QFIPXVFZSA-N, FJHBVJOVLFPMQE-QFIPXVFZSA-N, FJHBVJOVLFPMQE-QFIPXVFZSA-N, FJHBVJOVLFPMQE-QFIPXVFZSA-N",Launched
SN-6,sodium/calcium exchange inhibitor,,,,"Tocris, Tocris, Tocris",92.27,"CCOC(=O)[C@H]1CS[C@H](Cc2ccc(OCc3ccc(cc3)[N+]([O-])=O)cc2)N1 |&1:5,&2:8,r|, CCOC(=O)[C@H]1CS[C@H](Cc2ccc(OCc3ccc(cc3)[N+]([O-])=O)cc2)N1 |&1:5,&2:8,r|, CCOC(=O)[C@H]1CS[C@H](Cc2ccc(OCc3ccc(cc3)[N+]([O-])=O)cc2)N1 |&1:5,&2:8,r|","ZVYIJXLMBWCGHP-RTBURBONSA-N, ZVYIJXLMBWCGHP-RTBURBONSA-N, ZVYIJXLMBWCGHP-RTBURBONSA-N",Preclinical
SNAP,nitric oxide donor,PTPN1,,,"Cayman, Cayman",40.86,"CC(=O)N[C@@H](C(O)=O)C(C)(C)S[NH2+][O-] |&1:4,r|, CC(=O)N[C@@H](C(O)=O)C(C)(C)S[NH2+][O-] |&1:4,r|","MLXCQEWOIZBBDM-YFKPBYRVSA-N, MLXCQEWOIZBBDM-YFKPBYRVSA-N",Phase 2
SNAP-5089,adrenergic receptor antagonist,"ADRA1A, ADRA1B, ADRA1D, ADRA2A, ADRA2B, ADRA2C, CACNA1C, CACNA1D",,,"Tocris, Tocris",65.4,"COC(=O)C1=C(C)NC(C)=C([C@@H]1c1ccc(cc1)[N+]([O-])=O)C(=O)NCCCN1CCC(CC1)(c1ccccc1)c1ccccc1 |&1:11,c:4,9|, COC(=O)C1=C(C)NC(C)=C([C@@H]1c1ccc(cc1)[N+]([O-])=O)C(=O)NCCCN1CCC(CC1)(c1ccccc1)c1ccccc1 |&1:11,c:4,9|","FIIXCJGBCCCOQQ-XIFFEERXSA-N, FIIXCJGBCCCOQQ-XIFFEERXSA-N",Preclinical
SNAP-94847,,"ADRA1A, DRD2",,,"Tocris, Tocris, Tocris, Tocris, Tocris",97.3,"CC(C)C(=O)Nc1ccc(C)c(c1)C1CCN(Cc2ccc(Oc3ccc(F)c(F)c3)cc2)CC1, CC(C)C(=O)Nc1ccc(C)c(c1)C1CCN(Cc2ccc(Oc3ccc(F)c(F)c3)cc2)CC1, CC(C)C(=O)Nc1ccc(C)c(c1)C1CCN(Cc2ccc(Oc3ccc(F)c(F)c3)cc2)CC1, CC(C)C(=O)Nc1ccc(C)c(c1)C1CCN(Cc2ccc(Oc3ccc(F)c(F)c3)cc2)CC1, CC(C)C(=O)Nc1ccc(C)c(c1)C1CCN(Cc2ccc(Oc3ccc(F)c(F)c3)cc2)CC1","VMLZFUVIKCGATC-UHFFFAOYSA-N, VMLZFUVIKCGATC-UHFFFAOYSA-N, VMLZFUVIKCGATC-UHFFFAOYSA-N, VMLZFUVIKCGATC-UHFFFAOYSA-N, VMLZFUVIKCGATC-UHFFFAOYSA-N",Preclinical
SNC-80,,OPRD1,,,"Tocris, Tocris, Tocris",98.29,"CCN(CC)C(=O)c1ccc(cc1)[C@@H](N1C[C@@H](C)N(CC=C)C[C@@H]1C)c1cccc(OC)c1, CCN(CC)C(=O)c1ccc(cc1)[C@@H](N1C[C@@H](C)N(CC=C)C[C@@H]1C)c1cccc(OC)c1, CCN(CC)C(=O)c1ccc(cc1)[C@@H](N1C[C@@H](C)N(CC=C)C[C@@H]1C)c1cccc(OC)c1","KQWVAUSXZDRQPZ-UMTXDNHDSA-N, KQWVAUSXZDRQPZ-UMTXDNHDSA-N, KQWVAUSXZDRQPZ-UMTXDNHDSA-N",Preclinical
SNG-1153,selective estrogen receptor modulator (SERM),ESR1,,,"MedChemEx, MedChemEx",97.18,"CC(C)=CCc1c(O)cc(O)c2c1oc(c(O)c2=O)-c1ccc(cc1)C(F)(F)F, CC(C)=CCc1c(O)cc(O)c2c1oc(c(O)c2=O)-c1ccc(cc1)C(F)(F)F","OXHMDMVBLQNMGP-UHFFFAOYSA-N, OXHMDMVBLQNMGP-UHFFFAOYSA-N",Preclinical
SNS-314,Aurora kinase inhibitor,"AURKA, AURKB, AURKC",,,"Tocris, Tocris, Tocris, Selleck",96.75,"Clc1cccc(NC(=O)Nc2ncc(CCNc3ncnc4ccsc34)s2)c1, Clc1cccc(NC(=O)Nc2ncc(CCNc3ncnc4ccsc34)s2)c1, Clc1cccc(NC(=O)Nc2ncc(CCNc3ncnc4ccsc34)s2)c1, Clc1cccc(NC(=O)Nc2ncc(CCNc3ncnc4ccsc34)s2)c1","FAYAUAZLLLJJGH-UHFFFAOYSA-N, FAYAUAZLLLJJGH-UHFFFAOYSA-N, FAYAUAZLLLJJGH-UHFFFAOYSA-N, FAYAUAZLLLJJGH-UHFFFAOYSA-N",Phase 1
SNX-2112,HSP inhibitor,,,,"Selleck, Selleck",97.02,"CC1(C)Cc2c(c(nn2-c2ccc(C(N)=O)c(N[C@H]3CC[C@H](O)CC3)c2)C(F)(F)F)C(=O)C1 |r|, CC1(C)Cc2c(c(nn2-c2ccc(C(N)=O)c(N[C@H]3CC[C@H](O)CC3)c2)C(F)(F)F)C(=O)C1 |r|","ZFVRYNYOPQZKDG-MQMHXKEQSA-N, ZFVRYNYOPQZKDG-MQMHXKEQSA-N",Phase 1
SNX-5422,HSP inhibitor,"HSP90AA1, HSP90AB1",,,"MedChemEx, MedChemEx, Selleck, Selleck, Selleck",89.48,"CC1(C)Cc2c(c(nn2-c2ccc(C(N)=O)c(N[C@H]3CC[C@@H](CC3)OC(=O)CN)c2)C(F)(F)F)C(=O)C1 |r|, CC1(C)Cc2c(c(nn2-c2ccc(C(N)=O)c(N[C@H]3CC[C@@H](CC3)OC(=O)CN)c2)C(F)(F)F)C(=O)C1 |r|, CC1(C)Cc2c(c(nn2-c2ccc(C(N)=O)c(N[C@H]3CC[C@@H](CC3)OC(=O)CN)c2)C(F)(F)F)C(=O)C1 |r|, CC1(C)Cc2c(c(nn2-c2ccc(C(N)=O)c(N[C@H]3CC[C@@H](CC3)OC(=O)CN)c2)C(F)(F)F)C(=O)C1 |r|, CC1(C)Cc2c(c(nn2-c2ccc(C(N)=O)c(N[C@H]3CC[C@@H](CC3)OC(=O)CN)c2)C(F)(F)F)C(=O)C1 |r|","AVDSOVJPJZVBTC-CTYIDZIISA-N, AVDSOVJPJZVBTC-CTYIDZIISA-N, AVDSOVJPJZVBTC-CTYIDZIISA-N, AVDSOVJPJZVBTC-CTYIDZIISA-N, AVDSOVJPJZVBTC-CTYIDZIISA-N",Phase 1/Phase 2
sobetirome,thyroid hormone receptor agonist,"THRA, THRB",,,"Tocris, Tocris, Tocris, Tocris, MedChemEx, MedChemEx, MedChemEx",98.73,"CC(C)c1cc(Cc2c(C)cc(OCC(O)=O)cc2C)ccc1O, CC(C)c1cc(Cc2c(C)cc(OCC(O)=O)cc2C)ccc1O, CC(C)c1cc(Cc2c(C)cc(OCC(O)=O)cc2C)ccc1O, CC(C)c1cc(Cc2c(C)cc(OCC(O)=O)cc2C)ccc1O, CC(C)c1cc(Cc2c(C)cc(OCC(O)=O)cc2C)ccc1O, CC(C)c1cc(Cc2c(C)cc(OCC(O)=O)cc2C)ccc1O, CC(C)c1cc(Cc2c(C)cc(OCC(O)=O)cc2C)ccc1O","QNAZTOHXCZPOSA-UHFFFAOYSA-N, QNAZTOHXCZPOSA-UHFFFAOYSA-N, QNAZTOHXCZPOSA-UHFFFAOYSA-N, QNAZTOHXCZPOSA-UHFFFAOYSA-N, QNAZTOHXCZPOSA-UHFFFAOYSA-N, QNAZTOHXCZPOSA-UHFFFAOYSA-N, QNAZTOHXCZPOSA-UHFFFAOYSA-N",Phase 1/Phase 2
soblidotin,microtubule inhibitor,,,,MedChemEx,90.07,[H][C@]1(CCCN1C(=O)C[C@@H](OC)[C@H]([C@@H](C)CC)N(C)C(=O)[C@@H](NC(=O)[C@H](C(C)C)N(C)C)C(C)C)[C@H](OC)[C@@H](C)C(=O)NCCc1ccccc1,DZMVCVHATYROOS-ZBFGKEHZSA-N,Phase 2
sobrepin,mucolytic agent,,pulmonary,chest congestion,TCI,0,CC1=CC[C@H](C[C@@H]1O)C(C)(C)O |t:1|,OMDMTHRBGUBUCO-BDAKNGLRSA-N,Launched
sobuzoxane,topoisomerase inhibitor,,hematologic malignancy,peripheral T-cell lymphoma (PTCL),Astatech,100,CC(C)COC(=O)OCN1C(=O)CN(CCN2CC(=O)N(COC(=O)OCC(C)C)C(=O)C2)CC1=O,OCOKWVBYZHBHLU-UHFFFAOYSA-N,Launched
sodium-ascorbate,,,,,"Selleck, Selleck",0,"OC[C@H](O)[C@H]1OC(=O)[C@@H](O)[C@@H]1O |a:2,4,&1:8,&2:10|, OC[C@H](O)[C@H]1OC(=O)[C@@H](O)[C@@H]1O |a:2,4,&1:8,&2:10|","SXZYCXMUPBBULW-NEEWWZBLSA-N, SXZYCXMUPBBULW-NEEWWZBLSA-N",Launched
sodium-butyrate,HDAC inhibitor,"BCHE, FFAR2, FFAR3, HDAC1, HDAC2, HDAC3, HDAC8",,,"Selleck, Selleck, Selleck",25.75,"CCCC(O)=O, CCCC(O)=O, CCCC(O)=O","FERIUCNNQQJTOY-UHFFFAOYSA-N, FERIUCNNQQJTOY-UHFFFAOYSA-N, FERIUCNNQQJTOY-UHFFFAOYSA-N",Phase 2
sodium-danshensu,,,,,"Selleck, Selleck, Selleck",100,"O[C@@H](Cc1ccc(O)c(O)c1)C(O)=O |&1:1|, O[C@@H](Cc1ccc(O)c(O)c1)C(O)=O |&1:1|, O[C@@H](Cc1ccc(O)c(O)c1)C(O)=O |&1:1|","PAFLSMZLRSPALU-QMMMGPOBSA-N, PAFLSMZLRSPALU-QMMMGPOBSA-N, PAFLSMZLRSPALU-QMMMGPOBSA-N",Preclinical
sodium-dodecyl-sulfate,,ALB,,,"Sigma, Enamine",98.3,"[Na].CCCCCCCCCCCCOS(O)(=O)=O, [Na].CCCCCCCCCCCCOS(O)(=O)=O","ISYOIFGRKUYTGX-UHFFFAOYSA-N, ISYOIFGRKUYTGX-UHFFFAOYSA-N",Launched
sodium-gluconate,,,,,"MedChemEx, MicroSource",0,"OC[C@@H](O)[C@@H](O)[C@H](O)[C@@H](O)C(O)=O, OC[C@@H](O)[C@@H](O)[C@H](O)[C@@H](O)C(O)=O","RGHNJXZEOKUKBD-SQOUGZDYSA-N, RGHNJXZEOKUKBD-SQOUGZDYSA-N",Launched
sodium-gualenate,antacid,,"gastroenterology, otolaryngology","peptic ulcer disease (PUD), pharyngitis",AKSci,99.62,CC(C)c1ccc(C)c2c(cc(C)c2c1)S(O)(=O)=O,VIZXMHCBZLGUET-UHFFFAOYSA-N,Launched
sodium-monofluorophosphate,,PYGM,dental,cavities,"MicroSource, Selleck, Selleck",0,"OP(O)(F)=O, OP(O)(F)=O, OP(O)(F)=O","DWYMPOCYEZONEA-UHFFFAOYSA-N, DWYMPOCYEZONEA-UHFFFAOYSA-N, DWYMPOCYEZONEA-UHFFFAOYSA-N",Launched
sodium-nitrite,nitric oxide donor,,critical care,"poison antidote, cyanide poisoning","Selleck, Selleck",0,"[O-][NH2+][O-], [O-][NH2+][O-]","ROODZSDSPAHHIS-UHFFFAOYSA-N, ROODZSDSPAHHIS-UHFFFAOYSA-N",Launched
sodium-nitroprusside,nitric oxide donor,,cardiology,"hypertension, congestive heart failure","MedChemEx, MedChemEx",94.4,"[O-][N+][Fe--](C#N)(C#N)(C#N)(C#N)C#N, [O-][N+][Fe--](C#N)(C#N)(C#N)(C#N)C#N","WTISQLWAPBSCSF-UHFFFAOYSA-N, WTISQLWAPBSCSF-UHFFFAOYSA-N",Launched
sodium-orthovanadate,,,,,"Selleck, Selleck",5.51,"O[V](O)(O)=O, O[V](O)(O)=O","WQEVDHBJGNOKKO-UHFFFAOYSA-K, WQEVDHBJGNOKKO-UHFFFAOYSA-K",Preclinical
sodium-picosulfate,,,gastroenterology,constipation,"MedChemEx, Selleck",94.85,"OS(=O)(=O)Oc1ccc(cc1)C(c1ccc(OS(O)(=O)=O)cc1)c1ccccn1, OS(=O)(=O)Oc1ccc(cc1)C(c1ccc(OS(O)(=O)=O)cc1)c1ccccn1","UJIDKYTZIQTXPM-UHFFFAOYSA-N, UJIDKYTZIQTXPM-UHFFFAOYSA-N",Launched
sodium-stibogluconate,tyrosine phosphatase inhibitor,PTPN6,infectious disease,leishmaniasis,MedChemEx,0,[H][C@@]1(O[Sb]2(O)(O[Sb]34(O)O[C@H]([C@@H](O3)[C@]([H])(O4)[C@H](O)CO)C(O)=O)O[C@H]([C@H]1O2)C(O)=O)[C@H](O)CO,RPOBPHCDIPHDQL-XCCFGPONSA-L,Launched
sodium-tanshinone-II-A-sulfonate,potassium channel activator,,,,Ark,93.63,Cc1c2c(oc1S(O)(=O)=O)-c1ccc3c(CCCC3(C)C)c1C(=O)C2=O,UJCACMLMPLLRGW-UHFFFAOYSA-N,Phase 2
sodium-tetradecyl-sulfate,,PROC,dermatology,varicose veins,"MicroSource, MicroSource, MicroSource",98.56,"CCCC[C@@H](CC)CC[C@@H](CC(C)C)OS(O)(=O)=O |&1:4,&2:9|, CCCC[C@@H](CC)CC[C@@H](CC(C)C)OS(O)(=O)=O |&1:4,&2:9|, CCCC[C@@H](CC)CC[C@@H](CC(C)C)OS(O)(=O)=O |&1:4,&2:9|","GROJOWHVXQYQGN-KGLIPLIRSA-N, GROJOWHVXQYQGN-KGLIPLIRSA-N, GROJOWHVXQYQGN-KGLIPLIRSA-N",Launched
sofalcone,mucus protecting agent,CBR1,gastroenterology,peptic ulcer disease (PUD),"Cayman, Cayman",97.31,"CC(C)=CCOc1ccc(\C=C\C(=O)c2ccc(OCC=C(C)C)cc2OCC(O)=O)cc1, CC(C)=CCOc1ccc(\C=C\C(=O)c2ccc(OCC=C(C)C)cc2OCC(O)=O)cc1","GFWRVVCDTLRWPK-KPKJPENVSA-N, GFWRVVCDTLRWPK-KPKJPENVSA-N",Launched
sofosbuvir,HCV inhibitor,,infectious disease,"hepatitis C, hepatitis C","MedChemEx, MedChemEx, MedChemEx",98.52,"CC(C)OC(=O)[C@H](C)N[P@](=O)(OC[C@H]1O[C@@H](n2ccc(=O)[nH]c2=O)[C@](C)(F)[C@@H]1O)Oc1ccccc1, CC(C)OC(=O)[C@H](C)N[P@](=O)(OC[C@H]1O[C@@H](n2ccc(=O)[nH]c2=O)[C@](C)(F)[C@@H]1O)Oc1ccccc1, CC(C)OC(=O)[C@H](C)N[P@](=O)(OC[C@H]1O[C@@H](n2ccc(=O)[nH]c2=O)[C@](C)(F)[C@@H]1O)Oc1ccccc1","TTZHDVOVKQGIBA-IQWMDFIBSA-N, TTZHDVOVKQGIBA-IQWMDFIBSA-N, TTZHDVOVKQGIBA-IQWMDFIBSA-N",Launched
sofosbuvir-impurity-m,antiviral,,,,MedChemEx,95.1,CC(C)OC(=O)[C@H](C)N[P@](=O)(OC[C@H]1O[C@@H](n2ccc(=O)[nH]c2=O)[C@@](C)(O)[C@@H]1O)Oc1ccccc1,WAKQLZVLNOKKHE-BFQGEBBDSA-N,Preclinical
sograzepide,gastrin inhibitor,,,,MedChemEx,63.93,CNc1cccc(NC(=O)N[C@@H]2N=C(c3ccccn3)c3ccccc3N(CC(=O)C(C)(C)C)C2=O)c1 |t:12|,YDZYKNJZCVIKPP-VWLOTQADSA-N,Phase 2
solamargine,apoptosis inhibitor,,,,"MedChemEx, MedChemEx, MedChemEx, MedChemEx",100,"C[C@H]1[C@H]2[C@@H](C[C@H]3[C@H]4CC=C5C[C@@H](CC[C@@]5(C)[C@@H]4CC[C@@]23C)O[C@H]2O[C@@H](CO)[C@@H](O[C@H]3O[C@@H](C)[C@@H](O)[C@@H](O)[C@@H]3O)[C@@H](O)[C@@H]2O[C@H]2O[C@@H](C)[C@@H](O)[C@@H](O)[C@@H]2O)O[C@]11CC[C@@H](C)CN1 |&1:1,&2:2,&3:3,&4:5,&5:6,&6:11,&7:14,&8:16,&9:19,&10:22,&11:24,&12:27,&13:29,&14:31,&15:33,&16:35,&17:37,&18:39,&19:41,&20:43,&21:45,&22:47,&23:49,&24:51,&25:54,&26:57,r,t:8|, C[C@H]1[C@H]2[C@@H](C[C@H]3[C@H]4CC=C5C[C@@H](CC[C@@]5(C)[C@@H]4CC[C@@]23C)O[C@H]2O[C@@H](CO)[C@@H](O[C@H]3O[C@@H](C)[C@@H](O)[C@@H](O)[C@@H]3O)[C@@H](O)[C@@H]2O[C@H]2O[C@@H](C)[C@@H](O)[C@@H](O)[C@@H]2O)O[C@]11CC[C@@H](C)CN1 |&1:1,&2:2,&3:3,&4:5,&5:6,&6:11,&7:14,&8:16,&9:19,&10:22,&11:24,&12:27,&13:29,&14:31,&15:33,&16:35,&17:37,&18:39,&19:41,&20:43,&21:45,&22:47,&23:49,&24:51,&25:54,&26:57,r,t:8|, C[C@H]1[C@H]2[C@@H](C[C@H]3[C@H]4CC=C5C[C@@H](CC[C@@]5(C)[C@@H]4CC[C@@]23C)O[C@H]2O[C@@H](CO)[C@@H](O[C@H]3O[C@@H](C)[C@@H](O)[C@@H](O)[C@@H]3O)[C@@H](O)[C@@H]2O[C@H]2O[C@@H](C)[C@@H](O)[C@@H](O)[C@@H]2O)O[C@]11CC[C@@H](C)CN1 |&1:1,&2:2,&3:3,&4:5,&5:6,&6:11,&7:14,&8:16,&9:19,&10:22,&11:24,&12:27,&13:29,&14:31,&15:33,&16:35,&17:37,&18:39,&19:41,&20:43,&21:45,&22:47,&23:49,&24:51,&25:54,&26:57,r,t:8|, C[C@H]1[C@H]2[C@@H](C[C@H]3[C@H]4CC=C5C[C@@H](CC[C@@]5(C)[C@@H]4CC[C@@]23C)O[C@H]2O[C@@H](CO)[C@@H](O[C@H]3O[C@@H](C)[C@@H](O)[C@@H](O)[C@@H]3O)[C@@H](O)[C@@H]2O[C@H]2O[C@@H](C)[C@@H](O)[C@@H](O)[C@@H]2O)O[C@]11CC[C@@H](C)CN1 |&1:1,&2:2,&3:3,&4:5,&5:6,&6:11,&7:14,&8:16,&9:19,&10:22,&11:24,&12:27,&13:29,&14:31,&15:33,&16:35,&17:37,&18:39,&19:41,&20:43,&21:45,&22:47,&23:49,&24:51,&25:54,&26:57,r,t:8|","MBWUSSKCCUMJHO-OXBNUUDKSA-N, MBWUSSKCCUMJHO-OXBNUUDKSA-N, MBWUSSKCCUMJHO-OXBNUUDKSA-N, MBWUSSKCCUMJHO-OXBNUUDKSA-N",Phase 3
solcitinib,JAK inhibitor,JAK1,,,"MedChemEx, MedChemEx",97.64,"CC1(C)CN(C1)C(=O)c1ccc(cc1)-c1cccc2nc(NC(=O)C3CC3)nn12, CC1(C)CN(C1)C(=O)c1ccc(cc1)-c1cccc2nc(NC(=O)C3CC3)nn12","MPYACSQFXVMWNO-UHFFFAOYSA-N, MPYACSQFXVMWNO-UHFFFAOYSA-N",Phase 1
solifenacin-succinate,acetylcholine receptor antagonist,"CHRM1, CHRM2, CHRM3, CHRM4, CHRM5",urology,"urinary incontinence, urinary frequency",MedChemEx,97.25,[H][C@@]1(C[N@@]2CC[C@H]1CC2)OC(=O)N1CCc2ccccc2[C@@H]1c1ccccc1,FBOUYBDGKBSUES-VXKWHMMOSA-N,Launched
solithromycin,protein synthesis inhibitor,,,,MedChemEx,96.7,CC[C@H]1OC(=O)[C@@](C)(F)C(=O)[C@H](C)[C@@H](O[C@@H]2O[C@H](C)C[C@@H]([C@H]2O)N(C)C)[C@@](C)(C[C@@H](C)C(=O)[C@H](C)[C@H]2N(CCCCn3cc(nn3)-c3cccc(N)c3)C(=O)O[C@]12C)OC,IXXFZUPTQVDPPK-ALZZPGSQSA-N,Phase 3
solriamfetol,dopamine reuptake inhibitor,,neurology/psychiatry,narcolepsy,AMS,84.07,N[C@@H](COC(N)=O)Cc1ccccc1,UCTRAOBQFUDCSR-SECBINFHSA-N,Launched
somantadine,antiviral,,,,ChemBridge,97.8,CC(C)(N)CC12CC3CC(CC(C3)C1)C2,OWKXRDQRMTVCEX-UHFFFAOYSA-N,Phase 1
somatostatin,somatostatin receptor agonist,"OPRD1, OPRM1, SSTR1, SSTR2, SSTR3, SSTR4, SSTR5",hematology,hemorrhage,"Key, Key",82.44,"C[C@@H](O)[C@@H]1NC(=O)[C@H](Cc2ccccc2)NC(=O)[C@@H](NC(=O)[C@H](CCCCN)NC(=O)[C@H](Cc2c[nH]c3ccccc23)NC(=O)[C@H](Cc2ccccc2)NC(=O)[C@H](Cc2ccccc2)NC(=O)[C@H](CC(N)=O)NC(=O)[C@H](CCCCN)NC(=O)[C@H](CSSC[C@H](NC(=O)[C@H](CO)NC1=O)C(O)=O)NC(=O)CNC(=O)[C@H](C)N)[C@@H](C)O, C[C@@H](O)[C@@H]1NC(=O)[C@H](Cc2ccccc2)NC(=O)[C@@H](NC(=O)[C@H](CCCCN)NC(=O)[C@H](Cc2c[nH]c3ccccc23)NC(=O)[C@H](Cc2ccccc2)NC(=O)[C@H](Cc2ccccc2)NC(=O)[C@H](CC(N)=O)NC(=O)[C@H](CCCCN)NC(=O)[C@H](CSSC[C@H](NC(=O)[C@H](CO)NC1=O)C(O)=O)NC(=O)CNC(=O)[C@H](C)N)[C@@H](C)O","NHXLMOGPVYXJNR-FMFSXUEQSA-N, NHXLMOGPVYXJNR-FMFSXUEQSA-N",Launched
sonepiprazole,dopamine receptor antagonist,,,,Sigma,92.91,NS(=O)(=O)c1ccc(cc1)N1CCN(CC[C@@H]2OCCc3ccccc23)CC1,WNUQCGWXPNGORO-NRFANRHFSA-N,Phase 2
sonidegib,smoothened receptor antagonist,SMO,oncology,basal cell carcinoma (BCC),"Selleck, Selleck, Selleck, Selleck",95.51,"C[C@H]1CN(C[C@@H](C)O1)c1ccc(NC(=O)c2cccc(c2C)-c2ccc(OC(F)(F)F)cc2)cn1, C[C@H]1CN(C[C@@H](C)O1)c1ccc(NC(=O)c2cccc(c2C)-c2ccc(OC(F)(F)F)cc2)cn1, C[C@H]1CN(C[C@@H](C)O1)c1ccc(NC(=O)c2cccc(c2C)-c2ccc(OC(F)(F)F)cc2)cn1, C[C@H]1CN(C[C@@H](C)O1)c1ccc(NC(=O)c2cccc(c2C)-c2ccc(OC(F)(F)F)cc2)cn1","VZZJRYRQSPEMTK-CALCHBBNSA-N, VZZJRYRQSPEMTK-CALCHBBNSA-N, VZZJRYRQSPEMTK-CALCHBBNSA-N, VZZJRYRQSPEMTK-CALCHBBNSA-N",Launched
sophocarpine,,,,,"Vitas-M, Selleck, Selleck",96.27,"O=C1C=CC[C@@H]2[C@H]3CCCN4CCC[C@@H](CN12)[C@@H]34 |c:2|, O=C1C=CC[C@@H]2[C@H]3CCCN4CCC[C@@H](CN12)[C@@H]34 |c:2|, O=C1C=CC[C@@H]2[C@H]3CCCN4CCC[C@@H](CN12)[C@@H]34 |c:2|","AAGFPTSOPGCENQ-JLNYLFASSA-N, AAGFPTSOPGCENQ-JLNYLFASSA-N, AAGFPTSOPGCENQ-JLNYLFASSA-N",Phase 3
sorafenib,"FLT3 inhibitor, KIT inhibitor, PDGFR tyrosine kinase receptor inhibitor, RAF inhibitor, RET tyrosine kinase inhibitor, VEGFR inhibitor","BRAF, DDR2, FGFR1, FLT1, FLT3, FLT4, KDR, KIT, PDGFRB, RAF1, RET",oncology,"renal cell carcinoma (RCC), thyroid cancer, hepatocellular carcinoma (HCC)","Selleck, Selleck, Selleck, Selleck, Selleck, Selleck, Selleck, Selleck",98.3,"CNC(=O)c1cc(Oc2ccc(NC(=O)Nc3ccc(Cl)c(c3)C(F)(F)F)cc2)ccn1, CNC(=O)c1cc(Oc2ccc(NC(=O)Nc3ccc(Cl)c(c3)C(F)(F)F)cc2)ccn1, CNC(=O)c1cc(Oc2ccc(NC(=O)Nc3ccc(Cl)c(c3)C(F)(F)F)cc2)ccn1, CNC(=O)c1cc(Oc2ccc(NC(=O)Nc3ccc(Cl)c(c3)C(F)(F)F)cc2)ccn1, CNC(=O)c1cc(Oc2ccc(NC(=O)Nc3ccc(Cl)c(c3)C(F)(F)F)cc2)ccn1, CNC(=O)c1cc(Oc2ccc(NC(=O)Nc3ccc(Cl)c(c3)C(F)(F)F)cc2)ccn1, CNC(=O)c1cc(Oc2ccc(NC(=O)Nc3ccc(Cl)c(c3)C(F)(F)F)cc2)ccn1, CNC(=O)c1cc(Oc2ccc(NC(=O)Nc3ccc(Cl)c(c3)C(F)(F)F)cc2)ccn1","MLDQJTXFUGDVEO-UHFFFAOYSA-N, MLDQJTXFUGDVEO-UHFFFAOYSA-N, MLDQJTXFUGDVEO-UHFFFAOYSA-N, MLDQJTXFUGDVEO-UHFFFAOYSA-N, MLDQJTXFUGDVEO-UHFFFAOYSA-N, MLDQJTXFUGDVEO-UHFFFAOYSA-N, MLDQJTXFUGDVEO-UHFFFAOYSA-N, MLDQJTXFUGDVEO-UHFFFAOYSA-N",Launched
soraprazan,proton pump inhibitor,,,,MedChemEx,94.94,COCCO[C@H]1[C@H](O)[C@H](Nc2c1ccn1c(C)c(C)nc21)c1ccccc1,PWILYDZRJORZDR-MISYRCLQSA-N,Preclinical
sorbic-acid,,,,,Sigma,0,C\C=C\C=C\C(O)=O,WSWCOQWTEOXDQX-MQQKCMAXSA-N,Launched
sorbinil,aldose reductase inhibitor,AKR1B1,,,"Sigma, Key, Key, Key, Key",98.08,"Fc1ccc2OCC[C@]3(NC(=O)NC3=O)c2c1 |&1:8,r|, Fc1ccc2OCC[C@]3(NC(=O)NC3=O)c2c1 |&1:8,r|, Fc1ccc2OCC[C@]3(NC(=O)NC3=O)c2c1 |&1:8,r|, Fc1ccc2OCC[C@]3(NC(=O)NC3=O)c2c1 |&1:8,r|, Fc1ccc2OCC[C@]3(NC(=O)NC3=O)c2c1 |&1:8,r|","LXANPKRCLVQAOG-NSHDSACASA-N, LXANPKRCLVQAOG-NSHDSACASA-N, LXANPKRCLVQAOG-NSHDSACASA-N, LXANPKRCLVQAOG-NSHDSACASA-N, LXANPKRCLVQAOG-NSHDSACASA-N",Phase 3
sorbitan-monostearate,,,,,"InterBioScreen, InterBioScreen",27.6,"CCCCCCCCCCCCCCCCCC(=O)OC[C@@H](O)[C@H]1OC[C@H](O)[C@H]1O |a:23,26,28,&1:21|, CCCCCCCCCCCCCCCCCC(=O)OC[C@@H](O)[C@H]1OC[C@H](O)[C@H]1O |a:23,26,28,&1:21|","HVUMOYIDDBPOLL-XWVZOOPGSA-N, HVUMOYIDDBPOLL-XWVZOOPGSA-N",Preclinical
sorbitol,mucolytic agent,,gastroenterology,constipation,"MedChemEx, MicroSource, Selleck, Selleck",100,"OC[C@H](O)[C@@H](O)[C@H](O)[C@H](O)CO, OC[C@H](O)[C@@H](O)[C@H](O)[C@H](O)CO, OC[C@H](O)[C@@H](O)[C@H](O)[C@H](O)CO, OC[C@H](O)[C@@H](O)[C@H](O)[C@H](O)CO","FBPFZTCFMRRESA-JGWLITMVSA-N, FBPFZTCFMRRESA-JGWLITMVSA-N, FBPFZTCFMRRESA-JGWLITMVSA-N, FBPFZTCFMRRESA-JGWLITMVSA-N",Launched
sotagliflozin,sodium/glucose cotransporter inhibitor,"SLC5A1, SLC5A2",,,"MedChemEx, MedChemEx, MedChemEx",95.58,"CCOc1ccc(Cc2cc(ccc2Cl)[C@@H]2O[C@H](SC)[C@@H](O)[C@H](O)[C@H]2O)cc1, CCOc1ccc(Cc2cc(ccc2Cl)[C@@H]2O[C@H](SC)[C@@H](O)[C@H](O)[C@H]2O)cc1, CCOc1ccc(Cc2cc(ccc2Cl)[C@@H]2O[C@H](SC)[C@@H](O)[C@H](O)[C@H]2O)cc1","QKDRXGFQVGOQKS-CRSSMBPESA-N, QKDRXGFQVGOQKS-CRSSMBPESA-N, QKDRXGFQVGOQKS-CRSSMBPESA-N",Phase 3
sotalol,adrenergic receptor antagonist,"ADRB1, ADRB2, KCNH2",cardiology,"atrial fibrillation (AF), ventricular arrhythmias","MicroSource, MicroSource, Selleck, Tocris",98.92,"CC(C)NCC(O)c1ccc(NS(C)(=O)=O)cc1, CC(C)NCC(O)c1ccc(NS(C)(=O)=O)cc1, CC(C)NCC(O)c1ccc(NS(C)(=O)=O)cc1, CC(C)NCC(O)c1ccc(NS(C)(=O)=O)cc1","ZBMZVLHSJCTVON-UHFFFAOYSA-N, ZBMZVLHSJCTVON-UHFFFAOYSA-N, ZBMZVLHSJCTVON-UHFFFAOYSA-N, ZBMZVLHSJCTVON-UHFFFAOYSA-N",Launched
sotrastaurin,PKC inhibitor,"PRKCA, PRKCB, PRKCD, PRKCE, PRKCH, PRKCQ",,,"MedChemEx, MedChemEx, Selleck",98.9,"CN1CCN(CC1)c1nc(C2=C(C(=O)NC2=O)c2c[nH]c3ccccc23)c2ccccc2n1 |t:11|, CN1CCN(CC1)c1nc(C2=C(C(=O)NC2=O)c2c[nH]c3ccccc23)c2ccccc2n1 |t:11|, CN1CCN(CC1)c1nc(C2=C(C(=O)NC2=O)c2c[nH]c3ccccc23)c2ccccc2n1 |t:11|","OAVGBZOFDPFGPJ-UHFFFAOYSA-N, OAVGBZOFDPFGPJ-UHFFFAOYSA-N, OAVGBZOFDPFGPJ-UHFFFAOYSA-N",Phase 2
SP-100030,NFkB pathway inhibitor,"JUN, NFKB1",,,"Tocris, Tocris",83.3,"FC(F)(F)c1cc(NC(=O)c2cnc(Cl)nc2C(F)(F)F)cc(c1)C(F)(F)F, FC(F)(F)c1cc(NC(=O)c2cnc(Cl)nc2C(F)(F)F)cc(c1)C(F)(F)F","GHMKQBWHPQMXSH-UHFFFAOYSA-N, GHMKQBWHPQMXSH-UHFFFAOYSA-N",Preclinical
SP-141,ubiquitin ligase inhibitor,MDM2,,,"Tocris, Tocris, Tocris, Tocris, Tocris",97.08,"COc1ccc2[nH]c3c(nccc3c2c1)-c1cccc2ccccc12, COc1ccc2[nH]c3c(nccc3c2c1)-c1cccc2ccccc12, COc1ccc2[nH]c3c(nccc3c2c1)-c1cccc2ccccc12, COc1ccc2[nH]c3c(nccc3c2c1)-c1cccc2ccccc12, COc1ccc2[nH]c3c(nccc3c2c1)-c1cccc2ccccc12","AABFWJDLCCDJJN-UHFFFAOYSA-N, AABFWJDLCCDJJN-UHFFFAOYSA-N, AABFWJDLCCDJJN-UHFFFAOYSA-N, AABFWJDLCCDJJN-UHFFFAOYSA-N, AABFWJDLCCDJJN-UHFFFAOYSA-N",Preclinical
SP-420,,,,,"MedChemEx, MedChemEx",85.18,"COCCOCCOc1ccc(C2=N[C@](C)(CS2)C(O)=O)c(O)c1 |t:12|, COCCOCCOc1ccc(C2=N[C@](C)(CS2)C(O)=O)c(O)c1 |t:12|","YASYAEVZKXPYIZ-MRXNPFEDSA-N, YASYAEVZKXPYIZ-MRXNPFEDSA-N",Phase 1
spaglumic-acid,glutamate receptor antagonist,GRM3,allergy,"allergic conjunctivitis, allergic rhinitis","Prestwick, Enzo, Enzo, Tocris",98.11,"CC(=O)N[C@@H](CC(O)=O)C(=O)N[C@@H](CCC(O)=O)C(O)=O, CC(=O)N[C@@H](CC(O)=O)C(=O)N[C@@H](CCC(O)=O)C(O)=O, CC(=O)N[C@@H](CC(O)=O)C(=O)N[C@@H](CCC(O)=O)C(O)=O, CC(=O)N[C@@H](CC(O)=O)C(=O)N[C@@H](CCC(O)=O)C(O)=O","OPVPGKGADVGKTG-BQBZGAKWSA-N, OPVPGKGADVGKTG-BQBZGAKWSA-N, OPVPGKGADVGKTG-BQBZGAKWSA-N, OPVPGKGADVGKTG-BQBZGAKWSA-N",Launched
sparfloxacin,bacterial DNA gyrase inhibitor,TOP2A,,,"MedChemEx, MicroSource, MicroSource, Selleck, Selleck, Selleck",96.86,"C[C@H]1CN(C[C@@H](C)N1)c1c(F)c(N)c2c(c1F)n(cc(C(O)=O)c2=O)C1CC1, C[C@H]1CN(C[C@@H](C)N1)c1c(F)c(N)c2c(c1F)n(cc(C(O)=O)c2=O)C1CC1, C[C@H]1CN(C[C@@H](C)N1)c1c(F)c(N)c2c(c1F)n(cc(C(O)=O)c2=O)C1CC1, C[C@H]1CN(C[C@@H](C)N1)c1c(F)c(N)c2c(c1F)n(cc(C(O)=O)c2=O)C1CC1, C[C@H]1CN(C[C@@H](C)N1)c1c(F)c(N)c2c(c1F)n(cc(C(O)=O)c2=O)C1CC1, C[C@H]1CN(C[C@@H](C)N1)c1c(F)c(N)c2c(c1F)n(cc(C(O)=O)c2=O)C1CC1","DZZWHBIBMUVIIW-DTORHVGOSA-N, DZZWHBIBMUVIIW-DTORHVGOSA-N, DZZWHBIBMUVIIW-DTORHVGOSA-N, DZZWHBIBMUVIIW-DTORHVGOSA-N, DZZWHBIBMUVIIW-DTORHVGOSA-N, DZZWHBIBMUVIIW-DTORHVGOSA-N",Withdrawn
sparfosate,aspartate carbamoyltransferase inhibitor,"CA2, CA4",,,AMS,0,OC(=O)C[C@@H](NC(=O)CP(O)(O)=O)C(O)=O |&1:4|,ZZKNRXZVGOYGJT-GSVOUGTGSA-N,Phase 3
sparsentan,angiotensin receptor antagonist,,,,MedChemEx,96.98,CCCCC1=NC2(CCCC2)C(=O)N1Cc1ccc(c(COCC)c1)-c1ccccc1S(=O)(=O)Nc1noc(C)c1C |t:4|,WRFHGDPIDHPWIQ-UHFFFAOYSA-N,Phase 3
sparteine-(+),,,,,Oakwood,93.7,C1CCN2C[C@H]3C[C@H](CN4CCCC[C@H]34)[C@@H]2C1,SLRCCWJSBJZJBV-TUVASFSCSA-N,Launched
sparteine-(-),,,,,Oakwood,100,C1CCN2C[C@@H]3C[C@@H](CN4CCCC[C@H]34)[C@@H]2C1,SLRCCWJSBJZJBV-ZQDZILKHSA-N,Launched
sparteine-sulfate,,,,,MicroSource,100,C1CCN2C[C@H]3C[C@@H](CN4CCCC[C@H]34)[C@@H]2C1,SLRCCWJSBJZJBV-NMWPEEMBSA-N,Launched
spautin-1,deubiquitinase inhibitor,"USP10, USP13",,,"Tocris, Tocris, Tocris",98,"Fc1ccc(CNc2ncnc3ccc(F)cc23)cc1, Fc1ccc(CNc2ncnc3ccc(F)cc23)cc1, Fc1ccc(CNc2ncnc3ccc(F)cc23)cc1","AWIVHRPYFSSVOG-UHFFFAOYSA-N, AWIVHRPYFSSVOG-UHFFFAOYSA-N, AWIVHRPYFSSVOG-UHFFFAOYSA-N",Preclinical
spectinomycin,bacterial 30S ribosomal subunit inhibitor,,pulmonary,"airsacculitis, chronic respiratory disease","MedChemEx, MedChemEx, Selleck, MicroSource, Selleck",68.33,"CN[C@@H]1[C@H](O)[C@H](NC)[C@H]2O[C@]3(O)[C@@H](O[C@H](C)CC3=O)O[C@@H]2[C@H]1O, CN[C@@H]1[C@H](O)[C@H](NC)[C@H]2O[C@]3(O)[C@@H](O[C@H](C)CC3=O)O[C@@H]2[C@H]1O, CN[C@@H]1[C@H](O)[C@H](NC)[C@H]2O[C@]3(O)[C@@H](O[C@H](C)CC3=O)O[C@@H]2[C@H]1O, CN[C@@H]1[C@H](O)[C@H](NC)[C@H]2O[C@]3(O)[C@@H](O[C@H](C)CC3=O)O[C@@H]2[C@H]1O, CN[C@@H]1[C@H](O)[C@H](NC)[C@H]2O[C@]3(O)[C@@H](O[C@H](C)CC3=O)O[C@@H]2[C@H]1O","UNFWWIHTNXNPBV-WXKVUWSESA-N, UNFWWIHTNXNPBV-WXKVUWSESA-N, UNFWWIHTNXNPBV-WXKVUWSESA-N, UNFWWIHTNXNPBV-WXKVUWSESA-N, UNFWWIHTNXNPBV-WXKVUWSESA-N",Launched
spermidine,glutamate receptor modulator,"KCNJ4, TXNRD1",,,"Tocris, Tocris",100,"NCCCCNCCCN, NCCCCNCCCN","ATHGHQPFGPMSJY-UHFFFAOYSA-N, ATHGHQPFGPMSJY-UHFFFAOYSA-N",Preclinical
spermine,,"CA14, CA4, CA6, CA9, CASR, GRIN1, GRIN2A, KCNJ4, ODC1, SMOX, SMS, TRPM4, TRPM5",,,Enzo,100,NCCCNCCCCNCCCN,PFNFFQXMRSDOHW-UHFFFAOYSA-N,Preclinical
sphingosylphosphorylcholine,gene expression stimulant,GPR12,,,EMDBio,100,"CCCCCCCCCCCCC\C=C\[C@@H](O)[C@@H](N)COP(O)(=O)OCC[N+](C)(C)C |a:15,17,&1:21|",JLVSPVFPBBFMBE-HXSWCURESA-O,Preclinical
spiperone,dopamine receptor antagonist,"ADRA1A, ADRA1B, ADRA1D, DRD1, DRD2, DRD3, DRD4, DRD5, HTR1A, HTR1D, HTR2A, HTR2B, HTR2C, HTR6, HTR7",neurology/psychiatry,schizophrenia,"MicroSource, Tocris",96.07,"Fc1ccc(cc1)C(=O)CCCN1CCC2(CC1)N(CNC2=O)c1ccccc1, Fc1ccc(cc1)C(=O)CCCN1CCC2(CC1)N(CNC2=O)c1ccccc1","DKGZKTPJOSAWFA-UHFFFAOYSA-N, DKGZKTPJOSAWFA-UHFFFAOYSA-N",Launched
spiradoline,opioid receptor agonist,OPRK1,,,"Enzo, Enzo, Enzo, Enzo, Sigma",98.15,"CN([C@H]1CC[C@@]2(CCCO2)C[C@@H]1N1CCCC1)C(=O)Cc1ccc(Cl)c(Cl)c1, CN([C@H]1CC[C@@]2(CCCO2)C[C@@H]1N1CCCC1)C(=O)Cc1ccc(Cl)c(Cl)c1, CN([C@H]1CC[C@@]2(CCCO2)C[C@@H]1N1CCCC1)C(=O)Cc1ccc(Cl)c(Cl)c1, CN([C@H]1CC[C@@]2(CCCO2)C[C@@H]1N1CCCC1)C(=O)Cc1ccc(Cl)c(Cl)c1, CN([C@H]1CC[C@@]2(CCCO2)C[C@@H]1N1CCCC1)C(=O)Cc1ccc(Cl)c(Cl)c1","NYKCGQQJNVPOLU-ONTIZHBOSA-N, NYKCGQQJNVPOLU-ONTIZHBOSA-N, NYKCGQQJNVPOLU-ONTIZHBOSA-N, NYKCGQQJNVPOLU-ONTIZHBOSA-N, NYKCGQQJNVPOLU-ONTIZHBOSA-N",Phase 2
spiramycin,bacterial 50S ribosomal subunit inhibitor,,infectious disease,"toxoplasmosis, soft tissue infection",MedChemEx,87.58,"CO[C@H]1[C@H](O)CC(=O)O[C@H](C)C\C=C\C=C\[C@H](O[C@H]2CC[C@@H]([C@@H](C)O2)N(C)C)[C@H](C)C[C@H](CC=O)[C@@H]1O[C@@H]1O[C@H](C)[C@@H](O[C@H]2C[C@@](C)(O)[C@@H](O)[C@H](C)O2)[C@@H]([C@H]1O)N(C)C |t:12,14|",ACTOXUHEUCPTEW-VTGPZPQGSA-N,Launched
spirobromin,,,,,MatrixSci,0,BrCCC(=O)N1CC[N+]2(CC1)CC[N+]1(CCN(CC1)C(=O)CCBr)CC2,JXEICPOBKSQAIU-UHFFFAOYSA-N,Phase 1
spironolactone,mineralocorticoid receptor antagonist,"AR, CACNA1A, CACNA1B, CACNA1C, CACNA1D, CACNA1F, CACNA1G, CACNA1H, CACNA1I, CACNA1S, CACNA2D1, CACNA2D2, CACNA2D3, CACNB1, CACNB2, CACNB3, CACNB4, CACNG1, CYP11B2, NR3C1, NR3C2, PGR, SHBG","endocrinology, cardiology, gastroenterology, rheumatology","hyperaldosteronism, congestive heart failure, hepatic cirrhosis, nephrotic syndrome, hypertension, hypokalemia","Tocris, Tocris, Tocris, MicroSource, Selleck, Selleck, Selleck",98.19,"CC(=O)S[C@@H]1CC2=CC(=O)CC[C@]2(C)[C@H]2CC[C@@]3(C)[C@@H](CC[C@@]33CCC(=O)O3)[C@H]12 |t:6|, CC(=O)S[C@@H]1CC2=CC(=O)CC[C@]2(C)[C@H]2CC[C@@]3(C)[C@@H](CC[C@@]33CCC(=O)O3)[C@H]12 |t:6|, CC(=O)S[C@@H]1CC2=CC(=O)CC[C@]2(C)[C@H]2CC[C@@]3(C)[C@@H](CC[C@@]33CCC(=O)O3)[C@H]12 |t:6|, CC(=O)S[C@@H]1CC2=CC(=O)CC[C@]2(C)[C@H]2CC[C@@]3(C)[C@@H](CC[C@@]33CCC(=O)O3)[C@H]12 |t:6|, CC(=O)S[C@@H]1CC2=CC(=O)CC[C@]2(C)[C@H]2CC[C@@]3(C)[C@@H](CC[C@@]33CCC(=O)O3)[C@H]12 |t:6|, CC(=O)S[C@@H]1CC2=CC(=O)CC[C@]2(C)[C@H]2CC[C@@]3(C)[C@@H](CC[C@@]33CCC(=O)O3)[C@H]12 |t:6|, CC(=O)S[C@@H]1CC2=CC(=O)CC[C@]2(C)[C@H]2CC[C@@]3(C)[C@@H](CC[C@@]33CCC(=O)O3)[C@H]12 |t:6|","LXMSZDCAJNLERA-ZHYRCANASA-N, LXMSZDCAJNLERA-ZHYRCANASA-N, LXMSZDCAJNLERA-ZHYRCANASA-N, LXMSZDCAJNLERA-ZHYRCANASA-N, LXMSZDCAJNLERA-ZHYRCANASA-N, LXMSZDCAJNLERA-ZHYRCANASA-N, LXMSZDCAJNLERA-ZHYRCANASA-N",Launched
spiroxatrine,serotonin receptor antagonist,"ADRA1A, ADRA1B, ADRA1D, ADRA2A, ADRA2B, ADRA2C, HTR1A, HTR2B",,,"Tocris, Tocris",91.09,"O=C1NCN(c2ccccc2)C11CCN(C[C@H]2COc3ccccc3O2)CC1 |&1:16,r|, O=C1NCN(c2ccccc2)C11CCN(C[C@H]2COc3ccccc3O2)CC1 |&1:16,r|","JVGBTTIJPBFLTE-SFHVURJKSA-N, JVGBTTIJPBFLTE-SFHVURJKSA-N",Preclinical
spizofurone,,,,,Sigma,97.9,CC(=O)c1ccc2OC3(CC3)C(=O)c2c1,SETMGIIITGNLAS-UHFFFAOYSA-N,Withdrawn
splitomycin,SIRT inhibitor,SIRT1,,,Tocris,38.94,O=C1CCc2c(O1)ccc1ccccc21,ISFPDBUKMJDAJH-UHFFFAOYSA-N,Preclinical
SPP301,endothelin receptor antagonist,EDNRA,,,"MedChemEx, MedChemEx",99.69,"COc1ccccc1Oc1c(NS(=O)(=O)c2ccc(C)cn2)nc(nc1OC)-c1ccncc1, COc1ccccc1Oc1c(NS(=O)(=O)c2ccc(C)cn2)nc(nc1OC)-c1ccncc1","YBWLTKFZAOSWSM-UHFFFAOYSA-N, YBWLTKFZAOSWSM-UHFFFAOYSA-N",Phase 3
SPP86,receptor tyrosine protein kinase inhibitor,RET,,,"Tocris, Tocris",98.51,"CC(C)n1nc(C#Cc2ccccc2)c2c(N)ncnc12, CC(C)n1nc(C#Cc2ccccc2)c2c(N)ncnc12","JQOIRTDBHMDWMT-UHFFFAOYSA-N, JQOIRTDBHMDWMT-UHFFFAOYSA-N",Preclinical
SQ-109,bacterial cell wall synthesis inhibitor,FDFT1,,,"MedChemEx, MedChemEx",97.97,"CC(C)=CCC\C(C)=C\CNCCNC1[C@H]2C[C@@H]3C[C@@H](C[C@H]1C3)C2 |r|, CC(C)=CCC\C(C)=C\CNCCNC1[C@H]2C[C@@H]3C[C@@H](C[C@H]1C3)C2 |r|","JFIBVDBTCDTBRH-UNRAVDGJSA-N, JFIBVDBTCDTBRH-UNRAVDGJSA-N",Phase 3
SQ-22536,adenylyl cyclase inhibitor,ADCY1,,,"Tocris, Tocris",98.05,"Nc1ncnc2n(cnc12)[C@H]1CCCO1 |&1:10,r|, Nc1ncnc2n(cnc12)[C@H]1CCCO1 |&1:10,r|","UKHMZCMKHPHFOT-ZCFIWIBFSA-N, UKHMZCMKHPHFOT-ZCFIWIBFSA-N",Preclinical
squalamine,antiviral,,,,MedChemEx,94.7,[H][C@@]1(CC[C@@]2([H])[C@]3([H])[C@H](O)C[C@@]4([H])C[C@H](CC[C@]4(C)[C@@]3([H])CC[C@]12C)NCCCNCCCCN)[C@H](C)CC[C@@H](OS(O)(=O)=O)C(C)C,UIRKNQLZZXALBI-MSVGPLKSSA-N,Phase 3
squaric-acid-dibutyl-ester,oxidative stress inducer,,,,AMS,0,CCCCOc1c(OCCCC)c(=O)c1=O,XBRWELTXMQSEIN-UHFFFAOYSA-N,Preclinical
SR-1078,retinoid receptor agonist,"RORA, RORC",,,"Tocris, Tocris",93.79,"OC(c1ccc(NC(=O)c2ccc(cc2)C(F)(F)F)cc1)(C(F)(F)F)C(F)(F)F, OC(c1ccc(NC(=O)c2ccc(cc2)C(F)(F)F)cc1)(C(F)(F)F)C(F)(F)F","DUXWIYXHHGNUJU-UHFFFAOYSA-N, DUXWIYXHHGNUJU-UHFFFAOYSA-N",Preclinical
SR-11302,,,,,"Tocris, Tocris",64.05,"C\C(\C=C\C=C(\C=C\C1=C(C)CCCC1(C)C)/c1ccc(C)cc1)=C/C(O)=O |c:8|, C\C(\C=C\C=C(\C=C\C1=C(C)CCCC1(C)C)/c1ccc(C)cc1)=C/C(O)=O |c:8|","RQANARBNMTXCDM-DKOHIBGUSA-N, RQANARBNMTXCDM-DKOHIBGUSA-N",Preclinical
SR-140333,neurokinin receptor antagonist,TACR1,,,"Tocris, Tocris, Tocris",94.45,"CC(C)Oc1cccc(CC(=O)N2CCC[C@@](CC[N+]34CCC(CC3)(CC4)c3ccccc3)(C2)c2ccc(Cl)c(Cl)c2)c1, CC(C)Oc1cccc(CC(=O)N2CCC[C@@](CC[N+]34CCC(CC3)(CC4)c3ccccc3)(C2)c2ccc(Cl)c(Cl)c2)c1, CC(C)Oc1cccc(CC(=O)N2CCC[C@@](CC[N+]34CCC(CC3)(CC4)c3ccccc3)(C2)c2ccc(Cl)c(Cl)c2)c1","RPDFDSQFBCJTDY-GAQXSTBRSA-N, RPDFDSQFBCJTDY-GAQXSTBRSA-N, RPDFDSQFBCJTDY-GAQXSTBRSA-N",Phase 2
SR-1664,PPAR receptor ligand,PPARG,,,"Tocris, Sigma",94.36,"C[C@H](NC(=O)c1ccc2n(Cc3ccc(cc3)-c3ccccc3C(O)=O)c(C)c(C)c2c1)c1ccc(cc1)[N+]([O-])=O, C[C@H](NC(=O)c1ccc2n(Cc3ccc(cc3)-c3ccccc3C(O)=O)c(C)c(C)c2c1)c1ccc(cc1)[N+]([O-])=O","IIJDFXNUWZTHIM-NRFANRHFSA-N, IIJDFXNUWZTHIM-NRFANRHFSA-N",Preclinical
SR-2211,retinoid receptor inverse agonist,RORC,,,"Tocris, Tocris, Tocris",95.83,"OC(c1ccc(c(F)c1)-c1ccc(CN2CCN(Cc3ccncc3)CC2)cc1)(C(F)(F)F)C(F)(F)F, OC(c1ccc(c(F)c1)-c1ccc(CN2CCN(Cc3ccncc3)CC2)cc1)(C(F)(F)F)C(F)(F)F, OC(c1ccc(c(F)c1)-c1ccc(CN2CCN(Cc3ccncc3)CC2)cc1)(C(F)(F)F)C(F)(F)F","KVHKWAZUPPBMLL-UHFFFAOYSA-N, KVHKWAZUPPBMLL-UHFFFAOYSA-N, KVHKWAZUPPBMLL-UHFFFAOYSA-N",Preclinical
SR-2640,leukotriene receptor antagonist,CYSLTR1,,,"Tocris, Tocris, Tocris",95.08,"OC(=O)c1ccccc1Nc1cccc(OCc2ccc3ccccc3n2)c1, OC(=O)c1ccccc1Nc1cccc(OCc2ccc3ccccc3n2)c1, OC(=O)c1ccccc1Nc1cccc(OCc2ccc3ccccc3n2)c1","LMPZHLXYBWGGNT-UHFFFAOYSA-N, LMPZHLXYBWGGNT-UHFFFAOYSA-N, LMPZHLXYBWGGNT-UHFFFAOYSA-N",Phase 2
SR-27897,CCK receptor antagonist,CCKAR,,,"Tocris, Tocris, Tocris, Tocris",99.12,"OC(=O)Cn1c(cc2ccccc12)C(=O)Nc1nc(cs1)-c1ccccc1Cl, OC(=O)Cn1c(cc2ccccc12)C(=O)Nc1nc(cs1)-c1ccccc1Cl, OC(=O)Cn1c(cc2ccccc12)C(=O)Nc1nc(cs1)-c1ccccc1Cl, OC(=O)Cn1c(cc2ccccc12)C(=O)Nc1nc(cs1)-c1ccccc1Cl","ILNRQFBVVQUOLP-UHFFFAOYSA-N, ILNRQFBVVQUOLP-UHFFFAOYSA-N, ILNRQFBVVQUOLP-UHFFFAOYSA-N, ILNRQFBVVQUOLP-UHFFFAOYSA-N",Phase 2
SR-3306,JNK inhibitor,"MAPK10, MAPK8, MAPK9",,,"MedChemEx, MedChemEx, MedChemEx, MedChemEx",95.09,"Cc1ccc(cn1)-c1ncn(n1)-c1ccc(Nc2nccc(n2)-c2cccc(c2)N2CCOCC2)cc1, Cc1ccc(cn1)-c1ncn(n1)-c1ccc(Nc2nccc(n2)-c2cccc(c2)N2CCOCC2)cc1, Cc1ccc(cn1)-c1ncn(n1)-c1ccc(Nc2nccc(n2)-c2cccc(c2)N2CCOCC2)cc1, Cc1ccc(cn1)-c1ncn(n1)-c1ccc(Nc2nccc(n2)-c2cccc(c2)N2CCOCC2)cc1","QDMXVKKPYBGIAS-UHFFFAOYSA-N, QDMXVKKPYBGIAS-UHFFFAOYSA-N, QDMXVKKPYBGIAS-UHFFFAOYSA-N, QDMXVKKPYBGIAS-UHFFFAOYSA-N",Preclinical
SR-33805,calcium channel blocker,,,,"Tocris, Tocris, Tocris, Tocris, Tocris",97.8,"COc1ccc(CCN(C)CCCOc2ccc(cc2)S(=O)(=O)c2c(C(C)C)c3ccccc3n2C)cc1OC, COc1ccc(CCN(C)CCCOc2ccc(cc2)S(=O)(=O)c2c(C(C)C)c3ccccc3n2C)cc1OC, COc1ccc(CCN(C)CCCOc2ccc(cc2)S(=O)(=O)c2c(C(C)C)c3ccccc3n2C)cc1OC, COc1ccc(CCN(C)CCCOc2ccc(cc2)S(=O)(=O)c2c(C(C)C)c3ccccc3n2C)cc1OC, COc1ccc(CCN(C)CCCOc2ccc(cc2)S(=O)(=O)c2c(C(C)C)c3ccccc3n2C)cc1OC","GCVFQRRBTCHIPK-UHFFFAOYSA-N, GCVFQRRBTCHIPK-UHFFFAOYSA-N, GCVFQRRBTCHIPK-UHFFFAOYSA-N, GCVFQRRBTCHIPK-UHFFFAOYSA-N, GCVFQRRBTCHIPK-UHFFFAOYSA-N",Phase 1
SR-3576,JNK inhibitor,MAPK10,,,"Tocris, Tocris, Tocris",99.49,"COc1cc(NC(=O)c2cccc(c2)-n2cc(NC(=O)Nc3cccc(C)c3)cn2)cc(OC)c1OC, COc1cc(NC(=O)c2cccc(c2)-n2cc(NC(=O)Nc3cccc(C)c3)cn2)cc(OC)c1OC, COc1cc(NC(=O)c2cccc(c2)-n2cc(NC(=O)Nc3cccc(C)c3)cn2)cc(OC)c1OC","MTFAYLZZDJGFGV-UHFFFAOYSA-N, MTFAYLZZDJGFGV-UHFFFAOYSA-N, MTFAYLZZDJGFGV-UHFFFAOYSA-N",Preclinical
SR-3677,rho associated kinase inhibitor,ROCK2,,,"Tocris, Tocris",90.89,"CN(C)CCOc1cc(ccc1NC(=O)[C@H]1COc2ccccc2O1)-c1cn[nH]c1 |&1:15|, CN(C)CCOc1cc(ccc1NC(=O)[C@H]1COc2ccccc2O1)-c1cn[nH]c1 |&1:15|","OQWZIAVXCYIZNN-OAQYLSRUSA-N, OQWZIAVXCYIZNN-OAQYLSRUSA-N",Preclinical
SR-57227A,serotonin receptor agonist,HTR3A,,,"Tocris, Tocris",95.89,"NC1CCN(CC1)c1cccc(Cl)n1, NC1CCN(CC1)c1cccc(Cl)n1","WPVVMKYQOMJPIN-UHFFFAOYSA-N, WPVVMKYQOMJPIN-UHFFFAOYSA-N",Phase 2
SR-59230A,adrenergic receptor antagonist,"ADRB1, ADRB2, ADRB3",,,"Tocris, Tocris, Tocris, Tocris",95.68,"CCc1ccccc1OC[C@@H](O)CN[C@H]1CCCc2ccccc12, CCc1ccccc1OC[C@@H](O)CN[C@H]1CCCc2ccccc12, CCc1ccccc1OC[C@@H](O)CN[C@H]1CCCc2ccccc12, CCc1ccccc1OC[C@@H](O)CN[C@H]1CCCc2ccccc12","VFDHMSXXELYMRW-ICSRJNTNSA-N, VFDHMSXXELYMRW-ICSRJNTNSA-N, VFDHMSXXELYMRW-ICSRJNTNSA-N, VFDHMSXXELYMRW-ICSRJNTNSA-N",Preclinical
SR-95639A,acetylcholine receptor agonist,CHRM1,,,"Prestwick, Prestwick",98.78,"C(CN1CCOCC1)Nc1cc2CCCc3ccccc3-c2nn1, C(CN1CCOCC1)Nc1cc2CCCc3ccccc3-c2nn1","RUTYAHFAKWVMNH-UHFFFAOYSA-N, RUTYAHFAKWVMNH-UHFFFAOYSA-N",Preclinical
SRC-kinase-inhibitor-I,SRC inhibitor,"CSK, LCK, RIPK2",,,"Tocris, Tocris, Tocris",98.18,"COc1cc2ncnc(Nc3ccc(Oc4ccccc4)cc3)c2cc1OC, COc1cc2ncnc(Nc3ccc(Oc4ccccc4)cc3)c2cc1OC, COc1cc2ncnc(Nc3ccc(Oc4ccccc4)cc3)c2cc1OC","DMWVGXGXHPOEPT-UHFFFAOYSA-N, DMWVGXGXHPOEPT-UHFFFAOYSA-N, DMWVGXGXHPOEPT-UHFFFAOYSA-N",Preclinical
SRPIN340,serine arginine protein kinase inhibitor,"SRPK1, SRPK2",,,"Tocris, Tocris, Selleck, Selleck",98.5,"FC(F)(F)c1ccc(N2CCCCC2)c(NC(=O)c2ccncc2)c1, FC(F)(F)c1ccc(N2CCCCC2)c(NC(=O)c2ccncc2)c1, FC(F)(F)c1ccc(N2CCCCC2)c(NC(=O)c2ccncc2)c1, FC(F)(F)c1ccc(N2CCCCC2)c(NC(=O)c2ccncc2)c1","DWFGGOFPIISJIT-UHFFFAOYSA-N, DWFGGOFPIISJIT-UHFFFAOYSA-N, DWFGGOFPIISJIT-UHFFFAOYSA-N, DWFGGOFPIISJIT-UHFFFAOYSA-N",Preclinical
SRT1720,SIRT activator,SIRT1,,,"Selleck, Selleck, Selleck, Selleck, MedChemEx, MedChemEx",93.47,"O=C(Nc1ccccc1-c1cn2c(CN3CCNCC3)csc2n1)c1cnc2ccccc2n1, O=C(Nc1ccccc1-c1cn2c(CN3CCNCC3)csc2n1)c1cnc2ccccc2n1, O=C(Nc1ccccc1-c1cn2c(CN3CCNCC3)csc2n1)c1cnc2ccccc2n1, O=C(Nc1ccccc1-c1cn2c(CN3CCNCC3)csc2n1)c1cnc2ccccc2n1, O=C(Nc1ccccc1-c1cn2c(CN3CCNCC3)csc2n1)c1cnc2ccccc2n1, O=C(Nc1ccccc1-c1cn2c(CN3CCNCC3)csc2n1)c1cnc2ccccc2n1","IASPBORHOMBZMY-UHFFFAOYSA-N, IASPBORHOMBZMY-UHFFFAOYSA-N, IASPBORHOMBZMY-UHFFFAOYSA-N, IASPBORHOMBZMY-UHFFFAOYSA-N, IASPBORHOMBZMY-UHFFFAOYSA-N, IASPBORHOMBZMY-UHFFFAOYSA-N",Preclinical
SRT2104,SIRT activator,SIRT1,,,"Selleck, MedChemEx",99.71,"Cc1nc(sc1C(=O)Nc1ccccc1-c1cn2c(CN3CCOCC3)csc2n1)-c1cccnc1, Cc1nc(sc1C(=O)Nc1ccccc1-c1cn2c(CN3CCOCC3)csc2n1)-c1cccnc1","LAMQVIQMVKWXOC-UHFFFAOYSA-N, LAMQVIQMVKWXOC-UHFFFAOYSA-N",Phase 2
SRT3190,CC chemokine receptor antagonist,,,,"MedChemEx, MedChemEx, MedChemEx",98.58,"C[C@H](Nc1cc(NS(=O)(=O)N2CCC2)nc(SCc2cccc(F)c2F)n1)[C@@H](O)CO, C[C@H](Nc1cc(NS(=O)(=O)N2CCC2)nc(SCc2cccc(F)c2F)n1)[C@@H](O)CO, C[C@H](Nc1cc(NS(=O)(=O)N2CCC2)nc(SCc2cccc(F)c2F)n1)[C@@H](O)CO","QVKPEMXUBULFBM-FZMZJTMJSA-N, QVKPEMXUBULFBM-FZMZJTMJSA-N, QVKPEMXUBULFBM-FZMZJTMJSA-N",Preclinical
SSR128129E,,,,,"Selleck, MedChemEx",96.61,"COc1c(C)c(C(=O)c2ccc(N)c(c2)C(O)=O)n2ccccc12, COc1c(C)c(C(=O)c2ccc(N)c(c2)C(O)=O)n2ccccc12","SNMCWIDCSPHZRD-UHFFFAOYSA-N, SNMCWIDCSPHZRD-UHFFFAOYSA-N",Preclinical
SSR180711,acetylcholine receptor agonist,CHRNA7,,,Tocris,90.15,Brc1ccc(OC(=O)N2CC[N@@]3CC[C@H]2CC3)cc1 |r|,RXLOZRCLQMJJLC-UHFFFAOYSA-N,Phase 2
SSR240612,bradykinin receptor antagonist,,,,MedChemEx,96.86,COc1ccc2cc(ccc2c1)S(=O)(=O)N[C@H](CC(=O)N[C@H](Cc1ccc(CN2[C@@H](C)CCC[C@H]2C)cc1)C(=O)N(C)C(C)C)c1ccc2OCOc2c1,QGWIQIAWOCJRPI-WSCVWKGISA-N,Preclinical
ST-1535,adenosine receptor antagonist,,,,AMS,89.18,CCCCc1nc(N)c2nc(-n3nccn3)n(C)c2n1,CYYQMAWUIRPCNW-UHFFFAOYSA-N,Preclinical
ST-1859,antiamyloidogenic agent,,,,"Sigma, Enamine, Enamine, Enamine",96.67,"Oc1ccc2ccccc2c1Cc1c(O)ccc2ccccc12, Oc1ccc2ccccc2c1Cc1c(O)ccc2ccccc12, Oc1ccc2ccccc2c1Cc1c(O)ccc2ccccc12, Oc1ccc2ccccc2c1Cc1c(O)ccc2ccccc12","ZPANWZBSGMDWON-UHFFFAOYSA-N, ZPANWZBSGMDWON-UHFFFAOYSA-N, ZPANWZBSGMDWON-UHFFFAOYSA-N, ZPANWZBSGMDWON-UHFFFAOYSA-N",Phase 1
ST-2825,myeloid differentiation primary response inhibitor,MYD88,,,MedChemEx,97.03,NC(=O)[C@H]1CCS[C@@H]2C[C@]3(CCCN3C(=O)Cc3ccc(NC(=O)COc4ccc(Cl)cc4Cl)cc3)C(=O)N12,HBLHLJXFIPCEMW-ZJSFPPFMSA-N,Preclinical
ST-91,adrenergic receptor agonist,,,,"Tocris, Tocris, Tocris, Tocris",96.08,"CCc1cccc(CC)c1NC1=NCCN1 |t:12|, CCc1cccc(CC)c1NC1=NCCN1 |t:12|, CCc1cccc(CC)c1NC1=NCCN1 |t:12|, CCc1cccc(CC)c1NC1=NCCN1 |t:12|","IALHTUPVRAQZFI-UHFFFAOYSA-N, IALHTUPVRAQZFI-UHFFFAOYSA-N, IALHTUPVRAQZFI-UHFFFAOYSA-N, IALHTUPVRAQZFI-UHFFFAOYSA-N",Preclinical
STA-5326,interleukin synthesis inhibitor,IL12A,,,"MedChemEx, MedChemEx, MedChemEx, MedChemEx, ApexBio, ApexBio, ApexBio",99.19,"Cc1cccc(\C=N\Nc2cc(nc(OCCc3ccccn3)n2)N2CCOCC2)c1, Cc1cccc(\C=N\Nc2cc(nc(OCCc3ccccn3)n2)N2CCOCC2)c1, Cc1cccc(\C=N\Nc2cc(nc(OCCc3ccccn3)n2)N2CCOCC2)c1, Cc1cccc(\C=N\Nc2cc(nc(OCCc3ccccn3)n2)N2CCOCC2)c1, Cc1cccc(\C=N\Nc2cc(nc(OCCc3ccccn3)n2)N2CCOCC2)c1, Cc1cccc(\C=N\Nc2cc(nc(OCCc3ccccn3)n2)N2CCOCC2)c1, Cc1cccc(\C=N\Nc2cc(nc(OCCc3ccccn3)n2)N2CCOCC2)c1","HSKAZIJJKRAJAV-KOEQRZSOSA-N, HSKAZIJJKRAJAV-KOEQRZSOSA-N, HSKAZIJJKRAJAV-KOEQRZSOSA-N, HSKAZIJJKRAJAV-KOEQRZSOSA-N, InChI=1S/C23H26N6O2/c1-18-5-4-6-19(15-18)17-25-28-21-16-22(29-10-13-30-14-11-29)27-23(26-21)31-12-8-20-7-2-3-9-24-20/h2-7,9,15-17H,8,10-14H2,1H3,(H,26,27,28)/b25-17+, InChI=1S/C23H26N6O2/c1-18-5-4-6-19(15-18)17-25-28-21-16-22(29-10-13-30-14-11-29)27-23(26-21)31-12-8-20-7-2-3-9-24-20/h2-7,9,15-17H,8,10-14H2,1H3,(H,26,27,28)/b25-17+, InChI=1S/C23H26N6O2/c1-18-5-4-6-19(15-18)17-25-28-21-16-22(29-10-13-30-14-11-29)27-23(26-21)31-12-8-20-7-2-3-9-24-20/h2-7,9,15-17H,8,10-14H2,1H3,(H,26,27,28)/b25-17+",Phase 2
statil,aldose reductase inhibitor,,,,CombiBlocks,95.19,OC(=O)Cc1nn(Cc2ccc(Br)cc2F)c(=O)c2ccccc12,LKBFFDOJUKLQNY-UHFFFAOYSA-N,Preclinical
stattic,,,,,Selleck,95.9,[O-][N+](=O)c1ccc2C=CS(=O)(=O)c2c1 |c:7|,ZRRGOUHITGRLBA-UHFFFAOYSA-N,Preclinical
STAT3-inhibitor-VI,STAT inhibitor,STAT3,,,"MedChemEx, MedChemEx, Tocris, Selleck, Selleck, MedChemEx",96.39,"Cc1ccc(cc1)S(=O)(=O)OCC(=O)Nc1ccc(C(O)=O)c(O)c1, Cc1ccc(cc1)S(=O)(=O)OCC(=O)Nc1ccc(C(O)=O)c(O)c1, Cc1ccc(cc1)S(=O)(=O)OCC(=O)Nc1ccc(C(O)=O)c(O)c1, Cc1ccc(cc1)S(=O)(=O)OCC(=O)Nc1ccc(C(O)=O)c(O)c1, Cc1ccc(cc1)S(=O)(=O)OCC(=O)Nc1ccc(C(O)=O)c(O)c1, Cc1ccc(cc1)S(=O)(=O)OCC(=O)Nc1ccc(C(O)=O)c(O)c1","HWNUSGNZBAISFM-UHFFFAOYSA-N, HWNUSGNZBAISFM-UHFFFAOYSA-N, HWNUSGNZBAISFM-UHFFFAOYSA-N, HWNUSGNZBAISFM-UHFFFAOYSA-N, HWNUSGNZBAISFM-UHFFFAOYSA-N, HWNUSGNZBAISFM-UHFFFAOYSA-N",Preclinical
stavudine,"DNA directed DNA polymerase inhibitor, nucleoside reverse transcriptase inhibitor",,infectious disease,human immunodeficiency virus (HIV-1),"Tocris, Tocris, MicroSource, MicroSource, MicroSource, Selleck",98.62,"Cc1cn([C@@H]2O[C@H](CO)C=C2)c(=O)[nH]c1=O |c:9|, Cc1cn([C@@H]2O[C@H](CO)C=C2)c(=O)[nH]c1=O |c:9|, Cc1cn([C@@H]2O[C@H](CO)C=C2)c(=O)[nH]c1=O |c:9|, Cc1cn([C@@H]2O[C@H](CO)C=C2)c(=O)[nH]c1=O |c:9|, Cc1cn([C@@H]2O[C@H](CO)C=C2)c(=O)[nH]c1=O |c:9|, Cc1cn([C@@H]2O[C@H](CO)C=C2)c(=O)[nH]c1=O |c:9|","XNKLLVCARDGLGL-JGVFFNPUSA-N, XNKLLVCARDGLGL-JGVFFNPUSA-N, XNKLLVCARDGLGL-JGVFFNPUSA-N, XNKLLVCARDGLGL-JGVFFNPUSA-N, XNKLLVCARDGLGL-JGVFFNPUSA-N, XNKLLVCARDGLGL-JGVFFNPUSA-N",Launched
stemregenin-1,aryl hydrocarbon receptor antagonist,AHR,,,"Selleck, Selleck, Selleck",95.36,"CC(C)n1cnc2c(NCCc3ccc(O)cc3)nc(nc12)-c1csc2ccccc12, CC(C)n1cnc2c(NCCc3ccc(O)cc3)nc(nc12)-c1csc2ccccc12, CC(C)n1cnc2c(NCCc3ccc(O)cc3)nc(nc12)-c1csc2ccccc12","BGFHMYJZJZLMHW-UHFFFAOYSA-N, BGFHMYJZJZLMHW-UHFFFAOYSA-N, BGFHMYJZJZLMHW-UHFFFAOYSA-N",Preclinical
stepronin,mucolytic agent,,,,AKSci,98.87,"C[C@@H](SC(=O)c1cccs1)C(=O)NCC(O)=O |&1:1,r|",JNYSEDHQJCOWQU-ZCFIWIBFSA-N,Launched
stetaderm,,,,,"Sigma, Sigma",96.74,"CC(=O)[C@H]1CC[C@H]2[C@@H]3CCC4=CC(=O)CC[C@]4(C)[C@H]3[C@H](O)C[C@]12C |t:10|, CC(=O)[C@H]1CC[C@H]2[C@@H]3CCC4=CC(=O)CC[C@]4(C)[C@H]3[C@H](O)C[C@]12C |t:10|","BFZHCUBIASXHPK-QJSKAATBSA-N, BFZHCUBIASXHPK-QJSKAATBSA-N",Launched
STF-083010,serine/threonine kinase inhibitor,ERN1,,,"MedChemEx, MedChemEx",1.02,"Oc1ccc2ccccc2c1\C=N\S(=O)(=O)c1cccs1, Oc1ccc2ccccc2c1\C=N\S(=O)(=O)c1cccs1","TVIVJHZHPKNDAQ-MHWRWJLKSA-N, TVIVJHZHPKNDAQ-MHWRWJLKSA-N",Preclinical
STF-118804,NAMPT inhibitor,NAMPT,,,"Tocris, Tocris, Tocris, Tocris, Selleck, Selleck",96.03,"Cc1oc(nc1CS(=O)(=O)c1ccc(C)cc1)-c1ccc(cc1)C(=O)NCc1cccnc1, Cc1oc(nc1CS(=O)(=O)c1ccc(C)cc1)-c1ccc(cc1)C(=O)NCc1cccnc1, Cc1oc(nc1CS(=O)(=O)c1ccc(C)cc1)-c1ccc(cc1)C(=O)NCc1cccnc1, Cc1oc(nc1CS(=O)(=O)c1ccc(C)cc1)-c1ccc(cc1)C(=O)NCc1cccnc1, Cc1oc(nc1CS(=O)(=O)c1ccc(C)cc1)-c1ccc(cc1)C(=O)NCc1cccnc1, Cc1oc(nc1CS(=O)(=O)c1ccc(C)cc1)-c1ccc(cc1)C(=O)NCc1cccnc1","DLFCEZOMHBPDGI-UHFFFAOYSA-N, DLFCEZOMHBPDGI-UHFFFAOYSA-N, DLFCEZOMHBPDGI-UHFFFAOYSA-N, DLFCEZOMHBPDGI-UHFFFAOYSA-N, DLFCEZOMHBPDGI-UHFFFAOYSA-N, DLFCEZOMHBPDGI-UHFFFAOYSA-N",Preclinical
STF-31,NAMPT inhibitor,"NAMPT, SLC2A1",,,"Tocris, Tocris, Broad Institute, Broad Institute, Broad Institute, Broad Institute, Broad Institute, Broad Institute, Broad Institute, Broad Institute, Broad Institute, Broad Institute",100,"CC(C)(C)c1ccc(cc1)S(=O)(=O)NCc1ccc(cc1)C(=O)Nc1cccnc1, CC(C)(C)c1ccc(cc1)S(=O)(=O)NCc1ccc(cc1)C(=O)Nc1cccnc1, CC(C)(C)c1ccc(cc1)S(=O)(=O)NCc1ccc(cc1)C(=O)Nc1cccnc1, CC(C)(C)c1ccc(cc1)S(=O)(=O)NCc1ccc(cc1)C(=O)Nc1cccnc1, CC(C)(C)c1ccc(cc1)S(=O)(=O)NCc1ccc(cc1)C(=O)Nc1cccnc1, CC(C)(C)c1ccc(cc1)S(=O)(=O)NCc1ccc(cc1)C(=O)Nc1cccnc1, CC(C)(C)c1ccc(cc1)S(=O)(=O)NCc1ccc(cc1)C(=O)Nc1cccnc1, CC(C)(C)c1ccc(cc1)S(=O)(=O)NCc1ccc(cc1)C(=O)Nc1cccnc1, CC(C)(C)c1ccc(cc1)S(=O)(=O)NCc1ccc(cc1)C(=O)Nc1cccnc1, CC(C)(C)c1ccc(cc1)S(=O)(=O)NCc1ccc(cc1)C(=O)Nc1cccnc1, CC(C)(C)c1ccc(cc1)S(=O)(=O)NCc1ccc(cc1)C(=O)Nc1cccnc1, CC(C)(C)c1ccc(cc1)S(=O)(=O)NCc1ccc(cc1)C(=O)Nc1cccnc1","NGQPRVWTFNBUHA-UHFFFAOYSA-N, NGQPRVWTFNBUHA-UHFFFAOYSA-N, NGQPRVWTFNBUHA-UHFFFAOYSA-N, NGQPRVWTFNBUHA-UHFFFAOYSA-N, NGQPRVWTFNBUHA-UHFFFAOYSA-N, NGQPRVWTFNBUHA-UHFFFAOYSA-N, NGQPRVWTFNBUHA-UHFFFAOYSA-N, NGQPRVWTFNBUHA-UHFFFAOYSA-N, NGQPRVWTFNBUHA-UHFFFAOYSA-N, NGQPRVWTFNBUHA-UHFFFAOYSA-N, NGQPRVWTFNBUHA-UHFFFAOYSA-N, NGQPRVWTFNBUHA-UHFFFAOYSA-N",Preclinical
STF-62247,autophagy inducer,,,,"Selleck, Selleck",89.5,"Cc1cccc(Nc2nc(cs2)-c2ccncc2)c1, Cc1cccc(Nc2nc(cs2)-c2ccncc2)c1","KATNUHQNJGNLPW-UHFFFAOYSA-N, KATNUHQNJGNLPW-UHFFFAOYSA-N",Preclinical
stigmasterol,,,,,"Selleck, Selleck",0,"CC[C@H](\C=C\[C@@H](C)[C@H]1CC[C@H]2[C@@H]3CC=C4C[C@@H](O)CC[C@]4(C)[C@H]3CC[C@]12C)C(C)C |t:13|, CC[C@H](\C=C\[C@@H](C)[C@H]1CC[C@H]2[C@@H]3CC=C4C[C@@H](O)CC[C@]4(C)[C@H]3CC[C@]12C)C(C)C |t:13|","HCXVJBMSMIARIN-PHZDYDNGSA-N, HCXVJBMSMIARIN-PHZDYDNGSA-N",Preclinical
stiripentol,GABA uptake inhibitor,GABRA3,neurology/psychiatry,epilepsy,"Sigma, Sigma",0,"CC(C)(C)[C@@H](O)\C=C\c1ccc2OCOc2c1 |&1:4,r|, CC(C)(C)[C@@H](O)\C=C\c1ccc2OCOc2c1 |&1:4,r|","IBLNKMRFIPWSOY-IYNGYCSASA-N, IBLNKMRFIPWSOY-IYNGYCSASA-N",Launched
stobadine,adrenergic receptor antagonist,ADRA1A,,,Enamine,67.37,CN1CC[C@H]2Nc3ccc(C)cc3[C@H]2C1,CYJQCYXRNNCURD-DGCLKSJQSA-N,Phase 2
streptomycin,bacterial 30S ribosomal subunit inhibitor,,infectious disease,tuberculosis,"Selleck, Selleck, MedChemEx",94.3,"CN[C@H]1[C@H](O)[C@@H](O)[C@H](CO)O[C@H]1O[C@H]1[C@H](O[C@H]2[C@H](O)[C@@H](O)[C@H](NC(N)=N)[C@@H](O)[C@@H]2NC(N)=N)O[C@@H](C)[C@]1(O)C=O, CN[C@H]1[C@H](O)[C@@H](O)[C@H](CO)O[C@H]1O[C@H]1[C@H](O[C@H]2[C@H](O)[C@@H](O)[C@H](NC(N)=N)[C@@H](O)[C@@H]2NC(N)=N)O[C@@H](C)[C@]1(O)C=O, CN[C@H]1[C@H](O)[C@@H](O)[C@H](CO)O[C@H]1O[C@H]1[C@H](O[C@H]2[C@H](O)[C@@H](O)[C@H](NC(N)=N)[C@@H](O)[C@@H]2NC(N)=N)O[C@@H](C)[C@]1(O)C=O","UCSJYZPVAKXKNQ-HZYVHMACSA-N, UCSJYZPVAKXKNQ-HZYVHMACSA-N, UCSJYZPVAKXKNQ-HZYVHMACSA-N",Launched
streptozotocin,DNA alkylating agent,,oncology,pancreatic cancer,"Sigma, MedChemEx, Selleck, MicroSource, Selleck, Tocris",83.34,"CN([NH2+][O-])C(=O)N[C@H]1[C@@H](O)O[C@H](CO)[C@@H](O)[C@@H]1O, CN([NH2+][O-])C(=O)N[C@H]1[C@@H](O)O[C@H](CO)[C@@H](O)[C@@H]1O, CN([NH2+][O-])C(=O)N[C@H]1[C@@H](O)O[C@H](CO)[C@@H](O)[C@@H]1O, CN([NH2+][O-])C(=O)N[C@H]1[C@@H](O)O[C@H](CO)[C@@H](O)[C@@H]1O, CN([NH2+][O-])C(=O)N[C@H]1[C@@H](O)O[C@H](CO)[C@@H](O)[C@@H]1O, CN([NH2+][O-])C(=O)N[C@H]1[C@@H](O)O[C@H](CO)[C@@H](O)[C@@H]1O","BKWHZSFINQBEQH-GKHCUFPYSA-N, BKWHZSFINQBEQH-GKHCUFPYSA-N, BKWHZSFINQBEQH-GKHCUFPYSA-N, BKWHZSFINQBEQH-GKHCUFPYSA-N, BKWHZSFINQBEQH-GKHCUFPYSA-N, BKWHZSFINQBEQH-GKHCUFPYSA-N",Launched
strontium-ranelate,"bone formation stimulant, bone resorption inhibitor",CASR,"orthopedics, rheumatology","osteoporosis, osteoarthritis","LKT, MedChemEx, Selleck, Selleck",0,"OC1=CN(C=C(O)O[Sr]O1)c1sc2c(CC(=O)O[Sr]OC2=O)c1C#N, OC1=CN(C=C(O)O[Sr]O1)c1sc2c(CC(=O)O[Sr]OC2=O)c1C#N, OC1=CN(C=C(O)O[Sr]O1)c1sc2c(CC(=O)O[Sr]OC2=O)c1C#N, OC1=CN(C=C(O)O[Sr]O1)c1sc2c(CC(=O)O[Sr]OC2=O)c1C#N","TWHPPRXFYWSOQF-UHFFFAOYSA-J, TWHPPRXFYWSOQF-UHFFFAOYSA-J, TWHPPRXFYWSOQF-UHFFFAOYSA-J, TWHPPRXFYWSOQF-UHFFFAOYSA-J",Launched
strychnine,acetylcholine receptor antagonist,"CHRM1, CHRM2, CHRM3, CHRM4, CHRM5, CHRNA10, CHRNA9, GLRA1, GLRA2, GLRA3, GLRB",,,Sigma,92.76,O=C1C[C@@H]2OCC=C3CN4CC[C@@]56[C@@H]4C[C@@H]3[C@@H]2[C@@H]5N1c1ccccc61 |t:6|,QMGVPVSNSZLJIA-FVWCLLPLSA-N,Preclinical
substance-P,neurokinin receptor antagonist,"TACR1, TACR2, TACR3",,,"Tocris, Tocris, Tocris, Tocris",92.33,"CSCC[C@H](NC(=O)[C@H](CC(C)C)NC(=O)CNC(=O)[C@H](Cc1ccccc1)NC(=O)[C@H](Cc1ccccc1)NC(=O)[C@H](CCC(N)=O)NC(=O)[C@H](CCC(N)=O)NC(=O)[C@@H]1CCCN1C(=O)[C@H](CCCCN)NC(=O)[C@@H]1CCCN1C(=O)[C@@H](N)CCCNC(N)=N)C(N)=O, CSCC[C@H](NC(=O)[C@H](CC(C)C)NC(=O)CNC(=O)[C@H](Cc1ccccc1)NC(=O)[C@H](Cc1ccccc1)NC(=O)[C@H](CCC(N)=O)NC(=O)[C@H](CCC(N)=O)NC(=O)[C@@H]1CCCN1C(=O)[C@H](CCCCN)NC(=O)[C@@H]1CCCN1C(=O)[C@@H](N)CCCNC(N)=N)C(N)=O, CSCC[C@H](NC(=O)[C@H](CC(C)C)NC(=O)CNC(=O)[C@H](Cc1ccccc1)NC(=O)[C@H](Cc1ccccc1)NC(=O)[C@H](CCC(N)=O)NC(=O)[C@H](CCC(N)=O)NC(=O)[C@@H]1CCCN1C(=O)[C@H](CCCCN)NC(=O)[C@@H]1CCCN1C(=O)[C@@H](N)CCCNC(N)=N)C(N)=O, CSCC[C@H](NC(=O)[C@H](CC(C)C)NC(=O)CNC(=O)[C@H](Cc1ccccc1)NC(=O)[C@H](Cc1ccccc1)NC(=O)[C@H](CCC(N)=O)NC(=O)[C@H](CCC(N)=O)NC(=O)[C@@H]1CCCN1C(=O)[C@H](CCCCN)NC(=O)[C@@H]1CCCN1C(=O)[C@@H](N)CCCNC(N)=N)C(N)=O","ADNPLDHMAVUMIW-CUZNLEPHSA-N, ADNPLDHMAVUMIW-CUZNLEPHSA-N, ADNPLDHMAVUMIW-CUZNLEPHSA-N, ADNPLDHMAVUMIW-CUZNLEPHSA-N",Phase 1
succinic-acid,,"ALDH5A1, ASPH, BBOX1, HSD17B6, OXCT1, OXCT2, P3H1, P3H2, P3H3, P4HA1, P4HA2, PLOD1, PLOD3, SDHA, SDHB, SDHC, SDHD, SLC13A1, SLC13A2, SLC13A3, SLC25A10, SUCLA2, SUCLG1, SUCLG2, SUCNR1, TMLHE",,,Enamine,100,OC(=O)CCC(O)=O,KDYFGRWQOYBRFD-UHFFFAOYSA-N,Launched
succinobucol,antioxidant,VCAM1,,,MedChemEx,99.04,CC(C)(C)c1cc(SC(C)(C)Sc2cc(c(OC(=O)CCC(O)=O)c(c2)C(C)(C)C)C(C)(C)C)cc(c1O)C(C)(C)C,RKSMVPNZHBRNNS-UHFFFAOYSA-N,Phase 2/Phase 3
succinylcholine-chloride,,"CHRFAM7A, CHRM1, CHRM2, CHRM3, CHRNA1, CHRNA10",neurology/psychiatry,muscle relaxant,"Sigma, DuPont, Selleck, Selleck",66.78,"C[N+](C)(C)CCOC(=O)CCC(=O)OCC[N+](C)(C)C, C[N+](C)(C)CCOC(=O)CCC(=O)OCC[N+](C)(C)C, C[N+](C)(C)CCOC(=O)CCC(=O)OCC[N+](C)(C)C, C[N+](C)(C)CCOC(=O)CCC(=O)OCC[N+](C)(C)C","AXOIZCJOOAYSMI-UHFFFAOYSA-N, AXOIZCJOOAYSMI-UHFFFAOYSA-N, AXOIZCJOOAYSMI-UHFFFAOYSA-N, AXOIZCJOOAYSMI-UHFFFAOYSA-N",Launched
succinylsulfathiazole,dihydrofolate reductase inhibitor,DHFR,,,"MedChemEx, MicroSource",96.18,"OC(=O)CCC(=O)Nc1ccc(cc1)S(=O)(=O)Nc1nccs1, OC(=O)CCC(=O)Nc1ccc(cc1)S(=O)(=O)Nc1nccs1","SKVLYVHULOWXTD-UHFFFAOYSA-N, SKVLYVHULOWXTD-UHFFFAOYSA-N",Phase 2
sucralfate,antacid,,gastroenterology,duodenal ulcer disease,"MicroSource, Selleck",0,"O[Al](O)O.O[Al](O)O.O[Al](O)O.O[Al](O)O.O[Al](O)O.O[Al](O)O.O[Al](O)O.O[Al](O)O.O[Al](O)OS(=O)(=O)OC[C@H]1O[C@@](COS(=O)(=O)O[Al](O)O)(O[C@H]2O[C@H](COS(=O)(=O)O[Al](O)O)[C@@H](OS(=O)(=O)O[Al](O)O)[C@H](OS(=O)(=O)O[Al](O)O)[C@H]2OS(=O)(=O)O[Al](O)O)[C@@H](OS(=O)(=O)O[Al](O)O)[C@@H]1OS(=O)(=O)O[Al](O)O, O[Al](O)O.O[Al](O)O.O[Al](O)O.O[Al](O)O.O[Al](O)O.O[Al](O)O.O[Al](O)O.O[Al](O)O.O[Al](O)OS(=O)(=O)OC[C@H]1O[C@@](COS(=O)(=O)O[Al](O)O)(O[C@H]2O[C@H](COS(=O)(=O)O[Al](O)O)[C@@H](OS(=O)(=O)O[Al](O)O)[C@H](OS(=O)(=O)O[Al](O)O)[C@H]2OS(=O)(=O)O[Al](O)O)[C@@H](OS(=O)(=O)O[Al](O)O)[C@@H]1OS(=O)(=O)O[Al](O)O","DTULOKYBGCTCFP-QRLOXDDHSA-A, DTULOKYBGCTCFP-QRLOXDDHSA-A",Launched
sucralose,,,,,"MedChemEx, MicroSource, Selleck, Selleck, Selleck",100,"OC[C@H]1O[C@H](O[C@]2(CCl)O[C@H](CCl)[C@@H](O)[C@@H]2O)[C@H](O)[C@@H](O)[C@H]1Cl, OC[C@H]1O[C@H](O[C@]2(CCl)O[C@H](CCl)[C@@H](O)[C@@H]2O)[C@H](O)[C@@H](O)[C@H]1Cl, OC[C@H]1O[C@H](O[C@]2(CCl)O[C@H](CCl)[C@@H](O)[C@@H]2O)[C@H](O)[C@@H](O)[C@H]1Cl, OC[C@H]1O[C@H](O[C@]2(CCl)O[C@H](CCl)[C@@H](O)[C@@H]2O)[C@H](O)[C@@H](O)[C@H]1Cl, OC[C@H]1O[C@H](O[C@]2(CCl)O[C@H](CCl)[C@@H](O)[C@@H]2O)[C@H](O)[C@@H](O)[C@H]1Cl","BAQAVOSOZGMPRM-QBMZZYIRSA-N, BAQAVOSOZGMPRM-QBMZZYIRSA-N, BAQAVOSOZGMPRM-QBMZZYIRSA-N, BAQAVOSOZGMPRM-QBMZZYIRSA-N, BAQAVOSOZGMPRM-QBMZZYIRSA-N",Launched
sucrose,,"ACTA1, ATOX1, C22orf28, LYZ",,,Sigma,99.8,OC[C@H]1O[C@@](CO)(O[C@H]2O[C@H](CO)[C@@H](O)[C@H](O)[C@H]2O)[C@@H](O)[C@@H]1O,CZMRCDWAGMRECN-UGDNZRGBSA-N,Launched
sucrose-octaacetate,,,,,Acros,100,CC(=O)OC[C@H]1O[C@@](COC(C)=O)(O[C@H]2O[C@H](COC(C)=O)[C@@H](OC(C)=O)[C@H](OC(C)=O)[C@H]2OC(C)=O)[C@@H](OC(C)=O)[C@@H]1OC(C)=O,ZIJKGAXBCRWEOL-SAXBRCJISA-N,Preclinical
sudan-IV,,,,,Sigma,62.07,Cc1ccccc1\N=N\c1ccc(\N=N\c2c(O)ccc3ccccc23)c(C)c1,RCTGMCJBQGBLKT-PAMTUDGESA-N,Preclinical
sufugolix,gonadotropin releasing factor hormone receptor antagonist,,,,MedChemEx,93.8,CONC(=O)Nc1ccc(cc1)-c1sc2n(Cc3c(F)cccc3F)c(=O)n(-c3ccccc3)c(=O)c2c1CN(C)Cc1ccccc1,UCQSBGOFELXYIN-UHFFFAOYSA-N,Preclinical
sugammadex,neuromuscular blockade reversal agent,,,,MedChemEx,0,O[C@H]1[C@H](O)[C@H]2O[C@@H]3O[C@@H](CSCCC(O)=O)[C@H](O[C@@H]4O[C@@H](CSCCC(O)=O)[C@H](O[C@@H]5O[C@@H](CSCCC(O)=O)[C@H](O[C@@H]6O[C@@H](CSCCC(O)=O)[C@H](O[C@@H]7O[C@@H](CSCCC(O)=O)[C@H](O[C@@H]8O[C@@H](CSCCC(O)=O)[C@H](O[C@@H]9O[C@@H](CSCCC(O)=O)[C@H](O[C@@H]1O[C@H]2CSCCC(O)=O)[C@@H](O)[C@@H]9O)[C@@H](O)[C@@H]8O)[C@@H](O)[C@@H]7O)[C@@H](O)[C@@H]6O)[C@@H](O)[C@@H]5O)[C@@H](O)[C@@H]4O)[C@@H](O)[C@@H]3O,WHRODDIHRRDWEW-WXUQZJQRSA-N,Launched
sulbactam,beta lactamase inhibitor,,infectious disease,"skin infections, intra-abdominal infections, gynecologic infections","MedChemEx, MedChemEx, Selleck, Selleck, Selleck, Selleck, Selleck",100,"CC1(C)[C@@H](N2[C@@H](CC2=O)S1(=O)=O)C(O)=O, CC1(C)[C@@H](N2[C@@H](CC2=O)S1(=O)=O)C(O)=O, CC1(C)[C@@H](N2[C@@H](CC2=O)S1(=O)=O)C(O)=O, CC1(C)[C@@H](N2[C@@H](CC2=O)S1(=O)=O)C(O)=O, CC1(C)[C@@H](N2[C@@H](CC2=O)S1(=O)=O)C(O)=O, CC1(C)[C@@H](N2[C@@H](CC2=O)S1(=O)=O)C(O)=O, CC1(C)[C@@H](N2[C@@H](CC2=O)S1(=O)=O)C(O)=O","FKENQMMABCRJMK-RITPCOANSA-N, FKENQMMABCRJMK-RITPCOANSA-N, FKENQMMABCRJMK-RITPCOANSA-N, FKENQMMABCRJMK-RITPCOANSA-N, FKENQMMABCRJMK-RITPCOANSA-N, FKENQMMABCRJMK-RITPCOANSA-N, FKENQMMABCRJMK-RITPCOANSA-N",Launched
sulbactam-pivoxil,beta lactamase inhibitor,,infectious disease,skin infections,AvaChem,85.23,"CC(C)(C)C(=O)OCOC(=O)[C@H]1N2[C@@H](CC2=O)S(=O)(=O)C1(C)C |&1:11,&2:13,r|",OHPVYKXTRACOSQ-NXEZZACHSA-N,Launched
sulbentine,other antifungal,,,,"MedChemEx, MicroSource",94.5,"S=C1SCN(Cc2ccccc2)CN1Cc1ccccc1, S=C1SCN(Cc2ccccc2)CN1Cc1ccccc1","QFVAWNPSRQWSDU-UHFFFAOYSA-N, QFVAWNPSRQWSDU-UHFFFAOYSA-N",Preclinical
sulbutiamine,acetylcholine receptor antagonist,,neurology/psychiatry,asthenia,AKSci,97.93,CC(C)C(=O)OCC\C(SS\C(CCOC(=O)C(C)C)=C(/C)N(Cc1cnc(C)nc1N)C=O)=C(\C)N(Cc1cnc(C)nc1N)C=O,CKHJPWQVLKHBIH-GPAWKIAZSA-N,Launched
sulconazole,sterol demethylase inhibitor,,infectious disease,"tinea pedis, tinea cruris, tinea corporis","MicroSource, MicroSource, MicroSource, MicroSource, MicroSource, MedChemEx, Selleck",99.7,"Clc1ccc(CS[C@@H](Cn2ccnc2)c2ccc(Cl)cc2Cl)cc1 |&1:7|, Clc1ccc(CS[C@@H](Cn2ccnc2)c2ccc(Cl)cc2Cl)cc1 |&1:7|, Clc1ccc(CS[C@@H](Cn2ccnc2)c2ccc(Cl)cc2Cl)cc1 |&1:7|, Clc1ccc(CS[C@@H](Cn2ccnc2)c2ccc(Cl)cc2Cl)cc1 |&1:7|, Clc1ccc(CS[C@@H](Cn2ccnc2)c2ccc(Cl)cc2Cl)cc1 |&1:7|, Clc1ccc(CS[C@@H](Cn2ccnc2)c2ccc(Cl)cc2Cl)cc1 |&1:7|, Clc1ccc(CS[C@@H](Cn2ccnc2)c2ccc(Cl)cc2Cl)cc1 |&1:7|","AFNXATANNDIXLG-SFHVURJKSA-N, AFNXATANNDIXLG-SFHVURJKSA-N, AFNXATANNDIXLG-SFHVURJKSA-N, AFNXATANNDIXLG-SFHVURJKSA-N, AFNXATANNDIXLG-SFHVURJKSA-N, AFNXATANNDIXLG-SFHVURJKSA-N, AFNXATANNDIXLG-SFHVURJKSA-N",Launched
sulfabenzamide,bacterial antifolate,,infectious disease,"gram-negative bacterial infections, gram-positive bacterial infections","MicroSource, MicroSource, MicroSource",98.4,"Nc1ccc(cc1)S(=O)(=O)NC(=O)c1ccccc1, Nc1ccc(cc1)S(=O)(=O)NC(=O)c1ccccc1, Nc1ccc(cc1)S(=O)(=O)NC(=O)c1ccccc1","PBCZLFBEBARBBI-UHFFFAOYSA-N, PBCZLFBEBARBBI-UHFFFAOYSA-N, PBCZLFBEBARBBI-UHFFFAOYSA-N",Launched
sulfacarbamide,,,,,"MedChemEx, MicroSource",100,"NC(=O)NS(=O)(=O)c1ccc(N)cc1, NC(=O)NS(=O)(=O)c1ccc(N)cc1","WVAKABMNNSMCDK-UHFFFAOYSA-N, WVAKABMNNSMCDK-UHFFFAOYSA-N",Withdrawn
sulfacetamide,PABA antagonist,,ophthalmology,conjunctivitis,"Selleck, MicroSource, Selleck",97.83,"CC(=O)NS(=O)(=O)c1ccc(N)cc1, CC(=O)NS(=O)(=O)c1ccc(N)cc1, CC(=O)NS(=O)(=O)c1ccc(N)cc1","SKIVFJLNDNKQPD-UHFFFAOYSA-N, SKIVFJLNDNKQPD-UHFFFAOYSA-N, SKIVFJLNDNKQPD-UHFFFAOYSA-N",Launched
sulfachlorpyridazine,bacterial antifolate,,infectious disease,urinary tract infections,"MedChemEx, MicroSource",98.26,"Nc1ccc(cc1)S(=O)(=O)Nc1ccc(Cl)nn1, Nc1ccc(cc1)S(=O)(=O)Nc1ccc(Cl)nn1","XOXHILFPRYWFOD-UHFFFAOYSA-N, XOXHILFPRYWFOD-UHFFFAOYSA-N",Launched
sulfadiazine,bacterial antifolate,,"infectious disease, ophthalmology","malaria, meningitis, urinary tract infections, conjunctivitis, trachoma, chancroid","MedChemEx, Enamine, Selleck, MicroSource",99.24,"Nc1ccc(cc1)S(=O)(=O)Nc1ncccn1, Nc1ccc(cc1)S(=O)(=O)Nc1ncccn1, Nc1ccc(cc1)S(=O)(=O)Nc1ncccn1, Nc1ccc(cc1)S(=O)(=O)Nc1ncccn1","SEEPANYCNGTZFQ-UHFFFAOYSA-N, SEEPANYCNGTZFQ-UHFFFAOYSA-N, SEEPANYCNGTZFQ-UHFFFAOYSA-N, SEEPANYCNGTZFQ-UHFFFAOYSA-N",Launched
sulfadoxine,dihydropteroate synthase inhibitor,,infectious disease,malaria,"MedChemEx, MicroSource, MicroSource, Selleck",96.8,"COc1ncnc(NS(=O)(=O)c2ccc(N)cc2)c1OC, COc1ncnc(NS(=O)(=O)c2ccc(N)cc2)c1OC, COc1ncnc(NS(=O)(=O)c2ccc(N)cc2)c1OC, COc1ncnc(NS(=O)(=O)c2ccc(N)cc2)c1OC","PJSFRIWCGOHTNF-UHFFFAOYSA-N, PJSFRIWCGOHTNF-UHFFFAOYSA-N, PJSFRIWCGOHTNF-UHFFFAOYSA-N, PJSFRIWCGOHTNF-UHFFFAOYSA-N",Launched
sulfafurazole,bacterial antifolate,,infectious disease,urinary tract infections,"Tocris, Tocris, Tocris, MicroSource, Selleck, Selleck",97.76,"Cc1noc(NS(=O)(=O)c2ccc(N)cc2)c1C, Cc1noc(NS(=O)(=O)c2ccc(N)cc2)c1C, Cc1noc(NS(=O)(=O)c2ccc(N)cc2)c1C, Cc1noc(NS(=O)(=O)c2ccc(N)cc2)c1C, Cc1noc(NS(=O)(=O)c2ccc(N)cc2)c1C, Cc1noc(NS(=O)(=O)c2ccc(N)cc2)c1C","NHUHCSRWZMLRLA-UHFFFAOYSA-N, NHUHCSRWZMLRLA-UHFFFAOYSA-N, NHUHCSRWZMLRLA-UHFFFAOYSA-N, NHUHCSRWZMLRLA-UHFFFAOYSA-N, NHUHCSRWZMLRLA-UHFFFAOYSA-N, NHUHCSRWZMLRLA-UHFFFAOYSA-N",Launched
sulfaguanidine,bacterial antifolate,,infectious disease,urinary tract infections,"MedChemEx, MicroSource, Selleck, Selleck",100,"NC(=N)NS(=O)(=O)c1ccc(N)cc1, NC(=N)NS(=O)(=O)c1ccc(N)cc1, NC(=N)NS(=O)(=O)c1ccc(N)cc1, NC(=N)NS(=O)(=O)c1ccc(N)cc1","BRBKOPJOKNSWSG-UHFFFAOYSA-N, BRBKOPJOKNSWSG-UHFFFAOYSA-N, BRBKOPJOKNSWSG-UHFFFAOYSA-N, BRBKOPJOKNSWSG-UHFFFAOYSA-N",Launched
sulfamerazine,bacterial antifolate,,infectious disease,"coccidiosis, cholera","MedChemEx, MicroSource, Selleck, Selleck",98.63,"Cc1ccnc(NS(=O)(=O)c2ccc(N)cc2)n1, Cc1ccnc(NS(=O)(=O)c2ccc(N)cc2)n1, Cc1ccnc(NS(=O)(=O)c2ccc(N)cc2)n1, Cc1ccnc(NS(=O)(=O)c2ccc(N)cc2)n1","QPPBRPIAZZHUNT-UHFFFAOYSA-N, QPPBRPIAZZHUNT-UHFFFAOYSA-N, QPPBRPIAZZHUNT-UHFFFAOYSA-N, QPPBRPIAZZHUNT-UHFFFAOYSA-N",Launched
sulfameter,dihydrofolate reductase inhibitor,DHFR,infectious disease,urinary tract infections,"MedChemEx, Selleck, MicroSource",99.1,"COc1cnc(NS(=O)(=O)c2ccc(N)cc2)nc1, COc1cnc(NS(=O)(=O)c2ccc(N)cc2)nc1, COc1cnc(NS(=O)(=O)c2ccc(N)cc2)nc1","GPTONYMQFTZPKC-UHFFFAOYSA-N, GPTONYMQFTZPKC-UHFFFAOYSA-N, GPTONYMQFTZPKC-UHFFFAOYSA-N",Launched
sulfamethazine,PABA antagonist,,gastroenterology,enteritis,"MedChemEx, Prestwick, MicroSource, Selleck",99.35,"Cc1cc(C)nc(NS(=O)(=O)c2ccc(N)cc2)n1, Cc1cc(C)nc(NS(=O)(=O)c2ccc(N)cc2)n1, Cc1cc(C)nc(NS(=O)(=O)c2ccc(N)cc2)n1, Cc1cc(C)nc(NS(=O)(=O)c2ccc(N)cc2)n1","ASWVTGNCAZCNNR-UHFFFAOYSA-N, ASWVTGNCAZCNNR-UHFFFAOYSA-N, ASWVTGNCAZCNNR-UHFFFAOYSA-N, ASWVTGNCAZCNNR-UHFFFAOYSA-N",Launched
sulfamethizole,bacterial antifolate,,infectious disease,urinary tract infections,"MedChemEx, MicroSource, Selleck",97.3,"Cc1nnc(NS(=O)(=O)c2ccc(N)cc2)s1, Cc1nnc(NS(=O)(=O)c2ccc(N)cc2)s1, Cc1nnc(NS(=O)(=O)c2ccc(N)cc2)s1","VACCAVUAMIDAGB-UHFFFAOYSA-N, VACCAVUAMIDAGB-UHFFFAOYSA-N, VACCAVUAMIDAGB-UHFFFAOYSA-N",Launched
sulfamethoxazole,PABA antagonist,,"infectious disease, gastroenterology","pneumonia, enteritis, urinary tract infections","MedChemEx, MicroSource, Selleck",98.94,"Cc1cc(NS(=O)(=O)c2ccc(N)cc2)no1, Cc1cc(NS(=O)(=O)c2ccc(N)cc2)no1, Cc1cc(NS(=O)(=O)c2ccc(N)cc2)no1","JLKIGFTWXXRPMT-UHFFFAOYSA-N, JLKIGFTWXXRPMT-UHFFFAOYSA-N, JLKIGFTWXXRPMT-UHFFFAOYSA-N",Launched
sulfamethoxypyridazine,bacterial antifolate,,,,"MedChemEx, MicroSource, Selleck",98.28,"COc1ccc(NS(=O)(=O)c2ccc(N)cc2)nn1, COc1ccc(NS(=O)(=O)c2ccc(N)cc2)nn1, COc1ccc(NS(=O)(=O)c2ccc(N)cc2)nn1","VLYWMPOKSSWJAL-UHFFFAOYSA-N, VLYWMPOKSSWJAL-UHFFFAOYSA-N, VLYWMPOKSSWJAL-UHFFFAOYSA-N",Withdrawn
sulfametopyrazine,PABA antagonist,,infectious disease,"malaria, urinary tract infections, respiratory tract infections","MedChemEx, Enamine, Enamine, Enamine, Enamine",98.18,"COc1nccnc1NS(=O)(=O)c1ccc(N)cc1, COc1nccnc1NS(=O)(=O)c1ccc(N)cc1, COc1nccnc1NS(=O)(=O)c1ccc(N)cc1, COc1nccnc1NS(=O)(=O)c1ccc(N)cc1, COc1nccnc1NS(=O)(=O)c1ccc(N)cc1","KXRZBTAEDBELFD-UHFFFAOYSA-N, KXRZBTAEDBELFD-UHFFFAOYSA-N, KXRZBTAEDBELFD-UHFFFAOYSA-N, KXRZBTAEDBELFD-UHFFFAOYSA-N, KXRZBTAEDBELFD-UHFFFAOYSA-N",Launched
sulfamonomethoxine,bacterial antifolate,,infectious disease,urinary tract infections,"MedChemEx, MicroSource",97.68,"COc1cc(NS(=O)(=O)c2ccc(N)cc2)ncn1, COc1cc(NS(=O)(=O)c2ccc(N)cc2)ncn1","WMPXPUYPYQKQCX-UHFFFAOYSA-N, WMPXPUYPYQKQCX-UHFFFAOYSA-N",Launched
sulfamoxole,PABA antagonist,,infectious disease,urinary tract infections,"Sigma, Sigma, SantaCruz",70.9,"Cc1nc(NS(=O)(=O)c2ccc(N)cc2)oc1C, Cc1nc(NS(=O)(=O)c2ccc(N)cc2)oc1C, Cc1nc(NS(=O)(=O)c2ccc(N)cc2)oc1C","CYFLXLSBHQBMFT-UHFFFAOYSA-N, CYFLXLSBHQBMFT-UHFFFAOYSA-N, CYFLXLSBHQBMFT-UHFFFAOYSA-N",Launched
sulfanilamide,carbonic anhydrase inhibitor,"CYP2C19, CYP2C9, CYP2D6, CYP2E1, CYP3A4",infectious disease,vulvovaginal candidiasis,"MicroSource, Selleck",100,"Nc1ccc(cc1)S(N)(=O)=O, Nc1ccc(cc1)S(N)(=O)=O","FDDDEECHVMSUSB-UHFFFAOYSA-N, FDDDEECHVMSUSB-UHFFFAOYSA-N",Launched
sulfanilate-zinc,,,,,MicroSource,0,Nc1ccc(cc1)S(=O)(=O)O[Zn]OS(=O)(=O)c1ccc(N)cc1,RIUORJCWAHCMSA-UHFFFAOYSA-L,Preclinical
sulfanitran,,,infectious disease,coccidiosis,"MicroSource, MedChemEx",93.2,"CC(=O)Nc1ccc(cc1)S(=O)(=O)Nc1ccc(cc1)[N+]([O-])=O, CC(=O)Nc1ccc(cc1)S(=O)(=O)Nc1ccc(cc1)[N+]([O-])=O","GWBPFRGXNGPPMF-UHFFFAOYSA-N, GWBPFRGXNGPPMF-UHFFFAOYSA-N",Launched
sulfaphenazole,dihydropteroate synthetase inhibitor,DHPS,infectious disease,urinary tract infections,"MedChemEx, MicroSource, MicroSource",95.81,"Nc1ccc(cc1)S(=O)(=O)Nc1ccnn1-c1ccccc1, Nc1ccc(cc1)S(=O)(=O)Nc1ccnn1-c1ccccc1, Nc1ccc(cc1)S(=O)(=O)Nc1ccnn1-c1ccccc1","QWCJHSGMANYXCW-UHFFFAOYSA-N, QWCJHSGMANYXCW-UHFFFAOYSA-N, QWCJHSGMANYXCW-UHFFFAOYSA-N",Launched
sulfapyridine,PABA antagonist,,infectious disease,"gram-negative bacterial infections, gram-positive bacterial infections","MedChemEx, Selleck, MicroSource, MicroSource, MicroSource, MicroSource",98.64,"Nc1ccc(cc1)S(=O)(=O)Nc1ccccn1, Nc1ccc(cc1)S(=O)(=O)Nc1ccccn1, Nc1ccc(cc1)S(=O)(=O)Nc1ccccn1, Nc1ccc(cc1)S(=O)(=O)Nc1ccccn1, Nc1ccc(cc1)S(=O)(=O)Nc1ccccn1, Nc1ccc(cc1)S(=O)(=O)Nc1ccccn1","GECHUMIMRBOMGK-UHFFFAOYSA-N, GECHUMIMRBOMGK-UHFFFAOYSA-N, GECHUMIMRBOMGK-UHFFFAOYSA-N, GECHUMIMRBOMGK-UHFFFAOYSA-N, GECHUMIMRBOMGK-UHFFFAOYSA-N, GECHUMIMRBOMGK-UHFFFAOYSA-N",Launched
sulfaquinoxaline,vitamin K antagonist,,infectious disease,coccidiosis,"MicroSource, MicroSource",92.12,"Nc1ccc(cc1)S(=O)(=O)Nc1cnc2ccccc2n1, Nc1ccc(cc1)S(=O)(=O)Nc1cnc2ccccc2n1","NHZLNPMOSADWGC-UHFFFAOYSA-N, NHZLNPMOSADWGC-UHFFFAOYSA-N",Launched
sulfasalazine,cyclooxygenase inhibitor,"ACAT1, ALOX5, CHUK, IKBKB, PLA2G1B, PPARG, PTGS1, PTGS2, SLC46A1, SLC7A11, TBXAS1",gastroenterology,ulcerative colitis,"Tocris, MicroSource, Selleck, Selleck",97.78,"OC(=O)c1cc(ccc1O)\N=N\c1ccc(cc1)S(=O)(=O)Nc1ccccn1, OC(=O)c1cc(ccc1O)\N=N\c1ccc(cc1)S(=O)(=O)Nc1ccccn1, OC(=O)c1cc(ccc1O)\N=N\c1ccc(cc1)S(=O)(=O)Nc1ccccn1, OC(=O)c1cc(ccc1O)\N=N\c1ccc(cc1)S(=O)(=O)Nc1ccccn1","NCEXYHBECQHGNR-QZQOTICOSA-N, NCEXYHBECQHGNR-QZQOTICOSA-N, NCEXYHBECQHGNR-QZQOTICOSA-N, NCEXYHBECQHGNR-QZQOTICOSA-N",Launched
sulfathiazole,dihydropteroate synthase inhibitor,,infectious disease,"gram-negative bacterial infections, gram-positive bacterial infections","MedChemEx, MicroSource, Selleck",98.28,"Nc1ccc(cc1)S(=O)(=O)Nc1nccs1, Nc1ccc(cc1)S(=O)(=O)Nc1nccs1, Nc1ccc(cc1)S(=O)(=O)Nc1nccs1","JNMRHUJNCSQMMB-UHFFFAOYSA-N, JNMRHUJNCSQMMB-UHFFFAOYSA-N, JNMRHUJNCSQMMB-UHFFFAOYSA-N",Launched
sulfatinib,tyrosine kinase inhibitor,,,,MedChemEx,95.61,CN(C)CCNS(=O)(=O)Cc1cccc(Nc2nccc(Oc3ccc4[nH]c(C)cc4c3)n2)c1,TTZSNFLLYPYKIL-UHFFFAOYSA-N,Phase 1
sulfinpyrazone,uricosuric blocker,"ABCC1, FPR1, SLC22A12",rheumatology,gout,Sigma,96.76,"O=C1C(CC[S@](=O)c2ccccc2)C(=O)N(N1c1ccccc1)c1ccccc1 |&1:5,r|",MBGGBVCUIVRRBF-LJAQVGFWSA-N,Launched
sulfisomidin,antibacterial,,,,MedChemEx,89.68,Cc1cc(NS(=O)(=O)c2ccc(N)cc2)nc(C)n1,YZMCKZRAOLZXAZ-UHFFFAOYSA-N,Preclinical
sulfisoxazole-acetyl,folic acid antagonist,,"infectious disease, otolaryngology","meningitis, urinary tract infections, otitis, trachoma",MicroSource,56.69,CC(=O)N(c1onc(C)c1C)S(=O)(=O)c1ccc(N)cc1,JFNWFXVFBDDWCX-UHFFFAOYSA-N,Launched
sulforaphane,"anticancer agent, aryl hydrocarbon receptor antagonist",NFE2L2,,,"EMDBio, EMDBio, EMDBio",95.09,"C[S@@](=O)CCCCN=C=S |r|, C[S@@](=O)CCCCN=C=S |r|, C[S@@](=O)CCCCN=C=S |r|","SUVMJBTUFCVSAD-SNVBAGLBSA-N, SUVMJBTUFCVSAD-SNVBAGLBSA-N, SUVMJBTUFCVSAD-SNVBAGLBSA-N",Phase 2
sulindac,cyclooxygenase inhibitor,AKR1B1,rheumatology,"osteoarthritis, rheumatoid arthritis, ankylosing spondylitis","MedChemEx, Tocris, Selleck, Selleck, MicroSource",96.44,"CC1=C(CC(O)=O)c2cc(F)ccc2\C1=C/c1ccc(cc1)[S@@](C)=O |r,c:1|, CC1=C(CC(O)=O)c2cc(F)ccc2\C1=C/c1ccc(cc1)[S@@](C)=O |r,c:1|, CC1=C(CC(O)=O)c2cc(F)ccc2\C1=C/c1ccc(cc1)[S@@](C)=O |r,c:1|, CC1=C(CC(O)=O)c2cc(F)ccc2\C1=C/c1ccc(cc1)[S@@](C)=O |r,c:1|, CC1=C(CC(O)=O)c2cc(F)ccc2\C1=C/c1ccc(cc1)[S@@](C)=O |r,c:1|","MLKXDPUZXIRXEP-LQVWSKNFSA-N, MLKXDPUZXIRXEP-LQVWSKNFSA-N, MLKXDPUZXIRXEP-LQVWSKNFSA-N, MLKXDPUZXIRXEP-LQVWSKNFSA-N, MLKXDPUZXIRXEP-LQVWSKNFSA-N",Launched
sulisobenzone,,,dermatology,sunscreen lotion,"MicroSource, MicroSource, ChemBridge",98.83,"COc1cc(O)c(cc1S(O)(=O)=O)C(=O)c1ccccc1, COc1cc(O)c(cc1S(O)(=O)=O)C(=O)c1ccccc1, COc1cc(O)c(cc1S(O)(=O)=O)C(=O)c1ccccc1","CXVGEDCSTKKODG-UHFFFAOYSA-N, CXVGEDCSTKKODG-UHFFFAOYSA-N, CXVGEDCSTKKODG-UHFFFAOYSA-N",Launched
sulmazole,adenosine receptor antagonist,,,,"SantaCruz, Prestwick, Prestwick",98.4,"COc1cc(ccc1-c1nc2ncccc2[nH]1)[S@@](C)=O |r|, COc1cc(ccc1-c1nc2ncccc2[nH]1)[S@@](C)=O |r|, COc1cc(ccc1-c1nc2ncccc2[nH]1)[S@@](C)=O |r|","XMFCOYRWYYXZMY-HXUWFJFHSA-N, XMFCOYRWYYXZMY-HXUWFJFHSA-N, XMFCOYRWYYXZMY-HXUWFJFHSA-N",Phase 1
sulmetozine,gastrin inhibitor,GAST,gastroenterology,peptic ulcer disease (PUD),"Vitas-M, Vitas-M",97.21,"COc1cc(cc(OC)c1OC)C(=S)N1CCOCC1, COc1cc(cc(OC)c1OC)C(=S)N1CCOCC1","MVOUIYUWRXPNKD-UHFFFAOYSA-N, MVOUIYUWRXPNKD-UHFFFAOYSA-N",Launched
suloctidil,adrenergic receptor antagonist,,,,MedChemEx,79.62,"CCCCCCCCN[C@H](C)[C@@H](O)c1ccc(SC(C)C)cc1 |&1:9,11|",BFCDFTHTSVTWOG-YLJYHZDGSA-N,Withdrawn
sulopenem,antibacterial,,,,Sigma,87.61,"C[C@@H](O)[C@@H]1[C@H]2SC(S[C@H]3CC[S@@](=O)C3)=C(N2C1=O)C(O)=O |&1:11,c:14|",FLSUCZWOEMTFAQ-PRBGKLEPSA-N,Phase 3
sulphadimethoxine,dihydropteroate synthetase inhibitor,,infectious disease,"gram-negative bacterial infections, gram-positive bacterial infections","MedChemEx, MedChemEx, Selleck, MicroSource",99.08,"COc1cc(NS(=O)(=O)c2ccc(N)cc2)nc(OC)n1, COc1cc(NS(=O)(=O)c2ccc(N)cc2)nc(OC)n1, COc1cc(NS(=O)(=O)c2ccc(N)cc2)nc(OC)n1, COc1cc(NS(=O)(=O)c2ccc(N)cc2)nc(OC)n1","ZZORFUFYDOWNEF-UHFFFAOYSA-N, ZZORFUFYDOWNEF-UHFFFAOYSA-N, ZZORFUFYDOWNEF-UHFFFAOYSA-N, ZZORFUFYDOWNEF-UHFFFAOYSA-N",Launched
sulpiride,dopamine receptor antagonist,,neurology/psychiatry,schizophrenia,"Tocris, Tocris, MicroSource, Tocris, Tocris",98.91,"CCN1CCC[C@@H]1CNC(=O)c1cc(ccc1OC)S(N)(=O)=O |&1:6,r|, CCN1CCC[C@@H]1CNC(=O)c1cc(ccc1OC)S(N)(=O)=O |&1:6,r|, CCN1CCC[C@@H]1CNC(=O)c1cc(ccc1OC)S(N)(=O)=O |&1:6,r|, CCN1CCC[C@@H]1CNC(=O)c1cc(ccc1OC)S(N)(=O)=O |&1:6,r|, CCN1CCC[C@@H]1CNC(=O)c1cc(ccc1OC)S(N)(=O)=O |&1:6,r|","BGRJTUBHPOOWDU-LLVKDONJSA-N, BGRJTUBHPOOWDU-LLVKDONJSA-N, BGRJTUBHPOOWDU-LLVKDONJSA-N, BGRJTUBHPOOWDU-LLVKDONJSA-N, BGRJTUBHPOOWDU-LLVKDONJSA-N",Launched
sultamicillin,antibacterial ,,infectious disease,"gram-negative bacterial infections, gram-positive bacterial infections",Bosche,81.3,CC1(C)S[C@@H]2[C@H](NC(=O)[C@H](N)c3ccccc3)C(=O)N2[C@H]1C(=O)OCOC(=O)[C@@H]1N2[C@@H](CC2=O)S(=O)(=O)C1(C)C,OPYGFNJSCUDTBT-PMLPCWDUSA-N,Launched
sultiame,carbonic anhydrase inhibitor,CA2,,,MedChemEx,92.35,NS(=O)(=O)c1ccc(cc1)N1CCCCS1(=O)=O,HMHVCUVYZFYAJI-UHFFFAOYSA-N,Phase 3
sultopride,dopamine receptor antagonist,,,,MedChemEx,89.99,"CCN1CCC[C@H]1CNC(=O)c1cc(ccc1OC)S(=O)(=O)CC |&1:6,r|",UNRHXEPDKXPRTM-ZDUSSCGKSA-N,Preclinical
sumanirole,dopamine receptor agonist,DRD2,,,Sigma,82.4,CN[C@@H]1Cc2cccc3[nH]c(=O)n(C1)c23,RKZSNTNMEFVBDT-MRVPVSSYSA-N,Phase 3
sumatriptan,serotonin receptor agonist,"HTR1A, HTR1B, HTR1D, HTR1E, HTR1F, HTR5A, HTR6, HTR7",neurology/psychiatry,migraine headache,"MicroSource, Tocris, Selleck, Tocris",95.83,"CNS(=O)(=O)Cc1ccc2[nH]cc(CCN(C)C)c2c1, CNS(=O)(=O)Cc1ccc2[nH]cc(CCN(C)C)c2c1, CNS(=O)(=O)Cc1ccc2[nH]cc(CCN(C)C)c2c1, CNS(=O)(=O)Cc1ccc2[nH]cc(CCN(C)C)c2c1","KQKPFRSPSRPDEB-UHFFFAOYSA-N, KQKPFRSPSRPDEB-UHFFFAOYSA-N, KQKPFRSPSRPDEB-UHFFFAOYSA-N, KQKPFRSPSRPDEB-UHFFFAOYSA-N",Launched
SUN-B-8155,calcitonin agonist,CALCR,,,"Tocris, Tocris, Tocris",70.44,"C\C(=N/c1ccccc1N)c1c(C)cc(=O)n(O)c1O, C\C(=N/c1ccccc1N)c1c(C)cc(=O)n(O)c1O, C\C(=N/c1ccccc1N)c1c(C)cc(=O)n(O)c1O","SGJLINMLDNLWOS-CXUHLZMHSA-N, SGJLINMLDNLWOS-CXUHLZMHSA-N, SGJLINMLDNLWOS-CXUHLZMHSA-N",Preclinical
SUN-11602,fibroblast growth factor mimetic,FGFR1,,,"Tocris, Tocris, Tocris",90.13,"CN(C1CCN(Cc2ccc(cc2)C(N)=O)CC1)C(=O)CNc1c(C)c(C)c(N)c(C)c1C, CN(C1CCN(Cc2ccc(cc2)C(N)=O)CC1)C(=O)CNc1c(C)c(C)c(N)c(C)c1C, CN(C1CCN(Cc2ccc(cc2)C(N)=O)CC1)C(=O)CNc1c(C)c(C)c(N)c(C)c1C","KCODNOOPOPTZMO-UHFFFAOYSA-N, KCODNOOPOPTZMO-UHFFFAOYSA-N, KCODNOOPOPTZMO-UHFFFAOYSA-N",Preclinical
sunitinib,"FLT3 inhibitor, KIT inhibitor, PDGFR tyrosine kinase receptor inhibitor, RET tyrosine kinase inhibitor, VEGFR inhibitor","CSF1R, FGFR1, FLT1, FLT3, FLT4, KDR, KIT, PDGFRA, PDGFRB, RET",oncology,"gastrointestinal stromal tumors (GIST), renal cell carcinoma (RCC), neuroendocrine tumors of pancreatic origin (PNET)","MedChemEx, MedChemEx, MedChemEx, MedChemEx, Selleck, Selleck, Selleck, Selleck, Selleck, Selleck, Selleck, Tocris",94.01,"CCN(CC)CCNC(=O)c1c(C)[nH]c(\C=C2/C(=O)Nc3ccc(F)cc23)c1C, CCN(CC)CCNC(=O)c1c(C)[nH]c(\C=C2/C(=O)Nc3ccc(F)cc23)c1C, CCN(CC)CCNC(=O)c1c(C)[nH]c(\C=C2/C(=O)Nc3ccc(F)cc23)c1C, CCN(CC)CCNC(=O)c1c(C)[nH]c(\C=C2/C(=O)Nc3ccc(F)cc23)c1C, CCN(CC)CCNC(=O)c1c(C)[nH]c(\C=C2/C(=O)Nc3ccc(F)cc23)c1C, CCN(CC)CCNC(=O)c1c(C)[nH]c(\C=C2/C(=O)Nc3ccc(F)cc23)c1C, CCN(CC)CCNC(=O)c1c(C)[nH]c(\C=C2/C(=O)Nc3ccc(F)cc23)c1C, CCN(CC)CCNC(=O)c1c(C)[nH]c(\C=C2/C(=O)Nc3ccc(F)cc23)c1C, CCN(CC)CCNC(=O)c1c(C)[nH]c(\C=C2/C(=O)Nc3ccc(F)cc23)c1C, CCN(CC)CCNC(=O)c1c(C)[nH]c(\C=C2/C(=O)Nc3ccc(F)cc23)c1C, CCN(CC)CCNC(=O)c1c(C)[nH]c(\C=C2/C(=O)Nc3ccc(F)cc23)c1C, CCN(CC)CCNC(=O)c1c(C)[nH]c(\C=C2/C(=O)Nc3ccc(F)cc23)c1C","WINHZLLDWRZWRT-ATVHPVEESA-N, WINHZLLDWRZWRT-ATVHPVEESA-N, WINHZLLDWRZWRT-ATVHPVEESA-N, WINHZLLDWRZWRT-ATVHPVEESA-N, WINHZLLDWRZWRT-ATVHPVEESA-N, WINHZLLDWRZWRT-ATVHPVEESA-N, WINHZLLDWRZWRT-ATVHPVEESA-N, WINHZLLDWRZWRT-ATVHPVEESA-N, WINHZLLDWRZWRT-ATVHPVEESA-N, WINHZLLDWRZWRT-ATVHPVEESA-N, WINHZLLDWRZWRT-ATVHPVEESA-N, WINHZLLDWRZWRT-ATVHPVEESA-N",Launched
suplatast,"histamine release inhibitor, immunoglobulin inhibitor",,rheumatology,Kimura's disease,"MedChemEx, Tocris, Selleck, MedChemEx, Selleck",36.74,"CCOC[C@@H](O)COc1ccc(NC(=O)CC[S+](C)C)cc1 |&1:4|, CCOC[C@@H](O)COc1ccc(NC(=O)CC[S+](C)C)cc1 |&1:4|, CCOC[C@@H](O)COc1ccc(NC(=O)CC[S+](C)C)cc1 |&1:4|, CCOC[C@@H](O)COc1ccc(NC(=O)CC[S+](C)C)cc1 |&1:4|, CCOC[C@@H](O)COc1ccc(NC(=O)CC[S+](C)C)cc1 |&1:4|","DYZJXZOQQRXDLE-CQSZACIVSA-O, DYZJXZOQQRXDLE-CQSZACIVSA-O, DYZJXZOQQRXDLE-CQSZACIVSA-O, DYZJXZOQQRXDLE-CQSZACIVSA-O, DYZJXZOQQRXDLE-CQSZACIVSA-O",Launched
suprofen,cyclooxygenase inhibitor,"PTGS1, PTGS2",,,"MicroSource, Selleck, MedChemEx",97.91,"C[C@@H](C(O)=O)c1ccc(cc1)C(=O)c1cccs1 |&1:1,r|, C[C@@H](C(O)=O)c1ccc(cc1)C(=O)c1cccs1 |&1:1,r|, C[C@@H](C(O)=O)c1ccc(cc1)C(=O)c1cccs1 |&1:1,r|","MDKGKXOCJGEUJW-SECBINFHSA-N, MDKGKXOCJGEUJW-SECBINFHSA-N, MDKGKXOCJGEUJW-SECBINFHSA-N",Withdrawn
suramin,DNA synthesis inhibitor,"F2, FSHR, P2RY1, P2RY11, P2RY13, P2RY2, PLA2G2A, RYR1, RYR2, SIRT5",infectious disease,"African trypanosomiasis, onchocerciasis","MicroSource, Tocris",96.4,"Cc1ccc(cc1NC(=O)c1cccc(NC(=O)Nc2cccc(c2)C(=O)Nc2cc(ccc2C)C(=O)Nc2ccc(c3cc(cc(c23)S(O)(=O)=O)S(O)(=O)=O)S(O)(=O)=O)c1)C(=O)Nc1ccc(c2cc(cc(c12)S(O)(=O)=O)S(O)(=O)=O)S(O)(=O)=O, Cc1ccc(cc1NC(=O)c1cccc(NC(=O)Nc2cccc(c2)C(=O)Nc2cc(ccc2C)C(=O)Nc2ccc(c3cc(cc(c23)S(O)(=O)=O)S(O)(=O)=O)S(O)(=O)=O)c1)C(=O)Nc1ccc(c2cc(cc(c12)S(O)(=O)=O)S(O)(=O)=O)S(O)(=O)=O","FIAFUQMPZJWCLV-UHFFFAOYSA-N, FIAFUQMPZJWCLV-UHFFFAOYSA-N",Launched
suritozole,GABA receptor inverse agonist,GABBR1,,,"Enamine, Enamine",94.9,"Cn1nc(-c2cccc(F)c2)n(C)c1=S, Cn1nc(-c2cccc(F)c2)n(C)c1=S","IWDUZEHNLHFBRZ-UHFFFAOYSA-N, IWDUZEHNLHFBRZ-UHFFFAOYSA-N",Phase 2
sutezolid,protein synthesis inhibitor,,,,MedChemEx,91.81,CC(=O)NC[C@H]1CN(C(=O)O1)c1ccc(N2CCSCC2)c(F)c1,FNDDDNOJWPQCBZ-ZDUSSCGKSA-N,Phase 2
suxibuzone,cyclooxygenase inhibitor,,"rheumatology, neurology/psychiatry","joint pain, muscle pain","MedChemEx, Selleck, Selleck, MicroSource",97.83,"CCCCC1(COC(=O)CCC(O)=O)C(=O)N(N(C1=O)c1ccccc1)c1ccccc1, CCCCC1(COC(=O)CCC(O)=O)C(=O)N(N(C1=O)c1ccccc1)c1ccccc1, CCCCC1(COC(=O)CCC(O)=O)C(=O)N(N(C1=O)c1ccccc1)c1ccccc1, CCCCC1(COC(=O)CCC(O)=O)C(=O)N(N(C1=O)c1ccccc1)c1ccccc1","ONWXNHPOAGOMTG-UHFFFAOYSA-N, ONWXNHPOAGOMTG-UHFFFAOYSA-N, ONWXNHPOAGOMTG-UHFFFAOYSA-N, ONWXNHPOAGOMTG-UHFFFAOYSA-N",Launched
SU014813,"PDGFR tyrosine kinase receptor inhibitor, VEGFR inhibitor",KDR,,,MedChemEx,67.11,Cc1[nH]c(\C=C2/C(=O)Nc3ccc(F)cc23)c(C)c1C(=O)NC[C@H](O)CN1CCOCC1,CTNPALGJUAXMMC-PMFHANACSA-N,Phase 2
SU11274,"hepatocyte growth factor receptor inhibitor, tyrosine kinase inhibitor",MET,,,"Selleck, Selleck, Selleck, Tocris",96.9,"CN(c1cccc(Cl)c1)S(=O)(=O)c1ccc2NC(=O)\C(=C/c3[nH]c(C)c(C(=O)N4CCN(C)CC4)c3C)c2c1, CN(c1cccc(Cl)c1)S(=O)(=O)c1ccc2NC(=O)\C(=C/c3[nH]c(C)c(C(=O)N4CCN(C)CC4)c3C)c2c1, CN(c1cccc(Cl)c1)S(=O)(=O)c1ccc2NC(=O)\C(=C/c3[nH]c(C)c(C(=O)N4CCN(C)CC4)c3C)c2c1, CN(c1cccc(Cl)c1)S(=O)(=O)c1ccc2NC(=O)\C(=C/c3[nH]c(C)c(C(=O)N4CCN(C)CC4)c3C)c2c1","FPYJSJDOHRDAMT-KQWNVCNZSA-N, FPYJSJDOHRDAMT-KQWNVCNZSA-N, FPYJSJDOHRDAMT-KQWNVCNZSA-N, FPYJSJDOHRDAMT-KQWNVCNZSA-N",Preclinical
SU16f,PDGFR tyrosine kinase receptor inhibitor,PDGFRB,,,"Tocris, Tocris, Tocris",93.54,"Cc1[nH]c(\C=C2/C(=O)Nc3cc(ccc23)-c2ccccc2)c(C)c1CCC(O)=O, Cc1[nH]c(\C=C2/C(=O)Nc3cc(ccc23)-c2ccccc2)c(C)c1CCC(O)=O, Cc1[nH]c(\C=C2/C(=O)Nc3cc(ccc23)-c2ccccc2)c(C)c1CCC(O)=O","APYYTEJNOZQZNA-MOSHPQCFSA-N, APYYTEJNOZQZNA-MOSHPQCFSA-N, APYYTEJNOZQZNA-MOSHPQCFSA-N",Preclinical
SU3327,JNK inhibitor,MAPK8,,,"Tocris, Tocris, Tocris, Tocris, Tocris, Tocris",94.69,"Nc1nnc(Sc2ncc(s2)[N+]([O-])=O)s1, Nc1nnc(Sc2ncc(s2)[N+]([O-])=O)s1, Nc1nnc(Sc2ncc(s2)[N+]([O-])=O)s1, Nc1nnc(Sc2ncc(s2)[N+]([O-])=O)s1, Nc1nnc(Sc2ncc(s2)[N+]([O-])=O)s1, Nc1nnc(Sc2ncc(s2)[N+]([O-])=O)s1","NQQBNZBOOHHVQP-UHFFFAOYSA-N, NQQBNZBOOHHVQP-UHFFFAOYSA-N, NQQBNZBOOHHVQP-UHFFFAOYSA-N, NQQBNZBOOHHVQP-UHFFFAOYSA-N, NQQBNZBOOHHVQP-UHFFFAOYSA-N, NQQBNZBOOHHVQP-UHFFFAOYSA-N",Preclinical
SU4312,"PDGFR tyrosine kinase receptor inhibitor, tyrosine kinase inhibitor, VEGFR inhibitor","KDR, PDGFRB",,,"Tocris, Tocris",67.6,"CN(C)c1ccc(\C=C2/C(=O)Nc3ccccc23)cc1, CN(C)c1ccc(\C=C2/C(=O)Nc3ccccc23)cc1","UAKWLVYMKBWHMX-PTNGSMBKSA-N, UAKWLVYMKBWHMX-PTNGSMBKSA-N",Preclinical
SU9516,CDK inhibitor,"CDK1, CDK2, CDK4, CDK5",,,"Tocris, MedChemEx, MedChemEx",87.43,"COc1ccc2NC(=O)\C(=C/c3cnc[nH]3)c2c1, COc1ccc2NC(=O)\C(=C/c3cnc[nH]3)c2c1, COc1ccc2NC(=O)\C(=C/c3cnc[nH]3)c2c1","QNUKRWAIZMBVCU-WCIBSUBMSA-N, QNUKRWAIZMBVCU-WCIBSUBMSA-N, QNUKRWAIZMBVCU-WCIBSUBMSA-N",Preclinical
swainsonine,alpha mannosidase inhibitor,MAN2A1,,,Enzo,97.53,O[C@@H]1CN2CCC[C@@H](O)[C@@H]2[C@@H]1O,FXUAIOOAOAVCGD-WCTZXXKLSA-N,Phase 2
