drug,MOA,Target,Disease Area,Indication,Vendor,Purity,SMILES,InChIKey,Phase
ICG-001,beta-catenin inhibitor,CTNNB1,,,Tocris,91.46,Oc1ccc(C[C@@H]2N3[C@H](CN(Cc4cccc5ccccc45)C2=O)N(CCC3=O)C(=O)NCc2ccccc2)cc1,HQWTUOLCGKIECB-XZWHSSHBSA-N,Preclinical
"ICI-118,551",adrenergic receptor antagonist,"ADRB2, ADRB3",,,"Tocris, Tocris, Tocris",97.18,"CC(C)N[C@@H](C)[C@H](O)COc1ccc(C)c2CCCc12, CC(C)N[C@@H](C)[C@H](O)COc1ccc(C)c2CCCc12, CC(C)N[C@@H](C)[C@H](O)COc1ccc(C)c2CCCc12","VFIDUCMKNJIJTO-XJKSGUPXSA-N, VFIDUCMKNJIJTO-XJKSGUPXSA-N, VFIDUCMKNJIJTO-XJKSGUPXSA-N",Phase 2
ICI-162846,histamine receptor antagonist,HRH2,,,"Tocris, Tocris",91.43,"NC(=O)CCCCn1ccc(NC(=N)NCC(F)(F)F)n1, NC(=O)CCCCn1ccc(NC(=N)NCC(F)(F)F)n1","ALCSGJCIESECFD-UHFFFAOYSA-N, ALCSGJCIESECFD-UHFFFAOYSA-N",Phase 1
ICI-169369,serotonin receptor antagonist,,,,Sigma,90.63,CN(C)CCSc1nc2ccccc2cc1-c1ccccc1,HYOLQGVNMQNERE-UHFFFAOYSA-N,Phase 2
"ICI-185,282",thromboxane receptor antagonist,,,,"Tocris, Tocris, Tocris",96.78,"OC(=O)CCC\C=C/C[C@@H]1CO[C@@H](O[C@@H]1c1ccccc1O)C(F)(F)F, OC(=O)CCC\C=C/C[C@@H]1CO[C@@H](O[C@@H]1c1ccccc1O)C(F)(F)F, OC(=O)CCC\C=C/C[C@@H]1CO[C@@H](O[C@@H]1c1ccccc1O)C(F)(F)F","ZWAVGFSZMACJHA-PMNBYGLBSA-N, ZWAVGFSZMACJHA-PMNBYGLBSA-N, ZWAVGFSZMACJHA-PMNBYGLBSA-N",Phase 1
ICI-192605,thromboxane receptor antagonist,TBXA2R,,,"Tocris, Tocris, Tocris",96.71,"OC(=O)CC\C=C/C[C@@H]1CO[C@@H](O[C@@H]1c1ccccc1O)c1ccccc1Cl, OC(=O)CC\C=C/C[C@@H]1CO[C@@H](O[C@@H]1c1ccccc1O)c1ccccc1Cl, OC(=O)CC\C=C/C[C@@H]1CO[C@@H](O[C@@H]1c1ccccc1O)c1ccccc1Cl","WHUIENZXNGAHQI-GKZDNZBASA-N, WHUIENZXNGAHQI-GKZDNZBASA-N, WHUIENZXNGAHQI-GKZDNZBASA-N",Phase 2
ICI-199441,opioid receptor agonist,"CYP2D6, OPRD1, OPRK1, OPRM1, UTS2R",,,"Tocris, Tocris, Tocris",97.12,"CN([C@H](CN1CCCC1)c1ccccc1)C(=O)Cc1ccc(Cl)c(Cl)c1, CN([C@H](CN1CCCC1)c1ccccc1)C(=O)Cc1ccc(Cl)c(Cl)c1, CN([C@H](CN1CCCC1)c1ccccc1)C(=O)Cc1ccc(Cl)c(Cl)c1","AEJOEPSMZCEYJN-HXUWFJFHSA-N, AEJOEPSMZCEYJN-HXUWFJFHSA-N, AEJOEPSMZCEYJN-HXUWFJFHSA-N",Preclinical
"ICI-215,001",adrenergic receptor agonist,ADRB3,,,Tocris,98.33,O[C@@H](CNCCOc1ccc(OCC(O)=O)cc1)COc1ccccc1,MXWICZOXPUWAHY-HNNXBMFYSA-N,Preclinical
ICI-63197,phosphodiesterase inhibitor,,,,"Tocris, Tocris, Tocris, Tocris",97.43,"CCCn1c2nc(N)nn2cc(C)c1=O, CCCn1c2nc(N)nn2cc(C)c1=O, CCCn1c2nc(N)nn2cc(C)c1=O, CCCn1c2nc(N)nn2cc(C)c1=O","UQDVRVNMIJAGRK-UHFFFAOYSA-N, UQDVRVNMIJAGRK-UHFFFAOYSA-N, UQDVRVNMIJAGRK-UHFFFAOYSA-N, UQDVRVNMIJAGRK-UHFFFAOYSA-N",Preclinical
ICI-89406,adrenergic receptor antagonist,"ADRB1, ADRB2",,,"Tocris, Tocris",93.98,"O[C@@H](CNCCNC(=O)Nc1ccccc1)COc1ccccc1C#N |&1:1,r|, O[C@@H](CNCCNC(=O)Nc1ccccc1)COc1ccccc1C#N |&1:1,r|","HTLWRKRZKFAAAH-KRWDZBQOSA-N, HTLWRKRZKFAAAH-KRWDZBQOSA-N",Phase 1
icilin,TRPV agonist,"TRPA1, TRPM8",,,Tocris,10.14,Oc1ccccc1N1CC=C(NC1=O)c1cccc(c1)[N+]([O-])=O |c:10|,RCEFMOGVOYEGJN-UHFFFAOYSA-N,Phase 1
iclaprim,dihydrofolate reductase inhibitor,,,,MedChemEx,98.18,"COc1cc(Cc2cnc(N)nc2N)c2C=C[C@H](Oc2c1OC)C1CC1 |&1:17,r,c:16|",HWJPWWYTGBZDEG-AWEZNQCLSA-N,Phase 3
icomucret,mucin production enhancer,LTB4R2,,,Enzo,44,CCCCC[C@H](O)\C=C\C=C/C\C=C/C\C=C/CCCC(O)=O,JSFATNQSLKRBCI-VAEKSGALSA-N,Phase 3
icosapent,platelet aggregation inhibitor,"ACSL3, ACSL4, FADS1, FFAR1, PPARD, PPARG, PTGS1, PTGS2, SLC8A1, TRPV1",endocrinology,hypertriglyceridemia,"Enzo, Enzo, Sigma, Sigma",87.46,"CC\C=C/C\C=C/C\C=C/C\C=C/C\C=C/CCCC(O)=O, CC\C=C/C\C=C/C\C=C/C\C=C/C\C=C/CCCC(O)=O, CC\C=C/C\C=C/C\C=C/C\C=C/C\C=C/CCCC(O)=O, CC\C=C/C\C=C/C\C=C/C\C=C/C\C=C/CCCC(O)=O","JAZBEHYOTPTENJ-JLNKQSITSA-N, JAZBEHYOTPTENJ-JLNKQSITSA-N, JAZBEHYOTPTENJ-JLNKQSITSA-N, JAZBEHYOTPTENJ-JLNKQSITSA-N",Launched
icotinib,EGFR inhibitor,EGFR,oncology,non-small cell lung cancer (NSCLC),"MedChemEx, Selleck, Selleck, Selleck",96.95,"C#Cc1cccc(Nc2ncnc3cc4OCCOCCOCCOc4cc23)c1, C#Cc1cccc(Nc2ncnc3cc4OCCOCCOCCOc4cc23)c1, C#Cc1cccc(Nc2ncnc3cc4OCCOCCOCCOc4cc23)c1, C#Cc1cccc(Nc2ncnc3cc4OCCOCCOCCOc4cc23)c1","QQLKULDARVNMAL-UHFFFAOYSA-N, QQLKULDARVNMAL-UHFFFAOYSA-N, QQLKULDARVNMAL-UHFFFAOYSA-N, QQLKULDARVNMAL-UHFFFAOYSA-N",Launched
iCRT-14,"beta catenin inhibitor, WNT signaling inhibitor","CTNNB1, TCF4",,,"Tocris, Tocris",93.93,"Cc1cc(\C=C2/SC(=O)N(C2=O)c2ccccc2)c(C)n1-c1cccnc1, Cc1cc(\C=C2/SC(=O)N(C2=O)c2ccccc2)c(C)n1-c1cccnc1","NCSHZXNGQYSKLR-UNOMPAQXSA-N, NCSHZXNGQYSKLR-UNOMPAQXSA-N",Preclinical
IC261,casein kinase inhibitor,"CSNK1A1, CSNK1D, CSNK1E, CSNK1G2",,,"MedChemEx, MedChemEx",74.58,"COc1cc(OC)c(\C=C2\C(=O)Nc3ccccc23)c(OC)c1, COc1cc(OC)c(\C=C2\C(=O)Nc3ccccc23)c(OC)c1","JBJYTZXCZDNOJW-JLHYYAGUSA-N, JBJYTZXCZDNOJW-JLHYYAGUSA-N",Preclinical
ID-1101,insulin sensitizer,INS,,,"Sigma, Sigma",78.9,"C[C@H](O)[C@H](C)[C@H](N)C(O)=O, C[C@H](O)[C@H](C)[C@H](N)C(O)=O","OSCCDBFHNMXNME-YUPRTTJUSA-N, OSCCDBFHNMXNME-YUPRTTJUSA-N",Phase 1
ID-8,,,,,"Tocris, Tocris, Selleck, Selleck, Selleck, Selleck, Tocris",98.74,"COc1ccc(cc1)-n1c(C)c([N+]([O-])=O)c2ccc(O)cc12, COc1ccc(cc1)-n1c(C)c([N+]([O-])=O)c2ccc(O)cc12, COc1ccc(cc1)-n1c(C)c([N+]([O-])=O)c2ccc(O)cc12, COc1ccc(cc1)-n1c(C)c([N+]([O-])=O)c2ccc(O)cc12, COc1ccc(cc1)-n1c(C)c([N+]([O-])=O)c2ccc(O)cc12, COc1ccc(cc1)-n1c(C)c([N+]([O-])=O)c2ccc(O)cc12, COc1ccc(cc1)-n1c(C)c([N+]([O-])=O)c2ccc(O)cc12","VVZNWYXIOADGSW-UHFFFAOYSA-N, VVZNWYXIOADGSW-UHFFFAOYSA-N, VVZNWYXIOADGSW-UHFFFAOYSA-N, VVZNWYXIOADGSW-UHFFFAOYSA-N, VVZNWYXIOADGSW-UHFFFAOYSA-N, VVZNWYXIOADGSW-UHFFFAOYSA-N, VVZNWYXIOADGSW-UHFFFAOYSA-N",Preclinical
idalopirdine,serotonin receptor antagonist,HTR6,,,"MedChemEx, MedChemEx, MedChemEx, MedChemEx, MedChemEx",97.15,"FC(F)C(F)(F)COc1cccc(CNCCc2c[nH]c3cc(F)ccc23)c1, FC(F)C(F)(F)COc1cccc(CNCCc2c[nH]c3cc(F)ccc23)c1, FC(F)C(F)(F)COc1cccc(CNCCc2c[nH]c3cc(F)ccc23)c1, FC(F)C(F)(F)COc1cccc(CNCCc2c[nH]c3cc(F)ccc23)c1, FC(F)C(F)(F)COc1cccc(CNCCc2c[nH]c3cc(F)ccc23)c1","YBAWYTYNMZWMMJ-UHFFFAOYSA-N, YBAWYTYNMZWMMJ-UHFFFAOYSA-N, YBAWYTYNMZWMMJ-UHFFFAOYSA-N, YBAWYTYNMZWMMJ-UHFFFAOYSA-N, YBAWYTYNMZWMMJ-UHFFFAOYSA-N",Phase 3
idarubicin,topoisomerase inhibitor,TOP2A,hematologic malignancy,acute myeloid leukemia (AML),"Selleck, Selleck, Selleck, Selleck, Selleck",98.01,"C[C@@H]1O[C@H](C[C@H](N)[C@@H]1O)O[C@H]1C[C@@](O)(Cc2c(O)c3C(=O)c4ccccc4C(=O)c3c(O)c12)C(C)=O, C[C@@H]1O[C@H](C[C@H](N)[C@@H]1O)O[C@H]1C[C@@](O)(Cc2c(O)c3C(=O)c4ccccc4C(=O)c3c(O)c12)C(C)=O, C[C@@H]1O[C@H](C[C@H](N)[C@@H]1O)O[C@H]1C[C@@](O)(Cc2c(O)c3C(=O)c4ccccc4C(=O)c3c(O)c12)C(C)=O, C[C@@H]1O[C@H](C[C@H](N)[C@@H]1O)O[C@H]1C[C@@](O)(Cc2c(O)c3C(=O)c4ccccc4C(=O)c3c(O)c12)C(C)=O, C[C@@H]1O[C@H](C[C@H](N)[C@@H]1O)O[C@H]1C[C@@](O)(Cc2c(O)c3C(=O)c4ccccc4C(=O)c3c(O)c12)C(C)=O","XDXDZDZNSLXDNA-TZNDIEGXSA-N, XDXDZDZNSLXDNA-TZNDIEGXSA-N, XDXDZDZNSLXDNA-TZNDIEGXSA-N, XDXDZDZNSLXDNA-TZNDIEGXSA-N, XDXDZDZNSLXDNA-TZNDIEGXSA-N",Launched
idasanutlin,MDM inhibitor,"MDM2, TP53",,,"MedChemEx, MedChemEx, MedChemEx, MedChemEx, MedChemEx, MedChemEx, Cayman, Cayman",98.5,"COc1cc(ccc1NC(=O)[C@@H]1N[C@@H](CC(C)(C)C)[C@@](C#N)([C@H]1c1cccc(Cl)c1F)c1ccc(Cl)cc1F)C(O)=O, COc1cc(ccc1NC(=O)[C@@H]1N[C@@H](CC(C)(C)C)[C@@](C#N)([C@H]1c1cccc(Cl)c1F)c1ccc(Cl)cc1F)C(O)=O, COc1cc(ccc1NC(=O)[C@@H]1N[C@@H](CC(C)(C)C)[C@@](C#N)([C@H]1c1cccc(Cl)c1F)c1ccc(Cl)cc1F)C(O)=O, COc1cc(ccc1NC(=O)[C@@H]1N[C@@H](CC(C)(C)C)[C@@](C#N)([C@H]1c1cccc(Cl)c1F)c1ccc(Cl)cc1F)C(O)=O, COc1cc(ccc1NC(=O)[C@@H]1N[C@@H](CC(C)(C)C)[C@@](C#N)([C@H]1c1cccc(Cl)c1F)c1ccc(Cl)cc1F)C(O)=O, COc1cc(ccc1NC(=O)[C@@H]1N[C@@H](CC(C)(C)C)[C@@](C#N)([C@H]1c1cccc(Cl)c1F)c1ccc(Cl)cc1F)C(O)=O, COc1cc(ccc1NC(=O)[C@@H]1N[C@@H](CC(C)(C)C)[C@@](C#N)([C@H]1c1cccc(Cl)c1F)c1ccc(Cl)cc1F)C(O)=O, COc1cc(ccc1NC(=O)[C@@H]1N[C@@H](CC(C)(C)C)[C@@](C#N)([C@H]1c1cccc(Cl)c1F)c1ccc(Cl)cc1F)C(O)=O","TVTXCJFHQKSQQM-LJQIRTBHSA-N, TVTXCJFHQKSQQM-LJQIRTBHSA-N, TVTXCJFHQKSQQM-LJQIRTBHSA-N, TVTXCJFHQKSQQM-LJQIRTBHSA-N, TVTXCJFHQKSQQM-LJQIRTBHSA-N, TVTXCJFHQKSQQM-LJQIRTBHSA-N, InChI=1S/C31H29Cl2F2N3O4/c1-30(2,3)14-24-31(15-36,19-10-9-17(32)13-21(19)34)25(18-6-5-7-20(33)26(18)35)27(38-24)28(39)37-22-11-8-16(29(40)41)12-23(22)42-4/h5-13,24-25,27,38H,14H2,1-4H3,(H,37,39)(H,40,41)/t24-,25-,27+,31-/m0/s1, InChI=1S/C31H29Cl2F2N3O4/c1-30(2,3)14-24-31(15-36,19-10-9-17(32)13-21(19)34)25(18-6-5-7-20(33)26(18)35)27(38-24)28(39)37-22-11-8-16(29(40)41)12-23(22)42-4/h5-13,24-25,27,38H,14H2,1-4H3,(H,37,39)(H,40,41)/t24-,25-,27+,31-/m0/s1",Phase 3
idazoxan,adrenergic receptor antagonist,"ADRA2A, PTGS2",,,"AMS, MicroSource, Tocris",96.56,"C1CN=C(N1)[C@H]1COc2ccccc2O1 |r,c:2|, C1CN=C(N1)[C@H]1COc2ccccc2O1 |r,c:2|, C1CN=C(N1)[C@H]1COc2ccccc2O1 |r,c:2|","HPMRFMKYPGXPEP-SNVBAGLBSA-N, HPMRFMKYPGXPEP-SNVBAGLBSA-N, HPMRFMKYPGXPEP-SNVBAGLBSA-N",Phase 3
idebenone,calcium channel modulator,,"neurology/psychiatry, ophthalmology","Alzheimer's disease, Friedreich's ataxia, Leber hereditary optic neuropathy (LHON)","MicroSource, MicroSource, Selleck, Tocris, Tocris, Tocris, Selleck",96.59,"COC1=C(OC)C(=O)C(CCCCCCCCCCO)=C(C)C1=O |c:2,t:19|, COC1=C(OC)C(=O)C(CCCCCCCCCCO)=C(C)C1=O |c:2,t:19|, COC1=C(OC)C(=O)C(CCCCCCCCCCO)=C(C)C1=O |c:2,t:19|, COC1=C(OC)C(=O)C(CCCCCCCCCCO)=C(C)C1=O |c:2,t:19|, COC1=C(OC)C(=O)C(CCCCCCCCCCO)=C(C)C1=O |c:2,t:19|, COC1=C(OC)C(=O)C(CCCCCCCCCCO)=C(C)C1=O |c:2,t:19|, COC1=C(OC)C(=O)C(CCCCCCCCCCO)=C(C)C1=O |c:2,t:19|","JGPMMRGNQUBGND-UHFFFAOYSA-N, JGPMMRGNQUBGND-UHFFFAOYSA-N, JGPMMRGNQUBGND-UHFFFAOYSA-N, JGPMMRGNQUBGND-UHFFFAOYSA-N, JGPMMRGNQUBGND-UHFFFAOYSA-N, JGPMMRGNQUBGND-UHFFFAOYSA-N, JGPMMRGNQUBGND-UHFFFAOYSA-N",Launched
idelalisib,PI3K inhibitor,"PIK3CA, PIK3CB, PIK3CD, PIK3CG",hematologic malignancy,chronic lymphocytic leukemia (CLL),"Selleck, Selleck, Selleck, Selleck",96.97,"CC[C@H](Nc1ncnc2nc[nH]c12)c1nc2cccc(F)c2c(=O)n1-c1ccccc1, CC[C@H](Nc1ncnc2nc[nH]c12)c1nc2cccc(F)c2c(=O)n1-c1ccccc1, CC[C@H](Nc1ncnc2nc[nH]c12)c1nc2cccc(F)c2c(=O)n1-c1ccccc1, CC[C@H](Nc1ncnc2nc[nH]c12)c1nc2cccc(F)c2c(=O)n1-c1ccccc1","IFSDAJWBUCMOAH-HNNXBMFYSA-N, IFSDAJWBUCMOAH-HNNXBMFYSA-N, InChI=1S/C22H18FN7O/c1-2-15(28-20-18-19(25-11-24-18)26-12-27-20)21-29-16-10-6-9-14(23)17(16)22(31)30(21)13-7-4-3-5-8-13/h3-12,15H,2H2,1H3,(H2,24,25,26,27,28)/t15-/m0/s1, InChI=1S/C22H18FN7O/c1-2-15(28-20-18-19(25-11-24-18)26-12-27-20)21-29-16-10-6-9-14(23)17(16)22(31)30(21)13-7-4-3-5-8-13/h3-12,15H,2H2,1H3,(H2,24,25,26,27,28)/t15-/m0/s1",Launched
IDF-11774,hypoxia inducible factor inhibitor,,,,MedChemEx,91.96,CN1CCN(CC1)C(=O)COc1ccc(cc1)C12CC3CC(CC(C3)C1)C2,QGBBBLPWBSWERZ-UHFFFAOYSA-N,Preclinical
IDH-305,isocitrate dehydrogenase inhibitor,,,,MedChemEx,95.98,C[C@H](F)[C@H]1COC(=O)N1c1ccnc(N[C@@H](C)c2cc(C)c(cn2)-c2ccnc(c2)C(F)(F)F)n1,DCGDPJCUIKLTDU-SUNYJGFJSA-N,Phase 2
idoxuridine,"DNA directed DNA polymerase inhibitor, DNA synthesis inhibitor",,infectious disease,virus herpes simplex (HSV),"MedChemEx, Selleck, Selleck, MicroSource, MicroSource",100,"OC[C@H]1O[C@H](C[C@@H]1O)n1cc(I)c(=O)[nH]c1=O, OC[C@H]1O[C@H](C[C@@H]1O)n1cc(I)c(=O)[nH]c1=O, OC[C@H]1O[C@H](C[C@@H]1O)n1cc(I)c(=O)[nH]c1=O, OC[C@H]1O[C@H](C[C@@H]1O)n1cc(I)c(=O)[nH]c1=O, OC[C@H]1O[C@H](C[C@@H]1O)n1cc(I)c(=O)[nH]c1=O","XQFRJNBWHJMXHO-RRKCRQDMSA-N, XQFRJNBWHJMXHO-RRKCRQDMSA-N, XQFRJNBWHJMXHO-RRKCRQDMSA-N, XQFRJNBWHJMXHO-RRKCRQDMSA-N, XQFRJNBWHJMXHO-RRKCRQDMSA-N",Launched
IDO5L,"indoleamine 2,3-dioxygenase inhibitor",IDO1,,,"MedChemEx, MedChemEx, MedChemEx",95.26,"Nc1nonc1\C(NO)=N/c1ccc(F)c(Cl)c1, Nc1nonc1\C(NO)=N/c1ccc(F)c(Cl)c1, Nc1nonc1\C(NO)=N/c1ccc(F)c(Cl)c1","HGXSLPIXNPASGZ-UHFFFAOYSA-N, HGXSLPIXNPASGZ-UHFFFAOYSA-N, HGXSLPIXNPASGZ-UHFFFAOYSA-N",Preclinical
IDRA-21,glutamate receptor positive allosteric modulator,"GRIA1, GRIA2, GRIA3, GRIA4",,,"Tocris, Tocris, Tocris, Tocris, Tocris",97.41,"C[C@H]1Nc2ccc(Cl)cc2S(=O)(=O)N1 |&1:1,r|, C[C@H]1Nc2ccc(Cl)cc2S(=O)(=O)N1 |&1:1,r|, C[C@H]1Nc2ccc(Cl)cc2S(=O)(=O)N1 |&1:1,r|, C[C@H]1Nc2ccc(Cl)cc2S(=O)(=O)N1 |&1:1,r|, C[C@H]1Nc2ccc(Cl)cc2S(=O)(=O)N1 |&1:1,r|","VZRNTCHTJRLTMU-YFKPBYRVSA-N, VZRNTCHTJRLTMU-YFKPBYRVSA-N, VZRNTCHTJRLTMU-YFKPBYRVSA-N, VZRNTCHTJRLTMU-YFKPBYRVSA-N, VZRNTCHTJRLTMU-YFKPBYRVSA-N",Preclinical
idramantone,,,,,MedChemEx,100,"[H][C@@]12C[C@@]3([H])C[C@@](O)(C1)C[C@@]([H])(C2)C3=O |&1:1,3,6,10|",TZBDEVBNMSLVKT-XYYXLIQBSA-N,Preclinical
idronoxil,XIAP inhibitor,"ENOX2, SPHK1",,,"Sigma, Sigma, Sigma",92.71,"Oc1ccc(cc1)C1=Cc2ccc(O)cc2OC1 |t:8|, Oc1ccc(cc1)C1=Cc2ccc(O)cc2OC1 |t:8|, Oc1ccc(cc1)C1=Cc2ccc(O)cc2OC1 |t:8|","ZZUBHVMHNVYXRR-UHFFFAOYSA-N, ZZUBHVMHNVYXRR-UHFFFAOYSA-N, ZZUBHVMHNVYXRR-UHFFFAOYSA-N",Phase 3
IEM1460,glutamate receptor antagonist,GRIA2,,,"Tocris, Tocris, Tocris, Tocris, Tocris",100,"C[N+](C)(C)CCCCCNCC12CC3CC(CC(C3)C1)C2, C[N+](C)(C)CCCCCNCC12CC3CC(CC(C3)C1)C2, C[N+](C)(C)CCCCCNCC12CC3CC(CC(C3)C1)C2, C[N+](C)(C)CCCCCNCC12CC3CC(CC(C3)C1)C2, C[N+](C)(C)CCCCCNCC12CC3CC(CC(C3)C1)C2","IWYZMMIPAJDJBN-UHFFFAOYSA-N, IWYZMMIPAJDJBN-UHFFFAOYSA-N, IWYZMMIPAJDJBN-UHFFFAOYSA-N, IWYZMMIPAJDJBN-UHFFFAOYSA-N, IWYZMMIPAJDJBN-UHFFFAOYSA-N",Preclinical
IEM1754,glutamate receptor antagonist,GRIA1,,,"Selleck, Selleck, Tocris, Tocris",100,"NCCCCCNCC12CC3CC(CC(C3)C1)C2, NCCCCCNCC12CC3CC(CC(C3)C1)C2, NCCCCCNCC12CC3CC(CC(C3)C1)C2, NCCCCCNCC12CC3CC(CC(C3)C1)C2","UWWMQHVWAYFCDT-UHFFFAOYSA-N, UWWMQHVWAYFCDT-UHFFFAOYSA-N, UWWMQHVWAYFCDT-UHFFFAOYSA-N, UWWMQHVWAYFCDT-UHFFFAOYSA-N",Preclinical
ifenprodil,"adrenergic receptor antagonist, glutamate receptor antagonist",GRIN2B,,,Tocris,94.12,"C[C@@H]([C@H](O)c1ccc(O)cc1)N1CCC(Cc2ccccc2)CC1 |&1:1,2|",UYNVMODNBIQBMV-KKSFZXQISA-N,Launched
ifosfamide,DNA alkylating agent,"CYP2A6, CYP2B6, CYP2C18, CYP2C19, CYP2C8, CYP2C9, CYP3A4, CYP3A5, CYP3A7, PTGS1","oncology, urology","testicular carcinoma, hemorrhagic cystitis","MicroSource, Selleck",100,"ClCCN[P@@]1(=O)OCCCN1CCCl |r|, ClCCN[P@@]1(=O)OCCCN1CCCl |r|","HOMGKSMUEGBAAB-CQSZACIVSA-N, HOMGKSMUEGBAAB-CQSZACIVSA-N",Launched
igmesine,sigma receptor agonist,SIGMAR1,,,"Tocris, Tocris",95.83,"CCC(C\C=C\c1ccccc1)(N(C)CC1CC1)c1ccccc1 |&1:2|, CCC(C\C=C\c1ccccc1)(N(C)CC1CC1)c1ccccc1 |&1:2|","VCZSWYIFCKGTJI-JLHYYAGUSA-N, VCZSWYIFCKGTJI-JLHYYAGUSA-N",Phase 2
iguratimod,"cyclooxygenase inhibitor, NFkB pathway inhibitor",PTGS2,rheumatology,rheumatoid arthritis,"MedChemEx, MedChemEx",96.01,"CS(=O)(=O)Nc1cc2occ(NC=O)c(=O)c2cc1Oc1ccccc1, CS(=O)(=O)Nc1cc2occ(NC=O)c(=O)c2cc1Oc1ccccc1","ANMATWQYLIFGOK-UHFFFAOYSA-N, ANMATWQYLIFGOK-UHFFFAOYSA-N",Launched
IKK-16,IKK inhibitor,IKBKB,,,"Tocris, Tocris, Tocris, Tocris, Tocris, Tocris, Tocris, Selleck",95.84,"O=C(N1CCC(CC1)N1CCCC1)c1ccc(Nc2nccc(n2)-c2cc3ccccc3s2)cc1, O=C(N1CCC(CC1)N1CCCC1)c1ccc(Nc2nccc(n2)-c2cc3ccccc3s2)cc1, O=C(N1CCC(CC1)N1CCCC1)c1ccc(Nc2nccc(n2)-c2cc3ccccc3s2)cc1, O=C(N1CCC(CC1)N1CCCC1)c1ccc(Nc2nccc(n2)-c2cc3ccccc3s2)cc1, O=C(N1CCC(CC1)N1CCCC1)c1ccc(Nc2nccc(n2)-c2cc3ccccc3s2)cc1, O=C(N1CCC(CC1)N1CCCC1)c1ccc(Nc2nccc(n2)-c2cc3ccccc3s2)cc1, O=C(N1CCC(CC1)N1CCCC1)c1ccc(Nc2nccc(n2)-c2cc3ccccc3s2)cc1, O=C(N1CCC(CC1)N1CCCC1)c1ccc(Nc2nccc(n2)-c2cc3ccccc3s2)cc1","BWZJBXAPRCVCKQ-UHFFFAOYSA-N, BWZJBXAPRCVCKQ-UHFFFAOYSA-N, BWZJBXAPRCVCKQ-UHFFFAOYSA-N, BWZJBXAPRCVCKQ-UHFFFAOYSA-N, BWZJBXAPRCVCKQ-UHFFFAOYSA-N, BWZJBXAPRCVCKQ-UHFFFAOYSA-N, BWZJBXAPRCVCKQ-UHFFFAOYSA-N, BWZJBXAPRCVCKQ-UHFFFAOYSA-N",Preclinical
IKK-2-inhibitor,"IKK inhibitor, SYK inhibitor",IKBKB,,,"Tocris, Selleck, Selleck, Selleck",94.68,"NC(=O)c1sc(cc1N)-c1ccsc1, NC(=O)c1sc(cc1N)-c1ccsc1, NC(=O)c1sc(cc1N)-c1ccsc1, NC(=O)c1sc(cc1N)-c1ccsc1","BMUACLADCKCNKZ-UHFFFAOYSA-N, BMUACLADCKCNKZ-UHFFFAOYSA-N, BMUACLADCKCNKZ-UHFFFAOYSA-N, BMUACLADCKCNKZ-UHFFFAOYSA-N",Preclinical
IKK-2-inhibitor-V,"IKK inhibitor, NFkB pathway inhibitor",IKBKB,,,"Tocris, Selleck, Selleck, Selleck, Selleck",97.99,"Oc1ccc(Cl)cc1C(=O)Nc1cc(cc(c1)C(F)(F)F)C(F)(F)F, Oc1ccc(Cl)cc1C(=O)Nc1cc(cc(c1)C(F)(F)F)C(F)(F)F, Oc1ccc(Cl)cc1C(=O)Nc1cc(cc(c1)C(F)(F)F)C(F)(F)F, Oc1ccc(Cl)cc1C(=O)Nc1cc(cc(c1)C(F)(F)F)C(F)(F)F, Oc1ccc(Cl)cc1C(=O)Nc1cc(cc(c1)C(F)(F)F)C(F)(F)F","CHILCFMQWMQVAL-UHFFFAOYSA-N, CHILCFMQWMQVAL-UHFFFAOYSA-N, CHILCFMQWMQVAL-UHFFFAOYSA-N, CHILCFMQWMQVAL-UHFFFAOYSA-N, CHILCFMQWMQVAL-UHFFFAOYSA-N",Phase 1
ilaprazole,proton pump inhibitor,,gastroenterology,gastroesophageal reflux disease (GERD),MedChemEx,41.08,"COc1ccnc(C[S@@](=O)c2nc3ccc(cc3[nH]2)-n2cccc2)c1C |&1:8,r|",HRRXCXABAPSOCP-AREMUKBSSA-N,Launched
ilepcimide,anticonvulsant,,,,Vitas-M,95.17,O=C(\C=C\c1ccc2OCOc2c1)N1CCCCC1,BLPUOQGPBJPXRL-FNORWQNLSA-N,Phase 3
ilomastat,matrix metalloprotease inhibitor,"ACAN, ADAM28, MMP1, MMP12, MMP13, MMP14, MMP2, MMP3, MMP8, MMP9",,,"Selleck, Selleck, Selleck, Selleck, Selleck, Selleck, Selleck",94.49,"CNC(=O)[C@H](Cc1c[nH]c2ccccc12)NC(=O)[C@H](CC(C)C)CC(=O)NO, CNC(=O)[C@H](Cc1c[nH]c2ccccc12)NC(=O)[C@H](CC(C)C)CC(=O)NO, CNC(=O)[C@H](Cc1c[nH]c2ccccc12)NC(=O)[C@H](CC(C)C)CC(=O)NO, CNC(=O)[C@H](Cc1c[nH]c2ccccc12)NC(=O)[C@H](CC(C)C)CC(=O)NO, CNC(=O)[C@H](Cc1c[nH]c2ccccc12)NC(=O)[C@H](CC(C)C)CC(=O)NO, CNC(=O)[C@H](Cc1c[nH]c2ccccc12)NC(=O)[C@H](CC(C)C)CC(=O)NO, CNC(=O)[C@H](Cc1c[nH]c2ccccc12)NC(=O)[C@H](CC(C)C)CC(=O)NO","NITYDPDXAAFEIT-DYVFJYSZSA-N, NITYDPDXAAFEIT-DYVFJYSZSA-N, NITYDPDXAAFEIT-DYVFJYSZSA-N, NITYDPDXAAFEIT-DYVFJYSZSA-N, NITYDPDXAAFEIT-DYVFJYSZSA-N, NITYDPDXAAFEIT-DYVFJYSZSA-N, NITYDPDXAAFEIT-DYVFJYSZSA-N",Phase 3
iloperidone,"dopamine receptor antagonist, serotonin receptor antagonist","ADRA1A, ADRA2C, DRD1, DRD2, DRD3, DRD4, HRH1, HTR1A, HTR2A, HTR6, HTR7",neurology/psychiatry,schizophrenia,Selleck,97.56,COc1cc(ccc1OCCCN1CCC(CC1)c1noc2cc(F)ccc12)C(C)=O,XMXHEBAFVSFQEX-UHFFFAOYSA-N,Launched
iloprost,"platelet aggregation inhibitor, prostanoid receptor agonist","PTGDR, PTGER1, PTGER2, PTGER3, PTGER4, PTGFR, PTGIR, TBXA2R",pulmonary,pulmonary arterial hypertension (PAH),MedChemEx,50.79,"CC#CC[C@@H](C)[C@H](O)\C=C\[C@H]1[C@H](O)C[C@@H]2C\C(C[C@H]12)=C/CCCC(O)=O |a:6,10,11,14,18,&1:4|",HIFJCPQKFCZDDL-GBSCXWAGSA-N,Launched
imatinib,"Bcr-Abl kinase inhibitor, KIT inhibitor, PDGFR tyrosine kinase receptor inhibitor","ABL1, CSF1R, DDR1, KIT, NTRK1, PDGFRA, PDGFRB, RET","hematologic malignancy, oncology","chronic myeloid leukemia (CML), acute lymphoblastic leukemia (ALL), myelodysplastic diseases (MDS), aggressive systemic mastocytosis (ASM), hypereosinophilic syndrome (HES), chronic eosinophilic leukemia (CEL), dermatofibrosarcoma protuberans (DFSP), gastrointestinal stromal tumors (GIST)","Selleck, Selleck, Selleck, Selleck, Selleck, Selleck, Selleck, Selleck, Selleck, MedChemEx",99.23,"CN1CCN(Cc2ccc(cc2)C(=O)Nc2ccc(C)c(Nc3nccc(n3)-c3cccnc3)c2)CC1, CN1CCN(Cc2ccc(cc2)C(=O)Nc2ccc(C)c(Nc3nccc(n3)-c3cccnc3)c2)CC1, CN1CCN(Cc2ccc(cc2)C(=O)Nc2ccc(C)c(Nc3nccc(n3)-c3cccnc3)c2)CC1, CN1CCN(Cc2ccc(cc2)C(=O)Nc2ccc(C)c(Nc3nccc(n3)-c3cccnc3)c2)CC1, CN1CCN(Cc2ccc(cc2)C(=O)Nc2ccc(C)c(Nc3nccc(n3)-c3cccnc3)c2)CC1, CN1CCN(Cc2ccc(cc2)C(=O)Nc2ccc(C)c(Nc3nccc(n3)-c3cccnc3)c2)CC1, CN1CCN(Cc2ccc(cc2)C(=O)Nc2ccc(C)c(Nc3nccc(n3)-c3cccnc3)c2)CC1, CN1CCN(Cc2ccc(cc2)C(=O)Nc2ccc(C)c(Nc3nccc(n3)-c3cccnc3)c2)CC1, CN1CCN(Cc2ccc(cc2)C(=O)Nc2ccc(C)c(Nc3nccc(n3)-c3cccnc3)c2)CC1, CN1CCN(Cc2ccc(cc2)C(=O)Nc2ccc(C)c(Nc3nccc(n3)-c3cccnc3)c2)CC1","KTUFNOKKBVMGRW-UHFFFAOYSA-N, KTUFNOKKBVMGRW-UHFFFAOYSA-N, KTUFNOKKBVMGRW-UHFFFAOYSA-N, KTUFNOKKBVMGRW-UHFFFAOYSA-N, KTUFNOKKBVMGRW-UHFFFAOYSA-N, KTUFNOKKBVMGRW-UHFFFAOYSA-N, KTUFNOKKBVMGRW-UHFFFAOYSA-N, KTUFNOKKBVMGRW-UHFFFAOYSA-N, KTUFNOKKBVMGRW-UHFFFAOYSA-N, KTUFNOKKBVMGRW-UHFFFAOYSA-N",Launched
Imazodan,phosphodiesterase inhibitor,,,,AMS,91.48,O=C1CCC(=NN1)c1ccc(cc1)-n1ccnc1 |c:4|,VXMYWVMXSWJFCV-UHFFFAOYSA-N,Phase 1
imeglimin,gluconeogenesis inhibitor,,,,"MedChemEx, MedChemEx, MedChemEx",97.85,"C[C@H]1NC(=NC(N)=N1)N(C)C |c:3,6|, C[C@H]1NC(=NC(N)=N1)N(C)C |c:3,6|, C[C@H]1NC(=NC(N)=N1)N(C)C |c:3,6|","GFICWFZTBXUVIG-SCSAIBSYSA-N, GFICWFZTBXUVIG-SCSAIBSYSA-N, GFICWFZTBXUVIG-SCSAIBSYSA-N",Phase 2
imetit,histamine receptor agonist,"HRH3, HRH4",,,"Tocris, Tocris",90.26,"NC(=N)SCCc1cnc[nH]1, NC(=N)SCCc1cnc[nH]1","PEHSVUKQDJULKE-UHFFFAOYSA-N, PEHSVUKQDJULKE-UHFFFAOYSA-N",Preclinical
imexon,"apoptosis stimulant, ribonucleotide reductase inhibitor",,,,"MicroSource, MicroSource, MicroSource, MicroSource",100,"NC1=NC(=O)N2C[C@@H]12 |r,t:1|, NC1=NC(=O)N2C[C@@H]12 |r,t:1|, NC1=NC(=O)N2C[C@@H]12 |r,t:1|, NC1=NC(=O)N2C[C@@H]12 |r,t:1|","BIXBBIPTYBJTRY-VBMBUWLQSA-N, BIXBBIPTYBJTRY-VBMBUWLQSA-N, BIXBBIPTYBJTRY-VBMBUWLQSA-N, BIXBBIPTYBJTRY-VBMBUWLQSA-N",Phase 2
imidacloprid,acetylcholine receptor antagonist,,,,SantaCruz,99.22,[O-][N+](=O)N=C1NCCN1Cc1ccc(Cl)nc1,YWTYJOPNNQFBPC-UHFFFAOYSA-N,Launched
imidafenacin,acetylcholine receptor antagonist,"CHRM1, CHRM3",neurology/psychiatry,spasms,"MedChemEx, MedChemEx, MedChemEx",97.97,"Cc1nccn1CCC(C(N)=O)(c1ccccc1)c1ccccc1, Cc1nccn1CCC(C(N)=O)(c1ccccc1)c1ccccc1, Cc1nccn1CCC(C(N)=O)(c1ccccc1)c1ccccc1","SQKXYSGRELMAAU-UHFFFAOYSA-N, SQKXYSGRELMAAU-UHFFFAOYSA-N, SQKXYSGRELMAAU-UHFFFAOYSA-N",Launched
imidapril,angiotensin converting enzyme inhibitor,ACE,cardiology,"hypertension, congestive heart failure","Selleck, Selleck",98.03,"CCOC(=O)[C@H](CCc1ccccc1)N[C@@H](C)C(=O)N1[C@@H](CN(C)C1=O)C(O)=O, CCOC(=O)[C@H](CCc1ccccc1)N[C@@H](C)C(=O)N1[C@@H](CN(C)C1=O)C(O)=O","KLZWOWYOHUKJIG-BPUTZDHNSA-N, KLZWOWYOHUKJIG-BPUTZDHNSA-N",Launched
imidazoacridinone,anticancer agent,,,,Sigma,57.63,CCN(CC)CCNc1ccc2ncn3c2c1c(=O)c1cc(O)ccc31,CUNDRHORZHFPLY-UHFFFAOYSA-N,Preclinical
imidurea,other antibiotic,,,,MedChemEx,100,"OCN1[C@@H](NC(=O)NCNC(=O)N[C@@H]2N(CO)C(=O)NC2=O)C(=O)NC1=O |&1:3,&2:13,r|",ZCTXEAQXZGPWFG-RFZPGFLSSA-N,Preclinical
imiloxan,adrenergic receptor antagonist,"ADRA2A, ADRA2B",,,"Tocris, Tocris",97.18,"CCn1ccnc1C[C@H]1COc2ccccc2O1 |&1:8|, CCn1ccnc1C[C@H]1COc2ccccc2O1 |&1:8|","UXABARREKCJULM-NSHDSACASA-N, UXABARREKCJULM-NSHDSACASA-N",Phase 1
imipenem,bacterial cell wall synthesis inhibitor,,infectious disease,"pneumonia, urinary tract infections, intra-abdominal infections, gynecologic infections, bacterial septicemia, bone and joint infections, skin infections, endocarditis","MicroSource, Sigma",0,"C[C@@H](O)[C@@H]1[C@H]2CC(SCCNC=N)=C(N2C1=O)C(O)=O |c:12|, C[C@@H](O)[C@@H]1[C@H]2CC(SCCNC=N)=C(N2C1=O)C(O)=O |c:12|","ZSKVGTPCRGIANV-ZXFLCMHBSA-N, ZSKVGTPCRGIANV-ZXFLCMHBSA-N",Launched
imipramine,"norepinephrine reputake inhibitor, serotonin reuptake inhibitor","ADRA1A, ADRA1B, ADRA1D, CHRM1, CHRM2, CHRM3, CHRM4, CHRM5, DRD1, DRD2, DRD5, HRH1, HTR1A, HTR2A, HTR2C, HTR6, HTR7, KCND2, KCND3, KCNH1, KCNH2, SLC6A2, SLC6A3, SLC6A4","neurology/psychiatry, urology","depression, nocturnal enuresis","Selleck, MicroSource, MicroSource, MicroSource, Selleck",92.52,"CN(C)CCCN1c2ccccc2CCc2ccccc12, CN(C)CCCN1c2ccccc2CCc2ccccc12, CN(C)CCCN1c2ccccc2CCc2ccccc12, CN(C)CCCN1c2ccccc2CCc2ccccc12, CN(C)CCCN1c2ccccc2CCc2ccccc12","BCGWQEUPMDMJNV-UHFFFAOYSA-N, BCGWQEUPMDMJNV-UHFFFAOYSA-N, BCGWQEUPMDMJNV-UHFFFAOYSA-N, BCGWQEUPMDMJNV-UHFFFAOYSA-N, BCGWQEUPMDMJNV-UHFFFAOYSA-N",Launched
imiquimod,"interferon inducer, toll-like receptor agonist","TLR7, TLR8","dermatology, infectious disease, oncology","actinic keratosis (AK), genital warts, basal cell carcinoma (BCC)","MicroSource, Selleck, Selleck, Selleck, Selleck",98.69,"CC(C)Cn1cnc2c(N)nc3ccccc3c12, CC(C)Cn1cnc2c(N)nc3ccccc3c12, CC(C)Cn1cnc2c(N)nc3ccccc3c12, CC(C)Cn1cnc2c(N)nc3ccccc3c12, CC(C)Cn1cnc2c(N)nc3ccccc3c12","DOUYETYNHWVLEO-UHFFFAOYSA-N, DOUYETYNHWVLEO-UHFFFAOYSA-N, DOUYETYNHWVLEO-UHFFFAOYSA-N, DOUYETYNHWVLEO-UHFFFAOYSA-N, DOUYETYNHWVLEO-UHFFFAOYSA-N",Launched
imirestat,aldose reductase inhibitor,,,,MedChemEx,95.55,Fc1ccc2-c3ccc(F)cc3C3(NC(=O)NC3=O)c2c1,QCCHBHSAIQIQGO-UHFFFAOYSA-N,Preclinical
imisopasem-manganese,superoxide dismutase mimetic,,,,MedChemEx,0,[H][C@@]12CCCC[C@@]1([H])N1Cc3cccc(CN4[C@]5([H])CCCC[C@@]5([H])N5CCN2[Mn]145(Cl)Cl)n3,UWYSKLMRWPKZES-XNPJUPKFSA-L,Preclinical
immepip,histamine receptor agonist,"HRH3, HRH4",,,"Tocris, Tocris",91.38,"C(C1CCNCC1)c1cnc[nH]1, C(C1CCNCC1)c1cnc[nH]1","MCNGUYXRBCIGOV-UHFFFAOYSA-N, MCNGUYXRBCIGOV-UHFFFAOYSA-N",Preclinical
immethridine,histamine receptor agonist,HRH3,,,"Tocris, Tocris, Tocris",97.64,"C(c1cnc[nH]1)c1ccncc1, C(c1cnc[nH]1)c1ccncc1, C(c1cnc[nH]1)c1ccncc1","DFVSGZHJSIEEQQ-UHFFFAOYSA-N, DFVSGZHJSIEEQQ-UHFFFAOYSA-N, DFVSGZHJSIEEQQ-UHFFFAOYSA-N",Phase 1
impentamine,histamine receptor antagonist,HRH3,,,"Tocris, Tocris, Tocris",87.55,"NCCCCCc1cnc[nH]1, NCCCCCc1cnc[nH]1, NCCCCCc1cnc[nH]1","MZCJWLAXZRFUPI-UHFFFAOYSA-N, MZCJWLAXZRFUPI-UHFFFAOYSA-N, MZCJWLAXZRFUPI-UHFFFAOYSA-N",Preclinical
IMREG-1,,,,,"ChemImpex, ChemImpex",97.29,"N[C@@H](Cc1ccc(O)cc1)C(=O)NCC(=O)NCC(O)=O, N[C@@H](Cc1ccc(O)cc1)C(=O)NCC(=O)NCC(O)=O","HIINQLBHPIQYHN-JTQLQIEISA-N, HIINQLBHPIQYHN-JTQLQIEISA-N",Phase 3
inarigivir,antiviral,,,,MedChemEx,61.1,"CO[C@@H]1[C@H](O[P@](S)(=O)OC[C@H]2O[C@H](C[C@@H]2O)n2cnc3c(N)ncnc23)[C@@H](CO)O[C@H]1n1ccc(=O)[nH]c1=O |a:2,3,10,12,14,26,30,&1:5|",LYMICVBGNUEHGE-NLKZJYKHSA-N,Phase 2
inarigivir-soproxil,antiviral,,,,MedChemEx,93.11,"[H][C@]1(O)C[C@@]([H])(O[C@]1([H])CO[P@](=O)(O[C@]1([H])[C@@]([H])(CO)O[C@@]([H])(n2ccc(=O)[nH]c2=O)[C@]1([H])OC)SCOC(=O)OC(C)C)n1cnc2c(N)ncnc12 |&1:11,r|",CJCYTUJOSMYXLE-NHMFLIHISA-N,Phase 2
INC-280,c-Met inhibitor,MET,,,"MedChemEx, Selleck, Selleck, Selleck, Selleck",95.86,"CNC(=O)c1ccc(cc1F)-c1cnc2ncc(Cc3ccc4ncccc4c3)n2n1, CNC(=O)c1ccc(cc1F)-c1cnc2ncc(Cc3ccc4ncccc4c3)n2n1, CNC(=O)c1ccc(cc1F)-c1cnc2ncc(Cc3ccc4ncccc4c3)n2n1, CNC(=O)c1ccc(cc1F)-c1cnc2ncc(Cc3ccc4ncccc4c3)n2n1, CNC(=O)c1ccc(cc1F)-c1cnc2ncc(Cc3ccc4ncccc4c3)n2n1","LIOLIMKSCNQPLV-UHFFFAOYSA-N, LIOLIMKSCNQPLV-UHFFFAOYSA-N, LIOLIMKSCNQPLV-UHFFFAOYSA-N, LIOLIMKSCNQPLV-UHFFFAOYSA-N, LIOLIMKSCNQPLV-UHFFFAOYSA-N",Phase 3
INCA-6,calcineurin inhibitor,NFATC1,,,"Tocris, Tocris, Tocris",58.26,"O=C1C=CC(=O)C2=C1C1c3ccccc3C2c2ccccc12 |c:2,6|, O=C1C=CC(=O)C2=C1C1c3ccccc3C2c2ccccc12 |c:2,6|, O=C1C=CC(=O)C2=C1C1c3ccccc3C2c2ccccc12 |c:2,6|","GCHPUOHXXCNSQL-UHFFFAOYSA-N, GCHPUOHXXCNSQL-UHFFFAOYSA-N, GCHPUOHXXCNSQL-UHFFFAOYSA-N",Preclinical
INCB-003284,CC chemokine receptor antagonist,,,,EMDBio,83.66,COc1ccc(cn1)C1(O)CCC(CC1)N1CC[C@H](C1)NC(=O)CNC(=O)c1cccc(c1)C(F)(F)F,NXZNYBUBXWWKCP-JMOWIOHXSA-N,Phase 2
INCB-057643,bromodomain inhibitor,,,,MedChemEx,95.91,CN1C(=O)C(C)(C)Oc2c1cc(cc2-c1cn(C)c(O)c2nccc12)S(C)(=O)=O,ZNFWPFHSBWLNSO-UHFFFAOYSA-N,Phase 1/Phase 2
INCB-3284,CC chemokine receptor antagonist,CCR2,,,"MedChemEx, MedChemEx",92.32,"COc1ccc(cn1)[C@]1(O)CC[C@@H](CC1)N1CC[C@H](C1)NC(=O)CNC(=O)c1cccc(c1)C(F)(F)F, COc1ccc(cn1)[C@]1(O)CC[C@@H](CC1)N1CC[C@H](C1)NC(=O)CNC(=O)c1cccc(c1)C(F)(F)F","NXZNYBUBXWWKCP-DNRQZRRGSA-N, NXZNYBUBXWWKCP-DNRQZRRGSA-N",Phase 2
incyclinide,matrix metalloprotease inhibitor,,,,MedChemEx,92.17,"[H][C@@]12Cc3cccc(O)c3C(=O)[C@@H]1C(=O)[C@]1(O)C(=O)[C@H](C(N)=O)C(=O)C[C@]1([H])C2 |&1:19,&2:12|",MDYVZYDNBUAVCN-WCAKBIDQSA-N,Phase 2
indacaterol,adrenergic receptor agonist,"ADRB1, ADRB2",pulmonary,chronic obstructive pulmonary disease (COPD),"MedChemEx, Selleck",98.27,"CCc1cc2CC(Cc2cc1CC)NC[C@H](O)c1ccc(O)c2[nH]c(=O)ccc12, CCc1cc2CC(Cc2cc1CC)NC[C@H](O)c1ccc(O)c2[nH]c(=O)ccc12","QZZUEBNBZAPZLX-QFIPXVFZSA-N, QZZUEBNBZAPZLX-QFIPXVFZSA-N",Launched
indalpine,selective serotonin reuptake inhibitor (SSRI),SLC6A4,,,"Sigma, Sigma",90.29,"C(Cc1c[nH]c2ccccc12)C1CCNCC1, C(Cc1c[nH]c2ccccc12)C1CCNCC1","SADQVAVFGNTEOD-UHFFFAOYSA-N, SADQVAVFGNTEOD-UHFFFAOYSA-N",Withdrawn
indapamide,thiazide diuretic,"CA2, HTR3A, KCNQ1",cardiology,"hypertension, congestive heart failure","MedChemEx, MedChemEx, MicroSource, Selleck",99.2,"C[C@H]1Cc2ccccc2N1NC(=O)c1ccc(Cl)c(c1)S(N)(=O)=O |&1:1,r|, C[C@H]1Cc2ccccc2N1NC(=O)c1ccc(Cl)c(c1)S(N)(=O)=O |&1:1,r|, C[C@H]1Cc2ccccc2N1NC(=O)c1ccc(Cl)c(c1)S(N)(=O)=O |&1:1,r|, C[C@H]1Cc2ccccc2N1NC(=O)c1ccc(Cl)c(c1)S(N)(=O)=O |&1:1,r|","NDDAHWYSQHTHNT-JTQLQIEISA-N, NDDAHWYSQHTHNT-JTQLQIEISA-N, NDDAHWYSQHTHNT-JTQLQIEISA-N, NDDAHWYSQHTHNT-JTQLQIEISA-N",Launched
indatraline,norepinephrine transporter inhibitor,"MAOA, MAOB",,,"Tocris, Tocris, Tocris, Tocris, Tocris",96.95,"CN[C@@H]1C[C@H](c2ccccc12)c1ccc(Cl)c(Cl)c1, CN[C@@H]1C[C@H](c2ccccc12)c1ccc(Cl)c(Cl)c1, CN[C@@H]1C[C@H](c2ccccc12)c1ccc(Cl)c(Cl)c1, CN[C@@H]1C[C@H](c2ccccc12)c1ccc(Cl)c(Cl)c1, CN[C@@H]1C[C@H](c2ccccc12)c1ccc(Cl)c(Cl)c1","SVFXPTLYMIXFRX-XJKSGUPXSA-N, SVFXPTLYMIXFRX-XJKSGUPXSA-N, SVFXPTLYMIXFRX-XJKSGUPXSA-N, SVFXPTLYMIXFRX-XJKSGUPXSA-N, SVFXPTLYMIXFRX-XJKSGUPXSA-N",Preclinical
indeglitazar,PPAR receptor agonist,"NCOA1, PPARA, PPARD, PPARG",,,MedChemEx,97.99,COc1ccc(cc1)S(=O)(=O)n1cc(CCC(O)=O)c2cc(OC)ccc12,YMPALHOKRBVHOJ-UHFFFAOYSA-N,Phase 2
indeloxazine,"norepinephrine reuptake inhibitor, serotonin reuptake inhibitor",,,,Sigma,99.26,"C(Oc1cccc2C=CCc12)[C@H]1CNCCO1 |&1:11,c:7|",MADRVGBADLFHMO-GFCCVEGCSA-N,Withdrawn
indibulin,tubulin polymerization inhibitor,,,,"AMS, Vitas-M, Vitas-M, SantaCruz",98.47,"Clc1ccc(Cn2cc(C(=O)C(=O)Nc3ccncc3)c3ccccc23)cc1, Clc1ccc(Cn2cc(C(=O)C(=O)Nc3ccncc3)c3ccccc23)cc1, Clc1ccc(Cn2cc(C(=O)C(=O)Nc3ccncc3)c3ccccc23)cc1, Clc1ccc(Cn2cc(C(=O)C(=O)Nc3ccncc3)c3ccccc23)cc1","SOLIIYNRSAWTSQ-UHFFFAOYSA-N, SOLIIYNRSAWTSQ-UHFFFAOYSA-N, SOLIIYNRSAWTSQ-UHFFFAOYSA-N, SOLIIYNRSAWTSQ-UHFFFAOYSA-N",Phase 1/Phase 2
indinavir,HIV protease inhibitor,"CYP3A4, CYP3A5, CYP3A7",infectious disease,human immunodeficiency virus (HIV-1),"Enzo, Enzo, Enzo, Enzo, Enzo, Enzo, MedChemEx",98.44,"CC(C)(C)NC(=O)[C@@H]1CN(Cc2cccnc2)CCN1C[C@@H](O)C[C@@H](Cc1ccccc1)C(=O)N[C@@H]1[C@H](O)Cc2ccccc12, CC(C)(C)NC(=O)[C@@H]1CN(Cc2cccnc2)CCN1C[C@@H](O)C[C@@H](Cc1ccccc1)C(=O)N[C@@H]1[C@H](O)Cc2ccccc12, CC(C)(C)NC(=O)[C@@H]1CN(Cc2cccnc2)CCN1C[C@@H](O)C[C@@H](Cc1ccccc1)C(=O)N[C@@H]1[C@H](O)Cc2ccccc12, CC(C)(C)NC(=O)[C@@H]1CN(Cc2cccnc2)CCN1C[C@@H](O)C[C@@H](Cc1ccccc1)C(=O)N[C@@H]1[C@H](O)Cc2ccccc12, CC(C)(C)NC(=O)[C@@H]1CN(Cc2cccnc2)CCN1C[C@@H](O)C[C@@H](Cc1ccccc1)C(=O)N[C@@H]1[C@H](O)Cc2ccccc12, CC(C)(C)NC(=O)[C@@H]1CN(Cc2cccnc2)CCN1C[C@@H](O)C[C@@H](Cc1ccccc1)C(=O)N[C@@H]1[C@H](O)Cc2ccccc12, CC(C)(C)NC(=O)[C@@H]1CN(Cc2cccnc2)CCN1C[C@@H](O)C[C@@H](Cc1ccccc1)C(=O)N[C@@H]1[C@H](O)Cc2ccccc12","CBVCZFGXHXORBI-PXQQMZJSSA-N, CBVCZFGXHXORBI-PXQQMZJSSA-N, CBVCZFGXHXORBI-PXQQMZJSSA-N, CBVCZFGXHXORBI-PXQQMZJSSA-N, CBVCZFGXHXORBI-PXQQMZJSSA-N, CBVCZFGXHXORBI-PXQQMZJSSA-N, InChI=1S/C36H47N5O4/c1-36(2,3)39-35(45)31-24-40(22-26-12-9-15-37-21-26)16-17-41(31)23-29(42)19-28(18-25-10-5-4-6-11-25)34(44)38-33-30-14-8-7-13-27(30)20-32(33)43/h4-15,21,28-29,31-33,42-43H,16-20,22-24H2,1-3H3,(H,38,44)(H,39,45)/t28-,29+,31+,32-,33+/m1/s1",Launched
indiplon,benzodiazepine receptor agonist,GABRA1,,,"Tocris, Tocris, Tocris, Tocris, Tocris",99.26,"CN(C(C)=O)c1cccc(c1)-c1ccnc2c(cnn12)C(=O)c1cccs1, CN(C(C)=O)c1cccc(c1)-c1ccnc2c(cnn12)C(=O)c1cccs1, CN(C(C)=O)c1cccc(c1)-c1ccnc2c(cnn12)C(=O)c1cccs1, CN(C(C)=O)c1cccc(c1)-c1ccnc2c(cnn12)C(=O)c1cccs1, CN(C(C)=O)c1cccc(c1)-c1ccnc2c(cnn12)C(=O)c1cccs1","CBIAWPMZSFFRGN-UHFFFAOYSA-N, CBIAWPMZSFFRGN-UHFFFAOYSA-N, CBIAWPMZSFFRGN-UHFFFAOYSA-N, CBIAWPMZSFFRGN-UHFFFAOYSA-N, CBIAWPMZSFFRGN-UHFFFAOYSA-N",Phase 3
indirubin,"CDK inhibitor, glycogen synthase kinase inhibitor","CDK1, CDK5, GSK3A",,,"Selleck, Selleck, Selleck",99.41,"O=C1Nc2ccccc2\C1=C1\Nc2ccccc2C1=O, O=C1Nc2ccccc2\C1=C1\Nc2ccccc2C1=O, O=C1Nc2ccccc2\C1=C1\Nc2ccccc2C1=O","CRDNMYFJWFXOCH-YPKPFQOOSA-N, CRDNMYFJWFXOCH-YPKPFQOOSA-N, CRDNMYFJWFXOCH-YPKPFQOOSA-N",Phase 2/Phase 3
indirubin-3-monoxime,"CDK inhibitor, glycogen synthase kinase inhibitor","CDK1, CDK2, CDK5, CDK5R1, GSK3B",,,"Tocris, Tocris, Tocris",97.75,"O\N=C1\C(\Nc2ccccc\12)=C1\C(=O)Nc2ccccc12, O\N=C1\C(\Nc2ccccc\12)=C1\C(=O)Nc2ccccc12, O\N=C1\C(\Nc2ccccc\12)=C1\C(=O)Nc2ccccc12","HBDSHCUSXQATPO-BGBJRWHRSA-N, HBDSHCUSXQATPO-BGBJRWHRSA-N, HBDSHCUSXQATPO-BGBJRWHRSA-N",Preclinical
indisulam,CDK inhibitor,"CA1, CA12, CA14, CA2, CA6, CA7, CA9",,,"Sigma, Sigma, Sigma, Sigma",98.25,"NS(=O)(=O)c1ccc(cc1)S(=O)(=O)Nc1cccc2c(Cl)c[nH]c12, NS(=O)(=O)c1ccc(cc1)S(=O)(=O)Nc1cccc2c(Cl)c[nH]c12, NS(=O)(=O)c1ccc(cc1)S(=O)(=O)Nc1cccc2c(Cl)c[nH]c12, NS(=O)(=O)c1ccc(cc1)S(=O)(=O)Nc1cccc2c(Cl)c[nH]c12","SETFNECMODOHTO-UHFFFAOYSA-N, SETFNECMODOHTO-UHFFFAOYSA-N, SETFNECMODOHTO-UHFFFAOYSA-N, SETFNECMODOHTO-UHFFFAOYSA-N",Phase 2
indium(III)-isopropoxide,,,,,AlfaAesar,0,[In].CC(C)O.CC(C)O.CC(C)O,JUUUERJZVKCDOT-UHFFFAOYSA-N,Preclinical
indium-tri(2-propanolate),,,,,AlfaAesar,0,CC(C)O[In](OC(C)C)OC(C)C,OVZUSPADPSOQQN-UHFFFAOYSA-N,Preclinical
indobufen,"cyclooxygenase inhibitor, platelet aggregation inhibitor","PTGS1, PTGS2",hematology,thrombosis,AKSci,99.21,"CC[C@@H](C(O)=O)c1ccc(cc1)N1Cc2ccccc2C1=O |&1:2,r|",AYDXAULLCROVIT-OAHLLOKOSA-N,Launched
indocyanine-green,contrast agent,SLCO1B1,cardiology,vascular imaging agent,"Sigma, MedChemEx, MedChemEx, MedChemEx",92.75,"CC1(C)\C(=C/C=C/C=C/C=C/C2=[N+](CCCCS(O)(=O)=O)c3ccc4ccccc4c3C2(C)C)N(CCCCS(O)(=O)=O)c2ccc3ccccc3c12 |c:11|, CC1(C)\C(=C/C=C/C=C/C=C/C2=[N+](CCCCS(O)(=O)=O)c3ccc4ccccc4c3C2(C)C)N(CCCCS(O)(=O)=O)c2ccc3ccccc3c12 |c:11|, CC1(C)\C(=C/C=C/C=C/C=C/C2=[N+](CCCCS(O)(=O)=O)c3ccc4ccccc4c3C2(C)C)N(CCCCS(O)(=O)=O)c2ccc3ccccc3c12 |c:11|, CC1(C)\C(=C/C=C/C=C/C=C/C2=[N+](CCCCS(O)(=O)=O)c3ccc4ccccc4c3C2(C)C)N(CCCCS(O)(=O)=O)c2ccc3ccccc3c12 |c:11|","BDBMLMBYCXNVMC-UHFFFAOYSA-O, BDBMLMBYCXNVMC-UHFFFAOYSA-O, BDBMLMBYCXNVMC-UHFFFAOYSA-O, BDBMLMBYCXNVMC-UHFFFAOYSA-O",Launched
indole-3-carbinol,"aryl hydrocarbon receptor agonist, indoleamine 2,3-dioxygenase inhibitor",AHR,,,"Selleck, Selleck",96.69,"OCc1c[nH]c2ccccc12, OCc1c[nH]c2ccccc12","IVYPNXXAYMYVSP-UHFFFAOYSA-N, IVYPNXXAYMYVSP-UHFFFAOYSA-N",Phase 2/Phase 3
indole-3-pyrubate,melatonin receptor agonist,,,,Sigma,0,OC(=O)C(O)=Cc1c[nH]c2ccccc12,KDCSRTPNDBPWQZ-UHFFFAOYSA-N,Phase 2
indomethacin,cyclooxygenase inhibitor,"GLO1, PLA2G2A, PPARA, PPARG, PTGDR2, PTGR2, PTGS1, PTGS2, SLC46A1","rheumatology, orthopedics","rheumatoid arthritis, ankylosing spondylitis, osteoarthritis, bursitis, tendinitis","Tocris, MicroSource, MicroSource, Selleck",99.45,"COc1ccc2n(C(=O)c3ccc(Cl)cc3)c(C)c(CC(O)=O)c2c1, COc1ccc2n(C(=O)c3ccc(Cl)cc3)c(C)c(CC(O)=O)c2c1, COc1ccc2n(C(=O)c3ccc(Cl)cc3)c(C)c(CC(O)=O)c2c1, COc1ccc2n(C(=O)c3ccc(Cl)cc3)c(C)c(CC(O)=O)c2c1","CGIGDMFJXJATDK-UHFFFAOYSA-N, CGIGDMFJXJATDK-UHFFFAOYSA-N, CGIGDMFJXJATDK-UHFFFAOYSA-N, CGIGDMFJXJATDK-UHFFFAOYSA-N",Launched
indoprofen,"cyclooxygenase inhibitor, prostanoid receptor antagonist","CXCR1, CXCR2, PTGS1, PTGS2",,,"MicroSource, MicroSource, MicroSource, MicroSource, MedChemEx",99.31,"C[C@@H](C(O)=O)c1ccc(cc1)N1Cc2ccccc2C1=O |&1:1,r|, C[C@@H](C(O)=O)c1ccc(cc1)N1Cc2ccccc2C1=O |&1:1,r|, C[C@@H](C(O)=O)c1ccc(cc1)N1Cc2ccccc2C1=O |&1:1,r|, C[C@@H](C(O)=O)c1ccc(cc1)N1Cc2ccccc2C1=O |&1:1,r|, C[C@@H](C(O)=O)c1ccc(cc1)N1Cc2ccccc2C1=O |&1:1,r|","RJMIEHBSYVWVIN-LLVKDONJSA-N, RJMIEHBSYVWVIN-LLVKDONJSA-N, RJMIEHBSYVWVIN-LLVKDONJSA-N, RJMIEHBSYVWVIN-LLVKDONJSA-N, RJMIEHBSYVWVIN-LLVKDONJSA-N",Withdrawn
indoramin,adrenergic receptor antagonist,"ADRA1A, ADRA1B, ADRA1D, ADRA2B, ADRA2C","urology, cardiology","benign prostatic hyperplasia (BPH), hypertension","Key, Key, Maybridge",98.41,"O=C(NC1CCN(CCc2c[nH]c3ccccc23)CC1)c1ccccc1, O=C(NC1CCN(CCc2c[nH]c3ccccc23)CC1)c1ccccc1, O=C(NC1CCN(CCc2c[nH]c3ccccc23)CC1)c1ccccc1","JXZZEXZZKAWDSP-UHFFFAOYSA-N, JXZZEXZZKAWDSP-UHFFFAOYSA-N, JXZZEXZZKAWDSP-UHFFFAOYSA-N",Launched
indoximod,"indoleamine 2,3-dioxygenase inhibitor",IDO1,,,"Cayman, Cayman, Cayman, MedChemEx",98.79,"Cn1cc(C[C@@H](N)C(O)=O)c2ccccc12, Cn1cc(C[C@@H](N)C(O)=O)c2ccccc12, Cn1cc(C[C@@H](N)C(O)=O)c2ccccc12, Cn1cc(C[C@@H](N)C(O)=O)c2ccccc12","ZADWXFSZEAPBJS-SNVBAGLBSA-N, ZADWXFSZEAPBJS-SNVBAGLBSA-N, ZADWXFSZEAPBJS-SNVBAGLBSA-N, ZADWXFSZEAPBJS-SNVBAGLBSA-N",Phase 2
ingenol,PKC activator,"PRKCD, PRKCE",dermatology,keratosis,MedChemEx,95.71,"[H][C@]12C=C(CO)[C@@H](O)[C@]3(O)[C@@H](O)C(C)=C[C@]3([C@H](C)C[C@@H]3[C@H]1C3(C)C)C2=O |c:13,t:2|",VEBVPUXQAPLADL-POYOOMFHSA-N,Launched
ingenol-mebutate,PKC activator,"PRKCA, PRKCB, PRKCD, PRKCE, PRKCG",dermatology,actinic keratosis (AK),"MedChemEx, MedChemEx, MedChemEx, MedChemEx, MedChemEx, MedChemEx",97.23,"C\C=C(\C)C(=O)O[C@H]1C(C)=C[C@@]23[C@H](C)C[C@@H]4[C@H]([C@H](C=C(CO)[C@@H](O)[C@]12O)C3=O)C4(C)C |c:9,t:18|, C\C=C(\C)C(=O)O[C@H]1C(C)=C[C@@]23[C@H](C)C[C@@H]4[C@H]([C@H](C=C(CO)[C@@H](O)[C@]12O)C3=O)C4(C)C |c:9,t:18|, C\C=C(\C)C(=O)O[C@H]1C(C)=C[C@@]23[C@H](C)C[C@@H]4[C@H]([C@H](C=C(CO)[C@@H](O)[C@]12O)C3=O)C4(C)C |c:9,t:18|, C\C=C(\C)C(=O)O[C@H]1C(C)=C[C@@]23[C@H](C)C[C@@H]4[C@H]([C@H](C=C(CO)[C@@H](O)[C@]12O)C3=O)C4(C)C |c:9,t:18|, C\C=C(\C)C(=O)O[C@H]1C(C)=C[C@@]23[C@H](C)C[C@@H]4[C@H]([C@H](C=C(CO)[C@@H](O)[C@]12O)C3=O)C4(C)C |c:9,t:18|, C\C=C(\C)C(=O)O[C@H]1C(C)=C[C@@]23[C@H](C)C[C@@H]4[C@H]([C@H](C=C(CO)[C@@H](O)[C@]12O)C3=O)C4(C)C |c:9,t:18|","VDJHFHXMUKFKET-WDUFCVPESA-N, VDJHFHXMUKFKET-WDUFCVPESA-N, VDJHFHXMUKFKET-WDUFCVPESA-N, VDJHFHXMUKFKET-WDUFCVPESA-N, VDJHFHXMUKFKET-WDUFCVPESA-N, VDJHFHXMUKFKET-WDUFCVPESA-N",Launched
INH1,Hec1 inhibitor,NDC80,,,"Tocris, Tocris, Tocris, Tocris",98.69,"Cc1ccc(-c2csc(NC(=O)c3ccccc3)n2)c(C)c1, Cc1ccc(-c2csc(NC(=O)c3ccccc3)n2)c(C)c1, Cc1ccc(-c2csc(NC(=O)c3ccccc3)n2)c(C)c1, Cc1ccc(-c2csc(NC(=O)c3ccccc3)n2)c(C)c1","JPMOKRWIYQGMJL-UHFFFAOYSA-N, JPMOKRWIYQGMJL-UHFFFAOYSA-N, JPMOKRWIYQGMJL-UHFFFAOYSA-N, JPMOKRWIYQGMJL-UHFFFAOYSA-N",Preclinical
inimur,other antifungal,,,,"MedChemEx, MedChemEx",86.95,"CSC[C@H]1CN(\N=C\c2ccc(o2)[N+]([O-])=O)C(=O)O1 |&1:3,r|, CSC[C@H]1CN(\N=C\c2ccc(o2)[N+]([O-])=O)C(=O)O1 |&1:3,r|","SRQKTCXJCCHINN-ORMNHXAVSA-N, SRQKTCXJCCHINN-ORMNHXAVSA-N",Launched
iniparib,PARP inhibitor,PARP1,,,"Selleck, Selleck, Selleck",97.59,"NC(=O)c1ccc(I)c(c1)[N+]([O-])=O, NC(=O)c1ccc(I)c(c1)[N+]([O-])=O, NC(=O)c1ccc(I)c(c1)[N+]([O-])=O","MDOJTZQKHMAPBK-UHFFFAOYSA-N, MDOJTZQKHMAPBK-UHFFFAOYSA-N, MDOJTZQKHMAPBK-UHFFFAOYSA-N",Phase 3
inosine,neurotrophic agent,"PARP1, PNP",,,"MedChemEx, MicroSource, Selleck, Selleck",94.71,"OC[C@H]1O[C@H]([C@H](O)[C@@H]1O)n1cnc2c1[nH]cnc2=O, OC[C@H]1O[C@H]([C@H](O)[C@@H]1O)n1cnc2c1[nH]cnc2=O, OC[C@H]1O[C@H]([C@H](O)[C@@H]1O)n1cnc2c1[nH]cnc2=O, OC[C@H]1O[C@H]([C@H](O)[C@@H]1O)n1cnc2c1[nH]cnc2=O","UGQMRVRMYYASKQ-KQYNXXCUSA-N, UGQMRVRMYYASKQ-KQYNXXCUSA-N, UGQMRVRMYYASKQ-KQYNXXCUSA-N, UGQMRVRMYYASKQ-KQYNXXCUSA-N",Launched
inositol,insulin sensitizer,CDIPT,obstetrics/gynecology,polycystic ovary syndrom (PCOS),"MedChemEx, MicroSource",100,"O[C@H]1[C@H](O)[C@@H](O)[C@H](O)[C@H](O)[C@@H]1O, O[C@H]1[C@H](O)[C@@H](O)[C@H](O)[C@H](O)[C@@H]1O","CDAISMWEOUEBRE-GPIVLXJGSA-N, CDAISMWEOUEBRE-GPIVLXJGSA-N",Launched
inositol-hexanicotinate,,,"dermatology, cardiology, rheumatology, neurology/psychiatry","statis dermatitis, claudication, Raynaud's disease, hypertension, insomnia, atherosclerosis, restless leg syndrome, schizophrenia, psoriasis, acne vulgaris (AV)","Sigma, Sigma, AKSci",89.29,"O=C(O[C@H]1[C@H](OC(=O)c2cccnc2)[C@@H](OC(=O)c2cccnc2)[C@H](OC(=O)c2cccnc2)[C@H](OC(=O)c2cccnc2)[C@@H]1OC(=O)c1cccnc1)c1cccnc1, O=C(O[C@H]1[C@H](OC(=O)c2cccnc2)[C@@H](OC(=O)c2cccnc2)[C@H](OC(=O)c2cccnc2)[C@H](OC(=O)c2cccnc2)[C@@H]1OC(=O)c1cccnc1)c1cccnc1, O=C(O[C@H]1[C@H](OC(=O)c2cccnc2)[C@@H](OC(=O)c2cccnc2)[C@H](OC(=O)c2cccnc2)[C@H](OC(=O)c2cccnc2)[C@@H]1OC(=O)c1cccnc1)c1cccnc1","MFZCIDXOLLEMOO-GYSGTQPESA-N, MFZCIDXOLLEMOO-GYSGTQPESA-N, MFZCIDXOLLEMOO-GYSGTQPESA-N",Launched
INS316,purinergic receptor antagonist,,,,Enzo,0,"O[C@H]1[C@@H](COP(O)(=O)OP(O)(=O)OP(O)(O)=O)O[C@H]([C@@H]1O)n1ccc(=O)[nH]c1=O |a:2,18,&1:1,&2:5,&3:9,&4:19|",PGAVKCOVUIYSFO-PXBUCIJWSA-N,Phase 2
INT-747,FXR agonist,,,,"MedChemEx, MedChemEx",98.9,"CC[C@H]1[C@@H](O)[C@H]2[C@@H]3CC[C@H]([C@H](C)CCC(O)=O)[C@@]3(C)CC[C@@H]2[C@@]2(C)CC[C@@H](O)C[C@@H]12, CC[C@H]1[C@@H](O)[C@H]2[C@@H]3CC[C@H]([C@H](C)CCC(O)=O)[C@@]3(C)CC[C@@H]2[C@@]2(C)CC[C@@H](O)C[C@@H]12","ZXERDUOLZKYMJM-ZWECCWDJSA-N, ZXERDUOLZKYMJM-ZWECCWDJSA-N",Phase 3
INT-767,FXR agonist,GPBAR1,,,"MedChemEx, MedChemEx",98.4,"CC[C@H]1[C@@H](O)[C@H]2[C@@H]3CC[C@H]([C@H](C)CCOS(O)(=O)=O)[C@@]3(C)CC[C@@H]2[C@@]2(C)CC[C@@H](O)C[C@@H]12, CC[C@H]1[C@@H](O)[C@H]2[C@@H]3CC[C@H]([C@H](C)CCOS(O)(=O)=O)[C@@]3(C)CC[C@@H]2[C@@]2(C)CC[C@@H](O)C[C@@H]12","XGIYOABXZNJOHV-APIYUPOTSA-N, XGIYOABXZNJOHV-APIYUPOTSA-N",Phase 1
integrin-antagonist-1,integrin antagonist,"ITGAV, ITGB6",,,"MedChemEx, MedChemEx",93.77,"Cc1cc(C)n(n1)-c1cccc(c1)[C@@H](CN1CC[C@@H](CCc2ccc3CCCNc3n2)C1)CC(O)=O, Cc1cc(C)n(n1)-c1cccc(c1)[C@@H](CN1CC[C@@H](CCc2ccc3CCCNc3n2)C1)CC(O)=O","ZMXBIIQMSGOIRZ-RCZVLFRGSA-N, ZMXBIIQMSGOIRZ-RCZVLFRGSA-N",Phase 1
INX-08189,antiviral,,,,AMS,49.13,[H][C@@](C)(N[P@](=O)(OC[C@@]1([H])O[C@@]([H])(n2cnc3c(OC)nc(N)nc23)[C@](C)(O)[C@]1([H])O)Oc1cccc2ccccc12)C(=O)OCC(C)(C)C |r|,YFXGICNMLCGLHJ-KGSOWIGMSA-N,Phase 2
iobenguane,antineoplastic agent,,"oncology, cardiology, endocrinology","neuroblastoma, congestive heart failure, pheochromocytoma","Prestwick, Prestwick, Axon",98.26,"NC(=N)NCc1cccc(I)c1, NC(=N)NCc1cccc(I)c1, NC(=N)NCc1cccc(I)c1","PDWUPXJEEYOOTR-UHFFFAOYSA-N, PDWUPXJEEYOOTR-UHFFFAOYSA-N, PDWUPXJEEYOOTR-UHFFFAOYSA-N",Launched
iocetamic-acid,radiopaque medium,,radiology,contrast agent,Prestwick,85.31,"C[C@@H](CN(C(C)=O)c1c(I)cc(I)c(N)c1I)C(O)=O |&1:1,r|",GSVQIUGOUKJHRC-YFKPBYRVSA-N,Launched
iodipamide,radiopaque medium,ALB,radiology,contrast agent,"MedChemEx, MicroSource",99.2,"OC(=O)c1c(I)cc(I)c(NC(=O)CCCCC(=O)Nc2c(I)cc(I)c(C(O)=O)c2I)c1I, OC(=O)c1c(I)cc(I)c(NC(=O)CCCCC(=O)Nc2c(I)cc(I)c(C(O)=O)c2I)c1I","FFINMCNLQNTKLU-UHFFFAOYSA-N, FFINMCNLQNTKLU-UHFFFAOYSA-N",Launched
iodixanol,radiopaque medium,,radiology,contrast agent,"Sigma, MicroSource, Sigma",79.95,"CC(=O)N(CC(O)CN(C(C)=O)c1c(I)c(C(=O)NC[C@@H](O)CO)c(I)c(C(=O)NC[C@@H](O)CO)c1I)c1c(I)c(C(=O)NC[C@@H](O)CO)c(I)c(C(=O)NC[C@@H](O)CO)c1I |&1:20,&2:31,&3:45,&4:56,r|, CC(=O)N(CC(O)CN(C(C)=O)c1c(I)c(C(=O)NC[C@@H](O)CO)c(I)c(C(=O)NC[C@@H](O)CO)c1I)c1c(I)c(C(=O)NC[C@@H](O)CO)c(I)c(C(=O)NC[C@@H](O)CO)c1I |&1:20,&2:31,&3:45,&4:56,r|, CC(=O)N(CC(O)CN(C(C)=O)c1c(I)c(C(=O)NC[C@@H](O)CO)c(I)c(C(=O)NC[C@@H](O)CO)c1I)c1c(I)c(C(=O)NC[C@@H](O)CO)c(I)c(C(=O)NC[C@@H](O)CO)c1I |&1:20,&2:31,&3:45,&4:56,r|","NBQNWMBBSKPBAY-BRSBDYLESA-N, NBQNWMBBSKPBAY-BRSBDYLESA-N, NBQNWMBBSKPBAY-BRSBDYLESA-N",Launched
iodoantipyrine,,,,,AlfaAesar,98.81,Cc1c(I)c(=O)n(-c2ccccc2)n1C,ZZOBLCHCPLOXCE-UHFFFAOYSA-N,Preclinical
iododexetimide,acetylcholine receptor antagonist,,,,"MedChemEx, MedChemEx",96.72,"Ic1ccc(CN2CCC(CC2)[C@]2(CCC(=O)NC2=O)c2ccccc2)cc1 |&1:12,r|, Ic1ccc(CN2CCC(CC2)[C@]2(CCC(=O)NC2=O)c2ccccc2)cc1 |&1:12,r|","WJLRTFJPHDSXAF-QHCPKHFHSA-N, WJLRTFJPHDSXAF-QHCPKHFHSA-N",Phase 2
iodophenpropit,histamine receptor antagonist,"HRH3, HRH4",,,Tocris,95.9,Ic1ccc(CCNC(=N)SCCCc2cnc[nH]2)cc1,UBHYDQAARZKHEZ-UHFFFAOYSA-N,Preclinical
iodoquinol,antiseptic,,infectious disease,amebiasis,"MedChemEx, MedChemEx, MicroSource, MicroSource",97.07,"Oc1c(I)cc(I)c2cccnc12, Oc1c(I)cc(I)c2cccnc12, Oc1c(I)cc(I)c2cccnc12, Oc1c(I)cc(I)c2cccnc12","UXZFQZANDVDGMM-UHFFFAOYSA-N, UXZFQZANDVDGMM-UHFFFAOYSA-N, UXZFQZANDVDGMM-UHFFFAOYSA-N, UXZFQZANDVDGMM-UHFFFAOYSA-N",Launched
iohexol,radiopaque medium,,radiology,contrast agent,"MicroSource, MedChemEx",99.01,"CC(=O)N(C[C@@H](O)CO)c1c(I)c(C(=O)NC[C@@H](O)CO)c(I)c(C(=O)NC[C@@H](O)CO)c1I |&1:5,&2:17,&3:28,r|, CC(=O)N(C[C@@H](O)CO)c1c(I)c(C(=O)NC[C@@H](O)CO)c(I)c(C(=O)NC[C@@H](O)CO)c1I |&1:5,&2:17,&3:28,r|","NTHXOOBQLCIOLC-GMTAPVOTSA-N, NTHXOOBQLCIOLC-GMTAPVOTSA-N",Launched
iopamidol,radiopaque medium,,radiology,contrast agent,"MedChemEx, MedChemEx",100,"C[C@H](O)C(=O)Nc1c(I)c(C(=O)NC(CO)CO)c(I)c(C(=O)NC(CO)CO)c1I, C[C@H](O)C(=O)Nc1c(I)c(C(=O)NC(CO)CO)c(I)c(C(=O)NC(CO)CO)c1I","XQZXYNRDCRIARQ-LURJTMIESA-N, XQZXYNRDCRIARQ-LURJTMIESA-N",Launched
iopanic-acid,thyroid hormone inhibitor,,,,"MicroSource, MedChemEx",98.49,"CC[C@@H](Cc1c(I)cc(I)c(N)c1I)C(O)=O |&1:2,r|, CC[C@@H](Cc1c(I)cc(I)c(N)c1I)C(O)=O |&1:2,r|","OIRFJRBSRORBCM-YFKPBYRVSA-N, OIRFJRBSRORBCM-YFKPBYRVSA-N",Withdrawn
iopodic-acid,,,radiology,contrast agent,"Vitas-M, Vitas-M, Vitas-M",98.86,"CN(C)\C=N\c1c(I)cc(I)c(CCC(O)=O)c1I, CN(C)\C=N\c1c(I)cc(I)c(CCC(O)=O)c1I, CN(C)\C=N\c1c(I)cc(I)c(CCC(O)=O)c1I","YQNFBOJPTAXAKV-OMCISZLKSA-N, YQNFBOJPTAXAKV-OMCISZLKSA-N, YQNFBOJPTAXAKV-OMCISZLKSA-N",Launched
iopromide,radiopaque medium,,radiology,contrast agent,"Prestwick, Sigma, MedChemEx",64.8,"COCC(=O)Nc1c(I)c(C(=O)NC[C@@H](O)CO)c(I)c(C(=O)N(C)C[C@@H](O)CO)c1I |&1:14,&2:26,r|, COCC(=O)Nc1c(I)c(C(=O)NC[C@@H](O)CO)c(I)c(C(=O)N(C)C[C@@H](O)CO)c1I |&1:14,&2:26,r|, COCC(=O)Nc1c(I)c(C(=O)NC[C@@H](O)CO)c(I)c(C(=O)N(C)C[C@@H](O)CO)c1I |&1:14,&2:26,r|","DGAIEPBNLOQYER-RKDXNWHRSA-N, DGAIEPBNLOQYER-RKDXNWHRSA-N, DGAIEPBNLOQYER-RKDXNWHRSA-N",Launched
iothalamic-acid-d3,radiopaque medium,,,,Toronto,0,CNC(=O)c1c(I)c(NC(C)=O)c(I)c(C(O)=O)c1I,UXIGWFXRQKWHHA-UHFFFAOYSA-N,Preclinical
ioversol,radiopaque medium,,radiology,contrast agent,"MicroSource, MedChemEx",97.06,"OCCN(C(=O)CO)c1c(I)c(C(=O)NC[C@@H](O)CO)c(I)c(C(=O)NC[C@@H](O)CO)c1I |&1:16,&2:27,r|, OCCN(C(=O)CO)c1c(I)c(C(=O)NC[C@@H](O)CO)c(I)c(C(=O)NC[C@@H](O)CO)c1I |&1:16,&2:27,r|","AMDBBAQNWSUWGN-RKDXNWHRSA-N, AMDBBAQNWSUWGN-RKDXNWHRSA-N",Launched
IOWH032,CFTR channel antagonist,CFTR,,,"MedChemEx, Selleck, Selleck, Selleck",98.55,"Oc1c(Br)cc(cc1Br)-c1noc(n1)C(=O)NCc1ccc(Oc2ccccc2)cc1, Oc1c(Br)cc(cc1Br)-c1noc(n1)C(=O)NCc1ccc(Oc2ccccc2)cc1, Oc1c(Br)cc(cc1Br)-c1noc(n1)C(=O)NCc1ccc(Oc2ccccc2)cc1, Oc1c(Br)cc(cc1Br)-c1noc(n1)C(=O)NCc1ccc(Oc2ccccc2)cc1","DSFNLJXHXBIKDS-UHFFFAOYSA-N, DSFNLJXHXBIKDS-UHFFFAOYSA-N, DSFNLJXHXBIKDS-UHFFFAOYSA-N, DSFNLJXHXBIKDS-UHFFFAOYSA-N",Phase 2
ioxaglic-acid,radiopaque medium,,radiology,contrast agent,"Prestwick, Toronto",92.49,"CNC(=O)c1c(I)c(N(C)C(C)=O)c(I)c(C(=O)NCC(=O)Nc2c(I)c(C(O)=O)c(I)c(C(=O)NCCO)c2I)c1I, CNC(=O)c1c(I)c(N(C)C(C)=O)c(I)c(C(=O)NCC(=O)Nc2c(I)c(C(O)=O)c(I)c(C(=O)NCCO)c2I)c1I","TYYBFXNZMFNZJT-UHFFFAOYSA-N, TYYBFXNZMFNZJT-UHFFFAOYSA-N",Launched
ioxilan,radiopaque medium,,radiology,angiography,"USP, USP, MicroSource",88.58,"CC(=O)N(C[C@@H](O)CO)c1c(I)c(C(=O)NCCO)c(I)c(C(=O)NC[C@@H](O)CO)c1I |&1:5,&2:26,r|, CC(=O)N(C[C@@H](O)CO)c1c(I)c(C(=O)NCCO)c(I)c(C(=O)NC[C@@H](O)CO)c1I |&1:5,&2:26,r|, CC(=O)N(C[C@@H](O)CO)c1c(I)c(C(=O)NCCO)c(I)c(C(=O)NC[C@@H](O)CO)c1I |&1:5,&2:26,r|","UUMLTINZBQPNGF-NXEZZACHSA-N, UUMLTINZBQPNGF-NXEZZACHSA-N, UUMLTINZBQPNGF-NXEZZACHSA-N",Launched
IOX1,histone demethylase inhibitor,"EGLN1, KDM3A, KDM4C, KDM6B",,,"Tocris, MedChemEx",87.15,"OC(=O)c1ccc(O)c2ncccc12, OC(=O)c1ccc(O)c2ncccc12","JGRPKOGHYBAVMW-UHFFFAOYSA-N, JGRPKOGHYBAVMW-UHFFFAOYSA-N",Preclinical
IOX2,hypoxia inducible factor inhibitor,"EGLN1, KDM2A, KDM5C",,,"Tocris, Tocris, Tocris, Selleck, Selleck",97.46,"OC(=O)CNC(=O)c1c(O)c2ccccc2n(Cc2ccccc2)c1=O, OC(=O)CNC(=O)c1c(O)c2ccccc2n(Cc2ccccc2)c1=O, OC(=O)CNC(=O)c1c(O)c2ccccc2n(Cc2ccccc2)c1=O, OC(=O)CNC(=O)c1c(O)c2ccccc2n(Cc2ccccc2)c1=O, OC(=O)CNC(=O)c1c(O)c2ccccc2n(Cc2ccccc2)c1=O","CAOSCCRYLYQBES-UHFFFAOYSA-N, CAOSCCRYLYQBES-UHFFFAOYSA-N, CAOSCCRYLYQBES-UHFFFAOYSA-N, CAOSCCRYLYQBES-UHFFFAOYSA-N, CAOSCCRYLYQBES-UHFFFAOYSA-N",Preclinical
IPA-3,p21 activated kinase inhibitor,PAK1,,,"Tocris, Selleck, Tocris, Selleck",79.92,"Oc1ccc2ccccc2c1SSc1c(O)ccc2ccccc12, Oc1ccc2ccccc2c1SSc1c(O)ccc2ccccc12, Oc1ccc2ccccc2c1SSc1c(O)ccc2ccccc12, Oc1ccc2ccccc2c1SSc1c(O)ccc2ccccc12","RFAXLXKIAKIUDT-UHFFFAOYSA-N, RFAXLXKIAKIUDT-UHFFFAOYSA-N, RFAXLXKIAKIUDT-UHFFFAOYSA-N, RFAXLXKIAKIUDT-UHFFFAOYSA-N",Preclinical
IPAG,,,,,"Tocris, Tocris, Tocris, Tocris",95.16,"Ic1ccc(NC(=N)NC2C3CC4CC(C3)CC2C4)cc1, Ic1ccc(NC(=N)NC2C3CC4CC(C3)CC2C4)cc1, Ic1ccc(NC(=N)NC2C3CC4CC(C3)CC2C4)cc1, Ic1ccc(NC(=N)NC2C3CC4CC(C3)CC2C4)cc1","UUKPIWYXWLJPJF-UHFFFAOYSA-N, UUKPIWYXWLJPJF-UHFFFAOYSA-N, UUKPIWYXWLJPJF-UHFFFAOYSA-N, UUKPIWYXWLJPJF-UHFFFAOYSA-N",Preclinical
ipidacrine,acetylcholinesterase inhibitor,ACHE,,,"ChemDiv, ChemDiv",98.46,"Nc1c2CCCc2nc2CCCCc12, Nc1c2CCCc2nc2CCCCc12","YLUSMKAJIQOXPV-UHFFFAOYSA-N, YLUSMKAJIQOXPV-UHFFFAOYSA-N",Phase 3
IPI549,PI3K inhibitor,,,,MedChemEx,94.19,C[C@H](NC(=O)c1c(N)nn2cccnc12)c1cc2cccc(C#Cc3cnn(C)c3)c2c(=O)n1-c1ccccc1,XUMALORDVCFWKV-IBGZPJMESA-N,Phase 2
ipragliflozin-L-proline,sodium/glucose cotransporter inhibitor,SLC5A2,endocrinology,diabetes mellitus,"MedChemEx, MedChemEx, MedChemEx",98.3,"OC[C@H]1O[C@H]([C@H](O)[C@@H](O)[C@@H]1O)c1ccc(F)c(Cc2cc3ccccc3s2)c1, OC[C@H]1O[C@H]([C@H](O)[C@@H](O)[C@@H]1O)c1ccc(F)c(Cc2cc3ccccc3s2)c1, OC[C@H]1O[C@H]([C@H](O)[C@@H](O)[C@@H]1O)c1ccc(F)c(Cc2cc3ccccc3s2)c1","AHFWIQIYAXSLBA-RQXATKFSSA-N, AHFWIQIYAXSLBA-RQXATKFSSA-N, AHFWIQIYAXSLBA-RQXATKFSSA-N",Launched
ipratropium,acetylcholine receptor antagonist,"CHRM1, CHRM2, CHRM3, CHRM4, CHRM5",pulmonary,"bronchospasm, chronic obstructive pulmonary disease (COPD), bronchitis, emphysema",Tocris,87.46,"CC(C)[N@@+]1(C)[C@H]2CC[C@@H]1C[C@@H](C2)OC(=O)[C@@H](CO)c1ccccc1 |a:5,8,10,&1:3,&2:15,TLB:4:3:6.7:9.10.11,THB:1:3:6.7:9.10.11,12:10:3:6.7|",OEXHQOGQTVQTAT-KKKDIUQISA-N,Launched
ipriflavone,bone resorption inhibitor,,orthopedics,osteoporosis,"MedChemEx, MicroSource, Selleck",98.07,"CC(C)Oc1ccc2c(c1)occ(-c1ccccc1)c2=O, CC(C)Oc1ccc2c(c1)occ(-c1ccccc1)c2=O, CC(C)Oc1ccc2c(c1)occ(-c1ccccc1)c2=O","SFBODOKJTYAUCM-UHFFFAOYSA-N, SFBODOKJTYAUCM-UHFFFAOYSA-N, SFBODOKJTYAUCM-UHFFFAOYSA-N",Launched
iproniazid,monoamine oxidase inhibitor,"MAOA, MAOB",,,"MicroSource, MedChemEx, MedChemEx",98.08,"CC(C)NNC(=O)c1ccncc1, CC(C)NNC(=O)c1ccncc1, CC(C)NNC(=O)c1ccncc1","NYMGNSNKLVNMIA-UHFFFAOYSA-N, NYMGNSNKLVNMIA-UHFFFAOYSA-N, NYMGNSNKLVNMIA-UHFFFAOYSA-N",Withdrawn
ipsapirone,serotonin receptor agonist,HTR1A,,,"Tocris, Tocris",96.7,"O=C1N(CCCCN2CCN(CC2)c2ncccn2)S(=O)(=O)c2ccccc12, O=C1N(CCCCN2CCN(CC2)c2ncccn2)S(=O)(=O)c2ccccc12","TZJUVVIWVWFLCD-UHFFFAOYSA-N, TZJUVVIWVWFLCD-UHFFFAOYSA-N",Phase 3
irbesartan,angiotensin receptor antagonist,"AGTR1, JUN, SLC10A1","cardiology, nephrology","hypertension, diabetic nephropathy","MicroSource, MicroSource, Tocris, Tocris, Selleck",99.09,"CCCCC1=NC2(CCCC2)C(=O)N1Cc1ccc(cc1)-c1ccccc1-c1nn[nH]n1 |t:4|, CCCCC1=NC2(CCCC2)C(=O)N1Cc1ccc(cc1)-c1ccccc1-c1nn[nH]n1 |t:4|, CCCCC1=NC2(CCCC2)C(=O)N1Cc1ccc(cc1)-c1ccccc1-c1nn[nH]n1 |t:4|, CCCCC1=NC2(CCCC2)C(=O)N1Cc1ccc(cc1)-c1ccccc1-c1nn[nH]n1 |t:4|, CCCCC1=NC2(CCCC2)C(=O)N1Cc1ccc(cc1)-c1ccccc1-c1nn[nH]n1 |t:4|","YOSHYTLCDANDAN-UHFFFAOYSA-N, YOSHYTLCDANDAN-UHFFFAOYSA-N, YOSHYTLCDANDAN-UHFFFAOYSA-N, YOSHYTLCDANDAN-UHFFFAOYSA-N, YOSHYTLCDANDAN-UHFFFAOYSA-N",Launched
irganox-1010,antioxidant,,,,Sigma,0,CC(C)(C)c1cc(CCC(=O)OCC(COC(=O)CCc2cc(c(O)c(c2)C(C)(C)C)C(C)(C)C)(COC(=O)CCc2cc(c(O)c(c2)C(C)(C)C)C(C)(C)C)COC(=O)CCc2cc(c(O)c(c2)C(C)(C)C)C(C)(C)C)cc(c1O)C(C)(C)C,BGYHLZZASRKEJE-UHFFFAOYSA-N,Preclinical
iRGD-peptide,integrin signaling activator,,,,MedChemEx,92.64,[H][C@@]12CCCN1C(=O)CNC(=O)[C@H](CCCCN)NC(=O)[C@]([H])(CC(O)=O)NC(=O)CNC(=O)[C@]([H])(CCCNC(N)=N)NC(=O)[C@@H](N)CSSC[C@H](NC(=O)[C@H](CC(O)=O)NC2=O)C(O)=O,YHTTWXCDIRTOQX-YDZOEDPBSA-N,Preclinical
irinotecan,topoisomerase inhibitor,"TOP1, TOP1MT",oncology,colorectal cancer,"Tocris, MedChemEx, MedChemEx, MicroSource, Selleck, Selleck, Tocris, Selleck, Selleck",98.48,"CCc1c2Cn3c(cc4c(COC(=O)[C@]4(O)CC)c3=O)-c2nc2ccc(OC(=O)N3CCC(CC3)N3CCCCC3)cc12, CCc1c2Cn3c(cc4c(COC(=O)[C@]4(O)CC)c3=O)-c2nc2ccc(OC(=O)N3CCC(CC3)N3CCCCC3)cc12, CCc1c2Cn3c(cc4c(COC(=O)[C@]4(O)CC)c3=O)-c2nc2ccc(OC(=O)N3CCC(CC3)N3CCCCC3)cc12, CCc1c2Cn3c(cc4c(COC(=O)[C@]4(O)CC)c3=O)-c2nc2ccc(OC(=O)N3CCC(CC3)N3CCCCC3)cc12, CCc1c2Cn3c(cc4c(COC(=O)[C@]4(O)CC)c3=O)-c2nc2ccc(OC(=O)N3CCC(CC3)N3CCCCC3)cc12, CCc1c2Cn3c(cc4c(COC(=O)[C@]4(O)CC)c3=O)-c2nc2ccc(OC(=O)N3CCC(CC3)N3CCCCC3)cc12, CCc1c2Cn3c(cc4c(COC(=O)[C@]4(O)CC)c3=O)-c2nc2ccc(OC(=O)N3CCC(CC3)N3CCCCC3)cc12, CCc1c2Cn3c(cc4c(COC(=O)[C@]4(O)CC)c3=O)-c2nc2ccc(OC(=O)N3CCC(CC3)N3CCCCC3)cc12, CCc1c2Cn3c(cc4c(COC(=O)[C@]4(O)CC)c3=O)-c2nc2ccc(OC(=O)N3CCC(CC3)N3CCCCC3)cc12","UWKQSNNFCGGAFS-XIFFEERXSA-N, UWKQSNNFCGGAFS-XIFFEERXSA-N, UWKQSNNFCGGAFS-XIFFEERXSA-N, UWKQSNNFCGGAFS-XIFFEERXSA-N, UWKQSNNFCGGAFS-XIFFEERXSA-N, UWKQSNNFCGGAFS-XIFFEERXSA-N, UWKQSNNFCGGAFS-XIFFEERXSA-N, UWKQSNNFCGGAFS-XIFFEERXSA-N, UWKQSNNFCGGAFS-XIFFEERXSA-N",Launched
IRL-2500,endothelin receptor antagonist,EDNRB,,,"Tocris, Tocris",96.86,"CN([C@H](Cc1ccc(cc1)-c1ccccc1)C(=O)N[C@@H](Cc1c[nH]c2ccccc12)C(O)=O)C(=O)c1cc(C)cc(C)c1, CN([C@H](Cc1ccc(cc1)-c1ccccc1)C(=O)N[C@@H](Cc1c[nH]c2ccccc12)C(O)=O)C(=O)c1cc(C)cc(C)c1","UZDORQWMYRRLQV-JHOUSYSJSA-N, UZDORQWMYRRLQV-JHOUSYSJSA-N",Preclinical
irosustat,steroid sulfatase inhibitor,"CA2, STS",,,Sigma,0,NS(=O)(=O)Oc1ccc2c3CCCCCc3c(=O)oc2c1,DSLPMJSGSBLWRE-UHFFFAOYSA-N,Phase 2
irsogladine,phosphodiesterase inhibitor,PDE4A,gastroenterology,peptic ulcer disease (PUD),"Tocris, Tocris, Tocris, Tocris, Selleck",99.31,"Nc1nc(N)nc(n1)-c1cc(Cl)ccc1Cl, Nc1nc(N)nc(n1)-c1cc(Cl)ccc1Cl, Nc1nc(N)nc(n1)-c1cc(Cl)ccc1Cl, Nc1nc(N)nc(n1)-c1cc(Cl)ccc1Cl, Nc1nc(N)nc(n1)-c1cc(Cl)ccc1Cl","ATCGGEJZONJOCL-UHFFFAOYSA-N, ATCGGEJZONJOCL-UHFFFAOYSA-N, ATCGGEJZONJOCL-UHFFFAOYSA-N, ATCGGEJZONJOCL-UHFFFAOYSA-N, ATCGGEJZONJOCL-UHFFFAOYSA-N",Launched
isamoltane,adrenergic receptor antagonist,"HTR1A, HTR1B",,,"Tocris, Tocris",89.47,"CC(C)NC[C@@H](O)COc1ccccc1-n1cccc1 |&1:5|, CC(C)NC[C@@H](O)COc1ccccc1-n1cccc1 |&1:5|","XVTVPGKWYHWYAD-CQSZACIVSA-N, XVTVPGKWYHWYAD-CQSZACIVSA-N",Phase 1
isavuconazole,cytochrome P450 inhibitor,CYP3A4,,,MedChemEx,98.14,"C[C@@H](c1nc(cs1)-c1ccc(cc1)C#N)[C@@](O)(Cn1cncn1)c1cc(F)ccc1F |a:1,&1:15|",DDFOUSQFMYRUQK-FPTDNZKUSA-N,Phase 3
isaxonine,nerve growth factor agonist,,,,"MicroSource, AMS",81.09,"CC(C)Nc1ncccn1, CC(C)Nc1ncccn1","FTCYIGBVOHNHCD-UHFFFAOYSA-N, FTCYIGBVOHNHCD-UHFFFAOYSA-N",Withdrawn
isbufylline,phosphodiesterase inhibitor,,,,"Vitas-M, Vitas-M, Vitas-M",97.28,"CC(C)Cn1cnc2n(C)c(=O)n(C)c(=O)c12, CC(C)Cn1cnc2n(C)c(=O)n(C)c(=O)c12, CC(C)Cn1cnc2n(C)c(=O)n(C)c(=O)c12","WHUWQSQEVISUMC-UHFFFAOYSA-N, WHUWQSQEVISUMC-UHFFFAOYSA-N, WHUWQSQEVISUMC-UHFFFAOYSA-N",Phase 2
isepamicin,protein synthesis inhibitor,,infectious disease,"pneumonia, peritonitis","Carbosynth, Sigma",95.5,"CN[C@@H]1[C@@H](O)[C@@H](O[C@H]2[C@@H](C[C@H](N)[C@@H](O[C@H]3O[C@H](CN)[C@@H](O)[C@H](O)[C@H]3O)[C@@H]2O)NC(=O)[C@@H](O)CN)OC[C@]1(C)O, CN[C@@H]1[C@@H](O)[C@@H](O[C@H]2[C@@H](C[C@H](N)[C@@H](O[C@H]3O[C@H](CN)[C@@H](O)[C@H](O)[C@H]3O)[C@@H]2O)NC(=O)[C@@H](O)CN)OC[C@]1(C)O","UDIIBEDMEYAVNG-ZKFPOVNWSA-N, UDIIBEDMEYAVNG-ZKFPOVNWSA-N",Launched
ISO-1,macrophage migration inhibiting factor inhibitor,MIF,,,"Tocris, Tocris",95.84,"COC(=O)C[C@H]1CC(=NO1)c1ccc(O)cc1 |&1:5,r,c:7|, COC(=O)C[C@H]1CC(=NO1)c1ccc(O)cc1 |&1:5,r,c:7|","AIXMJTYHQHQJLU-SNVBAGLBSA-N, AIXMJTYHQHQJLU-SNVBAGLBSA-N",Preclinical
isobutamben,local anesthetic,,,,"MicroSource, Sigma",99.03,"CC(C)COC(=O)c1ccc(N)cc1, CC(C)COC(=O)c1ccc(N)cc1","PUYOAVGNCWPANW-UHFFFAOYSA-N, PUYOAVGNCWPANW-UHFFFAOYSA-N",Preclinical
isobutyramide,gene expression stimulant,"HBE1, HBG1",,,Otava,0,CC(C)C(N)=O,WFKAJVHLWXSISD-UHFFFAOYSA-N,Phase 2
isocarboxazid,monoamine oxidase inhibitor,"MAOA, MAOB",neurology/psychiatry,depression,"Sigma, Sigma, Sigma, Enzo, Enzo",74.82,"Cc1cc(no1)C(=O)NNCc1ccccc1, Cc1cc(no1)C(=O)NNCc1ccccc1, Cc1cc(no1)C(=O)NNCc1ccccc1, Cc1cc(no1)C(=O)NNCc1ccccc1, Cc1cc(no1)C(=O)NNCc1ccccc1","XKFPYPQQHFEXRZ-UHFFFAOYSA-N, XKFPYPQQHFEXRZ-UHFFFAOYSA-N, XKFPYPQQHFEXRZ-UHFFFAOYSA-N, XKFPYPQQHFEXRZ-UHFFFAOYSA-N, XKFPYPQQHFEXRZ-UHFFFAOYSA-N",Launched
isoconazole,fungal lanosterol demethylase inhibitor,CYP17A1,infectious disease,gram-positive bacterial infections,"MedChemEx, Selleck",99.12,"Clc1ccc([C@@H](Cn2ccnc2)OCc2c(Cl)cccc2Cl)c(Cl)c1 |&1:5|, Clc1ccc([C@@H](Cn2ccnc2)OCc2c(Cl)cccc2Cl)c(Cl)c1 |&1:5|","MPIPASJGOJYODL-GOSISDBHSA-N, MPIPASJGOJYODL-GOSISDBHSA-N",Launched
isodibut,aldehyde reductase inhibitor,,,,"Sigma, Sigma, Enamine",99.18,"OC(=O)CCCN1C(=O)c2cccc3cccc(C1=O)c23, OC(=O)CCCN1C(=O)c2cccc3cccc(C1=O)c23, OC(=O)CCCN1C(=O)c2cccc3cccc(C1=O)c23","ZHXRDXTYPCPBTI-UHFFFAOYSA-N, ZHXRDXTYPCPBTI-UHFFFAOYSA-N, ZHXRDXTYPCPBTI-UHFFFAOYSA-N",Phase 2
isoetharine,adrenergic receptor agonist,,pulmonary,"bronchospasm, asthma","Selleck, MicroSource, Selleck, Selleck",94.7,"CC[C@@H](NC(C)C)[C@@H](O)c1ccc(O)c(O)c1 |&1:2,&2:7|, CC[C@@H](NC(C)C)[C@@H](O)c1ccc(O)c(O)c1 |&1:2,&2:7|, CC[C@@H](NC(C)C)[C@@H](O)c1ccc(O)c(O)c1 |&1:2,&2:7|, CC[C@@H](NC(C)C)[C@@H](O)c1ccc(O)c(O)c1 |&1:2,&2:7|","HUYWAWARQUIQLE-MFKMUULPSA-N, HUYWAWARQUIQLE-MFKMUULPSA-N, HUYWAWARQUIQLE-MFKMUULPSA-N, HUYWAWARQUIQLE-MFKMUULPSA-N",Launched
isofloxythepin,dopamine receptor antagonist,,,,"Specs, Specs, Specs",85.83,"CC(C)c1ccc2Sc3cc(F)ccc3C[C@@H](N3CCN(CCO)CC3)c2c1 |&1:16,r|, CC(C)c1ccc2Sc3cc(F)ccc3C[C@@H](N3CCN(CCO)CC3)c2c1 |&1:16,r|, CC(C)c1ccc2Sc3cc(F)ccc3C[C@@H](N3CCN(CCO)CC3)c2c1 |&1:16,r|","XDBMBHVYXPBOPL-OAQYLSRUSA-N, XDBMBHVYXPBOPL-OAQYLSRUSA-N, XDBMBHVYXPBOPL-OAQYLSRUSA-N",Phase 2
isoflupredone-acetate,,NR3C1,,,"Prestwick, Prestwick, Toronto",91.96,"CC(=O)OCC(=O)[C@@]1(O)CC[C@H]2[C@@H]3CCC4=CC(=O)C=C[C@]4(C)[C@@]3(F)[C@@H](O)C[C@]12C |c:19,t:15|, CC(=O)OCC(=O)[C@@]1(O)CC[C@H]2[C@@H]3CCC4=CC(=O)C=C[C@]4(C)[C@@]3(F)[C@@H](O)C[C@]12C |c:19,t:15|, CC(=O)OCC(=O)[C@@]1(O)CC[C@H]2[C@@H]3CCC4=CC(=O)C=C[C@]4(C)[C@@]3(F)[C@@H](O)C[C@]12C |c:19,t:15|","ZOCUOMKMBMEYQV-GSLJADNHSA-N, ZOCUOMKMBMEYQV-GSLJADNHSA-N, ZOCUOMKMBMEYQV-GSLJADNHSA-N",Preclinical
isoflurane,inhaled anaesthetic,"GABRA1, GABRA2, GABRA3, GABRA4, GABRA5, GABRA6, GABRB1, GABRB2, GABRB3, GABRD, GABRE, GABRG1, GABRG2, GABRG3, GABRP, GABRQ, GLRA1, GLRB, KCNK10, KCNK18, KCNK2, KCNK3, KCNK9",neurology/psychiatry,general anaesthetic,"Sigma, Enamine",0,"FC(F)O[C@@H](Cl)C(F)(F)F |&1:4,r|, FC(F)O[C@@H](Cl)C(F)(F)F |&1:4,r|","PIWKPBJCKXDKJR-PVQJCKRUSA-N, PIWKPBJCKXDKJR-PVQJCKRUSA-N",Launched
isoflurophate,cholinesterase inhibitor,"ACHE, BCHE",ophthalmology,glaucoma,"Sigma, Sigma, Sigma",0,"CC(C)OP(F)(=O)OC(C)C, CC(C)OP(F)(=O)OC(C)C, CC(C)OP(F)(=O)OC(C)C","MUCZHBLJLSDCSD-UHFFFAOYSA-N, MUCZHBLJLSDCSD-UHFFFAOYSA-N, MUCZHBLJLSDCSD-UHFFFAOYSA-N",Launched
isoguvacine,benzodiazepine receptor agonist,"GABRA1, GABRA2, GABRA3, GABRA4, GABRA5, GABRA6, GABRR1, GABRR2, GABRR3",,,"Tocris, Tocris, Tocris",100,"OC(=O)C1=CCNCC1 |t:3|, OC(=O)C1=CCNCC1 |t:3|, OC(=O)C1=CCNCC1 |t:3|","KRVDMABBKYMBHG-UHFFFAOYSA-N, KRVDMABBKYMBHG-UHFFFAOYSA-N, KRVDMABBKYMBHG-UHFFFAOYSA-N",Preclinical
isoleucine,,,,,Enamine,89.82,"CC[C@@H](C)[C@@H](N)C(O)=O |&1:2,&2:4,r|",AGPKZVBTJJNPAG-RFZPGFLSSA-N,Launched
isoliquiritigenin,guanylate cyclase activator,GABBR1,,,"Selleck, Selleck",90.32,"Oc1ccc(\C=C\C(=O)c2ccc(O)cc2O)cc1, Oc1ccc(\C=C\C(=O)c2ccc(O)cc2O)cc1","DXDRHHKMWQZJHT-FPYGCLRLSA-N, DXDRHHKMWQZJHT-FPYGCLRLSA-N",Preclinical
isometheptene-mucate,,,neurology/psychiatry,headache,Prestwick,81.13,"CN[C@@H](C)CCC=C(C)C |&1:2,r|",XVQUOJBERHHONY-VIFPVBQESA-N,Launched
isoniazid,FABI inhibitor,"CYP1A2, CYP2C19, CYP2C8, CYP2E1, CYP3A4",infectious disease,tuberculosis,"MedChemEx, MicroSource, Selleck, MicroSource, Selleck",100,"NNC(=O)c1ccncc1, NNC(=O)c1ccncc1, NNC(=O)c1ccncc1, NNC(=O)c1ccncc1, NNC(=O)c1ccncc1","QRXWMOHMRWLFEY-UHFFFAOYSA-N, QRXWMOHMRWLFEY-UHFFFAOYSA-N, QRXWMOHMRWLFEY-UHFFFAOYSA-N, QRXWMOHMRWLFEY-UHFFFAOYSA-N, QRXWMOHMRWLFEY-UHFFFAOYSA-N",Launched
isopentyl-4-methoxycinnamate,,,dermatology,sunscreen lotion,"Enamine, Sigma",87.91,"COc1ccc(\C=C\C(=O)OCCC(C)C)cc1, COc1ccc(\C=C\C(=O)OCCC(C)C)cc1","UBNYRXMKIIGMKK-RMKNXTFCSA-N, UBNYRXMKIIGMKK-RMKNXTFCSA-N",Launched
isoprenaline,adrenergic receptor agonist,"ADRB1, ADRB2, ADRB3","cardiology, pulmonary","bradycardia, heart block, asthma","Selleck, Selleck, Selleck, MicroSource, Tocris",94.79,"CC(C)NC[C@@H](O)c1ccc(O)c(O)c1 |&1:5|, CC(C)NC[C@@H](O)c1ccc(O)c(O)c1 |&1:5|, CC(C)NC[C@@H](O)c1ccc(O)c(O)c1 |&1:5|, CC(C)NC[C@@H](O)c1ccc(O)c(O)c1 |&1:5|, CC(C)NC[C@@H](O)c1ccc(O)c(O)c1 |&1:5|","JWZZKOKVBUJMES-LLVKDONJSA-N, JWZZKOKVBUJMES-LLVKDONJSA-N, JWZZKOKVBUJMES-LLVKDONJSA-N, JWZZKOKVBUJMES-LLVKDONJSA-N, JWZZKOKVBUJMES-LLVKDONJSA-N",Launched
isopropamide-iodide,acetylcholine receptor antagonist,"CHRM3, CHRM4",gastroenterology,"peptic ulcer disease (PUD), gastrointestinal acidosis","USP, USP, MicroSource, MicroSource, MicroSource",100,"CC(C)[N+](C)(CCC(C(N)=O)(c1ccccc1)c1ccccc1)C(C)C, CC(C)[N+](C)(CCC(C(N)=O)(c1ccccc1)c1ccccc1)C(C)C, CC(C)[N+](C)(CCC(C(N)=O)(c1ccccc1)c1ccccc1)C(C)C, CC(C)[N+](C)(CCC(C(N)=O)(c1ccccc1)c1ccccc1)C(C)C, CC(C)[N+](C)(CCC(C(N)=O)(c1ccccc1)c1ccccc1)C(C)C","JTPUMZTWMWIVPA-UHFFFAOYSA-O, JTPUMZTWMWIVPA-UHFFFAOYSA-O, JTPUMZTWMWIVPA-UHFFFAOYSA-O, JTPUMZTWMWIVPA-UHFFFAOYSA-O, JTPUMZTWMWIVPA-UHFFFAOYSA-O",Launched
isopropyl-myristate,,,dermatology,cosmetic,"Sigma, Acros, Acros",0,"CCCCCCCCCCCCCC(=O)OC(C)C, CCCCCCCCCCCCCC(=O)OC(C)C, CCCCCCCCCCCCCC(=O)OC(C)C","AXISYYRBXTVTFY-UHFFFAOYSA-N, AXISYYRBXTVTFY-UHFFFAOYSA-N, AXISYYRBXTVTFY-UHFFFAOYSA-N",Launched
isopropyl-palmitate,cosmetic moisturizer,,dermatology,cosmetic,"Sigma, TCI",0,"CCCCCCCCCCCCCCCC(=O)OC(C)C, CCCCCCCCCCCCCCCC(=O)OC(C)C","XUGNVMKQXJXZCD-UHFFFAOYSA-N, XUGNVMKQXJXZCD-UHFFFAOYSA-N",Launched
isoquercitrin,antioxidant,,,,ChemDiv,91.07,OC[C@H]1O[C@@H](Oc2c(oc3cc(O)cc(O)c3c2=O)-c2ccc(O)c(O)c2)[C@H](O)[C@@H](O)[C@@H]1O,OVSQVDMCBVZWGM-QSOFNFLRSA-N,Phase 2/Phase 3
"Isoquinoline,-6,7-dimethoxy-1-methyl-1,2,3,4-tetrahydro,",,,,,"MedChemEx, Prestwick",98.3,"COc1cc2CCN[C@@H](C)c2cc1OC |&1:8|, COc1cc2CCN[C@@H](C)c2cc1OC |&1:8|","HMYJLVDKPJHJCF-QMMMGPOBSA-N, HMYJLVDKPJHJCF-QMMMGPOBSA-N",Preclinical
isosorbide,nitric oxide stimulant,,cardiology,"angina pectoris, coronary artery disease (CAD)","MedChemEx, MedChemEx, Selleck, Selleck, Selleck, Selleck",54.94,"O[C@H]1CO[C@@H]2[C@H](O)CO[C@H]12, O[C@H]1CO[C@@H]2[C@H](O)CO[C@H]12, O[C@H]1CO[C@@H]2[C@H](O)CO[C@H]12, O[C@H]1CO[C@@H]2[C@H](O)CO[C@H]12, O[C@H]1CO[C@@H]2[C@H](O)CO[C@H]12, O[C@H]1CO[C@@H]2[C@H](O)CO[C@H]12","KLDXJTOLSGUMSJ-JGWLITMVSA-N, KLDXJTOLSGUMSJ-JGWLITMVSA-N, KLDXJTOLSGUMSJ-JGWLITMVSA-N, KLDXJTOLSGUMSJ-JGWLITMVSA-N, KLDXJTOLSGUMSJ-JGWLITMVSA-N, KLDXJTOLSGUMSJ-JGWLITMVSA-N",Launched
isosorbide-dinitrate,nitric oxide stimulant,"GUCY1A2, GUCY1A3, GUCY1B2, GUCY1B3, NPR1",cardiology,"angina pectoris, coronary artery disease (CAD)","Enamine, MicroSource, MicroSource",0,"[O-][N+](=O)O[C@@H]1CO[C@@H]2[C@H](CO[C@H]12)O[N+]([O-])=O, [O-][N+](=O)O[C@@H]1CO[C@@H]2[C@H](CO[C@H]12)O[N+]([O-])=O, [O-][N+](=O)O[C@@H]1CO[C@@H]2[C@H](CO[C@H]12)O[N+]([O-])=O","MOYKHGMNXAOIAT-JGWLITMVSA-N, MOYKHGMNXAOIAT-JGWLITMVSA-N, MOYKHGMNXAOIAT-JGWLITMVSA-N",Launched
isosorbide-mononitrate,nitric oxide stimulant,"GUCY1A2, GUCY1A3, GUCY1B2, GUCY1B3",cardiology,"angina pectoris, coronary artery disease (CAD)","MicroSource, MedChemEx, MedChemEx",97.55,"O[C@H]1CO[C@@H]2[C@@H](CO[C@H]12)O[N+]([O-])=O, O[C@H]1CO[C@@H]2[C@@H](CO[C@H]12)O[N+]([O-])=O, O[C@H]1CO[C@@H]2[C@@H](CO[C@H]12)O[N+]([O-])=O","YWXYYJSYQOXTPL-SLPGGIOYSA-N, YWXYYJSYQOXTPL-SLPGGIOYSA-N, YWXYYJSYQOXTPL-SLPGGIOYSA-N",Launched
isosteviol,,,,,ChemDiv,100,"C[C@]12C[C@@]3(CC1=O)CC[C@H]1[C@@](C)(CCC[C@@]1(C)C(O)=O)[C@@H]3CC2 |a:1,3,9,10,15,&1:20|",KFVUFODCZDRVSS-XGBBNYNSSA-N,Phase 2
isotiquimide,,,,,"Enamine, Enamine",92.3,"Cc1ccnc2[C@@H](CCCc12)C(N)=S |&1:6,r|, Cc1ccnc2[C@@H](CCCc12)C(N)=S |&1:6,r|","PWPWEYFVLITGNU-SECBINFHSA-N, PWPWEYFVLITGNU-SECBINFHSA-N",Phase 1
isotretinoin,retinoid receptor agonist,"RARA, RARB, RARG",dermatology,acne vulgaris (AV),"MicroSource, Selleck, Selleck, MedChemEx, Selleck",51.38,"C\C(\C=C\C1=C(C)CCCC1(C)C)=C/C=C/C(/C)=C\C(O)=O |c:4|, C\C(\C=C\C1=C(C)CCCC1(C)C)=C/C=C/C(/C)=C\C(O)=O |c:4|, C\C(\C=C\C1=C(C)CCCC1(C)C)=C/C=C/C(/C)=C\C(O)=O |c:4|, C\C(\C=C\C1=C(C)CCCC1(C)C)=C/C=C/C(/C)=C\C(O)=O |c:4|, C\C(\C=C\C1=C(C)CCCC1(C)C)=C/C=C/C(/C)=C\C(O)=O |c:4|","SHGAZHPCJJPHSC-XFYACQKRSA-N, SHGAZHPCJJPHSC-XFYACQKRSA-N, SHGAZHPCJJPHSC-XFYACQKRSA-N, SHGAZHPCJJPHSC-XFYACQKRSA-N, SHGAZHPCJJPHSC-XFYACQKRSA-N",Launched
isovaleramide,alcohol dehydrogenase inhibitor,,,,"PrincetonBio, Selleck, MicroSource, Selleck, Selleck",79.17,"CC(C)CC(N)=O, CC(C)CC(N)=O, CC(C)CC(N)=O, CC(C)CC(N)=O, CC(C)CC(N)=O","SANOUVWGPVYVAV-UHFFFAOYSA-N, SANOUVWGPVYVAV-UHFFFAOYSA-N, SANOUVWGPVYVAV-UHFFFAOYSA-N, SANOUVWGPVYVAV-UHFFFAOYSA-N, SANOUVWGPVYVAV-UHFFFAOYSA-N",Phase 2
isoxepac,anti-inflammatory agent,,,,Ark,99.77,OC(=O)Cc1ccc2OCc3ccccc3C(=O)c2c1,QFGMXJOBTNZHEL-UHFFFAOYSA-N,Phase 2
isoxicam,cyclooxygenase inhibitor,"PTGS1, PTGS2",,,"MicroSource, Selleck, Selleck",98.14,"CN1C(C(=O)Nc2cc(C)on2)=C(O)c2ccccc2S1(=O)=O |t:12|, CN1C(C(=O)Nc2cc(C)on2)=C(O)c2ccccc2S1(=O)=O |t:12|, CN1C(C(=O)Nc2cc(C)on2)=C(O)c2ccccc2S1(=O)=O |t:12|","YYUAYBYLJSNDCX-UHFFFAOYSA-N, YYUAYBYLJSNDCX-UHFFFAOYSA-N, YYUAYBYLJSNDCX-UHFFFAOYSA-N",Withdrawn
isoxsuprine,adrenergic receptor agonist,ADRB2,"rheumatology, cardiology","Raynaud's disease, arteriosclerosis, Buerger's disease","MedChemEx, MedChemEx",95.03,"C[C@@H](COc1ccccc1)N[C@H](C)[C@@H](O)c1ccc(O)cc1 |&1:13,&2:11,&3:1|, C[C@@H](COc1ccccc1)N[C@H](C)[C@@H](O)c1ccc(O)cc1 |&1:13,&2:11,&3:1|","BMUKKTUHUDJSNZ-PMUMKWKESA-N, BMUKKTUHUDJSNZ-PMUMKWKESA-N",Launched
ispinesib,kinesin inhibitor,KIF11,,,"Tocris, Selleck, Selleck, Selleck, Selleck, Selleck, Selleck, Selleck",88.16,"CC(C)[C@@H](N(CCCN)C(=O)c1ccc(C)cc1)c1nc2cc(Cl)ccc2c(=O)n1Cc1ccccc1, CC(C)[C@@H](N(CCCN)C(=O)c1ccc(C)cc1)c1nc2cc(Cl)ccc2c(=O)n1Cc1ccccc1, CC(C)[C@@H](N(CCCN)C(=O)c1ccc(C)cc1)c1nc2cc(Cl)ccc2c(=O)n1Cc1ccccc1, CC(C)[C@@H](N(CCCN)C(=O)c1ccc(C)cc1)c1nc2cc(Cl)ccc2c(=O)n1Cc1ccccc1, CC(C)[C@@H](N(CCCN)C(=O)c1ccc(C)cc1)c1nc2cc(Cl)ccc2c(=O)n1Cc1ccccc1, CC(C)[C@@H](N(CCCN)C(=O)c1ccc(C)cc1)c1nc2cc(Cl)ccc2c(=O)n1Cc1ccccc1, CC(C)[C@@H](N(CCCN)C(=O)c1ccc(C)cc1)c1nc2cc(Cl)ccc2c(=O)n1Cc1ccccc1, CC(C)[C@@H](N(CCCN)C(=O)c1ccc(C)cc1)c1nc2cc(Cl)ccc2c(=O)n1Cc1ccccc1","QJZRFPJCWMNVAV-HHHXNRCGSA-N, QJZRFPJCWMNVAV-HHHXNRCGSA-N, QJZRFPJCWMNVAV-HHHXNRCGSA-N, QJZRFPJCWMNVAV-HHHXNRCGSA-N, QJZRFPJCWMNVAV-HHHXNRCGSA-N, QJZRFPJCWMNVAV-HHHXNRCGSA-N, QJZRFPJCWMNVAV-HHHXNRCGSA-N, QJZRFPJCWMNVAV-HHHXNRCGSA-N",Phase 2
isradipine,calcium channel blocker,"CACNA1D, CACNA1F, CACNA2D1",cardiology,hypertension,"Tocris, MicroSource, Selleck, Selleck, Selleck, Tocris",97.4,"COC(=O)C1=C(C)NC(C)=C([C@@H]1c1cccc2nonc12)C(=O)OC(C)C |r,c:4,9|, COC(=O)C1=C(C)NC(C)=C([C@@H]1c1cccc2nonc12)C(=O)OC(C)C |r,c:4,9|, COC(=O)C1=C(C)NC(C)=C([C@@H]1c1cccc2nonc12)C(=O)OC(C)C |r,c:4,9|, COC(=O)C1=C(C)NC(C)=C([C@@H]1c1cccc2nonc12)C(=O)OC(C)C |r,c:4,9|, COC(=O)C1=C(C)NC(C)=C([C@@H]1c1cccc2nonc12)C(=O)OC(C)C |r,c:4,9|, COC(=O)C1=C(C)NC(C)=C([C@@H]1c1cccc2nonc12)C(=O)OC(C)C |r,c:4,9|","HMJIYCCIJYRONP-MRXNPFEDSA-N, HMJIYCCIJYRONP-MRXNPFEDSA-N, HMJIYCCIJYRONP-MRXNPFEDSA-N, HMJIYCCIJYRONP-MRXNPFEDSA-N, HMJIYCCIJYRONP-MRXNPFEDSA-N, HMJIYCCIJYRONP-MRXNPFEDSA-N",Launched
ISRIB,"eukaryotic translation initiation factor inhibitor, PERK inhibitor","EIF2A, EIF2AK3",,,"MedChemEx, MedChemEx, MedChemEx",90.08,"Clc1ccc(OCC(=O)N[C@H]2CC[C@@H](CC2)NC(=O)COc2ccc(Cl)cc2)cc1 |r|, Clc1ccc(OCC(=O)N[C@H]2CC[C@@H](CC2)NC(=O)COc2ccc(Cl)cc2)cc1 |r|, Clc1ccc(OCC(=O)N[C@H]2CC[C@@H](CC2)NC(=O)COc2ccc(Cl)cc2)cc1 |r|","HJGMCDHQPXTGAV-IYARVYRRSA-N, HJGMCDHQPXTGAV-IYARVYRRSA-N, HJGMCDHQPXTGAV-IYARVYRRSA-N",Preclinical
istaroxime,ATPase inhibitor,ATP1A1,,,"MedChemEx, MedChemEx, MedChemEx, MedChemEx, MedChemEx",97.6,"C[C@]12CC[C@H]3[C@@H](CC(=O)[C@H]4C\C(CC[C@]34C)=N\OCCN)[C@@H]1CCC2=O, C[C@]12CC[C@H]3[C@@H](CC(=O)[C@H]4C\C(CC[C@]34C)=N\OCCN)[C@@H]1CCC2=O, C[C@]12CC[C@H]3[C@@H](CC(=O)[C@H]4C\C(CC[C@]34C)=N\OCCN)[C@@H]1CCC2=O, C[C@]12CC[C@H]3[C@@H](CC(=O)[C@H]4C\C(CC[C@]34C)=N\OCCN)[C@@H]1CCC2=O, C[C@]12CC[C@H]3[C@@H](CC(=O)[C@H]4C\C(CC[C@]34C)=N\OCCN)[C@@H]1CCC2=O","MPYLDWFDPHRTEG-PAAYLBSLSA-N, MPYLDWFDPHRTEG-PAAYLBSLSA-N, MPYLDWFDPHRTEG-PAAYLBSLSA-N, MPYLDWFDPHRTEG-PAAYLBSLSA-N, MPYLDWFDPHRTEG-PAAYLBSLSA-N",Phase 2
istradefylline,adenosine receptor antagonist,"ADORA1, ADORA2A, ADORA2B, ADORA3",neurology/psychiatry,"Parkinson's Disease, dyskinesia","MedChemEx, MedChemEx, MedChemEx, Selleck, Selleck, Selleck, Selleck",95.36,"CCn1c2nc(\C=C\c3ccc(OC)c(OC)c3)n(C)c2c(=O)n(CC)c1=O, CCn1c2nc(\C=C\c3ccc(OC)c(OC)c3)n(C)c2c(=O)n(CC)c1=O, CCn1c2nc(\C=C\c3ccc(OC)c(OC)c3)n(C)c2c(=O)n(CC)c1=O, CCn1c2nc(\C=C\c3ccc(OC)c(OC)c3)n(C)c2c(=O)n(CC)c1=O, CCn1c2nc(\C=C\c3ccc(OC)c(OC)c3)n(C)c2c(=O)n(CC)c1=O, CCn1c2nc(\C=C\c3ccc(OC)c(OC)c3)n(C)c2c(=O)n(CC)c1=O, CCn1c2nc(\C=C\c3ccc(OC)c(OC)c3)n(C)c2c(=O)n(CC)c1=O","IQVRBWUUXZMOPW-PKNBQFBNSA-N, IQVRBWUUXZMOPW-PKNBQFBNSA-N, IQVRBWUUXZMOPW-PKNBQFBNSA-N, IQVRBWUUXZMOPW-PKNBQFBNSA-N, IQVRBWUUXZMOPW-PKNBQFBNSA-N, IQVRBWUUXZMOPW-PKNBQFBNSA-N, IQVRBWUUXZMOPW-PKNBQFBNSA-N",Launched
ISX-9,neural stem cell inducer,NEUROD1,,,"Tocris, EMDBio, EMDBio, EMDBio, EMDBio, EMDBio",100,"O=C(NC1CC1)c1cc(on1)-c1cccs1, O=C(NC1CC1)c1cc(on1)-c1cccs1, O=C(NC1CC1)c1cc(on1)-c1cccs1, O=C(NC1CC1)c1cc(on1)-c1cccs1, O=C(NC1CC1)c1cc(on1)-c1cccs1, O=C(NC1CC1)c1cc(on1)-c1cccs1","SYENTKHGMVKGAQ-UHFFFAOYSA-N, SYENTKHGMVKGAQ-UHFFFAOYSA-N, SYENTKHGMVKGAQ-UHFFFAOYSA-N, SYENTKHGMVKGAQ-UHFFFAOYSA-N, SYENTKHGMVKGAQ-UHFFFAOYSA-N, SYENTKHGMVKGAQ-UHFFFAOYSA-N",Preclinical
itacitinib,JAK inhibitor,JAK1,,,"MedChemEx, MedChemEx",96.98,"Fc1c(ccnc1C(F)(F)F)C(=O)N1CCC(CC1)N1CC(CC#N)(C1)n1cc(cn1)-c1ncnc2[nH]ccc12, Fc1c(ccnc1C(F)(F)F)C(=O)N1CCC(CC1)N1CC(CC#N)(C1)n1cc(cn1)-c1ncnc2[nH]ccc12","KTBSXLIQKWEBRB-UHFFFAOYSA-N, KTBSXLIQKWEBRB-UHFFFAOYSA-N",Phase 3
ITD-1,TGF beta receptor inhibitor,TGFBR2,,,"Tocris, Tocris",96.52,"CCOC(=O)C1=C(C)NC2=C([C@@H]1c1ccc(cc1)-c1ccccc1)C(=O)CC(C)(C)C2 |&1:11,r,c:5,9|, CCOC(=O)C1=C(C)NC2=C([C@@H]1c1ccc(cc1)-c1ccccc1)C(=O)CC(C)(C)C2 |&1:11,r,c:5,9|","ULFUJLFTRWWLPO-XMMPIXPASA-N, ULFUJLFTRWWLPO-XMMPIXPASA-N",Preclinical
ITE,aryl hydrocarbon receptor agonist,AHR,,,"Tocris, Tocris, Tocris",97.76,"COC(=O)c1csc(n1)C(=O)c1c[nH]c2ccccc12, COC(=O)c1csc(n1)C(=O)c1c[nH]c2ccccc12, COC(=O)c1csc(n1)C(=O)c1c[nH]c2ccccc12","KDDXOGDIPZSCTM-UHFFFAOYSA-N, KDDXOGDIPZSCTM-UHFFFAOYSA-N, KDDXOGDIPZSCTM-UHFFFAOYSA-N",Preclinical
ITI214,phosphodiesterase inhibitor,PDE1A,,,"MedChemEx, MedChemEx, MedChemEx",95.75,"CN1C2=N[C@@H]3CCC[C@@H]3N2c2nn(Cc3ccc(cc3)-c3cccc(F)n3)c(Nc3ccccc3)c2C1=O |t:2|, CN1C2=N[C@@H]3CCC[C@@H]3N2c2nn(Cc3ccc(cc3)-c3cccc(F)n3)c(Nc3ccccc3)c2C1=O |t:2|, CN1C2=N[C@@H]3CCC[C@@H]3N2c2nn(Cc3ccc(cc3)-c3cccc(F)n3)c(Nc3ccccc3)c2C1=O |t:2|","BBIPVJCGIASXJB-PKTZIBPZSA-N, BBIPVJCGIASXJB-PKTZIBPZSA-N, BBIPVJCGIASXJB-PKTZIBPZSA-N",Phase 1/Phase 2
itopride,dopamine receptor antagonist,"CHRM3, DRD2","gastroenterology, neurology/psychiatry","dyspepsia, gastroparesis, heartburn, nausea, vomiting, anorexia","MedChemEx, MedChemEx, MicroSource, MicroSource, MicroSource",98.7,"COc1ccc(cc1OC)C(=O)NCc1ccc(OCCN(C)C)cc1, COc1ccc(cc1OC)C(=O)NCc1ccc(OCCN(C)C)cc1, COc1ccc(cc1OC)C(=O)NCc1ccc(OCCN(C)C)cc1, COc1ccc(cc1OC)C(=O)NCc1ccc(OCCN(C)C)cc1, COc1ccc(cc1OC)C(=O)NCc1ccc(OCCN(C)C)cc1","QQQIECGTIMUVDS-UHFFFAOYSA-N, QQQIECGTIMUVDS-UHFFFAOYSA-N, QQQIECGTIMUVDS-UHFFFAOYSA-N, QQQIECGTIMUVDS-UHFFFAOYSA-N, QQQIECGTIMUVDS-UHFFFAOYSA-N",Launched
itraconazole,cytochrome P450 inhibitor,,infectious disease,"onychomycosis, histoplasmosis, blastomycosis, aspergillosis",Tocris,96.35,"CC[C@H](C)n1ncn(-c2ccc(cc2)N2CCN(CC2)c2ccc(OC[C@H]3CO[C@@](Cn4cncn4)(O3)c3ccc(Cl)cc3Cl)cc2)c1=O |&1:26,29,&2:2|",VHVPQPYKVGDNFY-TUJWMRSMSA-N,Launched
ITX3,GEF inhibitor,TRIO,,,"MedChemEx, MedChemEx",84.43,"Cc1cc(\C=c2\sc3nc4ccccc4n3c2=O)c(C)n1-c1ccccc1, Cc1cc(\C=c2\sc3nc4ccccc4n3c2=O)c(C)n1-c1ccccc1","SJMYMKPBODEZSH-DEDYPNTBSA-N, SJMYMKPBODEZSH-DEDYPNTBSA-N",Preclinical
ITX5061,SR-BI inhibitor,,,,MedChemEx,96.17,COc1c(NC(=O)C(=O)c2ccc(OCCN3CCOCC3)c3ccccc23)cc(cc1NS(C)(=O)=O)C(C)(C)C,UUROSJLZNDSXRF-UHFFFAOYSA-N,Phase 1
IT1t,CC chemokine receptor antagonist,CXCR4,,,"Tocris, Tocris",81.68,"CC1(C)CN2C(CS\C(NC3CCCCC3)=N\C3CCCCC3)=CSC2=N1 |c:24,28|, CC1(C)CN2C(CS\C(NC3CCCCC3)=N\C3CCCCC3)=CSC2=N1 |c:24,28|","OOSUDWRRWZVFEB-UHFFFAOYSA-N, OOSUDWRRWZVFEB-UHFFFAOYSA-N",Preclinical
IU1,ubiquitin C-terminal hydrolase inhibitor,USP14,,,"Tocris, Selleck, Selleck",87.3,"Cc1cc(C(=O)CN2CCCC2)c(C)n1-c1ccc(F)cc1, Cc1cc(C(=O)CN2CCCC2)c(C)n1-c1ccc(F)cc1, Cc1cc(C(=O)CN2CCCC2)c(C)n1-c1ccc(F)cc1","JUWDSDKJBMFLHE-UHFFFAOYSA-N, JUWDSDKJBMFLHE-UHFFFAOYSA-N, JUWDSDKJBMFLHE-UHFFFAOYSA-N",Preclinical
ivabradine,"HCN channel blocker, potassium channel blocker, sodium channel blocker","HCN1, HCN3, HCN4",cardiology,angina pectoris,"MedChemEx, MedChemEx",98.66,"COc1cc2C[C@H](CN(C)CCCN3CCc4cc(OC)c(OC)cc4CC3=O)c2cc1OC, COc1cc2C[C@H](CN(C)CCCN3CCc4cc(OC)c(OC)cc4CC3=O)c2cc1OC","ACRHBAYQBXXRTO-OAQYLSRUSA-N, ACRHBAYQBXXRTO-OAQYLSRUSA-N",Launched
ivacaftor,CFTR channel potentiator,CFTR,pulmonary,cystic fibrosis,"MedChemEx, Selleck, Selleck, Selleck",99.16,"CC(C)(C)c1cc(c(NC(=O)c2c[nH]c3ccccc3c2=O)cc1O)C(C)(C)C, CC(C)(C)c1cc(c(NC(=O)c2c[nH]c3ccccc3c2=O)cc1O)C(C)(C)C, CC(C)(C)c1cc(c(NC(=O)c2c[nH]c3ccccc3c2=O)cc1O)C(C)(C)C, CC(C)(C)c1cc(c(NC(=O)c2c[nH]c3ccccc3c2=O)cc1O)C(C)(C)C","PURKAOJPTOLRMP-UHFFFAOYSA-N, PURKAOJPTOLRMP-UHFFFAOYSA-N, PURKAOJPTOLRMP-UHFFFAOYSA-N, PURKAOJPTOLRMP-UHFFFAOYSA-N",Launched
ivermectin,benzodiazepine receptor agonist,"CHRNA7, P2RX7",infectious disease,"gastrointestinal roundworms, lungworms, cattle grubs, mites, lice, horn flies","MicroSource, MicroSource, MicroSource, Tocris, Tocris, Selleck, Selleck, Selleck",94.01,"CC[C@H](C)[C@H]1O[C@]2(CC[C@@H]1C)C[C@@H]1C[C@@H](C\C=C(C)\[C@@H](O[C@H]3C[C@H](OC)[C@@H](O[C@H]4C[C@H](OC)[C@@H](O)[C@H](C)O4)[C@H](C)O3)[C@@H](C)\C=C\C=C3/CO[C@@H]4[C@H](O)C(C)=C[C@@H](C(=O)O1)[C@]34O)O2 |c:17,48,56,t:46|, CC[C@H](C)[C@H]1O[C@]2(CC[C@@H]1C)C[C@@H]1C[C@@H](C\C=C(C)\[C@@H](O[C@H]3C[C@H](OC)[C@@H](O[C@H]4C[C@H](OC)[C@@H](O)[C@H](C)O4)[C@H](C)O3)[C@@H](C)\C=C\C=C3/CO[C@@H]4[C@H](O)C(C)=C[C@@H](C(=O)O1)[C@]34O)O2 |c:17,48,56,t:46|, CC[C@H](C)[C@H]1O[C@]2(CC[C@@H]1C)C[C@@H]1C[C@@H](C\C=C(C)\[C@@H](O[C@H]3C[C@H](OC)[C@@H](O[C@H]4C[C@H](OC)[C@@H](O)[C@H](C)O4)[C@H](C)O3)[C@@H](C)\C=C\C=C3/CO[C@@H]4[C@H](O)C(C)=C[C@@H](C(=O)O1)[C@]34O)O2 |c:17,48,56,t:46|, CC[C@H](C)[C@H]1O[C@]2(CC[C@@H]1C)C[C@@H]1C[C@@H](C\C=C(C)\[C@@H](O[C@H]3C[C@H](OC)[C@@H](O[C@H]4C[C@H](OC)[C@@H](O)[C@H](C)O4)[C@H](C)O3)[C@@H](C)\C=C\C=C3/CO[C@@H]4[C@H](O)C(C)=C[C@@H](C(=O)O1)[C@]34O)O2 |c:17,48,56,t:46|, CC[C@H](C)[C@H]1O[C@]2(CC[C@@H]1C)C[C@@H]1C[C@@H](C\C=C(C)\[C@@H](O[C@H]3C[C@H](OC)[C@@H](O[C@H]4C[C@H](OC)[C@@H](O)[C@H](C)O4)[C@H](C)O3)[C@@H](C)\C=C\C=C3/CO[C@@H]4[C@H](O)C(C)=C[C@@H](C(=O)O1)[C@]34O)O2 |c:17,48,56,t:46|, CC[C@H](C)[C@H]1O[C@]2(CC[C@@H]1C)C[C@@H]1C[C@@H](C\C=C(C)\[C@@H](O[C@H]3C[C@H](OC)[C@@H](O[C@H]4C[C@H](OC)[C@@H](O)[C@H](C)O4)[C@H](C)O3)[C@@H](C)\C=C\C=C3/CO[C@@H]4[C@H](O)C(C)=C[C@@H](C(=O)O1)[C@]34O)O2 |c:17,48,56,t:46|, CC[C@H](C)[C@H]1O[C@]2(CC[C@@H]1C)C[C@@H]1C[C@@H](C\C=C(C)\[C@@H](O[C@H]3C[C@H](OC)[C@@H](O[C@H]4C[C@H](OC)[C@@H](O)[C@H](C)O4)[C@H](C)O3)[C@@H](C)\C=C\C=C3/CO[C@@H]4[C@H](O)C(C)=C[C@@H](C(=O)O1)[C@]34O)O2 |c:17,48,56,t:46|, CC[C@H](C)[C@H]1O[C@]2(CC[C@@H]1C)C[C@@H]1C[C@@H](C\C=C(C)\[C@@H](O[C@H]3C[C@H](OC)[C@@H](O[C@H]4C[C@H](OC)[C@@H](O)[C@H](C)O4)[C@H](C)O3)[C@@H](C)\C=C\C=C3/CO[C@@H]4[C@H](O)C(C)=C[C@@H](C(=O)O1)[C@]34O)O2 |c:17,48,56,t:46|","AZSNMRSAGSSBNP-XPNPUAGNSA-N, AZSNMRSAGSSBNP-XPNPUAGNSA-N, AZSNMRSAGSSBNP-XPNPUAGNSA-N, AZSNMRSAGSSBNP-XPNPUAGNSA-N, AZSNMRSAGSSBNP-XPNPUAGNSA-N, AZSNMRSAGSSBNP-XPNPUAGNSA-N, AZSNMRSAGSSBNP-XPNPUAGNSA-N, AZSNMRSAGSSBNP-XPNPUAGNSA-N",Launched
ivosidenib,isocitrate dehydrogenase inhibitor,IDH1,hematologic malignancy,acute myeloid leukemia (AML),"MedChemEx, MedChemEx",97.39,"Fc1cncc(c1)N([C@H](C(=O)NC1CC(F)(F)C1)c1ccccc1Cl)C(=O)[C@@H]1CCC(=O)N1c1cc(ccn1)C#N, Fc1cncc(c1)N([C@H](C(=O)NC1CC(F)(F)C1)c1ccccc1Cl)C(=O)[C@@H]1CCC(=O)N1c1cc(ccn1)C#N","WIJZXSAJMHAVGX-DHLKQENFSA-N, WIJZXSAJMHAVGX-DHLKQENFSA-N",Launched
IWP-L6,porcupine inhibitor,PORCN,,,"Tocris, Selleck, Selleck",97.09,"O=C(CSc1nc2CCSc2c(=O)n1-c1ccccc1)Nc1ccc(cn1)-c1ccccc1, O=C(CSc1nc2CCSc2c(=O)n1-c1ccccc1)Nc1ccc(cn1)-c1ccccc1, O=C(CSc1nc2CCSc2c(=O)n1-c1ccccc1)Nc1ccc(cn1)-c1ccccc1","QESQGTFWEQMCMH-UHFFFAOYSA-N, QESQGTFWEQMCMH-UHFFFAOYSA-N, QESQGTFWEQMCMH-UHFFFAOYSA-N",Preclinical
ixabepilone,microtubule stabilizing agent,TUBB,oncology,breast cancer,"MedChemEx, MedChemEx, MedChemEx",98.98,"C[C@H]1CCC[C@@]2(C)O[C@H]2C[C@H](NC(=O)C[C@H](O)C(C)(C)C(=O)[C@H](C)[C@H]1O)C(\C)=C\c1csc(C)n1, C[C@H]1CCC[C@@]2(C)O[C@H]2C[C@H](NC(=O)C[C@H](O)C(C)(C)C(=O)[C@H](C)[C@H]1O)C(\C)=C\c1csc(C)n1, C[C@H]1CCC[C@@]2(C)O[C@H]2C[C@H](NC(=O)C[C@H](O)C(C)(C)C(=O)[C@H](C)[C@H]1O)C(\C)=C\c1csc(C)n1","FABUFPQFXZVHFB-QBNZTRRJSA-N, FABUFPQFXZVHFB-QBNZTRRJSA-N, FABUFPQFXZVHFB-QBNZTRRJSA-N",Launched
ixazomib,proteasome inhibitor,,hematologic malignancy,multiple myeloma,"MedChemEx, MedChemEx, MedChemEx, Selleck, Selleck, Selleck, Selleck",99.3,"CC(C)C[C@H](NC(=O)CNC(=O)c1cc(Cl)ccc1Cl)B(O)O, CC(C)C[C@H](NC(=O)CNC(=O)c1cc(Cl)ccc1Cl)B(O)O, CC(C)C[C@H](NC(=O)CNC(=O)c1cc(Cl)ccc1Cl)B(O)O, CC(C)C[C@H](NC(=O)CNC(=O)c1cc(Cl)ccc1Cl)B(O)O, CC(C)C[C@H](NC(=O)CNC(=O)c1cc(Cl)ccc1Cl)B(O)O, CC(C)C[C@H](NC(=O)CNC(=O)c1cc(Cl)ccc1Cl)B(O)O, CC(C)C[C@H](NC(=O)CNC(=O)c1cc(Cl)ccc1Cl)B(O)O","MXAYKZJJDUDWDS-LBPRGKRZSA-N, MXAYKZJJDUDWDS-LBPRGKRZSA-N, MXAYKZJJDUDWDS-LBPRGKRZSA-N, MXAYKZJJDUDWDS-LBPRGKRZSA-N, MXAYKZJJDUDWDS-LBPRGKRZSA-N, MXAYKZJJDUDWDS-LBPRGKRZSA-N, MXAYKZJJDUDWDS-LBPRGKRZSA-N",Launched
ixazomib-citrate,proteasome inhibitor,,hematologic malignancy,multiple myeloma,"Selleck, Selleck, Selleck, Selleck",92.47,"CC(C)C[C@H](NC(=O)CNC(=O)c1cc(Cl)ccc1Cl)B1OC(=O)C[C@@](CC(O)=O)(O1)C(O)=O |a:4,&1:25|, CC(C)C[C@H](NC(=O)CNC(=O)c1cc(Cl)ccc1Cl)B1OC(=O)C[C@@](CC(O)=O)(O1)C(O)=O |a:4,&1:25|, CC(C)C[C@H](NC(=O)CNC(=O)c1cc(Cl)ccc1Cl)B1OC(=O)C[C@@](CC(O)=O)(O1)C(O)=O |a:4,&1:25|, CC(C)C[C@H](NC(=O)CNC(=O)c1cc(Cl)ccc1Cl)B1OC(=O)C[C@@](CC(O)=O)(O1)C(O)=O |a:4,&1:25|","YTXSYWAKVMZICI-VBKZILBWSA-N, YTXSYWAKVMZICI-VBKZILBWSA-N, YTXSYWAKVMZICI-VBKZILBWSA-N, YTXSYWAKVMZICI-VBKZILBWSA-N",Launched
JAK3-inhibitor-V,JAK inhibitor,JAK3,,,"Tocris, Tocris",61.67,"C=CC(=O)c1ccc2ccccc2c1, C=CC(=O)c1ccc2ccccc2c1","FOTCGZPFSUWZBN-UHFFFAOYSA-N, FOTCGZPFSUWZBN-UHFFFAOYSA-N",Preclinical
JD-5037,cannabinoid receptor antagonist,,,,MedChemEx,100,CC(C)[C@H](\N=C(\NS(=O)(=O)c1ccc(Cl)cc1)N1C[C@@H](C(=N1)c1ccc(Cl)cc1)c1ccccc1)C(N)=O |c:21|,GTCSIQFTNPTSLO-RPWUZVMVSA-N,Preclinical
JDTic,opioid receptor antagonist,OPRK1,,,"MedChemEx, MedChemEx",94.46,"CC(C)[C@@H](CN1CC[C@](C)([C@@H](C)C1)c1cccc(O)c1)NC(=O)[C@H]1Cc2ccc(O)cc2CN1, CC(C)[C@@H](CN1CC[C@](C)([C@@H](C)C1)c1cccc(O)c1)NC(=O)[C@H]1Cc2ccc(O)cc2CN1","ZLVXBBHTMQJRSX-VMGNSXQWSA-N, ZLVXBBHTMQJRSX-VMGNSXQWSA-N",Phase 1
JHW-007,dopamine reuptake inhibitor,SLC6A3,,,"Tocris, Tocris",92.32,"CCCCN1[C@H]2CC[C@@H]1C[C@@H](C2)OC(c1ccc(F)cc1)c1ccc(F)cc1, CCCCN1[C@H]2CC[C@@H]1C[C@@H](C2)OC(c1ccc(F)cc1)c1ccc(F)cc1","HZEVDVGPBUFIAW-JKHIJQBDSA-N, HZEVDVGPBUFIAW-JKHIJQBDSA-N",Preclinical
JI-101,kinase inhibitor,,,,MedChemEx,99.03,COc1ccc(Br)cc1NC(=O)Nc1cccc2n(Cc3ccnc(N)c3)ccc12,ZXBFYBLSJMEBEP-UHFFFAOYSA-N,Phase 1/Phase 2
JIB04,histone lysine demethylase inhibitor,KDM4E,,,"Tocris, Tocris, Selleck, Selleck, Selleck, Selleck, Selleck, Selleck, Selleck",94.7,"Clc1ccc(N\N=C(/c2ccccc2)c2ccccn2)nc1, Clc1ccc(N\N=C(/c2ccccc2)c2ccccn2)nc1, Clc1ccc(N\N=C(/c2ccccc2)c2ccccn2)nc1, Clc1ccc(N\N=C(/c2ccccc2)c2ccccn2)nc1, Clc1ccc(N\N=C(/c2ccccc2)c2ccccn2)nc1, Clc1ccc(N\N=C(/c2ccccc2)c2ccccn2)nc1, Clc1ccc(N\N=C(/c2ccccc2)c2ccccn2)nc1, Clc1ccc(N\N=C(/c2ccccc2)c2ccccn2)nc1, Clc1ccc(N\N=C(/c2ccccc2)c2ccccn2)nc1","YHHFKWKMXWRVTJ-OQKWZONESA-N, YHHFKWKMXWRVTJ-OQKWZONESA-N, YHHFKWKMXWRVTJ-OQKWZONESA-N, YHHFKWKMXWRVTJ-OQKWZONESA-N, YHHFKWKMXWRVTJ-OQKWZONESA-N, YHHFKWKMXWRVTJ-OQKWZONESA-N, YHHFKWKMXWRVTJ-OQKWZONESA-N, YHHFKWKMXWRVTJ-OQKWZONESA-N, YHHFKWKMXWRVTJ-OQKWZONESA-N",Preclinical
JK-184,hedgehog pathway inhibitor,,,,"Tocris, Tocris, Tocris, Tocris, Tocris, Tocris",81.15,"CCOc1ccc(Nc2nc(cs2)-c2c(C)nc3ccccn23)cc1, CCOc1ccc(Nc2nc(cs2)-c2c(C)nc3ccccn23)cc1, CCOc1ccc(Nc2nc(cs2)-c2c(C)nc3ccccn23)cc1, CCOc1ccc(Nc2nc(cs2)-c2c(C)nc3ccccn23)cc1, CCOc1ccc(Nc2nc(cs2)-c2c(C)nc3ccccn23)cc1, CCOc1ccc(Nc2nc(cs2)-c2c(C)nc3ccccn23)cc1","ROYXIPOUVGDTAO-UHFFFAOYSA-N, ROYXIPOUVGDTAO-UHFFFAOYSA-N, ROYXIPOUVGDTAO-UHFFFAOYSA-N, ROYXIPOUVGDTAO-UHFFFAOYSA-N, ROYXIPOUVGDTAO-UHFFFAOYSA-N, ROYXIPOUVGDTAO-UHFFFAOYSA-N",Preclinical
JLK-6,gamma secretase inhibitor,PSEN1,,,Tocris,0,COc1oc(=O)c2cc(N)ccc2c1Cl,AMDGKLWVCUXONP-UHFFFAOYSA-N,Preclinical
JNJ-10191584,histamine receptor antagonist,HRH4,,,"Tocris, Tocris, Tocris, Tocris",99.26,"CN1CCN(CC1)C(=O)c1nc2ccc(Cl)cc2[nH]1, CN1CCN(CC1)C(=O)c1nc2ccc(Cl)cc2[nH]1, CN1CCN(CC1)C(=O)c1nc2ccc(Cl)cc2[nH]1, CN1CCN(CC1)C(=O)c1nc2ccc(Cl)cc2[nH]1","MOIWSUQWIOVGRH-UHFFFAOYSA-N, MOIWSUQWIOVGRH-UHFFFAOYSA-N, MOIWSUQWIOVGRH-UHFFFAOYSA-N, MOIWSUQWIOVGRH-UHFFFAOYSA-N",Preclinical
JNJ-10397049,orexin receptor antagonist,"HCRTR1, HCRTR2",,,"Tocris, Tocris",98.74,"CC1(C)OC[C@H](NC(=O)Nc2ccc(Br)cc2Br)[C@@H](O1)c1ccccc1, CC1(C)OC[C@H](NC(=O)Nc2ccc(Br)cc2Br)[C@@H](O1)c1ccccc1","RBKIJGLHFFQHBE-IRXDYDNUSA-N, RBKIJGLHFFQHBE-IRXDYDNUSA-N",Preclinical
JNJ-16259685,glutamate receptor antagonist,GRM1,,,"Tocris, Tocris, Tocris",97.98,"CO[C@H]1CC[C@H](CC1)C(=O)c1ccc2nc3OCCCc3cc2c1 |r|, CO[C@H]1CC[C@H](CC1)C(=O)c1ccc2nc3OCCCc3cc2c1 |r|, CO[C@H]1CC[C@H](CC1)C(=O)c1ccc2nc3OCCCc3cc2c1 |r|","QOTAQTRFJWLFCR-XFHMXUHZSA-N, QOTAQTRFJWLFCR-XFHMXUHZSA-N, QOTAQTRFJWLFCR-XFHMXUHZSA-N",Preclinical
JNJ-1661010,FAAH inhibitor,FAAH,,,"Tocris, Selleck, Selleck, Tocris",97.03,"O=C(Nc1ccccc1)N1CCN(CC1)c1nc(ns1)-c1ccccc1, O=C(Nc1ccccc1)N1CCN(CC1)c1nc(ns1)-c1ccccc1, O=C(Nc1ccccc1)N1CCN(CC1)c1nc(ns1)-c1ccccc1, O=C(Nc1ccccc1)N1CCN(CC1)c1nc(ns1)-c1ccccc1","BHBOSTKQCZEAJM-UHFFFAOYSA-N, BHBOSTKQCZEAJM-UHFFFAOYSA-N, BHBOSTKQCZEAJM-UHFFFAOYSA-N, BHBOSTKQCZEAJM-UHFFFAOYSA-N",Preclinical
JNJ-17203212,TRPV antagonist,TRPV1,,,"Tocris, Tocris, Tocris, Tocris",94.57,"FC(F)(F)c1ccc(NC(=O)N2CCN(CC2)c2ncccc2C(F)(F)F)nc1, FC(F)(F)c1ccc(NC(=O)N2CCN(CC2)c2ncccc2C(F)(F)F)nc1, FC(F)(F)c1ccc(NC(=O)N2CCN(CC2)c2ncccc2C(F)(F)F)nc1, FC(F)(F)c1ccc(NC(=O)N2CCN(CC2)c2ncccc2C(F)(F)F)nc1","JFRYYGVYCWYIDQ-UHFFFAOYSA-N, JFRYYGVYCWYIDQ-UHFFFAOYSA-N, JFRYYGVYCWYIDQ-UHFFFAOYSA-N, JFRYYGVYCWYIDQ-UHFFFAOYSA-N",Preclinical
JNJ-26481585,HDAC inhibitor,"HDAC1, HDAC10, HDAC11, HDAC2, HDAC3, HDAC4, HDAC5, HDAC6, HDAC7, HDAC8, HDAC9, MDM2",,,"Selleck, Selleck, Selleck, MedChemEx, MedChemEx",94.07,"Cn1cc(CNCC2CCN(CC2)c2ncc(cn2)C(=O)NO)c2ccccc12, Cn1cc(CNCC2CCN(CC2)c2ncc(cn2)C(=O)NO)c2ccccc12, Cn1cc(CNCC2CCN(CC2)c2ncc(cn2)C(=O)NO)c2ccccc12, Cn1cc(CNCC2CCN(CC2)c2ncc(cn2)C(=O)NO)c2ccccc12, Cn1cc(CNCC2CCN(CC2)c2ncc(cn2)C(=O)NO)c2ccccc12","PAWIYAYFNXQGAP-UHFFFAOYSA-N, PAWIYAYFNXQGAP-UHFFFAOYSA-N, PAWIYAYFNXQGAP-UHFFFAOYSA-N, PAWIYAYFNXQGAP-UHFFFAOYSA-N, PAWIYAYFNXQGAP-UHFFFAOYSA-N",Phase 2
JNJ-26990990,anticonvulsant,,,,Enamine,93.07,NS(=O)(=O)NCc1csc2ccccc12,AWSKBQNOSRREEY-UHFFFAOYSA-N,Phase 2
JNJ-27141491,CC chemokine receptor antagonist,CCR2,,,"Tocris, Tocris",92.79,"CC[C@@H](c1ccc(F)c(F)c1)n1c(C(=O)OC)c([nH]c1=S)-c1ccno1, CC[C@@H](c1ccc(F)c(F)c1)n1c(C(=O)OC)c([nH]c1=S)-c1ccno1","SYARXICKXVXWNA-LBPRGKRZSA-N, SYARXICKXVXWNA-LBPRGKRZSA-N",Preclinical
JNJ-37822681,dopamine receptor antagonist,DRD2,,,"Enamine, Enamine",89,"Fc1ccc(CN2CCC(CC2)Nc2ccc(nn2)C(F)(F)F)cc1F, Fc1ccc(CN2CCC(CC2)Nc2ccc(nn2)C(F)(F)F)cc1F","UVUYWJWYRLJHEN-UHFFFAOYSA-N, UVUYWJWYRLJHEN-UHFFFAOYSA-N",Phase 2
JNJ-38877605,tyrosine kinase inhibitor,MET,,,Selleck,97.35,Cn1cc(cn1)-c1ccc2nnc(n2n1)C(F)(F)c1ccc2ncccc2c1,JRWCBEOAFGHNNU-UHFFFAOYSA-N,Phase 1
JNJ-38877618,c-Met inhibitor,,,,MedChemEx,97.64,FC(F)(c1nnc2ccc(nn12)-c1ccncc1)c1ccc2ncccc2c1,KOAWAWHSMVKCON-UHFFFAOYSA-N,Phase 1
JNJ-39758979,histamine receptor antagonist,,,,MedChemEx,96.5,CC(C)c1cc(nc(N)n1)N1CC[C@@H](N)C1,COOGVHJHSCBOQT-MRVPVSSYSA-N,Phase 2
JNJ-40411813,glutamate receptor positive allosteric modulator,GRM2,,,MedChemEx,95.69,CCCCn1ccc(N2CCC(CC2)c2ccccc2)c(Cl)c1=O,HYOGJHCDLQSAHX-UHFFFAOYSA-N,Phase 2
JNJ-42041935,hypoxia inducible factor prolyl hydroxylase inhibitor,PDK2,,,"MedChemEx, MedChemEx",98.43,"OC(=O)c1cnn(c1)-c1nc2cc(Cl)c(OC(F)(F)F)cc2[nH]1, OC(=O)c1cnn(c1)-c1nc2cc(Cl)c(OC(F)(F)F)cc2[nH]1","FXHHASJVTYRJHH-UHFFFAOYSA-N, FXHHASJVTYRJHH-UHFFFAOYSA-N",Preclinical
JNJ-42165279,FAAH inhibitor,FAAH,,,"MedChemEx, MedChemEx",97.53,"FC1(F)Oc2ccc(CN3CCN(CC3)C(=O)Nc3cnccc3Cl)cc2O1, FC1(F)Oc2ccc(CN3CCN(CC3)C(=O)Nc3cnccc3Cl)cc2O1","YWGYNGCRVZLMCS-UHFFFAOYSA-N, YWGYNGCRVZLMCS-UHFFFAOYSA-N",Phase 2
JNJ-47965567,purinergic receptor antagonist,P2RX7,,,"Tocris, Tocris",96.63,"O=C(NCC1(CCOCC1)N1CCN(CC1)c1ccccc1)c1cccnc1Sc1ccccc1, O=C(NCC1(CCOCC1)N1CCN(CC1)c1ccccc1)c1cccnc1Sc1ccccc1","XREFXUCWSYMIOG-UHFFFAOYSA-N, XREFXUCWSYMIOG-UHFFFAOYSA-N",Preclinical
JNJ-54175446,purinergic receptor antagonist,,,,Astatech,97.94,C[C@H]1N(CCc2c1nnn2-c1ncc(F)cn1)C(=O)c1cccc(c1Cl)C(F)(F)F,CWFVVQFVGMFTBD-SECBINFHSA-N,Phase 1
JNJ-63533054,G protein-coupled receptor agonist,GPR139,,,"Tocris, MedChemEx, MedChemEx",98.12,"C[C@H](NC(=O)CNC(=O)c1cccc(Cl)c1)c1ccccc1, C[C@H](NC(=O)CNC(=O)c1cccc(Cl)c1)c1ccccc1, C[C@H](NC(=O)CNC(=O)c1cccc(Cl)c1)c1ccccc1","MWDVCHRYCKXEBY-LBPRGKRZSA-N, MWDVCHRYCKXEBY-LBPRGKRZSA-N, MWDVCHRYCKXEBY-LBPRGKRZSA-N",Preclinical
JNJ-64619178,protein arginine N-methyltransferase inhibitor,,,,Adooq,97.97,Nc1nc2cc(CC[C@H]3C[C@H]([C@H](O)[C@@H]3O)n3ccc4c(N)ncnc34)ccc2cc1Br,DBSMLQTUDJVICQ-CJODITQLSA-N,Phase 1
JNJ-678,RSV fusion inhibitor,,,,MedChemEx,95.6,CS(=O)(=O)CCCn1c(Cn2c3cnccc3n(CC(F)(F)F)c2=O)cc2cc(Cl)ccc12,GTQTUABHRCWVLL-UHFFFAOYSA-N,Phase 1
JNJ-7706621,CDK inhibitor,"AURKA, AURKB, CDK1, CDK2",,,"Selleck, Selleck, Selleck, Selleck, Selleck, Adooq, Adooq, Adooq",99.39,"Nc1nc(Nc2ccc(cc2)S(N)(=O)=O)nn1C(=O)c1c(F)cccc1F, Nc1nc(Nc2ccc(cc2)S(N)(=O)=O)nn1C(=O)c1c(F)cccc1F, Nc1nc(Nc2ccc(cc2)S(N)(=O)=O)nn1C(=O)c1c(F)cccc1F, Nc1nc(Nc2ccc(cc2)S(N)(=O)=O)nn1C(=O)c1c(F)cccc1F, Nc1nc(Nc2ccc(cc2)S(N)(=O)=O)nn1C(=O)c1c(F)cccc1F, Nc1nc(Nc2ccc(cc2)S(N)(=O)=O)nn1C(=O)c1c(F)cccc1F, Nc1nc(Nc2ccc(cc2)S(N)(=O)=O)nn1C(=O)c1c(F)cccc1F, Nc1nc(Nc2ccc(cc2)S(N)(=O)=O)nn1C(=O)c1c(F)cccc1F","KDKUVYLMPJIGKA-UHFFFAOYSA-N, KDKUVYLMPJIGKA-UHFFFAOYSA-N, KDKUVYLMPJIGKA-UHFFFAOYSA-N, KDKUVYLMPJIGKA-UHFFFAOYSA-N, KDKUVYLMPJIGKA-UHFFFAOYSA-N, InChI=1S/C15H12F2N6O3S/c16-10-2-1-3-11(17)12(10)13(24)23-14(18)21-15(22-23)20-8-4-6-9(7-5-8)27(19,25)26/h1-7H,(H2,19,25,26)(H3,18,20,21,22), InChI=1S/C15H12F2N6O3S/c16-10-2-1-3-11(17)12(10)13(24)23-14(18)21-15(22-23)20-8-4-6-9(7-5-8)27(19,25)26/h1-7H,(H2,19,25,26)(H3,18,20,21,22), InChI=1S/C15H12F2N6O3S/c16-10-2-1-3-11(17)12(10)13(24)23-14(18)21-15(22-23)20-8-4-6-9(7-5-8)27(19,25)26/h1-7H,(H2,19,25,26)(H3,18,20,21,22)",Preclinical
JNJ-7777120,histamine receptor antagonist,HRH4,,,"Tocris, Selleck, Tocris, Tocris",97.84,"CN1CCN(CC1)C(=O)c1cc2cc(Cl)ccc2[nH]1, CN1CCN(CC1)C(=O)c1cc2cc(Cl)ccc2[nH]1, CN1CCN(CC1)C(=O)c1cc2cc(Cl)ccc2[nH]1, CN1CCN(CC1)C(=O)c1cc2cc(Cl)ccc2[nH]1","HUQJRYMLJBBEDO-UHFFFAOYSA-N, HUQJRYMLJBBEDO-UHFFFAOYSA-N, HUQJRYMLJBBEDO-UHFFFAOYSA-N, HUQJRYMLJBBEDO-UHFFFAOYSA-N",Preclinical
josamycin,bacterial 50S ribosomal subunit inhibitor,,pulmonary,bronchitis,MedChemEx,89.99,"[H][C@@]1(C[C@@](C)(O)[C@@H](OC(=O)CC(C)C)[C@H](C)O1)O[C@@H]1[C@@H](C)O[C@@]([H])(O[C@H]2[C@@H](CC=O)C[C@@H](C)[C@@H](O)\C=C\C=C\C[C@@H](C)OC(=O)C[C@@]([H])(OC(C)=O)[C@@H]2OC)[C@H](O)[C@H]1N(C)C |t:36,38|",XJSFLOJWULLJQS-MJKZEBMBSA-N,Launched
JPH203,solute carrier family member inhibitor,,,,MedChemEx,92.99,N[C@@H](Cc1cc(Cl)c(OCc2cc(N)cc3nc(oc23)-c2ccccc2)c(Cl)c1)C(O)=O,XNRZJPQTMQZBCE-SFHVURJKSA-N,Preclinical
JQ1-(+),bromodomain inhibitor,"BRD4, BRDT",,,"Tocris, Selleck, Selleck, Selleck, Selleck, Selleck, Selleck",97.16,"Cc1nnc2[C@H](CC(=O)OC(C)(C)C)N=C(c3c(C)c(C)sc3-n12)c1ccc(Cl)cc1 |c:14|, Cc1nnc2[C@H](CC(=O)OC(C)(C)C)N=C(c3c(C)c(C)sc3-n12)c1ccc(Cl)cc1 |c:14|, Cc1nnc2[C@H](CC(=O)OC(C)(C)C)N=C(c3c(C)c(C)sc3-n12)c1ccc(Cl)cc1 |c:14|, Cc1nnc2[C@H](CC(=O)OC(C)(C)C)N=C(c3c(C)c(C)sc3-n12)c1ccc(Cl)cc1 |c:14|, Cc1nnc2[C@H](CC(=O)OC(C)(C)C)N=C(c3c(C)c(C)sc3-n12)c1ccc(Cl)cc1 |c:14|, Cc1nnc2[C@H](CC(=O)OC(C)(C)C)N=C(c3c(C)c(C)sc3-n12)c1ccc(Cl)cc1 |c:14|, Cc1nnc2[C@H](CC(=O)OC(C)(C)C)N=C(c3c(C)c(C)sc3-n12)c1ccc(Cl)cc1 |c:14|","DNVXATUJJDPFDM-KRWDZBQOSA-N, DNVXATUJJDPFDM-KRWDZBQOSA-N, DNVXATUJJDPFDM-KRWDZBQOSA-N, DNVXATUJJDPFDM-KRWDZBQOSA-N, DNVXATUJJDPFDM-KRWDZBQOSA-N, DNVXATUJJDPFDM-KRWDZBQOSA-N, DNVXATUJJDPFDM-KRWDZBQOSA-N",Preclinical
JTC-801,opioid receptor antagonist,OPRL1,,,"Tocris, Tocris, Selleck, Selleck",97.3,"CCc1ccc(OCc2ccccc2C(=O)Nc2ccc3nc(C)cc(N)c3c2)cc1, CCc1ccc(OCc2ccccc2C(=O)Nc2ccc3nc(C)cc(N)c3c2)cc1, CCc1ccc(OCc2ccccc2C(=O)Nc2ccc3nc(C)cc(N)c3c2)cc1, CCc1ccc(OCc2ccccc2C(=O)Nc2ccc3nc(C)cc(N)c3c2)cc1","VTGBZWHPJFMTKS-UHFFFAOYSA-N, VTGBZWHPJFMTKS-UHFFFAOYSA-N, VTGBZWHPJFMTKS-UHFFFAOYSA-N, VTGBZWHPJFMTKS-UHFFFAOYSA-N",Phase 2
JTE-013,lysophospholipid receptor antagonist,"P2RY10, S1PR2",,,"Tocris, Tocris, Tocris",87.11,"CC(C)c1cc(NNC(=O)Nc2cc(Cl)nc(Cl)c2)nc2n(C)nc(C)c12, CC(C)c1cc(NNC(=O)Nc2cc(Cl)nc(Cl)c2)nc2n(C)nc(C)c12, CC(C)c1cc(NNC(=O)Nc2cc(Cl)nc(Cl)c2)nc2n(C)nc(C)c12","RNSLRQNDXRSASX-UHFFFAOYSA-N, RNSLRQNDXRSASX-UHFFFAOYSA-N, RNSLRQNDXRSASX-UHFFFAOYSA-N",Preclinical
JTE-607,cytokine production inhibitor,"IL10, IL1B, IL6, TNF",,,"Tocris, Tocris, Tocris, Tocris, Tocris",98.12,"CCOC(=O)[C@H](Cc1ccccc1)NC(=O)c1cc(Cl)c(OCCN2CCN(C)CC2)c(Cl)c1O, CCOC(=O)[C@H](Cc1ccccc1)NC(=O)c1cc(Cl)c(OCCN2CCN(C)CC2)c(Cl)c1O, CCOC(=O)[C@H](Cc1ccccc1)NC(=O)c1cc(Cl)c(OCCN2CCN(C)CC2)c(Cl)c1O, CCOC(=O)[C@H](Cc1ccccc1)NC(=O)c1cc(Cl)c(OCCN2CCN(C)CC2)c(Cl)c1O, CCOC(=O)[C@H](Cc1ccccc1)NC(=O)c1cc(Cl)c(OCCN2CCN(C)CC2)c(Cl)c1O","IPSSXIMJJXSJQB-FQEVSTJZSA-N, IPSSXIMJJXSJQB-FQEVSTJZSA-N, IPSSXIMJJXSJQB-FQEVSTJZSA-N, IPSSXIMJJXSJQB-FQEVSTJZSA-N, IPSSXIMJJXSJQB-FQEVSTJZSA-N",Phase 2
JTE-907,cannabinoid receptor inverse agonist,CNR2,,,"Tocris, Tocris, Tocris",98.31,"CCCCCOc1c(OC)ccc2cc(C(=O)NCc3ccc4OCOc4c3)c(=O)[nH]c12, CCCCCOc1c(OC)ccc2cc(C(=O)NCc3ccc4OCOc4c3)c(=O)[nH]c12, CCCCCOc1c(OC)ccc2cc(C(=O)NCc3ccc4OCOc4c3)c(=O)[nH]c12","GRAJFFFXJYFVOC-UHFFFAOYSA-N, GRAJFFFXJYFVOC-UHFFFAOYSA-N, GRAJFFFXJYFVOC-UHFFFAOYSA-N",Phase 1
JW-55,tankyrase inhibitor,"TNKS, TNKS2",,,"Tocris, Tocris, ChemBridge, ChemBridge, ChemBridge, ChemBridge, ChemBridge",96.32,"COc1ccc(cc1)C1(CNC(=O)c2ccc(NC(=O)c3ccco3)cc2)CCOCC1, COc1ccc(cc1)C1(CNC(=O)c2ccc(NC(=O)c3ccco3)cc2)CCOCC1, COc1ccc(cc1)C1(CNC(=O)c2ccc(NC(=O)c3ccco3)cc2)CCOCC1, COc1ccc(cc1)C1(CNC(=O)c2ccc(NC(=O)c3ccco3)cc2)CCOCC1, COc1ccc(cc1)C1(CNC(=O)c2ccc(NC(=O)c3ccco3)cc2)CCOCC1, COc1ccc(cc1)C1(CNC(=O)c2ccc(NC(=O)c3ccco3)cc2)CCOCC1, COc1ccc(cc1)C1(CNC(=O)c2ccc(NC(=O)c3ccco3)cc2)CCOCC1","ZJZWZIXSGNFWQQ-UHFFFAOYSA-N, ZJZWZIXSGNFWQQ-UHFFFAOYSA-N, ZJZWZIXSGNFWQQ-UHFFFAOYSA-N, ZJZWZIXSGNFWQQ-UHFFFAOYSA-N, ZJZWZIXSGNFWQQ-UHFFFAOYSA-N, ZJZWZIXSGNFWQQ-UHFFFAOYSA-N, ZJZWZIXSGNFWQQ-UHFFFAOYSA-N",Preclinical
JW-642,monoacylglycerol lipase inhibitor,MGLL,,,"Tocris, Tocris",95.25,"FC(F)(F)C(OC(=O)N1CCN(Cc2cccc(Oc3ccccc3)c2)CC1)C(F)(F)F, FC(F)(F)C(OC(=O)N1CCN(Cc2cccc(Oc3ccccc3)c2)CC1)C(F)(F)F","AVSCNEOUWSVZEY-UHFFFAOYSA-N, AVSCNEOUWSVZEY-UHFFFAOYSA-N",Preclinical
JW-67,WNT pathway inhibitor,"APC, AXIN1, GSK3B",,,"Tocris, Tocris, Tocris",96.6,"O=C1Nc2ccccc2C11OCC2(CO1)COC1(OC2)C(=O)Nc2ccccc12, O=C1Nc2ccccc2C11OCC2(CO1)COC1(OC2)C(=O)Nc2ccccc12, O=C1Nc2ccccc2C11OCC2(CO1)COC1(OC2)C(=O)Nc2ccccc12","BTXRSHKJNDFHGA-UHFFFAOYSA-N, BTXRSHKJNDFHGA-UHFFFAOYSA-N, BTXRSHKJNDFHGA-UHFFFAOYSA-N",Preclinical
JW-74,"tankyrase inhibitor, WNT signaling inhibitor","TNKS, TNKS2",,,"PrincetonBio, Tocris, Tocris",99.87,"COc1ccc(cc1)-n1c(SCc2nc(no2)-c2ccc(C)cc2)nnc1-c1ccncc1, COc1ccc(cc1)-n1c(SCc2nc(no2)-c2ccc(C)cc2)nnc1-c1ccncc1, COc1ccc(cc1)-n1c(SCc2nc(no2)-c2ccc(C)cc2)nnc1-c1ccncc1","KRIKILRRJCIWNB-UHFFFAOYSA-N, KRIKILRRJCIWNB-UHFFFAOYSA-N, KRIKILRRJCIWNB-UHFFFAOYSA-N",Preclinical
JX-401,p38 MAPK inhibitor,MAPK14,,,"Tocris, Tocris, Tocris",98.22,"COc1cc(SC)ccc1C(=O)N1CCC(Cc2ccccc2)CC1, COc1cc(SC)ccc1C(=O)N1CCC(Cc2ccccc2)CC1, COc1cc(SC)ccc1C(=O)N1CCC(Cc2ccccc2)CC1","OMGLGPKQUFSRNN-UHFFFAOYSA-N, OMGLGPKQUFSRNN-UHFFFAOYSA-N, OMGLGPKQUFSRNN-UHFFFAOYSA-N",Preclinical
JZL-184,monoacylglucerol lipase inhibitor,MGLL,,,"Tocris, Selleck",96.24,"OC(C1CCN(CC1)C(=O)Oc1ccc(cc1)[N+]([O-])=O)(c1ccc2OCOc2c1)c1ccc2OCOc2c1, OC(C1CCN(CC1)C(=O)Oc1ccc(cc1)[N+]([O-])=O)(c1ccc2OCOc2c1)c1ccc2OCOc2c1","SEGYOKHGGFKMCX-UHFFFAOYSA-N, SEGYOKHGGFKMCX-UHFFFAOYSA-N",Preclinical
JZL-195,"FAAH inhibitor, monoacylglycerol lipase inhibitor","FAAH, MGLL",,,"Tocris, Tocris",98.35,"[O-][N+](=O)c1ccc(OC(=O)N2CCN(Cc3cccc(Oc4ccccc4)c3)CC2)cc1, [O-][N+](=O)c1ccc(OC(=O)N2CCN(Cc3cccc(Oc4ccccc4)c3)CC2)cc1","QNYRAEKLMNDRFY-UHFFFAOYSA-N, QNYRAEKLMNDRFY-UHFFFAOYSA-N",Preclinical
J147,BDNF inducer,,,,AMS,89.09,COc1cccc(\C=N\N(C(=O)C(F)(F)F)c2ccc(C)cc2C)c1,HYMZAYGFKNNHDN-SSDVNMTOSA-N,Phase 1
K-MAP,,,,,ChemBridge,92.13,"OC[C@H]1O[C@@H](Nc2ccc(cc2)C(O)=O)[C@@H](O)[C@@H](O)[C@@H]1O |&1:2,&2:4,&3:15,&4:17,&5:19,r|",VXMVXDITZWJXJN-LDMBFOFVSA-N,Phase 2
K-Ras(G12C)-inhibitor-12,K-Ras inhibitor,KRAS,,,"MedChemEx, MedChemEx, MedChemEx",82.19,"Oc1cc(Cl)c(I)cc1NCC(=O)N1CCN(CC1)C(=O)C=C, Oc1cc(Cl)c(I)cc1NCC(=O)N1CCN(CC1)C(=O)C=C, Oc1cc(Cl)c(I)cc1NCC(=O)N1CCN(CC1)C(=O)C=C","JFIFBWVNHLXJFY-UHFFFAOYSA-N, JFIFBWVNHLXJFY-UHFFFAOYSA-N, JFIFBWVNHLXJFY-UHFFFAOYSA-N",Preclinical
K-Ras(G12C)-inhibitor-6,K-Ras inhibitor,,,,"Selleck, Selleck, Selleck, Selleck",94.21,"SCCCC(=O)NC1CCN(CC1)C(=O)COc1ccc(Cl)cc1Cl, SCCCC(=O)NC1CCN(CC1)C(=O)COc1ccc(Cl)cc1Cl, SCCCC(=O)NC1CCN(CC1)C(=O)COc1ccc(Cl)cc1Cl, SCCCC(=O)NC1CCN(CC1)C(=O)COc1ccc(Cl)cc1Cl","ZPXCEHMKUTXHRZ-UHFFFAOYSA-N, ZPXCEHMKUTXHRZ-UHFFFAOYSA-N, ZPXCEHMKUTXHRZ-UHFFFAOYSA-N, ZPXCEHMKUTXHRZ-UHFFFAOYSA-N",Preclinical
K-strophanthidin,ATPase inhibitor,ATP1A1,,,"Sigma, Sigma",94.49,"C[C@]12CC[C@H]3[C@@H](CC[C@]4(O)C[C@@H](O)CC[C@]34C=O)[C@@]1(O)CC[C@@H]2C1=CC(=O)OC1 |t:27|, C[C@]12CC[C@H]3[C@@H](CC[C@]4(O)C[C@@H](O)CC[C@]34C=O)[C@@]1(O)CC[C@@H]2C1=CC(=O)OC1 |t:27|","ODJLBQGVINUMMR-HZXDTFASSA-N, ODJLBQGVINUMMR-HZXDTFASSA-N",Phase 2
K-247,,,,,ChemBridge,62.72,"OC[C@H]1O[C@@H](Nc2ccc(cc2)C(O)=O)[C@@H](O)[C@@H]1O |&1:2,&2:4,&3:15,&4:17,r|",QNUBRHYSSHJWDH-CHWFTXMASA-N,Phase 1
K-858,kinesin-like spindle protein inhibitor,KIF11,,,"Tocris, Tocris",98.42,"CC(=O)NC1=NN(C(C)=O)[C@@](C)(S1)c1ccccc1 |&1:10,r,t:4|, CC(=O)NC1=NN(C(C)=O)[C@@](C)(S1)c1ccccc1 |&1:10,r,t:4|","JEFVYQYZCAVNTP-ZDUSSCGKSA-N, JEFVYQYZCAVNTP-ZDUSSCGKSA-N",Preclinical
kaempferol,"bone resorption inhibitor, estrogen-related receptor inverse agonist","AKR1B1, ALOX15B, ALOX5, AR, CYP1B1, GLO1, HSD17B1, UGT3A1",,,"Tocris, Selleck, Tocris, Selleck",97.71,"Oc1ccc(cc1)-c1oc2cc(O)cc(O)c2c(=O)c1O, Oc1ccc(cc1)-c1oc2cc(O)cc(O)c2c(=O)c1O, Oc1ccc(cc1)-c1oc2cc(O)cc(O)c2c(=O)c1O, Oc1ccc(cc1)-c1oc2cc(O)cc(O)c2c(=O)c1O","IYRMWMYZSQPJKC-UHFFFAOYSA-N, IYRMWMYZSQPJKC-UHFFFAOYSA-N, IYRMWMYZSQPJKC-UHFFFAOYSA-N, IYRMWMYZSQPJKC-UHFFFAOYSA-N",Preclinical
KAF-156,antimalarial agent,,,,Astatech,93.34,CC1(C)N(CCn2c(Nc3ccc(F)cc3)c(nc12)-c1ccc(F)cc1)C(=O)CN,BUPRVECGWBHCQV-UHFFFAOYSA-N,Preclinical
kainic-acid,kainate receptor agonist,"GRIA1, GRIK1, GRIK2, GRIK3, GRIK4, GRIK5",,,"Tocris, Tocris",100,"CC(=C)[C@H]1CN[C@@H]([C@H]1CC(O)=O)C(O)=O, CC(=C)[C@H]1CN[C@@H]([C@H]1CC(O)=O)C(O)=O","VLSMHEGGTFMBBZ-OOZYFLPDSA-N, VLSMHEGGTFMBBZ-OOZYFLPDSA-N",Preclinical
kakonein,"GABA receptor antagonist, serotonin receptor antagonist",,,,"Vitas-M, Vitas-M",97.6,"OC[C@H]1O[C@@H]([C@@H](O)[C@@H](O)[C@@H]1O)c1c(O)ccc2c1occ(-c1ccc(O)cc1)c2=O |&1:2,&2:4,&3:5,&4:7,&5:9,r|, OC[C@H]1O[C@@H]([C@@H](O)[C@@H](O)[C@@H]1O)c1c(O)ccc2c1occ(-c1ccc(O)cc1)c2=O |&1:2,&2:4,&3:5,&4:7,&5:9,r|","HKEAFJYKMMKDOR-YAJUCGGBSA-N, HKEAFJYKMMKDOR-YAJUCGGBSA-N",Phase 2
kanamycin,bacterial 30S ribosomal subunit inhibitor,,infectious disease,gram-negative bacterial infections,"MedChemEx, MedChemEx, MicroSource",0,"NC[C@H]1O[C@H](O[C@@H]2[C@@H](N)C[C@@H](N)[C@H](O[C@H]3O[C@H](CO)[C@@H](O)[C@H](N)[C@H]3O)[C@H]2O)[C@H](O)[C@@H](O)[C@@H]1O, NC[C@H]1O[C@H](O[C@@H]2[C@@H](N)C[C@@H](N)[C@H](O[C@H]3O[C@H](CO)[C@@H](O)[C@H](N)[C@H]3O)[C@H]2O)[C@H](O)[C@@H](O)[C@@H]1O, NC[C@H]1O[C@H](O[C@@H]2[C@@H](N)C[C@@H](N)[C@H](O[C@H]3O[C@H](CO)[C@@H](O)[C@H](N)[C@H]3O)[C@H]2O)[C@H](O)[C@@H](O)[C@@H]1O","SBUJHOSQTJFQJX-NOAMYHISSA-N, SBUJHOSQTJFQJX-NOAMYHISSA-N, SBUJHOSQTJFQJX-NOAMYHISSA-N",Launched
karenitecin,topoisomerase inhibitor,TOP1,,,MedChemEx,95.49,CC[C@@]1(O)C(=O)OCc2c1cc1-c3nc4ccccc4c(CC[Si](C)(C)C)c3Cn1c2=O,POADTFBBIXOWFJ-VWLOTQADSA-N,Phase 3
kartogenin,chondrocyte differentiation stimulator,FLNA,,,"Tocris, Tocris",94.22,"OC(=O)c1ccccc1C(=O)Nc1ccc(cc1)-c1ccccc1, OC(=O)c1ccccc1C(=O)Nc1ccc(cc1)-c1ccccc1","SLUINPGXGFUMLL-UHFFFAOYSA-N, SLUINPGXGFUMLL-UHFFFAOYSA-N",Preclinical
kasugamycin,bacterial 30S ribosomal subunit inhibitor,,,,MedChemEx,100,C[C@H]1O[C@H](O[C@@H]2[C@@H](O)[C@@H](O)[C@H](O)[C@H](O)[C@H]2O)[C@@H](N)C[C@@H]1NC(=N)C(O)=O,PVTHJAPFENJVNC-MHRBZPPQSA-N,Preclinical
KB-R7943,sodium/calcium exchange inhibitor,"SLC8A1, TRPC3, TRPC5, TRPC6",,,"Tocris, Tocris, Tocris",95.96,"NC(=N)SCCc1ccc(OCc2ccc(cc2)[N+]([O-])=O)cc1, NC(=N)SCCc1ccc(OCc2ccc(cc2)[N+]([O-])=O)cc1, NC(=N)SCCc1ccc(OCc2ccc(cc2)[N+]([O-])=O)cc1","UMJUNUMSJDTYTM-UHFFFAOYSA-N, UMJUNUMSJDTYTM-UHFFFAOYSA-N, UMJUNUMSJDTYTM-UHFFFAOYSA-N",Preclinical
KB-SRC-4,SRC inhibitor,SRC,,,"Tocris, Tocris, Tocris",98.82,"Nc1ncnc2n(nc(-c3ccc(Cl)cc3)c12)-c1cccc(c1)-c1cnnn1Cc1cccc(c1)-c1ccccc1, Nc1ncnc2n(nc(-c3ccc(Cl)cc3)c12)-c1cccc(c1)-c1cnnn1Cc1cccc(c1)-c1ccccc1, Nc1ncnc2n(nc(-c3ccc(Cl)cc3)c12)-c1cccc(c1)-c1cnnn1Cc1cccc(c1)-c1ccccc1","UHIZYQVRKSWIFO-UHFFFAOYSA-N, UHIZYQVRKSWIFO-UHFFFAOYSA-N, UHIZYQVRKSWIFO-UHFFFAOYSA-N",Preclinical
KBG,neprilysin inhibitor,MME,,,"SantaCruz, SantaCruz",97.5,"O[C@H]1O[C@@H]2CO[C@@H](O[C@H]2[C@H](O)[C@H]1O)c1ccccc1 |a:3,8,9,11,&1:1,&2:6|, O[C@H]1O[C@@H]2CO[C@@H](O[C@H]2[C@H](O)[C@H]1O)c1ccccc1 |a:3,8,9,11,&1:1,&2:6|","FOLRUCXBTYDAQK-PTEOKISQSA-N, FOLRUCXBTYDAQK-PTEOKISQSA-N",Phase 2
KD-023,ACAT inhibitor,"ACACA, ACACB",,,"EMDBio, EMDBio",100,"CCCCCCCCCCCCCCOc1ccc(o1)C(O)=O, CCCCCCCCCCCCCCOc1ccc(o1)C(O)=O","CZRCFAOMWRAFIC-UHFFFAOYSA-N, CZRCFAOMWRAFIC-UHFFFAOYSA-N",Phase 2
KD025,rho associated kinase inhibitor,ROCK2,,,"MedChemEx, MedChemEx, MedChemEx, MedChemEx, MedChemEx, MedChemEx",98.4,"CC(C)NC(=O)COc1cccc(c1)-c1nc(Nc2ccc3n[nH]cc3c2)c2ccccc2n1, CC(C)NC(=O)COc1cccc(c1)-c1nc(Nc2ccc3n[nH]cc3c2)c2ccccc2n1, CC(C)NC(=O)COc1cccc(c1)-c1nc(Nc2ccc3n[nH]cc3c2)c2ccccc2n1, CC(C)NC(=O)COc1cccc(c1)-c1nc(Nc2ccc3n[nH]cc3c2)c2ccccc2n1, CC(C)NC(=O)COc1cccc(c1)-c1nc(Nc2ccc3n[nH]cc3c2)c2ccccc2n1, CC(C)NC(=O)COc1cccc(c1)-c1nc(Nc2ccc3n[nH]cc3c2)c2ccccc2n1","GKHIVNAUVKXIIY-UHFFFAOYSA-N, GKHIVNAUVKXIIY-UHFFFAOYSA-N, GKHIVNAUVKXIIY-UHFFFAOYSA-N, GKHIVNAUVKXIIY-UHFFFAOYSA-N, GKHIVNAUVKXIIY-UHFFFAOYSA-N, GKHIVNAUVKXIIY-UHFFFAOYSA-N",Phase 2
kenpaullone,"CDK inhibitor, glycogen synthase kinase inhibitor","CCNB1, CDK1, CDK5, GSK3B",,,"Tocris, Tocris, Tocris",96.42,"Brc1ccc2[nH]c-3c(CC(=O)Nc4ccccc-34)c2c1, Brc1ccc2[nH]c-3c(CC(=O)Nc4ccccc-34)c2c1, Brc1ccc2[nH]c-3c(CC(=O)Nc4ccccc-34)c2c1","QQUXFYAWXPMDOE-UHFFFAOYSA-N, QQUXFYAWXPMDOE-UHFFFAOYSA-N, QQUXFYAWXPMDOE-UHFFFAOYSA-N",Preclinical
ketanserin,serotonin receptor antagonist,"ADRA1A, ADRA1B, ADRA1D, DRD1, DRD5, HTR1A, HTR1B, HTR1D, HTR2A, HTR2B, HTR2C, HTR5A, HTR7, SLC18A1, SLC18A2",cardiology,hypertension,"MicroSource, Tocris, Tocris, Tocris, Selleck",98.5,"Fc1ccc(cc1)C(=O)C1CCN(CCn2c(=O)[nH]c3ccccc3c2=O)CC1, Fc1ccc(cc1)C(=O)C1CCN(CCn2c(=O)[nH]c3ccccc3c2=O)CC1, Fc1ccc(cc1)C(=O)C1CCN(CCn2c(=O)[nH]c3ccccc3c2=O)CC1, Fc1ccc(cc1)C(=O)C1CCN(CCn2c(=O)[nH]c3ccccc3c2=O)CC1, Fc1ccc(cc1)C(=O)C1CCN(CCn2c(=O)[nH]c3ccccc3c2=O)CC1","FPCCSQOGAWCVBH-UHFFFAOYSA-N, FPCCSQOGAWCVBH-UHFFFAOYSA-N, FPCCSQOGAWCVBH-UHFFFAOYSA-N, FPCCSQOGAWCVBH-UHFFFAOYSA-N, FPCCSQOGAWCVBH-UHFFFAOYSA-N",Launched
ketoconazole,sterol demethylase inhibitor,KCNA10,dermatology,seborrheic dermatitis,"Selleck, Selleck, Tocris, Tocris, Tocris, Tocris, Tocris",96.08,"CC(=O)N1CCN(CC1)c1ccc(OC[C@@H]2CO[C@](Cn3ccnc3)(O2)c2ccc(Cl)cc2Cl)cc1 |&1:15,18|, CC(=O)N1CCN(CC1)c1ccc(OC[C@@H]2CO[C@](Cn3ccnc3)(O2)c2ccc(Cl)cc2Cl)cc1 |&1:15,18|, CC(=O)N1CCN(CC1)c1ccc(OC[C@@H]2CO[C@](Cn3ccnc3)(O2)c2ccc(Cl)cc2Cl)cc1 |&1:15,18|, CC(=O)N1CCN(CC1)c1ccc(OC[C@@H]2CO[C@](Cn3ccnc3)(O2)c2ccc(Cl)cc2Cl)cc1 |&1:15,18|, CC(=O)N1CCN(CC1)c1ccc(OC[C@@H]2CO[C@](Cn3ccnc3)(O2)c2ccc(Cl)cc2Cl)cc1 |&1:15,18|, CC(=O)N1CCN(CC1)c1ccc(OC[C@@H]2CO[C@](Cn3ccnc3)(O2)c2ccc(Cl)cc2Cl)cc1 |&1:15,18|, CC(=O)N1CCN(CC1)c1ccc(OC[C@@H]2CO[C@](Cn3ccnc3)(O2)c2ccc(Cl)cc2Cl)cc1 |&1:15,18|","XMAYWYJOQHXEEK-ZEQKJWHPSA-N, XMAYWYJOQHXEEK-ZEQKJWHPSA-N, XMAYWYJOQHXEEK-ZEQKJWHPSA-N, XMAYWYJOQHXEEK-ZEQKJWHPSA-N, XMAYWYJOQHXEEK-ZEQKJWHPSA-N, XMAYWYJOQHXEEK-ZEQKJWHPSA-N, XMAYWYJOQHXEEK-ZEQKJWHPSA-N",Launched
ketohexokinase-inhibitor-1,kinase inhibitor,,,,MedChemEx,86.61,[H][C@@]12CN(C[C@]1([H])[C@H]2CC(O)=O)c1cc(nc(n1)N1CC[C@@H]1C)C(F)(F)F,MDUYWDNWFXSMJJ-XWLWVQCSSA-N,Preclinical
ketoprofen,cyclooxygenase inhibitor,"PTGS1, PTGS2, SLC5A8",rheumatology,"rheumatoid arthritis, osteoarthritis","MicroSource, Selleck, MedChemEx",99.39,"C[C@@H](C(O)=O)c1cccc(c1)C(=O)c1ccccc1 |&1:1,r|, C[C@@H](C(O)=O)c1cccc(c1)C(=O)c1ccccc1 |&1:1,r|, C[C@@H](C(O)=O)c1cccc(c1)C(=O)c1ccccc1 |&1:1,r|","DKYWVDODHFEZIM-LLVKDONJSA-N, DKYWVDODHFEZIM-LLVKDONJSA-N, DKYWVDODHFEZIM-LLVKDONJSA-N",Launched
ketorolac,cyclooxygenase inhibitor,"PTGS1, PTGS2",neurology/psychiatry,pain relief,"MedChemEx, Selleck, Selleck",95.72,"OC(=O)[C@H]1CCn2c1ccc2C(=O)c1ccccc1 |&1:3,r|, OC(=O)[C@H]1CCn2c1ccc2C(=O)c1ccccc1 |&1:3,r|, OC(=O)[C@H]1CCn2c1ccc2C(=O)c1ccccc1 |&1:3,r|","OZWKMVRBQXNZKK-NSHDSACASA-N, OZWKMVRBQXNZKK-NSHDSACASA-N, OZWKMVRBQXNZKK-NSHDSACASA-N",Launched
ketotifen,"histamine receptor agonist, leukotriene receptor antagonist, phosphodiesterase inhibitor",HRH1,neurology/psychiatry,itching,"Tocris, Tocris, MicroSource, Selleck",98.24,"CN1CCC(CC1)=C1c2ccsc2C(O)=Cc2ccccc12 |c:16|, CN1CCC(CC1)=C1c2ccsc2C(O)=Cc2ccccc12 |c:16|, CN1CCC(CC1)=C1c2ccsc2C(O)=Cc2ccccc12 |c:16|, CN1CCC(CC1)=C1c2ccsc2C(O)=Cc2ccccc12 |c:16|","OVJRNFMIYGGLDL-UHFFFAOYSA-N, OVJRNFMIYGGLDL-UHFFFAOYSA-N, OVJRNFMIYGGLDL-UHFFFAOYSA-N, OVJRNFMIYGGLDL-UHFFFAOYSA-N",Launched
kevetrin,p53 activator,,,,"MedChemEx, MedChemEx",95.3,"NC(=N)SCCCC#N, NC(=N)SCCCC#N","PRDJGNVQBVXXEO-UHFFFAOYSA-N, PRDJGNVQBVXXEO-UHFFFAOYSA-N",Phase 1
KF-38789,P selectin inhibitor,SELP,,,"Tocris, Tocris, Tocris",93.49,"COc1ccc([C@H]2CC(=NCCS2)c2c(O)cc(C)oc2=O)c(OC)c1 |&1:6,r,c:8|, COc1ccc([C@H]2CC(=NCCS2)c2c(O)cc(C)oc2=O)c(OC)c1 |&1:6,r,c:8|, COc1ccc([C@H]2CC(=NCCS2)c2c(O)cc(C)oc2=O)c(OC)c1 |&1:6,r,c:8|","NHFIAAAMCYVRIW-QGZVFWFLSA-N, NHFIAAAMCYVRIW-QGZVFWFLSA-N, NHFIAAAMCYVRIW-QGZVFWFLSA-N",Preclinical
KG-5,RAF inhibitor,"BRAF, FLT3, KIT, PDGFRB",,,"Tocris, Tocris, Tocris",99.59,"CSc1nc(N)cc(Oc2ccc(cc2)-c2nnc(Nc3cccc(c3)C(F)(F)F)[nH]2)n1, CSc1nc(N)cc(Oc2ccc(cc2)-c2nnc(Nc3cccc(c3)C(F)(F)F)[nH]2)n1, CSc1nc(N)cc(Oc2ccc(cc2)-c2nnc(Nc3cccc(c3)C(F)(F)F)[nH]2)n1","CMYHZFCJPORPHY-UHFFFAOYSA-N, CMYHZFCJPORPHY-UHFFFAOYSA-N, CMYHZFCJPORPHY-UHFFFAOYSA-N",Preclinical
KH-CB19,CDC inhibitor,"CLK1, CLK3, DYRK1A",,,"MedChemEx, MedChemEx, MedChemEx",54.76,"CCOC(=O)c1c(C(C=N)C#N)c2ccc(Cl)c(Cl)c2n1C, CCOC(=O)c1c(C(C=N)C#N)c2ccc(Cl)c(Cl)c2n1C, CCOC(=O)c1c(C(C=N)C#N)c2ccc(Cl)c(Cl)c2n1C","DXZRBHUCOHBAHP-UHFFFAOYSA-N, DXZRBHUCOHBAHP-UHFFFAOYSA-N, DXZRBHUCOHBAHP-UHFFFAOYSA-N",Preclinical
khellin,vasodilator,,,,"MicroSource, Sigma",99.43,"COc1c2ccoc2c(OC)c2oc(C)cc(=O)c12, COc1c2ccoc2c(OC)c2oc(C)cc(=O)c12","HSMPDPBYAYSOBC-UHFFFAOYSA-N, HSMPDPBYAYSOBC-UHFFFAOYSA-N",Phase 2
KHK-IN-1,hexokinase inhibitor,KHK,,,"MedChemEx, MedChemEx, MedChemEx, MedChemEx, MedChemEx",93.66,"CSc1ccccc1Nc1nc(nc2c(NCC3CC3)ncnc12)N1CCNCC1, CSc1ccccc1Nc1nc(nc2c(NCC3CC3)ncnc12)N1CCNCC1, CSc1ccccc1Nc1nc(nc2c(NCC3CC3)ncnc12)N1CCNCC1, CSc1ccccc1Nc1nc(nc2c(NCC3CC3)ncnc12)N1CCNCC1, CSc1ccccc1Nc1nc(nc2c(NCC3CC3)ncnc12)N1CCNCC1","HFLMLZKGLUEWBU-UHFFFAOYSA-N, HFLMLZKGLUEWBU-UHFFFAOYSA-N, HFLMLZKGLUEWBU-UHFFFAOYSA-N, HFLMLZKGLUEWBU-UHFFFAOYSA-N, HFLMLZKGLUEWBU-UHFFFAOYSA-N",Preclinical
KHS-101,neural stem cell inducer,TACC3,,,"Tocris, Tocris, Tocris",97.85,"CC(C)CNc1ccnc(NCc2csc(n2)-c2ccccc2)n1, CC(C)CNc1ccnc(NCc2csc(n2)-c2ccccc2)n1, CC(C)CNc1ccnc(NCc2csc(n2)-c2ccccc2)n1","DGRJOOOHPBSAHD-UHFFFAOYSA-N, DGRJOOOHPBSAHD-UHFFFAOYSA-N, DGRJOOOHPBSAHD-UHFFFAOYSA-N",Preclinical
KI-16425,lysophosphatidic acid receptor antagonist,"LPAR1, LPAR3",,,Selleck,96.73,"C[C@@H](OC(=O)Nc1c(C)noc1-c1ccc(CSCCC(O)=O)cc1)c1ccccc1Cl |&1:1,r|",LLIFMNUXGDHTRO-OAHLLOKOSA-N,Preclinical
KI-20227,c-Fms inhibitor,"CSF1R, KDR, KIT, PDGFRB",,,"Tocris, Tocris",97.77,"COc1cc(Oc2ccnc3cc(OC)c(OC)cc23)ccc1NC(=O)N[C@@H](C)c1nccs1 |&1:27,r|, COc1cc(Oc2ccnc3cc(OC)c(OC)cc23)ccc1NC(=O)N[C@@H](C)c1nccs1 |&1:27,r|","SHPFDGWALWEPGS-AWEZNQCLSA-N, SHPFDGWALWEPGS-AWEZNQCLSA-N",Preclinical
KI-8751,"KIT inhibitor, PDGFR tyrosine kinase receptor inhibitor, VEGFR inhibitor",KDR,,,"Tocris, Selleck, Selleck, Tocris",97.42,"COc1cc2nccc(Oc3ccc(NC(=O)Nc4ccc(F)cc4F)c(F)c3)c2cc1OC, COc1cc2nccc(Oc3ccc(NC(=O)Nc4ccc(F)cc4F)c(F)c3)c2cc1OC, COc1cc2nccc(Oc3ccc(NC(=O)Nc4ccc(F)cc4F)c(F)c3)c2cc1OC, COc1cc2nccc(Oc3ccc(NC(=O)Nc4ccc(F)cc4F)c(F)c3)c2cc1OC","LFKQSJNCVRGFCC-UHFFFAOYSA-N, LFKQSJNCVRGFCC-UHFFFAOYSA-N, LFKQSJNCVRGFCC-UHFFFAOYSA-N, LFKQSJNCVRGFCC-UHFFFAOYSA-N",Preclinical
kifunensine,mannosidase inhibitor,"MAN1B1, MAN2A1",,,"EMDBio, EMDBio, Tocris, Tocris",100,"OC[C@@H]1[C@@H](O)[C@H](O)[C@H](O)[C@H]2NC(=O)C(=O)N12, OC[C@@H]1[C@@H](O)[C@H](O)[C@H](O)[C@H]2NC(=O)C(=O)N12, OC[C@@H]1[C@@H](O)[C@H](O)[C@H](O)[C@H]2NC(=O)C(=O)N12, OC[C@@H]1[C@@H](O)[C@H](O)[C@H](O)[C@H]2NC(=O)C(=O)N12","OIURYJWYVIAOCW-PQMKYFCFSA-N, OIURYJWYVIAOCW-PQMKYFCFSA-N, OIURYJWYVIAOCW-PQMKYFCFSA-N, OIURYJWYVIAOCW-PQMKYFCFSA-N",Phase 1
kinetin,cell division inducer,,dermatology,sunburn,"Selleck, Selleck",98.18,"C(Nc1ncnc2nc[nH]c12)c1ccco1, C(Nc1ncnc2nc[nH]c12)c1ccco1","QANMHLXAZMSUEX-UHFFFAOYSA-N, QANMHLXAZMSUEX-UHFFFAOYSA-N",Launched
ki16198,lipoprotein antagonist,LPA,,,"Selleck, Selleck, Selleck",96.6,"COC(=O)CCSCc1ccc(cc1)-c1onc(C)c1NC(=O)O[C@@H](C)c1ccccc1Cl |&1:24,r|, COC(=O)CCSCc1ccc(cc1)-c1onc(C)c1NC(=O)O[C@@H](C)c1ccccc1Cl |&1:24,r|, COC(=O)CCSCc1ccc(cc1)-c1onc(C)c1NC(=O)O[C@@H](C)c1ccccc1Cl |&1:24,r|","HHVJBROTJWPHHX-INIZCTEOSA-N, HHVJBROTJWPHHX-INIZCTEOSA-N, HHVJBROTJWPHHX-INIZCTEOSA-N",Preclinical
KL-001,proteasome inhibitor,"CRY1, CRY2",,,"Tocris, Tocris, Tocris",98.65,"CS(=O)(=O)N(C[C@@H](O)Cn1c2ccccc2c2ccccc12)Cc1ccco1 |&1:6,r|, CS(=O)(=O)N(C[C@@H](O)Cn1c2ccccc2c2ccccc12)Cc1ccco1 |&1:6,r|, CS(=O)(=O)N(C[C@@H](O)Cn1c2ccccc2c2ccccc12)Cc1ccco1 |&1:6,r|","OQAFDLPAPSSOHY-MRXNPFEDSA-N, OQAFDLPAPSSOHY-MRXNPFEDSA-N, OQAFDLPAPSSOHY-MRXNPFEDSA-N",Preclinical
KM-0118,anticancer agent,,,,MedChemEx,82.7,CN(C)CCNC(=O)COc1c2Cc3cccc(Cc4cccc(Cc5cccc(Cc1ccc2)c5OCC(=O)NCCN(C)C)c4OCC(=O)NCCN(C)C)c3OCC(=O)NCCN(C)C,CQVAQQNDZCZBSU-UHFFFAOYSA-N,Phase 1
KME-4,prostaglandin inhibitor,,,,MedChemEx,89.36,CC(C)(C)c1cc(\C=C2/CCOC2=O)cc(c1O)C(C)(C)C,DFPYHQJPGCODSB-UKTHLTGXSA-N,Preclinical
KML29,monoacylglucerol lipase inhibitor,MGLL,,,MedChemEx,96.99,OC(C1CCN(CC1)C(=O)OC(C(F)(F)F)C(F)(F)F)(c1ccc2OCOc2c1)c1ccc2OCOc2c1,SXHQLPHDBLTFPM-UHFFFAOYSA-N,Preclinical
KN-62,"calcium/calmodulin dependent protein kinase inhibitor, purinergic receptor antagonist","AKT1, CAMK2A, CHEK1, LCK, MAPK1, MAPK11, MAPK12, MAPK14, MAPK8, P2RX7, PRKCA, ROCK1, RPS6KB1, SGK1",,,MedChemEx,96.68,"CN([C@@H](Cc1ccc(OS(=O)(=O)c2cccc3cnccc23)cc1)C(=O)N1CCN(CC1)c1ccccc1)S(=O)(=O)c1cccc2cnccc12 |&1:2,r|",RJVLFQBBRSMWHX-DHUJRADRSA-N,Preclinical
KN-93,calcium/calmodulin dependent protein kinase inhibitor,CAMK2A,,,"MedChemEx, MedChemEx, MedChemEx",98.69,"COc1ccc(cc1)S(=O)(=O)N(CCO)c1ccccc1CN(C)C\C=C\c1ccc(Cl)cc1, COc1ccc(cc1)S(=O)(=O)N(CCO)c1ccccc1CN(C)C\C=C\c1ccc(Cl)cc1, COc1ccc(cc1)S(=O)(=O)N(CCO)c1ccccc1CN(C)C\C=C\c1ccc(Cl)cc1","LLLQTDSSHZREGW-AATRIKPKSA-N, LLLQTDSSHZREGW-AATRIKPKSA-N, LLLQTDSSHZREGW-AATRIKPKSA-N",Preclinical
Ko143,BCRP inhibitor,"ABCB1, ABCC1",,,"Tocris, MedChemEx, MedChemEx",97.42,"COc1ccc2c3C[C@@H]4N([C@@H](CC(C)C)c3[nH]c2c1)C(=O)[C@H](CCC(=O)OC(C)(C)C)NC4=O, COc1ccc2c3C[C@@H]4N([C@@H](CC(C)C)c3[nH]c2c1)C(=O)[C@H](CCC(=O)OC(C)(C)C)NC4=O, COc1ccc2c3C[C@@H]4N([C@@H](CC(C)C)c3[nH]c2c1)C(=O)[C@H](CCC(=O)OC(C)(C)C)NC4=O","NXNRAECHCJZNRF-JBACZVJFSA-N, NXNRAECHCJZNRF-JBACZVJFSA-N, NXNRAECHCJZNRF-JBACZVJFSA-N",Preclinical
KP-1212,,,,,Berry,100,NC1=NC(=O)N(CN1)[C@H]1C[C@@H](O)[C@@H](CO)O1 |t:1|,LAOLDMMWVYDDID-HSUXUTPPSA-N,Phase 2
KPT-185,exportin antagonist,XPO1,,,"Selleck, Selleck, Selleck",95.93,"COc1cc(cc(c1)C(F)(F)F)-c1ncn(\C=C/C(=O)OC(C)C)n1, COc1cc(cc(c1)C(F)(F)F)-c1ncn(\C=C/C(=O)OC(C)C)n1, COc1cc(cc(c1)C(F)(F)F)-c1ncn(\C=C/C(=O)OC(C)C)n1","NLNGWFLRRRYNIL-PLNGDYQASA-N, NLNGWFLRRRYNIL-PLNGDYQASA-N, NLNGWFLRRRYNIL-PLNGDYQASA-N",Preclinical
KPT-276,exportin antagonist,XPO1,,,"MedChemEx, Selleck, Selleck, Selleck",95.86,"FC(F)(F)c1cc(cc(c1)C(F)(F)F)-c1ncn(\C=C/C(=O)N2CC(F)(F)C2)n1, FC(F)(F)c1cc(cc(c1)C(F)(F)F)-c1ncn(\C=C/C(=O)N2CC(F)(F)C2)n1, FC(F)(F)c1cc(cc(c1)C(F)(F)F)-c1ncn(\C=C/C(=O)N2CC(F)(F)C2)n1, FC(F)(F)c1cc(cc(c1)C(F)(F)F)-c1ncn(\C=C/C(=O)N2CC(F)(F)C2)n1","JCHAWRDHMUSLMM-UPHRSURJSA-N, JCHAWRDHMUSLMM-UPHRSURJSA-N, JCHAWRDHMUSLMM-UPHRSURJSA-N, JCHAWRDHMUSLMM-UPHRSURJSA-N",Preclinical
KPT-9274,NAMPT inhibitor,,,,AMS,90.7,Nc1ccc(\C=C\C(=O)NCc2cc3cc(cc(-c4ccc(F)cc4)c3o2)-c2ccc(cc2)C(=O)N2CCC(F)(F)CC2)cn1,MRFOPLWJZULAQD-SWGQDTFXSA-N,Phase 1
KR-33494,cell death inhibitor ,,,,MedChemEx,97.06,OC(=O)c1nn(CCc2ccccc2)cc1NC(=O)CSc1ccc(Br)cc1,ZRLJEHIUGYTTSZ-UHFFFAOYSA-N,Preclinical
KRCA-0008,ALK inihibitor,ALK,,,"Tocris, Tocris",93.41,"COc1cc(ccc1Nc1ncc(Cl)c(Nc2ccc(cc2OC)N2CCN(CC2)C(C)=O)n1)N1CCN(CC1)C(C)=O, COc1cc(ccc1Nc1ncc(Cl)c(Nc2ccc(cc2OC)N2CCN(CC2)C(C)=O)n1)N1CCN(CC1)C(C)=O","TXDIRJCYNAWBOS-UHFFFAOYSA-N, TXDIRJCYNAWBOS-UHFFFAOYSA-N",Preclinical
KRN-633,VEGFR inhibitor,"FLT1, FLT4, KDR",,,"MedChemEx, Selleck, Selleck",96.26,"CCCNC(=O)Nc1ccc(Oc2ncnc3cc(OC)c(OC)cc23)cc1Cl, CCCNC(=O)Nc1ccc(Oc2ncnc3cc(OC)c(OC)cc23)cc1Cl, CCCNC(=O)Nc1ccc(Oc2ncnc3cc(OC)c(OC)cc23)cc1Cl","VPBYZLCHOKSGRX-UHFFFAOYSA-N, VPBYZLCHOKSGRX-UHFFFAOYSA-N, VPBYZLCHOKSGRX-UHFFFAOYSA-N",Preclinical
KS-176,BCRP inhibitor,ABCG2,,,"Tocris, Tocris",97.1,"OCCc1ccc(NC(=O)c2ccccc2NC(=O)c2ccc(cc2)[N+]([O-])=O)cc1, OCCc1ccc(NC(=O)c2ccccc2NC(=O)c2ccc(cc2)[N+]([O-])=O)cc1","LTWQQWSXYYXVGA-UHFFFAOYSA-N, LTWQQWSXYYXVGA-UHFFFAOYSA-N",Preclinical
KT-433,uricosuric agent,,,,Sigma,97.5,CCc1oc2ccccc2c1C(=O)c1ccc(OCC(O)=O)cc1,XSDFWTIKVXKOGJ-UHFFFAOYSA-N,Phase 2
KU-0063794,mTOR inhibitor,MTOR,,,"Selleck, Selleck, Selleck",95.33,"COc1ccc(cc1CO)-c1ccc2c(nc(nc2n1)N1C[C@H](C)O[C@H](C)C1)N1CCOCC1, COc1ccc(cc1CO)-c1ccc2c(nc(nc2n1)N1C[C@H](C)O[C@H](C)C1)N1CCOCC1, COc1ccc(cc1CO)-c1ccc2c(nc(nc2n1)N1C[C@H](C)O[C@H](C)C1)N1CCOCC1","RFSMUFRPPYDYRD-CALCHBBNSA-N, RFSMUFRPPYDYRD-CALCHBBNSA-N, RFSMUFRPPYDYRD-CALCHBBNSA-N",Preclinical
KU-55933,ATM kinase inhibitor,"ATM, PRKDC",,,"Tocris, Selleck",98.75,"O=c1cc(oc(c1)-c1cccc2Sc3ccccc3Sc12)N1CCOCC1, O=c1cc(oc(c1)-c1cccc2Sc3ccccc3Sc12)N1CCOCC1","XRKYMMUGXMWDAO-UHFFFAOYSA-N, XRKYMMUGXMWDAO-UHFFFAOYSA-N",Preclinical
KU-60019,ATM kinase inhibitor,ATM,,,"Tocris, Tocris, Tocris, Selleck, Selleck",96.77,"C[C@H]1CN(CC(=O)Nc2ccc3Sc4c(Cc3c2)cccc4-c2cc(=O)cc(o2)N2CCOCC2)C[C@@H](C)O1, C[C@H]1CN(CC(=O)Nc2ccc3Sc4c(Cc3c2)cccc4-c2cc(=O)cc(o2)N2CCOCC2)C[C@@H](C)O1, C[C@H]1CN(CC(=O)Nc2ccc3Sc4c(Cc3c2)cccc4-c2cc(=O)cc(o2)N2CCOCC2)C[C@@H](C)O1, C[C@H]1CN(CC(=O)Nc2ccc3Sc4c(Cc3c2)cccc4-c2cc(=O)cc(o2)N2CCOCC2)C[C@@H](C)O1, C[C@H]1CN(CC(=O)Nc2ccc3Sc4c(Cc3c2)cccc4-c2cc(=O)cc(o2)N2CCOCC2)C[C@@H](C)O1","SCELLOWTHJGVIC-BGYRXZFFSA-N, SCELLOWTHJGVIC-BGYRXZFFSA-N, SCELLOWTHJGVIC-BGYRXZFFSA-N, SCELLOWTHJGVIC-BGYRXZFFSA-N, SCELLOWTHJGVIC-BGYRXZFFSA-N",Preclinical
kuromanin,ribosyl cyclase inhibitor,CD38,,,MedChemEx,98.1,OC[C@H]1O[C@@H](Oc2cc3c(O)cc(O)cc3[o+]c2-c2ccc(O)c(O)c2)[C@H](O)[C@@H](O)[C@@H]1O,RKWHWFONKJEUEF-GQUPQBGVSA-O,Preclinical
KU14R,imidazoline receptor antagonist,,,,"Tocris, Tocris, Tocris, Tocris, Tocris",98.56,"CC[C@]1(Cc2ccccc2O1)c1ncc[nH]1 |&1:2,r|, CC[C@]1(Cc2ccccc2O1)c1ncc[nH]1 |&1:2,r|, CC[C@]1(Cc2ccccc2O1)c1ncc[nH]1 |&1:2,r|, CC[C@]1(Cc2ccccc2O1)c1ncc[nH]1 |&1:2,r|, CC[C@]1(Cc2ccccc2O1)c1ncc[nH]1 |&1:2,r|","JCWVNNMJXQJVNC-ZDUSSCGKSA-N, JCWVNNMJXQJVNC-ZDUSSCGKSA-N, JCWVNNMJXQJVNC-ZDUSSCGKSA-N, JCWVNNMJXQJVNC-ZDUSSCGKSA-N, JCWVNNMJXQJVNC-ZDUSSCGKSA-N",Preclinical
KW-2449,"Abl kinase inhibitor, Aurora kinase inhibitor, FLT3 inhibitor","ABL1, AURKA, AURKB, FLT3",,,"Selleck, Selleck, Selleck",93.46,"O=C(N1CCNCC1)c1ccc(\C=C\c2[nH]nc3ccccc23)cc1, O=C(N1CCNCC1)c1ccc(\C=C\c2[nH]nc3ccccc23)cc1, O=C(N1CCNCC1)c1ccc(\C=C\c2[nH]nc3ccccc23)cc1","YYLKKYCXAOBSRM-JXMROGBWSA-N, YYLKKYCXAOBSRM-JXMROGBWSA-N, YYLKKYCXAOBSRM-JXMROGBWSA-N",Phase 1
KW-2478,HSP inhibitor,,,,"MedChemEx, MedChemEx, Selleck, Selleck",97.02,"CCc1c(O)cc(O)c(C(=O)c2ccc(OCCN3CCOCC3)c(OC)c2)c1CC(=O)N(CCOC)CCOC, CCc1c(O)cc(O)c(C(=O)c2ccc(OCCN3CCOCC3)c(OC)c2)c1CC(=O)N(CCOC)CCOC, CCc1c(O)cc(O)c(C(=O)c2ccc(OCCN3CCOCC3)c(OC)c2)c1CC(=O)N(CCOC)CCOC, CCc1c(O)cc(O)c(C(=O)c2ccc(OCCN3CCOCC3)c(OC)c2)c1CC(=O)N(CCOC)CCOC","VFUXSYAXEKYYMB-UHFFFAOYSA-N, VFUXSYAXEKYYMB-UHFFFAOYSA-N, VFUXSYAXEKYYMB-UHFFFAOYSA-N, VFUXSYAXEKYYMB-UHFFFAOYSA-N",Phase 1/Phase 2
KW-3902,adenosine receptor antagonist,"ADORA1, ADORA2A, ADORA2B, ADORA3",,,"Tocris, Tocris, Axon",98.8,"CCCn1c2nc([nH]c2c(=O)n(CCC)c1=O)C12C[C@@H]3C[C@H]1C[C@H](C2)C3 |&1:23,&2:21,&3:19,r|, CCCn1c2nc([nH]c2c(=O)n(CCC)c1=O)C12C[C@@H]3C[C@H]1C[C@H](C2)C3 |&1:23,&2:21,&3:19,r|, CCCn1c2nc([nH]c2c(=O)n(CCC)c1=O)C12C[C@@H]3C[C@H]1C[C@H](C2)C3 |&1:23,&2:21,&3:19,r|","PJBFVWGQFLYWCB-XEDLVCFGSA-N, PJBFVWGQFLYWCB-XEDLVCFGSA-N, PJBFVWGQFLYWCB-XEDLVCFGSA-N",Phase 3
KX2-391,"SRC inhibitor, tubulin polymerization inhibitor",SRC,,,"Selleck, Selleck, Selleck, Selleck",99.07,"O=C(Cc1ccc(cn1)-c1ccc(OCCN2CCOCC2)cc1)NCc1ccccc1, O=C(Cc1ccc(cn1)-c1ccc(OCCN2CCOCC2)cc1)NCc1ccccc1, O=C(Cc1ccc(cn1)-c1ccc(OCCN2CCOCC2)cc1)NCc1ccccc1, O=C(Cc1ccc(cn1)-c1ccc(OCCN2CCOCC2)cc1)NCc1ccccc1","HUNGUWOZPQBXGX-UHFFFAOYSA-N, InChI=1S/C26H29N3O3/c30-26(28-19-21-4-2-1-3-5-21)18-24-9-6-23(20-27-24)22-7-10-25(11-8-22)32-17-14-29-12-15-31-16-13-29/h1-11,20H,12-19H2,(H,28,30), InChI=1S/C26H29N3O3/c30-26(28-19-21-4-2-1-3-5-21)18-24-9-6-23(20-27-24)22-7-10-25(11-8-22)32-17-14-29-12-15-31-16-13-29/h1-11,20H,12-19H2,(H,28,30), InChI=1S/C26H29N3O3/c30-26(28-19-21-4-2-1-3-5-21)18-24-9-6-23(20-27-24)22-7-10-25(11-8-22)32-17-14-29-12-15-31-16-13-29/h1-11,20H,12-19H2,(H,28,30)",Phase 3
kynurenic-acid,glutamate receptor antagonist,"GPR35, GRIN1, GRIN2A, GRIN2B",,,"Tocris, Tocris, Tocris",98.64,"OC(=O)c1cc(=O)c2ccccc2[nH]1, OC(=O)c1cc(=O)c2ccccc2[nH]1, OC(=O)c1cc(=O)c2ccccc2[nH]1","HCZHHEIFKROPDY-UHFFFAOYSA-N, HCZHHEIFKROPDY-UHFFFAOYSA-N, HCZHHEIFKROPDY-UHFFFAOYSA-N",Phase 1
KY02111,WNT pathway inhibitor,DKK1,,,"Tocris, Tocris, Tocris, Tocris, Selleck",98.9,"COc1ccc(CCC(=O)Nc2nc3ccc(Cl)cc3s2)cc1OC, COc1ccc(CCC(=O)Nc2nc3ccc(Cl)cc3s2)cc1OC, COc1ccc(CCC(=O)Nc2nc3ccc(Cl)cc3s2)cc1OC, COc1ccc(CCC(=O)Nc2nc3ccc(Cl)cc3s2)cc1OC, COc1ccc(CCC(=O)Nc2nc3ccc(Cl)cc3s2)cc1OC","LXFKEVQQSKQXPR-UHFFFAOYSA-N, LXFKEVQQSKQXPR-UHFFFAOYSA-N, LXFKEVQQSKQXPR-UHFFFAOYSA-N, LXFKEVQQSKQXPR-UHFFFAOYSA-N, LXFKEVQQSKQXPR-UHFFFAOYSA-N",Preclinical
K02288,bone morphogenic protein inhibitor,BMP1,,,"MedChemEx, MedChemEx, MedChemEx, Tocris, Selleck, Selleck",99.48,"COc1cc(cc(OC)c1OC)-c1cc(cnc1N)-c1cccc(O)c1, COc1cc(cc(OC)c1OC)-c1cc(cnc1N)-c1cccc(O)c1, COc1cc(cc(OC)c1OC)-c1cc(cnc1N)-c1cccc(O)c1, COc1cc(cc(OC)c1OC)-c1cc(cnc1N)-c1cccc(O)c1, COc1cc(cc(OC)c1OC)-c1cc(cnc1N)-c1cccc(O)c1, COc1cc(cc(OC)c1OC)-c1cc(cnc1N)-c1cccc(O)c1","CJLMANFTWLNAKC-UHFFFAOYSA-N, CJLMANFTWLNAKC-UHFFFAOYSA-N, CJLMANFTWLNAKC-UHFFFAOYSA-N, CJLMANFTWLNAKC-UHFFFAOYSA-N, CJLMANFTWLNAKC-UHFFFAOYSA-N, CJLMANFTWLNAKC-UHFFFAOYSA-N",Preclinical
K145,sphingosine kinase inhibitor,SPHK2,,,"MedChemEx, MedChemEx, MedChemEx",87.48,"CCCCOc1ccc(CC\C=C2/SC(=O)N(CCN)C2=O)cc1, CCCCOc1ccc(CC\C=C2/SC(=O)N(CCN)C2=O)cc1, CCCCOc1ccc(CC\C=C2/SC(=O)N(CCN)C2=O)cc1","MPZXLTZVPUSTFY-SOFYXZRVSA-N, MPZXLTZVPUSTFY-SOFYXZRVSA-N, MPZXLTZVPUSTFY-SOFYXZRVSA-N",Preclinical
L-(+)-rhamnose-monohydrate,,,,,MedChemEx,100,C[C@@H]1O[C@@H](O)[C@H](O)[C@H](O)[C@H]1O,SHZGCJCMOBCMKK-HGVZOGFYSA-N,Preclinical
L-alanine,,"AARS, AARS2, ABAT, AGXT, AGXT2, GPRC6A, GPT, GPT2, KYNU, NFS1, PHYKPL, SLC1A4, SLC36A1, SLC7A8",,,Sigma,0,C[C@H](N)C(O)=O,QNAYBMKLOCPYGJ-REOHCLBHSA-N,Launched
L-arginine,nitric oxide precursor,"ARG2, ASL, ASS1, AZIN2, GPRC6A, NOS2, NOS3, SLC7A1, SLC7A3, SLC7A4","cardiology, neurology/psychiatry, urology, obstetrics/gynecology, otolaryngology","congestive heart failure, hypertension, coronary artery disease (CAD), claudication, senile dementia, erectile dysfunction, infertility, common cold","Selleck, Selleck",100,"N[C@@H](CCCNC(N)=N)C(O)=O, N[C@@H](CCCNC(N)=N)C(O)=O","ODKSFYDXXFIFQN-BYPYZUCNSA-N, ODKSFYDXXFIFQN-BYPYZUCNSA-N",Launched
L-ascorbyl-6-palmitate,,,,,"MicroSource, Selleck, Selleck, MedChemEx, MedChemEx",76.78,"CCCCCCCCCCCCCCCC(=O)OC[C@H](O)[C@H]1OC(=O)C(=O)[C@@H]1O |a:19,21,&1:27|, CCCCCCCCCCCCCCCC(=O)OC[C@H](O)[C@H]1OC(=O)C(=O)[C@@H]1O |a:19,21,&1:27|, CCCCCCCCCCCCCCCC(=O)OC[C@H](O)[C@H]1OC(=O)C(=O)[C@@H]1O |a:19,21,&1:27|, CCCCCCCCCCCCCCCC(=O)OC[C@H](O)[C@H]1OC(=O)C(=O)[C@@H]1O |a:19,21,&1:27|, CCCCCCCCCCCCCCCC(=O)OC[C@H](O)[C@H]1OC(=O)C(=O)[C@@H]1O |a:19,21,&1:27|","CYJPUZLKFAUFHF-HFSMHLIXSA-N, CYJPUZLKFAUFHF-HFSMHLIXSA-N, CYJPUZLKFAUFHF-HFSMHLIXSA-N, CYJPUZLKFAUFHF-HFSMHLIXSA-N, CYJPUZLKFAUFHF-HFSMHLIXSA-N",Preclinical
L-asparagine,,"ASNS, ASRGL1, NARS, NARS2, SLC1A5, SLC38A3",,,Sigma,0,N[C@@H](CC(N)=O)C(O)=O,DCXYFEDJOCDNAF-REOHCLBHSA-N,Phase 3
L-asparagine-N-hydroxy,,,,,Sigma,98.6,N[C@@H](CC(=O)NO)C(O)=O,ZBYVTTSIVDYQSO-REOHCLBHSA-N,Preclinical
L-aspartic-acid,metallic radical formation stimulant,"ACY1, ACY3, ADSS, ADSSL1, ASNS, ASPA, ASPH, ASRGL1, ASS1, CAD, DARS, DARS2, GOT1, GOT2, GRIN1, GRIN2A, GRIN2B, GRIN2C, GRIN2D, LYZ, PAICS, RNASE1, SLC1A1, SLC25A12, SLC25A13",,,"Sigma, Sigma, Enzo",98.1,"N[C@@H](CC(O)=O)C(O)=O, N[C@@H](CC(O)=O)C(O)=O, N[C@@H](CC(O)=O)C(O)=O","CKLJMWTZIZZHCS-REOHCLBHSA-N, CKLJMWTZIZZHCS-REOHCLBHSA-N, CKLJMWTZIZZHCS-REOHCLBHSA-N",Launched
L-citrulline,nitric oxide stimulant,"ASS1, DDAH1, DDAH2, GPRC6A, NOS1, NOS2, NOS3, OTC, PADI1, PADI2, PADI3, PADI4, PADI6","cardiology, urology","hypertension, erectile dysfunction","Sigma, Sigma, Vitas-M, Vitas-M",100,"N[C@@H](CCCNC(N)=O)C(O)=O |&1:1,r|, N[C@@H](CCCNC(N)=O)C(O)=O |&1:1,r|, N[C@@H](CCCNC(N)=O)C(O)=O |&1:1,r|, N[C@@H](CCCNC(N)=O)C(O)=O |&1:1,r|","RHGKLRLOHDJJDR-BYPYZUCNSA-N, RHGKLRLOHDJJDR-BYPYZUCNSA-N, RHGKLRLOHDJJDR-BYPYZUCNSA-N, RHGKLRLOHDJJDR-BYPYZUCNSA-N",Launched
L-cysteine,,"CARS, CARS2, CBS, CDO-1, CDO1, CSAD, CTH, GCLC, GCLM, GOT1, GSS, MGMT, NFS1, SLC19A3",rheumatology,"osteoarthritis, rheumatoid arthritis",Sigma,0,N[C@@H](CS)C(O)=O,XUJNEKJLAYXESH-REOHCLBHSA-N,Launched
L-cysteinesulfinic-acid,glutamate receptor agonist,"GRM1, GRM5, GSR, HMGCS2, PAPOLA, PRDX2",,,"Tocris, Tocris",100,"N[C@@H](C[S@@](O)=O)C(O)=O |a:1,&1:3|, N[C@@H](C[S@@](O)=O)C(O)=O |a:1,&1:3|","ADVPTQAUNPRNPO-REOHCLBHSA-N, ADVPTQAUNPRNPO-REOHCLBHSA-N",Preclinical
L-cystine,,"CTNS, SLC3A1, SLC7A11, SLC7A9",,,Sigma,0,N[C@@H](CSSC[C@H](N)C(O)=O)C(O)=O,LEVWYRKDKASIDU-IMJSIDKUSA-N,Launched
L-ergothioneine,free radical scavenger,,,,Enzo,100,C[N+](C)(C)[C@@H](Cc1c[nH]c(=S)[nH]1)C(O)=O,SSISHJJTAXXQAX-ZETCQYMHSA-O,Phase 3
L-glutamic-acid,glutamate receptor agonist,"AADAT, AASS, ABAT, ALDH18A1, ASNS, BCAT1, BCAT2, CCBL2, DNPEP, EARS2, ENPEP, EPRS, FOLH1, FPGS, FTCD, GAD1, GAD2, GATB, GCLC, GCLM, GGCX, GLS, GLS2, GLUD1, GLUD2, GLUL, GMPS, GOT1, GOT2, GPT, GPT2, GRIA1, GRIA2, GRIA3, GRIA4, GRID1, GRID2, GRIK1, GRIK2, GRIK3, GRIK4, GRIK5, GRIN1, GRIN2A, GRIN2B, GRIN2C, GRIN2D, GRIN3A, GRIN3B, GRM1, GRM2, GRM3, GRM4, GRM6, GRM7, GRM8, LGSN, NADSYN1, NAGS, OPLAH, PFAS, PGCP, PSAT1, SLC1A1, SLC1A2, SLC1A3, SLC1A6, SLC1A7, SLC25A18, SLC25A22, SLC7A11, TAT",,,"Sigma, Sigma",98.26,"N[C@@H](CCC(O)=O)C(O)=O, N[C@@H](CCC(O)=O)C(O)=O","WHUUTDBJXJRKMK-VKHMYHEASA-N, WHUUTDBJXJRKMK-VKHMYHEASA-N",Launched
L-glutamine,,"CTPS1, GLUL, GPRC6A, PPAT","gastroenterology, dental, neurology/psychiatry, rheumatology","diarrhea, mucositis, muscle pain, joint pain, peptic ulcer disease (PUD), ulcerative colitis, Crohn's disease, anxiety, insomnia","Selleck, Selleck",93.22,"N[C@@H](CCC(N)=O)C(O)=O, N[C@@H](CCC(N)=O)C(O)=O","ZDXPYRJPNDTMRX-VKHMYHEASA-N, ZDXPYRJPNDTMRX-VKHMYHEASA-N",Launched
L-hydroxyproline,,,,,Enamine,0,"O[C@H]1CN[C@@H](C1)C(O)=O |&1:1,&2:4,r|",PMMYEEVYMWASQN-DMTCNVIQSA-N,Launched
L-kynurenine,aryl hydrocarbon receptor agonist,,,,MedChemEx,93.27,N[C@@H](CC(=O)c1ccccc1N)C(O)=O,YGPSJZOEDVAXAB-QMMMGPOBSA-N,Phase 1
L-leucine,,"BCAT1, BCAT2, LARS, LARS2, LCMT1, LCMT2",,,Sigma,58.9,CC(C)C[C@H](N)C(O)=O,ROHFNLRQFUQHCH-YFKPBYRVSA-N,Phase 3
L-lysine,serotonin receptor agonist,"GPRC6A, KARS, SLC7A1, SLC7A2, SLC7A3, SLC7A4",,,Sigma,0,NCCCC[C@H](N)C(O)=O,KDXKERNSBIXSRK-YFKPBYRVSA-N,Phase 2
L-methionine,voltage-gated calcium channel ligand,"BHMT, BHMT2, METAP2, MTR, MTRR","pulmonary, allergy, neurology/psychiatry","asthma, allergic rhinitis, depression, Parkinson's Disease, schizophrenia",Sigma,97.7,CSCC[C@H](N)C(O)=O,FFEARJCKVFRZRR-BYPYZUCNSA-N,Launched
L-mimosine,"dopamine beta hydroxylase inhibitor, eukaryotic translation initiation factor inhibitor","DBH, EIF5A",,,Sigma,0,N[C@@H](CN1CC(=O)C(=O)C=C1)C(O)=O |c:9|,BLYDGIISUNWHLF-YFKPBYRVSA-N,Preclinical
L-monomethylarginine,nitric oxide synthase inhibitor,"NOS1, NOS2",,,Tocris,0,CN[C@@H](CCCNC(N)=N)C(O)=O,NTWVQPHTOUKMDI-YFKPBYRVSA-N,Phase 3
L-NAME,nitric oxide synthase inhibitor,NOS3,,,"Tocris, Tocris, Tocris",96.03,"COC(=O)[C@@H](N)CCCNC(N)=N[N+]([O-])=O, COC(=O)[C@@H](N)CCCNC(N)=N[N+]([O-])=O, COC(=O)[C@@H](N)CCCNC(N)=N[N+]([O-])=O","KCWZGJVSDFYRIX-YFKPBYRVSA-N, KCWZGJVSDFYRIX-YFKPBYRVSA-N, KCWZGJVSDFYRIX-YFKPBYRVSA-N",Phase 2/Phase 3
L-NIL,nitric oxide synthase inhibitor,"NOS1, NOS2, NOS3",,,"Tocris, Tocris",100,"CC(=N)NCCCC[C@H](N)C(O)=O, CC(=N)NCCCC[C@H](N)C(O)=O","ONYFNWIHJBLQKE-ZETCQYMHSA-N, ONYFNWIHJBLQKE-ZETCQYMHSA-N",Preclinical
L-phenylisopropyladenosine,,,,,Sigma,86.39,C[C@H](Cc1ccccc1)Nc1ncnc2n(cnc12)[C@@H]1O[C@H](CO)[C@@H](O)[C@H]1O,RIRGCFBBHQEQQH-SSFGXONLSA-N,Preclinical
L-proline,glutamate receptor agonist,"EPRS, L3HYPDH, P3H1, P3H2, P3H3, P4HA1, P4HA2, PARS2, PPIA, PPIB, PPIC, PPIF, PPIG, PPIH, PRODH, PROSC, PYCR1, PYCR2, PYCRL, SLC6A14, SLC6A7",,,Sigma,99.2,OC(=O)[C@@H]1CCCN1,ONIBWKKTOPOVIA-BYPYZUCNSA-N,Launched
L-quisqualic-acid,glutamate receptor agonist,"FOLH1, GRIA2, GRIK1, GRIK2, GRM1, GRM2, GRM3, GRM5, GRM7, GRM8",,,"Tocris, Tocris, Tocris, Tocris, Tocris",100,"N[C@@H](Cn1oc(=O)[nH]c1=O)C(O)=O, N[C@@H](Cn1oc(=O)[nH]c1=O)C(O)=O, N[C@@H](Cn1oc(=O)[nH]c1=O)C(O)=O, N[C@@H](Cn1oc(=O)[nH]c1=O)C(O)=O, N[C@@H](Cn1oc(=O)[nH]c1=O)C(O)=O","ASNFTDCKZKHJSW-REOHCLBHSA-N, ASNFTDCKZKHJSW-REOHCLBHSA-N, ASNFTDCKZKHJSW-REOHCLBHSA-N, ASNFTDCKZKHJSW-REOHCLBHSA-N, ASNFTDCKZKHJSW-REOHCLBHSA-N",Preclinical
L-theanine,glutamate receptor antagonist,,,,LKT,100,CCNC(=O)CC[C@H](N)C(O)=O,DATAGRPVKZEWHA-YFKPBYRVSA-N,Launched
L-threonine,,"TARS, TARS2, THNSL1",,,Sigma,0,C[C@@H](O)[C@H](N)C(O)=O,AYFVYJQAPQTCCC-GBXIJSLDSA-N,Phase 2
L-valine,,,,,"MedChemEx, Enzo",100,"CC(C)[C@@H](N)C(O)=O, CC(C)[C@@H](N)C(O)=O","KZSNJWFQEVHDMF-SCSAIBSYSA-N, KZSNJWFQEVHDMF-SCSAIBSYSA-N",Phase 2
L-152804,neuropeptide receptor antagonist,NPY5R,,,"Tocris, Tocris, Tocris",94.15,"CC1(C)CC(=O)C([C@@H]2C3=C(CC(C)(C)CC3=O)Oc3ccccc23)C(=O)C1 |&1:7,r,t:8|, CC1(C)CC(=O)C([C@@H]2C3=C(CC(C)(C)CC3=O)Oc3ccccc23)C(=O)C1 |&1:7,r,t:8|, CC1(C)CC(=O)C([C@@H]2C3=C(CC(C)(C)CC3=O)Oc3ccccc23)C(=O)C1 |&1:7,r,t:8|","XQDXIHYKAGHZRX-LJQANCHMSA-N, XQDXIHYKAGHZRX-LJQANCHMSA-N, XQDXIHYKAGHZRX-LJQANCHMSA-N",Preclinical
L-161982,prostanoid receptor antagonist,PTGER4,,,"Tocris, Tocris, Tocris, Tocris",98.41,"CCCCc1nn(-c2ccccc2C(F)(F)F)c(=O)n1Cc1ccc(cc1)-c1ccccc1S(=O)(=O)NC(=O)c1sccc1C, CCCCc1nn(-c2ccccc2C(F)(F)F)c(=O)n1Cc1ccc(cc1)-c1ccccc1S(=O)(=O)NC(=O)c1sccc1C, CCCCc1nn(-c2ccccc2C(F)(F)F)c(=O)n1Cc1ccc(cc1)-c1ccccc1S(=O)(=O)NC(=O)c1sccc1C, CCCCc1nn(-c2ccccc2C(F)(F)F)c(=O)n1Cc1ccc(cc1)-c1ccccc1S(=O)(=O)NC(=O)c1sccc1C","MMDNKTXNUZFVKD-UHFFFAOYSA-N, MMDNKTXNUZFVKD-UHFFFAOYSA-N, MMDNKTXNUZFVKD-UHFFFAOYSA-N, MMDNKTXNUZFVKD-UHFFFAOYSA-N",Preclinical
L-165041,PPAR receptor agonist,PPARD,,,"Tocris, Tocris, Tocris, Tocris",98.7,"CCCc1c(O)c(ccc1OCCCOc1ccc(OCC(O)=O)cc1)C(C)=O, CCCc1c(O)c(ccc1OCCCOc1ccc(OCC(O)=O)cc1)C(C)=O, CCCc1c(O)c(ccc1OCCCOc1ccc(OCC(O)=O)cc1)C(C)=O, CCCc1c(O)c(ccc1OCCCOc1ccc(OCC(O)=O)cc1)C(C)=O","HBBVCKCCQCQCTJ-UHFFFAOYSA-N, HBBVCKCCQCQCTJ-UHFFFAOYSA-N, HBBVCKCCQCQCTJ-UHFFFAOYSA-N, HBBVCKCCQCQCTJ-UHFFFAOYSA-N",Preclinical
L-168049,glucagon receptor antagonist,GCGR,,,"Tocris, Tocris, Tocris, Tocris",96.62,"CCCOc1ccc(Br)cc1-c1cc([nH]c1-c1ccncc1)-c1ccc(Cl)cc1, CCCOc1ccc(Br)cc1-c1cc([nH]c1-c1ccncc1)-c1ccc(Cl)cc1, CCCOc1ccc(Br)cc1-c1cc([nH]c1-c1ccncc1)-c1ccc(Cl)cc1, CCCOc1ccc(Br)cc1-c1cc([nH]c1-c1ccncc1)-c1ccc(Cl)cc1","HHBOWXZOLYQFNY-UHFFFAOYSA-N, HHBOWXZOLYQFNY-UHFFFAOYSA-N, HHBOWXZOLYQFNY-UHFFFAOYSA-N, HHBOWXZOLYQFNY-UHFFFAOYSA-N",Preclinical
L-365260,CCK receptor antagonist,"CCKAR, CCKBR, KCNQ1",,,Tocris,98.98,CN1c2ccccc2C(=N[C@@H](NC(=O)Nc2cccc(C)c2)C1=O)c1ccccc1 |c:9|,KDFQABSFVYLGPM-QFIPXVFZSA-N,Phase 2
L-368899,oxytocin receptor antagonist,"AVPR1A, AVPR2, OXTR",,,Tocris,95.02,Cc1ccccc1N1CCN(CC1)S(=O)(=O)C[C@]12CC[C@H](C[C@@H]1NC(=O)[C@@H](N)CCS(C)(=O)=O)C2(C)C,MWIASLNTAGRGGA-ZJPWWDJASA-N,Phase 1
"L-655,708",GABA receptor inverse agonist,"GABRA1, GABRA2, GABRA3, GABRA5, GABRG2",,,"Tocris, Tocris, Tocris, Tocris, Tocris",98.39,"CCOC(=O)c1ncn-2c1[C@@H]1CCCN1C(=O)c1cc(OC)ccc-21, CCOC(=O)c1ncn-2c1[C@@H]1CCCN1C(=O)c1cc(OC)ccc-21, CCOC(=O)c1ncn-2c1[C@@H]1CCCN1C(=O)c1cc(OC)ccc-21, CCOC(=O)c1ncn-2c1[C@@H]1CCCN1C(=O)c1cc(OC)ccc-21, CCOC(=O)c1ncn-2c1[C@@H]1CCCN1C(=O)c1cc(OC)ccc-21","YKYOQIXTECBVBB-AWEZNQCLSA-N, YKYOQIXTECBVBB-AWEZNQCLSA-N, YKYOQIXTECBVBB-AWEZNQCLSA-N, YKYOQIXTECBVBB-AWEZNQCLSA-N, YKYOQIXTECBVBB-AWEZNQCLSA-N",Preclinical
L-655240,thromboxane receptor antagonist,PTGES,,,"Tocris, Tocris",98.81,"Cc1c(CC(C)(C)C(O)=O)n(Cc2ccc(Cl)cc2)c2ccc(F)cc12, Cc1c(CC(C)(C)C(O)=O)n(Cc2ccc(Cl)cc2)c2ccc(F)cc12","JLPYLHLUHJOPNL-UHFFFAOYSA-N, JLPYLHLUHJOPNL-UHFFFAOYSA-N",Phase 1
L-670596,prostanoid receptor antagonist,,,,"Tocris, Tocris, Tocris",98.01,"CS(=O)(=O)c1ccc(Cn2c3[C@@H](CC(O)=O)CCCc3c3cc(F)cc(F)c23)cc1 |&1:11,r|, CS(=O)(=O)c1ccc(Cn2c3[C@@H](CC(O)=O)CCCc3c3cc(F)cc(F)c23)cc1 |&1:11,r|, CS(=O)(=O)c1ccc(Cn2c3[C@@H](CC(O)=O)CCCc3c3cc(F)cc(F)c23)cc1 |&1:11,r|","GMJWAIMJHBTYPD-CQSZACIVSA-N, GMJWAIMJHBTYPD-CQSZACIVSA-N, GMJWAIMJHBTYPD-CQSZACIVSA-N",Preclinical
L-689560,glutamate receptor antagonist,"GRIN1, GRIN2A, GRIN2B, GRIN2C, GRIN2D",,,"Tocris, Tocris, Tocris",98.1,"OC(=O)[C@H]1C[C@H](NC(=O)Nc2ccccc2)c2c(Cl)cc(Cl)cc2N1, OC(=O)[C@H]1C[C@H](NC(=O)Nc2ccccc2)c2c(Cl)cc(Cl)cc2N1, OC(=O)[C@H]1C[C@H](NC(=O)Nc2ccccc2)c2c(Cl)cc(Cl)cc2N1","UCKHICKHGAOGAP-UONOGXRCSA-N, UCKHICKHGAOGAP-UONOGXRCSA-N, UCKHICKHGAOGAP-UONOGXRCSA-N",Preclinical
L-690330,inositol monophosphatase inhibitor,IMPA1,,,Tocris,0,CC(Oc1ccc(O)cc1)(P(O)(O)=O)P(O)(O)=O,JKOCAAWWDVHWKB-UHFFFAOYSA-N,Preclinical
L-693403,"sigma receptor agonist, sigma receptor antagonist","DRD2, SIGMAR1",,,"Tocris, Tocris, Tocris, Tocris, Tocris",96.18,"C(N1CCC2(CCc3ccccc23)CC1)c1ccccc1, C(N1CCC2(CCc3ccccc23)CC1)c1ccccc1, C(N1CCC2(CCc3ccccc23)CC1)c1ccccc1, C(N1CCC2(CCc3ccccc23)CC1)c1ccccc1, C(N1CCC2(CCc3ccccc23)CC1)c1ccccc1","GSXJSGMDWKPVBY-UHFFFAOYSA-N, GSXJSGMDWKPVBY-UHFFFAOYSA-N, GSXJSGMDWKPVBY-UHFFFAOYSA-N, GSXJSGMDWKPVBY-UHFFFAOYSA-N, GSXJSGMDWKPVBY-UHFFFAOYSA-N",Preclinical
L-694247,serotonin receptor agonist,"HTR1A, HTR1B, HTR1D",,,"Tocris, Tocris",91.42,"CS(=O)(=O)Nc1ccc(Cc2noc(n2)-c2ccc3[nH]cc(CCN)c3c2)cc1, CS(=O)(=O)Nc1ccc(Cc2noc(n2)-c2ccc3[nH]cc(CCN)c3c2)cc1","HKXMQLISPYELRD-UHFFFAOYSA-N, HKXMQLISPYELRD-UHFFFAOYSA-N",Preclinical
L-701252,glutamate receptor antagonist,GRIN1,,,Tocris,97.91,Oc1c(C(=O)C2CC2)c(=O)[nH]c2cc(Cl)ccc12,MXEFWCFPCLDOOG-UHFFFAOYSA-N,Preclinical
L-701324,glutamate receptor antagonist,"GRIN1, GRIN2A, GRIN2B, GRIN2C, GRIN2D",,,"Tocris, Tocris, Tocris, Tocris",98.44,"Oc1c(-c2cccc(Oc3ccccc3)c2)c(=O)[nH]c2cc(Cl)ccc12, Oc1c(-c2cccc(Oc3ccccc3)c2)c(=O)[nH]c2cc(Cl)ccc12, Oc1c(-c2cccc(Oc3ccccc3)c2)c(=O)[nH]c2cc(Cl)ccc12, Oc1c(-c2cccc(Oc3ccccc3)c2)c(=O)[nH]c2cc(Cl)ccc12","FLVRDMUHUXVRET-UHFFFAOYSA-N, FLVRDMUHUXVRET-UHFFFAOYSA-N, FLVRDMUHUXVRET-UHFFFAOYSA-N, FLVRDMUHUXVRET-UHFFFAOYSA-N",Preclinical
"L-732,138",tachykinin antagonist,"TACR1, TACR2",,,"Tocris, Tocris, Tocris, Tocris",97.96,"CC(=O)N[C@H](Cc1c[nH]c2ccccc12)C(=O)OCc1cc(cc(c1)C(F)(F)F)C(F)(F)F, CC(=O)N[C@H](Cc1c[nH]c2ccccc12)C(=O)OCc1cc(cc(c1)C(F)(F)F)C(F)(F)F, CC(=O)N[C@H](Cc1c[nH]c2ccccc12)C(=O)OCc1cc(cc(c1)C(F)(F)F)C(F)(F)F, CC(=O)N[C@H](Cc1c[nH]c2ccccc12)C(=O)OCc1cc(cc(c1)C(F)(F)F)C(F)(F)F","BYYQYXVAWXAYQC-LJQANCHMSA-N, BYYQYXVAWXAYQC-LJQANCHMSA-N, BYYQYXVAWXAYQC-LJQANCHMSA-N, BYYQYXVAWXAYQC-LJQANCHMSA-N",Preclinical
L-733060,tachykinin antagonist,TACR1,,,"Tocris, Tocris, Tocris, Tocris",96.09,"FC(F)(F)c1cc(CO[C@H]2CCCN[C@H]2c2ccccc2)cc(c1)C(F)(F)F, FC(F)(F)c1cc(CO[C@H]2CCCN[C@H]2c2ccccc2)cc(c1)C(F)(F)F, FC(F)(F)c1cc(CO[C@H]2CCCN[C@H]2c2ccccc2)cc(c1)C(F)(F)F, FC(F)(F)c1cc(CO[C@H]2CCCN[C@H]2c2ccccc2)cc(c1)C(F)(F)F","FCDRFVCGMLUYPG-ROUUACIJSA-N, FCDRFVCGMLUYPG-ROUUACIJSA-N, FCDRFVCGMLUYPG-ROUUACIJSA-N, FCDRFVCGMLUYPG-ROUUACIJSA-N",Preclinical
L-741742,dopamine receptor antagonist,"DRD3, DRD4, SCN1A, SCN3A",,,"Tocris, Tocris",97.25,"Cc1c(noc1-c1ccc(Cl)cc1)C1CCN(CCc2ccccc2)CC1, Cc1c(noc1-c1ccc(Cl)cc1)C1CCN(CCc2ccccc2)CC1","QDMAKDIDFJTXEL-UHFFFAOYSA-N, QDMAKDIDFJTXEL-UHFFFAOYSA-N",Preclinical
L-745870,dopamine receptor antagonist,"DRD1, DRD2, DRD3, DRD4, HTR1A, HTR2A, HTR6, HTR7",,,"Tocris, Tocris, Tocris",93.03,"Clc1ccc(cc1)N1CCN(Cc2c[nH]c3ncccc23)CC1, Clc1ccc(cc1)N1CCN(Cc2c[nH]c3ncccc23)CC1, Clc1ccc(cc1)N1CCN(Cc2c[nH]c3ncccc23)CC1","OGJGQVFWEPNYSB-UHFFFAOYSA-N, OGJGQVFWEPNYSB-UHFFFAOYSA-N, OGJGQVFWEPNYSB-UHFFFAOYSA-N",Preclinical
L-755507,adrenergic receptor agonist,"ADRB1, ADRB2, ADRB3",,,"Tocris, Tocris, Tocris",96.7,"CCCCCCNC(=O)Nc1ccc(cc1)S(=O)(=O)Nc1ccc(CCNC[C@H](O)COc2ccc(O)cc2)cc1, CCCCCCNC(=O)Nc1ccc(cc1)S(=O)(=O)Nc1ccc(CCNC[C@H](O)COc2ccc(O)cc2)cc1, CCCCCCNC(=O)Nc1ccc(cc1)S(=O)(=O)Nc1ccc(CCNC[C@H](O)COc2ccc(O)cc2)cc1","NYYJKMXNVNFOFQ-MHZLTWQESA-N, NYYJKMXNVNFOFQ-MHZLTWQESA-N, NYYJKMXNVNFOFQ-MHZLTWQESA-N",Preclinical
L-760735,tachykinin antagonist,TACR1,,,"Tocris, Tocris",92.01,"C[C@@H](O[C@H]1OCCN(Cc2n[nH]nc2CN(C)C)[C@H]1c1ccc(F)cc1)c1cc(cc(c1)C(F)(F)F)C(F)(F)F, C[C@@H](O[C@H]1OCCN(Cc2n[nH]nc2CN(C)C)[C@H]1c1ccc(F)cc1)c1cc(cc(c1)C(F)(F)F)C(F)(F)F","USRYEHHMJIRICK-ZNZBMKLDSA-N, USRYEHHMJIRICK-ZNZBMKLDSA-N",Preclinical
L-778123,farnesyltransferase inhibitor,"FNTA, FNTB, PGGT1B",,,"MedChemEx, MedChemEx, MedChemEx, MedChemEx, MedChemEx",96.64,"Clc1cccc(c1)N1CCN(Cc2cncn2Cc2ccc(cc2)C#N)CC1=O, Clc1cccc(c1)N1CCN(Cc2cncn2Cc2ccc(cc2)C#N)CC1=O, Clc1cccc(c1)N1CCN(Cc2cncn2Cc2ccc(cc2)C#N)CC1=O, Clc1cccc(c1)N1CCN(Cc2cncn2Cc2ccc(cc2)C#N)CC1=O, Clc1cccc(c1)N1CCN(Cc2cncn2Cc2ccc(cc2)C#N)CC1=O","JNUGFGAVPBYSHF-UHFFFAOYSA-N, JNUGFGAVPBYSHF-UHFFFAOYSA-N, JNUGFGAVPBYSHF-UHFFFAOYSA-N, JNUGFGAVPBYSHF-UHFFFAOYSA-N, JNUGFGAVPBYSHF-UHFFFAOYSA-N",Phase 1
L-798106,prostanoid receptor antagonist,PTGER3,,,"Tocris, Tocris, Tocris",99.28,"COc1ccc(Br)cc1S(=O)(=O)NC(=O)\C=C\c1ccccc1Cc1ccc2ccccc2c1, COc1ccc(Br)cc1S(=O)(=O)NC(=O)\C=C\c1ccccc1Cc1ccc2ccccc2c1, COc1ccc(Br)cc1S(=O)(=O)NC(=O)\C=C\c1ccccc1Cc1ccc2ccccc2c1","ODTKFNUPVBULRJ-NTCAYCPXSA-N, ODTKFNUPVBULRJ-NTCAYCPXSA-N, ODTKFNUPVBULRJ-NTCAYCPXSA-N",Preclinical
L-838417,GABA receptor partial agonist,"GABRA1, GABRA2, GABRA3, GABRA5",,,"Tocris, Tocris, Tocris",97.33,"Cn1ncnc1COc1nn2c(nnc2cc1C(C)(C)C)-c1cc(F)ccc1F, Cn1ncnc1COc1nn2c(nnc2cc1C(C)(C)C)-c1cc(F)ccc1F, Cn1ncnc1COc1nn2c(nnc2cc1C(C)(C)C)-c1cc(F)ccc1F","BQDUNOMMYOKHEP-UHFFFAOYSA-N, BQDUNOMMYOKHEP-UHFFFAOYSA-N, BQDUNOMMYOKHEP-UHFFFAOYSA-N",Preclinical
labetalol,adrenergic receptor antagonist,"ADRA1D, ADRB1, ADRB2",cardiology,hypertension,"CombiBlocks, CombiBlocks",97.47,"C[C@@H](CCc1ccccc1)NC[C@@H](O)c1ccc(O)c(c1)C(N)=O |&1:1,&2:12,r|, C[C@@H](CCc1ccccc1)NC[C@@H](O)c1ccc(O)c(c1)C(N)=O |&1:1,&2:12,r|","SGUAFYQXFOLMHL-SCLBCKFNSA-N, SGUAFYQXFOLMHL-SCLBCKFNSA-N",Launched
lacidipine,calcium channel blocker,CACNA1C,cardiology,hypertension,"MedChemEx, MedChemEx, MedChemEx, Selleck, Selleck, Selleck",97.25,"CCOC(=O)C1=C(C)NC(C)=C(C1c1ccccc1\C=C\C(=O)OC(C)(C)C)C(=O)OCC |c:5,10|, CCOC(=O)C1=C(C)NC(C)=C(C1c1ccccc1\C=C\C(=O)OC(C)(C)C)C(=O)OCC |c:5,10|, CCOC(=O)C1=C(C)NC(C)=C(C1c1ccccc1\C=C\C(=O)OC(C)(C)C)C(=O)OCC |c:5,10|, CCOC(=O)C1=C(C)NC(C)=C(C1c1ccccc1\C=C\C(=O)OC(C)(C)C)C(=O)OCC |c:5,10|, CCOC(=O)C1=C(C)NC(C)=C(C1c1ccccc1\C=C\C(=O)OC(C)(C)C)C(=O)OCC |c:5,10|, CCOC(=O)C1=C(C)NC(C)=C(C1c1ccccc1\C=C\C(=O)OC(C)(C)C)C(=O)OCC |c:5,10|","GKQPCPXONLDCMU-CCEZHUSRSA-N, GKQPCPXONLDCMU-CCEZHUSRSA-N, GKQPCPXONLDCMU-CCEZHUSRSA-N, GKQPCPXONLDCMU-CCEZHUSRSA-N, GKQPCPXONLDCMU-CCEZHUSRSA-N, GKQPCPXONLDCMU-CCEZHUSRSA-N",Launched
lacitol,laxative,,gastroenterology,constipation,"MicroSource, MicroSource, Sigma",100,"OC[C@H](O)[C@@H](O)[C@H](O[C@@H]1O[C@H](CO)[C@H](O)[C@H](O)[C@H]1O)[C@H](O)CO, OC[C@H](O)[C@@H](O)[C@H](O[C@@H]1O[C@H](CO)[C@H](O)[C@H](O)[C@H]1O)[C@H](O)CO, OC[C@H](O)[C@@H](O)[C@H](O[C@@H]1O[C@H](CO)[C@H](O)[C@H](O)[C@H]1O)[C@H](O)CO","VQHSOMBJVWLPSR-JVCRWLNRSA-N, VQHSOMBJVWLPSR-JVCRWLNRSA-N, VQHSOMBJVWLPSR-JVCRWLNRSA-N",Launched
lactulose,laxative,,gastroenterology,portal-systemic encephalopathy (PSE),"MedChemEx, MicroSource, MicroSource",100,"OC[C@H]1O[C@](O)(CO)[C@@H](O)[C@@H]1O[C@@H]1O[C@H](CO)[C@H](O)[C@H](O)[C@H]1O, OC[C@H]1O[C@](O)(CO)[C@@H](O)[C@@H]1O[C@@H]1O[C@H](CO)[C@H](O)[C@H](O)[C@H]1O, OC[C@H]1O[C@](O)(CO)[C@@H](O)[C@@H]1O[C@@H]1O[C@H](CO)[C@H](O)[C@H](O)[C@H]1O","JCQLYHFGKNRPGE-FCVZTGTOSA-N, JCQLYHFGKNRPGE-FCVZTGTOSA-N, JCQLYHFGKNRPGE-FCVZTGTOSA-N",Launched
lafutidine,histamine receptor antagonist,HRH2,gastroenterology,"duodenal ulcer disease, peptic ulcer disease (PUD)",MedChemEx,98.46,O=C(C[S@@](=O)Cc1ccco1)NC\C=C/COc1cc(CN2CCCCC2)ccn1 |&1:3|,KMZQAVXSMUKBPD-FCRIZLRQSA-N,Launched
lamivudine,nucleoside reverse transcriptase inhibitor,,infectious disease,"human immunodeficiency virus (HIV-1), acquired immunodeficiency syndrome (AIDS), hepatitis B","Selleck, MedChemEx",98.68,"Nc1ccn([C@@H]2CS[C@H](CO)O2)c(=O)n1, Nc1ccn([C@@H]2CS[C@H](CO)O2)c(=O)n1","JTEGQNOMFQHVDC-NKWVEPMBSA-N, JTEGQNOMFQHVDC-NKWVEPMBSA-N",Launched
lamotrigine,"serotonin receptor antagonist, sodium channel blocker","SCN10A, SCN11A, SCN1A, SCN2A, SCN3A, SCN4A, SCN5A, SCN7A, SCN8A, SCN9A",neurology/psychiatry,"epilepsy, bipolar disorder","MicroSource, Selleck, Tocris, Tocris",99.52,"Nc1nnc(c(N)n1)-c1cccc(Cl)c1Cl, Nc1nnc(c(N)n1)-c1cccc(Cl)c1Cl, Nc1nnc(c(N)n1)-c1cccc(Cl)c1Cl, Nc1nnc(c(N)n1)-c1cccc(Cl)c1Cl","PYZRQGJRPPTADH-UHFFFAOYSA-N, PYZRQGJRPPTADH-UHFFFAOYSA-N, PYZRQGJRPPTADH-UHFFFAOYSA-N, PYZRQGJRPPTADH-UHFFFAOYSA-N",Launched
lanabecestat,beta secretase inhibitor,,,,MedChemEx,97.66,"CO[C@H]1CC[C@@]2(Cc3ccc(cc3[C@@]22N=C(C)C(N)=N2)-c2cncc(c2)C#CC)CC1 |c:20,t:16|",WKDNQONLGXOZRG-HRNNMHKYSA-N,Phase 3
lanatoside-C,cardiac glycoside,,,,"MicroSource, MicroSource",98.52,"C[C@H]1O[C@H](C[C@H](O)[C@@H]1O[C@H]1C[C@H](O)[C@H](O[C@H]2C[C@H](OC(C)=O)[C@H](O[C@@H]3O[C@H](CO)[C@@H](O)[C@H](O)[C@H]3O)[C@@H](C)O2)[C@@H](C)O1)O[C@H]1CC[C@@]2(C)[C@@H](CC[C@H]3[C@@H]2C[C@@H](O)[C@]2(C)[C@H](CC[C@]32O)C2=CC(=O)OC2)C1 |a:1,3,5,7,9,11,13,15,17,22,24,26,29,31,33,35,38,42,45,53,55,57,60,&1:47,&2:50,&3:51,t:69|, C[C@H]1O[C@H](C[C@H](O)[C@@H]1O[C@H]1C[C@H](O)[C@H](O[C@H]2C[C@H](OC(C)=O)[C@H](O[C@@H]3O[C@H](CO)[C@@H](O)[C@H](O)[C@H]3O)[C@@H](C)O2)[C@@H](C)O1)O[C@H]1CC[C@@]2(C)[C@@H](CC[C@H]3[C@@H]2C[C@@H](O)[C@]2(C)[C@H](CC[C@]32O)C2=CC(=O)OC2)C1 |a:1,3,5,7,9,11,13,15,17,22,24,26,29,31,33,35,38,42,45,53,55,57,60,&1:47,&2:50,&3:51,t:69|","JAYAGJDXJIDEKI-FUVOQQLASA-N, JAYAGJDXJIDEKI-FUVOQQLASA-N",Preclinical
landiolol,adrenergic receptor antagonist,ADRB1,cardiology,cardiac arrythmia,"AKSci, AKSci",98.94,"CC1(C)OC[C@@H](COC(=O)CCc2ccc(OC[C@@H](O)CNCCNC(=O)N3CCOCC3)cc2)O1, CC1(C)OC[C@@H](COC(=O)CCc2ccc(OC[C@@H](O)CNCCNC(=O)N3CCOCC3)cc2)O1","WMDSZGFJQKSLLH-RBBKRZOGSA-N, WMDSZGFJQKSLLH-RBBKRZOGSA-N",Launched
lanifibranor,PPAR receptor agonist,,,,MedChemEx,90.62,OC(=O)CCCc1cc2cc(Cl)ccc2n1S(=O)(=O)c1ccc2ncsc2c1,OQDQIFQRNZIEEJ-UHFFFAOYSA-N,Phase 2
lanoconazole,sterol demethylase inhibitor,,infectious disease,fungal infection,AKSci,96.68,"Clc1ccccc1[C@H]1CS\C(S1)=C(\C#N)n1ccnc1 |&1:7,r|",ZRTQSJFIDWNVJW-MNWMYKRDSA-N,Launched
lansoprazole,ATPase inhibitor,"ATP4A, ATP4B",gastroenterology,heartburn,Tocris,95.82,"Cc1c(OCC(F)(F)F)ccnc1C[S@@](=O)c1nc2ccccc2[nH]1 |&1:14,r|",MJIHNNLFOKEZEW-RUZDIDTESA-N,Launched
lapatinib,EGFR inhibitor,"EGFR, ERBB2",oncology,breast cancer,"Selleck, Selleck, Selleck, Selleck, Selleck, Selleck, Selleck, Selleck",97.32,"CS(=O)(=O)CCNCc1ccc(o1)-c1ccc2ncnc(Nc3ccc(OCc4cccc(F)c4)c(Cl)c3)c2c1, CS(=O)(=O)CCNCc1ccc(o1)-c1ccc2ncnc(Nc3ccc(OCc4cccc(F)c4)c(Cl)c3)c2c1, CS(=O)(=O)CCNCc1ccc(o1)-c1ccc2ncnc(Nc3ccc(OCc4cccc(F)c4)c(Cl)c3)c2c1, CS(=O)(=O)CCNCc1ccc(o1)-c1ccc2ncnc(Nc3ccc(OCc4cccc(F)c4)c(Cl)c3)c2c1, CS(=O)(=O)CCNCc1ccc(o1)-c1ccc2ncnc(Nc3ccc(OCc4cccc(F)c4)c(Cl)c3)c2c1, CS(=O)(=O)CCNCc1ccc(o1)-c1ccc2ncnc(Nc3ccc(OCc4cccc(F)c4)c(Cl)c3)c2c1, CS(=O)(=O)CCNCc1ccc(o1)-c1ccc2ncnc(Nc3ccc(OCc4cccc(F)c4)c(Cl)c3)c2c1, CS(=O)(=O)CCNCc1ccc(o1)-c1ccc2ncnc(Nc3ccc(OCc4cccc(F)c4)c(Cl)c3)c2c1","BCFGMOOMADDAQU-UHFFFAOYSA-N, BCFGMOOMADDAQU-UHFFFAOYSA-N, BCFGMOOMADDAQU-UHFFFAOYSA-N, BCFGMOOMADDAQU-UHFFFAOYSA-N, BCFGMOOMADDAQU-UHFFFAOYSA-N, BCFGMOOMADDAQU-UHFFFAOYSA-N, BCFGMOOMADDAQU-UHFFFAOYSA-N, BCFGMOOMADDAQU-UHFFFAOYSA-N",Launched
lappaconite,sodium channel blocker,,,,Selleck,89.72,CCN1C[C@@]2(CC[C@H](OC)[C@@]34[C@@H]5C[C@H]6[C@H](OC)[C@]5(O)[C@](O)(C[C@@H]6OC)[C@@H](C[C@H]23)[C@@H]14)OC(=O)c1ccccc1NC(C)=O,NWBWCXBPKTTZNQ-QOQRDJBUSA-N,Phase 2
laquinimod,immunosuppressant,CXCL2,,,"Selleck, MedChemEx, MedChemEx, Selleck, Selleck",86.53,"CCN(C(=O)c1c(O)c2c(Cl)cccc2n(C)c1=O)c1ccccc1, CCN(C(=O)c1c(O)c2c(Cl)cccc2n(C)c1=O)c1ccccc1, CCN(C(=O)c1c(O)c2c(Cl)cccc2n(C)c1=O)c1ccccc1, CCN(C(=O)c1c(O)c2c(Cl)cccc2n(C)c1=O)c1ccccc1, CCN(C(=O)c1c(O)c2c(Cl)cccc2n(C)c1=O)c1ccccc1","GKWPCEFFIHSJOE-UHFFFAOYSA-N, GKWPCEFFIHSJOE-UHFFFAOYSA-N, GKWPCEFFIHSJOE-UHFFFAOYSA-N, GKWPCEFFIHSJOE-UHFFFAOYSA-N, GKWPCEFFIHSJOE-UHFFFAOYSA-N",Phase 3
larazotide-acetate,tight junction regulator,,,,MedChemEx,79.47,CC(C)C[C@H](NC(=O)[C@@H](NC(=O)CNC(=O)CN)C(C)C)C(=O)N[C@@H](C(C)C)C(=O)N[C@@H](CCC(N)=O)C(=O)N1CCC[C@H]1C(=O)NCC(O)=O,ORFLZNAGUTZRLQ-ZMBVWFSWSA-N,Phase 2
laropiprant,prostanoid receptor antagonist,"PTGDR, PTGDR2, PTGER1, PTGER2, PTGER3, PTGFR, PTGIR, TBXA2R",cardiology,cholesterol,"MedChemEx, MedChemEx, MedChemEx, MedChemEx, MedChemEx",98.78,"CS(=O)(=O)c1cc(F)cc2c3CC[C@H](CC(O)=O)c3n(Cc3ccc(Cl)cc3)c12, CS(=O)(=O)c1cc(F)cc2c3CC[C@H](CC(O)=O)c3n(Cc3ccc(Cl)cc3)c12, CS(=O)(=O)c1cc(F)cc2c3CC[C@H](CC(O)=O)c3n(Cc3ccc(Cl)cc3)c12, CS(=O)(=O)c1cc(F)cc2c3CC[C@H](CC(O)=O)c3n(Cc3ccc(Cl)cc3)c12, CS(=O)(=O)c1cc(F)cc2c3CC[C@H](CC(O)=O)c3n(Cc3ccc(Cl)cc3)c12","NXFFJDQHYLNEJK-CYBMUJFWSA-N, NXFFJDQHYLNEJK-CYBMUJFWSA-N, NXFFJDQHYLNEJK-CYBMUJFWSA-N, NXFFJDQHYLNEJK-CYBMUJFWSA-N, NXFFJDQHYLNEJK-CYBMUJFWSA-N",Launched
larotrectinib,tropomyosin receptor kinase inhibitor,"NTRK1, NTRK2, NTRK3",,,"MedChemEx, MedChemEx",96.21,"O[C@H]1CCN(C1)C(=O)Nc1cnn2ccc(nc12)N1CCC[C@@H]1c1cc(F)ccc1F, O[C@H]1CCN(C1)C(=O)Nc1cnn2ccc(nc12)N1CCC[C@@H]1c1cc(F)ccc1F","NYNZQNWKBKUAII-KBXCAEBGSA-N, NYNZQNWKBKUAII-KBXCAEBGSA-N",Launched
lasalocid,bacterial permeability inducer,,infectious disease,coccidiosis,MedChemEx,88.82,CC[C@H]([C@H]1O[C@@](CC)(C[C@@H]1C)[C@H]1CC[C@](O)(CC)[C@H](C)O1)C(=O)[C@@H](C)[C@@H](O)[C@H](C)CCc1ccc(C)c(O)c1C(O)=O,BBMULGJBVDDDNI-OWKLGTHSSA-N,Launched
lasmiditan,serotonin receptor agonist,,,,MedChemEx,93.04,CN1CCC(CC1)C(=O)c1cccc(NC(=O)c2c(F)cc(F)cc2F)n1,XEDHVZKDSYZQBF-UHFFFAOYSA-N,Launched
lasofoxifene,selective estrogen receptor modulator (SERM),"ESR1, ESR2","orthopedics, oncology","osteoporosis, breast cancer","MedChemEx, MedChemEx",98.71,"O[C@@H]([C@H](O)C(O)=O)C(O)=O.Oc1ccc2[C@H]([C@H](CCc2c1)c1ccccc1)c1ccc(OCCN2CCCC2)cc1, O[C@@H]([C@H](O)C(O)=O)C(O)=O.Oc1ccc2[C@H]([C@H](CCc2c1)c1ccccc1)c1ccc(OCCN2CCCC2)cc1","INEHJXCWEVNEDZ-LUDNRVPPSA-N, INEHJXCWEVNEDZ-LUDNRVPPSA-N",Launched
latanoprost,prostanoid receptor agonist,PTGFR,ophthalmology,"ocular hypertension, glaucoma","Enzo, Enzo",98.27,"CC(C)OC(=O)CCC\C=C/C[C@H]1[C@@H](O)C[C@@H](O)[C@@H]1CC[C@@H](O)CCc1ccccc1, CC(C)OC(=O)CCC\C=C/C[C@H]1[C@@H](O)C[C@@H](O)[C@@H]1CC[C@@H](O)CCc1ccccc1","GGXICVAJURFBLW-CEYXHVGTSA-N, GGXICVAJURFBLW-CEYXHVGTSA-N",Launched
latrepirdine,glutamate receptor antagonist,"HRH1, HTR6",,,"Tocris, ChemDiv, ChemDiv, Adooq, Adooq",95.21,"CN1CCc2c(C1)c1cc(C)ccc1n2CCc1ccc(C)nc1, CN1CCc2c(C1)c1cc(C)ccc1n2CCc1ccc(C)nc1, CN1CCc2c(C1)c1cc(C)ccc1n2CCc1ccc(C)nc1, CN1CCc2c(C1)c1cc(C)ccc1n2CCc1ccc(C)nc1, CN1CCc2c(C1)c1cc(C)ccc1n2CCc1ccc(C)nc1","JNODQFNWMXFMEV-UHFFFAOYSA-N, JNODQFNWMXFMEV-UHFFFAOYSA-N, JNODQFNWMXFMEV-UHFFFAOYSA-N, JNODQFNWMXFMEV-UHFFFAOYSA-N, JNODQFNWMXFMEV-UHFFFAOYSA-N",Phase 3
latrunculin-B,actin polymerization inhibitor,"ACTA1, MKL1, SPIRE2",,,"EMDBio, EMD",68.21,"C[C@H]1CC[C@@H]2C[C@H](C[C@@](O)(O2)[C@@H]2CSC(=O)N2)OC(=O)\C=C(C)/CC\C=C/1 |c:27,t:22|, C[C@H]1CC[C@@H]2C[C@H](C[C@@](O)(O2)[C@@H]2CSC(=O)N2)OC(=O)\C=C(C)/CC\C=C/1 |c:27,t:22|","NSHPHXHGRHSMIK-JRIKCGFMSA-N, NSHPHXHGRHSMIK-JRIKCGFMSA-N",Phase 1
lauric-acid,bacterial permeability inducer,"GPR84, HNF4A, LTF, LY96, PLA2G2A, TLR4",,,Enzo,58.87,CCCCCCCCCCCC(O)=O,POULHZVOKOAJMA-UHFFFAOYSA-N,Phase 3
lauric-diethanolamide,,,,,"MedChemEx, Enamine",97.68,"CCCCCCCCCCCC(=O)N(CCO)CCO, CCCCCCCCCCCC(=O)N(CCO)CCO","AOMUHOFOVNGZAN-UHFFFAOYSA-N, AOMUHOFOVNGZAN-UHFFFAOYSA-N",Preclinical
laurocapram,,,,,"CombiBlocks, InterBioScreen",94.26,"CCCCCCCCCCCCN1CCCCCC1=O, CCCCCCCCCCCCN1CCCCCC1=O","AXTGDCSMTYGJND-UHFFFAOYSA-N, AXTGDCSMTYGJND-UHFFFAOYSA-N",Phase 3
lazabemide,monoamine oxidase inhibitor,MAOB,,,"Tocris, Tocris, Tocris",89.6,"NCCNC(=O)c1ccc(Cl)cn1, NCCNC(=O)c1ccc(Cl)cn1, NCCNC(=O)c1ccc(Cl)cn1","JZXRLKWWVNUZRB-UHFFFAOYSA-N, JZXRLKWWVNUZRB-UHFFFAOYSA-N, JZXRLKWWVNUZRB-UHFFFAOYSA-N",Phase 3
lazertinib,tyrosine kinase inhibitor,,,,MedChemEx,96.15,COc1cc(N2CCOCC2)c(NC(=O)C=C)cc1Nc1nccc(n1)-n1cc(CN(C)C)c(n1)-c1ccccc1,RRMJMHOQSALEJJ-UHFFFAOYSA-N,Phase 1/Phase 2
LB-100,protein phosphatase inhibitor,,,,MedChemEx,29.5,"CN1CCN(CC1)C(=O)[C@@H]1[C@H]2CC[C@H](O2)[C@@H]1C(O)=O |&1:10,13,&2:15,&3:9|",JUQMLSGOTNKJKI-YTWAJWBKSA-N,Phase 2
LB42708,farnesyltransferase inhibitor,,,,"Tocris, Selleck, Selleck, Selleck, Selleck, Selleck, Selleck, Selleck, Tocris, Selleck",97.41,"Brc1ccc(Cn2cncc2Cn2cc(C(=O)N3CCOCC3)c(c2)-c2cccc3ccccc23)cc1, Brc1ccc(Cn2cncc2Cn2cc(C(=O)N3CCOCC3)c(c2)-c2cccc3ccccc23)cc1, Brc1ccc(Cn2cncc2Cn2cc(C(=O)N3CCOCC3)c(c2)-c2cccc3ccccc23)cc1, Brc1ccc(Cn2cncc2Cn2cc(C(=O)N3CCOCC3)c(c2)-c2cccc3ccccc23)cc1, Brc1ccc(Cn2cncc2Cn2cc(C(=O)N3CCOCC3)c(c2)-c2cccc3ccccc23)cc1, Brc1ccc(Cn2cncc2Cn2cc(C(=O)N3CCOCC3)c(c2)-c2cccc3ccccc23)cc1, Brc1ccc(Cn2cncc2Cn2cc(C(=O)N3CCOCC3)c(c2)-c2cccc3ccccc23)cc1, Brc1ccc(Cn2cncc2Cn2cc(C(=O)N3CCOCC3)c(c2)-c2cccc3ccccc23)cc1, Brc1ccc(Cn2cncc2Cn2cc(C(=O)N3CCOCC3)c(c2)-c2cccc3ccccc23)cc1, Brc1ccc(Cn2cncc2Cn2cc(C(=O)N3CCOCC3)c(c2)-c2cccc3ccccc23)cc1","GUUIRIMAQGOLHT-UHFFFAOYSA-N, GUUIRIMAQGOLHT-UHFFFAOYSA-N, GUUIRIMAQGOLHT-UHFFFAOYSA-N, GUUIRIMAQGOLHT-UHFFFAOYSA-N, GUUIRIMAQGOLHT-UHFFFAOYSA-N, GUUIRIMAQGOLHT-UHFFFAOYSA-N, GUUIRIMAQGOLHT-UHFFFAOYSA-N, GUUIRIMAQGOLHT-UHFFFAOYSA-N, GUUIRIMAQGOLHT-UHFFFAOYSA-N, GUUIRIMAQGOLHT-UHFFFAOYSA-N",Preclinical
LCL-161,XIAP inhibitor,"BIRC2, XIAP",,,"MedChemEx, MedChemEx, MedChemEx, MedChemEx, MedChemEx, MedChemEx, MedChemEx, MedChemEx",95.17,"CN[C@@H](C)C(=O)N[C@@H](C1CCCCC1)C(=O)N1CCC[C@H]1c1nc(cs1)C(=O)c1ccc(F)cc1, CN[C@@H](C)C(=O)N[C@@H](C1CCCCC1)C(=O)N1CCC[C@H]1c1nc(cs1)C(=O)c1ccc(F)cc1, CN[C@@H](C)C(=O)N[C@@H](C1CCCCC1)C(=O)N1CCC[C@H]1c1nc(cs1)C(=O)c1ccc(F)cc1, CN[C@@H](C)C(=O)N[C@@H](C1CCCCC1)C(=O)N1CCC[C@H]1c1nc(cs1)C(=O)c1ccc(F)cc1, CN[C@@H](C)C(=O)N[C@@H](C1CCCCC1)C(=O)N1CCC[C@H]1c1nc(cs1)C(=O)c1ccc(F)cc1, CN[C@@H](C)C(=O)N[C@@H](C1CCCCC1)C(=O)N1CCC[C@H]1c1nc(cs1)C(=O)c1ccc(F)cc1, CN[C@@H](C)C(=O)N[C@@H](C1CCCCC1)C(=O)N1CCC[C@H]1c1nc(cs1)C(=O)c1ccc(F)cc1, CN[C@@H](C)C(=O)N[C@@H](C1CCCCC1)C(=O)N1CCC[C@H]1c1nc(cs1)C(=O)c1ccc(F)cc1","UFPFGVNKHCLJJO-SSKFGXFMSA-N, UFPFGVNKHCLJJO-SSKFGXFMSA-N, UFPFGVNKHCLJJO-SSKFGXFMSA-N, UFPFGVNKHCLJJO-SSKFGXFMSA-N, UFPFGVNKHCLJJO-SSKFGXFMSA-N, UFPFGVNKHCLJJO-SSKFGXFMSA-N, UFPFGVNKHCLJJO-SSKFGXFMSA-N, UFPFGVNKHCLJJO-SSKFGXFMSA-N",Phase 2
LCQ908,diacylglycerol O acyltransferase inhibitor,DGAT1,,,"MedChemEx, MedChemEx, MedChemEx, MedChemEx, MedChemEx, MedChemEx",91.79,"OC(=O)C[C@H]1CC[C@@H](CC1)c1ccc(cc1)-c1ccc(Nc2ccc(nc2)C(F)(F)F)cn1 |r|, OC(=O)C[C@H]1CC[C@@H](CC1)c1ccc(cc1)-c1ccc(Nc2ccc(nc2)C(F)(F)F)cn1 |r|, OC(=O)C[C@H]1CC[C@@H](CC1)c1ccc(cc1)-c1ccc(Nc2ccc(nc2)C(F)(F)F)cn1 |r|, OC(=O)C[C@H]1CC[C@@H](CC1)c1ccc(cc1)-c1ccc(Nc2ccc(nc2)C(F)(F)F)cn1 |r|, OC(=O)C[C@H]1CC[C@@H](CC1)c1ccc(cc1)-c1ccc(Nc2ccc(nc2)C(F)(F)F)cn1 |r|, OC(=O)C[C@H]1CC[C@@H](CC1)c1ccc(cc1)-c1ccc(Nc2ccc(nc2)C(F)(F)F)cn1 |r|","GXALXAKNHIROPE-QAQDUYKDSA-N, GXALXAKNHIROPE-QAQDUYKDSA-N, GXALXAKNHIROPE-QAQDUYKDSA-N, GXALXAKNHIROPE-QAQDUYKDSA-N, GXALXAKNHIROPE-QAQDUYKDSA-N, GXALXAKNHIROPE-QAQDUYKDSA-N",Phase 3
LCZ696,angiotensin receptor antagonist,,cardiology,"angioedema, hypotension",,0,,,Launched
LDC1267,protein tyrosine kinase inhibitor,"AXL, MERTK, TYRO3",,,"MedChemEx, MedChemEx",98.38,"CCOc1cn(nc1C(=O)Nc1ccc(Oc2ccnc3cc(OC)c(OC)cc23)c(F)c1)-c1ccc(F)cc1C, CCOc1cn(nc1C(=O)Nc1ccc(Oc2ccnc3cc(OC)c(OC)cc23)c(F)c1)-c1ccc(F)cc1C","ISPBCAXOSOLFME-UHFFFAOYSA-N, ISPBCAXOSOLFME-UHFFFAOYSA-N",Preclinical
LDN-209929,haspin kinase inhibitor,GSG2,,,"Tocris, Tocris",72.25,"COc1ccc2nc3ccc(Cl)cc3c(SCCCN)c2c1, COc1ccc2nc3ccc(Cl)cc3c(SCCCN)c2c1","XMMAOXMYUGQGJD-UHFFFAOYSA-N, XMMAOXMYUGQGJD-UHFFFAOYSA-N",Preclinical
LDN-212854,bone morphogenic protein inhibitor,"ABL1, ACVR1, RIPK2",,,"Tocris, Selleck, Selleck, Selleck, Selleck, Selleck, Selleck, Selleck, Selleck, Selleck",97.26,"C1CN(CCN1)c1ccc(cc1)-c1cnc2c(cnn2c1)-c1cccc2ncccc12, C1CN(CCN1)c1ccc(cc1)-c1cnc2c(cnn2c1)-c1cccc2ncccc12, C1CN(CCN1)c1ccc(cc1)-c1cnc2c(cnn2c1)-c1cccc2ncccc12, C1CN(CCN1)c1ccc(cc1)-c1cnc2c(cnn2c1)-c1cccc2ncccc12, C1CN(CCN1)c1ccc(cc1)-c1cnc2c(cnn2c1)-c1cccc2ncccc12, C1CN(CCN1)c1ccc(cc1)-c1cnc2c(cnn2c1)-c1cccc2ncccc12, C1CN(CCN1)c1ccc(cc1)-c1cnc2c(cnn2c1)-c1cccc2ncccc12, C1CN(CCN1)c1ccc(cc1)-c1cnc2c(cnn2c1)-c1cccc2ncccc12, C1CN(CCN1)c1ccc(cc1)-c1cnc2c(cnn2c1)-c1cccc2ncccc12, C1CN(CCN1)c1ccc(cc1)-c1cnc2c(cnn2c1)-c1cccc2ncccc12","BBDGBGOVJPEFBT-UHFFFAOYSA-N, BBDGBGOVJPEFBT-UHFFFAOYSA-N, BBDGBGOVJPEFBT-UHFFFAOYSA-N, BBDGBGOVJPEFBT-UHFFFAOYSA-N, BBDGBGOVJPEFBT-UHFFFAOYSA-N, BBDGBGOVJPEFBT-UHFFFAOYSA-N, BBDGBGOVJPEFBT-UHFFFAOYSA-N, BBDGBGOVJPEFBT-UHFFFAOYSA-N, BBDGBGOVJPEFBT-UHFFFAOYSA-N, BBDGBGOVJPEFBT-UHFFFAOYSA-N",Preclinical
LDN-27219,tissue transglutaminase inhibitor,TGM2,,,"Tocris, Tocris",90.91,"NNC(=O)CSc1nc2scc(-c3ccccc3)c2c(=O)n1-c1ccccc1, NNC(=O)CSc1nc2scc(-c3ccccc3)c2c(=O)n1-c1ccccc1","WLBUICQBNZXIDJ-UHFFFAOYSA-N, WLBUICQBNZXIDJ-UHFFFAOYSA-N",Preclinical
LDN-57444,ubiquitin C-terminal hydrolase inhibitor,,,,"Selleck, MedChemEx, Selleck, Selleck",99.35,"CC(=O)O\N=C1\C(=O)N(Cc2cc(Cl)ccc2Cl)c2ccc(Cl)cc12, CC(=O)O\N=C1\C(=O)N(Cc2cc(Cl)ccc2Cl)c2ccc(Cl)cc12, CC(=O)O\N=C1\C(=O)N(Cc2cc(Cl)ccc2Cl)c2ccc(Cl)cc12, CC(=O)O\N=C1\C(=O)N(Cc2cc(Cl)ccc2Cl)c2ccc(Cl)cc12","OPQRFPHLZZPCCH-LTGZKZEYSA-N, OPQRFPHLZZPCCH-LTGZKZEYSA-N, OPQRFPHLZZPCCH-LTGZKZEYSA-N, OPQRFPHLZZPCCH-LTGZKZEYSA-N",Preclinical
LDN193189,bone morphogenic protein inhibitor,"ACVR1, BMPR1A",,,"MedChemEx, MedChemEx, MedChemEx, MedChemEx",97.1,"C1CN(CCN1)c1ccc(cc1)-c1cnc2c(cnn2c1)-c1ccnc2ccccc12, C1CN(CCN1)c1ccc(cc1)-c1cnc2c(cnn2c1)-c1ccnc2ccccc12, C1CN(CCN1)c1ccc(cc1)-c1cnc2c(cnn2c1)-c1ccnc2ccccc12, C1CN(CCN1)c1ccc(cc1)-c1cnc2c(cnn2c1)-c1ccnc2ccccc12","CDOVNWNANFFLFJ-UHFFFAOYSA-N, CDOVNWNANFFLFJ-UHFFFAOYSA-N, CDOVNWNANFFLFJ-UHFFFAOYSA-N, CDOVNWNANFFLFJ-UHFFFAOYSA-N",Preclinical
LE-135,retinoid receptor agonist,RARB,,,"Tocris, Tocris, Tocris",95.85,"CN1c2cc3c(cc2N=C(c2ccc(cc2)C(O)=O)c2ccccc12)C(C)(C)CCC3(C)C |t:9|, CN1c2cc3c(cc2N=C(c2ccc(cc2)C(O)=O)c2ccccc12)C(C)(C)CCC3(C)C |t:9|, CN1c2cc3c(cc2N=C(c2ccc(cc2)C(O)=O)c2ccccc12)C(C)(C)CCC3(C)C |t:9|","YZZAIQOVMHVWBS-UHFFFAOYSA-N, YZZAIQOVMHVWBS-UHFFFAOYSA-N, YZZAIQOVMHVWBS-UHFFFAOYSA-N",Preclinical
ledipasvir,HCV inhibitor,,infectious disease,hepatitis C,"MedChemEx, MedChemEx, MedChemEx, MedChemEx",99.19,"COC(=O)N[C@@H](C(C)C)C(=O)N1CC2(CC2)C[C@H]1c1nc(c[nH]1)-c1ccc2-c3ccc(cc3C(F)(F)c2c1)-c1ccc2nc([nH]c2c1)[C@@H]1[C@H]2CC[C@H](C2)N1C(=O)[C@@H](NC(=O)OC)C(C)C, COC(=O)N[C@@H](C(C)C)C(=O)N1CC2(CC2)C[C@H]1c1nc(c[nH]1)-c1ccc2-c3ccc(cc3C(F)(F)c2c1)-c1ccc2nc([nH]c2c1)[C@@H]1[C@H]2CC[C@H](C2)N1C(=O)[C@@H](NC(=O)OC)C(C)C, COC(=O)N[C@@H](C(C)C)C(=O)N1CC2(CC2)C[C@H]1c1nc(c[nH]1)-c1ccc2-c3ccc(cc3C(F)(F)c2c1)-c1ccc2nc([nH]c2c1)[C@@H]1[C@H]2CC[C@H](C2)N1C(=O)[C@@H](NC(=O)OC)C(C)C, COC(=O)N[C@@H](C(C)C)C(=O)N1CC2(CC2)C[C@H]1c1nc(c[nH]1)-c1ccc2-c3ccc(cc3C(F)(F)c2c1)-c1ccc2nc([nH]c2c1)[C@@H]1[C@H]2CC[C@H](C2)N1C(=O)[C@@H](NC(=O)OC)C(C)C","VRTWBAAJJOHBQU-KMWAZVGDSA-N, VRTWBAAJJOHBQU-KMWAZVGDSA-N, VRTWBAAJJOHBQU-KMWAZVGDSA-N, VRTWBAAJJOHBQU-KMWAZVGDSA-N",Launched
leflunomide,"dihydroorotate dehydrogenase inhibitor, PDGFR tyrosine kinase receptor inhibitor","AHR, DHODH, PTK2B",rheumatology,rheumatoid arthritis,"MicroSource, Tocris, Tocris, Selleck",94.48,"Cc1oncc1C(=O)Nc1ccc(cc1)C(F)(F)F, Cc1oncc1C(=O)Nc1ccc(cc1)C(F)(F)F, Cc1oncc1C(=O)Nc1ccc(cc1)C(F)(F)F, Cc1oncc1C(=O)Nc1ccc(cc1)C(F)(F)F","VHOGYURTWQBHIL-UHFFFAOYSA-N, VHOGYURTWQBHIL-UHFFFAOYSA-N, VHOGYURTWQBHIL-UHFFFAOYSA-N, VHOGYURTWQBHIL-UHFFFAOYSA-N",Launched
lemborexant,orexin receptor antagonist,"HCRTR1, HCRTR2",,,MedChemEx,96.65,Cc1ncc(OC[C@]2(C[C@H]2C(=O)Nc2ccc(F)cn2)c2cccc(F)c2)c(C)n1,MUGXRYIUWFITCP-PGRDOPGGSA-N,Launched
lenalidomide,anticancer agent,TNF,hematologic malignancy,"multiple myeloma, mantle cell lymphoma (MCL), myelodysplastic diseases (MDS)",Selleck,98.9,"Nc1cccc2C(=O)N(Cc12)[C@H]1CCC(=O)NC1=O |&1:11,r|",GOTYRUGSSMKFNF-JTQLQIEISA-N,Launched
leniolisib,PI3K inhibitor,,,,MedChemEx,96.68,CCC(=O)N1CC[C@@H](C1)Nc1ncnc2CCN(Cc12)c1cnc(OC)c(c1)C(F)(F)F,MWKYMZXCGYXLPL-ZDUSSCGKSA-N,Phase 2/Phase 3
lenvatinib,"FGFR inhibitor, KIT inhibitor, PDGFR tyrosine kinase receptor inhibitor, VEGFR inhibitor","FLT4, KDR",oncology,thyroid cancer,"Selleck, Selleck, Selleck, Selleck, Selleck",98.78,"COc1cc2nccc(Oc3ccc(NC(=O)NC4CC4)c(Cl)c3)c2cc1C(N)=O, COc1cc2nccc(Oc3ccc(NC(=O)NC4CC4)c(Cl)c3)c2cc1C(N)=O, COc1cc2nccc(Oc3ccc(NC(=O)NC4CC4)c(Cl)c3)c2cc1C(N)=O, COc1cc2nccc(Oc3ccc(NC(=O)NC4CC4)c(Cl)c3)c2cc1C(N)=O, COc1cc2nccc(Oc3ccc(NC(=O)NC4CC4)c(Cl)c3)c2cc1C(N)=O","WOSKHXYHFSIKNG-UHFFFAOYSA-N, WOSKHXYHFSIKNG-UHFFFAOYSA-N, WOSKHXYHFSIKNG-UHFFFAOYSA-N, WOSKHXYHFSIKNG-UHFFFAOYSA-N, WOSKHXYHFSIKNG-UHFFFAOYSA-N",Launched
leonurine,anti-inflammatory agent,,,,CombiBlocks,93.59,COc1cc(cc(OC)c1O)C(=O)OCCCCNC(N)=N,WNGSUWLDMZFYNZ-UHFFFAOYSA-N,Preclinical
LEQ506,G protein signaling inhibitor,,,,MedChemEx,88.91,C[C@@H]1CN(CCN1c1cnc(cn1)C(C)(C)O)c1nnc(Cc2ccccc2)c(C)c1C,POERAARDVFVDLO-QGZVFWFLSA-N,Phase 1
lercanidipine,calcium channel blocker,CACNA2D1,cardiology,hypertension,"Sigma, Sigma, Sigma",98.4,"COC(=O)C1=C(C)NC(C)=C([C@@H]1c1cccc(c1)[N+]([O-])=O)C(=O)OC(C)(C)CN(C)CCC(c1ccccc1)c1ccccc1 |r,c:4,9|, COC(=O)C1=C(C)NC(C)=C([C@@H]1c1cccc(c1)[N+]([O-])=O)C(=O)OC(C)(C)CN(C)CCC(c1ccccc1)c1ccccc1 |r,c:4,9|, COC(=O)C1=C(C)NC(C)=C([C@@H]1c1cccc(c1)[N+]([O-])=O)C(=O)OC(C)(C)CN(C)CCC(c1ccccc1)c1ccccc1 |r,c:4,9|","ZDXUKAKRHYTAKV-MGBGTMOVSA-N, ZDXUKAKRHYTAKV-MGBGTMOVSA-N, ZDXUKAKRHYTAKV-MGBGTMOVSA-N",Launched
lerisetron,serotonin receptor antagonist,HTR3A,,,"Enamine, LifeChem, Enamine",98.73,"C(c1ccccc1)n1c(nc2ccccc12)N1CCNCC1, C(c1ccccc1)n1c(nc2ccccc12)N1CCNCC1, C(c1ccccc1)n1c(nc2ccccc12)N1CCNCC1","PWWDCRQZITYKDV-UHFFFAOYSA-N, PWWDCRQZITYKDV-UHFFFAOYSA-N, PWWDCRQZITYKDV-UHFFFAOYSA-N",Phase 3
lersivirine,non-nucleoside reverse transcriptase inhibitor,,,,"MedChemEx, MedChemEx",96.3,"CCc1nn(CCO)c(CC)c1Oc1cc(cc(c1)C#N)C#N, CCc1nn(CCO)c(CC)c1Oc1cc(cc(c1)C#N)C#N","MCPUZZJBAHRIPO-UHFFFAOYSA-N, MCPUZZJBAHRIPO-UHFFFAOYSA-N",Phase 2
lesinurad,uric acid diuretic,SLC22A12,rheumatology,gout,"MedChemEx, MedChemEx",99.19,"OC(=O)CSc1nnc(Br)n1-c1ccc(C2CC2)c2ccccc12, OC(=O)CSc1nnc(Br)n1-c1ccc(C2CC2)c2ccccc12","FGQFOYHRJSUHMR-UHFFFAOYSA-N, FGQFOYHRJSUHMR-UHFFFAOYSA-N",Launched
lestaurtinib,"FLT3 inhibitor, growth factor receptor inhibitor, JAK inhibitor","FLT3, NTRK1",,,"EMDBio, EMDBio, EMDBio, EMDBio, EMDBio, EMDBio, EMDBio, EMDBio, EMDBio, EMDBio, EMDBio",97.47,"C[C@]12O[C@@H](C[C@]1(O)CO)n1c3ccccc3c3c4C(=O)NCc4c4c5ccccc5n2c4c13 |a:1,5,&1:3|, C[C@]12O[C@@H](C[C@]1(O)CO)n1c3ccccc3c3c4C(=O)NCc4c4c5ccccc5n2c4c13 |a:1,5,&1:3|, C[C@]12O[C@@H](C[C@]1(O)CO)n1c3ccccc3c3c4C(=O)NCc4c4c5ccccc5n2c4c13 |a:1,5,&1:3|, C[C@]12O[C@@H](C[C@]1(O)CO)n1c3ccccc3c3c4C(=O)NCc4c4c5ccccc5n2c4c13 |a:1,5,&1:3|, C[C@]12O[C@@H](C[C@]1(O)CO)n1c3ccccc3c3c4C(=O)NCc4c4c5ccccc5n2c4c13 |a:1,5,&1:3|, C[C@]12O[C@@H](C[C@]1(O)CO)n1c3ccccc3c3c4C(=O)NCc4c4c5ccccc5n2c4c13 |a:1,5,&1:3|, C[C@]12O[C@@H](C[C@]1(O)CO)n1c3ccccc3c3c4C(=O)NCc4c4c5ccccc5n2c4c13 |a:1,5,&1:3|, C[C@]12O[C@@H](C[C@]1(O)CO)n1c3ccccc3c3c4C(=O)NCc4c4c5ccccc5n2c4c13 |a:1,5,&1:3|, C[C@]12O[C@@H](C[C@]1(O)CO)n1c3ccccc3c3c4C(=O)NCc4c4c5ccccc5n2c4c13 |a:1,5,&1:3|, C[C@]12O[C@@H](C[C@]1(O)CO)n1c3ccccc3c3c4C(=O)NCc4c4c5ccccc5n2c4c13 |a:1,5,&1:3|, C[C@]12O[C@@H](C[C@]1(O)CO)n1c3ccccc3c3c4C(=O)NCc4c4c5ccccc5n2c4c13 |a:1,5,&1:3|","UIARLYUEJFELEN-DMVVYWCZSA-N, UIARLYUEJFELEN-DMVVYWCZSA-N, UIARLYUEJFELEN-DMVVYWCZSA-N, UIARLYUEJFELEN-DMVVYWCZSA-N, UIARLYUEJFELEN-DMVVYWCZSA-N, UIARLYUEJFELEN-DMVVYWCZSA-N, UIARLYUEJFELEN-DMVVYWCZSA-N, UIARLYUEJFELEN-DMVVYWCZSA-N, UIARLYUEJFELEN-DMVVYWCZSA-N, UIARLYUEJFELEN-DMVVYWCZSA-N, UIARLYUEJFELEN-DMVVYWCZSA-N",Phase 3
leteprinim,nerve growth factor agonist,,,,Sigma,97.65,OC(=O)c1ccc(NC(=O)CCn2cnc3c2[nH]cnc3=O)cc1,JMPOIZCOJJMTHI-UHFFFAOYSA-N,Phase 2
letermovir,CMV terminase inhibitor,,infectious disease,cytomegalovirus (CMV),"MedChemEx, MedChemEx, MedChemEx",96.6,"COc1cccc(c1)N1CCN(CC1)C1=Nc2c(F)cccc2[C@H](CC(O)=O)N1c1cc(ccc1OC)C(F)(F)F |t:16|, COc1cccc(c1)N1CCN(CC1)C1=Nc2c(F)cccc2[C@H](CC(O)=O)N1c1cc(ccc1OC)C(F)(F)F |t:16|, COc1cccc(c1)N1CCN(CC1)C1=Nc2c(F)cccc2[C@H](CC(O)=O)N1c1cc(ccc1OC)C(F)(F)F |t:16|","FWYSMLBETOMXAG-QHCPKHFHSA-N, FWYSMLBETOMXAG-QHCPKHFHSA-N, FWYSMLBETOMXAG-QHCPKHFHSA-N",Launched
letosteine,mucolytic agent,,"pulmonary, infectious disease","bronchitis, pneumonia",AKSci,96.97,"CCOC(=O)CSCC[C@H]1N[C@@H](CS1)C(O)=O |&1:9,&2:11,r|",IKOCLISPVJZJEA-YUMQZZPRSA-N,Launched
letrazuril,antiinfective drug,,,,MedChemEx,98.49,"Fc1ccc(cc1)[C@@H](C#N)c1c(Cl)cc(cc1Cl)-n1ncc(=O)[nH]c1=O |&1:7,r|",XQKYUBTUOHHNDV-GFCCVEGCSA-N,Phase 1
letrozole,aromatase inhibitor,CYP19A1,oncology,breast cancer,"Tocris, Tocris, Selleck",96.85,"N#Cc1ccc(cc1)C(c1ccc(cc1)C#N)n1cncn1, N#Cc1ccc(cc1)C(c1ccc(cc1)C#N)n1cncn1, N#Cc1ccc(cc1)C(c1ccc(cc1)C#N)n1cncn1","HPJKCIUCZWXJDR-UHFFFAOYSA-N, HPJKCIUCZWXJDR-UHFFFAOYSA-N, HPJKCIUCZWXJDR-UHFFFAOYSA-N",Launched
leucomethylene-blue,"nitric oxide production inhibitor, tau aggregation inhibitor",MAPT,,,MedChemEx,0,CN(C)c1ccc2Nc3ccc(cc3Sc2c1)N(C)C,QTWZICCBKBYHDM-UHFFFAOYSA-N,Phase 3
leucovorin,folate receptor ligand,,oncology,osteosarcoma,"MedChemEx, Selleck, Selleck, Selleck, Selleck",97.3,"Nc1nc(=O)c2N(C=O)[C@@H](CNc3ccc(cc3)C(=O)N[C@@H](CCC(O)=O)C(O)=O)CNc2[nH]1 |a:21,&1:9|, Nc1nc(=O)c2N(C=O)[C@@H](CNc3ccc(cc3)C(=O)N[C@@H](CCC(O)=O)C(O)=O)CNc2[nH]1 |a:21,&1:9|, Nc1nc(=O)c2N(C=O)[C@@H](CNc3ccc(cc3)C(=O)N[C@@H](CCC(O)=O)C(O)=O)CNc2[nH]1 |a:21,&1:9|, Nc1nc(=O)c2N(C=O)[C@@H](CNc3ccc(cc3)C(=O)N[C@@H](CCC(O)=O)C(O)=O)CNc2[nH]1 |a:21,&1:9|, Nc1nc(=O)c2N(C=O)[C@@H](CNc3ccc(cc3)C(=O)N[C@@H](CCC(O)=O)C(O)=O)CNc2[nH]1 |a:21,&1:9|","VVIAGPKUTFNRDU-STQMWFEESA-N, VVIAGPKUTFNRDU-STQMWFEESA-N, VVIAGPKUTFNRDU-STQMWFEESA-N, VVIAGPKUTFNRDU-STQMWFEESA-N, VVIAGPKUTFNRDU-STQMWFEESA-N",Launched
leucylleucine-methyl-ester,,,,,ChemImpex,100,COC(=O)[C@H](CC(C)C)NC(=O)[C@@H](N)CC(C)C,AJMOLNFDYWTVQW-QWRGUYRKSA-N,Phase 2
leuprolide,gonadotropin releasing factor hormone receptor agonist,GNRHR,oncology,prostate cancer,"Sigma, Sigma",94.29,"CCNC(=O)[C@@H]1CCCN1C(=O)[C@H](CCCNC(N)=N)NC(=O)[C@H](CC(C)C)NC(=O)[C@@H](CC(C)C)NC(=O)[C@H](Cc1ccc(O)cc1)NC(=O)[C@H](CO)NC(=O)[C@H](Cc1c[nH]c2ccccc12)NC(=O)[C@H](Cc1cnc[nH]1)NC(=O)[C@@H]1CCC(=O)N1, CCNC(=O)[C@@H]1CCCN1C(=O)[C@H](CCCNC(N)=N)NC(=O)[C@H](CC(C)C)NC(=O)[C@@H](CC(C)C)NC(=O)[C@H](Cc1ccc(O)cc1)NC(=O)[C@H](CO)NC(=O)[C@H](Cc1c[nH]c2ccccc12)NC(=O)[C@H](Cc1cnc[nH]1)NC(=O)[C@@H]1CCC(=O)N1","GFIJNRVAKGFPGQ-LIJARHBVSA-N, GFIJNRVAKGFPGQ-LIJARHBVSA-N",Launched
levalbuterol,adrenergic receptor agonist,ADRB2,pulmonary,bronchospasm,"MicroSource, MicroSource, Vitas-M",97.04,"CC(C)(C)NC[C@H](O)c1ccc(O)c(CO)c1, CC(C)(C)NC[C@H](O)c1ccc(O)c(CO)c1, CC(C)(C)NC[C@H](O)c1ccc(O)c(CO)c1","NDAUXUAQIAJITI-LBPRGKRZSA-N, NDAUXUAQIAJITI-LBPRGKRZSA-N, NDAUXUAQIAJITI-LBPRGKRZSA-N",Launched
levallorphan,opioid receptor antagonist,"CHRNA2, OPRM1",pulmonary,respiratory depression,"Enzo, Enzo, Sigma",93.45,"Oc1ccc2C[C@@H]3[C@@H]4CCCC[C@]4(CCN3CC=C)c2c1, Oc1ccc2C[C@@H]3[C@@H]4CCCC[C@]4(CCN3CC=C)c2c1, Oc1ccc2C[C@@H]3[C@@H]4CCCC[C@]4(CCN3CC=C)c2c1","OZYUPQUCAUTOBP-QXAKKESOSA-N, OZYUPQUCAUTOBP-QXAKKESOSA-N, OZYUPQUCAUTOBP-QXAKKESOSA-N",Launched
levamisole,acetylcholine receptor agonist,ALPL,,,"MicroSource, MedChemEx, MedChemEx, Selleck",99.45,"C1CN2C[C@@H](N=C2S1)c1ccccc1 |c:5|, C1CN2C[C@@H](N=C2S1)c1ccccc1 |c:5|, C1CN2C[C@@H](N=C2S1)c1ccccc1 |c:5|, C1CN2C[C@@H](N=C2S1)c1ccccc1 |c:5|","HLFSDGLLUJUHTE-SNVBAGLBSA-N, HLFSDGLLUJUHTE-SNVBAGLBSA-N, HLFSDGLLUJUHTE-SNVBAGLBSA-N, HLFSDGLLUJUHTE-SNVBAGLBSA-N",Withdrawn
levamlodipine,calcium channel blocker,,cardiology,hypertension,MedChemEx,96.68,"CCOC(=O)C1=C(COCCN)NC(C)=C([C@@H]1c1ccccc1Cl)C(=O)OC |c:5,14|",HTIQEAQVCYTUBX-KRWDZBQOSA-N,Launched
levcromakalim,potassium channel activator,KCNJ5,,,"Sigma, Tocris, Tocris, Tocris, Tocris",99.04,"CC1(C)Oc2ccc(cc2[C@H]([C@@H]1O)N1CCCC1=O)C#N, CC1(C)Oc2ccc(cc2[C@H]([C@@H]1O)N1CCCC1=O)C#N, CC1(C)Oc2ccc(cc2[C@H]([C@@H]1O)N1CCCC1=O)C#N, CC1(C)Oc2ccc(cc2[C@H]([C@@H]1O)N1CCCC1=O)C#N, CC1(C)Oc2ccc(cc2[C@H]([C@@H]1O)N1CCCC1=O)C#N","TVZCRIROJQEVOT-CABCVRRESA-N, TVZCRIROJQEVOT-CABCVRRESA-N, TVZCRIROJQEVOT-CABCVRRESA-N, TVZCRIROJQEVOT-CABCVRRESA-N, TVZCRIROJQEVOT-CABCVRRESA-N",Phase 3
levetiracetam,calcium channel blocker,"CACNA1B, SCN1A, SV2A",neurology/psychiatry,seizures,"Tocris, MicroSource, MicroSource, Selleck, Selleck, Selleck",95.46,"CC[C@H](N1CCCC1=O)C(N)=O, CC[C@H](N1CCCC1=O)C(N)=O, CC[C@H](N1CCCC1=O)C(N)=O, CC[C@H](N1CCCC1=O)C(N)=O, CC[C@H](N1CCCC1=O)C(N)=O, CC[C@H](N1CCCC1=O)C(N)=O","HPHUVLMMVZITSG-LURJTMIESA-N, HPHUVLMMVZITSG-LURJTMIESA-N, HPHUVLMMVZITSG-LURJTMIESA-N, HPHUVLMMVZITSG-LURJTMIESA-N, HPHUVLMMVZITSG-LURJTMIESA-N, HPHUVLMMVZITSG-LURJTMIESA-N",Launched
levo-phencynonate,acetylcholine receptor antagonist,CHRM1,,,ChemPacific,87.3,"CN1C[C@@H]2CCC[C@H](C1)[C@H]2OC(=O)[C@@](O)(C1CCCC1)c1ccccc1 |&1:7,&2:3,&3:9,&4:13|",ROZOEEGFKDFEFP-AXRVMRSRSA-N,Launched
levobetaxolol,adrenergic receptor antagonist,"ADRB1, ADRB2",ophthalmology,"intraocular pressure, glaucoma","MedChemEx, MedChemEx, Selleck",97.62,"CC(C)NC[C@H](O)COc1ccc(CCOCC2CC2)cc1, CC(C)NC[C@H](O)COc1ccc(CCOCC2CC2)cc1, CC(C)NC[C@H](O)COc1ccc(CCOCC2CC2)cc1","NWIUTZDMDHAVTP-KRWDZBQOSA-N, NWIUTZDMDHAVTP-KRWDZBQOSA-N, NWIUTZDMDHAVTP-KRWDZBQOSA-N",Launched
levobunolol,adrenergic receptor antagonist,"ADRB1, ADRB2, ADRB3",ophthalmology,"glaucoma, ocular hypertension","MedChemEx, Enzo, Prestwick",99.36,"CC(C)(C)NC[C@H](O)COc1cccc2C(=O)CCCc12, CC(C)(C)NC[C@H](O)COc1cccc2C(=O)CCCc12, CC(C)(C)NC[C@H](O)COc1cccc2C(=O)CCCc12","IXHBTMCLRNMKHZ-LBPRGKRZSA-N, IXHBTMCLRNMKHZ-LBPRGKRZSA-N, IXHBTMCLRNMKHZ-LBPRGKRZSA-N",Launched
levobunolol-(+),adrenergic receptor antagonist,,,,"Prestwick, Prestwick, Prestwick, Prestwick",99.32,"CC(C)(C)NC[C@@H](O)COc1cccc2C(=O)CCCc12, CC(C)(C)NC[C@@H](O)COc1cccc2C(=O)CCCc12, CC(C)(C)NC[C@@H](O)COc1cccc2C(=O)CCCc12, CC(C)(C)NC[C@@H](O)COc1cccc2C(=O)CCCc12","IXHBTMCLRNMKHZ-GFCCVEGCSA-N, IXHBTMCLRNMKHZ-GFCCVEGCSA-N, IXHBTMCLRNMKHZ-GFCCVEGCSA-N, IXHBTMCLRNMKHZ-GFCCVEGCSA-N",Preclinical
levobunolol-(+/-),adrenergic receptor antagonist,,,,"MicroSource, MicroSource",98.4,"CC(C)(C)NC[C@@H](O)COc1cccc2C(=O)CCCc12 |&1:6|, CC(C)(C)NC[C@@H](O)COc1cccc2C(=O)CCCc12 |&1:6|","IXHBTMCLRNMKHZ-GFCCVEGCSA-N, IXHBTMCLRNMKHZ-GFCCVEGCSA-N",Preclinical
levocabastine,histamine receptor antagonist,"HRH1, NTSR2",ophthalmology,conjunctivitis,Prestwick,98.8,C[C@@H]1CN(CC[C@]1(C(O)=O)c1ccccc1)[C@H]1CC[C@](CC1)(C#N)c1ccc(F)cc1,ZCGOMHNNNFPNMX-KYTRFIICSA-N,Launched
levocarnitine,,"CRAT, CROT",endocrinology,carnitine deficiency,"MicroSource, Selleck",100,"C[N+](C)(C)C[C@H](O)CC(O)=O, C[N+](C)(C)C[C@H](O)CC(O)=O","PHIQHXFUZVPYII-ZCFIWIBFSA-O, PHIQHXFUZVPYII-ZCFIWIBFSA-O",Launched
levocarnitine-propionate,carnitine palmitoyltransferase inhibitor,CRAT,"neurology/psychiatry, endocrinology","peripheral neuropathy, carnitine deficiency",MedChemEx,61.9,CCC(=O)O[C@H](CC(O)=O)C[N+](C)(C)C,UFAHZIUFPNSHSL-MRVPVSSYSA-O,Launched
levocetirizine,histamine receptor antagonist,HRH1,allergy,"allergic rhinitis, urticaria","MicroSource, MicroSource, MicroSource, TCI",97.42,"OC(=O)COCCN1CCN(CC1)[C@H](c1ccccc1)c1ccc(Cl)cc1, OC(=O)COCCN1CCN(CC1)[C@H](c1ccccc1)c1ccc(Cl)cc1, OC(=O)COCCN1CCN(CC1)[C@H](c1ccccc1)c1ccc(Cl)cc1, OC(=O)COCCN1CCN(CC1)[C@H](c1ccccc1)c1ccc(Cl)cc1","ZKLPARSLTMPFCP-OAQYLSRUSA-N, ZKLPARSLTMPFCP-OAQYLSRUSA-N, ZKLPARSLTMPFCP-OAQYLSRUSA-N, ZKLPARSLTMPFCP-OAQYLSRUSA-N",Launched
levodopa,dopamine precursor,"DRD1, DRD2, DRD3, DRD4, DRD5, GPR143",neurology/psychiatry,Parkinson's Disease,"MicroSource, Selleck, Selleck",92.55,"N[C@@H](Cc1ccc(O)c(O)c1)C(O)=O, N[C@@H](Cc1ccc(O)c(O)c1)C(O)=O, N[C@@H](Cc1ccc(O)c(O)c1)C(O)=O","WTDRDQBEARUVNC-LURJTMIESA-N, WTDRDQBEARUVNC-LURJTMIESA-N, WTDRDQBEARUVNC-LURJTMIESA-N",Launched
levodropropizine,antitussive,,pulmonary,cough suppressant,"MedChemEx, Selleck, Selleck",95.16,"OC[C@@H](O)CN1CCN(CC1)c1ccccc1, OC[C@@H](O)CN1CCN(CC1)c1ccccc1, OC[C@@H](O)CN1CCN(CC1)c1ccccc1","PTVWPYVOOKLBCG-ZDUSSCGKSA-N, PTVWPYVOOKLBCG-ZDUSSCGKSA-N, PTVWPYVOOKLBCG-ZDUSSCGKSA-N",Launched
levofloxacin,bacterial DNA gyrase inhibitor,TOP2A,"infectious disease, otolaryngology, pulmonary, urology","pneumonia, sinusitis, bronchitis, skin infections, prostatitis, urinary tract infections, pyelonephritis, anthrax, plague","MicroSource, Selleck",97.7,"C[C@H]1COc2c(N3CCN(C)CC3)c(F)cc3c2n1cc(C(O)=O)c3=O, C[C@H]1COc2c(N3CCN(C)CC3)c(F)cc3c2n1cc(C(O)=O)c3=O","GSDSWSVVBLHKDQ-JTQLQIEISA-N, GSDSWSVVBLHKDQ-JTQLQIEISA-N",Launched
levomenol,,,"neurology/psychiatry, infectious disease","spasms, skin infections",Sigma,0,CC(C)=CCC[C@](C)(O)[C@H]1CCC(C)=CC1 |c:13|,RGZSQWQPBWRIAQ-CABCVRRESA-N,Launched
levomenthol,,"OPRK1, TRPA1, TRPM8, TRPV3",neurology/psychiatry,pain relief,"MicroSource, Sigma",32.51,"CC(C)[C@@H]1CC[C@@H](C)C[C@H]1O, CC(C)[C@@H]1CC[C@@H](C)C[C@H]1O","NOOLISFMXDJSKH-KXUCPTDWSA-N, NOOLISFMXDJSKH-KXUCPTDWSA-N",Launched
levomepromazine,dopamine receptor antagonist,"ADRA1A, ADRA1B, ADRA1D, ADRA2A, ADRA2B, ADRA2C, CHRM1, CHRM2, CHRM3, CHRM4, CHRM5, DRD1, DRD2, DRD3, DRD4, DRD5, HRH1, HTR2A, HTR2C","neurology/psychiatry, gastroenterology","psychosis, schizophrenia, bipolar disorder, nausea, insomnia","Sigma, Prestwick, Prestwick",96.44,"COc1ccc2Sc3ccccc3N(C[C@H](C)CN(C)C)c2c1, COc1ccc2Sc3ccccc3N(C[C@H](C)CN(C)C)c2c1, COc1ccc2Sc3ccccc3N(C[C@H](C)CN(C)C)c2c1","VRQVVMDWGGWHTJ-CQSZACIVSA-N, VRQVVMDWGGWHTJ-CQSZACIVSA-N, VRQVVMDWGGWHTJ-CQSZACIVSA-N",Launched
levomequitazine,histamine receptor antagonist,HRH1,,,"Vitas-M, Vitas-M, Vitas-M, Vitas-M, MedChemEx",96.71,"C([C@H]1CN2CCC1CC2)N1c2ccccc2Sc2ccccc12 |&1:1,r|, C([C@H]1CN2CCC1CC2)N1c2ccccc2Sc2ccccc12 |&1:1,r|, C([C@H]1CN2CCC1CC2)N1c2ccccc2Sc2ccccc12 |&1:1,r|, C([C@H]1CN2CCC1CC2)N1c2ccccc2Sc2ccccc12 |&1:1,r|, C([C@H]1CN2CCC1CC2)N1c2ccccc2Sc2ccccc12 |&1:1,r|","HOKDBMAJZXIPGC-MRXNPFEDSA-N, HOKDBMAJZXIPGC-MRXNPFEDSA-N, HOKDBMAJZXIPGC-MRXNPFEDSA-N, HOKDBMAJZXIPGC-MRXNPFEDSA-N, HOKDBMAJZXIPGC-MRXNPFEDSA-N",Phase 2
levonordefrin,vasodilator,"ADRA1A, ADRA1B, ADRA1D, ADRA2A, ADRA2B, ADRA2C, SLC6A2",hematology,hemorrhage,"Sigma, MicroSource",0,"C[C@H](N)[C@H](O)c1ccc(O)c(O)c1, C[C@H](N)[C@H](O)c1ccc(O)c(O)c1","GEFQWZLICWMTKF-CDUCUWFYSA-N, GEFQWZLICWMTKF-CDUCUWFYSA-N",Launched
levonorgestrel,"estrogen receptor agonist, glucocorticoid receptor antagonist, progesterone receptor agonist, progesterone receptor antagonist",PGR,endocrinology,contraceptive,"Tocris, Tocris, Selleck, Selleck, Selleck, MicroSource, MicroSource, Selleck, Selleck, Selleck",98.56,"CC[C@]12CC[C@H]3[C@@H](CCC4=CC(=O)CC[C@H]34)[C@@H]1CC[C@@]2(O)C#C |t:9|, CC[C@]12CC[C@H]3[C@@H](CCC4=CC(=O)CC[C@H]34)[C@@H]1CC[C@@]2(O)C#C |t:9|, CC[C@]12CC[C@H]3[C@@H](CCC4=CC(=O)CC[C@H]34)[C@@H]1CC[C@@]2(O)C#C |t:9|, CC[C@]12CC[C@H]3[C@@H](CCC4=CC(=O)CC[C@H]34)[C@@H]1CC[C@@]2(O)C#C |t:9|, CC[C@]12CC[C@H]3[C@@H](CCC4=CC(=O)CC[C@H]34)[C@@H]1CC[C@@]2(O)C#C |t:9|, CC[C@]12CC[C@H]3[C@@H](CCC4=CC(=O)CC[C@H]34)[C@@H]1CC[C@@]2(O)C#C |t:9|, CC[C@]12CC[C@H]3[C@@H](CCC4=CC(=O)CC[C@H]34)[C@@H]1CC[C@@]2(O)C#C |t:9|, CC[C@]12CC[C@H]3[C@@H](CCC4=CC(=O)CC[C@H]34)[C@@H]1CC[C@@]2(O)C#C |t:9|, CC[C@]12CC[C@H]3[C@@H](CCC4=CC(=O)CC[C@H]34)[C@@H]1CC[C@@]2(O)C#C |t:9|, CC[C@]12CC[C@H]3[C@@H](CCC4=CC(=O)CC[C@H]34)[C@@H]1CC[C@@]2(O)C#C |t:9|","WWYNJERNGUHSAO-XUDSTZEESA-N, WWYNJERNGUHSAO-XUDSTZEESA-N, WWYNJERNGUHSAO-XUDSTZEESA-N, WWYNJERNGUHSAO-XUDSTZEESA-N, WWYNJERNGUHSAO-XUDSTZEESA-N, WWYNJERNGUHSAO-XUDSTZEESA-N, WWYNJERNGUHSAO-XUDSTZEESA-N, WWYNJERNGUHSAO-XUDSTZEESA-N, WWYNJERNGUHSAO-XUDSTZEESA-N, WWYNJERNGUHSAO-XUDSTZEESA-N",Launched
levopropoxyphene,antitussive,,pulmonary,cough suppressant,Prestwick,28.74,"CCC(=O)OC(Cc1ccccc1)([C@@H](C)CN(C)C)c1ccccc1 |&1:5,&2:13|",XLMALTXPSGQGBX-HXBUSHRASA-N,Launched
levosimendan,calcium sensitizer,"KCNJ11, KCNJ8, PDE3A, TNNC1",cardiology,congestive heart failure,"MicroSource, MicroSource, MedChemEx, MedChemEx, MedChemEx, Selleck",99.1,"C[C@@H]1CC(=O)NN=C1c1ccc(NN=C(C#N)C#N)cc1 |c:6|, C[C@@H]1CC(=O)NN=C1c1ccc(NN=C(C#N)C#N)cc1 |c:6|, C[C@@H]1CC(=O)NN=C1c1ccc(NN=C(C#N)C#N)cc1 |c:6|, C[C@@H]1CC(=O)NN=C1c1ccc(NN=C(C#N)C#N)cc1 |c:6|, C[C@@H]1CC(=O)NN=C1c1ccc(NN=C(C#N)C#N)cc1 |c:6|, C[C@@H]1CC(=O)NN=C1c1ccc(NN=C(C#N)C#N)cc1 |c:6|","WHXMKTBCFHIYNQ-SECBINFHSA-N, WHXMKTBCFHIYNQ-SECBINFHSA-N, WHXMKTBCFHIYNQ-SECBINFHSA-N, WHXMKTBCFHIYNQ-SECBINFHSA-N, WHXMKTBCFHIYNQ-SECBINFHSA-N, WHXMKTBCFHIYNQ-SECBINFHSA-N",Launched
levosulpiride,dopamine receptor antagonist,"CA1, CA12, CA7, DRD2, DRD3","neurology/psychiatry, gastroenterology, urology","schizophrenia, psychosis, anxiety, vertigo, dyspepsia, irritable bowel syndrome, premature ejaculation (PE)","Tocris, Tocris, Tocris, Selleck, Tocris, Tocris",98.1,"CCN1CCC[C@H]1CNC(=O)c1cc(ccc1OC)S(N)(=O)=O, CCN1CCC[C@H]1CNC(=O)c1cc(ccc1OC)S(N)(=O)=O, CCN1CCC[C@H]1CNC(=O)c1cc(ccc1OC)S(N)(=O)=O, CCN1CCC[C@H]1CNC(=O)c1cc(ccc1OC)S(N)(=O)=O, CCN1CCC[C@H]1CNC(=O)c1cc(ccc1OC)S(N)(=O)=O, CCN1CCC[C@H]1CNC(=O)c1cc(ccc1OC)S(N)(=O)=O","BGRJTUBHPOOWDU-NSHDSACASA-N, BGRJTUBHPOOWDU-NSHDSACASA-N, BGRJTUBHPOOWDU-NSHDSACASA-N, BGRJTUBHPOOWDU-NSHDSACASA-N, BGRJTUBHPOOWDU-NSHDSACASA-N, BGRJTUBHPOOWDU-NSHDSACASA-N",Launched
levothyroxine,thyroid hormone stimulant,"THRA, THRB",endocrinology,myxedema coma,"Sigma, Selleck, MicroSource, Selleck",96.14,"N[C@@H](Cc1cc(I)c(Oc2cc(I)c(O)c(I)c2)c(I)c1)C(O)=O, N[C@@H](Cc1cc(I)c(Oc2cc(I)c(O)c(I)c2)c(I)c1)C(O)=O, N[C@@H](Cc1cc(I)c(Oc2cc(I)c(O)c(I)c2)c(I)c1)C(O)=O, N[C@@H](Cc1cc(I)c(Oc2cc(I)c(O)c(I)c2)c(I)c1)C(O)=O","XUIIKFGFIJCVMT-LBPRGKRZSA-N, XUIIKFGFIJCVMT-LBPRGKRZSA-N, XUIIKFGFIJCVMT-LBPRGKRZSA-N, XUIIKFGFIJCVMT-LBPRGKRZSA-N",Launched
LFM-A13,Bruton's tyrosine kinase (BTK) inhibitor,BTK,,,"Tocris, Tocris",94.77,"CC(=O)[C@@H](C#N)C(=O)Nc1cc(Br)ccc1Br |&1:3,r|, CC(=O)[C@@H](C#N)C(=O)Nc1cc(Br)ccc1Br |&1:3,r|","BQLDGDMKDYAGNE-MRVPVSSYSA-N, BQLDGDMKDYAGNE-MRVPVSSYSA-N",Preclinical
LGD-6972,glucagon receptor antagonist,,,,"MedChemEx, MedChemEx",100,"Cc1cc(C)c(c(C)c1)-c1ccc(NC(=O)[C@H](Cc2ccc(cc2)C(=O)NCCS(O)(=O)=O)c2ccc(cc2)-c2ccc(cc2)C(C)(C)C)cc1, Cc1cc(C)c(c(C)c1)-c1ccc(NC(=O)[C@H](Cc2ccc(cc2)C(=O)NCCS(O)(=O)=O)c2ccc(cc2)-c2ccc(cc2)C(C)(C)C)cc1","HKJMCBYPVCGZFB-LDLOPFEMSA-N, HKJMCBYPVCGZFB-LDLOPFEMSA-N",Phase 2
LGK-974,porcupine inhibitor,PORCN,,,"MedChemEx, Selleck, Selleck, Selleck, Selleck, Selleck",97.22,"Cc1cc(ccn1)-c1ncc(CC(=O)Nc2ccc(cn2)-c2cnccn2)cc1C, Cc1cc(ccn1)-c1ncc(CC(=O)Nc2ccc(cn2)-c2cnccn2)cc1C, Cc1cc(ccn1)-c1ncc(CC(=O)Nc2ccc(cn2)-c2cnccn2)cc1C, Cc1cc(ccn1)-c1ncc(CC(=O)Nc2ccc(cn2)-c2cnccn2)cc1C, Cc1cc(ccn1)-c1ncc(CC(=O)Nc2ccc(cn2)-c2cnccn2)cc1C, Cc1cc(ccn1)-c1ncc(CC(=O)Nc2ccc(cn2)-c2cnccn2)cc1C","XXYGTCZJJLTAGH-UHFFFAOYSA-N, XXYGTCZJJLTAGH-UHFFFAOYSA-N, XXYGTCZJJLTAGH-UHFFFAOYSA-N, XXYGTCZJJLTAGH-UHFFFAOYSA-N, XXYGTCZJJLTAGH-UHFFFAOYSA-N, XXYGTCZJJLTAGH-UHFFFAOYSA-N",Phase 2
LH846,casein kinase inhibitor,CSNK1D,,,"MedChemEx, Tocris",97.64,"Cc1cc2sc(NC(=O)Cc3ccccc3)nc2cc1Cl, Cc1cc2sc(NC(=O)Cc3ccccc3)nc2cc1Cl","DYHAMRNAHTWYKY-UHFFFAOYSA-N, DYHAMRNAHTWYKY-UHFFFAOYSA-N",Preclinical
liarozole,cytochrome P450 inhibitor,"CYP19A1, CYP26A1",,,Tocris,95.35,"Clc1cccc(c1)[C@H](c1ccc2nc[nH]c2c1)n1ccnc1 |&1:7,r|",UGFHIPBXIWJXNA-QGZVFWFLSA-N,Phase 2/Phase 3
licarbazepine,voltage-gated sodium channel blocker,SCN5A,,,"Tocris, Tocris, Tocris, Tocris, Tocris",98.65,"NC(=O)N1c2ccccc2C[C@@H](O)c2ccccc12 |&1:11,r|, NC(=O)N1c2ccccc2C[C@@H](O)c2ccccc12 |&1:11,r|, NC(=O)N1c2ccccc2C[C@@H](O)c2ccccc12 |&1:11,r|, NC(=O)N1c2ccccc2C[C@@H](O)c2ccccc12 |&1:11,r|, NC(=O)N1c2ccccc2C[C@@H](O)c2ccccc12 |&1:11,r|","BMPDWHIDQYTSHX-CQSZACIVSA-N, BMPDWHIDQYTSHX-CQSZACIVSA-N, BMPDWHIDQYTSHX-CQSZACIVSA-N, BMPDWHIDQYTSHX-CQSZACIVSA-N, BMPDWHIDQYTSHX-CQSZACIVSA-N",Phase 3
licochalcone-A,topoisomerase inhibitor,PTPN1,,,MedChemEx,95.93,COc1cc(O)c(cc1\C=C\C(=O)c1ccc(O)cc1)C(C)(C)C=C,KAZSKMJFUPEHHW-DHZHZOJOSA-N,Phase 3
licofelone,"cyclooxygenase inhibitor, lipoxygenase inhibitor","ALOX5, PLA2G2E, PTGS2",,,"Adooq, Selleck, Selleck",43.46,"CC1(C)Cc2c(c(c(CC(O)=O)n2C1)-c1ccc(Cl)cc1)-c1ccccc1, CC1(C)Cc2c(c(c(CC(O)=O)n2C1)-c1ccc(Cl)cc1)-c1ccccc1, CC1(C)Cc2c(c(c(CC(O)=O)n2C1)-c1ccc(Cl)cc1)-c1ccccc1","UAWXGRJVZSAUSZ-UHFFFAOYSA-N, UAWXGRJVZSAUSZ-UHFFFAOYSA-N, UAWXGRJVZSAUSZ-UHFFFAOYSA-N",Phase 3
licogliflozin,sodium/glucose cotransporter inhibitor,,,,MedChemEx,96.89,CCc1ccc(cc1Cc1ccc2OCCOc2c1)[C@@H]1O[C@H](CO)[C@@H](O)[C@H](O)[C@H]1O,XFJAMQQAAMJFGB-ZQGJOIPISA-N,Preclinical
licostinel,NMDA receptor antagonist ,,,,Sigma,91.53,[O-][N+](=O)c1c(Cl)c(Cl)cc2[nH]c(=O)c(=O)[nH]c12,CHFSOFHQIZKQCR-UHFFFAOYSA-N,Phase 1
lidamidine,adrenergic receptor agonist,,gastroenterology,diarrhea,"ChemDiv, ChemDiv",93.96,"CNC(=N)NC(=O)Nc1c(C)cccc1C, CNC(=N)NC(=O)Nc1c(C)cccc1C","RRHJHSBDJDZUGL-UHFFFAOYSA-N, RRHJHSBDJDZUGL-UHFFFAOYSA-N",Launched
lidocaine,histamine receptor agonist,"EGFR, SCN10A, SCN5A, SCN9A","neurology/psychiatry, dermatology, hematology","itching, eczema, hemorrhage","Selleck, MicroSource, MicroSource",99.22,"CCN(CC)CC(=O)Nc1c(C)cccc1C, CCN(CC)CC(=O)Nc1c(C)cccc1C, CCN(CC)CC(=O)Nc1c(C)cccc1C","NNJVILVZKWQKPM-UHFFFAOYSA-N, NNJVILVZKWQKPM-UHFFFAOYSA-N, NNJVILVZKWQKPM-UHFFFAOYSA-N",Launched
lidoflazine,calcium channel blocker,"SCN1A, SCN3A, SLC29A1",cardiology,coronary artery disease (CAD),"Sigma, Sigma, Prestwick",98.4,"Cc1cccc(C)c1NC(=O)CN1CCN(CCCC(c2ccc(F)cc2)c2ccc(F)cc2)CC1, Cc1cccc(C)c1NC(=O)CN1CCN(CCCC(c2ccc(F)cc2)c2ccc(F)cc2)CC1, Cc1cccc(C)c1NC(=O)CN1CCN(CCCC(c2ccc(F)cc2)c2ccc(F)cc2)CC1","ZBIAKUMOEKILTF-UHFFFAOYSA-N, ZBIAKUMOEKILTF-UHFFFAOYSA-N, ZBIAKUMOEKILTF-UHFFFAOYSA-N",Launched
lifirafenib,RAF inhibitor,,,,MedChemEx,96.41,FC(F)(F)c1ccc2nc([nH]c2c1)[C@@H]1[C@H]2Oc3ccc(Oc4ccnc5NC(=O)CCc45)cc3[C@@H]12,NGFFVZQXSRKHBM-FKBYEOEOSA-N,Phase 1/Phase 2
lifitegrast,lymphocyte function-associated antigen negative modulator,,ophthalmology,dry eye syndrome,MedChemEx,97.98,CS(=O)(=O)c1cccc(C[C@H](NC(=O)c2c(Cl)cc3CN(CCc3c2Cl)C(=O)c2ccc3ccoc3c2)C(O)=O)c1,JFOZKMSJYSPYLN-QHCPKHFHSA-N,Launched
ligustilide,tumor necrosis factor production inhibitor,TNF,,,"MedChemEx, MedChemEx",87.42,"CCC\C=C1/OC(=O)C2=C1CCC=C2 |c:8,13|, CCC\C=C1/OC(=O)C2=C1CCC=C2 |c:8,13|","IQVQXVFMNOFTMU-FLIBITNWSA-N, IQVQXVFMNOFTMU-FLIBITNWSA-N",Preclinical
limaprost-alfadex,prostanoid receptor agonist,PTGER1,cardiology,claudication,"MedChemEx, MedChemEx, MedChemEx",94.67,"CCCC[C@H](C)C[C@H](O)\C=C\[C@H]1[C@H](O)CC(=O)[C@@H]1CCCC\C=C\C(O)=O, CCCC[C@H](C)C[C@H](O)\C=C\[C@H]1[C@H](O)CC(=O)[C@@H]1CCCC\C=C\C(O)=O, CCCC[C@H](C)C[C@H](O)\C=C\[C@H]1[C@H](O)CC(=O)[C@@H]1CCCC\C=C\C(O)=O","OJZYRQPMEIEQFC-UAWLTFRCSA-N, OJZYRQPMEIEQFC-UAWLTFRCSA-N, OJZYRQPMEIEQFC-UAWLTFRCSA-N",Launched
LIMKi-3,LIM kinase inhibitor,LIMK1,,,"Tocris, Tocris",98.06,"CC(C)C(=O)Nc1ncc(s1)-c1cc(nn1-c1c(Cl)cccc1Cl)C(F)F, CC(C)C(=O)Nc1ncc(s1)-c1cc(nn1-c1c(Cl)cccc1Cl)C(F)F","IVUGBSGLHRJSSP-UHFFFAOYSA-N, IVUGBSGLHRJSSP-UHFFFAOYSA-N",Preclinical
limonin,HIV protease inhibitor,,,,"Selleck, Selleck, MedChemEx",92.68,"CC1(C)O[C@H]2CC(=O)OC[C@@]22[C@H]1CC(=O)[C@]1(C)[C@@H]2CC[C@@]2(C)[C@@H](OC(=O)[C@H]3O[C@@]123)c1ccoc1, CC1(C)O[C@H]2CC(=O)OC[C@@]22[C@H]1CC(=O)[C@]1(C)[C@@H]2CC[C@@]2(C)[C@@H](OC(=O)[C@H]3O[C@@]123)c1ccoc1, CC1(C)O[C@H]2CC(=O)OC[C@@]22[C@H]1CC(=O)[C@]1(C)[C@@H]2CC[C@@]2(C)[C@@H](OC(=O)[C@H]3O[C@@]123)c1ccoc1","KBDSLGBFQAGHBE-MSGMIQHVSA-N, KBDSLGBFQAGHBE-MSGMIQHVSA-N, KBDSLGBFQAGHBE-MSGMIQHVSA-N",Preclinical
linaclotide,guanylate cyclase activator,GUCY2C,gastroenterology,"irritable bowel syndrome, constipation",MedChemEx,0,[H][C@@]12CCCN1C(=O)[C@H](CC(N)=O)NC(=O)[C@]1([H])CSSC[C@H](N)C(=O)N[C@@]3([H])CSSC[C@]([H])(NC(=O)[C@H](C)NC2=O)C(=O)N[C@@H]([C@@H](C)O)C(=O)NCC(=O)N[C@@H](CSSC[C@]([H])(NC(=O)[C@H](Cc2ccc(O)cc2)NC(=O)[C@H](CCC(O)=O)NC3=O)C(=O)N1)C(=O)N[C@@H](Cc1ccc(O)cc1)C(O)=O,KXGCNMMJRFDFNR-WDRJZQOASA-N,Launched
linagliptin,dipeptidyl peptidase inhibitor,DPP4,endocrinology,diabetes mellitus,"MicroSource, MicroSource, MicroSource, MedChemEx, Selleck, Selleck, Selleck",95.25,"CC#CCn1c(nc2n(C)c(=O)n(Cc3nc(C)c4ccccc4n3)c(=O)c12)N1CCC[C@@H](N)C1, CC#CCn1c(nc2n(C)c(=O)n(Cc3nc(C)c4ccccc4n3)c(=O)c12)N1CCC[C@@H](N)C1, CC#CCn1c(nc2n(C)c(=O)n(Cc3nc(C)c4ccccc4n3)c(=O)c12)N1CCC[C@@H](N)C1, CC#CCn1c(nc2n(C)c(=O)n(Cc3nc(C)c4ccccc4n3)c(=O)c12)N1CCC[C@@H](N)C1, CC#CCn1c(nc2n(C)c(=O)n(Cc3nc(C)c4ccccc4n3)c(=O)c12)N1CCC[C@@H](N)C1, CC#CCn1c(nc2n(C)c(=O)n(Cc3nc(C)c4ccccc4n3)c(=O)c12)N1CCC[C@@H](N)C1, CC#CCn1c(nc2n(C)c(=O)n(Cc3nc(C)c4ccccc4n3)c(=O)c12)N1CCC[C@@H](N)C1","LTXREWYXXSTFRX-QGZVFWFLSA-N, LTXREWYXXSTFRX-QGZVFWFLSA-N, LTXREWYXXSTFRX-QGZVFWFLSA-N, LTXREWYXXSTFRX-QGZVFWFLSA-N, LTXREWYXXSTFRX-QGZVFWFLSA-N, LTXREWYXXSTFRX-QGZVFWFLSA-N, LTXREWYXXSTFRX-QGZVFWFLSA-N",Launched
linalool,anticonvulsant,,,,"InterBioScreen, Sigma",0,"CC(C)=CCC[C@@](C)(O)C=C |&1:6,r|, CC(C)=CCC[C@@](C)(O)C=C |&1:6,r|","CDOSHBSSFJOMGT-JTQLQIEISA-N, CDOSHBSSFJOMGT-JTQLQIEISA-N",Phase 1
linaprazan,ATP-sensitive potassium channel inhibitor,,,,MedChemEx,96.59,Cc1nc2c(NCc3c(C)cccc3C)cc(cn2c1C)C(=O)NCCO,GHVIMBCFLRTFHI-UHFFFAOYSA-N,Preclinical
lincomycin,bacterial 30S ribosomal subunit inhibitor,,gastroenterology,enteritis,"MedChemEx, Selleck",97.1,"CCC[C@@H]1C[C@H](N(C)C1)C(=O)N[C@H]([C@@H](C)O)[C@H]1O[C@H](SC)[C@H](O)[C@@H](O)[C@H]1O, CCC[C@@H]1C[C@H](N(C)C1)C(=O)N[C@H]([C@@H](C)O)[C@H]1O[C@H](SC)[C@H](O)[C@@H](O)[C@H]1O","OJMMVQQUTAEWLP-KIDUDLJLSA-N, OJMMVQQUTAEWLP-KIDUDLJLSA-N",Launched
lindane,,"GABRB1, GLRA1, GLRA2, GLRA3, GLRB",infectious disease,scabies,"MedChemEx, MedChemEx, MicroSource",0,"Cl[C@H]1[C@H](Cl)[C@@H](Cl)[C@@H](Cl)[C@H](Cl)[C@H]1Cl, Cl[C@H]1[C@H](Cl)[C@@H](Cl)[C@@H](Cl)[C@H](Cl)[C@H]1Cl, Cl[C@H]1[C@H](Cl)[C@@H](Cl)[C@@H](Cl)[C@H](Cl)[C@H]1Cl","JLYXXMFPNIAWKQ-GNIYUCBRSA-N, JLYXXMFPNIAWKQ-GNIYUCBRSA-N, JLYXXMFPNIAWKQ-GNIYUCBRSA-N",Launched
linezolid,bacterial 50S ribosomal subunit inhibitor,"MAOA, MAOB",infectious disease,"pneumonia, skin infections","Tocris, Tocris, MicroSource, Selleck, Selleck",98.39,"CC(=O)NC[C@H]1CN(C(=O)O1)c1ccc(N2CCOCC2)c(F)c1, CC(=O)NC[C@H]1CN(C(=O)O1)c1ccc(N2CCOCC2)c(F)c1, CC(=O)NC[C@H]1CN(C(=O)O1)c1ccc(N2CCOCC2)c(F)c1, CC(=O)NC[C@H]1CN(C(=O)O1)c1ccc(N2CCOCC2)c(F)c1, CC(=O)NC[C@H]1CN(C(=O)O1)c1ccc(N2CCOCC2)c(F)c1","TYZROVQLWOKYKF-ZDUSSCGKSA-N, TYZROVQLWOKYKF-ZDUSSCGKSA-N, TYZROVQLWOKYKF-ZDUSSCGKSA-N, TYZROVQLWOKYKF-ZDUSSCGKSA-N, TYZROVQLWOKYKF-ZDUSSCGKSA-N",Launched
linifanib,"PDGFR tyrosine kinase receptor inhibitor, VEGFR inhibitor","CSF1, CSF1R, FLT1, FLT3, FLT4, KDR, KIT, PDGFRB, RET, TEK",,,"MedChemEx, Selleck, Selleck, Selleck, Selleck, Selleck",99.13,"Cc1ccc(F)c(NC(=O)Nc2ccc(cc2)-c2cccc3n[nH]c(N)c23)c1, Cc1ccc(F)c(NC(=O)Nc2ccc(cc2)-c2cccc3n[nH]c(N)c23)c1, Cc1ccc(F)c(NC(=O)Nc2ccc(cc2)-c2cccc3n[nH]c(N)c23)c1, Cc1ccc(F)c(NC(=O)Nc2ccc(cc2)-c2cccc3n[nH]c(N)c23)c1, Cc1ccc(F)c(NC(=O)Nc2ccc(cc2)-c2cccc3n[nH]c(N)c23)c1, Cc1ccc(F)c(NC(=O)Nc2ccc(cc2)-c2cccc3n[nH]c(N)c23)c1","MPVGZUGXCQEXTM-UHFFFAOYSA-N, MPVGZUGXCQEXTM-UHFFFAOYSA-N, MPVGZUGXCQEXTM-UHFFFAOYSA-N, MPVGZUGXCQEXTM-UHFFFAOYSA-N, MPVGZUGXCQEXTM-UHFFFAOYSA-N, MPVGZUGXCQEXTM-UHFFFAOYSA-N",Phase 3
linoleic-acid,oxidative stress inducer,"FABP4, FFAR1, FFAR4, HNF4A, KCNB1, PPARG, TRPM8",,,Sigma,0,CCCCC\C=C/C\C=C/CCCCCCCC(O)=O,OYHQOLUKZRVURQ-HZJYTTRNSA-N,Phase 3
linopirdine,potassium channel blocker,"KCNQ2, KCNQ3, KCNQ4, KCNQ5",,,"Tocris, Tocris, Tocris, Tocris",98.54,"O=C1N(c2ccccc2C1(Cc1ccncc1)Cc1ccncc1)c1ccccc1, O=C1N(c2ccccc2C1(Cc1ccncc1)Cc1ccncc1)c1ccccc1, O=C1N(c2ccccc2C1(Cc1ccncc1)Cc1ccncc1)c1ccccc1, O=C1N(c2ccccc2C1(Cc1ccncc1)Cc1ccncc1)c1ccccc1","YEJCDKJIEMIWRQ-UHFFFAOYSA-N, YEJCDKJIEMIWRQ-UHFFFAOYSA-N, YEJCDKJIEMIWRQ-UHFFFAOYSA-N, YEJCDKJIEMIWRQ-UHFFFAOYSA-N",Phase 3
linsidomine,nitric oxide donor,,urology,erectile dysfunction,"EMDBio, EMDBio, Cayman",94.73,"Nc1c[n+](no1)N1CCOCC1, Nc1c[n+](no1)N1CCOCC1, Nc1c[n+](no1)N1CCOCC1","XZYRDNUZENBYFI-UHFFFAOYSA-N, XZYRDNUZENBYFI-UHFFFAOYSA-N, XZYRDNUZENBYFI-UHFFFAOYSA-N",Launched
linsitinib,IGF-1 inhibitor,"IGF1R, INSR, INSRR",,,"MedChemEx, MedChemEx, Selleck, Selleck, Selleck, Selleck, Selleck, Selleck",95.36,"C[C@@]1(O)C[C@@H](C1)c1nc(-c2ccc3ccc(nc3c2)-c2ccccc2)c2c(N)nccn12 |r|, C[C@@]1(O)C[C@@H](C1)c1nc(-c2ccc3ccc(nc3c2)-c2ccccc2)c2c(N)nccn12 |r|, C[C@@]1(O)C[C@@H](C1)c1nc(-c2ccc3ccc(nc3c2)-c2ccccc2)c2c(N)nccn12 |r|, C[C@@]1(O)C[C@@H](C1)c1nc(-c2ccc3ccc(nc3c2)-c2ccccc2)c2c(N)nccn12 |r|, C[C@@]1(O)C[C@@H](C1)c1nc(-c2ccc3ccc(nc3c2)-c2ccccc2)c2c(N)nccn12 |r|, C[C@@]1(O)C[C@@H](C1)c1nc(-c2ccc3ccc(nc3c2)-c2ccccc2)c2c(N)nccn12 |r|, C[C@@]1(O)C[C@@H](C1)c1nc(-c2ccc3ccc(nc3c2)-c2ccccc2)c2c(N)nccn12 |r|, C[C@@]1(O)C[C@@H](C1)c1nc(-c2ccc3ccc(nc3c2)-c2ccccc2)c2c(N)nccn12 |r|","PKCDDUHJAFVJJB-VLZXCDOPSA-N, PKCDDUHJAFVJJB-VLZXCDOPSA-N, PKCDDUHJAFVJJB-VLZXCDOPSA-N, PKCDDUHJAFVJJB-VLZXCDOPSA-N, PKCDDUHJAFVJJB-VLZXCDOPSA-N, PKCDDUHJAFVJJB-VLZXCDOPSA-N, PKCDDUHJAFVJJB-VLZXCDOPSA-N, PKCDDUHJAFVJJB-VLZXCDOPSA-N",Phase 3
lintopride,serotonin receptor antagonist,,,,MedChemEx,42.76,CCN1CCN=C1CNC(=O)c1cc(Cl)c(N)cc1OC |c:5|,MJCKISCWHDATBN-UHFFFAOYSA-N,Preclinical
liothyronine,thyroid hormone stimulant,"THRA, THRB",endocrinology,"hypothyroidism, myxedema coma","Tocris, MicroSource, MicroSource, Sigma, Selleck, Selleck, Selleck",94.37,"N[C@@H](Cc1cc(I)c(Oc2ccc(O)c(I)c2)c(I)c1)C(O)=O, N[C@@H](Cc1cc(I)c(Oc2ccc(O)c(I)c2)c(I)c1)C(O)=O, N[C@@H](Cc1cc(I)c(Oc2ccc(O)c(I)c2)c(I)c1)C(O)=O, N[C@@H](Cc1cc(I)c(Oc2ccc(O)c(I)c2)c(I)c1)C(O)=O, N[C@@H](Cc1cc(I)c(Oc2ccc(O)c(I)c2)c(I)c1)C(O)=O, N[C@@H](Cc1cc(I)c(Oc2ccc(O)c(I)c2)c(I)c1)C(O)=O, N[C@@H](Cc1cc(I)c(Oc2ccc(O)c(I)c2)c(I)c1)C(O)=O","AUYYCJSJGJYCDS-LBPRGKRZSA-N, AUYYCJSJGJYCDS-LBPRGKRZSA-N, AUYYCJSJGJYCDS-LBPRGKRZSA-N, AUYYCJSJGJYCDS-LBPRGKRZSA-N, AUYYCJSJGJYCDS-LBPRGKRZSA-N, AUYYCJSJGJYCDS-LBPRGKRZSA-N, AUYYCJSJGJYCDS-LBPRGKRZSA-N",Launched
liothyronine-(isomer),,,,,MicroSource,94.02,N[C@H](Cc1cc(I)c(Oc2ccc(O)c(I)c2)c(I)c1)C(O)=O,AUYYCJSJGJYCDS-GFCCVEGCSA-N,Preclinical
lipoamide,,,,,"MicroSource, MedChemEx",80.3,"NC(=O)CCCC[C@H]1CCSS1 |&1:7,r|, NC(=O)CCCC[C@H]1CCSS1 |&1:7,r|","FCCDDURTIIUXBY-ZETCQYMHSA-N, FCCDDURTIIUXBY-ZETCQYMHSA-N",Preclinical
liquiritin,antioxidant,,,,MedChemEx,0,OC[C@H]1O[C@@H](Oc2ccc(cc2)[C@@H]2CC(=O)c3ccc(O)cc3O2)[C@H](O)[C@@H](O)[C@@H]1O,DEMKZLAVQYISIA-ZRWXNEIDSA-N,Preclinical
liraglutide,GLP receptor agonist,GLP1R,endocrinology,"weight-loss aid, diabetes mellitus",MedChemEx,88.44,CCCCCCCCCCCCCCCC(=O)N[C@@H](CCC(=O)NCCCC[C@H](NC(=O)[C@H](C)NC(=O)[C@H](C)NC(=O)[C@H](CCC(N)=O)NC(=O)CNC(=O)[C@H](CCC(O)=O)NC(=O)[C@H](CC(C)C)NC(=O)[C@H](Cc1ccc(O)cc1)NC(=O)[C@H](CO)NC(=O)[C@H](CO)NC(=O)[C@@H](NC(=O)[C@H](CC(O)=O)NC(=O)[C@H](CO)NC(=O)[C@@H](NC(=O)[C@H](Cc1ccccc1)NC(=O)[C@@H](NC(=O)CNC(=O)[C@H](CCC(O)=O)NC(=O)[C@H](C)NC(=O)[C@@H](N)Cc1cnc[nH]1)[C@@H](C)O)[C@@H](C)O)C(C)C)C(=O)N[C@@H](CCC(O)=O)C(=O)N[C@@H](Cc1ccccc1)C(=O)N[C@@H]([C@@H](C)CC)C(=O)N[C@@H](C)C(=O)N[C@@H](Cc1c[nH]c2ccccc12)C(=O)N[C@@H](CC(C)C)C(=O)N[C@@H](C(C)C)C(=O)N[C@@H](CCCNC(N)=N)C(=O)NCC(=O)N[C@@H](CCCNC(N)=N)C(=O)NCC(O)=O)C(O)=O,YSDQQAXHVYUZIW-QCIJIYAXSA-N,Launched
liranaftate,fungal squalene epoxidase inhibitor,,infectious disease,fungal infection,"MedChemEx, Selleck",99.2,"COc1cccc(n1)N(C)C(=S)Oc1ccc2CCCCc2c1, COc1cccc(n1)N(C)C(=S)Oc1ccc2CCCCc2c1","VPHPQNGOVQYUMG-UHFFFAOYSA-N, VPHPQNGOVQYUMG-UHFFFAOYSA-N",Launched
lirimilast,phosphodiesterase inhibitor,,,,"Enamine, Enamine",87.13,"CS(=O)(=O)Oc1ccc2c(NC(N)=O)c(oc2c1)C(=O)c1ccc(Cl)cc1Cl, CS(=O)(=O)Oc1ccc2c(NC(N)=O)c(oc2c1)C(=O)c1ccc(Cl)cc1Cl","YPFLFUJKZDAXRA-UHFFFAOYSA-N, YPFLFUJKZDAXRA-UHFFFAOYSA-N",Phase 2
lisadimate,topical sunscreen agent,,dermatology,sunscreen lotion,Sigma,78.91,"Nc1ccc(cc1)C(=O)OC[C@@H](O)CO |&1:11,r|",WHQOKFZWSDOTQP-VIFPVBQESA-N,Launched
lisinopril,angiotensin converting enzyme inhibitor,"ACE, ACE2","cardiology, endocrinology","hypertension, congestive heart failure, diabetes mellitus","MedChemEx, MedChemEx, MedChemEx, MicroSource, MicroSource, Selleck, Selleck, Selleck, Selleck",100,"NCCCC[C@H](N[C@@H](CCc1ccccc1)C(O)=O)C(=O)N1CCC[C@H]1C(O)=O, NCCCC[C@H](N[C@@H](CCc1ccccc1)C(O)=O)C(=O)N1CCC[C@H]1C(O)=O, NCCCC[C@H](N[C@@H](CCc1ccccc1)C(O)=O)C(=O)N1CCC[C@H]1C(O)=O, NCCCC[C@H](N[C@@H](CCc1ccccc1)C(O)=O)C(=O)N1CCC[C@H]1C(O)=O, NCCCC[C@H](N[C@@H](CCc1ccccc1)C(O)=O)C(=O)N1CCC[C@H]1C(O)=O, NCCCC[C@H](N[C@@H](CCc1ccccc1)C(O)=O)C(=O)N1CCC[C@H]1C(O)=O, NCCCC[C@H](N[C@@H](CCc1ccccc1)C(O)=O)C(=O)N1CCC[C@H]1C(O)=O, NCCCC[C@H](N[C@@H](CCc1ccccc1)C(O)=O)C(=O)N1CCC[C@H]1C(O)=O, NCCCC[C@H](N[C@@H](CCc1ccccc1)C(O)=O)C(=O)N1CCC[C@H]1C(O)=O","RLAWWYSOJDYHDC-BZSNNMDCSA-N, RLAWWYSOJDYHDC-BZSNNMDCSA-N, RLAWWYSOJDYHDC-BZSNNMDCSA-N, RLAWWYSOJDYHDC-BZSNNMDCSA-N, RLAWWYSOJDYHDC-BZSNNMDCSA-N, RLAWWYSOJDYHDC-BZSNNMDCSA-N, RLAWWYSOJDYHDC-BZSNNMDCSA-N, RLAWWYSOJDYHDC-BZSNNMDCSA-N, RLAWWYSOJDYHDC-BZSNNMDCSA-N",Launched
lisofylline,"interleukin receptor antagonist, STAT inhibitor",,,,"Enzo, AMS",99.2,"C[C@@H](O)CCCCn1c(=O)n(C)c2ncn(C)c2c1=O |&1:1,r|, C[C@@H](O)CCCCn1c(=O)n(C)c2ncn(C)c2c1=O |&1:1,r|","NSMXQKNUPPXBRG-SECBINFHSA-N, NSMXQKNUPPXBRG-SECBINFHSA-N",Phase 2
lisuride,dopamine receptor agonist,"ADRA1A, ADRA2A, ADRA2B, ADRA2C, DRD1, DRD2, DRD3, DRD4, DRD5, HTR1A, HTR1B, HTR1D, HTR2A, HTR2B, HTR2C, HTR6",neurology/psychiatry,Parkinson's Disease,"Enzo, Enzo, Tocris",94.64,"CCN(CC)C(=O)N[C@@H]1CN(C)[C@@H]2Cc3c[nH]c4cccc(C2=C1)c34 |c:23|, CCN(CC)C(=O)N[C@@H]1CN(C)[C@@H]2Cc3c[nH]c4cccc(C2=C1)c34 |c:23|, CCN(CC)C(=O)N[C@@H]1CN(C)[C@@H]2Cc3c[nH]c4cccc(C2=C1)c34 |c:23|","BKRGVLQUQGGVSM-KBXCAEBGSA-N, BKRGVLQUQGGVSM-KBXCAEBGSA-N, BKRGVLQUQGGVSM-KBXCAEBGSA-N",Launched
lithium-acetoacetate,,FAH,,,SantaCruz,0,CC(=O)CC(O)=O,WDJHALXBUFZDSR-UHFFFAOYSA-N,Preclinical
lithium-citrate,,,neurology/psychiatry,"bipolar disorder, depression","MicroSource, Selleck, Selleck, Selleck",0,"[Li].[Li].[Li].OC(=O)CC(O)(CC(O)=O)C(O)=O, [Li].[Li].[Li].OC(=O)CC(O)(CC(O)=O)C(O)=O, [Li].[Li].[Li].OC(=O)CC(O)(CC(O)=O)C(O)=O, [Li].[Li].[Li].OC(=O)CC(O)(CC(O)=O)C(O)=O","PTYJGLZVOMGTRG-UHFFFAOYSA-N, PTYJGLZVOMGTRG-UHFFFAOYSA-N, PTYJGLZVOMGTRG-UHFFFAOYSA-N, PTYJGLZVOMGTRG-UHFFFAOYSA-N",Launched
lithocholic-acid,"FXR antagonist, vitamin D receptor agonist","GPBAR1, NR1H4, NR1I2, VDR",,,MedChemEx,98.5,C[C@H](CCC(O)=O)[C@H]1CC[C@H]2[C@@H]3CC[C@@H]4C[C@H](O)CC[C@]4(C)[C@H]3CC[C@]12C,SMEROWZSTRWXGI-HVATVPOCSA-N,Preclinical
litronesib,kinesin-like spindle protein inhibitor,KIF11,,,"MedChemEx, MedChemEx, MedChemEx",94.34,"CCNCCS(=O)(=O)NC[C@]1(SC(NC(=O)C(C)(C)C)=NN1C(=O)C(C)(C)C)c1ccccc1 |c:19|, CCNCCS(=O)(=O)NC[C@]1(SC(NC(=O)C(C)(C)C)=NN1C(=O)C(C)(C)C)c1ccccc1 |c:19|, CCNCCS(=O)(=O)NC[C@]1(SC(NC(=O)C(C)(C)C)=NN1C(=O)C(C)(C)C)c1ccccc1 |c:19|","YVAFBXLHPINSIK-QHCPKHFHSA-N, YVAFBXLHPINSIK-QHCPKHFHSA-N, YVAFBXLHPINSIK-QHCPKHFHSA-N",Phase 2
lixivaptan,vasopressin receptor antagonist,AVPR2,,,"Carbosynth, Carbosynth, Carbosynth",89.39,"Cc1ccc(F)cc1C(=O)Nc1ccc(C(=O)N2Cc3cccn3Cc3ccccc23)c(Cl)c1, Cc1ccc(F)cc1C(=O)Nc1ccc(C(=O)N2Cc3cccn3Cc3ccccc23)c(Cl)c1, Cc1ccc(F)cc1C(=O)Nc1ccc(C(=O)N2Cc3cccn3Cc3ccccc23)c(Cl)c1","PPHTXRNHTVLQED-UHFFFAOYSA-N, PPHTXRNHTVLQED-UHFFFAOYSA-N, PPHTXRNHTVLQED-UHFFFAOYSA-N",Phase 3
LM-22A4,tropomyosin receptor kinase inhibitor,NTRK2,,,"Tocris, Tocris, Tocris",98.49,"OCCNC(=O)c1cc(cc(c1)C(=O)NCCO)C(=O)NCCO, OCCNC(=O)c1cc(cc(c1)C(=O)NCCO)C(=O)NCCO, OCCNC(=O)c1cc(cc(c1)C(=O)NCCO)C(=O)NCCO","RGWJKANXFYJKHN-UHFFFAOYSA-N, RGWJKANXFYJKHN-UHFFFAOYSA-N, RGWJKANXFYJKHN-UHFFFAOYSA-N",Preclinical
LMI070,survival motor neuron protein modulator,SMN1,,,"MedChemEx, MedChemEx",96.92,"CC1(C)CC(CC(C)(C)N1)Oc1ccc(nn1)-c1ccc(cc1O)-c1cn[nH]c1, CC1(C)CC(CC(C)(C)N1)Oc1ccc(nn1)-c1ccc(cc1O)-c1cn[nH]c1","STWTUEAWRAIWJG-UHFFFAOYSA-N, STWTUEAWRAIWJG-UHFFFAOYSA-N",Phase 1/Phase 2
LMK-235,HDAC inhibitor,"HDAC4, HDAC5",,,"Tocris, Tocris, Selleck",97.1,"Cc1cc(C)cc(c1)C(=O)NOCCCCCC(=O)NO, Cc1cc(C)cc(c1)C(=O)NOCCCCCC(=O)NO, Cc1cc(C)cc(c1)C(=O)NOCCCCCC(=O)NO","VRYZCEONIWEUAV-UHFFFAOYSA-N, VRYZCEONIWEUAV-UHFFFAOYSA-N, InChI=1S/C15H22N2O4/c1-11-8-12(2)10-13(9-11)15(19)17-21-7-5-3-4-6-14(18)16-20/h8-10,20H,3-7H2,1-2H3,(H,16,18)(H,17,19)",Preclinical
LM11A-31,neurotrophic agent,NGFR,,,"Enamine, Enamine",94.1,"CC[C@@H](C)[C@@H](N)C(=O)NCCN1CCOCC1 |&1:2,&2:4,r|, CC[C@@H](C)[C@@H](N)C(=O)NCCN1CCOCC1 |&1:2,&2:4,r|","YNMUTYLWSRFTPX-GHMZBOCLSA-N, YNMUTYLWSRFTPX-GHMZBOCLSA-N",Phase 1
lobeline,acetylcholine receptor antagonist,"CHRNA10, CHRNA9, SLC18A2",neurology/psychiatry,smoking cessation,"MedChemEx, Sigma, Tocris, Enzo, MedChemEx",65.76,"CN1[C@H](C[C@H](O)c2ccccc2)CCC[C@@H]1CC(=O)c1ccccc1, CN1[C@H](C[C@H](O)c2ccccc2)CCC[C@@H]1CC(=O)c1ccccc1, CN1[C@H](C[C@H](O)c2ccccc2)CCC[C@@H]1CC(=O)c1ccccc1, CN1[C@H](C[C@H](O)c2ccccc2)CCC[C@@H]1CC(=O)c1ccccc1, CN1[C@H](C[C@H](O)c2ccccc2)CCC[C@@H]1CC(=O)c1ccccc1","MXYUKLILVYORSK-HBMCJLEFSA-N, MXYUKLILVYORSK-HBMCJLEFSA-N, MXYUKLILVYORSK-HBMCJLEFSA-N, MXYUKLILVYORSK-HBMCJLEFSA-N, MXYUKLILVYORSK-HBMCJLEFSA-N",Launched
lobendazole,anthelmintic agent,,,,"MicroSource, MicroSource, AMS",96.55,"CCOC(=O)Nc1nc2ccccc2[nH]1, CCOC(=O)Nc1nc2ccccc2[nH]1, CCOC(=O)Nc1nc2ccccc2[nH]1","OKOVSTKGUBOSTB-UHFFFAOYSA-N, OKOVSTKGUBOSTB-UHFFFAOYSA-N, OKOVSTKGUBOSTB-UHFFFAOYSA-N",Preclinical
lobenzarit,immunosuppressant,,rheumatology,rheumatoid arthritis,AKSci,98.34,OC(=O)c1ccccc1Nc1cc(Cl)ccc1C(O)=O,UGDPYGKWIHHBMB-UHFFFAOYSA-N,Launched
lodenosine,antiretroviral ,,,,Sigma,90.21,Nc1ncnc2n(cnc12)[C@@H]1O[C@H](CO)C[C@@H]1F,KBEMFSMODRNJHE-JFWOZONXSA-N,Phase 2
lodoxamide,histamine receptor antagonist,,ophthalmology,vernal keratoconjunctivitis (VKC),"Prestwick, MedChemEx, MedChemEx",94.05,"OC(=O)C(=O)Nc1cc(cc(NC(=O)C(O)=O)c1Cl)C#N, OC(=O)C(=O)Nc1cc(cc(NC(=O)C(O)=O)c1Cl)C#N, OC(=O)C(=O)Nc1cc(cc(NC(=O)C(O)=O)c1Cl)C#N","RVGLGHVJXCETIO-UHFFFAOYSA-N, RVGLGHVJXCETIO-UHFFFAOYSA-N, RVGLGHVJXCETIO-UHFFFAOYSA-N",Launched
lofemizole,cyclooxygenase inhibitor,,,,"AMS, AMS",98.71,"Cc1[nH]cnc1-c1ccc(Cl)cc1, Cc1[nH]cnc1-c1ccc(Cl)cc1","MBKWNJVQSFBLQI-UHFFFAOYSA-N, MBKWNJVQSFBLQI-UHFFFAOYSA-N",Phase 3
lofepramine,"norepinephrine reuptake inhibitor, serotonin–norepinephrine reuptake inhibitor (SNRI)","HTR1A, SLC6A2, SLC6A4",neurology/psychiatry,depression,"Key, Tocris",46.37,"CN(CCCN1c2ccccc2CCc2ccccc12)CC(=O)c1ccc(Cl)cc1, CN(CCCN1c2ccccc2CCc2ccccc12)CC(=O)c1ccc(Cl)cc1","SAPNXPWPAUFAJU-UHFFFAOYSA-N, SAPNXPWPAUFAJU-UHFFFAOYSA-N",Launched
lofexidine,adrenergic receptor agonist,,neurology/psychiatry,opioid withdrawal,"Selleck, MicroSource, MicroSource, Selleck",97.02,"C[C@@H](Oc1c(Cl)cccc1Cl)C1=NCCN1 |r,t:12|, C[C@@H](Oc1c(Cl)cccc1Cl)C1=NCCN1 |r,t:12|, C[C@@H](Oc1c(Cl)cccc1Cl)C1=NCCN1 |r,t:12|, C[C@@H](Oc1c(Cl)cccc1Cl)C1=NCCN1 |r,t:12|","KSMAGQUYOIHWFS-SSDOTTSWSA-N, KSMAGQUYOIHWFS-SSDOTTSWSA-N, KSMAGQUYOIHWFS-SSDOTTSWSA-N, KSMAGQUYOIHWFS-SSDOTTSWSA-N",Launched
lomefloxacin,bacterial DNA gyrase inhibitor,,infectious disease,"respiratory tract infections, urinary tract infections","MedChemEx, MicroSource, MicroSource",98.31,"CCn1cc(C(O)=O)c(=O)c2cc(F)c(N3CCN[C@@H](C)C3)c(F)c12 |&1:19|, CCn1cc(C(O)=O)c(=O)c2cc(F)c(N3CCN[C@@H](C)C3)c(F)c12 |&1:19|, CCn1cc(C(O)=O)c(=O)c2cc(F)c(N3CCN[C@@H](C)C3)c(F)c12 |&1:19|","ZEKZLJVOYLTDKK-VIFPVBQESA-N, ZEKZLJVOYLTDKK-VIFPVBQESA-N, ZEKZLJVOYLTDKK-VIFPVBQESA-N",Launched
lomeguatrib,O6-alkylguanine-DNA alkyltransferase inhibitor,MGMT,,,"Tocris, Selleck, Selleck, Selleck",97.23,"Nc1nc(OCc2cc(Br)cs2)c2[nH]cnc2n1, Nc1nc(OCc2cc(Br)cs2)c2[nH]cnc2n1, Nc1nc(OCc2cc(Br)cs2)c2[nH]cnc2n1, Nc1nc(OCc2cc(Br)cs2)c2[nH]cnc2n1","JUJPKFNFCWJBCX-UHFFFAOYSA-N, JUJPKFNFCWJBCX-UHFFFAOYSA-N, JUJPKFNFCWJBCX-UHFFFAOYSA-N, JUJPKFNFCWJBCX-UHFFFAOYSA-N",Phase 2
lomerizine,calcium channel blocker,"CACNA1B, SCN5A",neurology/psychiatry,migraine headache,"MicroSource, Selleck, Selleck, Selleck, Selleck, Selleck, Selleck, Selleck",97.88,"COc1ccc(CN2CCN(CC2)C(c2ccc(F)cc2)c2ccc(F)cc2)c(OC)c1OC, COc1ccc(CN2CCN(CC2)C(c2ccc(F)cc2)c2ccc(F)cc2)c(OC)c1OC, COc1ccc(CN2CCN(CC2)C(c2ccc(F)cc2)c2ccc(F)cc2)c(OC)c1OC, COc1ccc(CN2CCN(CC2)C(c2ccc(F)cc2)c2ccc(F)cc2)c(OC)c1OC, COc1ccc(CN2CCN(CC2)C(c2ccc(F)cc2)c2ccc(F)cc2)c(OC)c1OC, COc1ccc(CN2CCN(CC2)C(c2ccc(F)cc2)c2ccc(F)cc2)c(OC)c1OC, COc1ccc(CN2CCN(CC2)C(c2ccc(F)cc2)c2ccc(F)cc2)c(OC)c1OC, COc1ccc(CN2CCN(CC2)C(c2ccc(F)cc2)c2ccc(F)cc2)c(OC)c1OC","JQSAYKKFZOSZGJ-UHFFFAOYSA-N, JQSAYKKFZOSZGJ-UHFFFAOYSA-N, JQSAYKKFZOSZGJ-UHFFFAOYSA-N, JQSAYKKFZOSZGJ-UHFFFAOYSA-N, JQSAYKKFZOSZGJ-UHFFFAOYSA-N, JQSAYKKFZOSZGJ-UHFFFAOYSA-N, JQSAYKKFZOSZGJ-UHFFFAOYSA-N, JQSAYKKFZOSZGJ-UHFFFAOYSA-N",Launched
lometrexol,glycinamide ribonucleotide formyltransferase inhibitor,GART,,,Cayman,66.91,Nc1nc(=O)c2C[C@@H](CCc3ccc(cc3)C(=O)N[C@@H](CCC(O)=O)C(O)=O)CNc2[nH]1,ZUQBAQVRAURMCL-DOMZBBRYSA-N,Phase 2
lomitapide,microsomal trigylceride transfer protein inhibitor,MTTP,endocrinology,hypercholesterolemia,"MedChemEx, MedChemEx, MedChemEx, MedChemEx",97.29,"FC(F)(F)CNC(=O)C1(CCCCN2CCC(CC2)NC(=O)c2ccccc2-c2ccc(cc2)C(F)(F)F)c2ccccc2-c2ccccc12, FC(F)(F)CNC(=O)C1(CCCCN2CCC(CC2)NC(=O)c2ccccc2-c2ccc(cc2)C(F)(F)F)c2ccccc2-c2ccccc12, FC(F)(F)CNC(=O)C1(CCCCN2CCC(CC2)NC(=O)c2ccccc2-c2ccc(cc2)C(F)(F)F)c2ccccc2-c2ccccc12, FC(F)(F)CNC(=O)C1(CCCCN2CCC(CC2)NC(=O)c2ccccc2-c2ccc(cc2)C(F)(F)F)c2ccccc2-c2ccccc12","MBBCVAKAJPKAKM-UHFFFAOYSA-N, MBBCVAKAJPKAKM-UHFFFAOYSA-N, MBBCVAKAJPKAKM-UHFFFAOYSA-N, MBBCVAKAJPKAKM-UHFFFAOYSA-N",Launched
lomustine,DNA synthesis inhibitor,,"hematologic malignancy, oncology","Hodgkin's lymphoma, brain tumors","MedChemEx, MedChemEx, Selleck, Selleck, MicroSource, Selleck",0,"[O-][NH2+]N(CCCl)C(=O)NC1CCCCC1, [O-][NH2+]N(CCCl)C(=O)NC1CCCCC1, [O-][NH2+]N(CCCl)C(=O)NC1CCCCC1, [O-][NH2+]N(CCCl)C(=O)NC1CCCCC1, [O-][NH2+]N(CCCl)C(=O)NC1CCCCC1, [O-][NH2+]N(CCCl)C(=O)NC1CCCCC1","NEXPKUGJJKVILF-UHFFFAOYSA-N, NEXPKUGJJKVILF-UHFFFAOYSA-N, NEXPKUGJJKVILF-UHFFFAOYSA-N, NEXPKUGJJKVILF-UHFFFAOYSA-N, NEXPKUGJJKVILF-UHFFFAOYSA-N, NEXPKUGJJKVILF-UHFFFAOYSA-N",Launched
lonafarnib,farnesyltransferase inhibitor,"FNTA, HRAS, KRAS, NRAS",,,"Selleck, Selleck, Selleck, Selleck, Selleck, Cayman",98.27,"NC(=O)N1CCC(CC(=O)N2CCC(CC2)[C@H]2c3ncc(Br)cc3CCc3cc(Cl)cc(Br)c23)CC1, NC(=O)N1CCC(CC(=O)N2CCC(CC2)[C@H]2c3ncc(Br)cc3CCc3cc(Cl)cc(Br)c23)CC1, NC(=O)N1CCC(CC(=O)N2CCC(CC2)[C@H]2c3ncc(Br)cc3CCc3cc(Cl)cc(Br)c23)CC1, NC(=O)N1CCC(CC(=O)N2CCC(CC2)[C@H]2c3ncc(Br)cc3CCc3cc(Cl)cc(Br)c23)CC1, NC(=O)N1CCC(CC(=O)N2CCC(CC2)[C@H]2c3ncc(Br)cc3CCc3cc(Cl)cc(Br)c23)CC1, NC(=O)N1CCC(CC(=O)N2CCC(CC2)[C@H]2c3ncc(Br)cc3CCc3cc(Cl)cc(Br)c23)CC1","DHMTURDWPRKSOA-RUZDIDTESA-N, DHMTURDWPRKSOA-RUZDIDTESA-N, DHMTURDWPRKSOA-RUZDIDTESA-N, DHMTURDWPRKSOA-RUZDIDTESA-N, DHMTURDWPRKSOA-RUZDIDTESA-N, InChI=1S/C27H31Br2ClN4O2/c28-20-12-19-2-1-18-13-21(30)14-22(29)24(18)25(26(19)32-15-20)17-5-9-33(10-6-17)23(35)11-16-3-7-34(8-4-16)27(31)36/h12-17,25H,1-11H2,(H2,31,36)/t25-/m1/s1",Phase 3
lonidamine,glucokinase inhibitor,GCK,,,"Tocris, MicroSource, Tocris, Selleck, Tocris",98.47,"OC(=O)c1nn(Cc2ccc(Cl)cc2Cl)c2ccccc12, OC(=O)c1nn(Cc2ccc(Cl)cc2Cl)c2ccccc12, OC(=O)c1nn(Cc2ccc(Cl)cc2Cl)c2ccccc12, OC(=O)c1nn(Cc2ccc(Cl)cc2Cl)c2ccccc12, OC(=O)c1nn(Cc2ccc(Cl)cc2Cl)c2ccccc12","WDRYRZXSPDWGEB-UHFFFAOYSA-N, WDRYRZXSPDWGEB-UHFFFAOYSA-N, WDRYRZXSPDWGEB-UHFFFAOYSA-N, WDRYRZXSPDWGEB-UHFFFAOYSA-N, WDRYRZXSPDWGEB-UHFFFAOYSA-N",Launched
loperamide,opioid receptor agonist,"CACNA1A, CALM1, OPRD1, OPRK1, OPRM1, POMC",gastroenterology,diarrhea,"MicroSource, MicroSource, MicroSource, MicroSource, Tocris, Tocris, Selleck, Selleck",98.87,"CN(C)C(=O)C(CCN1CCC(O)(CC1)c1ccc(Cl)cc1)(c1ccccc1)c1ccccc1, CN(C)C(=O)C(CCN1CCC(O)(CC1)c1ccc(Cl)cc1)(c1ccccc1)c1ccccc1, CN(C)C(=O)C(CCN1CCC(O)(CC1)c1ccc(Cl)cc1)(c1ccccc1)c1ccccc1, CN(C)C(=O)C(CCN1CCC(O)(CC1)c1ccc(Cl)cc1)(c1ccccc1)c1ccccc1, CN(C)C(=O)C(CCN1CCC(O)(CC1)c1ccc(Cl)cc1)(c1ccccc1)c1ccccc1, CN(C)C(=O)C(CCN1CCC(O)(CC1)c1ccc(Cl)cc1)(c1ccccc1)c1ccccc1, CN(C)C(=O)C(CCN1CCC(O)(CC1)c1ccc(Cl)cc1)(c1ccccc1)c1ccccc1, CN(C)C(=O)C(CCN1CCC(O)(CC1)c1ccc(Cl)cc1)(c1ccccc1)c1ccccc1","RDOIQAHITMMDAJ-UHFFFAOYSA-N, RDOIQAHITMMDAJ-UHFFFAOYSA-N, RDOIQAHITMMDAJ-UHFFFAOYSA-N, RDOIQAHITMMDAJ-UHFFFAOYSA-N, RDOIQAHITMMDAJ-UHFFFAOYSA-N, RDOIQAHITMMDAJ-UHFFFAOYSA-N, RDOIQAHITMMDAJ-UHFFFAOYSA-N, RDOIQAHITMMDAJ-UHFFFAOYSA-N",Launched
lopinavir,HIV protease inhibitor,,infectious disease,human immunodeficiency virus (HIV-1),"Selleck, Selleck, Selleck, MedChemEx, MedChemEx",98.9,"CC(C)[C@H](N1CCCNC1=O)C(=O)N[C@H](C[C@H](O)[C@H](Cc1ccccc1)NC(=O)COc1c(C)cccc1C)Cc1ccccc1, CC(C)[C@H](N1CCCNC1=O)C(=O)N[C@H](C[C@H](O)[C@H](Cc1ccccc1)NC(=O)COc1c(C)cccc1C)Cc1ccccc1, CC(C)[C@H](N1CCCNC1=O)C(=O)N[C@H](C[C@H](O)[C@H](Cc1ccccc1)NC(=O)COc1c(C)cccc1C)Cc1ccccc1, CC(C)[C@H](N1CCCNC1=O)C(=O)N[C@H](C[C@H](O)[C@H](Cc1ccccc1)NC(=O)COc1c(C)cccc1C)Cc1ccccc1, CC(C)[C@H](N1CCCNC1=O)C(=O)N[C@H](C[C@H](O)[C@H](Cc1ccccc1)NC(=O)COc1c(C)cccc1C)Cc1ccccc1","KJHKTHWMRKYKJE-SUGCFTRWSA-N, KJHKTHWMRKYKJE-SUGCFTRWSA-N, KJHKTHWMRKYKJE-SUGCFTRWSA-N, KJHKTHWMRKYKJE-SUGCFTRWSA-N, KJHKTHWMRKYKJE-SUGCFTRWSA-N",Launched
loracarbef,bacterial cell wall synthesis inhibitor,,"infectious disease, otolaryngology, pulmonary","ear infections, laryngitis, bronchitis, pneumonia, urinary tract infections, skin infections","Prestwick, Toronto",90.89,"N[C@@H](C(=O)N[C@H]1[C@H]2CCC(Cl)=C(N2C1=O)C(O)=O)c1ccccc1 |c:10|, N[C@@H](C(=O)N[C@H]1[C@H]2CCC(Cl)=C(N2C1=O)C(O)=O)c1ccccc1 |c:10|","JAPHQRWPEGVNBT-UTUOFQBUSA-N, JAPHQRWPEGVNBT-UTUOFQBUSA-N",Launched
loratadine,histamine receptor antagonist,HRH1,"allergy, neurology/psychiatry","allergic rhinitis, itching","Tocris, MicroSource, Selleck, Tocris, Tocris",99.62,"CCOC(=O)N1CCC(CC1)=C1c2ccc(Cl)cc2CCc2cccnc12, CCOC(=O)N1CCC(CC1)=C1c2ccc(Cl)cc2CCc2cccnc12, CCOC(=O)N1CCC(CC1)=C1c2ccc(Cl)cc2CCc2cccnc12, CCOC(=O)N1CCC(CC1)=C1c2ccc(Cl)cc2CCc2cccnc12, CCOC(=O)N1CCC(CC1)=C1c2ccc(Cl)cc2CCc2cccnc12","JCCNYMKQOSZNPW-UHFFFAOYSA-N, JCCNYMKQOSZNPW-UHFFFAOYSA-N, JCCNYMKQOSZNPW-UHFFFAOYSA-N, JCCNYMKQOSZNPW-UHFFFAOYSA-N, JCCNYMKQOSZNPW-UHFFFAOYSA-N",Launched
loreclezole,benzodiazepine receptor agonist,"GABRB2, GABRB3",,,"Tocris, Tocris",98.11,"Cl\C(=C/n1cncn1)c1ccc(Cl)cc1Cl, Cl\C(=C/n1cncn1)c1ccc(Cl)cc1Cl","XGLHZTBDUXXHOM-WMZJFQQLSA-N, XGLHZTBDUXXHOM-WMZJFQQLSA-N",Phase 2
lorediplon,GABA receptor modulator,GABRA1,,,MedChemEx,97.58,CN(C(C)=O)c1cc(ccc1F)-c1ccnc2c(cnn12)C(=O)c1cccs1,NQPOCLFSADOXBR-UHFFFAOYSA-N,Phase 2
lorglumide,CCK receptor antagonist,"CCKAR, CCKBR",,,MedChemEx,98.26,"CCCCCN(CCCCC)C(=O)[C@@H](CCC(O)=O)NC(=O)c1ccc(Cl)c(Cl)c1 |&1:13,r|",IEKOTSCYBBDIJC-LJQANCHMSA-N,Phase 1
lorlatinib,ALK tyrosine kinase receptor inhibitor,ALK,oncology,non-small cell lung cancer (NSCLC),"Tocris, MedChemEx, MedChemEx, MedChemEx, MedChemEx",98.73,"C[C@H]1Oc2cc(cnc2N)-c2c(CN(C)C(=O)c3ccc(F)cc13)nn(C)c2C#N, C[C@H]1Oc2cc(cnc2N)-c2c(CN(C)C(=O)c3ccc(F)cc13)nn(C)c2C#N, C[C@H]1Oc2cc(cnc2N)-c2c(CN(C)C(=O)c3ccc(F)cc13)nn(C)c2C#N, C[C@H]1Oc2cc(cnc2N)-c2c(CN(C)C(=O)c3ccc(F)cc13)nn(C)c2C#N, C[C@H]1Oc2cc(cnc2N)-c2c(CN(C)C(=O)c3ccc(F)cc13)nn(C)c2C#N","IIXWYSCJSQVBQM-UHFFFAOYSA-N, IIXWYSCJSQVBQM-UHFFFAOYSA-N, IIXWYSCJSQVBQM-UHFFFAOYSA-N, IIXWYSCJSQVBQM-UHFFFAOYSA-N, IIXWYSCJSQVBQM-UHFFFAOYSA-N",Launched
lornoxicam,cyclooxygenase inhibitor,"PTGS1, PTGS2","rheumatology, neurology/psychiatry","osteoarthritis, sciata","Selleck, MicroSource, MicroSource",97.64,"CN1C(C(=O)Nc2ccccn2)=C(O)c2sc(Cl)cc2S1(=O)=O |t:12|, CN1C(C(=O)Nc2ccccn2)=C(O)c2sc(Cl)cc2S1(=O)=O |t:12|, CN1C(C(=O)Nc2ccccn2)=C(O)c2sc(Cl)cc2S1(=O)=O |t:12|","WLHQHAUOOXYABV-UHFFFAOYSA-N, WLHQHAUOOXYABV-UHFFFAOYSA-N, WLHQHAUOOXYABV-UHFFFAOYSA-N",Launched
losartan,angiotensin receptor antagonist,AGTR1,"cardiology, nephrology","hypertension, diabetic nephropathy, hypertension","MedChemEx, MedChemEx, MedChemEx, MicroSource, MicroSource, Tocris, Selleck, Pharmeks",99.17,"CCCCc1nc(Cl)c(CO)n1Cc1ccc(cc1)-c1ccccc1-c1nn[nH]n1, CCCCc1nc(Cl)c(CO)n1Cc1ccc(cc1)-c1ccccc1-c1nn[nH]n1, CCCCc1nc(Cl)c(CO)n1Cc1ccc(cc1)-c1ccccc1-c1nn[nH]n1, CCCCc1nc(Cl)c(CO)n1Cc1ccc(cc1)-c1ccccc1-c1nn[nH]n1, CCCCc1nc(Cl)c(CO)n1Cc1ccc(cc1)-c1ccccc1-c1nn[nH]n1, CCCCc1nc(Cl)c(CO)n1Cc1ccc(cc1)-c1ccccc1-c1nn[nH]n1, CCCCc1nc(Cl)c(CO)n1Cc1ccc(cc1)-c1ccccc1-c1nn[nH]n1, CCCCc1nc(Cl)c(CO)n1Cc1ccc(cc1)-c1ccccc1-c1nn[nH]n1","PSIFNNKUMBGKDQ-UHFFFAOYSA-N, PSIFNNKUMBGKDQ-UHFFFAOYSA-N, PSIFNNKUMBGKDQ-UHFFFAOYSA-N, PSIFNNKUMBGKDQ-UHFFFAOYSA-N, PSIFNNKUMBGKDQ-UHFFFAOYSA-N, PSIFNNKUMBGKDQ-UHFFFAOYSA-N, PSIFNNKUMBGKDQ-UHFFFAOYSA-N, PSIFNNKUMBGKDQ-UHFFFAOYSA-N",Launched
losmapimod,p38 MAPK inhibitor,MAPK14,,,"MedChemEx, MedChemEx, MedChemEx, MedChemEx, MedChemEx, MedChemEx",96.05,"Cc1c(F)cc(cc1-c1ccc(cn1)C(=O)NCC(C)(C)C)C(=O)NC1CC1, Cc1c(F)cc(cc1-c1ccc(cn1)C(=O)NCC(C)(C)C)C(=O)NC1CC1, Cc1c(F)cc(cc1-c1ccc(cn1)C(=O)NCC(C)(C)C)C(=O)NC1CC1, Cc1c(F)cc(cc1-c1ccc(cn1)C(=O)NCC(C)(C)C)C(=O)NC1CC1, Cc1c(F)cc(cc1-c1ccc(cn1)C(=O)NCC(C)(C)C)C(=O)NC1CC1, Cc1c(F)cc(cc1-c1ccc(cn1)C(=O)NCC(C)(C)C)C(=O)NC1CC1","KKYABQBFGDZVNQ-UHFFFAOYSA-N, KKYABQBFGDZVNQ-UHFFFAOYSA-N, KKYABQBFGDZVNQ-UHFFFAOYSA-N, KKYABQBFGDZVNQ-UHFFFAOYSA-N, KKYABQBFGDZVNQ-UHFFFAOYSA-N, KKYABQBFGDZVNQ-UHFFFAOYSA-N",Phase 3
lotamilast,phosphodiesterase inhibitor,,,,MedChemEx,90.93,CNc1nc(-c2cccc(NC(=O)c3ccc(cc3)C(=O)OC)c2)c2cc(OC)c(OC)cc2n1,BBTFKAOFCSOZMB-UHFFFAOYSA-N,Preclinical
loteprednol,"glucocorticoid receptor agonist, phospholipase inhibitor",NR3C1,ophthalmology,conjunctivitis,"Selleck, Selleck, Selleck, MedChemEx, MedChemEx",95.55,"CCOC(=O)O[C@@]1(CC[C@H]2[C@@H]3CCC4=CC(=O)C=C[C@]4(C)[C@H]3[C@@H](O)C[C@]12C)C(=O)OCCl |c:17,t:13|, CCOC(=O)O[C@@]1(CC[C@H]2[C@@H]3CCC4=CC(=O)C=C[C@]4(C)[C@H]3[C@@H](O)C[C@]12C)C(=O)OCCl |c:17,t:13|, CCOC(=O)O[C@@]1(CC[C@H]2[C@@H]3CCC4=CC(=O)C=C[C@]4(C)[C@H]3[C@@H](O)C[C@]12C)C(=O)OCCl |c:17,t:13|, CCOC(=O)O[C@@]1(CC[C@H]2[C@@H]3CCC4=CC(=O)C=C[C@]4(C)[C@H]3[C@@H](O)C[C@]12C)C(=O)OCCl |c:17,t:13|, CCOC(=O)O[C@@]1(CC[C@H]2[C@@H]3CCC4=CC(=O)C=C[C@]4(C)[C@H]3[C@@H](O)C[C@]12C)C(=O)OCCl |c:17,t:13|","DMKSVUSAATWOCU-HROMYWEYSA-N, DMKSVUSAATWOCU-HROMYWEYSA-N, DMKSVUSAATWOCU-HROMYWEYSA-N, DMKSVUSAATWOCU-HROMYWEYSA-N, DMKSVUSAATWOCU-HROMYWEYSA-N",Launched
lovastatin,HMGCR inhibitor,"HDAC2, HMGCR, ITGAL, NR1I2","cardiology, endocrinology","coronary heart disease, myocardial infarction, hypercholesterolemia","Tocris, Tocris, Tocris, MicroSource, MicroSource, MicroSource, Selleck, Selleck, Tocris",95.58,"CC[C@H](C)C(=O)O[C@H]1C[C@@H](C)C=C2C=C[C@H](C)[C@H](CC[C@@H]3C[C@@H](O)CC(=O)O3)[C@@H]12 |c:13,t:11|, CC[C@H](C)C(=O)O[C@H]1C[C@@H](C)C=C2C=C[C@H](C)[C@H](CC[C@@H]3C[C@@H](O)CC(=O)O3)[C@@H]12 |c:13,t:11|, CC[C@H](C)C(=O)O[C@H]1C[C@@H](C)C=C2C=C[C@H](C)[C@H](CC[C@@H]3C[C@@H](O)CC(=O)O3)[C@@H]12 |c:13,t:11|, CC[C@H](C)C(=O)O[C@H]1C[C@@H](C)C=C2C=C[C@H](C)[C@H](CC[C@@H]3C[C@@H](O)CC(=O)O3)[C@@H]12 |c:13,t:11|, CC[C@H](C)C(=O)O[C@H]1C[C@@H](C)C=C2C=C[C@H](C)[C@H](CC[C@@H]3C[C@@H](O)CC(=O)O3)[C@@H]12 |c:13,t:11|, CC[C@H](C)C(=O)O[C@H]1C[C@@H](C)C=C2C=C[C@H](C)[C@H](CC[C@@H]3C[C@@H](O)CC(=O)O3)[C@@H]12 |c:13,t:11|, CC[C@H](C)C(=O)O[C@H]1C[C@@H](C)C=C2C=C[C@H](C)[C@H](CC[C@@H]3C[C@@H](O)CC(=O)O3)[C@@H]12 |c:13,t:11|, CC[C@H](C)C(=O)O[C@H]1C[C@@H](C)C=C2C=C[C@H](C)[C@H](CC[C@@H]3C[C@@H](O)CC(=O)O3)[C@@H]12 |c:13,t:11|, CC[C@H](C)C(=O)O[C@H]1C[C@@H](C)C=C2C=C[C@H](C)[C@H](CC[C@@H]3C[C@@H](O)CC(=O)O3)[C@@H]12 |c:13,t:11|","PCZOHLXUXFIOCF-BXMDZJJMSA-N, PCZOHLXUXFIOCF-BXMDZJJMSA-N, PCZOHLXUXFIOCF-BXMDZJJMSA-N, PCZOHLXUXFIOCF-BXMDZJJMSA-N, PCZOHLXUXFIOCF-BXMDZJJMSA-N, PCZOHLXUXFIOCF-BXMDZJJMSA-N, PCZOHLXUXFIOCF-BXMDZJJMSA-N, PCZOHLXUXFIOCF-BXMDZJJMSA-N, PCZOHLXUXFIOCF-BXMDZJJMSA-N",Launched
loxapine,"dopamine receptor antagonist, serotonin receptor antagonist","ADRA1A, ADRA1B, ADRA2A, ADRA2B, ADRA2C, ADRB1, CHRM1, CHRM2, CHRM3, CHRM4, CHRM5, DRD1, DRD2, DRD3, DRD4, DRD5, HRH1, HRH2, HRH4, HTR1A, HTR1B, HTR1D, HTR1E, HTR2A, HTR2C, HTR3A, HTR5A, HTR6, HTR7, SLC6A2, SLC6A3, SLC6A4",neurology/psychiatry,schizophrenia,"MicroSource, Selleck, MedChemEx",98.55,"CN1CCN(CC1)C1=Nc2ccccc2Oc2ccc(Cl)cc12 |t:8|, CN1CCN(CC1)C1=Nc2ccccc2Oc2ccc(Cl)cc12 |t:8|, CN1CCN(CC1)C1=Nc2ccccc2Oc2ccc(Cl)cc12 |t:8|","XJGVXQDUIWGIRW-UHFFFAOYSA-N, XJGVXQDUIWGIRW-UHFFFAOYSA-N, XJGVXQDUIWGIRW-UHFFFAOYSA-N",Launched
loxistatin-acid,cysteine peptidase inhibitor,CTSB,,,"Selleck, Selleck, Selleck",98.39,"CC(C)CCNC(=O)[C@H](CC(C)C)NC(=O)[C@H]1O[C@@H]1C(O)=O, CC(C)CCNC(=O)[C@H](CC(C)C)NC(=O)[C@H]1O[C@@H]1C(O)=O, CC(C)CCNC(=O)[C@H](CC(C)C)NC(=O)[C@H]1O[C@@H]1C(O)=O","SCMSYZJDIQPSDI-SRVKXCTJSA-N, SCMSYZJDIQPSDI-SRVKXCTJSA-N, SCMSYZJDIQPSDI-SRVKXCTJSA-N",Preclinical
loxoprofen,"cyclooxygenase inhibitor, prostanoid receptor antagonist",PTGS2,neurology/psychiatry,pain relief,"MedChemEx, MicroSource, MicroSource, MedChemEx",98.61,"C[C@@H](C(O)=O)c1ccc(C[C@H]2CCCC2=O)cc1 |&1:1,&2:10,r|, C[C@@H](C(O)=O)c1ccc(C[C@H]2CCCC2=O)cc1 |&1:1,&2:10,r|, C[C@@H](C(O)=O)c1ccc(C[C@H]2CCCC2=O)cc1 |&1:1,&2:10,r|, C[C@@H](C(O)=O)c1ccc(C[C@H]2CCCC2=O)cc1 |&1:1,&2:10,r|","YMBXTVYHTMGZDW-ZWNOBZJWSA-N, YMBXTVYHTMGZDW-ZWNOBZJWSA-N, YMBXTVYHTMGZDW-ZWNOBZJWSA-N, YMBXTVYHTMGZDW-ZWNOBZJWSA-N",Launched
LP-533401,tryptophan hydroxylase inhibitor,,,,Adooq,93.29,N[C@@H](Cc1ccc(cc1)-c1cc(O[C@@H](c2ccc(cc2)-c2cccc(F)c2)C(F)(F)F)nc(N)n1)C(O)=O |&1:13|,JZWUKILTKYJLCN-URXFXBBRSA-N,Preclinical
LPA2-antagonist-1,lysophosphatidic acid receptor antagonist,LPAR2,,,"MedChemEx, MedChemEx",97.22,"C[C@@H](CN1CCN(CC1)S(=O)(=O)c1ccc(Cl)c(Cl)c1)Nc1ncnc2c(C)csc12, C[C@@H](CN1CCN(CC1)S(=O)(=O)c1ccc(Cl)c(Cl)c1)Nc1ncnc2c(C)csc12","BPRNMVDTWIHULJ-AWEZNQCLSA-N, BPRNMVDTWIHULJ-AWEZNQCLSA-N",Preclinical
LRRK2-IN-1,leucine rich repeat kinase inhibitor,LRRK2,,,"Tocris, MedChemEx",98.57,"COc1cc(ccc1Nc1ncc2N(C)C(=O)c3ccccc3N(C)c2n1)C(=O)N1CCC(CC1)N1CCN(C)CC1, COc1cc(ccc1Nc1ncc2N(C)C(=O)c3ccccc3N(C)c2n1)C(=O)N1CCC(CC1)N1CCN(C)CC1","IWMCPJZTADUIFX-UHFFFAOYSA-N, IWMCPJZTADUIFX-UHFFFAOYSA-N",Preclinical
LSN-2463359,glutamate receptor positive allosteric modulator,GRM5,,,"Tocris, Tocris, Tocris",96.1,"CC(C)NC(=O)c1ccc(cn1)C#Cc1ccncc1, CC(C)NC(=O)c1ccc(cn1)C#Cc1ccncc1, CC(C)NC(=O)c1ccc(cn1)C#Cc1ccncc1","STAFRSGTRKNXHF-UHFFFAOYSA-N, STAFRSGTRKNXHF-UHFFFAOYSA-N, STAFRSGTRKNXHF-UHFFFAOYSA-N",Preclinical
LSZ-102,selective estrogen receptor modulator (SERM),,,,"MedChemEx, MedChemEx",93.38,"CC(F)(F)c1cc(F)ccc1-c1sc2cc(O)ccc2c1Oc1ccc(\C=C\C(O)=O)cc1, CC(F)(F)c1cc(F)ccc1-c1sc2cc(O)ccc2c1Oc1ccc(\C=C\C(O)=O)cc1","SJXNPGGVGZXKKI-NYYWCZLTSA-N, SJXNPGGVGZXKKI-NYYWCZLTSA-N",Phase 1
LTA,,,,,Enamine,94.91,N=C(Nc1ccccc1)c1cccs1,RCORNHOUCUDCAC-UHFFFAOYSA-N,Phase 2
LTB4,leukocyte activator,"LTB4R, LTB4R2",,,Enzo,8.37,CCCCC\C=C/C[C@@H](O)\C=C\C=C\C=C/[C@@H](O)CCCC(O)=O,VNYSSYRCGWBHLG-AMOLWHMGSA-N,Phase 2
LTX-315,anticancer agent,,,,MedChemEx,95.27,NCCCC[C@H](N)C(=O)N[C@@H](CCCCN)C(=O)N[C@@H](Cc1c[nH]c2ccccc12)C(=O)N[C@@H](Cc1c[nH]c2ccccc12)C(=O)N[C@@H](CCCCN)C(=O)N[C@@H](CCCCN)C(=O)N[C@@H](Cc1c[nH]c2ccccc12)C(=O)N[C@@H](C(c1ccccc1)c1ccccc1)C(=O)N[C@@H](CCCCN)C(N)=O,GGAKLYWEFZCVIT-TVEKFXMRSA-N,Phase 2
Lu-AA-47070,adenosine receptor antagonist,ADORA2A,,,"Tocris, Tocris, Tocris",88.17,"CC(C)(C)CC(=O)Nc1c(F)cc(cc1F)C(=O)\N=c1/sccn1COP(O)(O)=O, CC(C)(C)CC(=O)Nc1c(F)cc(cc1F)C(=O)\N=c1/sccn1COP(O)(O)=O, CC(C)(C)CC(=O)Nc1c(F)cc(cc1F)C(=O)\N=c1/sccn1COP(O)(O)=O","MSWIQSFUBYCFJE-PGMHBOJBSA-N, MSWIQSFUBYCFJE-PGMHBOJBSA-N, MSWIQSFUBYCFJE-PGMHBOJBSA-N",Phase 2
lubiprostone,chloride channel activator,CLCN2,gastroenterology,"constipation, irritable bowel syndrome","MedChemEx, Selleck, Selleck",98.91,"CCCCC(F)(F)C(=O)CC[C@H]1[C@H](O)CC(=O)[C@@H]1CCCCCCC(O)=O, CCCCC(F)(F)C(=O)CC[C@H]1[C@H](O)CC(=O)[C@@H]1CCCCCCC(O)=O, CCCCC(F)(F)C(=O)CC[C@H]1[C@H](O)CC(=O)[C@@H]1CCCCCCC(O)=O","DBVFKLAGQHYVGQ-BFYDXBDKSA-N, DBVFKLAGQHYVGQ-BFYDXBDKSA-N, DBVFKLAGQHYVGQ-BFYDXBDKSA-N",Launched
lucanthone,endonuclease inhibitor,"APEX1, TOP1, TOP2A",,,MedChemEx,96.37,CCN(CC)CCNc1ccc(C)c2sc3ccccc3c(=O)c12,FBQPGGIHOFZRGH-UHFFFAOYSA-N,Phase 2
lucitanib,"FGFR inhibitor, VEGFR inhibitor","FGFR1, FLT1, KDR, KIT, PDGFRA, PDGFRB, RET",,,"MedChemEx, MedChemEx, MedChemEx, MedChemEx, MedChemEx, MedChemEx, MedChemEx, MedChemEx, MedChemEx, MedChemEx, MedChemEx, MedChemEx, MedChemEx",92.94,"CNC(=O)c1cccc2cc(Oc3ccnc4cc(OCC5(N)CC5)c(OC)cc34)ccc12, CNC(=O)c1cccc2cc(Oc3ccnc4cc(OCC5(N)CC5)c(OC)cc34)ccc12, CNC(=O)c1cccc2cc(Oc3ccnc4cc(OCC5(N)CC5)c(OC)cc34)ccc12, CNC(=O)c1cccc2cc(Oc3ccnc4cc(OCC5(N)CC5)c(OC)cc34)ccc12, CNC(=O)c1cccc2cc(Oc3ccnc4cc(OCC5(N)CC5)c(OC)cc34)ccc12, CNC(=O)c1cccc2cc(Oc3ccnc4cc(OCC5(N)CC5)c(OC)cc34)ccc12, CNC(=O)c1cccc2cc(Oc3ccnc4cc(OCC5(N)CC5)c(OC)cc34)ccc12, CNC(=O)c1cccc2cc(Oc3ccnc4cc(OCC5(N)CC5)c(OC)cc34)ccc12, CNC(=O)c1cccc2cc(Oc3ccnc4cc(OCC5(N)CC5)c(OC)cc34)ccc12, CNC(=O)c1cccc2cc(Oc3ccnc4cc(OCC5(N)CC5)c(OC)cc34)ccc12, CNC(=O)c1cccc2cc(Oc3ccnc4cc(OCC5(N)CC5)c(OC)cc34)ccc12, CNC(=O)c1cccc2cc(Oc3ccnc4cc(OCC5(N)CC5)c(OC)cc34)ccc12, CNC(=O)c1cccc2cc(Oc3ccnc4cc(OCC5(N)CC5)c(OC)cc34)ccc12","CUDVHEFYRIWYQD-UHFFFAOYSA-N, CUDVHEFYRIWYQD-UHFFFAOYSA-N, CUDVHEFYRIWYQD-UHFFFAOYSA-N, CUDVHEFYRIWYQD-UHFFFAOYSA-N, CUDVHEFYRIWYQD-UHFFFAOYSA-N, CUDVHEFYRIWYQD-UHFFFAOYSA-N, InChI=1S/C26H25N3O4/c1-28-25(30)19-5-3-4-16-12-17(6-7-18(16)19)33-22-8-11-29-21-14-24(23(31-2)13-20(21)22)32-15-26(27)9-10-26/h3-8,11-14H,9-10,15,27H2,1-2H3,(H,28,30), InChI=1S/C26H25N3O4/c1-28-25(30)19-5-3-4-16-12-17(6-7-18(16)19)33-22-8-11-29-21-14-24(23(31-2)13-20(21)22)32-15-26(27)9-10-26/h3-8,11-14H,9-10,15,27H2,1-2H3,(H,28,30), InChI=1S/C26H25N3O4/c1-28-25(30)19-5-3-4-16-12-17(6-7-18(16)19)33-22-8-11-29-21-14-24(23(31-2)13-20(21)22)32-15-26(27)9-10-26/h3-8,11-14H,9-10,15,27H2,1-2H3,(H,28,30), InChI=1S/C26H25N3O4/c1-28-25(30)19-5-3-4-16-12-17(6-7-18(16)19)33-22-8-11-29-21-14-24(23(31-2)13-20(21)22)32-15-26(27)9-10-26/h3-8,11-14H,9-10,15,27H2,1-2H3,(H,28,30), InChI=1S/C26H25N3O4/c1-28-25(30)19-5-3-4-16-12-17(6-7-18(16)19)33-22-8-11-29-21-14-24(23(31-2)13-20(21)22)32-15-26(27)9-10-26/h3-8,11-14H,9-10,15,27H2,1-2H3,(H,28,30), InChI=1S/C26H25N3O4/c1-28-25(30)19-5-3-4-16-12-17(6-7-18(16)19)33-22-8-11-29-21-14-24(23(31-2)13-20(21)22)32-15-26(27)9-10-26/h3-8,11-14H,9-10,15,27H2,1-2H3,(H,28,30), InChI=1S/C26H25N3O4/c1-28-25(30)19-5-3-4-16-12-17(6-7-18(16)19)33-22-8-11-29-21-14-24(23(31-2)13-20(21)22)32-15-26(27)9-10-26/h3-8,11-14H,9-10,15,27H2,1-2H3,(H,28,30)",Phase 2
LUF-5834,adenosine receptor agonist,"ADORA2A, ADORA2B",,,"Tocris, Tocris",98.27,"Nc1nc(SCc2ncc[nH]2)c(C#N)c(-c2ccc(O)cc2)c1C#N, Nc1nc(SCc2ncc[nH]2)c(C#N)c(-c2ccc(O)cc2)c1C#N","OFHKDLYFKPBXER-UHFFFAOYSA-N, OFHKDLYFKPBXER-UHFFFAOYSA-N",Preclinical
lufenuron,chitin inhibitor,,infectious disease,flea control,"MicroSource, MicroSource, Sigma",97.89,"F[C@@H](C(F)(F)F)C(F)(F)Oc1cc(Cl)c(NC(=O)NC(=O)c2c(F)cccc2F)cc1Cl |&1:1,r|, F[C@@H](C(F)(F)F)C(F)(F)Oc1cc(Cl)c(NC(=O)NC(=O)c2c(F)cccc2F)cc1Cl |&1:1,r|, F[C@@H](C(F)(F)F)C(F)(F)Oc1cc(Cl)c(NC(=O)NC(=O)c2c(F)cccc2F)cc1Cl |&1:1,r|","PWPJGUXAGUPAHP-AWEZNQCLSA-N, PWPJGUXAGUPAHP-AWEZNQCLSA-N, PWPJGUXAGUPAHP-AWEZNQCLSA-N",Launched
luliconazole,sterol demethylase inhibitor,,infectious disease,"tinea pedis, tinea cruris, tinea corporis","MedChemEx, Selleck, Selleck",98.72,"Clc1ccc([C@@H]2CS\C(S2)=C(\C#N)n2ccnc2)c(Cl)c1, Clc1ccc([C@@H]2CS\C(S2)=C(\C#N)n2ccnc2)c(Cl)c1, Clc1ccc([C@@H]2CS\C(S2)=C(\C#N)n2ccnc2)c(Cl)c1","YTAOBBFIOAEMLL-REQDGWNSSA-N, YTAOBBFIOAEMLL-REQDGWNSSA-N, YTAOBBFIOAEMLL-REQDGWNSSA-N",Launched
lumacaftor,CFTR channel agonist,CFTR,pulmonary,cystic fibrosis,"MedChemEx, Selleck",98.26,"Cc1ccc(NC(=O)C2(CC2)c2ccc3OC(F)(F)Oc3c2)nc1-c1cccc(c1)C(O)=O, Cc1ccc(NC(=O)C2(CC2)c2ccc3OC(F)(F)Oc3c2)nc1-c1cccc(c1)C(O)=O","UFSKUSARDNFIRC-UHFFFAOYSA-N, UFSKUSARDNFIRC-UHFFFAOYSA-N",Launched
lumateperone,"dopamine receptor modulator, serotonin receptor antagonist","DRD2, HTR2A",,,"MedChemEx, MedChemEx, MedChemEx",81.32,"CN1CCN2[C@H]3CCN(CCCC(=O)c4ccc(F)cc4)C[C@H]3c3cccc1c23, CN1CCN2[C@H]3CCN(CCCC(=O)c4ccc(F)cc4)C[C@H]3c3cccc1c23, CN1CCN2[C@H]3CCN(CCCC(=O)c4ccc(F)cc4)C[C@H]3c3cccc1c23","HOIIHACBCFLJET-SFTDATJTSA-N, HOIIHACBCFLJET-SFTDATJTSA-N, HOIIHACBCFLJET-SFTDATJTSA-N",Launched
lumefantrine,antimalarial agent,ATP1A1,infectious disease,malaria,"MedChemEx, Enamine, MedChemEx",58.57,"CCCCN(CCCC)C[C@@H](O)c1cc(Cl)cc2\C(=C/c3ccc(Cl)cc3)c3cc(Cl)ccc3-c12 |&1:10,r|, CCCCN(CCCC)C[C@@H](O)c1cc(Cl)cc2\C(=C/c3ccc(Cl)cc3)c3cc(Cl)ccc3-c12 |&1:10,r|, CCCCN(CCCC)C[C@@H](O)c1cc(Cl)cc2\C(=C/c3ccc(Cl)cc3)c3cc(Cl)ccc3-c12 |&1:10,r|","DYLGFOYVTXJFJP-OXTLUBNBSA-N, DYLGFOYVTXJFJP-OXTLUBNBSA-N, DYLGFOYVTXJFJP-OXTLUBNBSA-N",Launched
lumiracoxib,cyclooxygenase inhibitor,"PTGS1, PTGS2",,,"MicroSource, MicroSource, Selleck",97.35,"Cc1ccc(Nc2c(F)cccc2Cl)c(CC(O)=O)c1, Cc1ccc(Nc2c(F)cccc2Cl)c(CC(O)=O)c1, Cc1ccc(Nc2c(F)cccc2Cl)c(CC(O)=O)c1","KHPKQFYUPIUARC-UHFFFAOYSA-N, KHPKQFYUPIUARC-UHFFFAOYSA-N, KHPKQFYUPIUARC-UHFFFAOYSA-N",Withdrawn
lupanine,sodium channel blocker,INS,,,ChemDiv,91.3,[H][C@@]12CCCCN1C[C@@H]1C[C@H]2CN2C(=O)CCC[C@]12[H],JYIJIIVLEOETIQ-XDQVBPFNSA-N,Phase 1
lurasidone,"dopamine receptor antagonist, serotonin receptor antagonist","ADRA2A, ADRA2C, DRD2, HTR1A, HTR2A, HTR7",neurology/psychiatry,schizophrenia,"Selleck, Selleck, Selleck, Selleck",97.97,"O=C1[C@H]2[C@@H]3CC[C@@H](C3)[C@H]2C(=O)N1C[C@@H]1CCCC[C@H]1CN1CCN(CC1)c1nsc2ccccc12, O=C1[C@H]2[C@@H]3CC[C@@H](C3)[C@H]2C(=O)N1C[C@@H]1CCCC[C@H]1CN1CCN(CC1)c1nsc2ccccc12, O=C1[C@H]2[C@@H]3CC[C@@H](C3)[C@H]2C(=O)N1C[C@@H]1CCCC[C@H]1CN1CCN(CC1)c1nsc2ccccc12, O=C1[C@H]2[C@@H]3CC[C@@H](C3)[C@H]2C(=O)N1C[C@@H]1CCCC[C@H]1CN1CCN(CC1)c1nsc2ccccc12","PQXKDMSYBGKCJA-CVTJIBDQSA-N, PQXKDMSYBGKCJA-CVTJIBDQSA-N, PQXKDMSYBGKCJA-CVTJIBDQSA-N, PQXKDMSYBGKCJA-CVTJIBDQSA-N",Launched
lurbinectedin,DNA binding agent,,,,MedChemEx,93.93,[H][C@@]12Cc3cc(C)c(OC)c(O)c3[C@@]([H])(N1C)[C@@]1([H])N([C@H]2O)[C@@]2([H])COC(=O)[C@]3(CS[C@]1([H])c1c(OC(C)=O)c(C)c4OCOc4c21)NCCc1c3[nH]c2ccc(OC)cc12 |THB:16:15:2.3.12:20.19.17|,YDDMIZRDDREKEP-HWTBNCOESA-N,Phase 3
lusaperidone,adrenergic receptor antagonist,,,,MedChemEx,92.42,Cc1nc2ccccn2c(=O)c1CCN1CCc2oc3ccccc3c2C1,ZYXHQIPQIKTEDI-UHFFFAOYSA-N,Preclinical
lusutrombopag,thrombopoietin receptor agonist,,,,MedChemEx,97.11,CCCCCCO[C@@H](C)c1cccc(-c2csc(NC(=O)c3cc(Cl)c(\C=C(/C)C(O)=O)c(Cl)c3)n2)c1OC,NOZIJMHMKORZBA-KJCUYJGMSA-N,Launched
lutein,antioxidant,,ophthalmology,"macular degeneration, cataracts, retinitis pigmentosa (RP)","Sigma, AKSci",0,"C\C(\C=C\C=C(/C)\C=C\[C@H]1C(C)=C[C@H](O)CC1(C)C)=C/C=C/C=C(\C)/C=C/C=C(\C)/C=C/C1=C(C)C[C@@H](O)CC1(C)C |c:11,33|, C\C(\C=C\C=C(/C)\C=C\[C@H]1C(C)=C[C@H](O)CC1(C)C)=C/C=C/C=C(\C)/C=C/C=C(\C)/C=C/C1=C(C)C[C@@H](O)CC1(C)C |c:11,33|","KBPHJBAIARWVSC-RGZFRNHPSA-N, KBPHJBAIARWVSC-RGZFRNHPSA-N",Launched
luteolin,glucosidase inhibitor,TOP1,,,"Selleck, Selleck",92.4,"Oc1cc(O)c2c(c1)oc(cc2=O)-c1ccc(O)c(O)c1, Oc1cc(O)c2c(c1)oc(cc2=O)-c1ccc(O)c(O)c1","IQPNAANSBPBGFQ-UHFFFAOYSA-N, IQPNAANSBPBGFQ-UHFFFAOYSA-N",Phase 2
luzindole,melatonin receptor antagonist,"MTNR1A, MTNR1B",,,"Tocris, Tocris, Tocris",89.41,"CC(=O)NCCc1c(Cc2ccccc2)[nH]c2ccccc12, CC(=O)NCCc1c(Cc2ccccc2)[nH]c2ccccc12, CC(=O)NCCc1c(Cc2ccccc2)[nH]c2ccccc12","WVVXBPKOIZGVNS-UHFFFAOYSA-N, WVVXBPKOIZGVNS-UHFFFAOYSA-N, WVVXBPKOIZGVNS-UHFFFAOYSA-N",Preclinical
LXH254,RAF inhibitor,,,,MedChemEx,97.62,Cc1ccc(NC(=O)c2ccnc(c2)C(F)(F)F)cc1-c1cc(OCCO)nc(c1)N1CCOCC1,UEPXBTCUIIGYCY-UHFFFAOYSA-N,Phase 1
LXR-623,LXR agonist,"AR, NR1H2, NR1H3, NR1I2, NR3C1",,,"MedChemEx, MedChemEx",99.59,"Fc1ccc(cc1)-c1n(Cc2ccc(F)cc2Cl)nc2c(cccc12)C(F)(F)F, Fc1ccc(cc1)-c1n(Cc2ccc(F)cc2Cl)nc2c(cccc12)C(F)(F)F","KYWWJENKIMRJBI-UHFFFAOYSA-N, KYWWJENKIMRJBI-UHFFFAOYSA-N",Phase 1
LXS196,PKC inhibitor,,,,MedChemEx,94.13,CC1(N)CCN(CC1)c1cccnc1NC(=O)c1nc(cnc1N)-c1ncccc1C(F)(F)F,XXJXHXJWQSCNPX-UHFFFAOYSA-N,Phase 1
LX1031,tryptophan hydroxylase inhibitor,TPH1,,,"MedChemEx, MedChemEx",93.2,"COc1cccc(c1)-c1ccc(cc1)[C@@H](Oc1cc(nc(N)n1)-c1ccc(C[C@H](N)C(O)=O)cc1)C(F)(F)F, COc1cccc(c1)-c1ccc(cc1)[C@@H](Oc1cc(nc(N)n1)-c1ccc(C[C@H](N)C(O)=O)cc1)C(F)(F)F","XNMUICFMGGQSMZ-WIOPSUGQSA-N, XNMUICFMGGQSMZ-WIOPSUGQSA-N",Phase 2
LX7101,"LIM kinase inhibitor, rho associated kinase inhibitor","LIMK2, ROCK1, ROCK2",,,"MedChemEx, MedChemEx, MedChemEx",81.88,"CN(C)C(=O)Oc1cccc(NC(=O)C2(CN)CCN(CC2)c2ncnc3[nH]cc(C)c23)c1, CN(C)C(=O)Oc1cccc(NC(=O)C2(CN)CCN(CC2)c2ncnc3[nH]cc(C)c23)c1, CN(C)C(=O)Oc1cccc(NC(=O)C2(CN)CCN(CC2)c2ncnc3[nH]cc(C)c23)c1","PWPNYABQEOGNNC-UHFFFAOYSA-N, PWPNYABQEOGNNC-UHFFFAOYSA-N, PWPNYABQEOGNNC-UHFFFAOYSA-N",Phase 1/Phase 2
lycopene,free radical scavenger,,,,AKSci,0,CC(C)=CCC\C(C)=C\C=C\C(\C)=C\C=C\C(\C)=C\C=C\C=C(/C)\C=C\C=C(/C)\C=C\C=C(/C)CCC=C(C)C,OAIJSZIZWZSQBC-GYZMGTAESA-N,Launched
lylamine,cannabinoid receptor agonist,CNR1,,,"Tocris, Tocris, Tocris, Tocris",100,"CC(C)c1ccc2c(CC[C@H]3[C@](C)(CN)CCC[C@]23C)c1, CC(C)c1ccc2c(CC[C@H]3[C@](C)(CN)CCC[C@]23C)c1, CC(C)c1ccc2c(CC[C@H]3[C@](C)(CN)CCC[C@]23C)c1, CC(C)c1ccc2c(CC[C@H]3[C@](C)(CN)CCC[C@]23C)c1","JVVXZOOGOGPDRZ-SLFFLAALSA-N, JVVXZOOGOGPDRZ-SLFFLAALSA-N, JVVXZOOGOGPDRZ-SLFFLAALSA-N, JVVXZOOGOGPDRZ-SLFFLAALSA-N",Preclinical
lymecycline,bacterial 50S ribosomal subunit inhibitor,,dermatology,acne vulgaris (AV),Key,0,"CN(C)[C@H]1[C@@H]2C[C@H]3[C@@H](C(=O)c4c(O)cccc4[C@@]3(C)O)C(=O)[C@]2(O)C(=O)[C@H](C(=O)NCNCCCC[C@H](N)C(O)=O)C1=O |&1:7,&2:26|",DZTKAWPWXGIREW-KKSKXDPKSA-N,Launched
lynestrenol,progestogen hormone,,endocrinology,contraceptive,"Sigma, Prestwick",0,"C[C@]12CC[C@H]3[C@@H](CCC4=CCCC[C@H]34)[C@@H]1CC[C@@]2(O)C#C |t:8|, C[C@]12CC[C@H]3[C@@H](CCC4=CCCC[C@H]34)[C@@H]1CC[C@@]2(O)C#C |t:8|","YNVGQYHLRCDXFQ-XGXHKTLJSA-N, YNVGQYHLRCDXFQ-XGXHKTLJSA-N",Launched
lypressin,vasopressin receptor agonist,"AVPR1A, AVPR1B, AVPR2",endocrinology,central diabetes insipidus,"MedChemEx, Apollo, Apollo",70.31,"NCCCC[C@H](NC(=O)[C@@H]1CCCN1C(=O)[C@@H]1CSSC[C@H](N)C(=O)N[C@@H](Cc2ccc(O)cc2)C(=O)N[C@@H](Cc2ccccc2)C(=O)N[C@@H](CCC(N)=O)C(=O)N[C@@H](CC(N)=O)C(=O)N1)C(=O)NCC(N)=O, NCCCC[C@H](NC(=O)[C@@H]1CCCN1C(=O)[C@@H]1CSSC[C@H](N)C(=O)N[C@@H](Cc2ccc(O)cc2)C(=O)N[C@@H](Cc2ccccc2)C(=O)N[C@@H](CCC(N)=O)C(=O)N[C@@H](CC(N)=O)C(=O)N1)C(=O)NCC(N)=O, NCCCC[C@H](NC(=O)[C@@H]1CCCN1C(=O)[C@@H]1CSSC[C@H](N)C(=O)N[C@@H](Cc2ccc(O)cc2)C(=O)N[C@@H](Cc2ccccc2)C(=O)N[C@@H](CCC(N)=O)C(=O)N[C@@H](CC(N)=O)C(=O)N1)C(=O)NCC(N)=O","BJFIDCADFRDPIO-KKSWSVFASA-N, BJFIDCADFRDPIO-KKSWSVFASA-N, BJFIDCADFRDPIO-KKSWSVFASA-N",Launched
LY2090314,glycogen synthase kinase inhibitor,GSK3B,,,"MedChemEx, MedChemEx, MedChemEx, MedChemEx, MedChemEx",98.37,"Fc1cc2CN(CCn3cc(C4=C(C(=O)NC4=O)c4cnc5ccccn45)c(c1)c23)C(=O)N1CCCCC1 |t:11|, Fc1cc2CN(CCn3cc(C4=C(C(=O)NC4=O)c4cnc5ccccn45)c(c1)c23)C(=O)N1CCCCC1 |t:11|, Fc1cc2CN(CCn3cc(C4=C(C(=O)NC4=O)c4cnc5ccccn45)c(c1)c23)C(=O)N1CCCCC1 |t:11|, Fc1cc2CN(CCn3cc(C4=C(C(=O)NC4=O)c4cnc5ccccn45)c(c1)c23)C(=O)N1CCCCC1 |t:11|, Fc1cc2CN(CCn3cc(C4=C(C(=O)NC4=O)c4cnc5ccccn45)c(c1)c23)C(=O)N1CCCCC1 |t:11|","HRJWTAWVFDCTGO-UHFFFAOYSA-N, HRJWTAWVFDCTGO-UHFFFAOYSA-N, HRJWTAWVFDCTGO-UHFFFAOYSA-N, HRJWTAWVFDCTGO-UHFFFAOYSA-N, HRJWTAWVFDCTGO-UHFFFAOYSA-N",Phase 2
LY2109761,TGF beta receptor inhibitor,"TGFBR1, TGFBR2",,,"Selleck, Selleck, Selleck, Selleck, Selleck, MedChemEx",98.4,"C(CN1CCOCC1)Oc1ccc2c(ccnc2c1)-c1c2CCCn2nc1-c1ccccn1, C(CN1CCOCC1)Oc1ccc2c(ccnc2c1)-c1c2CCCn2nc1-c1ccccn1, C(CN1CCOCC1)Oc1ccc2c(ccnc2c1)-c1c2CCCn2nc1-c1ccccn1, C(CN1CCOCC1)Oc1ccc2c(ccnc2c1)-c1c2CCCn2nc1-c1ccccn1, C(CN1CCOCC1)Oc1ccc2c(ccnc2c1)-c1c2CCCn2nc1-c1ccccn1, C(CN1CCOCC1)Oc1ccc2c(ccnc2c1)-c1c2CCCn2nc1-c1ccccn1","IHLVSLOZUHKNMQ-UHFFFAOYSA-N, IHLVSLOZUHKNMQ-UHFFFAOYSA-N, IHLVSLOZUHKNMQ-UHFFFAOYSA-N, IHLVSLOZUHKNMQ-UHFFFAOYSA-N, IHLVSLOZUHKNMQ-UHFFFAOYSA-N, IHLVSLOZUHKNMQ-UHFFFAOYSA-N",Preclinical
LY2140023,glutamate receptor agonist,GRM3,,,"Selleck, Selleck, Selleck, Selleck, Selleck",100,"N[C@]1(CS(=O)(=O)[C@H]2[C@@H]([C@@H]12)C(O)=O)C(O)=O, N[C@]1(CS(=O)(=O)[C@H]2[C@@H]([C@@H]12)C(O)=O)C(O)=O, N[C@]1(CS(=O)(=O)[C@H]2[C@@H]([C@@H]12)C(O)=O)C(O)=O, N[C@]1(CS(=O)(=O)[C@H]2[C@@H]([C@@H]12)C(O)=O)C(O)=O, N[C@]1(CS(=O)(=O)[C@H]2[C@@H]([C@@H]12)C(O)=O)C(O)=O","AVDUGNCTZRCAHH-MDASVERJSA-N, AVDUGNCTZRCAHH-MDASVERJSA-N, AVDUGNCTZRCAHH-MDASVERJSA-N, AVDUGNCTZRCAHH-MDASVERJSA-N, AVDUGNCTZRCAHH-MDASVERJSA-N",Phase 3
LY215490,glutamate receptor antagonist,"GRIA1, GRIA2, GRIA3, GRIA4, GRIK1",,,MedChemEx,100,OC(=O)[C@@H]1C[C@H]2C[C@@H](CCc3nn[nH]n3)CC[C@H]2CN1,ZXFRFPSZAKNPQQ-YTWAJWBKSA-N,Phase 1
LY2157299,TGF beta receptor inhibitor,TGFBR1,,,"Selleck, Selleck, Selleck, MedChemEx",97.81,"Cc1cccc(n1)-c1nn2CCCc2c1-c1ccnc2ccc(cc12)C(N)=O, Cc1cccc(n1)-c1nn2CCCc2c1-c1ccnc2ccc(cc12)C(N)=O, Cc1cccc(n1)-c1nn2CCCc2c1-c1ccnc2ccc(cc12)C(N)=O, Cc1cccc(n1)-c1nn2CCCc2c1-c1ccnc2ccc(cc12)C(N)=O","IVRXNBXKWIJUQB-UHFFFAOYSA-N, IVRXNBXKWIJUQB-UHFFFAOYSA-N, IVRXNBXKWIJUQB-UHFFFAOYSA-N, IVRXNBXKWIJUQB-UHFFFAOYSA-N",Phase 2/Phase 3
LY2183240,"FAAH inhibitor, FAAH reuptake inhibitor",FAAH,,,"Tocris, Tocris, Tocris, Tocris",96.05,"CN(C)C(=O)n1nnnc1Cc1ccc(cc1)-c1ccccc1, CN(C)C(=O)n1nnnc1Cc1ccc(cc1)-c1ccccc1, CN(C)C(=O)n1nnnc1Cc1ccc(cc1)-c1ccccc1, CN(C)C(=O)n1nnnc1Cc1ccc(cc1)-c1ccccc1","GZNIYOXWFCDBBJ-UHFFFAOYSA-N, GZNIYOXWFCDBBJ-UHFFFAOYSA-N, GZNIYOXWFCDBBJ-UHFFFAOYSA-N, GZNIYOXWFCDBBJ-UHFFFAOYSA-N",Preclinical
LY2228820,p38 MAPK inhibitor,MAPK14,,,"Selleck, Selleck, Selleck, Selleck, MedChemEx",99.32,"CC(C)(C)Cn1c(N)nc2ccc(nc12)-c1nc([nH]c1-c1ccc(F)cc1)C(C)(C)C, CC(C)(C)Cn1c(N)nc2ccc(nc12)-c1nc([nH]c1-c1ccc(F)cc1)C(C)(C)C, CC(C)(C)Cn1c(N)nc2ccc(nc12)-c1nc([nH]c1-c1ccc(F)cc1)C(C)(C)C, CC(C)(C)Cn1c(N)nc2ccc(nc12)-c1nc([nH]c1-c1ccc(F)cc1)C(C)(C)C, CC(C)(C)Cn1c(N)nc2ccc(nc12)-c1nc([nH]c1-c1ccc(F)cc1)C(C)(C)C","XPPBBJCBDOEXDN-UHFFFAOYSA-N, XPPBBJCBDOEXDN-UHFFFAOYSA-N, XPPBBJCBDOEXDN-UHFFFAOYSA-N, XPPBBJCBDOEXDN-UHFFFAOYSA-N, XPPBBJCBDOEXDN-UHFFFAOYSA-N",Phase 2
LY223982,leukotriene receptor antagonist,LTB4R,,,"Cayman, Cayman",95.19,"COc1ccc(\C=C\CCCCOc2ccc(cc2CCC(O)=O)C(=O)c2cccc(c2)C(O)=O)cc1, COc1ccc(\C=C\CCCCOc2ccc(cc2CCC(O)=O)C(=O)c2cccc(c2)C(O)=O)cc1","SYZSSLLFRVDRHL-QPJJXVBHSA-N, SYZSSLLFRVDRHL-QPJJXVBHSA-N",Phase 2
LY225910,CCK receptor antagonist,CCKBR,,,"Tocris, Tocris, Tocris, Tocris, Tocris, Tocris",98.13,"CC(C)Oc1cccc(c1)-n1c(CCc2c[nH]c3ccc(Br)cc23)nc2ccccc2c1=O, CC(C)Oc1cccc(c1)-n1c(CCc2c[nH]c3ccc(Br)cc23)nc2ccccc2c1=O, CC(C)Oc1cccc(c1)-n1c(CCc2c[nH]c3ccc(Br)cc23)nc2ccccc2c1=O, CC(C)Oc1cccc(c1)-n1c(CCc2c[nH]c3ccc(Br)cc23)nc2ccccc2c1=O, CC(C)Oc1cccc(c1)-n1c(CCc2c[nH]c3ccc(Br)cc23)nc2ccccc2c1=O, CC(C)Oc1cccc(c1)-n1c(CCc2c[nH]c3ccc(Br)cc23)nc2ccccc2c1=O","KUECXUACQOYKNB-UHFFFAOYSA-N, KUECXUACQOYKNB-UHFFFAOYSA-N, KUECXUACQOYKNB-UHFFFAOYSA-N, KUECXUACQOYKNB-UHFFFAOYSA-N, KUECXUACQOYKNB-UHFFFAOYSA-N, KUECXUACQOYKNB-UHFFFAOYSA-N",Preclinical
LY231617,lipid peroxidase inhibitor,,,,"Otava, Otava",90.52,"CCNCc1cc(c(O)c(c1)C(C)(C)C)C(C)(C)C, CCNCc1cc(c(O)c(c1)C(C)(C)C)C(C)(C)C","WQNYIWJBDGLKEB-UHFFFAOYSA-N, WQNYIWJBDGLKEB-UHFFFAOYSA-N",Preclinical
LY2334737,"antitumor agent, ribonucleotide reductase inhibitor",,,,"MedChemEx, MedChemEx, MedChemEx",95.83,"CCCC(CCC)C(=O)Nc1ccn([C@@H]2O[C@H](CO)[C@@H](O)C2(F)F)c(=O)n1, CCCC(CCC)C(=O)Nc1ccn([C@@H]2O[C@H](CO)[C@@H](O)C2(F)F)c(=O)n1, CCCC(CCC)C(=O)Nc1ccn([C@@H]2O[C@H](CO)[C@@H](O)C2(F)F)c(=O)n1","MEOYFIHNRBNEPI-UXIGCNINSA-N, MEOYFIHNRBNEPI-UXIGCNINSA-N, MEOYFIHNRBNEPI-UXIGCNINSA-N",Phase 1
LY2365109,glycine transporter inhibitor,SLC6A9,,,"Tocris, Tocris",97.65,"CN(CCOc1ccc(cc1C(C)(C)C)-c1ccc2OCOc2c1)CC(O)=O, CN(CCOc1ccc(cc1C(C)(C)C)-c1ccc2OCOc2c1)CC(O)=O","FKPLJWGRBCQLTL-UHFFFAOYSA-N, FKPLJWGRBCQLTL-UHFFFAOYSA-N",Preclinical
LY2452473,androgen receptor modulator,AR,,,Sigma,82.38,CC(C)OC(=O)N[C@@H]1Cc2c(C1)c1cc(ccc1n2Cc1ccccn1)C#N,IHIWYQYVBNODSV-KRWDZBQOSA-N,Phase 2
LY2510924,CC chemokine receptor antagonist,,,,MedChemEx,97.77,[H][C@]1(CCCN=C(N)N)NC(=O)[C@H](CCCCNC(C)C)NC(=O)[C@@H](Cc2ccc(O)cc2)NC(=O)[C@H](Cc2ccccc2)NC(=O)CC[C@@H](NC(=O)CNC(=O)[C@H](Cc2ccc3ccccc3c2)NC1=O)C(=O)N[C@@H](CCCCNC(C)C)C(N)=O,IJHWVENTEFSNBC-FHYZPQNHSA-N,Phase 2
LY255283,leukotriene receptor antagonist,"LTB4R, LTB4R2",,,"Tocris, Tocris, Tocris, Tocris",97.51,"CCc1cc(C(C)=O)c(O)cc1OCCCCCC(C)(C)c1nn[nH]n1, CCc1cc(C(C)=O)c(O)cc1OCCCCCC(C)(C)c1nn[nH]n1, CCc1cc(C(C)=O)c(O)cc1OCCCCCC(C)(C)c1nn[nH]n1, CCc1cc(C(C)=O)c(O)cc1OCCCCCC(C)(C)c1nn[nH]n1","WCGXJPFHTHQNJL-UHFFFAOYSA-N, WCGXJPFHTHQNJL-UHFFFAOYSA-N, WCGXJPFHTHQNJL-UHFFFAOYSA-N, WCGXJPFHTHQNJL-UHFFFAOYSA-N",Preclinical
LY2584702,ribosomal protein inhibitor,RPS6KB1,,,"Selleck, Adooq",98.81,"Cn1cc(nc1C1CCN(CC1)c1ncnc2n[nH]cc12)-c1ccc(F)c(c1)C(F)(F)F, Cn1cc(nc1C1CCN(CC1)c1ncnc2n[nH]cc12)-c1ccc(F)c(c1)C(F)(F)F","FYXRSVDHGLUMHB-UHFFFAOYSA-N, FYXRSVDHGLUMHB-UHFFFAOYSA-N",Phase 1
LY2603618,CHK inhibitor,CHEK1,,,"Selleck, Selleck, MedChemEx, Selleck, Selleck",90.89,"Cc1cnc(NC(=O)Nc2cc(Br)c(C)cc2OC[C@@H]2CNCCO2)cn1, Cc1cnc(NC(=O)Nc2cc(Br)c(C)cc2OC[C@@H]2CNCCO2)cn1, Cc1cnc(NC(=O)Nc2cc(Br)c(C)cc2OC[C@@H]2CNCCO2)cn1, Cc1cnc(NC(=O)Nc2cc(Br)c(C)cc2OC[C@@H]2CNCCO2)cn1, Cc1cnc(NC(=O)Nc2cc(Br)c(C)cc2OC[C@@H]2CNCCO2)cn1","SYYBDNPGDKKJDU-ZDUSSCGKSA-N, SYYBDNPGDKKJDU-ZDUSSCGKSA-N, SYYBDNPGDKKJDU-ZDUSSCGKSA-N, SYYBDNPGDKKJDU-ZDUSSCGKSA-N, SYYBDNPGDKKJDU-ZDUSSCGKSA-N",Phase 2
LY2606368,CHK inhibitor,CHEK1,,,"MedChemEx, MedChemEx, MedChemEx, MedChemEx, MedChemEx",97.61,"COc1cccc(OCCCN)c1-c1cc(Nc2cnc(cn2)C#N)[nH]n1, COc1cccc(OCCCN)c1-c1cc(Nc2cnc(cn2)C#N)[nH]n1, COc1cccc(OCCCN)c1-c1cc(Nc2cnc(cn2)C#N)[nH]n1, COc1cccc(OCCCN)c1-c1cc(Nc2cnc(cn2)C#N)[nH]n1, COc1cccc(OCCCN)c1-c1cc(Nc2cnc(cn2)C#N)[nH]n1","DOTGPNHGTYJDEP-UHFFFAOYSA-N, DOTGPNHGTYJDEP-UHFFFAOYSA-N, DOTGPNHGTYJDEP-UHFFFAOYSA-N, DOTGPNHGTYJDEP-UHFFFAOYSA-N, DOTGPNHGTYJDEP-UHFFFAOYSA-N",Phase 2
LY2608204,glucokinase activator,GCK,,,"MedChemEx, MedChemEx, Selleck, Selleck, Selleck, Selleck, Selleck",97.57,"O=C(Nc1ncc(SCCN2CCCC2)s1)[C@@]1(C[C@H]1C1CCCCC1)c1ccc(cc1)S(=O)(=O)C1CC1, O=C(Nc1ncc(SCCN2CCCC2)s1)[C@@]1(C[C@H]1C1CCCCC1)c1ccc(cc1)S(=O)(=O)C1CC1, O=C(Nc1ncc(SCCN2CCCC2)s1)[C@@]1(C[C@H]1C1CCCCC1)c1ccc(cc1)S(=O)(=O)C1CC1, O=C(Nc1ncc(SCCN2CCCC2)s1)[C@@]1(C[C@H]1C1CCCCC1)c1ccc(cc1)S(=O)(=O)C1CC1, O=C(Nc1ncc(SCCN2CCCC2)s1)[C@@]1(C[C@H]1C1CCCCC1)c1ccc(cc1)S(=O)(=O)C1CC1, O=C(Nc1ncc(SCCN2CCCC2)s1)[C@@]1(C[C@H]1C1CCCCC1)c1ccc(cc1)S(=O)(=O)C1CC1, O=C(Nc1ncc(SCCN2CCCC2)s1)[C@@]1(C[C@H]1C1CCCCC1)c1ccc(cc1)S(=O)(=O)C1CC1","QIIVJLHCZUTGSD-CUBQBAPOSA-N, QIIVJLHCZUTGSD-CUBQBAPOSA-N, QIIVJLHCZUTGSD-CUBQBAPOSA-N, QIIVJLHCZUTGSD-CUBQBAPOSA-N, QIIVJLHCZUTGSD-CUBQBAPOSA-N, QIIVJLHCZUTGSD-CUBQBAPOSA-N, QIIVJLHCZUTGSD-CUBQBAPOSA-N",Phase 2
LY266097,serotonin receptor antagonist,HTR2B,,,"Tocris, Tocris, Tocris",94.88,"COc1ccc(C[C@H]2NCCc3c2[nH]c2ccc(C)cc32)c(Cl)c1OC |&1:7|, COc1ccc(C[C@H]2NCCc3c2[nH]c2ccc(C)cc32)c(Cl)c1OC |&1:7|, COc1ccc(C[C@H]2NCCc3c2[nH]c2ccc(C)cc32)c(Cl)c1OC |&1:7|","NJLHHCITDFZZSE-QGZVFWFLSA-N, NJLHHCITDFZZSE-QGZVFWFLSA-N, NJLHHCITDFZZSE-QGZVFWFLSA-N",Preclinical
LY2784544,JAK inhibitor,"JAK2, JAK3",,,"Selleck, Selleck, Selleck, Selleck, Selleck, Selleck, Selleck, Selleck, Selleck",97.67,"Cc1cc(Nc2cc(CN3CCOCC3)c3nc(C)c(Cc4ccc(Cl)cc4F)n3n2)[nH]n1, Cc1cc(Nc2cc(CN3CCOCC3)c3nc(C)c(Cc4ccc(Cl)cc4F)n3n2)[nH]n1, Cc1cc(Nc2cc(CN3CCOCC3)c3nc(C)c(Cc4ccc(Cl)cc4F)n3n2)[nH]n1, Cc1cc(Nc2cc(CN3CCOCC3)c3nc(C)c(Cc4ccc(Cl)cc4F)n3n2)[nH]n1, Cc1cc(Nc2cc(CN3CCOCC3)c3nc(C)c(Cc4ccc(Cl)cc4F)n3n2)[nH]n1, Cc1cc(Nc2cc(CN3CCOCC3)c3nc(C)c(Cc4ccc(Cl)cc4F)n3n2)[nH]n1, Cc1cc(Nc2cc(CN3CCOCC3)c3nc(C)c(Cc4ccc(Cl)cc4F)n3n2)[nH]n1, Cc1cc(Nc2cc(CN3CCOCC3)c3nc(C)c(Cc4ccc(Cl)cc4F)n3n2)[nH]n1, Cc1cc(Nc2cc(CN3CCOCC3)c3nc(C)c(Cc4ccc(Cl)cc4F)n3n2)[nH]n1","SQSZANZGUXWJEA-UHFFFAOYSA-N, SQSZANZGUXWJEA-UHFFFAOYSA-N, SQSZANZGUXWJEA-UHFFFAOYSA-N, SQSZANZGUXWJEA-UHFFFAOYSA-N, SQSZANZGUXWJEA-UHFFFAOYSA-N, SQSZANZGUXWJEA-UHFFFAOYSA-N, InChI=1S/C23H25ClFN7O/c1-14-9-21(29-28-14)27-22-11-17(13-31-5-7-33-8-6-31)23-26-15(2)20(32(23)30-22)10-16-3-4-18(24)12-19(16)25/h3-4,9,11-12H,5-8,10,13H2,1-2H3,(H2,27,28,29,30), InChI=1S/C23H25ClFN7O/c1-14-9-21(29-28-14)27-22-11-17(13-31-5-7-33-8-6-31)23-26-15(2)20(32(23)30-22)10-16-3-4-18(24)12-19(16)25/h3-4,9,11-12H,5-8,10,13H2,1-2H3,(H2,27,28,29,30), InChI=1S/C23H25ClFN7O/c1-14-9-21(29-28-14)27-22-11-17(13-31-5-7-33-8-6-31)23-26-15(2)20(32(23)30-22)10-16-3-4-18(24)12-19(16)25/h3-4,9,11-12H,5-8,10,13H2,1-2H3,(H2,27,28,29,30)",Phase 2
LY2795050,opioid receptor antagonist,,,,MedChemEx,95.77,NC(=O)c1ccc(Oc2ccc(CN3CCC[C@H]3c3cccnc3)cc2)c(Cl)c1,LOOCZNLSXJHWTG-NRFANRHFSA-N,Preclinical
LY2801653,MET inhibitor,MET,,,"MedChemEx, MedChemEx, MedChemEx, MedChemEx",99.53,"Cc1ccc(C(=O)Nc2ccc(Oc3cc4cnn(C)c4cc3-c3cn[nH]c3)c(F)c2)c(=O)n1-c1ccc(F)cc1, Cc1ccc(C(=O)Nc2ccc(Oc3cc4cnn(C)c4cc3-c3cn[nH]c3)c(F)c2)c(=O)n1-c1ccc(F)cc1, Cc1ccc(C(=O)Nc2ccc(Oc3cc4cnn(C)c4cc3-c3cn[nH]c3)c(F)c2)c(=O)n1-c1ccc(F)cc1, Cc1ccc(C(=O)Nc2ccc(Oc3cc4cnn(C)c4cc3-c3cn[nH]c3)c(F)c2)c(=O)n1-c1ccc(F)cc1","QHADVLVFMKEIIP-UHFFFAOYSA-N, QHADVLVFMKEIIP-UHFFFAOYSA-N, QHADVLVFMKEIIP-UHFFFAOYSA-N, QHADVLVFMKEIIP-UHFFFAOYSA-N",Phase 2
LY2811376,beta-secretase inhibitor,BACE1,,,"MedChemEx, Selleck, Selleck, Selleck, Selleck, Selleck",96.96,"C[C@]1(CCSC(N)=N1)c1cc(c(F)cc1F)-c1cncnc1 |c:6|, C[C@]1(CCSC(N)=N1)c1cc(c(F)cc1F)-c1cncnc1 |c:6|, C[C@]1(CCSC(N)=N1)c1cc(c(F)cc1F)-c1cncnc1 |c:6|, C[C@]1(CCSC(N)=N1)c1cc(c(F)cc1F)-c1cncnc1 |c:6|, C[C@]1(CCSC(N)=N1)c1cc(c(F)cc1F)-c1cncnc1 |c:6|, C[C@]1(CCSC(N)=N1)c1cc(c(F)cc1F)-c1cncnc1 |c:6|","MJQMRGWYPNIERM-HNNXBMFYSA-N, MJQMRGWYPNIERM-HNNXBMFYSA-N, MJQMRGWYPNIERM-HNNXBMFYSA-N, MJQMRGWYPNIERM-HNNXBMFYSA-N, MJQMRGWYPNIERM-HNNXBMFYSA-N, MJQMRGWYPNIERM-HNNXBMFYSA-N",Phase 1
LY2828360,cannabinoid receptor agonist,,,,MedChemEx,95.34,CN1CCN(CC1)c1nc(C)nc2n(C3CCOCC3)c(nc12)-c1ccccc1Cl,UCMNDPDJRSEZPL-UHFFFAOYSA-N,Phase 2
LY2857785,CDK inhibitor,CDK9,,,"MedChemEx, MedChemEx, MedChemEx",96.88,"CC(C)c1n(C)nc2ccc(cc12)-c1ccnc(N[C@H]2CC[C@@H](CC2)NC2CCOCC2)n1 |r|, CC(C)c1n(C)nc2ccc(cc12)-c1ccnc(N[C@H]2CC[C@@H](CC2)NC2CCOCC2)n1 |r|, CC(C)c1n(C)nc2ccc(cc12)-c1ccnc(N[C@H]2CC[C@@H](CC2)NC2CCOCC2)n1 |r|","LHIUZPIDLZYPRL-MXVIHJGJSA-N, LHIUZPIDLZYPRL-MXVIHJGJSA-N, LHIUZPIDLZYPRL-MXVIHJGJSA-N",Preclinical
LY2874455,FGFR antagonist,"FGFR1, FGFR2, FGFR3, FGFR4, KDR",,,"MedChemEx, MedChemEx, MedChemEx, MedChemEx, MedChemEx, MedChemEx, MedChemEx, MedChemEx",94.98,"C[C@@H](Oc1ccc2n[nH]c(\C=C\c3cnn(CCO)c3)c2c1)c1c(Cl)cncc1Cl, C[C@@H](Oc1ccc2n[nH]c(\C=C\c3cnn(CCO)c3)c2c1)c1c(Cl)cncc1Cl, C[C@@H](Oc1ccc2n[nH]c(\C=C\c3cnn(CCO)c3)c2c1)c1c(Cl)cncc1Cl, C[C@@H](Oc1ccc2n[nH]c(\C=C\c3cnn(CCO)c3)c2c1)c1c(Cl)cncc1Cl, C[C@@H](Oc1ccc2n[nH]c(\C=C\c3cnn(CCO)c3)c2c1)c1c(Cl)cncc1Cl, C[C@@H](Oc1ccc2n[nH]c(\C=C\c3cnn(CCO)c3)c2c1)c1c(Cl)cncc1Cl, C[C@@H](Oc1ccc2n[nH]c(\C=C\c3cnn(CCO)c3)c2c1)c1c(Cl)cncc1Cl, C[C@@H](Oc1ccc2n[nH]c(\C=C\c3cnn(CCO)c3)c2c1)c1c(Cl)cncc1Cl","GKJCVYLDJWTWQU-CXLRFSCWSA-N, GKJCVYLDJWTWQU-CXLRFSCWSA-N, GKJCVYLDJWTWQU-CXLRFSCWSA-N, GKJCVYLDJWTWQU-CXLRFSCWSA-N, GKJCVYLDJWTWQU-CXLRFSCWSA-N, GKJCVYLDJWTWQU-CXLRFSCWSA-N, GKJCVYLDJWTWQU-CXLRFSCWSA-N, GKJCVYLDJWTWQU-CXLRFSCWSA-N",Phase 1
LY288513,CCK receptor antagonist,CCKBR,,,"Tocris, Tocris",92.87,"Brc1ccc(NC(=O)N2NC(=O)[C@H]([C@@H]2c2ccccc2)c2ccccc2)cc1, Brc1ccc(NC(=O)N2NC(=O)[C@H]([C@@H]2c2ccccc2)c2ccccc2)cc1","LMUQHXHWJWQXSD-PMACEKPBSA-N, LMUQHXHWJWQXSD-PMACEKPBSA-N",Preclinical
LY2886721,beta-secretase inhibitor,BACE1,,,MedChemEx,99.23,NC1=N[C@]2(COC[C@H]2CS1)c1cc(NC(=O)c2ccc(F)cn2)ccc1F |t:1|,NIDRNVHMMDAAIK-YPMLDQLKSA-N,Phase 1/Phase 2
LY294002,"DNA dependent protein kinase inhibitor, mTOR inhibitor, phosphodiesterase inhibitor, PI3K inhibitor, PLK inhibitor","AKT1, CHEK1, GSK3B, LCK, MAPK1, MAPK11, MAPK12, MAPK14, MAPK8, MTOR, PIK3CA, PIK3CB, PIK3CD, PIK3CG, PIM1, PLK1, PRKCA, PRKDC, ROCK1, RPS6KB1, SGK1",,,"Selleck, Selleck, Tocris, Tocris",96.09,"O=c1cc(oc2c(cccc12)-c1ccccc1)N1CCOCC1, O=c1cc(oc2c(cccc12)-c1ccccc1)N1CCOCC1, O=c1cc(oc2c(cccc12)-c1ccccc1)N1CCOCC1, O=c1cc(oc2c(cccc12)-c1ccccc1)N1CCOCC1","CZQHHVNHHHRRDU-UHFFFAOYSA-N, CZQHHVNHHHRRDU-UHFFFAOYSA-N, CZQHHVNHHHRRDU-UHFFFAOYSA-N, CZQHHVNHHHRRDU-UHFFFAOYSA-N",Preclinical
LY2979165,glutamate receptor agonist,GRM2,,,"MedChemEx, MedChemEx, MedChemEx, MedChemEx, MedChemEx",97.2,"C[C@H](N)C(=O)N[C@]1(C[C@@H](Sc2nnc[nH]2)[C@H]2[C@@H]([C@@H]12)C(O)=O)C(O)=O, C[C@H](N)C(=O)N[C@]1(C[C@@H](Sc2nnc[nH]2)[C@H]2[C@@H]([C@@H]12)C(O)=O)C(O)=O, C[C@H](N)C(=O)N[C@]1(C[C@@H](Sc2nnc[nH]2)[C@H]2[C@@H]([C@@H]12)C(O)=O)C(O)=O, C[C@H](N)C(=O)N[C@]1(C[C@@H](Sc2nnc[nH]2)[C@H]2[C@@H]([C@@H]12)C(O)=O)C(O)=O, C[C@H](N)C(=O)N[C@]1(C[C@@H](Sc2nnc[nH]2)[C@H]2[C@@H]([C@@H]12)C(O)=O)C(O)=O","BBGHHIUQOKQCBW-LDZWZCGGSA-N, BBGHHIUQOKQCBW-LDZWZCGGSA-N, BBGHHIUQOKQCBW-LDZWZCGGSA-N, BBGHHIUQOKQCBW-LDZWZCGGSA-N, BBGHHIUQOKQCBW-LDZWZCGGSA-N",Phase 1
LY3000328,cathepsin inhibitor,CTSS,,,"MedChemEx, MedChemEx, MedChemEx",96.06,"CNC(=O)O[C@H]1COc2ccc(cc2[C@@H]1NC(=O)c1ccc(F)cc1)N1CCN(CC1)C1COC1, CNC(=O)O[C@H]1COc2ccc(cc2[C@@H]1NC(=O)c1ccc(F)cc1)N1CCN(CC1)C1COC1, CNC(=O)O[C@H]1COc2ccc(cc2[C@@H]1NC(=O)c1ccc(F)cc1)N1CCN(CC1)C1COC1","NDEBZCZEAVMSQF-GOTSBHOMSA-N, NDEBZCZEAVMSQF-GOTSBHOMSA-N, NDEBZCZEAVMSQF-GOTSBHOMSA-N",Phase 1
LY3009120,RAF inhibitor,"BRAF, RAF1",,,"MedChemEx, MedChemEx, Selleck",95.74,"CNc1ncc2cc(c(C)nc2n1)-c1cc(NC(=O)NCCC(C)(C)C)c(F)cc1C, CNc1ncc2cc(c(C)nc2n1)-c1cc(NC(=O)NCCC(C)(C)C)c(F)cc1C, CNc1ncc2cc(c(C)nc2n1)-c1cc(NC(=O)NCCC(C)(C)C)c(F)cc1C","HHCBMISMPSAZBF-UHFFFAOYSA-N, HHCBMISMPSAZBF-UHFFFAOYSA-N, HHCBMISMPSAZBF-UHFFFAOYSA-N",Phase 1
LY3023414,"mTOR inhibitor, PI3K inhibitor",MTOR,,,"MedChemEx, MedChemEx, MedChemEx",96.66,"CO[C@@H](C)Cn1c2c(cnc3ccc(cc23)-c2cncc(c2)C(C)(C)O)n(C)c1=O, CO[C@@H](C)Cn1c2c(cnc3ccc(cc23)-c2cncc(c2)C(C)(C)O)n(C)c1=O, CO[C@@H](C)Cn1c2c(cnc3ccc(cc23)-c2cncc(c2)C(C)(C)O)n(C)c1=O","ACCFLVVUVBJNGT-AWEZNQCLSA-N, ACCFLVVUVBJNGT-AWEZNQCLSA-N, ACCFLVVUVBJNGT-AWEZNQCLSA-N",Phase 2
LY303511,"casein kinase inhibitor, mTOR inhibitor, PI3K inhibitor","BRD2, BRD3, BRD4",,,"Tocris, Tocris, Tocris, Tocris, Tocris, Tocris, Tocris, Tocris",95.98,"O=c1cc(oc2c(cccc12)-c1ccccc1)N1CCNCC1, O=c1cc(oc2c(cccc12)-c1ccccc1)N1CCNCC1, O=c1cc(oc2c(cccc12)-c1ccccc1)N1CCNCC1, O=c1cc(oc2c(cccc12)-c1ccccc1)N1CCNCC1, O=c1cc(oc2c(cccc12)-c1ccccc1)N1CCNCC1, O=c1cc(oc2c(cccc12)-c1ccccc1)N1CCNCC1, O=c1cc(oc2c(cccc12)-c1ccccc1)N1CCNCC1, O=c1cc(oc2c(cccc12)-c1ccccc1)N1CCNCC1","NGAGMBNBKCDCDJ-UHFFFAOYSA-N, NGAGMBNBKCDCDJ-UHFFFAOYSA-N, NGAGMBNBKCDCDJ-UHFFFAOYSA-N, NGAGMBNBKCDCDJ-UHFFFAOYSA-N, NGAGMBNBKCDCDJ-UHFFFAOYSA-N, NGAGMBNBKCDCDJ-UHFFFAOYSA-N, NGAGMBNBKCDCDJ-UHFFFAOYSA-N, NGAGMBNBKCDCDJ-UHFFFAOYSA-N",Preclinical
LY310762,serotonin receptor antagonist,HTR1D,,,"MedChemEx, MedChemEx, MedChemEx, MedChemEx",97.19,"CC1(C)C(=O)N(CCN2CCC(CC2)C(=O)c2ccc(F)cc2)c2ccccc12, CC1(C)C(=O)N(CCN2CCC(CC2)C(=O)c2ccc(F)cc2)c2ccccc12, CC1(C)C(=O)N(CCN2CCC(CC2)C(=O)c2ccc(F)cc2)c2ccccc12, CC1(C)C(=O)N(CCN2CCC(CC2)C(=O)c2ccc(F)cc2)c2ccccc12","KDXISMANFPJVJY-UHFFFAOYSA-N, KDXISMANFPJVJY-UHFFFAOYSA-N, KDXISMANFPJVJY-UHFFFAOYSA-N, KDXISMANFPJVJY-UHFFFAOYSA-N",Preclinical
LY311727,phospholipase inhibitor,,,,Sigma,91.26,CCc1c(CC(N)=O)c2cc(OCCCP(O)(O)=O)ccc2n1Cc1ccccc1,OPWQYOUZRHDKBR-UHFFFAOYSA-N,Preclinical
LY3200882,TGF beta receptor inhibitor,,,,MedChemEx,97.88,CC(C)(O)c1cc(Nc2cc(Oc3cn(nc3C3CCOCC3)C3CC3)ccn2)ccn1,PNPFMWIDAKQFPY-UHFFFAOYSA-N,Phase 1
LY320135,cannabinoid receptor antagonist,CNR1,,,"Tocris, Tocris, Tocris",98.54,"COc1ccc(cc1)-c1oc2cc(OC)ccc2c1C(=O)c1ccc(cc1)C#N, COc1ccc(cc1)-c1oc2cc(OC)ccc2c1C(=O)c1ccc(cc1)C#N, COc1ccc(cc1)-c1oc2cc(OC)ccc2c1C(=O)c1ccc(cc1)C#N","RYNSGDFWBJWWSZ-UHFFFAOYSA-N, RYNSGDFWBJWWSZ-UHFFFAOYSA-N, RYNSGDFWBJWWSZ-UHFFFAOYSA-N",Preclinical
LY3214996,ERK inhibitor,,,,MedChemEx,95.21,Cn1nccc1Nc1nccc(n1)-c1cc2C(=O)N(CCN3CCOCC3)C(C)(C)c2s1,JNPRPMBJODOFEC-UHFFFAOYSA-N,Phase 1
LY3295668,Aurora kinase inhibitor,,,,MedChemEx,86.53,C[C@@H]1C[C@@](Cc2nc(Nc3cc(C)[nH]n3)ccc2F)(CCN1Cc1cccc(Cl)c1F)C(O)=O,YQQZZYYQTCPEAS-OYLFLEFRSA-N,Phase 1/Phase 2
LY334370,serotonin receptor agonist,,,,MedChemEx,96.67,CN1CCC(CC1)c1c[nH]c2ccc(NC(=O)c3ccc(F)cc3)cc12,MDMJLMDBRQXOOI-UHFFFAOYSA-N,Preclinical
LY344864,serotonin receptor agonist,"HTR1A, HTR1B, HTR1D, HTR1E, HTR1F, HTR2A, HTR2B, HTR2C, HTR7",,,"Tocris, Tocris, Tocris",88.86,"CN(C)[C@@H]1CCc2[nH]c3ccc(NC(=O)c4ccc(F)cc4)cc3c2C1, CN(C)[C@@H]1CCc2[nH]c3ccc(NC(=O)c4ccc(F)cc4)cc3c2C1, CN(C)[C@@H]1CCc2[nH]c3ccc(NC(=O)c4ccc(F)cc4)cc3c2C1","GKWHICIUSVVNGX-MRXNPFEDSA-N, GKWHICIUSVVNGX-MRXNPFEDSA-N, GKWHICIUSVVNGX-MRXNPFEDSA-N",Preclinical
LY364947,"p38 MAPK inhibitor, TGF beta receptor inhibitor",TGFBR1,,,"Tocris, Tocris, Tocris, Tocris, Selleck, Tocris",98.09,"c1[nH]nc(c1-c1ccnc2ccccc12)-c1ccccn1, c1[nH]nc(c1-c1ccnc2ccccc12)-c1ccccn1, c1[nH]nc(c1-c1ccnc2ccccc12)-c1ccccn1, c1[nH]nc(c1-c1ccnc2ccccc12)-c1ccccn1, c1[nH]nc(c1-c1ccnc2ccccc12)-c1ccccn1, c1[nH]nc(c1-c1ccnc2ccccc12)-c1ccccn1","IBCXZJCWDGCXQT-UHFFFAOYSA-N, IBCXZJCWDGCXQT-UHFFFAOYSA-N, IBCXZJCWDGCXQT-UHFFFAOYSA-N, IBCXZJCWDGCXQT-UHFFFAOYSA-N, IBCXZJCWDGCXQT-UHFFFAOYSA-N, IBCXZJCWDGCXQT-UHFFFAOYSA-N",Preclinical
LY393558,serotonin receptor antagonist,"HTR1B, HTR1D, HTR2A, HTR2B",,,"Tocris, Tocris",66.97,"CC(C)N1Cc2cc(ccc2N(CCN2CCC(=CC2)c2c[nH]c3cc(F)ccc23)S1(=O)=O)S(C)(=O)=O |c:18|, CC(C)N1Cc2cc(ccc2N(CCN2CCC(=CC2)c2c[nH]c3cc(F)ccc23)S1(=O)=O)S(C)(=O)=O |c:18|","QUSLYAPLTMMCFE-UHFFFAOYSA-N, QUSLYAPLTMMCFE-UHFFFAOYSA-N",Preclinical
LY404187,glutamate receptor positive allosteric modulator,"GRIA1, GRIA2, GRIA3, GRIA4",,,"Tocris, Tocris",94.79,"CC(C)S(=O)(=O)NC[C@H](C)c1ccc(cc1)-c1ccc(cc1)C#N |&1:8,r|, CC(C)S(=O)(=O)NC[C@H](C)c1ccc(cc1)-c1ccc(cc1)C#N |&1:8,r|","HOQAVGZLYRYHSO-HNNXBMFYSA-N, HOQAVGZLYRYHSO-HNNXBMFYSA-N",Preclinical
LY411575,gamma secretase inhibitor,,,,"MedChemEx, Selleck",97.7,"C[C@H](NC(=O)[C@@H](O)c1cc(F)cc(F)c1)C(=O)N[C@H]1c2ccccc2-c2ccccc2N(C)C1=O, C[C@H](NC(=O)[C@@H](O)c1cc(F)cc(F)c1)C(=O)N[C@H]1c2ccccc2-c2ccccc2N(C)C1=O","ULSSJYNJIZWPSB-CVRXJBIPSA-N, ULSSJYNJIZWPSB-CVRXJBIPSA-N",Preclinical
LY450108,glutamate receptor modulator,,,,"MedChemEx, MedChemEx",94.81,"CC(C)S(=O)(=O)NC[C@H](C)c1ccc(NC(=O)c2cc(F)cc(F)c2)cc1, CC(C)S(=O)(=O)NC[C@H](C)c1ccc(NC(=O)c2cc(F)cc(F)c2)cc1","ACOXQYLJOQAHST-ZDUSSCGKSA-N, ACOXQYLJOQAHST-ZDUSSCGKSA-N",Phase 1
LY456236,glutamate receptor antagonist,GRM1,,,"Tocris, Tocris, Tocris, Tocris",97.15,"COc1ccc(Nc2ncnc3ccc(OC)cc23)cc1, COc1ccc(Nc2ncnc3ccc(OC)cc23)cc1, COc1ccc(Nc2ncnc3ccc(OC)cc23)cc1, COc1ccc(Nc2ncnc3ccc(OC)cc23)cc1","XPJOMFBGKIABQW-UHFFFAOYSA-N, XPJOMFBGKIABQW-UHFFFAOYSA-N, XPJOMFBGKIABQW-UHFFFAOYSA-N, XPJOMFBGKIABQW-UHFFFAOYSA-N",Preclinical
m-chlorophenylbiguanide,serotonin receptor agonist,"HTR3A, HTR3B",,,"Tocris, Tocris",96.25,"NC(N)=NC(=N)Nc1cccc(Cl)c1, NC(N)=NC(=N)Nc1cccc(Cl)c1","DIHXJZHAIHGSAW-UHFFFAOYSA-N, DIHXJZHAIHGSAW-UHFFFAOYSA-N",Preclinical
m-THP,,,,,FrontierSci,88.76,Oc1cccc(c1)-c1c2ccc(n2)c(-c2cccc(O)c2)c2ccc([nH]2)c(-c2cccc(O)c2)c2ccc([nH]2)c(-c2cccc(O)c2)c2ccc1n2,XAEPFBXVLMACNN-LWQDQPMZSA-N,Phase 1
M-14157,ATP-sensitive potassium channel antagonist,KCNQ1,,,Enzo,0,CCCCCC(O)CCCC(O)=O,LMHJFKYQYDSOQO-UHFFFAOYSA-N,Phase 2
M-25,smoothened receptor antagonist,"DHH, IHH, SMO",,,"Tocris, Tocris",98.59,"CCCC(CCC)C(=O)NCc1ccc2n(ncc2c1)-c1ccccc1OC, CCCC(CCC)C(=O)NCc1ccc2n(ncc2c1)-c1ccccc1OC","WATNXVHKRRTUFK-UHFFFAOYSA-N, WATNXVHKRRTUFK-UHFFFAOYSA-N",Preclinical
m-3M3FBS,phospholipase activator,"PLCB2, PLCB3, PLCD1, PLCG1, PLCG2",,,"Tocris, Tocris",98.86,"Cc1cc(C)c(c(C)c1)S(=O)(=O)Nc1cccc(c1)C(F)(F)F, Cc1cc(C)c(c(C)c1)S(=O)(=O)Nc1cccc(c1)C(F)(F)F","ZIIUUSVHCHPIQD-UHFFFAOYSA-N, ZIIUUSVHCHPIQD-UHFFFAOYSA-N",Preclinical
M-344,HDAC inhibitor,HDAC8,,,"Tocris, Tocris, Selleck, Selleck",97.25,"CN(C)c1ccc(cc1)C(=O)NCCCCCCC(=O)NO, CN(C)c1ccc(cc1)C(=O)NCCCCCCC(=O)NO, CN(C)c1ccc(cc1)C(=O)NCCCCCCC(=O)NO, CN(C)c1ccc(cc1)C(=O)NCCCCCCC(=O)NO","MXWDSZWTBOCWBK-UHFFFAOYSA-N, MXWDSZWTBOCWBK-UHFFFAOYSA-N, MXWDSZWTBOCWBK-UHFFFAOYSA-N, MXWDSZWTBOCWBK-UHFFFAOYSA-N",Preclinical
mabuprofen,cyclooxygenase inhibitor,,neurology/psychiatry,pain relief,"Enamine, Enamine, Enamine",91.14,"CC(C)Cc1ccc(cc1)[C@@H](C)C(=O)NCCO |&1:10,r|, CC(C)Cc1ccc(cc1)[C@@H](C)C(=O)NCCO |&1:10,r|, CC(C)Cc1ccc(cc1)[C@@H](C)C(=O)NCCO |&1:10,r|","JVGUNCHERKJFCM-GFCCVEGCSA-N, JVGUNCHERKJFCM-GFCCVEGCSA-N, JVGUNCHERKJFCM-GFCCVEGCSA-N",Launched
mabuterol,adrenergic receptor agonist,ADRB2,pulmonary,asthma,Sigma,98.26,CC(C)(C)NC[C@@H](O)c1cc(Cl)c(N)c(c1)C(F)(F)F |&1:6|,JSJCTEKTBOKRST-SNVBAGLBSA-N,Launched
macelignan,"anti-inflammatory agent, antioxidant",,,,MedChemEx,97.67,COc1cc(C[C@H](C)[C@H](C)Cc2ccc3OCOc3c2)ccc1O,QDDILOVMGWUNGD-UONOGXRCSA-N,Preclinical
macitentan,endothelin receptor antagonist,"EDNRA, EDNRB",endocrinology,contraceptive,"Selleck, MedChemEx, Selleck, Selleck, Selleck, Selleck, Selleck, Selleck",95.48,"CCCNS(=O)(=O)Nc1ncnc(OCCOc2ncc(Br)cn2)c1-c1ccc(Br)cc1, CCCNS(=O)(=O)Nc1ncnc(OCCOc2ncc(Br)cn2)c1-c1ccc(Br)cc1, CCCNS(=O)(=O)Nc1ncnc(OCCOc2ncc(Br)cn2)c1-c1ccc(Br)cc1, CCCNS(=O)(=O)Nc1ncnc(OCCOc2ncc(Br)cn2)c1-c1ccc(Br)cc1, CCCNS(=O)(=O)Nc1ncnc(OCCOc2ncc(Br)cn2)c1-c1ccc(Br)cc1, CCCNS(=O)(=O)Nc1ncnc(OCCOc2ncc(Br)cn2)c1-c1ccc(Br)cc1, CCCNS(=O)(=O)Nc1ncnc(OCCOc2ncc(Br)cn2)c1-c1ccc(Br)cc1, CCCNS(=O)(=O)Nc1ncnc(OCCOc2ncc(Br)cn2)c1-c1ccc(Br)cc1","JGCMEBMXRHSZKX-UHFFFAOYSA-N, JGCMEBMXRHSZKX-UHFFFAOYSA-N, JGCMEBMXRHSZKX-UHFFFAOYSA-N, JGCMEBMXRHSZKX-UHFFFAOYSA-N, JGCMEBMXRHSZKX-UHFFFAOYSA-N, JGCMEBMXRHSZKX-UHFFFAOYSA-N, JGCMEBMXRHSZKX-UHFFFAOYSA-N, JGCMEBMXRHSZKX-UHFFFAOYSA-N",Launched
macitentan-n-butyl-analogue,endothelin receptor antagonist,,,,MedChemEx,96.96,CCCCS(=O)(=O)Nc1ncnc(OCCOc2ncc(Br)cn2)c1-c1ccc(Br)cc1,OZBDTKLWBSATSN-UHFFFAOYSA-N,Preclinical
macozinone,DPRE1 inhibitor,,,,MedChemEx,91.6,[O-][N+](=O)c1cc(cc2c1sc(nc2=O)N1CCN(CC2CCCCC2)CC1)C(F)(F)F,BJDZBXGJNBMCAV-UHFFFAOYSA-N,Preclinical
madecassoside,anti-inflammatory agent,,,,MedChemEx,74.02,[H][C@]12CC=C3[C@]4([H])[C@@H](C)[C@H](C)CC[C@@]4(CC[C@@]3(C)[C@]1(C)C[C@@H](O)[C@@]1([H])[C@](C)(CO)[C@@H](O)[C@H](O)C[C@]21C)C(=O)O[C@@H]1O[C@H](CO[C@@H]2O[C@H](CO)[C@@H](O[C@@H]3O[C@@H](C)[C@H](O)[C@@H](O)[C@H]3O)[C@H](O)[C@H]2O)[C@@H](O)[C@H](O)[C@H]1O |t:3|,BNMGUJRJUUDLHW-HCZMHFOYSA-N,Preclinical
madrasin,cell splicing inhibitor,,,,"PrincetonBio, PrincetonBio, PrincetonBio, PrincetonBio, PrincetonBio",96.14,"COc1ccc2c(C)nc(Nc3nc(=O)c(C)c(C)[nH]3)nc2c1, COc1ccc2c(C)nc(Nc3nc(=O)c(C)c(C)[nH]3)nc2c1, COc1ccc2c(C)nc(Nc3nc(=O)c(C)c(C)[nH]3)nc2c1, COc1ccc2c(C)nc(Nc3nc(=O)c(C)c(C)[nH]3)nc2c1, COc1ccc2c(C)nc(Nc3nc(=O)c(C)c(C)[nH]3)nc2c1","QQJIYKXTEMDJFM-UHFFFAOYSA-N, QQJIYKXTEMDJFM-UHFFFAOYSA-N, QQJIYKXTEMDJFM-UHFFFAOYSA-N, QQJIYKXTEMDJFM-UHFFFAOYSA-N, QQJIYKXTEMDJFM-UHFFFAOYSA-N",Preclinical
mafenide,carbonic anhydrase inhibitor,"CA12, CA14, CA2, CA4, CA6, CA9",infectious disease,"first-aid antibiotic, skin infections","MedChemEx, MicroSource",100,"NCc1ccc(cc1)S(N)(=O)=O, NCc1ccc(cc1)S(N)(=O)=O","TYMRLRRVMHJFTF-UHFFFAOYSA-N, TYMRLRRVMHJFTF-UHFFFAOYSA-N",Launched
magnolol,PPAR receptor agonist,"GABRA1, PPARG",,,"Selleck, Selleck",98,"Oc1ccc(CC=C)cc1-c1cc(CC=C)ccc1O, Oc1ccc(CC=C)cc1-c1cc(CC=C)ccc1O","VVOAZFWZEDHOOU-UHFFFAOYSA-N, VVOAZFWZEDHOOU-UHFFFAOYSA-N",Preclinical
malathion,cholinesterase inhibitor,ACHE,infectious disease,lice,"MedChemEx, MedChemEx, MicroSource, MedChemEx",78.47,"CCOC(=O)C[C@@H](SP(=S)(OC)OC)C(=O)OCC |&1:6,r|, CCOC(=O)C[C@@H](SP(=S)(OC)OC)C(=O)OCC |&1:6,r|, CCOC(=O)C[C@@H](SP(=S)(OC)OC)C(=O)OCC |&1:6,r|, CCOC(=O)C[C@@H](SP(=S)(OC)OC)C(=O)OCC |&1:6,r|","JXSJBGJIGXNWCI-MRVPVSSYSA-N, JXSJBGJIGXNWCI-MRVPVSSYSA-N, JXSJBGJIGXNWCI-MRVPVSSYSA-N, JXSJBGJIGXNWCI-MRVPVSSYSA-N",Launched
malic-acid,,PKD2L1,,,"Enamine, Enamine",100,"O[C@@H](CC(O)=O)C(O)=O |&1:1,r|, O[C@@H](CC(O)=O)C(O)=O |&1:1,r|","BJEPYKJPYRNKOW-REOHCLBHSA-N, BJEPYKJPYRNKOW-REOHCLBHSA-N",Launched
malotilate,protein synthesis stimulant,,gastroenterology,hepatic cirrhosis,"MedChemEx, Selleck",96.64,"CC(C)OC(=O)C(C(=O)OC(C)C)=C1SC=CS1 |c:15|, CC(C)OC(=O)C(C(=O)OC(C)C)=C1SC=CS1 |c:15|","YPIQVCUJEKAZCP-UHFFFAOYSA-N, YPIQVCUJEKAZCP-UHFFFAOYSA-N",Launched
maltobionic-acid,matrix metalloprotease inhibitor,,dermatology,cosmetic,"CombiBlocks, CombiBlocks, CombiBlocks, CombiBlocks",100,"OC[C@@H](O)[C@@H](O[C@@H]1O[C@H](CO)[C@H](O)[C@H](O)[C@H]1O)[C@H](O)[C@@H](O)C(O)=O, OC[C@@H](O)[C@@H](O[C@@H]1O[C@H](CO)[C@H](O)[C@H](O)[C@H]1O)[C@H](O)[C@@H](O)C(O)=O, OC[C@@H](O)[C@@H](O[C@@H]1O[C@H](CO)[C@H](O)[C@H](O)[C@H]1O)[C@H](O)[C@@H](O)C(O)=O, OC[C@@H](O)[C@@H](O[C@@H]1O[C@H](CO)[C@H](O)[C@H](O)[C@H]1O)[C@H](O)[C@@H](O)C(O)=O","JYTUSYBCFIZPBE-AMTLMPIISA-N, JYTUSYBCFIZPBE-AMTLMPIISA-N, JYTUSYBCFIZPBE-AMTLMPIISA-N, JYTUSYBCFIZPBE-AMTLMPIISA-N",Launched
mandelic-acid,,,,,"Enamine, MedChemEx",97.99,"O[C@@H](C(O)=O)c1ccccc1 |&1:1,r|, O[C@@H](C(O)=O)c1ccccc1 |&1:1,r|","IWYDHOAUDWTVEP-SSDOTTSWSA-N, IWYDHOAUDWTVEP-SSDOTTSWSA-N",Launched
mangafodipir,contrast agent,,radiology,contrast agent,"MicroSource, MedChemEx, MedChemEx",0,"Cc1nc(COP(O)(O)=O)cc2CN(CC(O)=O)CCN(CC(O)=O)Cc3cc(COP(O)(O)=O)nc(C)c3O[Mn]Oc12, Cc1nc(COP(O)(O)=O)cc2CN(CC(O)=O)CCN(CC(O)=O)Cc3cc(COP(O)(O)=O)nc(C)c3O[Mn]Oc12, Cc1nc(COP(O)(O)=O)cc2CN(CC(O)=O)CCN(CC(O)=O)Cc3cc(COP(O)(O)=O)nc(C)c3O[Mn]Oc12","CXFKOLCMCRBYPL-UHFFFAOYSA-L, CXFKOLCMCRBYPL-UHFFFAOYSA-L, CXFKOLCMCRBYPL-UHFFFAOYSA-L",Launched
manidipine,calcium channel blocker,"CACNA1C, CACNA1D",cardiology,hypertension,"Selleck, Selleck",96.11,"COC(=O)C1=C(C)NC(C)=C([C@@H]1c1cccc(c1)[N+]([O-])=O)C(=O)OCCN1CCN(CC1)C(c1ccccc1)c1ccccc1 |r,c:4,9|, COC(=O)C1=C(C)NC(C)=C([C@@H]1c1cccc(c1)[N+]([O-])=O)C(=O)OCCN1CCN(CC1)C(c1ccccc1)c1ccccc1 |r,c:4,9|","ANEBWFXPVPTEET-JGCGQSQUSA-N, ANEBWFXPVPTEET-JGCGQSQUSA-N",Launched
manitimus,dehydrogenase inhibitor,,,,MedChemEx,92.37,"FC(F)(F)c1ccc(NC(=O)[C@H](C#N)C(=O)CCC#C)cc1 |&1:11,r|",MYMWDZLPEPMSCN-GFCCVEGCSA-N,Preclinical
mannitol-D,diuretic,,"neurology/psychiatry, ophthalmology, gastroenterology","intracranial pressure, intraocular pressure, constipation","Selleck, Selleck",100,"OC[C@@H](O)[C@@H](O)[C@H](O)[C@H](O)CO, OC[C@@H](O)[C@@H](O)[C@H](O)[C@H](O)CO","FBPFZTCFMRRESA-KVTDHHQDSA-N, FBPFZTCFMRRESA-KVTDHHQDSA-N",Launched
maprotiline,"norepinephrine reputake inhibitor, tricyclic antidepressant",SLC6A2,neurology/psychiatry,"depression, dysthymic disorder","Tocris, Tocris",98.66,"CNCCC[C@@]12CC[C@@H](c3ccccc13)c1ccccc21 |r|, CNCCC[C@@]12CC[C@@H](c3ccccc13)c1ccccc21 |r|","QSLMDECMDJKHMQ-GSXCWMCISA-N, QSLMDECMDJKHMQ-GSXCWMCISA-N",Launched
maraviroc,CC chemokine receptor antagonist,CCR5,infectious disease,human immunodeficiency virus (HIV-1),Tocris,93.43,CC(C)c1nnc(C)n1[C@H]1C[C@@H]2CC[C@H](C1)N2CC[C@H](NC(=O)C1CCC(F)(F)CC1)c1ccccc1,GSNHKUDZZFZSJB-QYOOZWMWSA-N,Launched
marbofloxacin,bacterial DNA gyrase inhibitor,,infectious disease,gram-negative bacterial infections,"MicroSource, Selleck, Selleck, Selleck, Selleck, Selleck, Selleck",99.41,"CN1CCN(CC1)c1c(F)cc2c3c1OCN(C)n3cc(C(O)=O)c2=O, CN1CCN(CC1)c1c(F)cc2c3c1OCN(C)n3cc(C(O)=O)c2=O, CN1CCN(CC1)c1c(F)cc2c3c1OCN(C)n3cc(C(O)=O)c2=O, CN1CCN(CC1)c1c(F)cc2c3c1OCN(C)n3cc(C(O)=O)c2=O, CN1CCN(CC1)c1c(F)cc2c3c1OCN(C)n3cc(C(O)=O)c2=O, CN1CCN(CC1)c1c(F)cc2c3c1OCN(C)n3cc(C(O)=O)c2=O, CN1CCN(CC1)c1c(F)cc2c3c1OCN(C)n3cc(C(O)=O)c2=O","BPFYOAJNDMUVBL-UHFFFAOYSA-N, BPFYOAJNDMUVBL-UHFFFAOYSA-N, BPFYOAJNDMUVBL-UHFFFAOYSA-N, BPFYOAJNDMUVBL-UHFFFAOYSA-N, BPFYOAJNDMUVBL-UHFFFAOYSA-N, BPFYOAJNDMUVBL-UHFFFAOYSA-N, BPFYOAJNDMUVBL-UHFFFAOYSA-N",Launched
maribavir,"cytomegalovirus inhibitor, protein kinase inhibitor",PYGM,,,"MedChemEx, MedChemEx, MedChemEx",96.75,"CC(C)Nc1nc2cc(Cl)c(Cl)cc2n1[C@H]1O[C@@H](CO)[C@H](O)[C@@H]1O, CC(C)Nc1nc2cc(Cl)c(Cl)cc2n1[C@H]1O[C@@H](CO)[C@H](O)[C@@H]1O, CC(C)Nc1nc2cc(Cl)c(Cl)cc2n1[C@H]1O[C@@H](CO)[C@H](O)[C@@H]1O","KJFBVJALEQWJBS-XUXIUFHCSA-N, KJFBVJALEQWJBS-XUXIUFHCSA-N, KJFBVJALEQWJBS-XUXIUFHCSA-N",Phase 3
marimastat,matrix metalloprotease inhibitor,"MMP1, MMP10, MMP11, MMP12, MMP13, MMP14, MMP15, MMP16, MMP17, MMP19, MMP2, MMP20, MMP21, MMP23A, MMP24, MMP25, MMP26, MMP27, MMP28, MMP3, MMP7, MMP8, MMP9",,,"MedChemEx, MedChemEx, MedChemEx, MedChemEx, EMDBio",94.62,"CNC(=O)[C@@H](NC(=O)[C@H](CC(C)C)[C@H](O)C(=O)NO)C(C)(C)C, CNC(=O)[C@@H](NC(=O)[C@H](CC(C)C)[C@H](O)C(=O)NO)C(C)(C)C, CNC(=O)[C@@H](NC(=O)[C@H](CC(C)C)[C@H](O)C(=O)NO)C(C)(C)C, CNC(=O)[C@@H](NC(=O)[C@H](CC(C)C)[C@H](O)C(=O)NO)C(C)(C)C, CNC(=O)[C@@H](NC(=O)[C@H](CC(C)C)[C@H](O)C(=O)NO)C(C)(C)C","OCSMOTCMPXTDND-OUAUKWLOSA-N, OCSMOTCMPXTDND-OUAUKWLOSA-N, OCSMOTCMPXTDND-OUAUKWLOSA-N, OCSMOTCMPXTDND-OUAUKWLOSA-N, InChI=1S/C15H29N3O5/c1-8(2)7-9(10(19)13(21)18-23)12(20)17-11(14(22)16-6)15(3,4)5/h8-11,19,23H,7H2,1-6H3,(H,16,22)(H,17,20)(H,18,21)/t9-,10+,11-/m1/s1",Phase 3
maropitant,neurokinin receptor antagonist,TACR1,gastroenterology,vomiting,"MedChemEx, MedChemEx",97.11,"COc1ccc(cc1CN[C@H]1C2CCN(CC2)[C@H]1C(c1ccccc1)c1ccccc1)C(C)(C)C, COc1ccc(cc1CN[C@H]1C2CCN(CC2)[C@H]1C(c1ccccc1)c1ccccc1)C(C)(C)C","OMPCVMLFFSQFIX-CONSDPRKSA-N, OMPCVMLFFSQFIX-CONSDPRKSA-N",Launched
masitinib,"KIT inhibitor, PDGFR tyrosine kinase receptor inhibitor, SRC inhibitor","FGFR3, KIT, PDGFRA, PDGFRB",dermatology,mastocytoma,"Selleck, Selleck, Selleck, Selleck, Selleck, Selleck",94.17,"CN1CCN(Cc2ccc(cc2)C(=O)Nc2ccc(C)c(Nc3nc(cs3)-c3cccnc3)c2)CC1, CN1CCN(Cc2ccc(cc2)C(=O)Nc2ccc(C)c(Nc3nc(cs3)-c3cccnc3)c2)CC1, CN1CCN(Cc2ccc(cc2)C(=O)Nc2ccc(C)c(Nc3nc(cs3)-c3cccnc3)c2)CC1, CN1CCN(Cc2ccc(cc2)C(=O)Nc2ccc(C)c(Nc3nc(cs3)-c3cccnc3)c2)CC1, CN1CCN(Cc2ccc(cc2)C(=O)Nc2ccc(C)c(Nc3nc(cs3)-c3cccnc3)c2)CC1, CN1CCN(Cc2ccc(cc2)C(=O)Nc2ccc(C)c(Nc3nc(cs3)-c3cccnc3)c2)CC1","WJEOLQLKVOPQFV-UHFFFAOYSA-N, WJEOLQLKVOPQFV-UHFFFAOYSA-N, WJEOLQLKVOPQFV-UHFFFAOYSA-N, WJEOLQLKVOPQFV-UHFFFAOYSA-N, WJEOLQLKVOPQFV-UHFFFAOYSA-N, WJEOLQLKVOPQFV-UHFFFAOYSA-N",Launched
masoprocol,lipoxygenase inhibitor,ALOX5,dermatology,actinic keratosis (AK),"Enzo, Enzo, Enzo, MedChemEx",97.16,"C[C@@H](Cc1ccc(O)c(O)c1)[C@@H](C)Cc1ccc(O)c(O)c1 |&1:1,&2:11,r|, C[C@@H](Cc1ccc(O)c(O)c1)[C@@H](C)Cc1ccc(O)c(O)c1 |&1:1,&2:11,r|, C[C@@H](Cc1ccc(O)c(O)c1)[C@@H](C)Cc1ccc(O)c(O)c1 |&1:1,&2:11,r|, C[C@@H](Cc1ccc(O)c(O)c1)[C@@H](C)Cc1ccc(O)c(O)c1 |&1:1,&2:11,r|","HCZKYJDFEPMADG-RYUDHWBXSA-N, HCZKYJDFEPMADG-RYUDHWBXSA-N, HCZKYJDFEPMADG-RYUDHWBXSA-N, HCZKYJDFEPMADG-RYUDHWBXSA-N",Launched
matrine,opioid receptor agonist,OPRK1,,,Selleck,91.99,O=C1CCC[C@@H]2[C@H]3CCCN4CCC[C@@H](CN12)[C@@H]34,ZSBXGIUJOOQZMP-JLNYLFASSA-N,Phase 2
mavacamten,myosin inhibitor ,,,,MedChemEx,95.99,CC(C)n1c(=O)cc(N[C@@H](C)c2ccccc2)[nH]c1=O,RLCLASQCAPXVLM-NSHDSACASA-N,Phase 3
mavatrep,transient receptor potential channel antagonist,,,,MedChemEx,99.07,CC(C)(O)c1ccccc1-c1ccc2nc(\C=C\c3ccc(cc3)C(F)(F)F)[nH]c2c1,ORDHXXHTBUZRCN-NTEUORMPSA-N,Preclinical
mavoglurant,glutamate receptor antagonist,GRM5,,,"MedChemEx, MedChemEx",93,"COC(=O)N1CC[C@@H]2[C@H]1CCC[C@@]2(O)C#Cc1cccc(C)c1, COC(=O)N1CC[C@@H]2[C@H]1CCC[C@@]2(O)C#Cc1cccc(C)c1","ZFPZEYHRWGMJCV-ZHALLVOQSA-N, ZFPZEYHRWGMJCV-ZHALLVOQSA-N",Phase 2
maxacalcitol,vitamin D receptor agonist,VDR,endocrinology,hyperparathyroidism,MedChemEx,91.47,C[C@H](OCCC(C)(C)O)[C@H]1CC[C@H]2\C(CCC[C@]12C)=C\C=C1\C[C@@H](O)C[C@H](O)C1=C,DTXXSJZBSTYZKE-ZDQKKZTESA-N,Launched
maytansinol-isobutyrate,,,,,"MedChemEx, MedChemEx",78.12,"CO[C@@H]1\C=C\C=C(C)\Cc2cc(OC)c(Cl)c(c2)N(C)C(=O)C[C@H](OC(=O)C(C)C)[C@]2(C)O[C@H]2[C@H](C)[C@@H]2C[C@@]1(O)NC(=O)O2 |c:5,t:3|, CO[C@@H]1\C=C\C=C(C)\Cc2cc(OC)c(Cl)c(c2)N(C)C(=O)C[C@H](OC(=O)C(C)C)[C@]2(C)O[C@H]2[C@H](C)[C@@H]2C[C@@]1(O)NC(=O)O2 |c:5,t:3|","OPQNCARIZFLNLF-HSBZPDDFSA-N, OPQNCARIZFLNLF-HSBZPDDFSA-N",Preclinical
MBX-2982,glucose dependent insulinotropic receptor agonist,GPR119,,,"MedChemEx, MedChemEx, MedChemEx, MedChemEx, MedChemEx, MedChemEx, MedChemEx",98.92,"CCc1cnc(nc1)N1CCC(CC1)c1nc(COc2ccc(cc2)-n2cnnn2)cs1, CCc1cnc(nc1)N1CCC(CC1)c1nc(COc2ccc(cc2)-n2cnnn2)cs1, CCc1cnc(nc1)N1CCC(CC1)c1nc(COc2ccc(cc2)-n2cnnn2)cs1, CCc1cnc(nc1)N1CCC(CC1)c1nc(COc2ccc(cc2)-n2cnnn2)cs1, CCc1cnc(nc1)N1CCC(CC1)c1nc(COc2ccc(cc2)-n2cnnn2)cs1, CCc1cnc(nc1)N1CCC(CC1)c1nc(COc2ccc(cc2)-n2cnnn2)cs1, CCc1cnc(nc1)N1CCC(CC1)c1nc(COc2ccc(cc2)-n2cnnn2)cs1","NFTMKHWBOINJGM-UHFFFAOYSA-N, NFTMKHWBOINJGM-UHFFFAOYSA-N, NFTMKHWBOINJGM-UHFFFAOYSA-N, NFTMKHWBOINJGM-UHFFFAOYSA-N, NFTMKHWBOINJGM-UHFFFAOYSA-N, NFTMKHWBOINJGM-UHFFFAOYSA-N, NFTMKHWBOINJGM-UHFFFAOYSA-N",Phase 2
MC-1,,"AADAT, ABAT, AGXT, AGXT2, ALAS1, AZIN2, BCAT1, BCAT2, CBS, CCBL1, CCBL2, CSAD, CTH, DDC, FTCD, GAD1, GAD2, GADL1, GCAT, GLDC, GOT1, GOT2, GPT, GPT2, HDC, IGSF10, KYNU, MOCOS, NFS1, OAT, ODC1, PDXDC1, PDXP, PHYKPL, PNPO, PROSC, PSAT1, PYGB, PYGL, PYGM, SCLY, SDS, SDSL, SEPSECS, SGPL1, SHMT1, SHMT2, SPTLC1, SPTLC2, SPTLC3, SRR, TAT, THNSL1",,,"Sigma, Vitas-M",0,"Cc1ncc(COP(O)(O)=O)c(C=O)c1O, Cc1ncc(COP(O)(O)=O)c(C=O)c1O","NGVDGCNFYWLIFO-UHFFFAOYSA-N, NGVDGCNFYWLIFO-UHFFFAOYSA-N",Phase 3
MCC950,NOD like receptor inhibitor,NLRP3,,,"MedChemEx, MedChemEx",37.23,"CC(C)(O)c1coc(c1)S(=O)(=O)NC(=O)Nc1c2CCCc2cc2CCCc12, CC(C)(O)c1coc(c1)S(=O)(=O)NC(=O)Nc1c2CCCc2cc2CCCc12","HUUSXLKCTQDPGL-UHFFFAOYSA-N, HUUSXLKCTQDPGL-UHFFFAOYSA-N",Preclinical
McN-5652-(+/-),selective serotonin reuptake inhibitor (SSRI),,,,"Tocris, Tocris",85.79,"CSc1ccc(cc1)[C@H]1CN2CCC[C@H]2c2ccccc12, CSc1ccc(cc1)[C@H]1CN2CCC[C@H]2c2ccccc12","YVKDUIAAPBKHMJ-MOPGFXCFSA-N, YVKDUIAAPBKHMJ-MOPGFXCFSA-N",Preclinical
MCOPPB,nociceptin/orphanin FQ receptor agonist,OPRL1,,,"Tocris, Tocris",96.78,"CC1(CCCCCCC1)N1CCC(CC1)n1c(nc2ccccc12)[C@@H]1CCCNC1, CC1(CCCCCCC1)N1CCC(CC1)n1c(nc2ccccc12)[C@@H]1CCCNC1","CYYNMPPFEJPBJD-OAQYLSRUSA-N, CYYNMPPFEJPBJD-OAQYLSRUSA-N",Preclinical
mCPP,serotonin receptor agonist,"HTR1A, HTR1D, HTR1E, HTR2A, HTR2B, HTR2C, HTR6",,,"Sigma, Enzo",95.44,"Clc1cccc(c1)N1CCNCC1, Clc1cccc(c1)N1CCNCC1","VHFVKMTVMIZMIK-UHFFFAOYSA-N, VHFVKMTVMIZMIK-UHFFFAOYSA-N",Phase 2
MC1568,HDAC inhibitor,HDAC2,,,"MedChemEx, Selleck, Selleck, Selleck",89.02,"Cn1c(\C=C\C(=O)NO)ccc1\C=C\C(=O)c1cccc(F)c1, Cn1c(\C=C\C(=O)NO)ccc1\C=C\C(=O)c1cccc(F)c1, Cn1c(\C=C\C(=O)NO)ccc1\C=C\C(=O)c1cccc(F)c1, Cn1c(\C=C\C(=O)NO)ccc1\C=C\C(=O)c1cccc(F)c1","QQDIFLSJMFDTCQ-FIFLTTCUSA-N, QQDIFLSJMFDTCQ-FIFLTTCUSA-N, QQDIFLSJMFDTCQ-FIFLTTCUSA-N, QQDIFLSJMFDTCQ-FIFLTTCUSA-N",Preclinical
MD-920,NFkB pathway inhibitor,AADACL2,,,"Enzo, Sigma",96.77,"C[C@@]12[C@H]3[C@H](C(O)=O)[C@@]45CC(=C)[C@@](O)(C4)CC[C@H]5[C@]3(OC1=O)C=C[C@@H]2O |c:25|, C[C@@]12[C@H]3[C@H](C(O)=O)[C@@]45CC(=C)[C@@](O)(C4)CC[C@H]5[C@]3(OC1=O)C=C[C@@H]2O |c:25|","IXORZMNAPKEEDV-OBDJNFEBSA-N, IXORZMNAPKEEDV-OBDJNFEBSA-N",Phase 1
mdivi-1,dynamin inhibitor,DNM1,,,"Selleck, Selleck, Selleck",97.44,"COc1cc(c(Cl)cc1Cl)-n1c(=S)[nH]c2ccccc2c1=O, COc1cc(c(Cl)cc1Cl)-n1c(=S)[nH]c2ccccc2c1=O, COc1cc(c(Cl)cc1Cl)-n1c(=S)[nH]c2ccccc2c1=O","NZJKEVWTYMOYOR-UHFFFAOYSA-N, NZJKEVWTYMOYOR-UHFFFAOYSA-N, NZJKEVWTYMOYOR-UHFFFAOYSA-N",Preclinical
MDL-11939,serotonin receptor antagonist,"HTR2A, HTR2B, HTR2C",,,"Tocris, Tocris",98.53,"O[C@@H](C1CCN(CCc2ccccc2)CC1)c1ccccc1 |&1:1,r|, O[C@@H](C1CCN(CCc2ccccc2)CC1)c1ccccc1 |&1:1,r|","AXNGJCOYCMDPQG-HXUWFJFHSA-N, AXNGJCOYCMDPQG-HXUWFJFHSA-N",Phase 2
MDL-27531,glycine receptor agonist,,,,Otava,84.16,Cn1c(nnc1S(C)(=O)=O)-c1ccccc1,DPGDRICHXKQXEN-UHFFFAOYSA-N,Preclinical
MDL-29951,glutamate receptor antagonist,FBP1,,,"MedChemEx, MedChemEx, MedChemEx, MedChemEx",96.68,"OC(=O)CCc1c([nH]c2cc(Cl)cc(Cl)c12)C(O)=O, OC(=O)CCc1c([nH]c2cc(Cl)cc(Cl)c12)C(O)=O, OC(=O)CCc1c([nH]c2cc(Cl)cc(Cl)c12)C(O)=O, OC(=O)CCc1c([nH]c2cc(Cl)cc(Cl)c12)C(O)=O","KNBSYZNKEAWABY-UHFFFAOYSA-N, KNBSYZNKEAWABY-UHFFFAOYSA-N, KNBSYZNKEAWABY-UHFFFAOYSA-N, KNBSYZNKEAWABY-UHFFFAOYSA-N",Preclinical
MDL-72832,serotonin receptor agonist,HTR1A,,,"Tocris, Tocris",96.3,"O=C1CC2(CCCC2)CC(=O)N1CCCCNC[C@H]1COc2ccccc2O1 |&1:18|, O=C1CC2(CCCC2)CC(=O)N1CCCCNC[C@H]1COc2ccccc2O1 |&1:18|","HCVRCHQFYYZPHT-KRWDZBQOSA-N, HCVRCHQFYYZPHT-KRWDZBQOSA-N",Preclinical
MDL-73005EF,serotonin receptor antagonist,HTR1A,,,"Tocris, Tocris",96.76,"O=C1CC2(CCCC2)CC(=O)N1CCNC[C@H]1COc2ccccc2O1 |&1:16|, O=C1CC2(CCCC2)CC(=O)N1CCNC[C@H]1COc2ccccc2O1 |&1:16|","BVMYCHKQPGEOSI-HNNXBMFYSA-N, BVMYCHKQPGEOSI-HNNXBMFYSA-N",Phase 1
MDMS,DNA inhibitor,,,,Enamine,0,CS(=O)(=O)OCOS(C)(=O)=O,IQLZWWDXNXZGPK-UHFFFAOYSA-N,Phase 2
ME-0328,PPAR receptor antagonist,PARP3,,,"MedChemEx, Tocris, Tocris",97.84,"C[C@H](NC(=O)CCc1nc(=O)c2ccccc2[nH]1)c1ccccc1, C[C@H](NC(=O)CCc1nc(=O)c2ccccc2[nH]1)c1ccccc1, C[C@H](NC(=O)CCc1nc(=O)c2ccccc2[nH]1)c1ccccc1","QIHBWVVVRYYYRO-ZDUSSCGKSA-N, QIHBWVVVRYYYRO-ZDUSSCGKSA-N, QIHBWVVVRYYYRO-ZDUSSCGKSA-N",Preclinical
mebendazole,tubulin polymerization inhibitor,"TUBA1A, TUBB, TUBB4B",infectious disease,"pinworm, whipworm, hookworm, ascariasis","MedChemEx, MicroSource",97.04,"COC(=O)Nc1nc2ccc(cc2[nH]1)C(=O)c1ccccc1, COC(=O)Nc1nc2ccc(cc2[nH]1)C(=O)c1ccccc1","OPXLLQIJSORQAM-UHFFFAOYSA-N, OPXLLQIJSORQAM-UHFFFAOYSA-N",Launched
mebeverine,acetylcholine receptor antagonist,CHRM1,gastroenterology,irritable bowel syndrome,"MedChemEx, MicroSource",95.61,"CCN(CCCCOC(=O)c1ccc(OC)c(OC)c1)[C@@H](C)Cc1ccc(OC)cc1 |&1:20|, CCN(CCCCOC(=O)c1ccc(OC)c(OC)c1)[C@@H](C)Cc1ccc(OC)cc1 |&1:20|","VYVKHNNGDFVQGA-IBGZPJMESA-N, VYVKHNNGDFVQGA-IBGZPJMESA-N",Launched
mebhydrolin,antihistamine,,allergy,"allergic rhinitis, urticaria","MedChemEx, MicroSource, Prestwick",98.78,"CN1CCc2c(C1)c1ccccc1n2Cc1ccccc1, CN1CCc2c(C1)c1ccccc1n2Cc1ccccc1, CN1CCc2c(C1)c1ccccc1n2Cc1ccccc1","FQQIIPAOSKSOJM-UHFFFAOYSA-N, FQQIIPAOSKSOJM-UHFFFAOYSA-N, FQQIIPAOSKSOJM-UHFFFAOYSA-N",Launched
mebicar,anxiolytic,,neurology/psychiatry,anxiety,"Pharmeks, ChemDiv, ChemDiv",100,"CN1C2C(N(C)C1=O)N(C)C(=O)N2C, CN1C2C(N(C)C1=O)N(C)C(=O)N2C, CN1C2C(N(C)C1=O)N(C)C(=O)N2C","XIUUSFJTJXFNGH-UHFFFAOYSA-N, XIUUSFJTJXFNGH-UHFFFAOYSA-N, XIUUSFJTJXFNGH-UHFFFAOYSA-N",Launched
mebrofenin,,,radiology,diagnostic agent,Sigma,69.8,Cc1cc(C)c(NC(=O)CN(CC(O)=O)CC(O)=O)c(C)c1Br,MHPZZZZLAQGTHT-UHFFFAOYSA-N,Launched
mecamylamine,acetylcholine receptor antagonist,"CHRNA1, CHRNA2, CHRNA3, CHRNA4, CHRNA6, CHRNA7, CHRNB4",cardiology,hypertension,"MicroSource, MicroSource, MicroSource",100,"CNC1(C)C2CCC(C2)C1(C)C, CNC1(C)C2CCC(C2)C1(C)C, CNC1(C)C2CCC(C2)C1(C)C","IMYZQPCYWPFTAG-UHFFFAOYSA-N, IMYZQPCYWPFTAG-UHFFFAOYSA-N, IMYZQPCYWPFTAG-UHFFFAOYSA-N",Launched
mecarbinate,,,,,Selleck,97.97,CCOC(=O)c1c(C)n(C)c2ccc(O)cc12,YTBNTDMBGXAOCG-UHFFFAOYSA-N,Preclinical
meclinertant,neurotensin receptor antagonist,"NTSR1, NTSR2",,,"Sigma, Sigma",98.44,"COc1cccc(OC)c1-c1cc(nn1-c1ccnc2cc(Cl)ccc12)C(=O)NC1(C2CC3CC(C2)CC1C3)C(O)=O, COc1cccc(OC)c1-c1cc(nn1-c1ccnc2cc(Cl)ccc12)C(=O)NC1(C2CC3CC(C2)CC1C3)C(O)=O","DYLJVOXRWLXDIG-UHFFFAOYSA-N, DYLJVOXRWLXDIG-UHFFFAOYSA-N",Phase 2/Phase 3
meclizine,constitutive androstane receptor (CAR) agonist,NR1I3,"gastroenterology, neurology/psychiatry","nausea, vomiting, motion sickness",Tocris,96.5,Cc1cccc(CN2CCN(CC2)[C@@H](c2ccccc2)c2ccc(Cl)cc2)c1 |&1:13|,OCJYIGYOJCODJL-VWLOTQADSA-N,Launched
meclocycline-sulfosalicylate,bacterial 50S ribosomal subunit inhibitor,,"dermatology, infectious disease","acne vulgaris (AV), skin infections","MicroSource, DuPont, Selleck",82.79,"CN(C)[C@H]1[C@@H]2[C@@H](O)[C@@H]3C(=C)c4c(Cl)ccc(O)c4C(=O)C3=C(O)[C@]2(O)C(O)=C(C(N)=O)C1=O |a:3,4,5,7,23,&1:20,&2:27,t:22,29|, CN(C)[C@H]1[C@@H]2[C@@H](O)[C@@H]3C(=C)c4c(Cl)ccc(O)c4C(=O)C3=C(O)[C@]2(O)C(O)=C(C(N)=O)C1=O |a:3,4,5,7,23,&1:20,&2:27,t:22,29|, CN(C)[C@H]1[C@@H]2[C@@H](O)[C@@H]3C(=C)c4c(Cl)ccc(O)c4C(=O)C3=C(O)[C@]2(O)C(O)=C(C(N)=O)C1=O |a:3,4,5,7,23,&1:20,&2:27,t:22,29|","MEFKOOXNVFALTA-IWVLMIASSA-N, MEFKOOXNVFALTA-IWVLMIASSA-N, MEFKOOXNVFALTA-IWVLMIASSA-N",Launched
meclofenamic-acid,"cyclooxygenase inhibitor, prostanoid receptor antagonist","ALOX5, CNR1, KCNQ2, KCNQ3, PTGS1, PTGS2","rheumatology, neurology/psychiatry, endocrinology","joint pain, muscle pain, rheumatoid arthritis, primary dysmenorrhea (PD)","Sigma, MicroSource",99.02,"Cc1ccc(Cl)c(Nc2ccccc2C(O)=O)c1Cl, Cc1ccc(Cl)c(Nc2ccccc2C(O)=O)c1Cl","SBDNJUWAMKYJOX-UHFFFAOYSA-N, SBDNJUWAMKYJOX-UHFFFAOYSA-N",Launched
meclofenoxate,nootropic agent,,neurology/psychiatry,"senile dementia, Alzheimer's disease","MedChemEx, MicroSource",88.5,"CN(C)CCOC(=O)COc1ccc(Cl)cc1, CN(C)CCOC(=O)COc1ccc(Cl)cc1","XZTYGFHCIAKPGJ-UHFFFAOYSA-N, XZTYGFHCIAKPGJ-UHFFFAOYSA-N",Launched
mecysteine,analgesic agent,,pulmonary,chest congestion,CombiBlocks,100,COC(=O)[C@@H](N)CS,MCYHPZGUONZRGO-VKHMYHEASA-N,Launched
medetomidine,adrenergic receptor agonist,"ADRA1A, ADRA1B, ADRA1D, ADRA2A, ADRA2B, ADRA2C",neurology/psychiatry,sedative,"Tocris, Selleck, Tocris, Tocris",98.61,"C[C@@H](c1cnc[nH]1)c1cccc(C)c1C |r|, C[C@@H](c1cnc[nH]1)c1cccc(C)c1C |r|, C[C@@H](c1cnc[nH]1)c1cccc(C)c1C |r|, C[C@@H](c1cnc[nH]1)c1cccc(C)c1C |r|","CUHVIMMYOGQXCV-LLVKDONJSA-N, CUHVIMMYOGQXCV-LLVKDONJSA-N, CUHVIMMYOGQXCV-LLVKDONJSA-N, CUHVIMMYOGQXCV-LLVKDONJSA-N",Launched
medica-16,ATP citrase lyase inhibitor,FFAR1,,,Cayman,98.1,CC(C)(CCCCCCCCCCC(C)(C)CC(O)=O)CC(O)=O,HYSMCRNFENOHJH-UHFFFAOYSA-N,Phase 2
medorinone,,,,,"Key, Key",97.74,"Cc1nccc2[nH]c(=O)ccc12, Cc1nccc2[nH]c(=O)ccc12","OCCZJXAHSUCJSA-UHFFFAOYSA-N, OCCZJXAHSUCJSA-UHFFFAOYSA-N",Phase 1
medronic-acid,bone resorption inhibitor,,radiology,skeletal imaging agent,"Sigma, Sigma",98.4,"OP(O)(=O)CP(O)(O)=O, OP(O)(=O)CP(O)(O)=O","MBKDYNNUVRNNRF-UHFFFAOYSA-N, MBKDYNNUVRNNRF-UHFFFAOYSA-N",Launched
medroxyprogesterone,progesterone receptor agonist,PGR,endocrinology,contraceptive,"MedChemEx, MedChemEx, MedChemEx, MedChemEx, MedChemEx",95.16,"C[C@H]1C[C@H]2[C@@H]3CC[C@](O)(C(C)=O)[C@@]3(C)CC[C@@H]2[C@@]2(C)CCC(=O)C=C12 |t:25|, C[C@H]1C[C@H]2[C@@H]3CC[C@](O)(C(C)=O)[C@@]3(C)CC[C@@H]2[C@@]2(C)CCC(=O)C=C12 |t:25|, C[C@H]1C[C@H]2[C@@H]3CC[C@](O)(C(C)=O)[C@@]3(C)CC[C@@H]2[C@@]2(C)CCC(=O)C=C12 |t:25|, C[C@H]1C[C@H]2[C@@H]3CC[C@](O)(C(C)=O)[C@@]3(C)CC[C@@H]2[C@@]2(C)CCC(=O)C=C12 |t:25|, C[C@H]1C[C@H]2[C@@H]3CC[C@](O)(C(C)=O)[C@@]3(C)CC[C@@H]2[C@@]2(C)CCC(=O)C=C12 |t:25|","FRQMUZJSZHZSGN-HBNHAYAOSA-N, FRQMUZJSZHZSGN-HBNHAYAOSA-N, FRQMUZJSZHZSGN-HBNHAYAOSA-N, FRQMUZJSZHZSGN-HBNHAYAOSA-N, FRQMUZJSZHZSGN-HBNHAYAOSA-N",Launched
medroxyprogesterone-acetate,progesterone receptor agonist,"ESR1, PGR",endocrinology,contraceptive,MedChemEx,88.18,C[C@H]1C[C@H]2[C@@H]3CC[C@](OC(C)=O)(C(C)=O)[C@@]3(C)CC[C@@H]2[C@@]2(C)CCC(=O)C=C12 |t:28|,PSGAAPLEWMOORI-PEINSRQWSA-N,Launched
medrysone,glucocorticoid receptor agonist,NR3C1,ophthalmology,"conjunctivitis, episcleritis","MedChemEx, MicroSource, Selleck",95.45,"C[C@H]1C[C@H]2[C@@H]3CC[C@H](C(C)=O)[C@@]3(C)C[C@H](O)[C@@H]2[C@@]2(C)CCC(=O)C=C12 |t:25|, C[C@H]1C[C@H]2[C@@H]3CC[C@H](C(C)=O)[C@@]3(C)C[C@H](O)[C@@H]2[C@@]2(C)CCC(=O)C=C12 |t:25|, C[C@H]1C[C@H]2[C@@H]3CC[C@H](C(C)=O)[C@@]3(C)C[C@H](O)[C@@H]2[C@@]2(C)CCC(=O)C=C12 |t:25|","GZENKSODFLBBHQ-ILSZZQPISA-N, GZENKSODFLBBHQ-ILSZZQPISA-N, GZENKSODFLBBHQ-ILSZZQPISA-N",Launched
mefenamic-acid,cyclooxygenase inhibitor,"KCNQ1, PTGS1, PTGS2, TRPM3",endocrinology,primary dysmenorrhea (PD),"MedChemEx, MicroSource, Selleck",99.15,"Cc1cccc(Nc2ccccc2C(O)=O)c1C, Cc1cccc(Nc2ccccc2C(O)=O)c1C, Cc1cccc(Nc2ccccc2C(O)=O)c1C","HYYBABOKPJLUIN-UHFFFAOYSA-N, HYYBABOKPJLUIN-UHFFFAOYSA-N, HYYBABOKPJLUIN-UHFFFAOYSA-N",Launched
mefexamide,psychoactive drug,,,,"Vitas-M, MicroSource, MicroSource",99.12,"CCN(CC)CCNC(=O)COc1ccc(OC)cc1, CCN(CC)CCNC(=O)COc1ccc(OC)cc1, CCN(CC)CCNC(=O)COc1ccc(OC)cc1","HUNIPYLVUPMFCZ-UHFFFAOYSA-N, HUNIPYLVUPMFCZ-UHFFFAOYSA-N, HUNIPYLVUPMFCZ-UHFFFAOYSA-N",Preclinical
mefloquine,"adenosine receptor antagonist, hemoglobin antagonist",,infectious disease,malaria,MedChemEx,97.93,O[C@H]([C@H]1CCCCN1)c1cc(nc2c(cccc12)C(F)(F)F)C(F)(F)F,XEEQGYMUWCZPDN-DOMZBBRYSA-N,Launched
megestrol,progesterone receptor agonist,,oncology,breast cancer,CombiBlocks,100,"CC(=O)[C@@]1(O)CC[C@H]2[C@@H]3C=C(C)C4=CC(=O)CC[C@]4(C)[C@H]3CC[C@]12C |t:9,12|",VXIMPSPISRVBPZ-NWUMPJBXSA-N,Launched
megestrol-acetate,progesterone receptor agonist,"NR3C1, PGR","neurology/psychiatry, endocrinology","anorexia, cachexia","Tocris, TCI, Selleck, MedChemEx, Selleck, Selleck",98.58,"CC(=O)O[C@@]1(CC[C@H]2[C@@H]3C=C(C)C4=CC(=O)CC[C@]4(C)[C@H]3CC[C@]12C)C(C)=O |t:9,12|, CC(=O)O[C@@]1(CC[C@H]2[C@@H]3C=C(C)C4=CC(=O)CC[C@]4(C)[C@H]3CC[C@]12C)C(C)=O |t:9,12|, CC(=O)O[C@@]1(CC[C@H]2[C@@H]3C=C(C)C4=CC(=O)CC[C@]4(C)[C@H]3CC[C@]12C)C(C)=O |t:9,12|, CC(=O)O[C@@]1(CC[C@H]2[C@@H]3C=C(C)C4=CC(=O)CC[C@]4(C)[C@H]3CC[C@]12C)C(C)=O |t:9,12|, CC(=O)O[C@@]1(CC[C@H]2[C@@H]3C=C(C)C4=CC(=O)CC[C@]4(C)[C@H]3CC[C@]12C)C(C)=O |t:9,12|, CC(=O)O[C@@]1(CC[C@H]2[C@@H]3C=C(C)C4=CC(=O)CC[C@]4(C)[C@H]3CC[C@]12C)C(C)=O |t:9,12|","RQZAXGRLVPAYTJ-GQFGMJRRSA-N, RQZAXGRLVPAYTJ-GQFGMJRRSA-N, RQZAXGRLVPAYTJ-GQFGMJRRSA-N, RQZAXGRLVPAYTJ-GQFGMJRRSA-N, RQZAXGRLVPAYTJ-GQFGMJRRSA-N, RQZAXGRLVPAYTJ-GQFGMJRRSA-N",Launched
meglitinide,potassium channel blocker,CCR2,,,Enamine,99.32,COc1ccc(Cl)cc1C(=O)NCCc1ccc(cc1)C(O)=O,SWLAMJPTOQZTAE-UHFFFAOYSA-N,Phase 2
meglumine,excipient,,,,"MicroSource, Selleck, Selleck, Selleck",100,"CNC[C@H](O)[C@@H](O)[C@H](O)[C@H](O)CO, CNC[C@H](O)[C@@H](O)[C@H](O)[C@H](O)CO, CNC[C@H](O)[C@@H](O)[C@H](O)[C@H](O)CO, CNC[C@H](O)[C@@H](O)[C@H](O)[C@H](O)CO","MBBZMMPHUWSWHV-BDVNFPICSA-N, MBBZMMPHUWSWHV-BDVNFPICSA-N, MBBZMMPHUWSWHV-BDVNFPICSA-N, MBBZMMPHUWSWHV-BDVNFPICSA-N",Launched
meglutol,HMGCR inhibitor,HMGCR,,,MicroSource,0,CC(O)(CC(O)=O)CC(O)=O,NPOAOTPXWNWTSH-UHFFFAOYSA-N,Launched
meisoindigo,STAT inhibitor,STAT3,,,"MedChemEx, MedChemEx, MedChemEx, MedChemEx, MedChemEx",97.04,"CN1C(=O)\C(=C2\C(=O)Nc3ccccc23)c2ccccc12, CN1C(=O)\C(=C2\C(=O)Nc3ccccc23)c2ccccc12, CN1C(=O)\C(=C2\C(=O)Nc3ccccc23)c2ccccc12, CN1C(=O)\C(=C2\C(=O)Nc3ccccc23)c2ccccc12, CN1C(=O)\C(=C2\C(=O)Nc3ccccc23)c2ccccc12","QNOCRUSVMMAKSC-CCEZHUSRSA-N, QNOCRUSVMMAKSC-CCEZHUSRSA-N, QNOCRUSVMMAKSC-CCEZHUSRSA-N, QNOCRUSVMMAKSC-CCEZHUSRSA-N, QNOCRUSVMMAKSC-CCEZHUSRSA-N",Phase 3
MEK1-2-inhibitor,MEK inhibitor,MAP2K2,,,"Tocris, Selleck",95.74,"Nc1ccc(SC(=N)C(C#N)c2ccccc2C(F)(F)F)cc1, Nc1ccc(SC(=N)C(C#N)c2ccccc2C(F)(F)F)cc1","XQRVCODIGHFXKQ-UHFFFAOYSA-N, XQRVCODIGHFXKQ-UHFFFAOYSA-N",Preclinical
melanotan-ii,melanocortin receptor agonist,,,,MedChemEx,95.58,CCCC[C@H](NC(C)=O)C(=O)N[C@H]1CC(=O)NCCCC[C@H](NC(=O)[C@H](Cc2c[nH]c3ccccc23)NC(=O)[C@H](CCCNC(N)=N)NC(=O)[C@@H](Cc2ccccc2)NC(=O)[C@H](Cc2cnc[nH]2)NC1=O)C(N)=O,JDKLPDJLXHXHNV-VEUPWBLKSA-N,Launched
melatonin,"melatonin receptor agonist, nitric oxide synthase inhibitor","ASMT, CALM1, CALR, EPX, ESR1, HTR2B, MPO, MTNR1A, MTNR1B, NQO2, RORB",neurology/psychiatry,sleep cycle support,"Tocris, Tocris, Selleck, Tocris",95.93,"COc1ccc2[nH]cc(CCNC(C)=O)c2c1, COc1ccc2[nH]cc(CCNC(C)=O)c2c1, COc1ccc2[nH]cc(CCNC(C)=O)c2c1, COc1ccc2[nH]cc(CCNC(C)=O)c2c1","DRLFMBDRBRZALE-UHFFFAOYSA-N, DRLFMBDRBRZALE-UHFFFAOYSA-N, DRLFMBDRBRZALE-UHFFFAOYSA-N, DRLFMBDRBRZALE-UHFFFAOYSA-N",Launched
meldonium,gamma butyrobetaine hydroxylase inhibitor,BBOX1,cardiology,coronary artery disease (CAD),"LifeChem, LifeChem",100,"C[N+](C)(C)NCCC(O)=O, C[N+](C)(C)NCCC(O)=O","PVBQYTCFVWZSJK-UHFFFAOYSA-O, PVBQYTCFVWZSJK-UHFFFAOYSA-O",Launched
melengestrol-acetate,progesterone receptor agonist,,,,MicroSource,86.88,"CC(=O)O[C@]1(C(C)=O)C(=C)C[C@H]2[C@H]3C=C(C)C4=CC(=O)CC[C@]4(C)[C@@H]3CC[C@]12C |a:4,22,27,&1:11,&2:12,&3:24,t:13,16|",UDKABVSQKJNZBH-AKZSSJSASA-N,Preclinical
melevodopa,"dopamine precursor, dopamine receptor agonist",DDC,neurology/psychiatry,Parkinson's Disease,"Vitas-M, Sigma",90.21,"COC(=O)[C@@H](N)Cc1ccc(O)c(O)c1, COC(=O)[C@@H](N)Cc1ccc(O)c(O)c1","XBBDACCLCFWBSI-ZETCQYMHSA-N, XBBDACCLCFWBSI-ZETCQYMHSA-N",Launched
meloxicam,cyclooxygenase inhibitor,"PTGS1, PTGS2",rheumatology,"osteoarthritis, rheumatoid arthritis","Sigma, Sigma, Sigma",98.16,"CN1C(C(=O)Nc2ncc(C)s2)=C(O)c2ccccc2S1(=O)=O |t:12|, CN1C(C(=O)Nc2ncc(C)s2)=C(O)c2ccccc2S1(=O)=O |t:12|, CN1C(C(=O)Nc2ncc(C)s2)=C(O)c2ccccc2S1(=O)=O |t:12|","ZRVUJXDFFKFLMG-UHFFFAOYSA-N, ZRVUJXDFFKFLMG-UHFFFAOYSA-N, ZRVUJXDFFKFLMG-UHFFFAOYSA-N",Launched
melperone,"dopamine receptor antagonist, serotonin receptor antagonist","DRD2, HTR2A",neurology/psychiatry,psychosis,"Tocris, Tocris, Tocris",96.46,"CC1CCN(CCCC(=O)c2ccc(F)cc2)CC1, CC1CCN(CCCC(=O)c2ccc(F)cc2)CC1, CC1CCN(CCCC(=O)c2ccc(F)cc2)CC1","DKMFBWQBDIGMHM-UHFFFAOYSA-N, DKMFBWQBDIGMHM-UHFFFAOYSA-N, DKMFBWQBDIGMHM-UHFFFAOYSA-N",Launched
melphalan,"DNA alkylating agent, DNA inhibitor",,hematologic malignancy,multiple myeloma,"MicroSource, MicroSource, MicroSource, MicroSource",93.38,"N[C@@H](Cc1ccc(cc1)N(CCCl)CCCl)C(O)=O, N[C@@H](Cc1ccc(cc1)N(CCCl)CCCl)C(O)=O, N[C@@H](Cc1ccc(cc1)N(CCCl)CCCl)C(O)=O, N[C@@H](Cc1ccc(cc1)N(CCCl)CCCl)C(O)=O","SGDBTWWWUNNDEQ-LBPRGKRZSA-N, SGDBTWWWUNNDEQ-LBPRGKRZSA-N, SGDBTWWWUNNDEQ-LBPRGKRZSA-N, SGDBTWWWUNNDEQ-LBPRGKRZSA-N",Launched
melphalan-n-oxide,hypoxia inducible factor inhibitor,HIF1A,,,Adooq,67.76,N[C@@H](Cc1ccc(cc1)[N+]([O-])(CCCl)CCCl)C(O)=O,GSKQMLGAUOTSKT-LBPRGKRZSA-N,Phase 1
meluadrine,,,,,MedChemEx,98.2,"CC(C)(C)NC[C@@H](O)c1ccc(O)cc1Cl |&1:6,r|",LIXBJWRFCNRAPA-LLVKDONJSA-N,Preclinical
memantine,glutamate receptor antagonist,,neurology/psychiatry,"Alzheimer's disease, senile dementia",Tocris,100,C[C@@]12C[C@H]3C[C@@](C)(C1)C[C@](N)(C3)C2,BUGYDGFZZOZRHP-CDECOKDKSA-N,Launched
menadione,"mitochondrial DNA polymerase inhibitor, phosphatase inhibitor","AOX1, BGLAP, F10, F2, F7, F9, GGCX, NQO1, NQO2, PROC, PROS1, PROZ, VKORC1, VKORC1L1","gastroenterology, neurology/psychiatry, dermatology, rheumatology","ulcerative colitis, diarrhea, headache, varicose veins, rheumatoid arthritis","MedChemEx, MicroSource, MicroSource, MicroSource, Selleck, Selleck, Selleck",98.17,"CC1=CC(=O)c2ccccc2C1=O |t:1|, CC1=CC(=O)c2ccccc2C1=O |t:1|, CC1=CC(=O)c2ccccc2C1=O |t:1|, CC1=CC(=O)c2ccccc2C1=O |t:1|, CC1=CC(=O)c2ccccc2C1=O |t:1|, CC1=CC(=O)c2ccccc2C1=O |t:1|, CC1=CC(=O)c2ccccc2C1=O |t:1|","MJVAVZPDRWSRRC-UHFFFAOYSA-N, MJVAVZPDRWSRRC-UHFFFAOYSA-N, MJVAVZPDRWSRRC-UHFFFAOYSA-N, MJVAVZPDRWSRRC-UHFFFAOYSA-N, MJVAVZPDRWSRRC-UHFFFAOYSA-N, MJVAVZPDRWSRRC-UHFFFAOYSA-N, MJVAVZPDRWSRRC-UHFFFAOYSA-N",Launched
menadione-bisulfite,vitamin K,"GGCX, VKORC1, VKORC1L1",,,"Sigma, Sigma",98.12,"C[C@]1(CC(=O)c2ccccc2C1=O)S(O)(=O)=O |&1:1|, C[C@]1(CC(=O)c2ccccc2C1=O)S(O)(=O)=O |&1:1|","WIXFIQKTHUVFDI-LLVKDONJSA-N, WIXFIQKTHUVFDI-LLVKDONJSA-N",Phase 2
menatetrenone,bone resorption inhibitor,,orthopedics,osteoporosis,"Sigma, Sigma",48.49,"CC(C)=CCC\C(C)=C\CC\C(C)=C\CC\C(C)=C\CC1=C(C)C(=O)c2ccccc2C1=O |c:20|, CC(C)=CCC\C(C)=C\CC\C(C)=C\CC\C(C)=C\CC1=C(C)C(=O)c2ccccc2C1=O |c:20|","DKHGMERMDICWDU-GHDNBGIDSA-N, DKHGMERMDICWDU-GHDNBGIDSA-N",Launched
menbutone,,,gastroenterology,bile stimulation,"MedChemEx, MicroSource",95.74,"COc1ccc(C(=O)CCC(O)=O)c2ccccc12, COc1ccc(C(=O)CCC(O)=O)c2ccccc12","FHGJSJFIQNQBCK-UHFFFAOYSA-N, FHGJSJFIQNQBCK-UHFFFAOYSA-N",Launched
mepacrine,"cytokine production inhibitor, NFkB pathway inhibitor, TP53 activator",PLA2G1B,infectious disease,giardiasis,"Selleck, MicroSource, MicroSource, MicroSource, Selleck, Selleck",95.48,"CCN(CC)CCC[C@@H](C)Nc1c2ccc(Cl)cc2nc2ccc(OC)cc12 |&1:8|, CCN(CC)CCC[C@@H](C)Nc1c2ccc(Cl)cc2nc2ccc(OC)cc12 |&1:8|, CCN(CC)CCC[C@@H](C)Nc1c2ccc(Cl)cc2nc2ccc(OC)cc12 |&1:8|, CCN(CC)CCC[C@@H](C)Nc1c2ccc(Cl)cc2nc2ccc(OC)cc12 |&1:8|, CCN(CC)CCC[C@@H](C)Nc1c2ccc(Cl)cc2nc2ccc(OC)cc12 |&1:8|, CCN(CC)CCC[C@@H](C)Nc1c2ccc(Cl)cc2nc2ccc(OC)cc12 |&1:8|","GPKJTRJOBQGKQK-MRXNPFEDSA-N, GPKJTRJOBQGKQK-MRXNPFEDSA-N, GPKJTRJOBQGKQK-MRXNPFEDSA-N, GPKJTRJOBQGKQK-MRXNPFEDSA-N, GPKJTRJOBQGKQK-MRXNPFEDSA-N, GPKJTRJOBQGKQK-MRXNPFEDSA-N",Launched
meparfylon,,,,,MicroSource,0,CCC(C)(O)C#C |&1:2|,QXLPXWSKPNOQLE-UHFFFAOYSA-N,Preclinical
mepazine,MALT1 inhibitor (JH),MALT1,,,"ChemDiv, ChemDiv, ChemDiv",90.48,"CN1CCC[C@@H](CN2c3ccccc3Sc3ccccc23)C1 |&1:5,r|, CN1CCC[C@@H](CN2c3ccccc3Sc3ccccc23)C1 |&1:5,r|, CN1CCC[C@@H](CN2c3ccccc3Sc3ccccc23)C1 |&1:5,r|","CBHCDHNUZWWAPP-OAHLLOKOSA-N, CBHCDHNUZWWAPP-OAHLLOKOSA-N, CBHCDHNUZWWAPP-OAHLLOKOSA-N",Phase 2
mepenzolate,acetylcholine receptor antagonist,,gastroenterology,peptic ulcer disease (PUD),"MedChemEx, MicroSource, Selleck",99.17,"C[N+]1(C)CCC[C@@H](C1)OC(=O)C(O)(c1ccccc1)c1ccccc1 |&1:6|, C[N+]1(C)CCC[C@@H](C1)OC(=O)C(O)(c1ccccc1)c1ccccc1 |&1:6|, C[N+]1(C)CCC[C@@H](C1)OC(=O)C(O)(c1ccccc1)c1ccccc1 |&1:6|","GKNPSSNBBWDAGH-IBGZPJMESA-N, GKNPSSNBBWDAGH-IBGZPJMESA-N, GKNPSSNBBWDAGH-IBGZPJMESA-N",Launched
mephenesin,muscle relaxant,,neurology/psychiatry,muscle relaxant,"MicroSource, MedChemEx",99.05,"Cc1ccccc1OC[C@@H](O)CO |&1:9,r|, Cc1ccccc1OC[C@@H](O)CO |&1:9,r|","JWDYCNIAQWPBHD-VIFPVBQESA-N, JWDYCNIAQWPBHD-VIFPVBQESA-N",Launched
mephentermine,adrenergic receptor agonist,"ADRA1A, ADRA1B, ADRA1D, ADRA2A, ADRA2B, ADRA2C, ADRB1, ADRB2, ADRB3",cardiology,hypotension,"MicroSource, Toronto, Toronto",94.54,"CNC(C)(C)Cc1ccccc1, CNC(C)(C)Cc1ccccc1, CNC(C)(C)Cc1ccccc1","RXQCGGRTAILOIN-UHFFFAOYSA-N, RXQCGGRTAILOIN-UHFFFAOYSA-N, RXQCGGRTAILOIN-UHFFFAOYSA-N",Launched
mephenytoin,hydantoin antiepileptic,SCN5A,neurology/psychiatry,seizures,"MicroSource, MicroSource, MicroSource, Tocris",98.67,"CC[C@]1(NC(=O)N(C)C1=O)c1ccccc1 |&1:2,r|, CC[C@]1(NC(=O)N(C)C1=O)c1ccccc1 |&1:2,r|, CC[C@]1(NC(=O)N(C)C1=O)c1ccccc1 |&1:2,r|, CC[C@]1(NC(=O)N(C)C1=O)c1ccccc1 |&1:2,r|","GMHKMTDVRCWUDX-LBPRGKRZSA-N, GMHKMTDVRCWUDX-LBPRGKRZSA-N, GMHKMTDVRCWUDX-LBPRGKRZSA-N, GMHKMTDVRCWUDX-LBPRGKRZSA-N",Launched
mepiroxol,,,,,"MicroSource, Selleck, Selleck",98.37,"OCc1ccc[n+]([O-])c1, OCc1ccc[n+]([O-])c1, OCc1ccc[n+]([O-])c1","LQYJAVWWKTWWKN-UHFFFAOYSA-N, LQYJAVWWKTWWKN-UHFFFAOYSA-N, LQYJAVWWKTWWKN-UHFFFAOYSA-N",Preclinical
mepivacaine,"potassium channel blocker, sodium channel blocker",,neurology/psychiatry,local anesthetic,"MicroSource, Selleck, MedChemEx, MedChemEx",97.82,"CN1CCCC[C@@H]1C(=O)Nc1c(C)cccc1C |&1:6|, CN1CCCC[C@@H]1C(=O)Nc1c(C)cccc1C |&1:6|, CN1CCCC[C@@H]1C(=O)Nc1c(C)cccc1C |&1:6|, CN1CCCC[C@@H]1C(=O)Nc1c(C)cccc1C |&1:6|","INWLQCZOYSRPNW-CYBMUJFWSA-N, INWLQCZOYSRPNW-CYBMUJFWSA-N, INWLQCZOYSRPNW-CYBMUJFWSA-N, INWLQCZOYSRPNW-CYBMUJFWSA-N",Launched
meprednisone,,NR3C1,,,"MedChemEx, Selleck",96.1,"C[C@H]1C[C@H]2[C@@H]3CCC4=CC(=O)C=C[C@]4(C)[C@H]3C(=O)C[C@]2(C)[C@@]1(O)C(=O)CO |c:11,t:7|, C[C@H]1C[C@H]2[C@@H]3CCC4=CC(=O)C=C[C@]4(C)[C@H]3C(=O)C[C@]2(C)[C@@]1(O)C(=O)CO |c:11,t:7|","PIDANAQULIKBQS-RNUIGHNZSA-N, PIDANAQULIKBQS-RNUIGHNZSA-N",Launched
meprylcaine,local anesthetic,,,,"MicroSource, Toronto",87.77,"CCCNC(C)(C)COC(=O)c1ccccc1, CCCNC(C)(C)COC(=O)c1ccccc1","VXJABHHJLXLNMP-UHFFFAOYSA-N, VXJABHHJLXLNMP-UHFFFAOYSA-N",Preclinical
meptazinol,opioid receptor agonist,BCHE,neurology/psychiatry,pain relief,"Tocris, Selleck, Selleck, Selleck",98.1,"CC[C@]1(CCCCN(C)C1)c1cccc(O)c1 |&1:2|, CC[C@]1(CCCCN(C)C1)c1cccc(O)c1 |&1:2|, CC[C@]1(CCCCN(C)C1)c1cccc(O)c1 |&1:2|, CC[C@]1(CCCCN(C)C1)c1cccc(O)c1 |&1:2|","JLICHNCFTLFZJN-OAHLLOKOSA-N, JLICHNCFTLFZJN-OAHLLOKOSA-N, JLICHNCFTLFZJN-OAHLLOKOSA-N, JLICHNCFTLFZJN-OAHLLOKOSA-N",Launched
mepyramine,histamine receptor antagonist,HRH1,"otolaryngology, obstetrics/gynecology","common cold, menstrual pain","Selleck, Tocris, MicroSource, MicroSource, MicroSource, Tocris",99.13,"COc1ccc(CN(CCN(C)C)c2ccccn2)cc1, COc1ccc(CN(CCN(C)C)c2ccccn2)cc1, COc1ccc(CN(CCN(C)C)c2ccccn2)cc1, COc1ccc(CN(CCN(C)C)c2ccccn2)cc1, COc1ccc(CN(CCN(C)C)c2ccccn2)cc1, COc1ccc(CN(CCN(C)C)c2ccccn2)cc1","YECBIJXISLIIDS-UHFFFAOYSA-N, YECBIJXISLIIDS-UHFFFAOYSA-N, YECBIJXISLIIDS-UHFFFAOYSA-N, YECBIJXISLIIDS-UHFFFAOYSA-N, YECBIJXISLIIDS-UHFFFAOYSA-N, YECBIJXISLIIDS-UHFFFAOYSA-N",Launched
mequinol,,TYR,dermatology,skin depigmentation,"MicroSource, Selleck, Selleck",99.23,"COc1ccc(O)cc1, COc1ccc(O)cc1, COc1ccc(O)cc1","NWVVVBRKAWDGAB-UHFFFAOYSA-N, NWVVVBRKAWDGAB-UHFFFAOYSA-N, NWVVVBRKAWDGAB-UHFFFAOYSA-N",Launched
merbarone,topoisomerase inhibitor,TOP2A,,,"AMS, EMDBio",100,"Oc1[nH]c(=S)[nH]c(=O)c1C(=O)Nc1ccccc1, Oc1[nH]c(=S)[nH]c(=O)c1C(=O)Nc1ccccc1","GFYRZTLCYQQVHZ-UHFFFAOYSA-N, GFYRZTLCYQQVHZ-UHFFFAOYSA-N",Phase 2
merbromin,antiseptic,,infectious disease,first-aid antiseptic,MicroSource,0,O[Hg]c1c(O)c(Br)cc2c(-c3ccccc3C(O)=O)c3cc(Br)c(=O)cc3oc12,OHCFGBLQZMYRTR-UHFFFAOYSA-M,Launched
mercaptopurine,"immunosuppressant, protein synthesis inhibitor, purine antagonist","HPRT1, IMPDH1, IMPDH2, PPAT",hematologic malignancy,acute lymphoblastic leukemia (ALL),"Selleck, Selleck, Selleck, MicroSource",100,"S=c1nc[nH]c2nc[nH]c12, S=c1nc[nH]c2nc[nH]c12, S=c1nc[nH]c2nc[nH]c12, S=c1nc[nH]c2nc[nH]c12","GLVAUDGFNGKCSF-UHFFFAOYSA-N, GLVAUDGFNGKCSF-UHFFFAOYSA-N, GLVAUDGFNGKCSF-UHFFFAOYSA-N, GLVAUDGFNGKCSF-UHFFFAOYSA-N",Launched
mercaptosuccinic-acid,,,,,"Enamine, Enamine",100,"OC(=O)C[C@@H](S)C(O)=O |&1:4,r|, OC(=O)C[C@@H](S)C(O)=O |&1:4,r|","NJRXVEJTAYWCQJ-UWTATZPHSA-N, NJRXVEJTAYWCQJ-UWTATZPHSA-N",Launched
Merck60,HDAC inhibitor,"HDAC1, HDAC2",,,,0,,,Preclinical
mericitabine,HCV inhibitor,,,,"MedChemEx, MedChemEx, MedChemEx, MedChemEx, MedChemEx, MedChemEx",98,"CC(C)C(=O)OC[C@H]1O[C@@H](n2ccc(N)nc2=O)[C@](C)(F)[C@@H]1OC(=O)C(C)C, CC(C)C(=O)OC[C@H]1O[C@@H](n2ccc(N)nc2=O)[C@](C)(F)[C@@H]1OC(=O)C(C)C, CC(C)C(=O)OC[C@H]1O[C@@H](n2ccc(N)nc2=O)[C@](C)(F)[C@@H]1OC(=O)C(C)C, CC(C)C(=O)OC[C@H]1O[C@@H](n2ccc(N)nc2=O)[C@](C)(F)[C@@H]1OC(=O)C(C)C, CC(C)C(=O)OC[C@H]1O[C@@H](n2ccc(N)nc2=O)[C@](C)(F)[C@@H]1OC(=O)C(C)C, CC(C)C(=O)OC[C@H]1O[C@@H](n2ccc(N)nc2=O)[C@](C)(F)[C@@H]1OC(=O)C(C)C","MLESJYFEMSJZLZ-MAAOGQSESA-N, MLESJYFEMSJZLZ-MAAOGQSESA-N, MLESJYFEMSJZLZ-MAAOGQSESA-N, MLESJYFEMSJZLZ-MAAOGQSESA-N, MLESJYFEMSJZLZ-MAAOGQSESA-N, MLESJYFEMSJZLZ-MAAOGQSESA-N",Phase 2
merimepodib,inosine monophosphate dehydrogenase inhibitor,IMPDH1,,,"MedChemEx, MedChemEx, MedChemEx, MedChemEx, MedChemEx, MedChemEx, MedChemEx",98.21,"COc1cc(NC(=O)Nc2cccc(CNC(=O)O[C@H]3CCOC3)c2)ccc1-c1cnco1, COc1cc(NC(=O)Nc2cccc(CNC(=O)O[C@H]3CCOC3)c2)ccc1-c1cnco1, COc1cc(NC(=O)Nc2cccc(CNC(=O)O[C@H]3CCOC3)c2)ccc1-c1cnco1, COc1cc(NC(=O)Nc2cccc(CNC(=O)O[C@H]3CCOC3)c2)ccc1-c1cnco1, COc1cc(NC(=O)Nc2cccc(CNC(=O)O[C@H]3CCOC3)c2)ccc1-c1cnco1, COc1cc(NC(=O)Nc2cccc(CNC(=O)O[C@H]3CCOC3)c2)ccc1-c1cnco1, COc1cc(NC(=O)Nc2cccc(CNC(=O)O[C@H]3CCOC3)c2)ccc1-c1cnco1","JBPUGFODGPKTDW-SFHVURJKSA-N, JBPUGFODGPKTDW-SFHVURJKSA-N, JBPUGFODGPKTDW-SFHVURJKSA-N, JBPUGFODGPKTDW-SFHVURJKSA-N, JBPUGFODGPKTDW-SFHVURJKSA-N, JBPUGFODGPKTDW-SFHVURJKSA-N, JBPUGFODGPKTDW-SFHVURJKSA-N",Phase 2
meropenem,bacterial cell wall synthesis inhibitor,,infectious disease,"skin infections, intra-abdominal infections, meningitis","Key, MicroSource, Selleck, Selleck",23.73,"C[C@@H](O)[C@@H]1[C@H]2[C@@H](C)C(S[C@@H]3CN[C@@H](C3)C(=O)N(C)C)=C(N2C1=O)C(O)=O |c:19|, C[C@@H](O)[C@@H]1[C@H]2[C@@H](C)C(S[C@@H]3CN[C@@H](C3)C(=O)N(C)C)=C(N2C1=O)C(O)=O |c:19|, C[C@@H](O)[C@@H]1[C@H]2[C@@H](C)C(S[C@@H]3CN[C@@H](C3)C(=O)N(C)C)=C(N2C1=O)C(O)=O |c:19|, C[C@@H](O)[C@@H]1[C@H]2[C@@H](C)C(S[C@@H]3CN[C@@H](C3)C(=O)N(C)C)=C(N2C1=O)C(O)=O |c:19|","DMJNNHOOLUXYBV-PQTSNVLCSA-N, DMJNNHOOLUXYBV-PQTSNVLCSA-N, DMJNNHOOLUXYBV-PQTSNVLCSA-N, DMJNNHOOLUXYBV-PQTSNVLCSA-N",Launched
mertansine,microtubule inhibitor,,,,MedChemEx,91.36,"[H][C@@]12C[C@@](O)(NC(=O)O1)[C@]([H])(OC)\C=C\C=C(C)\Cc1cc(OC)c(Cl)c(c1)N(C)C(=O)C[C@]([H])(OC(=O)[C@H](C)N(C)C(=O)CCS)[C@]1(C)O[C@H]1[C@@H]2C |c:16,t:14|",ANZJBCHSOXCCRQ-UTOUECMYSA-N,Phase 2
mesalazine,"cyclooxygenase inhibitor, lipoxygenase inhibitor, prostanoid receptor antagonist","ALOX5, CHUK, IKBKB, MPO, PPARG, PTGS1, PTGS2",gastroenterology,"ulcerative colitis, inflammatory bowel disease","MicroSource, Selleck, Selleck, Selleck, Selleck",90.1,"Nc1ccc(O)c(c1)C(O)=O, Nc1ccc(O)c(c1)C(O)=O, Nc1ccc(O)c(c1)C(O)=O, Nc1ccc(O)c(c1)C(O)=O, Nc1ccc(O)c(c1)C(O)=O","KBOPZPXVLCULAV-UHFFFAOYSA-N, KBOPZPXVLCULAV-UHFFFAOYSA-N, KBOPZPXVLCULAV-UHFFFAOYSA-N, KBOPZPXVLCULAV-UHFFFAOYSA-N, KBOPZPXVLCULAV-UHFFFAOYSA-N",Launched
mesna,antioxidant,,urology,hemorrhagic cystitis,"MicroSource, Selleck, Selleck",92.74,"OS(=O)(=O)CCS, OS(=O)(=O)CCS, OS(=O)(=O)CCS","ZNEWHQLOPFWXOF-UHFFFAOYSA-N, ZNEWHQLOPFWXOF-UHFFFAOYSA-N, ZNEWHQLOPFWXOF-UHFFFAOYSA-N",Launched
mesoridazine,dopamine receptor antagonist,"DRD2, HTR2A",neurology/psychiatry,schizophrenia,"Selleck, Selleck, Selleck, MicroSource, MicroSource, MicroSource",96.87,"CN1CCCC[C@@H]1CCN1c2ccccc2Sc2ccc(cc12)[S@@](C)=O |a:23,&1:6|, CN1CCCC[C@@H]1CCN1c2ccccc2Sc2ccc(cc12)[S@@](C)=O |a:23,&1:6|, CN1CCCC[C@@H]1CCN1c2ccccc2Sc2ccc(cc12)[S@@](C)=O |a:23,&1:6|, CN1CCCC[C@@H]1CCN1c2ccccc2Sc2ccc(cc12)[S@@](C)=O |a:23,&1:6|, CN1CCCC[C@@H]1CCN1c2ccccc2Sc2ccc(cc12)[S@@](C)=O |a:23,&1:6|, CN1CCCC[C@@H]1CCN1c2ccccc2Sc2ccc(cc12)[S@@](C)=O |a:23,&1:6|","SLVMESMUVMCQIY-AKJBCIBTSA-N, SLVMESMUVMCQIY-AKJBCIBTSA-N, SLVMESMUVMCQIY-AKJBCIBTSA-N, SLVMESMUVMCQIY-AKJBCIBTSA-N, SLVMESMUVMCQIY-AKJBCIBTSA-N, SLVMESMUVMCQIY-AKJBCIBTSA-N",Launched
mestinon,cholinesterase inhibitor,"ACHE, BCHE",neurology/psychiatry,myasthenia gravis,"MedChemEx, MicroSource, MicroSource, MicroSource, Selleck",100,"CN(C)C(=O)Oc1ccc[n+](C)c1, CN(C)C(=O)Oc1ccc[n+](C)c1, CN(C)C(=O)Oc1ccc[n+](C)c1, CN(C)C(=O)Oc1ccc[n+](C)c1, CN(C)C(=O)Oc1ccc[n+](C)c1","RVOLLAQWKVFTGE-UHFFFAOYSA-N, RVOLLAQWKVFTGE-UHFFFAOYSA-N, RVOLLAQWKVFTGE-UHFFFAOYSA-N, RVOLLAQWKVFTGE-UHFFFAOYSA-N, RVOLLAQWKVFTGE-UHFFFAOYSA-N",Launched
mestranol,estrogen receptor agonist,ESR1,endocrinology,contraceptive,"MedChemEx, Selleck, Selleck, MicroSource",98.35,"COc1ccc2[C@H]3CC[C@@]4(C)[C@@H](CC[C@@]4(O)C#C)[C@@H]3CCc2c1, COc1ccc2[C@H]3CC[C@@]4(C)[C@@H](CC[C@@]4(O)C#C)[C@@H]3CCc2c1, COc1ccc2[C@H]3CC[C@@]4(C)[C@@H](CC[C@@]4(O)C#C)[C@@H]3CCc2c1, COc1ccc2[C@H]3CC[C@@]4(C)[C@@H](CC[C@@]4(O)C#C)[C@@H]3CCc2c1","IMSSROKUHAOUJS-MJCUULBUSA-N, IMSSROKUHAOUJS-MJCUULBUSA-N, IMSSROKUHAOUJS-MJCUULBUSA-N, IMSSROKUHAOUJS-MJCUULBUSA-N",Launched
mesulergine,dopamine receptor agonist,"HTR2A, HTR2B, HTR2C, HTR3A, HTR3B, HTR6, HTR7",,,"Enzo, Tocris",95.09,"CN(C)S(=O)(=O)N[C@H]1C[C@H]2[C@@H](Cc3cn(C)c4cccc2c34)N(C)C1, CN(C)S(=O)(=O)N[C@H]1C[C@H]2[C@@H](Cc3cn(C)c4cccc2c34)N(C)C1","JLVHTNZNKOSCNB-YSVLISHTSA-N, JLVHTNZNKOSCNB-YSVLISHTSA-N",Phase 2
meta-cresyl-acetate,,,,,MicroSource,0,CC(=O)Oc1cccc(C)c1,OTGAHJPFNKQGAE-UHFFFAOYSA-N,Preclinical
metacetamol,analgesic agent,,,,MicroSource,99.02,CC(=O)Nc1cccc(O)c1,QLNWXBAGRTUKKI-UHFFFAOYSA-N,Preclinical
metacresol,,INS,,,"MicroSource, MicroSource, MedChemEx",96.37,"Cc1cccc(O)c1, Cc1cccc(O)c1, Cc1cccc(O)c1","RLSSMJSEOOYNOY-UHFFFAOYSA-N, RLSSMJSEOOYNOY-UHFFFAOYSA-N, RLSSMJSEOOYNOY-UHFFFAOYSA-N",Launched
metafolin,,,,,"MedChemEx, MedChemEx, MedChemEx",67.8,"CN1[C@@H](CNc2ccc(cc2)C(=O)N[C@@H](CCC(O)=O)C(O)=O)CNc2[nH]c(N)nc(=O)c12, CN1[C@@H](CNc2ccc(cc2)C(=O)N[C@@H](CCC(O)=O)C(O)=O)CNc2[nH]c(N)nc(=O)c12, CN1[C@@H](CNc2ccc(cc2)C(=O)N[C@@H](CCC(O)=O)C(O)=O)CNc2[nH]c(N)nc(=O)c12","ZNOVTXRBGFNYRX-STQMWFEESA-N, ZNOVTXRBGFNYRX-STQMWFEESA-N, ZNOVTXRBGFNYRX-STQMWFEESA-N",Launched
metamizole,"cyclooxygenase inhibitor, opioid receptor agonist",PTGS1,,,MicroSource,93.08,CN(CS(O)(=O)=O)c1c(C)n(C)n(-c2ccccc2)c1=O,LVWZTYCIRDMTEY-UHFFFAOYSA-N,Withdrawn
metaphit,phencyclidine receptor acylator,,,,"SantaCruz, Tocris",36.49,"S=C=Nc1cccc(c1)C1(CCCCC1)N1CCCCC1, S=C=Nc1cccc(c1)C1(CCCCC1)N1CCCCC1","FGSGBQAQSPSRJK-UHFFFAOYSA-N, FGSGBQAQSPSRJK-UHFFFAOYSA-N",Preclinical
metaproterenol,adrenergic receptor agonist,ADRB2,pulmonary,"bronchospasm, asthma, bronchitis, emphysema","Selleck, Selleck, Selleck, Selleck",98.07,"CC(C)NC[C@@H](O)c1cc(O)cc(O)c1 |&1:5|, CC(C)NC[C@@H](O)c1cc(O)cc(O)c1 |&1:5|, CC(C)NC[C@@H](O)c1cc(O)cc(O)c1 |&1:5|, CC(C)NC[C@@H](O)c1cc(O)cc(O)c1 |&1:5|","LMOINURANNBYCM-LLVKDONJSA-N, LMOINURANNBYCM-LLVKDONJSA-N, LMOINURANNBYCM-LLVKDONJSA-N, LMOINURANNBYCM-LLVKDONJSA-N",Launched
metaraminol,adrenergic receptor agonist,ADRA1A,cardiology,hypotension,"MicroSource, Selleck, Selleck, Selleck, Selleck",99.15,"C[C@H](N)[C@H](O)c1cccc(O)c1, C[C@H](N)[C@H](O)c1cccc(O)c1, C[C@H](N)[C@H](O)c1cccc(O)c1, C[C@H](N)[C@H](O)c1cccc(O)c1, C[C@H](N)[C@H](O)c1cccc(O)c1","WXFIGDLSSYIKKV-RCOVLWMOSA-N, WXFIGDLSSYIKKV-RCOVLWMOSA-N, WXFIGDLSSYIKKV-RCOVLWMOSA-N, WXFIGDLSSYIKKV-RCOVLWMOSA-N, WXFIGDLSSYIKKV-RCOVLWMOSA-N",Launched
metatinib,Bcr-Abl kinase inhibitor,"ABL1, BCR",,,"MedChemEx, Selleck, Selleck, Selleck",98.07,"Nc1nccc(Oc2ccc(NC(=O)c3c[nH]cc(-c4ccc(F)cc4)c3=O)cc2F)c1Cl, Nc1nccc(Oc2ccc(NC(=O)c3c[nH]cc(-c4ccc(F)cc4)c3=O)cc2F)c1Cl, Nc1nccc(Oc2ccc(NC(=O)c3c[nH]cc(-c4ccc(F)cc4)c3=O)cc2F)c1Cl, Nc1nccc(Oc2ccc(NC(=O)c3c[nH]cc(-c4ccc(F)cc4)c3=O)cc2F)c1Cl","PDYXPCKITKHFOZ-UHFFFAOYSA-N, PDYXPCKITKHFOZ-UHFFFAOYSA-N, PDYXPCKITKHFOZ-UHFFFAOYSA-N, PDYXPCKITKHFOZ-UHFFFAOYSA-N",Phase 1
metaxalone,muscle relaxant,,neurology/psychiatry,muscle pain,MicroSource,99.54,"Cc1cc(C)cc(OC[C@H]2CNC(=O)O2)c1 |&1:9,r|",IMWZZHHPURKASS-LLVKDONJSA-N,Launched
metazosin,adrenergic receptor antagonist,ADRA1A,,,Sigma,98.7,"CO[C@@H](C)C(=O)N1CCN(CC1)c1nc(N)c2cc(OC)c(OC)cc2n1 |&1:2,r|",YEOTYALSMRNXLJ-NSHDSACASA-N,Phase 2
metenkephalin,immunostimulant,OPRD1,,,"MPBio, MPBio",91.27,"CSCC[C@@H](NC(=O)[C@@H](Cc1ccccc1)NC(=O)CNC(=O)CNC(=O)[C@@H](N)Cc1ccc(O)cc1)C(O)=O |&1:4,&2:8,&3:27,r|, CSCC[C@@H](NC(=O)[C@@H](Cc1ccccc1)NC(=O)CNC(=O)CNC(=O)[C@@H](N)Cc1ccc(O)cc1)C(O)=O |&1:4,&2:8,&3:27,r|","YFGBQHOOROIVKG-BHDDXSALSA-N, YFGBQHOOROIVKG-BHDDXSALSA-N",Phase 2
metergoline,"dopamine receptor agonist, serotonin receptor antagonist","HTR1A, HTR1B, HTR1D, HTR1E, HTR1F, HTR2A, HTR2B, HTR2C, HTR5A, HTR6, HTR7","neurology/psychiatry, endocrinology","seasonal affective disorder, anxiety, hyperprolactinemia","Tocris, Tocris, Tocris, Tocris",94,"CN1C[C@H](CNC(=O)OCc2ccccc2)C[C@H]2[C@H]1Cc1cn(C)c3cccc2c13, CN1C[C@H](CNC(=O)OCc2ccccc2)C[C@H]2[C@H]1Cc1cn(C)c3cccc2c13, CN1C[C@H](CNC(=O)OCc2ccccc2)C[C@H]2[C@H]1Cc1cn(C)c3cccc2c13, CN1C[C@H](CNC(=O)OCc2ccccc2)C[C@H]2[C@H]1Cc1cn(C)c3cccc2c13","WZHJKEUHNJHDLS-QTGUNEKASA-N, WZHJKEUHNJHDLS-QTGUNEKASA-N, WZHJKEUHNJHDLS-QTGUNEKASA-N, WZHJKEUHNJHDLS-QTGUNEKASA-N",Launched
metformin,insulin sensitizer,"ACACB, PRKAB1",endocrinology,diabetes mellitus,"MicroSource, Tocris, Selleck, Selleck, Tocris, Tocris",95.76,"CN(C)C(=N)N=C(N)N, CN(C)C(=N)N=C(N)N, CN(C)C(=N)N=C(N)N, CN(C)C(=N)N=C(N)N, CN(C)C(=N)N=C(N)N, CN(C)C(=N)N=C(N)N","XZWYZXLIPXDOLR-UHFFFAOYSA-N, XZWYZXLIPXDOLR-UHFFFAOYSA-N, XZWYZXLIPXDOLR-UHFFFAOYSA-N, XZWYZXLIPXDOLR-UHFFFAOYSA-N, XZWYZXLIPXDOLR-UHFFFAOYSA-N, XZWYZXLIPXDOLR-UHFFFAOYSA-N",Launched
methacholine,acetylcholine receptor agonist,"CHRM2, CHRM4",pulmonary,bronchial hyperresponsiveness diagnostic,"MedChemEx, MedChemEx, MicroSource",100,"C[C@@H](C[N+](C)(C)C)OC(C)=O |&1:1|, C[C@@H](C[N+](C)(C)C)OC(C)=O |&1:1|, C[C@@H](C[N+](C)(C)C)OC(C)=O |&1:1|","NZWOPGCLSHLLPA-ZETCQYMHSA-N, NZWOPGCLSHLLPA-ZETCQYMHSA-N, NZWOPGCLSHLLPA-ZETCQYMHSA-N",Launched
methacycline,protein synthesis inhibitor,,pulmonary,bronchitis,MedChemEx,86.43,"[H][C@]12[C@H](O)[C@@]3([H])[C@H](N(C)C)C(=O)[C@H](C(N)=O)C(=O)[C@@]3(O)C(=O)[C@H]1C(=O)c1c(O)cccc1C2=C |&1:22,&2:12|",QNJKSUYWBCNWFI-IKHBEOKZSA-N,Preclinical
methanesulfonyl-fluoride,acetylcholinesterase inhibitor,ACHE,,,"Sigma, Sigma",0,"CS(F)(=O)=O, CS(F)(=O)=O","KNWQLFOXPQZGPX-UHFFFAOYSA-N, KNWQLFOXPQZGPX-UHFFFAOYSA-N",Phase 2
methantheline,acetylcholine receptor antagonist,"CHRM1, HRH2","gastroenterology, neurology/psychiatry, urology","peptic ulcer disease (PUD), irritable bowel syndrome, pancreatitis, dyskinesia, neurogenic bladder","Prestwick, Toronto",95.7,"CC[N+](C)(CC)CCOC(=O)C1c2ccccc2Oc2ccccc12, CC[N+](C)(CC)CCOC(=O)C1c2ccccc2Oc2ccccc12","GZHFODJQISUKAY-UHFFFAOYSA-N, GZHFODJQISUKAY-UHFFFAOYSA-N",Launched
methapyrilene,histamine receptor antagonist,HRH1,,,"MicroSource, Selleck",93.74,"CN(C)CCN(Cc1cccs1)c1ccccn1, CN(C)CCN(Cc1cccs1)c1ccccn1","HNJJXZKZRAWDPF-UHFFFAOYSA-N, HNJJXZKZRAWDPF-UHFFFAOYSA-N",Withdrawn
metharbital,GABA receptor modulator,"CHRNA4, CHRNA7, GABRA1, GABRA2, GABRA3, GABRA4, GABRA5, GABRA6, GABRB1, GABRB2, GABRB3, GABRD, GABRE, GABRG1, GABRG2, GABRG3, GABRP, GABRQ, GRIA2, GRIK2",neurology/psychiatry,epilepsy,"Enamine, Enamine, Enamine, Enamine",99.64,"CCC1(CC)C(=O)NC(=O)N(C)C1=O, CCC1(CC)C(=O)NC(=O)N(C)C1=O, CCC1(CC)C(=O)NC(=O)N(C)C1=O, CCC1(CC)C(=O)NC(=O)N(C)C1=O","FWJKNZONDWOGMI-UHFFFAOYSA-N, FWJKNZONDWOGMI-UHFFFAOYSA-N, FWJKNZONDWOGMI-UHFFFAOYSA-N, FWJKNZONDWOGMI-UHFFFAOYSA-N",Launched
methazolamide,carbonic anhydrase inhibitor,"CA1, CA12, CA14, CA2, CA4, CA7",ophthalmology,"glaucoma, intraocular pressure",MedChemEx,90.21,CC(=O)N=c1sc(nn1C)S(N)(=O)=O,FLOSMHQXBMRNHR-UHFFFAOYSA-N,Launched
methenamine,bacterial DNA inhibitor,,infectious disease,urinary tract infections,"Selleck, MicroSource",100,"C1N2CN3CN1CN(C2)C3, C1N2CN3CN1CN(C2)C3","VKYKSIONXSXAKP-UHFFFAOYSA-N, VKYKSIONXSXAKP-UHFFFAOYSA-N",Launched
methiazole,anthelmintic agent,,,,"Prestwick, Prestwick",95.06,"COC(=O)Nc1nc2ccc(SC(C)C)cc2[nH]1, COC(=O)Nc1nc2ccc(SC(C)C)cc2[nH]1","SXJIZQPZESTWLD-UHFFFAOYSA-N, SXJIZQPZESTWLD-UHFFFAOYSA-N",Preclinical
methicillin,bacterial cell wall synthesis inhibitor,,infectious disease,"gram-negative bacterial infections, gram-positive bacterial infections","Sigma, MicroSource",85.33,"COc1cccc(OC)c1C(=O)N[C@H]1[C@H]2SC(C)(C)[C@@H](N2C1=O)C(O)=O, COc1cccc(OC)c1C(=O)N[C@H]1[C@H]2SC(C)(C)[C@@H](N2C1=O)C(O)=O","RJQXTJLFIWVMTO-TYNCELHUSA-N, RJQXTJLFIWVMTO-TYNCELHUSA-N",Launched
methimazole,antithyroid agent,TPO,endocrinology,hyperthyroidism,"Selleck, MicroSource, MicroSource",100,"Cn1cc[nH]c1=S, Cn1cc[nH]c1=S, Cn1cc[nH]c1=S","PMRYVIKBURPHAH-UHFFFAOYSA-N, PMRYVIKBURPHAH-UHFFFAOYSA-N, PMRYVIKBURPHAH-UHFFFAOYSA-N",Launched
methionine,,METAP2,,,Sigma,47.29,"CSCC[C@@H](N)C(O)=O |&1:4,r|",FFEARJCKVFRZRR-SCSAIBSYSA-N,Launched
methiopril,angiotensin converting enzyme inhibitor,ACE,,,Vitas-M,91.68,"C[C@@H]1CCC[C@@H](N1C(=O)CCSC(C)=O)C(O)=O |&1:1,5,r|",JHFOAISYWJRTIM-PSASIEDQSA-N,Phase 2
methocarbamol,muscle relaxant,CA1,neurology/psychiatry,muscle relaxant,"Selleck, MedChemEx, MicroSource, MicroSource",99.36,"COc1ccccc1OC[C@@H](O)COC(N)=O |&1:10,r|, COc1ccccc1OC[C@@H](O)COC(N)=O |&1:10,r|, COc1ccccc1OC[C@@H](O)COC(N)=O |&1:10,r|, COc1ccccc1OC[C@@H](O)COC(N)=O |&1:10,r|","GNXFOGHNGIVQEH-MRVPVSSYSA-N, GNXFOGHNGIVQEH-MRVPVSSYSA-N, GNXFOGHNGIVQEH-MRVPVSSYSA-N, GNXFOGHNGIVQEH-MRVPVSSYSA-N",Launched
methoprene-(s),,,,,"MicroSource, Sigma",86.73,"COC(C)(C)CCC[C@H](C)C\C=C\C(\C)=C\C(=O)OC(C)C, COC(C)(C)CCC[C@H](C)C\C=C\C(\C)=C\C(=O)OC(C)C","NFGXHKASABOEEW-GYMWBFJFSA-N, NFGXHKASABOEEW-GYMWBFJFSA-N",Preclinical
methotrexate,dihydrofolate reductase inhibitor,DHFR,"oncology, hematologic malignancy, dermatology, rheumatology","gestational choriocarcinoma, hydatidiform mole, acute lymphoblastic leukemia (ALL), psoriasis, rheumatoid arthritis","Selleck, Selleck, Selleck, Selleck, Selleck, Tocris, Tocris, Tocris, Tocris",98.9,"CN(Cc1cnc2nc(N)nc(N)c2n1)c1ccc(cc1)C(=O)N[C@@H](CCC(O)=O)C(O)=O, CN(Cc1cnc2nc(N)nc(N)c2n1)c1ccc(cc1)C(=O)N[C@@H](CCC(O)=O)C(O)=O, CN(Cc1cnc2nc(N)nc(N)c2n1)c1ccc(cc1)C(=O)N[C@@H](CCC(O)=O)C(O)=O, CN(Cc1cnc2nc(N)nc(N)c2n1)c1ccc(cc1)C(=O)N[C@@H](CCC(O)=O)C(O)=O, CN(Cc1cnc2nc(N)nc(N)c2n1)c1ccc(cc1)C(=O)N[C@@H](CCC(O)=O)C(O)=O, CN(Cc1cnc2nc(N)nc(N)c2n1)c1ccc(cc1)C(=O)N[C@@H](CCC(O)=O)C(O)=O, CN(Cc1cnc2nc(N)nc(N)c2n1)c1ccc(cc1)C(=O)N[C@@H](CCC(O)=O)C(O)=O, CN(Cc1cnc2nc(N)nc(N)c2n1)c1ccc(cc1)C(=O)N[C@@H](CCC(O)=O)C(O)=O, CN(Cc1cnc2nc(N)nc(N)c2n1)c1ccc(cc1)C(=O)N[C@@H](CCC(O)=O)C(O)=O","FBOZXECLQNJBKD-ZDUSSCGKSA-N, FBOZXECLQNJBKD-ZDUSSCGKSA-N, FBOZXECLQNJBKD-ZDUSSCGKSA-N, FBOZXECLQNJBKD-ZDUSSCGKSA-N, FBOZXECLQNJBKD-ZDUSSCGKSA-N, FBOZXECLQNJBKD-ZDUSSCGKSA-N, FBOZXECLQNJBKD-ZDUSSCGKSA-N, FBOZXECLQNJBKD-ZDUSSCGKSA-N, FBOZXECLQNJBKD-ZDUSSCGKSA-N",Launched
methoxamine,adrenergic receptor agonist,"ADRA1A, ADRA1B, ADRA1D",cardiology,hypotension,"Selleck, MicroSource, Selleck, Selleck, Selleck",97.81,"COc1ccc(OC)c(c1)C(O)C(C)N, COc1ccc(OC)c(c1)C(O)C(C)N, COc1ccc(OC)c(c1)C(O)C(C)N, COc1ccc(OC)c(c1)C(O)C(C)N, COc1ccc(OC)c(c1)C(O)C(C)N","WJAJPNHVVFWKKL-UHFFFAOYSA-N, WJAJPNHVVFWKKL-UHFFFAOYSA-N, WJAJPNHVVFWKKL-UHFFFAOYSA-N, WJAJPNHVVFWKKL-UHFFFAOYSA-N, WJAJPNHVVFWKKL-UHFFFAOYSA-N",Launched
methoxsalen,DNA synthesis inhibitor,"CYP1A1, CYP1A2, CYP2A13, CYP2A6, CYP3A4",dermatology,psoriasis,"Selleck, MicroSource",99.46,"COc1c2occc2cc2ccc(=O)oc12, COc1c2occc2cc2ccc(=O)oc12","QXKHYNVANLEOEG-UHFFFAOYSA-N, QXKHYNVANLEOEG-UHFFFAOYSA-N",Launched
methoxyamine,DNA repair enzyme inhibitor,APEX1,,,Otava,0,CON,GMPKIPWJBDOURN-UHFFFAOYSA-N,Phase 2
methoxyflurane,membrane permeability inhibitor,"ATP2C1, ATP5D, GABRA1, GABRA2, GABRA3, GABRA4, GABRA5, GABRA6, GABRB1, GABRB2, GABRB3, GABRD, GABRE, GABRG1, GABRG2, GABRG3, GABRP, GABRQ, GLRA1, GLRB, GRIA1, KCNA1, MT-ND1",neurology/psychiatry,general anaesthetic,"Sigma, Sigma, MatrixSci, MatrixSci, MatrixSci",0,"COC(F)(F)C(Cl)Cl, COC(F)(F)C(Cl)Cl, COC(F)(F)C(Cl)Cl, COC(F)(F)C(Cl)Cl, COC(F)(F)C(Cl)Cl","RFKMCNOHBTXSMU-UHFFFAOYSA-N, RFKMCNOHBTXSMU-UHFFFAOYSA-N, RFKMCNOHBTXSMU-UHFFFAOYSA-N, RFKMCNOHBTXSMU-UHFFFAOYSA-N, RFKMCNOHBTXSMU-UHFFFAOYSA-N",Launched
methoxyphenamine,adrenergic receptor agonist,,pulmonary,asthma,Sigma,98.67,"CN[C@@H](C)Cc1ccccc1OC |&1:2,r|",OEHAYUOVELTAPG-VIFPVBQESA-N,Launched
methscopolamine,acetylcholine receptor antagonist,"CHRM1, CHRM2, CHRM3",gastroenterology,peptic ulcer disease (PUD),"MedChemEx, MedChemEx, Selleck, Selleck, Selleck",98.54,"C[N+]1(C)[C@H]2C[C@@H](C[C@@H]1[C@H]1O[C@@H]21)OC(=O)[C@H](CO)c1ccccc1, C[N+]1(C)[C@H]2C[C@@H](C[C@@H]1[C@H]1O[C@@H]21)OC(=O)[C@H](CO)c1ccccc1, C[N+]1(C)[C@H]2C[C@@H](C[C@@H]1[C@H]1O[C@@H]21)OC(=O)[C@H](CO)c1ccccc1, C[N+]1(C)[C@H]2C[C@@H](C[C@@H]1[C@H]1O[C@@H]21)OC(=O)[C@H](CO)c1ccccc1, C[N+]1(C)[C@H]2C[C@@H](C[C@@H]1[C@H]1O[C@@H]21)OC(=O)[C@H](CO)c1ccccc1","LZCOQTDXKCNBEE-IKIFYQGPSA-N, LZCOQTDXKCNBEE-IKIFYQGPSA-N, LZCOQTDXKCNBEE-IKIFYQGPSA-N, LZCOQTDXKCNBEE-IKIFYQGPSA-N, LZCOQTDXKCNBEE-IKIFYQGPSA-N",Launched
methsuximide,T-type calcium channel blocker,"CACNA1G, CACNA1H, CACNA1I",neurology/psychiatry,seizures,"MicroSource, AMS, AMS",99.54,"CN1C(=O)C[C@@](C)(C1=O)c1ccccc1 |&1:5,r|, CN1C(=O)C[C@@](C)(C1=O)c1ccccc1 |&1:5,r|, CN1C(=O)C[C@@](C)(C1=O)c1ccccc1 |&1:5,r|","AJXPJJZHWIXJCJ-GFCCVEGCSA-N, AJXPJJZHWIXJCJ-GFCCVEGCSA-N, AJXPJJZHWIXJCJ-GFCCVEGCSA-N",Launched
methyclothiazide,chloride reabsorption inhibitor,"SLC12A1, SLC12A3",cardiology,"hypertension, edema","Selleck, Selleck",97.93,"CN1[C@@H](CCl)Nc2cc(Cl)c(cc2S1(=O)=O)S(N)(=O)=O |&1:2,r|, CN1[C@@H](CCl)Nc2cc(Cl)c(cc2S1(=O)=O)S(N)(=O)=O |&1:2,r|","CESYKOGBSMNBPD-VIFPVBQESA-N, CESYKOGBSMNBPD-VIFPVBQESA-N",Launched
methyl-aminolevulinate,oxidizing agent,"FCGR1A, FECH",dermatology,actinic keratosis (AK),Enzo,0,COC(=O)CCC(=O)CN,YUUAYBAIHCDHHD-UHFFFAOYSA-N,Launched
methyl-nicotinate,,,,,"Sigma, Vitas-M",0,"COC(=O)c1cccnc1, COC(=O)c1cccnc1","YNBADRVTZLEFNH-UHFFFAOYSA-N, YNBADRVTZLEFNH-UHFFFAOYSA-N",Phase 2
methyl-salicylate,,,"endocrinology, neurology/psychiatry","fever, pain relief","MedChemEx, Enamine",0,"COC(=O)c1ccccc1O, COC(=O)c1ccccc1O","OSWPMRLSEDHDFF-UHFFFAOYSA-N, OSWPMRLSEDHDFF-UHFFFAOYSA-N",Launched
methyl-5-hydroxytryptamine,,,,,"Tocris, Tocris",64.4,"C[C@@H](N)Cc1c[nH]c2ccc(O)cc12 |&1:1|, C[C@@H](N)Cc1c[nH]c2ccc(O)cc12 |&1:1|","LYPCGXKCQDYTFV-SSDOTTSWSA-N, LYPCGXKCQDYTFV-SSDOTTSWSA-N",Preclinical
methylatropine-nitrate,acetylcholine receptor antagonist,CHRM1,,,Vitas-M,82.69,"C[N+]1(C)[C@H]2CC[C@@H]1C[C@@H](C2)OC(=O)[C@@H](CO)c1ccccc1 |&1:3,6,8,&2:13|",PIPAJLPNWZMYQA-HZMVEIRTSA-N,Preclinical
methylbenactyzium-bromide,cholinergic receptor antagonist,,,,MedChemEx,98.62,CC[N+](C)(CC)CCOC(=O)C(O)(c1ccccc1)c1ccccc1,HDAMOICMOAXFLJ-UHFFFAOYSA-N,Preclinical
methylbenzethonium-chloride,other antibiotic,,,,"MicroSource, Sigma",97.14,"Cc1cc(ccc1OCCOCC[N+](C)(C)Cc1ccccc1)C(C)(C)CC(C)(C)C, Cc1cc(ccc1OCCOCC[N+](C)(C)Cc1ccccc1)C(C)(C)CC(C)(C)C","UQOOPIMXBSPVJI-UHFFFAOYSA-N, UQOOPIMXBSPVJI-UHFFFAOYSA-N",Preclinical
methylcobalamin,vitamin B,,,,MedChemEx,27.21,"[H][C@]1(CO)O[C@]([H])(n2cnc3cc(C)c(C)cc23)[C@]([H])(O)[C@]1([H])OP(O)(=O)O[C@H](C)CNC(=O)CC[C@@]1(C)\C2=C(C)\C3=N\C(=C\C4=N\C(=C(C)/C5=N[C@@](C)([C@@]([H])(N2[Co+]C)[C@]1([H])CC(N)=O)[C@@](C)(CC(N)=O)[C@]5([H])CCC(N)=O)\[C@@](C)(CC(N)=O)[C@]4([H])CCC(N)=O)\C(C)(C)[C@]3([H])CCC(N)=O |c:41,t:44,46,48,50,53|",JEWJRMKHSMTXPP-WDJKBINPSA-M,Phase 3
methyldopa,adrenergic receptor agonist,"ADRA2A, ADRA2B, ADRA2C, DDC",cardiology,hypertension,"Selleck, Tocris, Tocris, Selleck, Tocris, MicroSource",100,"C[C@](N)(Cc1ccc(O)c(O)c1)C(O)=O, C[C@](N)(Cc1ccc(O)c(O)c1)C(O)=O, C[C@](N)(Cc1ccc(O)c(O)c1)C(O)=O, C[C@](N)(Cc1ccc(O)c(O)c1)C(O)=O, C[C@](N)(Cc1ccc(O)c(O)c1)C(O)=O, C[C@](N)(Cc1ccc(O)c(O)c1)C(O)=O","CJCSPKMFHVPWAR-JTQLQIEISA-N, CJCSPKMFHVPWAR-JTQLQIEISA-N, CJCSPKMFHVPWAR-JTQLQIEISA-N, CJCSPKMFHVPWAR-JTQLQIEISA-N, CJCSPKMFHVPWAR-JTQLQIEISA-N, CJCSPKMFHVPWAR-JTQLQIEISA-N",Launched
methyldopate,,,cardiology,hypertension,"Prestwick, Prestwick",92.17,"CCOC(=O)[C@@](C)(N)Cc1ccc(O)c(O)c1, CCOC(=O)[C@@](C)(N)Cc1ccc(O)c(O)c1","SVEBYYWCXTVYCR-LBPRGKRZSA-N, SVEBYYWCXTVYCR-LBPRGKRZSA-N",Launched
methylene-blue,"guanylyl cyclase inhibitor, nitric oxide production inhibitor",ACHE,hematology,methemoglobinemia,"MicroSource, MedChemEx",47.14,"CN(C)c1ccc2nc3ccc(cc3sc2c1)=[N+](C)C, CN(C)c1ccc2nc3ccc(cc3sc2c1)=[N+](C)C","RBTBFTRPCNLSDE-UHFFFAOYSA-N, RBTBFTRPCNLSDE-UHFFFAOYSA-N",Launched
methylergometrine,"dopamine receptor antagonist, serotonin receptor antagonist","DRD1, HTR1E, HTR1F, HTR2A, HTR2B, HTR2C","hematology, neurology/psychiatry","postpartum hemorrhage (PPH), migraine headache","Tocris, Tocris, MicroSource",92.76,"CC[C@@H](CO)NC(=O)[C@H]1CN(C)[C@@H]2Cc3c[nH]c4cccc(C2=C1)c34 |c:23|, CC[C@@H](CO)NC(=O)[C@H]1CN(C)[C@@H]2Cc3c[nH]c4cccc(C2=C1)c34 |c:23|, CC[C@@H](CO)NC(=O)[C@H]1CN(C)[C@@H]2Cc3c[nH]c4cccc(C2=C1)c34 |c:23|","UNBRKDKAWYKMIV-QWQRMKEZSA-N, UNBRKDKAWYKMIV-QWQRMKEZSA-N, UNBRKDKAWYKMIV-QWQRMKEZSA-N",Launched
methyllycaconitine,acetylcholine receptor antagonist,CHRNA7,,,"Tocris, Tocris, Tocris, Tocris",93.67,"CCN1C[C@]2(COC(=O)c3ccccc3N3C(=O)C[C@H](C)C3=O)CC[C@H](OC)[C@@]34[C@@H]5C[C@H]6[C@H](OC)[C@@H]5[C@](O)(C[C@@H]6OC)[C@@](O)([C@@H](OC)[C@H]23)[C@@H]14, CCN1C[C@]2(COC(=O)c3ccccc3N3C(=O)C[C@H](C)C3=O)CC[C@H](OC)[C@@]34[C@@H]5C[C@H]6[C@H](OC)[C@@H]5[C@](O)(C[C@@H]6OC)[C@@](O)([C@@H](OC)[C@H]23)[C@@H]14, CCN1C[C@]2(COC(=O)c3ccccc3N3C(=O)C[C@H](C)C3=O)CC[C@H](OC)[C@@]34[C@@H]5C[C@H]6[C@H](OC)[C@@H]5[C@](O)(C[C@@H]6OC)[C@@](O)([C@@H](OC)[C@H]23)[C@@H]14, CCN1C[C@]2(COC(=O)c3ccccc3N3C(=O)C[C@H](C)C3=O)CC[C@H](OC)[C@@]34[C@@H]5C[C@H]6[C@H](OC)[C@@H]5[C@](O)(C[C@@H]6OC)[C@@](O)([C@@H](OC)[C@H]23)[C@@H]14","XLTANAWLDBYGFU-VTLKBQQISA-N, XLTANAWLDBYGFU-VTLKBQQISA-N, XLTANAWLDBYGFU-VTLKBQQISA-N, XLTANAWLDBYGFU-VTLKBQQISA-N",Preclinical
methylnaltrexone,opioid receptor antagonist,"OPRD1, OPRK1, OPRM1",gastroenterology,constipation,MedChemEx,92.79,[H][C@]12Oc3c4c(C[C@]5([H])[C@](O)(CCC1=O)[C@]24CC[N@+]5(C)CC1CC1)ccc3O,JVLBPIPGETUEET-WIXLDOGYSA-O,Launched
methylparaben,other antifungal,,dermatology,cosmetic,"MedChemEx, Enamine",98.44,"COC(=O)c1ccc(O)cc1, COC(=O)c1ccc(O)cc1","LXCFILQKKLGQFO-UHFFFAOYSA-N, LXCFILQKKLGQFO-UHFFFAOYSA-N",Launched
methylprednisolone,glucocorticoid receptor agonist,NR3C1,"endocrinology, rheumatology, dermatology, infectious disease, allergy, hematology, neurology/psychiatry, gastroenterology","hypercalcemia, thyroiditis, ankylosing spondylitis, bursitis, osteoarthritis, psoriatic arthritis, seborrheic dermatitis, mycosis, allergic rhinitis, psoriasis, anemia, multiple sclerosis, ulcerative colitis, enteritis","Tocris, Selleck, Selleck, Selleck, MicroSource, MicroSource",95.49,"C[C@H]1C[C@H]2[C@@H]3CC[C@](O)(C(=O)CO)[C@@]3(C)C[C@H](O)[C@@H]2[C@@]2(C)C=CC(=O)C=C12 |c:23,t:27|, C[C@H]1C[C@H]2[C@@H]3CC[C@](O)(C(=O)CO)[C@@]3(C)C[C@H](O)[C@@H]2[C@@]2(C)C=CC(=O)C=C12 |c:23,t:27|, C[C@H]1C[C@H]2[C@@H]3CC[C@](O)(C(=O)CO)[C@@]3(C)C[C@H](O)[C@@H]2[C@@]2(C)C=CC(=O)C=C12 |c:23,t:27|, C[C@H]1C[C@H]2[C@@H]3CC[C@](O)(C(=O)CO)[C@@]3(C)C[C@H](O)[C@@H]2[C@@]2(C)C=CC(=O)C=C12 |c:23,t:27|, C[C@H]1C[C@H]2[C@@H]3CC[C@](O)(C(=O)CO)[C@@]3(C)C[C@H](O)[C@@H]2[C@@]2(C)C=CC(=O)C=C12 |c:23,t:27|, C[C@H]1C[C@H]2[C@@H]3CC[C@](O)(C(=O)CO)[C@@]3(C)C[C@H](O)[C@@H]2[C@@]2(C)C=CC(=O)C=C12 |c:23,t:27|","VHRSUDSXCMQTMA-PJHHCJLFSA-N, VHRSUDSXCMQTMA-PJHHCJLFSA-N, VHRSUDSXCMQTMA-PJHHCJLFSA-N, VHRSUDSXCMQTMA-PJHHCJLFSA-N, VHRSUDSXCMQTMA-PJHHCJLFSA-N, VHRSUDSXCMQTMA-PJHHCJLFSA-N",Launched
methylprednisolone-aceponate,"anti-inflammatory agent, glucocorticoid receptor agonist",NR3C1,"endocrinology, rheumatology, infectious disease, allergy, pulmonary, gastroenterology, dermatology, neurology/psychiatry, hematology","congenital adrenal hyperplasia, thyroiditis, hypercalcemia, rheumatoid arthritis, bursitis, epicondylitis, allergic rhinitis, asthma, ulcerative colitis, enteritis, osteoarthritis, psoriasis, multiple sclerosis, anemia","Alinda, Alinda, Sigma",97.13,"CCC(=O)O[C@@]1(CC[C@H]2[C@@H]3C[C@H](C)C4=CC(=O)C=C[C@]4(C)[C@H]3[C@@H](O)C[C@]12C)C(=O)COC(C)=O |c:17,t:13|, CCC(=O)O[C@@]1(CC[C@H]2[C@@H]3C[C@H](C)C4=CC(=O)C=C[C@]4(C)[C@H]3[C@@H](O)C[C@]12C)C(=O)COC(C)=O |c:17,t:13|, CCC(=O)O[C@@]1(CC[C@H]2[C@@H]3C[C@H](C)C4=CC(=O)C=C[C@]4(C)[C@H]3[C@@H](O)C[C@]12C)C(=O)COC(C)=O |c:17,t:13|","DALKLAYLIPSCQL-YPYQNWSCSA-N, DALKLAYLIPSCQL-YPYQNWSCSA-N, DALKLAYLIPSCQL-YPYQNWSCSA-N",Launched
methylprednisolone-sodium-succinate,glucocorticoid receptor agonist,,"endocrinology, rheumatology, dermatology, pulmonary, allergy, infectious disease, ophthalmology, gastroenterology, hematology, neurology/psychiatry","hypercalcemia, thyroiditis, osteoarthritis, rheumatoid arthritis, seborrheic dermatitis, asthma, allergic rhinitis, shingles, conjunctivitis, ulcerative colitis, enteritis, anemia, multiple sclerosis, mycosis",MedChemEx,83.97,"[H][C@@]12CC[C@](O)(C(=O)COC(=O)CCC(O)=O)[C@@]1(C)C[C@H](O)[C@@]1([H])[C@@]2([H])C[C@H](C)C2=CC(=O)C=C[C@]12C |c:35,t:31|",IMBXEJJVJRTNOW-XYMSELFBSA-N,Launched
methylthiouracil,,,endocrinology,hyperthyroidism,"MicroSource, Selleck",100,"Cc1cc(=O)[nH]c(=S)[nH]1, Cc1cc(=O)[nH]c(=S)[nH]1","HWGBHCRJGXAGEU-UHFFFAOYSA-N, HWGBHCRJGXAGEU-UHFFFAOYSA-N",Launched
methysergide,serotonin receptor antagonist,"HTR1B, HTR1D, HTR1E, HTR1F, HTR2A, HTR2B, HTR2C, HTR5A, HTR6, HTR7",neurology/psychiatry,headache,"Tocris, Tocris, Tocris",95.7,"CC[C@@H](CO)NC(=O)[C@H]1CN(C)[C@@H]2Cc3cn(C)c4cccc(C2=C1)c34 |c:24|, CC[C@@H](CO)NC(=O)[C@H]1CN(C)[C@@H]2Cc3cn(C)c4cccc(C2=C1)c34 |c:24|, CC[C@@H](CO)NC(=O)[C@H]1CN(C)[C@@H]2Cc3cn(C)c4cccc(C2=C1)c34 |c:24|","KPJZHOPZRAFDTN-ZRGWGRIASA-N, KPJZHOPZRAFDTN-ZRGWGRIASA-N, KPJZHOPZRAFDTN-ZRGWGRIASA-N",Launched
meticrane,diuretic,,cardiology,edema,"MedChemEx, MedChemEx, Selleck, MicroSource",97.99,"Cc1cc2CCCS(=O)(=O)c2cc1S(N)(=O)=O, Cc1cc2CCCS(=O)(=O)c2cc1S(N)(=O)=O, Cc1cc2CCCS(=O)(=O)c2cc1S(N)(=O)=O, Cc1cc2CCCS(=O)(=O)c2cc1S(N)(=O)=O","FNQQBFNIYODEMB-UHFFFAOYSA-N, FNQQBFNIYODEMB-UHFFFAOYSA-N, FNQQBFNIYODEMB-UHFFFAOYSA-N, FNQQBFNIYODEMB-UHFFFAOYSA-N",Launched
metipranolol,adrenergic receptor antagonist,,,,Aronis,96.55,"CC(C)NC[C@@H](O)COc1cc(C)c(OC(C)=O)c(C)c1C |&1:5,r|",BQIPXWYNLPYNHW-OAHLLOKOSA-N,Withdrawn
metirosine,tyrosine hydroxylase inhibitor,TH,cardiology,hypertension,"Sigma, Sigma, Enamine",100,"C[C@](N)(Cc1ccc(O)cc1)C(O)=O, C[C@](N)(Cc1ccc(O)cc1)C(O)=O, C[C@](N)(Cc1ccc(O)cc1)C(O)=O","NHTGHBARYWONDQ-JTQLQIEISA-N, NHTGHBARYWONDQ-JTQLQIEISA-N, NHTGHBARYWONDQ-JTQLQIEISA-N",Launched
metitepine,anti-HCVE2,"HTR1A, HTR1B, HTR1D, HTR1E, HTR1F, HTR2A, HTR2B, HTR2C, HTR5A, HTR6, HTR7",,,"Tocris, Tocris",96.88,"CSc1ccc2Sc3ccccc3C[C@@H](N3CCN(C)CC3)c2c1 |&1:14,r|, CSc1ccc2Sc3ccccc3C[C@@H](N3CCN(C)CC3)c2c1 |&1:14,r|","RLJFTICUTYVZDG-GOSISDBHSA-N, RLJFTICUTYVZDG-GOSISDBHSA-N",Preclinical
metixene,acetylcholine receptor antagonist,CHRM5,neurology/psychiatry,Parkinson's Disease,Sigma,99.05,CN1CCC[C@@H](CC2c3ccccc3Sc3ccccc23)C1 |&1:5|,MJFJKKXQDNNUJF-HNNXBMFYSA-N,Launched
metoclopramide,"dopamine receptor antagonist, serotonin receptor antagonist","CHRM1, DRD2, HTR3A, HTR3B, HTR4",gastroenterology,"gastroparesis, nausea, vomiting","MicroSource, MedChemEx",98.84,"CCN(CC)CCNC(=O)c1cc(Cl)c(N)cc1OC, CCN(CC)CCNC(=O)c1cc(Cl)c(N)cc1OC","TTWJBBZEZQICBI-UHFFFAOYSA-N, TTWJBBZEZQICBI-UHFFFAOYSA-N",Launched
metocurine,acetylcholine receptor antagonist,"CHRM2, CHRNA2",neurology/psychiatry,muscle relaxant,Specs,96.67,COc1ccc2C[C@@H]3c4c(CC[N+]3(C)C)cc(OC)c(OC)c4Oc3ccc(C[C@H]4c5cc(Oc1c2)c(OC)cc5CC[N+]4(C)C)cc3,JFXBEKISTKFVAB-AJQTZOPKSA-N,Launched
metolazone,carbonic anhydrase inhibitor,SLC12A3,cardiology,"edema, hypertension","MicroSource, Selleck, Selleck, MedChemEx, MedChemEx",97.76,"C[C@H]1Nc2cc(Cl)c(cc2C(=O)N1c1ccccc1C)S(N)(=O)=O |&1:1,r|, C[C@H]1Nc2cc(Cl)c(cc2C(=O)N1c1ccccc1C)S(N)(=O)=O |&1:1,r|, C[C@H]1Nc2cc(Cl)c(cc2C(=O)N1c1ccccc1C)S(N)(=O)=O |&1:1,r|, C[C@H]1Nc2cc(Cl)c(cc2C(=O)N1c1ccccc1C)S(N)(=O)=O |&1:1,r|, C[C@H]1Nc2cc(Cl)c(cc2C(=O)N1c1ccccc1C)S(N)(=O)=O |&1:1,r|","AQCHWTWZEMGIFD-JTQLQIEISA-N, AQCHWTWZEMGIFD-JTQLQIEISA-N, AQCHWTWZEMGIFD-JTQLQIEISA-N, AQCHWTWZEMGIFD-JTQLQIEISA-N, AQCHWTWZEMGIFD-JTQLQIEISA-N",Launched
metoprolol,adrenergic receptor antagonist,"ADRB1, ADRB2",cardiology,"hypertension, angina pectoris, myocardial infarction","Tocris, Tocris, Selleck",94.72,"COCCc1ccc(OC[C@@H](O)CNC(C)C)cc1 |&1:10|, COCCc1ccc(OC[C@@H](O)CNC(C)C)cc1 |&1:10|, COCCc1ccc(OC[C@@H](O)CNC(C)C)cc1 |&1:10|","IUBSYMUCCVWXPE-AWEZNQCLSA-N, IUBSYMUCCVWXPE-AWEZNQCLSA-N, IUBSYMUCCVWXPE-AWEZNQCLSA-N",Launched
metoxibutropate,cyclooxygenase inhibitor,"PTGS1, PTGS2",,,"Specs, Specs",96.65,"COc1ccccc1OC(=O)[C@@H](C)c1ccc(CC(C)C)cc1 |&1:11,r|, COc1ccccc1OC(=O)[C@@H](C)c1ccc(CC(C)C)cc1 |&1:11,r|","FVRWRGBTEHAPDI-HNNXBMFYSA-N, FVRWRGBTEHAPDI-HNNXBMFYSA-N",Launched
metrifonate,acetylcholinesterase inhibitor,ACHE,,,"MedChemEx, MicroSource, MedChemEx, MedChemEx",58.32,"COP(=O)(OC)[C@@H](O)C(Cl)(Cl)Cl |&1:6,r|, COP(=O)(OC)[C@@H](O)C(Cl)(Cl)Cl |&1:6,r|, COP(=O)(OC)[C@@H](O)C(Cl)(Cl)Cl |&1:6,r|, COP(=O)(OC)[C@@H](O)C(Cl)(Cl)Cl |&1:6,r|","NFACJZMKEDPNKN-GSVOUGTGSA-N, NFACJZMKEDPNKN-GSVOUGTGSA-N, NFACJZMKEDPNKN-GSVOUGTGSA-N, NFACJZMKEDPNKN-GSVOUGTGSA-N",Phase 3
metrizamide,radiopaque medium,,radiology,contrast agent,"Sigma, Selleck",91.39,"CN(C(C)=O)c1c(I)c(NC(C)=O)c(I)c(C(=O)N[C@H]2[C@@H](O)O[C@H](CO)[C@@H](O)[C@@H]2O)c1I |a:19,23,26,28,&1:20|, CN(C(C)=O)c1c(I)c(NC(C)=O)c(I)c(C(=O)N[C@H]2[C@@H](O)O[C@H](CO)[C@@H](O)[C@@H]2O)c1I |a:19,23,26,28,&1:20|","BAQCROVBDNBEEB-KSDLJXBFSA-N, BAQCROVBDNBEEB-KSDLJXBFSA-N",Launched
metrizoic-acid,radiopaque medium,,radiology,contrast agent,"Sigma, Sigma, TCI",89.37,"CN(C(C)=O)c1c(I)c(NC(C)=O)c(I)c(C(O)=O)c1I, CN(C(C)=O)c1c(I)c(NC(C)=O)c(I)c(C(O)=O)c1I, CN(C(C)=O)c1c(I)c(NC(C)=O)c(I)c(C(O)=O)c1I","GGGDNPWHMNJRFN-UHFFFAOYSA-N, GGGDNPWHMNJRFN-UHFFFAOYSA-N, GGGDNPWHMNJRFN-UHFFFAOYSA-N",Launched
metronidazole,DNA inhibitor,"CYP2C9, CYP3A4",dermatology,rosacea,"Selleck, MicroSource",99.43,"Cc1ncc(n1CCO)[N+]([O-])=O, Cc1ncc(n1CCO)[N+]([O-])=O","VAOCPAMSLUNLGC-UHFFFAOYSA-N, VAOCPAMSLUNLGC-UHFFFAOYSA-N",Launched
metyrapone,cytochrome P450 inhibitor,CYP11B1,nephrology,adrenal diagnostic agent,"Tocris, MicroSource, MedChemEx, MedChemEx",92.16,"CC(C)(C(=O)c1cccnc1)c1cccnc1, CC(C)(C(=O)c1cccnc1)c1cccnc1, CC(C)(C(=O)c1cccnc1)c1cccnc1, CC(C)(C(=O)c1cccnc1)c1cccnc1","FJLBFSROUSIWMA-UHFFFAOYSA-N, FJLBFSROUSIWMA-UHFFFAOYSA-N, FJLBFSROUSIWMA-UHFFFAOYSA-N, FJLBFSROUSIWMA-UHFFFAOYSA-N",Launched
mevastatin,HMGCR inhibitor,HMGCR,,,"Tocris, Tocris, Tocris, MicroSource, MicroSource, MicroSource, Tocris, Selleck, Selleck, Tocris, Tocris, Tocris, Tocris, Tocris",93.53,"CC[C@H](C)C(=O)O[C@H]1CCC=C2C=C[C@H](C)[C@H](CC[C@@H]3C[C@@H](O)CC(=O)O3)[C@@H]12 |c:12,t:10|, CC[C@H](C)C(=O)O[C@H]1CCC=C2C=C[C@H](C)[C@H](CC[C@@H]3C[C@@H](O)CC(=O)O3)[C@@H]12 |c:12,t:10|, CC[C@H](C)C(=O)O[C@H]1CCC=C2C=C[C@H](C)[C@H](CC[C@@H]3C[C@@H](O)CC(=O)O3)[C@@H]12 |c:12,t:10|, CC[C@H](C)C(=O)O[C@H]1CCC=C2C=C[C@H](C)[C@H](CC[C@@H]3C[C@@H](O)CC(=O)O3)[C@@H]12 |c:12,t:10|, CC[C@H](C)C(=O)O[C@H]1CCC=C2C=C[C@H](C)[C@H](CC[C@@H]3C[C@@H](O)CC(=O)O3)[C@@H]12 |c:12,t:10|, CC[C@H](C)C(=O)O[C@H]1CCC=C2C=C[C@H](C)[C@H](CC[C@@H]3C[C@@H](O)CC(=O)O3)[C@@H]12 |c:12,t:10|, CC[C@H](C)C(=O)O[C@H]1CCC=C2C=C[C@H](C)[C@H](CC[C@@H]3C[C@@H](O)CC(=O)O3)[C@@H]12 |c:12,t:10|, CC[C@H](C)C(=O)O[C@H]1CCC=C2C=C[C@H](C)[C@H](CC[C@@H]3C[C@@H](O)CC(=O)O3)[C@@H]12 |c:12,t:10|, CC[C@H](C)C(=O)O[C@H]1CCC=C2C=C[C@H](C)[C@H](CC[C@@H]3C[C@@H](O)CC(=O)O3)[C@@H]12 |c:12,t:10|, CC[C@H](C)C(=O)O[C@H]1CCC=C2C=C[C@H](C)[C@H](CC[C@@H]3C[C@@H](O)CC(=O)O3)[C@@H]12 |c:12,t:10|, CC[C@H](C)C(=O)O[C@H]1CCC=C2C=C[C@H](C)[C@H](CC[C@@H]3C[C@@H](O)CC(=O)O3)[C@@H]12 |c:12,t:10|, CC[C@H](C)C(=O)O[C@H]1CCC=C2C=C[C@H](C)[C@H](CC[C@@H]3C[C@@H](O)CC(=O)O3)[C@@H]12 |c:12,t:10|, CC[C@H](C)C(=O)O[C@H]1CCC=C2C=C[C@H](C)[C@H](CC[C@@H]3C[C@@H](O)CC(=O)O3)[C@@H]12 |c:12,t:10|, CC[C@H](C)C(=O)O[C@H]1CCC=C2C=C[C@H](C)[C@H](CC[C@@H]3C[C@@H](O)CC(=O)O3)[C@@H]12 |c:12,t:10|","AJLFOPYRIVGYMJ-INTXDZFKSA-N, AJLFOPYRIVGYMJ-INTXDZFKSA-N, AJLFOPYRIVGYMJ-INTXDZFKSA-N, AJLFOPYRIVGYMJ-INTXDZFKSA-N, AJLFOPYRIVGYMJ-INTXDZFKSA-N, AJLFOPYRIVGYMJ-INTXDZFKSA-N, AJLFOPYRIVGYMJ-INTXDZFKSA-N, AJLFOPYRIVGYMJ-INTXDZFKSA-N, AJLFOPYRIVGYMJ-INTXDZFKSA-N, AJLFOPYRIVGYMJ-INTXDZFKSA-N, AJLFOPYRIVGYMJ-INTXDZFKSA-N, AJLFOPYRIVGYMJ-INTXDZFKSA-N, AJLFOPYRIVGYMJ-INTXDZFKSA-N, AJLFOPYRIVGYMJ-INTXDZFKSA-N",Preclinical
mexeneone,,,,,"MicroSource, MicroSource, MicroSource",97.41,"COc1ccc(C(=O)c2ccc(C)cc2)c(O)c1, COc1ccc(C(=O)c2ccc(C)cc2)c(O)c1, COc1ccc(C(=O)c2ccc(C)cc2)c(O)c1","MJVGBKJNTFCUJM-UHFFFAOYSA-N, MJVGBKJNTFCUJM-UHFFFAOYSA-N, MJVGBKJNTFCUJM-UHFFFAOYSA-N",Preclinical
mexiletine,sodium channel blocker,"PLAU, SCN4A, SCN5A",cardiology,"ventricular arrhythmias, ventricular tachycardia (VT)","MicroSource, Tocris, Tocris, Tocris, Tocris, Tocris, Selleck",98.76,"C[C@@H](N)COc1c(C)cccc1C |&1:1|, C[C@@H](N)COc1c(C)cccc1C |&1:1|, C[C@@H](N)COc1c(C)cccc1C |&1:1|, C[C@@H](N)COc1c(C)cccc1C |&1:1|, C[C@@H](N)COc1c(C)cccc1C |&1:1|, C[C@@H](N)COc1c(C)cccc1C |&1:1|, C[C@@H](N)COc1c(C)cccc1C |&1:1|","VLPIATFUUWWMKC-SNVBAGLBSA-N, VLPIATFUUWWMKC-SNVBAGLBSA-N, VLPIATFUUWWMKC-SNVBAGLBSA-N, VLPIATFUUWWMKC-SNVBAGLBSA-N, VLPIATFUUWWMKC-SNVBAGLBSA-N, VLPIATFUUWWMKC-SNVBAGLBSA-N, VLPIATFUUWWMKC-SNVBAGLBSA-N",Launched
mezlocillin,bacterial cell wall synthesis inhibitor,,infectious disease,"gram-negative bacterial infections, gram-positive bacterial infections","Selleck, Selleck, Selleck",88.63,"CC1(C)S[C@H]2[C@@H](NC(=O)[C@@H](NC(=O)N3CCN(C3=O)S(C)(=O)=O)c3ccccc3)C(=O)N2[C@@H]1C(O)=O, CC1(C)S[C@H]2[C@@H](NC(=O)[C@@H](NC(=O)N3CCN(C3=O)S(C)(=O)=O)c3ccccc3)C(=O)N2[C@@H]1C(O)=O, CC1(C)S[C@H]2[C@@H](NC(=O)[C@@H](NC(=O)N3CCN(C3=O)S(C)(=O)=O)c3ccccc3)C(=O)N2[C@@H]1C(O)=O","YPBATNHYBCGSSN-ZJOBFFGXSA-N, YPBATNHYBCGSSN-ZJOBFFGXSA-N, YPBATNHYBCGSSN-ZJOBFFGXSA-N",Launched
ME0328,PARP inhibitor,PARP3,,,"Selleck, Selleck, Selleck",99.08,"C[C@@H](NC(=O)CCc1nc(=O)c2ccccc2[nH]1)c1ccccc1 |&1:1,r|, C[C@@H](NC(=O)CCc1nc(=O)c2ccccc2[nH]1)c1ccccc1 |&1:1,r|, C[C@@H](NC(=O)CCc1nc(=O)c2ccccc2[nH]1)c1ccccc1 |&1:1,r|","QIHBWVVVRYYYRO-CYBMUJFWSA-N, QIHBWVVVRYYYRO-CYBMUJFWSA-N, QIHBWVVVRYYYRO-CYBMUJFWSA-N",Preclinical
MF-101,estrogen receptor agonist,"CYP19A1, XDH",,,"MedChemEx, InterBioScreen",98.01,"Oc1ccc(cc1)[C@@H]1CC(=O)c2ccc(O)cc2O1, Oc1ccc(cc1)[C@@H]1CC(=O)c2ccc(O)cc2O1","FURUXTVZLHCCNA-AWEZNQCLSA-N, FURUXTVZLHCCNA-AWEZNQCLSA-N",Phase 3
MG-132,proteasome inhibitor,PSMB1,,,"Selleck, Selleck, Selleck, Selleck, Selleck, Selleck, Selleck, Selleck, Selleck",100,"CC(C)C[C@H](NC(=O)[C@H](CC(C)C)NC(=O)[C@H](CC(C)C)NC(=O)OCc1ccccc1)C=O, CC(C)C[C@H](NC(=O)[C@H](CC(C)C)NC(=O)[C@H](CC(C)C)NC(=O)OCc1ccccc1)C=O, CC(C)C[C@H](NC(=O)[C@H](CC(C)C)NC(=O)[C@H](CC(C)C)NC(=O)OCc1ccccc1)C=O, CC(C)C[C@H](NC(=O)[C@H](CC(C)C)NC(=O)[C@H](CC(C)C)NC(=O)OCc1ccccc1)C=O, CC(C)C[C@H](NC(=O)[C@H](CC(C)C)NC(=O)[C@H](CC(C)C)NC(=O)OCc1ccccc1)C=O, CC(C)C[C@H](NC(=O)[C@H](CC(C)C)NC(=O)[C@H](CC(C)C)NC(=O)OCc1ccccc1)C=O, CC(C)C[C@H](NC(=O)[C@H](CC(C)C)NC(=O)[C@H](CC(C)C)NC(=O)OCc1ccccc1)C=O, CC(C)C[C@H](NC(=O)[C@H](CC(C)C)NC(=O)[C@H](CC(C)C)NC(=O)OCc1ccccc1)C=O, CC(C)C[C@H](NC(=O)[C@H](CC(C)C)NC(=O)[C@H](CC(C)C)NC(=O)OCc1ccccc1)C=O","TZYWCYJVHRLUCT-VABKMULXSA-N, TZYWCYJVHRLUCT-VABKMULXSA-N, TZYWCYJVHRLUCT-VABKMULXSA-N, TZYWCYJVHRLUCT-VABKMULXSA-N, TZYWCYJVHRLUCT-VABKMULXSA-N, TZYWCYJVHRLUCT-VABKMULXSA-N, TZYWCYJVHRLUCT-VABKMULXSA-N, TZYWCYJVHRLUCT-VABKMULXSA-N, TZYWCYJVHRLUCT-VABKMULXSA-N",Preclinical
MG-624,acetylcholine receptor antagonist,CHRNA7,,,"Tocris, Tocris, Tocris",94.39,"CC[N+](CC)(CC)CCOc1ccc(\C=C\c2ccccc2)cc1, CC[N+](CC)(CC)CCOc1ccc(\C=C\c2ccccc2)cc1, CC[N+](CC)(CC)CCOc1ccc(\C=C\c2ccccc2)cc1","YIMFXBPXUPTIEJ-OUKQBFOZSA-N, YIMFXBPXUPTIEJ-OUKQBFOZSA-N, YIMFXBPXUPTIEJ-OUKQBFOZSA-N",Preclinical
MGCD-265,VEGFR inhibitor,"AXL, MET",,,"Selleck, Selleck",92.2,"Cn1cnc(c1)-c1cc2nccc(Oc3ccc(NC(=S)NC(=O)Cc4ccccc4)cc3F)c2s1, Cn1cnc(c1)-c1cc2nccc(Oc3ccc(NC(=S)NC(=O)Cc4ccccc4)cc3F)c2s1","UFICVEHDQUKCEA-UHFFFAOYSA-N, UFICVEHDQUKCEA-UHFFFAOYSA-N",Preclinical
MI-14,PI4K inhibitor,PI4KB,,,"Tocris, Tocris",93.76,"CN(C)S(=O)(=O)c1cccc(c1)-c1c(C)nc2c(NCCNC(C)=O)cc(Cl)nn12, CN(C)S(=O)(=O)c1cccc(c1)-c1c(C)nc2c(NCCNC(C)=O)cc(Cl)nn12","PSTAJIONBVMKLA-UHFFFAOYSA-N, PSTAJIONBVMKLA-UHFFFAOYSA-N",Preclinical
mianserin,serotonin receptor antagonist,"ADRA1A, ADRA1B, ADRA1D, HRH1, HRH2, HTR2A, HTR2B, HTR2C, HTR6, HTR7",neurology/psychiatry,depression,"MicroSource, Selleck, Tocris, Selleck",98.04,"CN1CCN2C(C1)c1ccccc1Cc1ccccc21, CN1CCN2C(C1)c1ccccc1Cc1ccccc21, CN1CCN2C(C1)c1ccccc1Cc1ccccc21, CN1CCN2C(C1)c1ccccc1Cc1ccccc21","UEQUQVLFIPOEMF-UHFFFAOYSA-N, UEQUQVLFIPOEMF-UHFFFAOYSA-N, UEQUQVLFIPOEMF-UHFFFAOYSA-N, UEQUQVLFIPOEMF-UHFFFAOYSA-N",Launched
mibampator,glutamate receptor modulator,GRIA1,,,"MedChemEx, MedChemEx, MedChemEx, MedChemEx",99.84,"CC(C)S(=O)(=O)NC[C@H](C)c1ccc(cc1)-c1ccc(CCNS(C)(=O)=O)cc1, CC(C)S(=O)(=O)NC[C@H](C)c1ccc(cc1)-c1ccc(CCNS(C)(=O)=O)cc1, CC(C)S(=O)(=O)NC[C@H](C)c1ccc(cc1)-c1ccc(CCNS(C)(=O)=O)cc1, CC(C)S(=O)(=O)NC[C@H](C)c1ccc(cc1)-c1ccc(CCNS(C)(=O)=O)cc1","ULRDYYKSPCRXAJ-KRWDZBQOSA-N, ULRDYYKSPCRXAJ-KRWDZBQOSA-N, ULRDYYKSPCRXAJ-KRWDZBQOSA-N, ULRDYYKSPCRXAJ-KRWDZBQOSA-N",Phase 2
mibefradil,T-type calcium channel blocker,"ANO1, CACNA1C, CACNA1D, CACNA1F, CACNA1G, CACNA1H, CACNA1I, CACNA1S, CACNB1, CACNB2, CACNB3, CACNB4, CATSPER1, CATSPER2, CATSPER3, CATSPER4",,,"Tocris, Tocris, Tocris, Tocris, Tocris, Tocris, Tocris",97.32,"COCC(=O)O[C@]1(CCN(C)CCCc2nc3ccccc3[nH]2)CCc2cc(F)ccc2[C@@H]1C(C)C, COCC(=O)O[C@]1(CCN(C)CCCc2nc3ccccc3[nH]2)CCc2cc(F)ccc2[C@@H]1C(C)C, COCC(=O)O[C@]1(CCN(C)CCCc2nc3ccccc3[nH]2)CCc2cc(F)ccc2[C@@H]1C(C)C, COCC(=O)O[C@]1(CCN(C)CCCc2nc3ccccc3[nH]2)CCc2cc(F)ccc2[C@@H]1C(C)C, COCC(=O)O[C@]1(CCN(C)CCCc2nc3ccccc3[nH]2)CCc2cc(F)ccc2[C@@H]1C(C)C, COCC(=O)O[C@]1(CCN(C)CCCc2nc3ccccc3[nH]2)CCc2cc(F)ccc2[C@@H]1C(C)C, COCC(=O)O[C@]1(CCN(C)CCCc2nc3ccccc3[nH]2)CCc2cc(F)ccc2[C@@H]1C(C)C","HBNPJJILLOYFJU-VMPREFPWSA-N, HBNPJJILLOYFJU-VMPREFPWSA-N, HBNPJJILLOYFJU-VMPREFPWSA-N, HBNPJJILLOYFJU-VMPREFPWSA-N, HBNPJJILLOYFJU-VMPREFPWSA-N, HBNPJJILLOYFJU-VMPREFPWSA-N, HBNPJJILLOYFJU-VMPREFPWSA-N",Withdrawn
micafungin,"fungal 1,3-beta-D-glucan synthase inhibitor",,infectious disease,"candidemia, peritonitis, esophageal candidiasis","MedChemEx, MedChemEx, MedChemEx",94.45,"CCCCCOc1ccc(cc1)-c1cc(no1)-c1ccc(cc1)C(=O)N[C@H]1C[C@@H](O)[C@@H](O)NC(=O)[C@@H]2[C@@H](O)[C@@H](C)CN2C(=O)[C@@H](NC(=O)[C@@H](NC(=O)[C@@H]2C[C@@H](O)CN2C(=O)[C@@H](NC1=O)[C@@H](C)O)[C@H](O)[C@@H](O)c1ccc(O)c(OS(O)(=O)=O)c1)[C@H](O)CC(N)=O, CCCCCOc1ccc(cc1)-c1cc(no1)-c1ccc(cc1)C(=O)N[C@H]1C[C@@H](O)[C@@H](O)NC(=O)[C@@H]2[C@@H](O)[C@@H](C)CN2C(=O)[C@@H](NC(=O)[C@@H](NC(=O)[C@@H]2C[C@@H](O)CN2C(=O)[C@@H](NC1=O)[C@@H](C)O)[C@H](O)[C@@H](O)c1ccc(O)c(OS(O)(=O)=O)c1)[C@H](O)CC(N)=O, CCCCCOc1ccc(cc1)-c1cc(no1)-c1ccc(cc1)C(=O)N[C@H]1C[C@@H](O)[C@@H](O)NC(=O)[C@@H]2[C@@H](O)[C@@H](C)CN2C(=O)[C@@H](NC(=O)[C@@H](NC(=O)[C@@H]2C[C@@H](O)CN2C(=O)[C@@H](NC1=O)[C@@H](C)O)[C@H](O)[C@@H](O)c1ccc(O)c(OS(O)(=O)=O)c1)[C@H](O)CC(N)=O","PIEUQSKUWLMALL-YABMTYFHSA-N, PIEUQSKUWLMALL-YABMTYFHSA-N, PIEUQSKUWLMALL-YABMTYFHSA-N",Launched
miconazole,bacterial cell wall synthesis inhibitor,"TRPM2, TRPV5","infectious disease, neurology/psychiatry","yeast infection, itching","Selleck, Tocris",98.41,"Clc1ccc(CO[C@@H](Cn2ccnc2)c2ccc(Cl)cc2Cl)c(Cl)c1 |&1:7,r|, Clc1ccc(CO[C@@H](Cn2ccnc2)c2ccc(Cl)cc2Cl)c(Cl)c1 |&1:7,r|","BYBLEWFAAKGYCD-SFHVURJKSA-N, BYBLEWFAAKGYCD-SFHVURJKSA-N",Launched
micronomicin,protein synthesis inhibitor,,infectious disease,gram-negative bacterial infections,"AvaChem, AlfaAesar",0,"CNC[C@@H]1CC[C@@H](N)[C@@H](O[C@@H]2[C@@H](N)C[C@@H](N)[C@H](O[C@H]3OC[C@](C)(O)[C@H](NC)[C@H]3O)[C@H]2O)O1, CNC[C@@H]1CC[C@@H](N)[C@@H](O[C@@H]2[C@@H](N)C[C@@H](N)[C@H](O[C@H]3OC[C@](C)(O)[C@H](NC)[C@H]3O)[C@H]2O)O1","DNYGXMICFMACRA-XHEDQWPISA-N, DNYGXMICFMACRA-XHEDQWPISA-N",Launched
midafotel,glutamate receptor antagonist,"GRIN2A, GRIN2B, GRIN2C, GRIN2D",,,"Tocris, EMDBio",100,"OC(=O)[C@H]1CN(C\C=C\P(O)(O)=O)CCN1, OC(=O)[C@H]1CN(C\C=C\P(O)(O)=O)CCN1","VZXMZMJSGLFKQI-ABVWVHJUSA-N, VZXMZMJSGLFKQI-ABVWVHJUSA-N",Phase 3
midecamycin,protein synthesis inhibitor,,infectious disease,"respiratory tract infections, ear infections, skin infections",AvaChem,0,"CCC(=O)O[C@H]1[C@H](C)O[C@H](C[C@@]1(C)O)O[C@@H]1[C@@H](C)O[C@@H](O[C@H]2[C@@H](CC=O)C[C@@H](C)[C@@H](O)\C=C\C=C\C[C@@H](C)OC(=O)C[C@@H](OC(=O)CC)[C@@H]2OC)[C@H](O)[C@H]1N(C)C |t:32,34|",DMUAPQTXSSNEDD-RVVOCHMRSA-N,Launched
midodrine,adrenergic receptor agonist,,cardiology,hypotension,"MicroSource, MicroSource, PrincetonBio, PrincetonBio",96.09,"COc1ccc(OC)c(c1)[C@@H](O)CNC(=O)CN |&1:10|, COc1ccc(OC)c(c1)[C@@H](O)CNC(=O)CN |&1:10|, COc1ccc(OC)c(c1)[C@@H](O)CNC(=O)CN |&1:10|, COc1ccc(OC)c(c1)[C@@H](O)CNC(=O)CN |&1:10|","PTKSEFOSCHHMPD-JTQLQIEISA-N, PTKSEFOSCHHMPD-JTQLQIEISA-N, PTKSEFOSCHHMPD-JTQLQIEISA-N, PTKSEFOSCHHMPD-JTQLQIEISA-N",Launched
midostaurin,"FLT3 inhibitor, KIT inhibitor, PKC inhibitor","FLT3, PRKCG",hematologic malignancy,acute myeloid leukemia (AML),"Enzo, Enzo, Enzo, Enzo, Enzo, Enzo, Enzo, Enzo, Enzo, Enzo, Enzo, Enzo",95.95,"CO[C@@H]1[C@@H](C[C@H]2O[C@]1(C)n1c3ccccc3c3c4CNC(=O)c4c4c5ccccc5n2c4c13)N(C)C(=O)c1ccccc1, CO[C@@H]1[C@@H](C[C@H]2O[C@]1(C)n1c3ccccc3c3c4CNC(=O)c4c4c5ccccc5n2c4c13)N(C)C(=O)c1ccccc1, CO[C@@H]1[C@@H](C[C@H]2O[C@]1(C)n1c3ccccc3c3c4CNC(=O)c4c4c5ccccc5n2c4c13)N(C)C(=O)c1ccccc1, CO[C@@H]1[C@@H](C[C@H]2O[C@]1(C)n1c3ccccc3c3c4CNC(=O)c4c4c5ccccc5n2c4c13)N(C)C(=O)c1ccccc1, CO[C@@H]1[C@@H](C[C@H]2O[C@]1(C)n1c3ccccc3c3c4CNC(=O)c4c4c5ccccc5n2c4c13)N(C)C(=O)c1ccccc1, CO[C@@H]1[C@@H](C[C@H]2O[C@]1(C)n1c3ccccc3c3c4CNC(=O)c4c4c5ccccc5n2c4c13)N(C)C(=O)c1ccccc1, CO[C@@H]1[C@@H](C[C@H]2O[C@]1(C)n1c3ccccc3c3c4CNC(=O)c4c4c5ccccc5n2c4c13)N(C)C(=O)c1ccccc1, CO[C@@H]1[C@@H](C[C@H]2O[C@]1(C)n1c3ccccc3c3c4CNC(=O)c4c4c5ccccc5n2c4c13)N(C)C(=O)c1ccccc1, CO[C@@H]1[C@@H](C[C@H]2O[C@]1(C)n1c3ccccc3c3c4CNC(=O)c4c4c5ccccc5n2c4c13)N(C)C(=O)c1ccccc1, CO[C@@H]1[C@@H](C[C@H]2O[C@]1(C)n1c3ccccc3c3c4CNC(=O)c4c4c5ccccc5n2c4c13)N(C)C(=O)c1ccccc1, CO[C@@H]1[C@@H](C[C@H]2O[C@]1(C)n1c3ccccc3c3c4CNC(=O)c4c4c5ccccc5n2c4c13)N(C)C(=O)c1ccccc1, CO[C@@H]1[C@@H](C[C@H]2O[C@]1(C)n1c3ccccc3c3c4CNC(=O)c4c4c5ccccc5n2c4c13)N(C)C(=O)c1ccccc1","BMGQWWVMWDBQGC-IIFHNQTCSA-N, BMGQWWVMWDBQGC-IIFHNQTCSA-N, BMGQWWVMWDBQGC-IIFHNQTCSA-N, BMGQWWVMWDBQGC-IIFHNQTCSA-N, BMGQWWVMWDBQGC-IIFHNQTCSA-N, BMGQWWVMWDBQGC-IIFHNQTCSA-N, BMGQWWVMWDBQGC-IIFHNQTCSA-N, BMGQWWVMWDBQGC-IIFHNQTCSA-N, BMGQWWVMWDBQGC-IIFHNQTCSA-N, BMGQWWVMWDBQGC-IIFHNQTCSA-N, BMGQWWVMWDBQGC-IIFHNQTCSA-N, BMGQWWVMWDBQGC-IIFHNQTCSA-N",Launched
mifepristone,"glucocorticoid receptor antagonist, progesterone receptor antagonist","AR, NR1I2, NR3C1, PGR",endocrinology,"hyperglycemia, diabetes mellitus","Tocris, Tocris, MicroSource, MicroSource, Selleck, Selleck, Selleck, Selleck, Tocris, Tocris, Selleck, Tocris",97.07,"CC#C[C@]1(O)CC[C@H]2[C@@H]3CCC4=CC(=O)CCC4=C3[C@H](C[C@]12C)c1ccc(cc1)N(C)C |c:18,t:11|, CC#C[C@]1(O)CC[C@H]2[C@@H]3CCC4=CC(=O)CCC4=C3[C@H](C[C@]12C)c1ccc(cc1)N(C)C |c:18,t:11|, CC#C[C@]1(O)CC[C@H]2[C@@H]3CCC4=CC(=O)CCC4=C3[C@H](C[C@]12C)c1ccc(cc1)N(C)C |c:18,t:11|, CC#C[C@]1(O)CC[C@H]2[C@@H]3CCC4=CC(=O)CCC4=C3[C@H](C[C@]12C)c1ccc(cc1)N(C)C |c:18,t:11|, CC#C[C@]1(O)CC[C@H]2[C@@H]3CCC4=CC(=O)CCC4=C3[C@H](C[C@]12C)c1ccc(cc1)N(C)C |c:18,t:11|, CC#C[C@]1(O)CC[C@H]2[C@@H]3CCC4=CC(=O)CCC4=C3[C@H](C[C@]12C)c1ccc(cc1)N(C)C |c:18,t:11|, CC#C[C@]1(O)CC[C@H]2[C@@H]3CCC4=CC(=O)CCC4=C3[C@H](C[C@]12C)c1ccc(cc1)N(C)C |c:18,t:11|, CC#C[C@]1(O)CC[C@H]2[C@@H]3CCC4=CC(=O)CCC4=C3[C@H](C[C@]12C)c1ccc(cc1)N(C)C |c:18,t:11|, CC#C[C@]1(O)CC[C@H]2[C@@H]3CCC4=CC(=O)CCC4=C3[C@H](C[C@]12C)c1ccc(cc1)N(C)C |c:18,t:11|, CC#C[C@]1(O)CC[C@H]2[C@@H]3CCC4=CC(=O)CCC4=C3[C@H](C[C@]12C)c1ccc(cc1)N(C)C |c:18,t:11|, CC#C[C@]1(O)CC[C@H]2[C@@H]3CCC4=CC(=O)CCC4=C3[C@H](C[C@]12C)c1ccc(cc1)N(C)C |c:18,t:11|, CC#C[C@]1(O)CC[C@H]2[C@@H]3CCC4=CC(=O)CCC4=C3[C@H](C[C@]12C)c1ccc(cc1)N(C)C |c:18,t:11|","VKHAHZOOUSRJNA-GCNJZUOMSA-N, VKHAHZOOUSRJNA-GCNJZUOMSA-N, VKHAHZOOUSRJNA-GCNJZUOMSA-N, VKHAHZOOUSRJNA-GCNJZUOMSA-N, VKHAHZOOUSRJNA-GCNJZUOMSA-N, VKHAHZOOUSRJNA-GCNJZUOMSA-N, VKHAHZOOUSRJNA-GCNJZUOMSA-N, VKHAHZOOUSRJNA-GCNJZUOMSA-N, VKHAHZOOUSRJNA-GCNJZUOMSA-N, VKHAHZOOUSRJNA-GCNJZUOMSA-N, VKHAHZOOUSRJNA-GCNJZUOMSA-N, VKHAHZOOUSRJNA-GCNJZUOMSA-N",Launched
mifobate,PPAR receptor antagonist,PPARG,,,Tocris,92.31,"COP(=O)(OC)O[C@@H](c1ccc(Cl)cc1)P(=O)(OC)OC |&1:7,r|",VQHUQHAPWMNBLP-LLVKDONJSA-N,Phase 2
miglitol,glucosidase inhibitor,"GAA, GANAB, GANC, MGAM",endocrinology,diabetes mellitus,"Tocris, Tocris, Tocris, Selleck",100,"OCCN1C[C@H](O)[C@@H](O)[C@H](O)[C@H]1CO, OCCN1C[C@H](O)[C@@H](O)[C@H](O)[C@H]1CO, OCCN1C[C@H](O)[C@@H](O)[C@H](O)[C@H]1CO, OCCN1C[C@H](O)[C@@H](O)[C@H](O)[C@H]1CO","IBAQFPQHRJAVAV-ULAWRXDQSA-N, IBAQFPQHRJAVAV-ULAWRXDQSA-N, IBAQFPQHRJAVAV-ULAWRXDQSA-N, IBAQFPQHRJAVAV-ULAWRXDQSA-N",Launched
miglustat,glycosyl transferase inhibitor,UGCG,hematology,Gaucher disease,"Enzo, MedChemEx",100,"CCCCN1C[C@H](O)[C@@H](O)[C@H](O)[C@H]1CO, CCCCN1C[C@H](O)[C@@H](O)[C@H](O)[C@H]1CO","UQRORFVVSGFNRO-UTINFBMNSA-N, UQRORFVVSGFNRO-UTINFBMNSA-N",Launched
milacemide,monoamine oxidase inhibitor,MAOB,,,"Enamine, Enamine, Enamine, Enamine",100,"CCCCCNCC(N)=O, CCCCCNCC(N)=O, CCCCCNCC(N)=O, CCCCCNCC(N)=O","GJNNXIYZWIZFRH-UHFFFAOYSA-N, GJNNXIYZWIZFRH-UHFFFAOYSA-N, GJNNXIYZWIZFRH-UHFFFAOYSA-N, GJNNXIYZWIZFRH-UHFFFAOYSA-N",Phase 3
milademetan,MDM inhibitor,,,,MedChemEx,94.54,CC1(C)CCC2(CC1)N[C@H]([C@H](c1ccnc(Cl)c1F)[C@]21C(=O)Nc2cc(Cl)ccc12)C(=O)N[C@@H]1CC[C@H](OC1)C(N)=O,RYAYYVTWKAOAJF-QISPRATLSA-N,Phase 1
milnacipran,serotonin–norepinephrine reuptake inhibitor (SNRI),"SLC6A2, SLC6A4",rheumatology,fibromyalgia,Tocris,96.28,CCN(CC)C(=O)[C@]1(C[C@H]1CN)c1ccccc1 |r|,GJJFMKBJSRMPLA-DZGCQCFKSA-N,Launched
milrinone,phosphodiesterase inhibitor,"PDE2A, PDE3A, PDE3B, PDE5A",cardiology,congestive heart failure,"MicroSource, MicroSource, Selleck, Selleck, Tocris, Tocris",100,"Cc1[nH]c(=O)c(cc1-c1ccncc1)C#N, Cc1[nH]c(=O)c(cc1-c1ccncc1)C#N, Cc1[nH]c(=O)c(cc1-c1ccncc1)C#N, Cc1[nH]c(=O)c(cc1-c1ccncc1)C#N, Cc1[nH]c(=O)c(cc1-c1ccncc1)C#N, Cc1[nH]c(=O)c(cc1-c1ccncc1)C#N","PZRHRDRVRGEVNW-UHFFFAOYSA-N, PZRHRDRVRGEVNW-UHFFFAOYSA-N, PZRHRDRVRGEVNW-UHFFFAOYSA-N, PZRHRDRVRGEVNW-UHFFFAOYSA-N, PZRHRDRVRGEVNW-UHFFFAOYSA-N, PZRHRDRVRGEVNW-UHFFFAOYSA-N",Launched
miltefosine,membrane integrity inhibitor,PLA2G1B,infectious disease,leishmaniasis,MicroSource,92.47,CCCCCCCCCCCCCCCCOP(O)(=O)OCC[N+](C)(C)C |&1:17|,PQLXHQMOHUQAKB-UHFFFAOYSA-O,Launched
mimosine,DNA replication inhibitor,"CCL2, SHMT1, SHMT2, TYR",,,"Sigma, Enzo",50.1,"N[C@@H](Cn1ccc(=O)c(O)c1)C(O)=O, N[C@@H](Cn1ccc(=O)c(O)c1)C(O)=O","WZNJWVWKTVETCG-YFKPBYRVSA-N, WZNJWVWKTVETCG-YFKPBYRVSA-N",Preclinical
minaprine,serotonin reuptake inhibitor,"ACHE, CHRM1, DRD1, DRD2, HTR2A, HTR2B, HTR2C, MAOA, SLC6A4",,,"MedChemEx, MicroSource",99.62,"Cc1cc(nnc1NCCN1CCOCC1)-c1ccccc1, Cc1cc(nnc1NCCN1CCOCC1)-c1ccccc1","LDMWSLGGVTVJPG-UHFFFAOYSA-N, LDMWSLGGVTVJPG-UHFFFAOYSA-N",Withdrawn
minerval,FAAH inhibitor,,,,"Sigma, Sigma, Sigma",100,"CCCCCCCC\C=C/CCCCCC[C@@H](O)C(O)=O |&1:16,r|, CCCCCCCC\C=C/CCCCCC[C@@H](O)C(O)=O |&1:16,r|, CCCCCCCC\C=C/CCCCCC[C@@H](O)C(O)=O |&1:16,r|","JBSOOFITVPOOSY-DOOKAGJSSA-N, JBSOOFITVPOOSY-DOOKAGJSSA-N, JBSOOFITVPOOSY-DOOKAGJSSA-N",Phase 1/Phase 2
minocycline,bacterial 30S ribosomal subunit inhibitor,,"endocrinology, infectious disease, ophthalmology, urology","fever, respiratory tract infections, psittacosis, trachoma, conjunctivitis, urethritis, chancroid, tularemia, cholera, brucellosis",MedChemEx,95.77,"[H][C@@]12Cc3c(ccc(O)c3C(=O)[C@@H]1C(=O)[C@]1(O)C(=O)[C@H](C(N)=O)C(=O)[C@@H](N(C)C)[C@]1([H])C2)N(C)C |&1:19,&2:12|",ZZZRUAITSXLWBH-NOHUXHDNSA-N,Launched
minodronic-acid,bone resorption inhibitor,"FDPS, GGPS1",orthopedics,osteoporosis,"AKSci, AvaChem, AvaChem",0,"OC(Cc1cnc2ccccn12)(P(O)(O)=O)P(O)(O)=O, OC(Cc1cnc2ccccn12)(P(O)(O)=O)P(O)(O)=O, OC(Cc1cnc2ccccn12)(P(O)(O)=O)P(O)(O)=O","VMMKGHQPQIEGSQ-UHFFFAOYSA-N, VMMKGHQPQIEGSQ-UHFFFAOYSA-N, VMMKGHQPQIEGSQ-UHFFFAOYSA-N",Launched
minoxidil,"KATP activator, Kir6 channel (KATP) activator, vasodilator","ABCC9, KCNJ1, KCNJ10, KCNJ11, KCNJ8, PTGS1",endocrinology,androgenetic alopecia,"Tocris, MicroSource, Selleck, Sigma, Tocris",96.36,"Nc1cc(nc(N)[n+]1[O-])N1CCCCC1, Nc1cc(nc(N)[n+]1[O-])N1CCCCC1, Nc1cc(nc(N)[n+]1[O-])N1CCCCC1, Nc1cc(nc(N)[n+]1[O-])N1CCCCC1, Nc1cc(nc(N)[n+]1[O-])N1CCCCC1","ZFMITUMMTDLWHR-UHFFFAOYSA-N, ZFMITUMMTDLWHR-UHFFFAOYSA-N, ZFMITUMMTDLWHR-UHFFFAOYSA-N, ZFMITUMMTDLWHR-UHFFFAOYSA-N, ZFMITUMMTDLWHR-UHFFFAOYSA-N",Launched
miocamycin,other antibiotic,,infectious disease,"urinary tract infections, chlamydia",AvaChem,92.27,"CCC(=O)O[C@H]1[C@H](C)O[C@H](C[C@@]1(C)OC(C)=O)O[C@@H]1[C@@H](C)O[C@@H](O[C@H]2[C@@H](CC=O)C[C@@H](C)[C@@H](OC(C)=O)\C=C\C=C\C[C@@H](C)OC(=O)C[C@@H](OC(=O)CC)[C@@H]2OC)[C@H](O)[C@H]1N(C)C |t:38,40|",GQNZGCARKRHPOH-XUDBFGHTSA-N,Launched
MIRA-1,apoptosis stimulant,,,,Tocris,0,CCC(=O)OCN1C(=O)C=CC1=O |c:9|,YXEWPGYLMHXLPS-UHFFFAOYSA-N,Preclinical
mirabegron,adrenergic receptor agonist,"ADRB1, ADRB2, ADRB3",urology,urinary incontinence,"Selleck, Selleck, MedChemEx, Selleck, Selleck",95.25,"Nc1nc(CC(=O)Nc2ccc(CCNC[C@H](O)c3ccccc3)cc2)cs1, Nc1nc(CC(=O)Nc2ccc(CCNC[C@H](O)c3ccccc3)cc2)cs1, Nc1nc(CC(=O)Nc2ccc(CCNC[C@H](O)c3ccccc3)cc2)cs1, Nc1nc(CC(=O)Nc2ccc(CCNC[C@H](O)c3ccccc3)cc2)cs1, Nc1nc(CC(=O)Nc2ccc(CCNC[C@H](O)c3ccccc3)cc2)cs1","PBAPPPCECJKMCM-IBGZPJMESA-N, PBAPPPCECJKMCM-IBGZPJMESA-N, PBAPPPCECJKMCM-IBGZPJMESA-N, PBAPPPCECJKMCM-IBGZPJMESA-N, PBAPPPCECJKMCM-IBGZPJMESA-N",Launched
miridesap,amyloid protein inhibitor,,,,MedChemEx,91.03,OC(=O)[C@H]1CCCN1C(=O)CCCCC(=O)N1CCC[C@@H]1C(O)=O,HZLAWYIBLZNRFZ-VXGBXAGGSA-N,Preclinical
mirin,MRE11A exonuclease inhibitor,MRE11A,,,"Tocris, Sigma",96.61,"NC1=NC(=O)\C(S1)=C\c1ccc(O)cc1 |t:1|, NC1=NC(=O)\C(S1)=C\c1ccc(O)cc1 |t:1|","YBHQCJILTOVLHD-YVMONPNESA-N, InChI=1S/C10H8N2O2S/c11-10-12-9(14)8(15-10)5-6-1-3-7(13)4-2-6/h1-5,13H,(H2,11,12,14)/b8-5-",Preclinical
miriplatin,DNA synthesis inhibitor,,oncology,hepatocellular carcinoma (HCC),"MedChemEx, MedChemEx",0,"[Pt++].N[C@H]1CCCC[C@@H]1N.CCCCCCCCCCCCCC(O)=O.CCCCCCCCCCCCCC(O)=O |&1:2,&2:7,r|, [Pt++].N[C@H]1CCCC[C@@H]1N.CCCCCCCCCCCCCC(O)=O.CCCCCCCCCCCCCC(O)=O |&1:2,&2:7,r|","BGIHRZPJIYJKAZ-JPLLOCSESA-N, BGIHRZPJIYJKAZ-JPLLOCSESA-N",Launched
mirodenafil,phosphodiesterase inhibitor,PDE5A,urology,erectile dysfunction,"MedChemEx, MedChemEx, MedChemEx",97.2,"CCCOc1ccc(cc1-c1nc2c(CCC)cn(CC)c2c(=O)[nH]1)S(=O)(=O)N1CCN(CCO)CC1, CCCOc1ccc(cc1-c1nc2c(CCC)cn(CC)c2c(=O)[nH]1)S(=O)(=O)N1CCN(CCO)CC1, CCCOc1ccc(cc1-c1nc2c(CCC)cn(CC)c2c(=O)[nH]1)S(=O)(=O)N1CCN(CCO)CC1","MIJFNYMSCFYZNY-UHFFFAOYSA-N, MIJFNYMSCFYZNY-UHFFFAOYSA-N, MIJFNYMSCFYZNY-UHFFFAOYSA-N",Launched
mirogabalin-besylate,calcium channel antagonist,,,,MedChemEx,91.92,[H][C@@]12C[C@](CN)(CC(O)=O)[C@]1([H])C=C(CC)C2 |t:13|,FTBQORVNHOIASH-CKYFFXLPSA-N,Preclinical
mirtazapine,"adrenergic receptor antagonist, serotonin receptor antagonist","ADRA2A, ADRA2B, ADRA2C, HTR2A, HTR2C",neurology/psychiatry,depression,"Tocris, MicroSource, Tocris, Selleck, Tocris",98.93,"CN1CCN2[C@@H](C1)c1ccccc1Cc1cccnc21 |&1:5,r|, CN1CCN2[C@@H](C1)c1ccccc1Cc1cccnc21 |&1:5,r|, CN1CCN2[C@@H](C1)c1ccccc1Cc1cccnc21 |&1:5,r|, CN1CCN2[C@@H](C1)c1ccccc1Cc1cccnc21 |&1:5,r|, CN1CCN2[C@@H](C1)c1ccccc1Cc1cccnc21 |&1:5,r|","RONZAEMNMFQXRA-INIZCTEOSA-N, RONZAEMNMFQXRA-INIZCTEOSA-N, RONZAEMNMFQXRA-INIZCTEOSA-N, RONZAEMNMFQXRA-INIZCTEOSA-N, RONZAEMNMFQXRA-INIZCTEOSA-N",Launched
misonidazole,,,,,Cayman,96.47,"COC[C@@H](O)Cn1ccnc1[N+]([O-])=O |&1:3,r|",OBBCSXFCDPPXOL-LURJTMIESA-N,Phase 3
misoprostol,prostanoid receptor agonist,"PTGER2, PTGER3, PTGER4, PTGIR",gastroenterology,duodenal ulcer disease,Sigma,99.4,"CCCCC(C)(O)C\C=C\[C@H]1[C@H](O)CC(=O)[C@@H]1CCCCCCC(=O)OC |a:10,11,16,&1:4|",OJLOPKGSLYJEMD-URPKTTJQSA-N,Launched
mitapivat,pyruvate kinase isozyme activator,,,,MedChemEx,98.12,O=C(N1CCN(CC2CC2)CC1)c1ccc(NS(=O)(=O)c2cccc3cccnc23)cc1,XAYGBKHKBBXDAK-UHFFFAOYSA-N,Preclinical
mitiglinide,insulin secretagogue,"ABCC8, KCNJ10, PPARG",endocrinology,diabetes mellitus,"Selleck, MedChemEx",98.47,"OC(=O)[C@H](CC(=O)N1C[C@H]2CCCC[C@H]2C1)Cc1ccccc1, OC(=O)[C@H](CC(=O)N1C[C@H]2CCCC[C@H]2C1)Cc1ccccc1","WPGGHFDDFPHPOB-BBWFWOEESA-N, WPGGHFDDFPHPOB-BBWFWOEESA-N",Launched
mitoflaxone,antitumor agent,VWF,,,Specs,98.8,OC(=O)Cc1cccc2c1oc(cc2=O)-c1ccccc1,TZZNWMJZDWYJAZ-UHFFFAOYSA-N,Phase 2
mitomycin-C,"DNA alkylating agent, DNA synthesis inhibitor",,oncology,"pancreatic cancer, gastric adenocarcinoma",Tocris,94.66,"CO[C@]12[C@H]3N[C@H]3CN1C1=C([C@H]2COC(N)=O)C(=O)C(N)=C(C)C1=O |c:10,t:22|",NWIBSHFKIJFRCO-WUDYKRTCSA-N,Launched
mitoquinone,antioxidant,,,,"MedChemEx, MedChemEx",51.8,"COC1=C(OC)C(=O)C(CCCCCCCCCC[P+](c2ccccc2)(c2ccccc2)c2ccccc2)=C(C)C1=O |c:2,t:40|, COC1=C(OC)C(=O)C(CCCCCCCCCC[P+](c2ccccc2)(c2ccccc2)c2ccccc2)=C(C)C1=O |c:2,t:40|","OIIMUKXVVLRCAF-UHFFFAOYSA-N, OIIMUKXVVLRCAF-UHFFFAOYSA-N",Launched
mitotane,antineoplastic agent,"CYP11A1, CYP11B1, ESR1",oncology,adrenal cortical carcinoma,"MedChemEx, MicroSource, MicroSource, MedChemEx, Selleck, Selleck",96.39,"ClC(Cl)[C@@H](c1ccc(Cl)cc1)c1ccccc1Cl |&1:3,r|, ClC(Cl)[C@@H](c1ccc(Cl)cc1)c1ccccc1Cl |&1:3,r|, ClC(Cl)[C@@H](c1ccc(Cl)cc1)c1ccccc1Cl |&1:3,r|, ClC(Cl)[C@@H](c1ccc(Cl)cc1)c1ccccc1Cl |&1:3,r|, ClC(Cl)[C@@H](c1ccc(Cl)cc1)c1ccccc1Cl |&1:3,r|, ClC(Cl)[C@@H](c1ccc(Cl)cc1)c1ccccc1Cl |&1:3,r|","JWBOIMRXGHLCPP-ZDUSSCGKSA-N, JWBOIMRXGHLCPP-ZDUSSCGKSA-N, JWBOIMRXGHLCPP-ZDUSSCGKSA-N, JWBOIMRXGHLCPP-ZDUSSCGKSA-N, JWBOIMRXGHLCPP-ZDUSSCGKSA-N, JWBOIMRXGHLCPP-ZDUSSCGKSA-N",Launched
mitoxantrone,topoisomerase inhibitor,TOP2A,"neurology/psychiatry, oncology, hematologic malignancy","multiple sclerosis, prostate cancer, acute myeloid leukemia (AML)","MicroSource, MicroSource, MicroSource, Selleck, Selleck, Selleck, Selleck, Selleck",96.79,"OCCNCCNc1ccc(NCCNCCO)c2C(=O)c3c(O)ccc(O)c3C(=O)c12, OCCNCCNc1ccc(NCCNCCO)c2C(=O)c3c(O)ccc(O)c3C(=O)c12, OCCNCCNc1ccc(NCCNCCO)c2C(=O)c3c(O)ccc(O)c3C(=O)c12, OCCNCCNc1ccc(NCCNCCO)c2C(=O)c3c(O)ccc(O)c3C(=O)c12, OCCNCCNc1ccc(NCCNCCO)c2C(=O)c3c(O)ccc(O)c3C(=O)c12, OCCNCCNc1ccc(NCCNCCO)c2C(=O)c3c(O)ccc(O)c3C(=O)c12, OCCNCCNc1ccc(NCCNCCO)c2C(=O)c3c(O)ccc(O)c3C(=O)c12, OCCNCCNc1ccc(NCCNCCO)c2C(=O)c3c(O)ccc(O)c3C(=O)c12","KKZJGLLVHKMTCM-UHFFFAOYSA-N, KKZJGLLVHKMTCM-UHFFFAOYSA-N, KKZJGLLVHKMTCM-UHFFFAOYSA-N, KKZJGLLVHKMTCM-UHFFFAOYSA-N, KKZJGLLVHKMTCM-UHFFFAOYSA-N, KKZJGLLVHKMTCM-UHFFFAOYSA-N, KKZJGLLVHKMTCM-UHFFFAOYSA-N, KKZJGLLVHKMTCM-UHFFFAOYSA-N",Launched
mivacurium,acetylcholine receptor antagonist,CHRNA2,"critical care, neurology/psychiatry","endotracheal intubation, muscle relaxant",AKSci,47.83,"COc1cc2CC[N@@+](C)(CCCOC(=O)CC\C=C\CCC(=O)OCCC[N@@+]3(C)CCc4cc(OC)c(OC)cc4[C@H]3Cc3cc(OC)c(OC)c(OC)c3)[C@H](Cc3cc(OC)c(OC)c(OC)c3)c2cc1OC |a:41,55,&1:7,&2:27|",ILVYCEVXHALBSC-GZICNWBJSA-N,Launched
mivebresib,bromodomain inhibitor,,,,"MedChemEx, MedChemEx",98.2,"CCS(=O)(=O)Nc1ccc(Oc2ccc(F)cc2F)c(c1)-c1cn(C)c(=O)c2[nH]ccc12, CCS(=O)(=O)Nc1ccc(Oc2ccc(F)cc2F)c(c1)-c1cn(C)c(=O)c2[nH]ccc12","RDONXGFGWSSFMY-UHFFFAOYSA-N, RDONXGFGWSSFMY-UHFFFAOYSA-N",Phase 1
mivobulin,microtubule inhibitor,,,,Sigma,80.61,CCOC(=O)Nc1cc2N=C(C)C(Nc2c(N)n1)c1ccccc1 |t:9|,XOJFFEJRKAIVCH-UHFFFAOYSA-N,Phase 2
MIW-815,interferon inducer,,,,MedChemEx,96.81,[H][C@]12CO[P@](S)(=O)O[C@@]3([H])[C@@H](O)[C@@H](O[C@]3([H])CO[P@](S)(=O)O[C@@]([H])([C@@H](O1)n1cnc3c(N)ncnc13)[C@]2([H])O)n1cnc2c(N)ncnc12,IZJJFUQKKZFVLH-YBVMPXGUSA-N,Preclinical
mizolastine,histamine receptor antagonist,HRH1,allergy,"urticaria, allergic rhinitis","MedChemEx, Selleck",98.97,"CN(C1CCN(CC1)c1nc2ccccc2n1Cc1ccc(F)cc1)c1nc(=O)cc[nH]1, CN(C1CCN(CC1)c1nc2ccccc2n1Cc1ccc(F)cc1)c1nc(=O)cc[nH]1","PVLJETXTTWAYEW-UHFFFAOYSA-N, PVLJETXTTWAYEW-UHFFFAOYSA-N",Launched
mizoribine,"immunosuppressant, inosine monophosphate dehydrogenase inhibitor",IMPDH1,"transplant, rheumatology","organ rejection, nephrotic syndrome","MicroSource, Selleck, Selleck, MedChemEx",100,"NC(=O)C1N=CN([C@@H]2O[C@H](CO)[C@@H](O)[C@H]2O)C1=O |c:4|, NC(=O)C1N=CN([C@@H]2O[C@H](CO)[C@@H](O)[C@H]2O)C1=O |c:4|, NC(=O)C1N=CN([C@@H]2O[C@H](CO)[C@@H](O)[C@H]2O)C1=O |c:4|, NC(=O)C1N=CN([C@@H]2O[C@H](CO)[C@@H](O)[C@H]2O)C1=O |c:4|","OPMVDWXPLVKNQN-AAXBYFMASA-N, OPMVDWXPLVKNQN-AAXBYFMASA-N, OPMVDWXPLVKNQN-AAXBYFMASA-N, OPMVDWXPLVKNQN-AAXBYFMASA-N",Launched
MJ-15,cannabinoid receptor antagonist,CNR1,,,"Tocris, Tocris",97.94,"Cc1c(nn(c1-c1ccc(Cl)cc1)-c1ccc(Cl)cc1Cl)C(=O)NCc1cccnc1, Cc1c(nn(c1-c1ccc(Cl)cc1)-c1ccc(Cl)cc1Cl)C(=O)NCc1cccnc1","PJEIKJFNEFJFLA-UHFFFAOYSA-N, PJEIKJFNEFJFLA-UHFFFAOYSA-N",Preclinical
MK-0354,niacin receptor agonist,"HCAR2, HCAR3",,,MedChemEx,94.22,C1Cc2[nH]nc(-c3nn[nH]n3)c2C1,LTQYSJKGRPGMPO-UHFFFAOYSA-N,Phase 2
MK-0557,neuropeptide receptor antagonist,,,,MedChemEx,97.35,Fc1ccccc1-n1ccc(NC(=O)[C@H]2CC[C@]3(CC2)OC(=O)c2ccncc32)n1 |r|,RMYZIRFUCOMQRH-XLOAEROZSA-N,Phase 3
MK-0608,antiviral,,,,Sigma,94.93,C[C@@]1(O)[C@H](O)[C@@H](CO)O[C@H]1n1ccc2c(N)ncnc12,IRZRJANZDIOOIF-GAJNKVMBSA-N,Phase 1
MK-0752,gamma secretase inhibitor,,,,"Selleck, Selleck",93.39,"OC(=O)CC[C@H]1CC[C@@](CC1)(c1cc(F)ccc1F)S(=O)(=O)c1ccc(Cl)cc1 |r|, OC(=O)CC[C@H]1CC[C@@](CC1)(c1cc(F)ccc1F)S(=O)(=O)c1ccc(Cl)cc1 |r|","XCGJIFAKUZNNOR-QCKZDCLWSA-N, XCGJIFAKUZNNOR-QCKZDCLWSA-N",Phase 1/Phase 2
MK-0773,androgen receptor modulator,AR,,,"MedChemEx, MedChemEx, MedChemEx",97.69,"CN1[C@@H]2CC[C@H]3[C@@H]4CC[C@H](C(=O)NCc5nc6ncccc6[nH]5)[C@@]4(C)CC[C@@H]3[C@@]2(C)C=C(F)C1=O |t:35|, CN1[C@@H]2CC[C@H]3[C@@H]4CC[C@H](C(=O)NCc5nc6ncccc6[nH]5)[C@@]4(C)CC[C@@H]3[C@@]2(C)C=C(F)C1=O |t:35|, CN1[C@@H]2CC[C@H]3[C@@H]4CC[C@H](C(=O)NCc5nc6ncccc6[nH]5)[C@@]4(C)CC[C@@H]3[C@@]2(C)C=C(F)C1=O |t:35|","GBEUKTWTUSPHEE-JWJWXJQQSA-N, GBEUKTWTUSPHEE-JWJWXJQQSA-N, GBEUKTWTUSPHEE-JWJWXJQQSA-N",Phase 2
MK-0812,CC chemokine receptor antagonist,CCR2,,,"MedChemEx, MedChemEx, MedChemEx",97.78,"CO[C@@H]1COCC[C@@H]1N[C@@H]1CC[C@](C1)(C(C)C)C(=O)N1CCc2ncc(cc2C1)C(F)(F)F, CO[C@@H]1COCC[C@@H]1N[C@@H]1CC[C@](C1)(C(C)C)C(=O)N1CCc2ncc(cc2C1)C(F)(F)F, CO[C@@H]1COCC[C@@H]1N[C@@H]1CC[C@](C1)(C(C)C)C(=O)N1CCc2ncc(cc2C1)C(F)(F)F","MTMDXAIUENDNDL-RJSMDTJLSA-N, MTMDXAIUENDNDL-RJSMDTJLSA-N, MTMDXAIUENDNDL-RJSMDTJLSA-N",Phase 2
MK-0893,glucagon receptor antagonist,GCGR,,,"MedChemEx, MedChemEx, MedChemEx, MedChemEx, MedChemEx",98.42,"COc1ccc2cc(ccc2c1)-c1cc(nn1[C@@H](C)c1ccc(cc1)C(=O)NCCC(O)=O)-c1cc(Cl)cc(Cl)c1, COc1ccc2cc(ccc2c1)-c1cc(nn1[C@@H](C)c1ccc(cc1)C(=O)NCCC(O)=O)-c1cc(Cl)cc(Cl)c1, COc1ccc2cc(ccc2c1)-c1cc(nn1[C@@H](C)c1ccc(cc1)C(=O)NCCC(O)=O)-c1cc(Cl)cc(Cl)c1, COc1ccc2cc(ccc2c1)-c1cc(nn1[C@@H](C)c1ccc(cc1)C(=O)NCCC(O)=O)-c1cc(Cl)cc(Cl)c1, COc1ccc2cc(ccc2c1)-c1cc(nn1[C@@H](C)c1ccc(cc1)C(=O)NCCC(O)=O)-c1cc(Cl)cc(Cl)c1","DNTVJEMGHBIUMW-IBGZPJMESA-N, DNTVJEMGHBIUMW-IBGZPJMESA-N, DNTVJEMGHBIUMW-IBGZPJMESA-N, DNTVJEMGHBIUMW-IBGZPJMESA-N, DNTVJEMGHBIUMW-IBGZPJMESA-N",Phase 2
MK-1064,orexin receptor antagonist,,,,MedChemEx,98.07,COc1ccc(CNC(=O)c2cc(cnc2-c2ccccn2)-c2cncc(Cl)c2)nc1OC,CKTWQGHVNRYNCM-UHFFFAOYSA-N,Phase 1
MK-1775,WEE1 kinase inhibitor,WEE1,,,"Selleck, Selleck, Selleck, Selleck",91.74,"CN1CCN(CC1)c1ccc(Nc2ncc3c(n2)n(-c2cccc(n2)C(C)(C)O)n(CC=C)c3=O)cc1, CN1CCN(CC1)c1ccc(Nc2ncc3c(n2)n(-c2cccc(n2)C(C)(C)O)n(CC=C)c3=O)cc1, CN1CCN(CC1)c1ccc(Nc2ncc3c(n2)n(-c2cccc(n2)C(C)(C)O)n(CC=C)c3=O)cc1, CN1CCN(CC1)c1ccc(Nc2ncc3c(n2)n(-c2cccc(n2)C(C)(C)O)n(CC=C)c3=O)cc1","BKWJAKQVGHWELA-UHFFFAOYSA-N, BKWJAKQVGHWELA-UHFFFAOYSA-N, BKWJAKQVGHWELA-UHFFFAOYSA-N, InChI=1S/C27H32N8O2/c1-5-13-34-25(36)21-18-28-26(29-19-9-11-20(12-10-19)33-16-14-32(4)15-17-33)31-24(21)35(34)23-8-6-7-22(30-23)27(2,3)37/h5-12,18,37H,1,13-17H2,2-4H3,(H,28,29,31)",Phase 2
MK-1903,niacin receptor agonist,,,,Enamine,100,OC(=O)c1n[nH]c2[C@@H]3C[C@@H]3Cc12,CUTZNERBKDMLAP-QWWZWVQMSA-N,Phase 2
MK-2048,HIV integrase inhibitor,,,,"Selleck, Selleck, Selleck",71.99,"CCN1C[C@H](C)n2c(c(O)c3c2c(nn(Cc2ccc(F)c(Cl)c2)c3=O)C(=O)NC)C1=O, CCN1C[C@H](C)n2c(c(O)c3c2c(nn(Cc2ccc(F)c(Cl)c2)c3=O)C(=O)NC)C1=O, CCN1C[C@H](C)n2c(c(O)c3c2c(nn(Cc2ccc(F)c(Cl)c2)c3=O)C(=O)NC)C1=O","JSRREMIKIHJGAA-JTQLQIEISA-N, JSRREMIKIHJGAA-JTQLQIEISA-N, JSRREMIKIHJGAA-JTQLQIEISA-N",Preclinical
MK-2206,AKT inhibitor,"AKT1, AKT2, AKT3",,,"Selleck, Selleck, Selleck, Selleck, Selleck, Selleck, Selleck, Selleck, Selleck, Selleck, Selleck, Selleck",99.32,"NC1(CCC1)c1ccc(cc1)-c1nc2ccn3c(n[nH]c3=O)c2cc1-c1ccccc1, NC1(CCC1)c1ccc(cc1)-c1nc2ccn3c(n[nH]c3=O)c2cc1-c1ccccc1, NC1(CCC1)c1ccc(cc1)-c1nc2ccn3c(n[nH]c3=O)c2cc1-c1ccccc1, NC1(CCC1)c1ccc(cc1)-c1nc2ccn3c(n[nH]c3=O)c2cc1-c1ccccc1, NC1(CCC1)c1ccc(cc1)-c1nc2ccn3c(n[nH]c3=O)c2cc1-c1ccccc1, NC1(CCC1)c1ccc(cc1)-c1nc2ccn3c(n[nH]c3=O)c2cc1-c1ccccc1, NC1(CCC1)c1ccc(cc1)-c1nc2ccn3c(n[nH]c3=O)c2cc1-c1ccccc1, NC1(CCC1)c1ccc(cc1)-c1nc2ccn3c(n[nH]c3=O)c2cc1-c1ccccc1, NC1(CCC1)c1ccc(cc1)-c1nc2ccn3c(n[nH]c3=O)c2cc1-c1ccccc1, NC1(CCC1)c1ccc(cc1)-c1nc2ccn3c(n[nH]c3=O)c2cc1-c1ccccc1, NC1(CCC1)c1ccc(cc1)-c1nc2ccn3c(n[nH]c3=O)c2cc1-c1ccccc1, NC1(CCC1)c1ccc(cc1)-c1nc2ccn3c(n[nH]c3=O)c2cc1-c1ccccc1","ULDXWLCXEDXJGE-UHFFFAOYSA-N, ULDXWLCXEDXJGE-UHFFFAOYSA-N, ULDXWLCXEDXJGE-UHFFFAOYSA-N, ULDXWLCXEDXJGE-UHFFFAOYSA-N, ULDXWLCXEDXJGE-UHFFFAOYSA-N, ULDXWLCXEDXJGE-UHFFFAOYSA-N, InChI=1S/C25H21N5O/c26-25(12-4-13-25)18-9-7-17(8-10-18)22-19(16-5-2-1-3-6-16)15-20-21(27-22)11-14-30-23(20)28-29-24(30)31/h1-3,5-11,14-15H,4,12-13,26H2,(H,29,31), InChI=1S/C25H21N5O/c26-25(12-4-13-25)18-9-7-17(8-10-18)22-19(16-5-2-1-3-6-16)15-20-21(27-22)11-14-30-23(20)28-29-24(30)31/h1-3,5-11,14-15H,4,12-13,26H2,(H,29,31), InChI=1S/C25H21N5O/c26-25(12-4-13-25)18-9-7-17(8-10-18)22-19(16-5-2-1-3-6-16)15-20-21(27-22)11-14-30-23(20)28-29-24(30)31/h1-3,5-11,14-15H,4,12-13,26H2,(H,29,31), InChI=1S/C25H21N5O/c26-25(12-4-13-25)18-9-7-17(8-10-18)22-19(16-5-2-1-3-6-16)15-20-21(27-22)11-14-30-23(20)28-29-24(30)31/h1-3,5-11,14-15H,4,12-13,26H2,(H,29,31), InChI=1S/C25H21N5O/c26-25(12-4-13-25)18-9-7-17(8-10-18)22-19(16-5-2-1-3-6-16)15-20-21(27-22)11-14-30-23(20)28-29-24(30)31/h1-3,5-11,14-15H,4,12-13,26H2,(H,29,31), InChI=1S/C25H21N5O/c26-25(12-4-13-25)18-9-7-17(8-10-18)22-19(16-5-2-1-3-6-16)15-20-21(27-22)11-14-30-23(20)28-29-24(30)31/h1-3,5-11,14-15H,4,12-13,26H2,(H,29,31)",Phase 2
MK-2295,TRPV antagonist,TRPV1,,,DuPont,97.5,FC(F)(F)c1ccc(Nc2ncnc3cc(ccc23)-c2ncccc2C(F)(F)F)cc1,VTANGSDRFFLTSQ-UHFFFAOYSA-N,Phase 2
MK-2461,"FGFR inhibitor, VEGFR inhibitor","FGFR1, FGFR2, FGFR3, FLT1, FLT3, FLT4, KDR, MERTK, MET, MST1R, NTRK1, NTRK2, PDGFRB",,,"MedChemEx, Selleck",95.82,"CN(C[C@@H]1COCCO1)S(=O)(=O)Nc1ccc2ccc3ncc(cc3c(=O)c2c1)-c1cnn(C)c1, CN(C[C@@H]1COCCO1)S(=O)(=O)Nc1ccc2ccc3ncc(cc3c(=O)c2c1)-c1cnn(C)c1","JGEBLDKNWBUGRZ-HXUWFJFHSA-N, JGEBLDKNWBUGRZ-HXUWFJFHSA-N",Phase 1/Phase 2
MK-2894,prostaglandin inhibitor,PTGER4,,,MedChemEx,92.79,Cc1sc(C)c(C(=O)NC2(CC2)c2ccc(cc2)C(O)=O)c1Cc1ccc(cc1)C(F)(F)F,QJZQFVRFJCGDKF-UHFFFAOYSA-N,Preclinical
MK-3207,calcitonin antagonist,CALCA,,,"MedChemEx, MedChemEx, MedChemEx",98.79,"Fc1cc(F)cc(c1)[C@@H]1CNC2(CCCC2)C(=O)N1CC(=O)Nc1ccc2C[C@]3(Cc2c1)C(=O)Nc1ncccc31, Fc1cc(F)cc(c1)[C@@H]1CNC2(CCCC2)C(=O)N1CC(=O)Nc1ccc2C[C@]3(Cc2c1)C(=O)Nc1ncccc31, Fc1cc(F)cc(c1)[C@@H]1CNC2(CCCC2)C(=O)N1CC(=O)Nc1ccc2C[C@]3(Cc2c1)C(=O)Nc1ncccc31","AZAANWYREOQRFB-SETSBSEESA-N, AZAANWYREOQRFB-SETSBSEESA-N, AZAANWYREOQRFB-SETSBSEESA-N",Phase 2
MK-3697,orexin receptor antagonist,HCRTR2,,,"MedChemEx, MedChemEx",97.36,"COc1ccc(CNC(=O)c2cc(ncc2-c2nccs2)-c2cncc(C)c2)nc1OC, COc1ccc(CNC(=O)c2cc(ncc2-c2nccs2)-c2cncc(C)c2)nc1OC","VSOUDUXMPUHJEU-UHFFFAOYSA-N, VSOUDUXMPUHJEU-UHFFFAOYSA-N",Phase 2
MK-4074,acetyl-CoA carboxylase inhibitor,,,,MedChemEx,97.17,COc1cc(cc2n(cc(C)c12)C1CC1)C(=O)N1CCC2(CC1)CC(=O)c1cc(ccc1O2)-c1cncc(c1)C(O)=O,WDBNGXLHMZSUEI-UHFFFAOYSA-N,Phase 1
MK-5046,bombesin receptor agonist,"BRS3, GRPR, NMBR",,,MedChemEx,90.83,O[C@@](Cc1ncc(CC2(CC2)C(F)(F)F)[nH]1)(c1ccc(cc1)-n1cccn1)C(F)(F)F,UJINBEQCDMOAHM-SFHVURJKSA-N,Preclinical
MK-5108,Aurora kinase inhibitor,"AURKA, AURKB, AURKC",,,"Selleck, Selleck, Selleck, Selleck, Focus, Focus",94.03,"OC(=O)[C@@]1(Cc2cccc(Nc3nccs3)n2)CC[C@@H](CC1)Oc1cccc(Cl)c1F |r|, OC(=O)[C@@]1(Cc2cccc(Nc3nccs3)n2)CC[C@@H](CC1)Oc1cccc(Cl)c1F |r|, OC(=O)[C@@]1(Cc2cccc(Nc3nccs3)n2)CC[C@@H](CC1)Oc1cccc(Cl)c1F |r|, OC(=O)[C@@]1(Cc2cccc(Nc3nccs3)n2)CC[C@@H](CC1)Oc1cccc(Cl)c1F |r|, OC(=O)[C@@]1(Cc2cccc(Nc3nccs3)n2)CC[C@@H](CC1)Oc1cccc(Cl)c1F |r|, OC(=O)[C@@]1(Cc2cccc(Nc3nccs3)n2)CC[C@@H](CC1)Oc1cccc(Cl)c1F |r|","LCVIRAZGMYMNNT-VVONHTQRSA-N, LCVIRAZGMYMNNT-VVONHTQRSA-N, LCVIRAZGMYMNNT-VVONHTQRSA-N, LCVIRAZGMYMNNT-VVONHTQRSA-N, LCVIRAZGMYMNNT-VVONHTQRSA-N, LCVIRAZGMYMNNT-VVONHTQRSA-N",Phase 1
MK-571,leukotriene receptor antagonist,"ABCC2, CYSLTR1",,,"MedChemEx, MedChemEx",94.07,"CN(C)C(=O)CCS[C@@H](SCCC(O)=O)c1cccc(\C=C\c2ccc3ccc(Cl)cc3n2)c1 |&1:8|, CN(C)C(=O)CCS[C@@H](SCCC(O)=O)c1cccc(\C=C\c2ccc3ccc(Cl)cc3n2)c1 |&1:8|","AXUZQJFHDNNPFG-JORPFSLRSA-N, AXUZQJFHDNNPFG-JORPFSLRSA-N",Phase 2
MK-6096,orexin receptor antagonist,"HCRTR1, HCRTR2",,,MedChemEx,97.98,C[C@@H]1CC[C@@H](COc2ccc(F)cn2)CN1C(=O)c1cc(C)ccc1-c1ncccn1,NPFDWHQSDBWQLH-QZTJIDSGSA-N,Phase 2
MK-7246,CRTH receptor antagonist,,,,MedChemEx,92.5,CN([C@@H]1CCc2c(CC(O)=O)c3ccccc3n2C1)S(=O)(=O)c1ccc(F)cc1,JTCAGRAKUAAYDY-OAHLLOKOSA-N,Preclinical
MK-7622,cholinergic receptor agonist,,,,MedChemEx,92.11,Cc1ccc(Cc2cc3c(ncn([C@H]4CCCC[C@@H]4O)c3=O)c3ccccc23)cn1,JUVQLZBJFOGEEO-GOTSBHOMSA-N,Phase 2
MK-8033,c-Met inhibitor,MET,,,"MedChemEx, MedChemEx, MedChemEx",91.91,"Cn1cc(cn1)-c1cnc2ccc3ccc(CS(=O)(=O)NCc4ccccn4)cc3c(=O)c2c1, Cn1cc(cn1)-c1cnc2ccc3ccc(CS(=O)(=O)NCc4ccccn4)cc3c(=O)c2c1, Cn1cc(cn1)-c1cnc2ccc3ccc(CS(=O)(=O)NCc4ccccn4)cc3c(=O)c2c1","VMJFTOSOFDEKTM-UHFFFAOYSA-N, VMJFTOSOFDEKTM-UHFFFAOYSA-N, VMJFTOSOFDEKTM-UHFFFAOYSA-N",Phase 1
MK-8245,stearoyl-CoA desaturase inhibitor,SCD,,,"Selleck, Selleck, Selleck, Selleck, MedChemEx",97.44,"OC(=O)Cn1nnc(n1)-c1cc(no1)N1CCC(CC1)Oc1cc(F)ccc1Br, OC(=O)Cn1nnc(n1)-c1cc(no1)N1CCC(CC1)Oc1cc(F)ccc1Br, OC(=O)Cn1nnc(n1)-c1cc(no1)N1CCC(CC1)Oc1cc(F)ccc1Br, OC(=O)Cn1nnc(n1)-c1cc(no1)N1CCC(CC1)Oc1cc(F)ccc1Br, OC(=O)Cn1nnc(n1)-c1cc(no1)N1CCC(CC1)Oc1cc(F)ccc1Br","UJEAABFSXKCSGI-UHFFFAOYSA-N, UJEAABFSXKCSGI-UHFFFAOYSA-N, UJEAABFSXKCSGI-UHFFFAOYSA-N, UJEAABFSXKCSGI-UHFFFAOYSA-N, UJEAABFSXKCSGI-UHFFFAOYSA-N",Phase 2
MK-8617,hypoxia inducible factor prolyl hydroxylase inhibitor,,,,MedChemEx,93.74,COc1ccc(cc1)C(NC(=O)c1cnc(nc1O)-c1cccnn1)c1ccc(OC)cc1,WXLPERVDMILVIF-UHFFFAOYSA-N,Preclinical
MK-8745,Aurora kinase inhibitor,AURKA,,,"Selleck, MedChemEx",97.88,"Fc1c(Cl)cccc1C(=O)N1CCN(Cc2cccc(Nc3nccs3)n2)CC1, Fc1c(Cl)cccc1C(=O)N1CCN(Cc2cccc(Nc3nccs3)n2)CC1","YCRFPWKUUNKNDN-UHFFFAOYSA-N, YCRFPWKUUNKNDN-UHFFFAOYSA-N",Preclinical
MK-886,lipoxygenase inhibitor,,,,MedChemEx,98.24,CC(C)c1ccc2n(Cc3ccc(Cl)cc3)c(CC(C)(C)C(O)=O)c(SC(C)(C)C)c2c1,QAOAOVKBIIKRNL-UHFFFAOYSA-N,Preclinical
MK-8998,T-type calcium channel blocker,,,,MedChemEx,97.27,CC(C)c1ccc(CC(=O)N[C@H](C)c2ccc(OCC(F)(F)F)cn2)cc1,IQIKXZMPPBEWAD-CQSZACIVSA-N,Phase 2
MKT-077,HSP inhibitor,,,,"Tocris, Cayman",49.21,"CCn1\c(=C/c2cccc[n+]2CC)s\c(=C2\Sc3ccccc3N2C)c1=O, CCn1\c(=C/c2cccc[n+]2CC)s\c(=C2\Sc3ccccc3N2C)c1=O","QLYHOWIZHHZGPV-XUTLUUPISA-N, QLYHOWIZHHZGPV-XUTLUUPISA-N",Phase 1
MK2-IN-1,MAP kinase inhibitor,MAPKAPK2,,,MedChemEx,91.11,Clc1ccc(cc1)-c1ccc(o1)C(=O)N(Cc1ccccn1)c1ccc(cc1)N1CCNCC1,LIPNXDIBECKOMJ-UHFFFAOYSA-N,Preclinical
MLN0128,mTOR inhibitor,"MTOR, PIK3CA, PIK3CD, PIK3CG",,,"Selleck, Selleck, Selleck, Selleck, MedChemEx",97.6,"CC(C)n1nc(-c2ccc3oc(N)nc3c2)c2c(N)ncnc12, CC(C)n1nc(-c2ccc3oc(N)nc3c2)c2c(N)ncnc12, CC(C)n1nc(-c2ccc3oc(N)nc3c2)c2c(N)ncnc12, CC(C)n1nc(-c2ccc3oc(N)nc3c2)c2c(N)ncnc12, CC(C)n1nc(-c2ccc3oc(N)nc3c2)c2c(N)ncnc12","GYLDXIAOMVERTK-UHFFFAOYSA-N, GYLDXIAOMVERTK-UHFFFAOYSA-N, GYLDXIAOMVERTK-UHFFFAOYSA-N, GYLDXIAOMVERTK-UHFFFAOYSA-N, GYLDXIAOMVERTK-UHFFFAOYSA-N",Phase 2
MLN1117,PI3K inhibitor,PIK3CA,,,"MedChemEx, MedChemEx",97.33,"Nc1nc2cc(ccc2o1)-c1ccc2ncc(C(=O)N3CCOCC3)n2c1, Nc1nc2cc(ccc2o1)-c1ccc2ncc(C(=O)N3CCOCC3)n2c1","BLGWHBSBBJNKJO-UHFFFAOYSA-N, BLGWHBSBBJNKJO-UHFFFAOYSA-N",Phase 2
MLN2480,RAF inhibitor,,,,"MedChemEx, MedChemEx",94.64,"C[C@@H](NC(=O)c1ncnc(N)c1Cl)c1ncc(s1)C(=O)Nc1cc(c(Cl)cn1)C(F)(F)F, C[C@@H](NC(=O)c1ncnc(N)c1Cl)c1ncc(s1)C(=O)Nc1cc(c(Cl)cn1)C(F)(F)F","VWMJHAFYPMOMGF-ZCFIWIBFSA-N, VWMJHAFYPMOMGF-ZCFIWIBFSA-N",Phase 1/Phase 2
MLN8054,Aurora kinase inhibitor,AURKA,,,"MedChemEx, Selleck, Selleck, Selleck",93.63,"OC(=O)c1ccc(Nc2ncc3CN=C(c4cc(Cl)ccc4-c3n2)c2c(F)cccc2F)cc1 |c:13|, OC(=O)c1ccc(Nc2ncc3CN=C(c4cc(Cl)ccc4-c3n2)c2c(F)cccc2F)cc1 |c:13|, OC(=O)c1ccc(Nc2ncc3CN=C(c4cc(Cl)ccc4-c3n2)c2c(F)cccc2F)cc1 |c:13|, OC(=O)c1ccc(Nc2ncc3CN=C(c4cc(Cl)ccc4-c3n2)c2c(F)cccc2F)cc1 |c:13|","HHFBDROWDBDFBR-UHFFFAOYSA-N, HHFBDROWDBDFBR-UHFFFAOYSA-N, HHFBDROWDBDFBR-UHFFFAOYSA-N, HHFBDROWDBDFBR-UHFFFAOYSA-N",Phase 1
MLN9708,proteasome inhibitor,,,,"MedChemEx, MedChemEx",17.51,"CC(C)C[C@H](NC(=O)CNC(=O)c1cc(Cl)ccc1Cl)B1OC(=O)C(CC(O)=O)(CC(O)=O)O1, CC(C)C[C@H](NC(=O)CNC(=O)c1cc(Cl)ccc1Cl)B1OC(=O)C(CC(O)=O)(CC(O)=O)O1","MBOMYENWWXQSNW-AWEZNQCLSA-N, MBOMYENWWXQSNW-AWEZNQCLSA-N",Phase 3
ML10302,serotonin receptor partial agonist,"HTR3A, HTR3B, HTR4",,,"Tocris, Tocris, Tocris",97.7,"COc1cc(N)c(Cl)cc1C(=O)OCCN1CCCCC1, COc1cc(N)c(Cl)cc1C(=O)OCCN1CCCCC1, COc1cc(N)c(Cl)cc1C(=O)OCCN1CCCCC1","RVFIAQAAZUEPPE-UHFFFAOYSA-N, RVFIAQAAZUEPPE-UHFFFAOYSA-N, RVFIAQAAZUEPPE-UHFFFAOYSA-N",Preclinical
ML130,NOD1 inhibitor,,,,"Tocris, Selleck, Tocris",96.9,"Cc1ccc(cc1)S(=O)(=O)n1c(N)nc2ccccc12, Cc1ccc(cc1)S(=O)(=O)n1c(N)nc2ccccc12, Cc1ccc(cc1)S(=O)(=O)n1c(N)nc2ccccc12","SRFABRWQVPCPRG-UHFFFAOYSA-N, SRFABRWQVPCPRG-UHFFFAOYSA-N, SRFABRWQVPCPRG-UHFFFAOYSA-N",Preclinical
ML133,potassium channel blocker,,,,"Tocris, Selleck",97.57,"COc1ccc(CNCc2cccc3ccccc23)cc1, COc1ccc(CNCc2cccc3ccccc23)cc1","GIFYKGIODMXYNT-UHFFFAOYSA-N, GIFYKGIODMXYNT-UHFFFAOYSA-N",Preclinical
ML141,GTPase inhibitor,CDC42,,,"Tocris, Tocris",88.19,"COc1ccc(cc1)[C@H]1CC(=NN1c1ccc(cc1)S(N)(=O)=O)c1ccccc1 |&1:8,r,c:11|, COc1ccc(cc1)[C@H]1CC(=NN1c1ccc(cc1)S(N)(=O)=O)c1ccccc1 |&1:8,r,c:11|","QBNZBMVRFYREHK-JOCHJYFZSA-N, QBNZBMVRFYREHK-JOCHJYFZSA-N",Preclinical
ML161,protease-activated receptor inhibitor,,,,"Tocris, Selleck",98.28,"CCCC(=O)Nc1cccc(NC(=O)c2ccccc2Br)c1, CCCC(=O)Nc1cccc(NC(=O)c2ccccc2Br)c1","DFOVLSMXPWPCFH-UHFFFAOYSA-N, DFOVLSMXPWPCFH-UHFFFAOYSA-N",Preclinical
ML167,"CLK inhibitor, DYRK inhibitor","CLK4, DYRK1B",,,"Selleck, Selleck",90.04,"Cc1ccc(CNc2ncnc3ccc(cc23)-c2ccc(CO)o2)o1, Cc1ccc(CNc2ncnc3ccc(cc23)-c2ccc(CO)o2)o1","ROCFOIBAEVAOLQ-UHFFFAOYSA-N, ROCFOIBAEVAOLQ-UHFFFAOYSA-N",Preclinical
ML179,liver receptor homolog inverse agonist,NR5A2,,,"Tocris, Tocris",97.61,"FC(F)(F)c1cccc(c1)N1CCN(CC1)c1cc(=O)n(C2CCCCC2)c(=O)[nH]1, FC(F)(F)c1cccc(c1)N1CCN(CC1)c1cc(=O)n(C2CCCCC2)c(=O)[nH]1","MFABFKUNLDYKGH-UHFFFAOYSA-N, MFABFKUNLDYKGH-UHFFFAOYSA-N",Preclinical
ML193,G protein-coupled receptor antagonist,GPR55,,,"Tocris, Tocris, Tocris",99.09,"Cc1noc(NS(=O)(=O)c2ccc(NC(=O)c3cc(nc4c(C)cc(C)cc34)-c3ccccn3)cc2)c1C, Cc1noc(NS(=O)(=O)c2ccc(NC(=O)c3cc(nc4c(C)cc(C)cc34)-c3ccccn3)cc2)c1C, Cc1noc(NS(=O)(=O)c2ccc(NC(=O)c3cc(nc4c(C)cc(C)cc34)-c3ccccn3)cc2)c1C","HTSLEZOTMYUPLU-UHFFFAOYSA-N, HTSLEZOTMYUPLU-UHFFFAOYSA-N, HTSLEZOTMYUPLU-UHFFFAOYSA-N",Preclinical
ML204,transient receptor potential channel antagonist,"TRPC4, TRPC5",,,"MedChemEx, MedChemEx",97.27,"Cc1cc(nc2ccccc12)N1CCCCC1, Cc1cc(nc2ccccc12)N1CCCCC1","USYRQXDHKXGTCK-UHFFFAOYSA-N, USYRQXDHKXGTCK-UHFFFAOYSA-N",Preclinical
ML213,potassium channel activator,KCNQ4,,,Tocris,95.71,"Cc1cc(C)c(NC(=O)[C@@H]2C[C@H]3CC[C@@H]2C3)c(C)c1 |&1:11,14,&2:9,r|",SIQGKPGBLYKQBB-RRFJBIMHSA-N,Preclinical
ML218,T-type calcium channel blocker,"CACNA1G, CACNA1H, CACNA1I",,,"Tocris, Tocris",96.35,"CC(C)(C)CCN1C[C@H]2[C@H](CNC(=O)c3cc(Cl)cc(Cl)c3)[C@H]2C1, CC(C)(C)CCN1C[C@H]2[C@H](CNC(=O)c3cc(Cl)cc(Cl)c3)[C@H]2C1","GSJIGYLGKSBYBC-OSYLJGHBSA-N, GSJIGYLGKSBYBC-OSYLJGHBSA-N",Preclinical
ML228,hypoxia inducible factor activator,HIF1A,,,"Tocris, Tocris, MLSC/Vanderbilt, MLSC/Vanderbilt, MLSC/Vanderbilt, MLSC/Vanderbilt, MLSC/Vanderbilt",97.16,"C(Nc1nc(nnc1-c1ccccc1)-c1ccccn1)c1ccc(cc1)-c1ccccc1, C(Nc1nc(nnc1-c1ccccc1)-c1ccccn1)c1ccc(cc1)-c1ccccc1, C(Nc1nc(nnc1-c1ccccc1)-c1ccccn1)c1ccc(cc1)-c1ccccc1, C(Nc1nc(nnc1-c1ccccc1)-c1ccccn1)c1ccc(cc1)-c1ccccc1, C(Nc1nc(nnc1-c1ccccc1)-c1ccccn1)c1ccc(cc1)-c1ccccc1, C(Nc1nc(nnc1-c1ccccc1)-c1ccccn1)c1ccc(cc1)-c1ccccc1, C(Nc1nc(nnc1-c1ccccc1)-c1ccccn1)c1ccc(cc1)-c1ccccc1","QNRODODTMXCRKU-UHFFFAOYSA-N, QNRODODTMXCRKU-UHFFFAOYSA-N, InChI=1S/C27H21N5/c1-3-9-21(10-4-1)22-16-14-20(15-17-22)19-29-27-25(23-11-5-2-6-12-23)31-32-26(30-27)24-13-7-8-18-28-24/h1-18H,19H2,(H,29,30,32), InChI=1S/C27H21N5/c1-3-9-21(10-4-1)22-16-14-20(15-17-22)19-29-27-25(23-11-5-2-6-12-23)31-32-26(30-27)24-13-7-8-18-28-24/h1-18H,19H2,(H,29,30,32), InChI=1S/C27H21N5/c1-3-9-21(10-4-1)22-16-14-20(15-17-22)19-29-27-25(23-11-5-2-6-12-23)31-32-26(30-27)24-13-7-8-18-28-24/h1-18H,19H2,(H,29,30,32), InChI=1S/C27H21N5/c1-3-9-21(10-4-1)22-16-14-20(15-17-22)19-29-27-25(23-11-5-2-6-12-23)31-32-26(30-27)24-13-7-8-18-28-24/h1-18H,19H2,(H,29,30,32), InChI=1S/C27H21N5/c1-3-9-21(10-4-1)22-16-14-20(15-17-22)19-29-27-25(23-11-5-2-6-12-23)31-32-26(30-27)24-13-7-8-18-28-24/h1-18H,19H2,(H,29,30,32)",Preclinical
ML277,potassium channel activator,KCNQ1,,,"Tocris, Tocris, Tocris",97.2,"COc1ccc(cc1)-c1csc(NC(=O)[C@H]2CCCCN2S(=O)(=O)c2ccc(C)cc2)n1, COc1ccc(cc1)-c1csc(NC(=O)[C@H]2CCCCN2S(=O)(=O)c2ccc(C)cc2)n1, COc1ccc(cc1)-c1csc(NC(=O)[C@H]2CCCCN2S(=O)(=O)c2ccc(C)cc2)n1","OXQNLLVUVDAEHC-OAQYLSRUSA-N, OXQNLLVUVDAEHC-OAQYLSRUSA-N, OXQNLLVUVDAEHC-OAQYLSRUSA-N",Preclinical
ML281,serine/threonine kinase inhibitor,STK33,,,"Tocris, Tocris, Broad Institute, Broad Institute, Broad Institute, Broad Institute, Broad Institute, Broad Institute, Broad Institute",98.78,"CC(C)c1ccc(NC(=O)c2cccs2)c(c1)-c1nc2ccccc2[nH]c1=O, CC(C)c1ccc(NC(=O)c2cccs2)c(c1)-c1nc2ccccc2[nH]c1=O, CC(C)c1ccc(NC(=O)c2cccs2)c(c1)-c1nc2ccccc2[nH]c1=O, CC(C)c1ccc(NC(=O)c2cccs2)c(c1)-c1nc2ccccc2[nH]c1=O, CC(C)c1ccc(NC(=O)c2cccs2)c(c1)-c1nc2ccccc2[nH]c1=O, CC(C)c1ccc(NC(=O)c2cccs2)c(c1)-c1nc2ccccc2[nH]c1=O, CC(C)c1ccc(NC(=O)c2cccs2)c(c1)-c1nc2ccccc2[nH]c1=O, CC(C)c1ccc(NC(=O)c2cccs2)c(c1)-c1nc2ccccc2[nH]c1=O, CC(C)c1ccc(NC(=O)c2cccs2)c(c1)-c1nc2ccccc2[nH]c1=O","HWOYIOLMBQSTQS-UHFFFAOYSA-N, HWOYIOLMBQSTQS-UHFFFAOYSA-N, HWOYIOLMBQSTQS-UHFFFAOYSA-N, HWOYIOLMBQSTQS-UHFFFAOYSA-N, HWOYIOLMBQSTQS-UHFFFAOYSA-N, HWOYIOLMBQSTQS-UHFFFAOYSA-N, HWOYIOLMBQSTQS-UHFFFAOYSA-N, HWOYIOLMBQSTQS-UHFFFAOYSA-N, HWOYIOLMBQSTQS-UHFFFAOYSA-N",Preclinical
ML297,inward rectifier potassium channel activator,KCNJ3,,,"Tocris, Sigma, Sigma, Sigma, Sigma, Sigma",95.37,"Cc1cc(NC(=O)Nc2ccc(F)c(F)c2)n(n1)-c1ccccc1, Cc1cc(NC(=O)Nc2ccc(F)c(F)c2)n(n1)-c1ccccc1, Cc1cc(NC(=O)Nc2ccc(F)c(F)c2)n(n1)-c1ccccc1, Cc1cc(NC(=O)Nc2ccc(F)c(F)c2)n(n1)-c1ccccc1, Cc1cc(NC(=O)Nc2ccc(F)c(F)c2)n(n1)-c1ccccc1, Cc1cc(NC(=O)Nc2ccc(F)c(F)c2)n(n1)-c1ccccc1","IEKSMUSSYJUQMY-UHFFFAOYSA-N, InChI=1S/C17H14F2N4O/c1-11-9-16(23(22-11)13-5-3-2-4-6-13)21-17(24)20-12-7-8-14(18)15(19)10-12/h2-10H,1H3,(H2,20,21,24), InChI=1S/C17H14F2N4O/c1-11-9-16(23(22-11)13-5-3-2-4-6-13)21-17(24)20-12-7-8-14(18)15(19)10-12/h2-10H,1H3,(H2,20,21,24), InChI=1S/C17H14F2N4O/c1-11-9-16(23(22-11)13-5-3-2-4-6-13)21-17(24)20-12-7-8-14(18)15(19)10-12/h2-10H,1H3,(H2,20,21,24), InChI=1S/C17H14F2N4O/c1-11-9-16(23(22-11)13-5-3-2-4-6-13)21-17(24)20-12-7-8-14(18)15(19)10-12/h2-10H,1H3,(H2,20,21,24), InChI=1S/C17H14F2N4O/c1-11-9-16(23(22-11)13-5-3-2-4-6-13)21-17(24)20-12-7-8-14(18)15(19)10-12/h2-10H,1H3,(H2,20,21,24)",Preclinical
ML298,phospholipase inhibitor,PLD2,,,"Tocris, Tocris, Tocris",96.73,"Fc1cccc(c1)N1CNC(=O)C11CCN(CCNC(=O)c2ccc(F)c(F)c2)CC1, Fc1cccc(c1)N1CNC(=O)C11CCN(CCNC(=O)c2ccc(F)c(F)c2)CC1, Fc1cccc(c1)N1CNC(=O)C11CCN(CCNC(=O)c2ccc(F)c(F)c2)CC1","XAPVAKKLQGLNOY-UHFFFAOYSA-N, XAPVAKKLQGLNOY-UHFFFAOYSA-N, XAPVAKKLQGLNOY-UHFFFAOYSA-N",Preclinical
ML314,neurotensin agonist,NTSR1,,,MedChemEx,96.62,COc1ccccc1N1CCN(CC1)c1nc(nc2cc(OC)c(OC)cc12)C1CC1,SWEOAXMICIJCQC-UHFFFAOYSA-N,Preclinical
ML323,ubiquitin specific protease inhibitor,USP1,,,"MedChemEx, MedChemEx",96.64,"CC(C)c1ccccc1-c1ncc(C)c(NCc2ccc(cc2)-n2ccnn2)n1, CC(C)c1ccccc1-c1ncc(C)c(NCc2ccc(cc2)-n2ccnn2)n1","VUIRVWPJNKZOSS-UHFFFAOYSA-N, VUIRVWPJNKZOSS-UHFFFAOYSA-N",Preclinical
ML324,histone lysine demethylase inhibitor,KDM4A,,,"MedChemEx, MedChemEx",86.85,"CN(C)CCCNC(=O)c1ccc(cc1)-c1cc(O)c2ncccc2c1, CN(C)CCCNC(=O)c1ccc(cc1)-c1cc(O)c2ncccc2c1","QDBVSOZTVKXUES-UHFFFAOYSA-N, QDBVSOZTVKXUES-UHFFFAOYSA-N",Preclinical
ML3403,MAP kinase inhibitor,"CYP3A4, MAPK11, MAPK12, MAPK14",,,"Tocris, Tocris, Tocris",97.3,"CSc1nc(c([nH]1)-c1ccc(F)cc1)-c1ccnc(N[C@@H](C)c2ccccc2)c1 |&1:20,r|, CSc1nc(c([nH]1)-c1ccc(F)cc1)-c1ccnc(N[C@@H](C)c2ccccc2)c1 |&1:20,r|, CSc1nc(c([nH]1)-c1ccc(F)cc1)-c1ccnc(N[C@@H](C)c2ccccc2)c1 |&1:20,r|","VXPWQNBKEIVYIS-HNNXBMFYSA-N, VXPWQNBKEIVYIS-HNNXBMFYSA-N, VXPWQNBKEIVYIS-HNNXBMFYSA-N",Preclinical
ML347,ALK tyrosine kinase receptor inhibitor,"ACVR1, ACVRL1, BMPR1A",,,"Tocris, Selleck, Selleck, Selleck, Selleck, Tocris",99.36,"COc1ccc(cc1)-c1cnc2c(cnn2c1)-c1cccc2ncccc12, COc1ccc(cc1)-c1cnc2c(cnn2c1)-c1cccc2ncccc12, COc1ccc(cc1)-c1cnc2c(cnn2c1)-c1cccc2ncccc12, COc1ccc(cc1)-c1cnc2c(cnn2c1)-c1cccc2ncccc12, COc1ccc(cc1)-c1cnc2c(cnn2c1)-c1cccc2ncccc12, COc1ccc(cc1)-c1cnc2c(cnn2c1)-c1cccc2ncccc12","FVRYPYDPKSZGNS-UHFFFAOYSA-N, FVRYPYDPKSZGNS-UHFFFAOYSA-N, FVRYPYDPKSZGNS-UHFFFAOYSA-N, FVRYPYDPKSZGNS-UHFFFAOYSA-N, FVRYPYDPKSZGNS-UHFFFAOYSA-N, FVRYPYDPKSZGNS-UHFFFAOYSA-N",Preclinical
ML348,lysophospholipase inhibitor,LYPLA1,,,"Tocris, Tocris",98.15,"FC(F)(F)c1ccc(Cl)c(NC(=O)CN2CCN(CC2)C(=O)c2ccco2)c1, FC(F)(F)c1ccc(Cl)c(NC(=O)CN2CCN(CC2)C(=O)c2ccco2)c1","OXKNHBBDOIMFFQ-UHFFFAOYSA-N, OXKNHBBDOIMFFQ-UHFFFAOYSA-N",Preclinical
ML365,potassium channel blocker,"KCNK3, KCNK9",,,"Tocris, Tocris",98.91,"COc1ccccc1C(=O)Nc1cccc(NC(=O)c2cccc(C)c2)c1, COc1ccccc1C(=O)Nc1cccc(NC(=O)c2cccc(C)c2)c1","UTAJHKSGYJSZBR-UHFFFAOYSA-N, UTAJHKSGYJSZBR-UHFFFAOYSA-N",Preclinical
ML786,RAF inhibitor,"BRAF, RAF1",,,"Tocris, Tocris",91.56,"CC(C)(N)c1cc(cc(c1)C(F)(F)F)C(=O)N[C@@H]1CCc2ccc(Oc3ccnc4NC(=O)CCc34)cc2C1, CC(C)(N)c1cc(cc(c1)C(F)(F)F)C(=O)N[C@@H]1CCc2ccc(Oc3ccnc4NC(=O)CCc34)cc2C1","GXEGTVQATHKFDH-OAQYLSRUSA-N, GXEGTVQATHKFDH-OAQYLSRUSA-N",Preclinical
ML9,myosin light chain kinase inhibitor,TRPC6,,,"Tocris, Tocris, Tocris, Tocris",98.37,"Clc1cccc2c(cccc12)S(=O)(=O)N1CCCNCC1, Clc1cccc2c(cccc12)S(=O)(=O)N1CCCNCC1, Clc1cccc2c(cccc12)S(=O)(=O)N1CCCNCC1, Clc1cccc2c(cccc12)S(=O)(=O)N1CCCNCC1","OZSMSRIUUDGTEP-UHFFFAOYSA-N, OZSMSRIUUDGTEP-UHFFFAOYSA-N, OZSMSRIUUDGTEP-UHFFFAOYSA-N, OZSMSRIUUDGTEP-UHFFFAOYSA-N",Preclinical
MM-102,WDR5/MLL interaction inhibitor,,,,"Tocris, Selleck",96.53,"CCC(CC)(NC(=O)C(C)C)C(=O)N[C@@H](CCCNC(N)=N)C(=O)NC1(CCCC1)C(=O)NC(c1ccc(F)cc1)c1ccc(F)cc1, CCC(CC)(NC(=O)C(C)C)C(=O)N[C@@H](CCCNC(N)=N)C(=O)NC1(CCCC1)C(=O)NC(c1ccc(F)cc1)c1ccc(F)cc1","RZKSQRIPRKWVBU-MHZLTWQESA-N, RZKSQRIPRKWVBU-MHZLTWQESA-N",Preclinical
MM-11253,retinoid receptor antagonist,RARG,,,"Tocris, Tocris, Tocris",98.06,"CC1(C)CCC(C)(C)c2cc(ccc12)C1(SCCS1)c1ccc2cc(ccc2c1)C(O)=O, CC1(C)CCC(C)(C)c2cc(ccc12)C1(SCCS1)c1ccc2cc(ccc2c1)C(O)=O, CC1(C)CCC(C)(C)c2cc(ccc12)C1(SCCS1)c1ccc2cc(ccc2c1)C(O)=O","DPVGXUNWCVEIGT-UHFFFAOYSA-N, DPVGXUNWCVEIGT-UHFFFAOYSA-N, DPVGXUNWCVEIGT-UHFFFAOYSA-N",Preclinical
MM-206,STAT inhibitor,,,,Sigma,80.34,Oc1c(Sc2ccccc2)cc(NS(=O)(=O)c2c(F)c(F)c(F)c(F)c2F)c2ccccc12,ZXJHEANDHXHGMV-UHFFFAOYSA-N,Preclinical
MMPX,phosphodiesterase inhibitor,,,,"Tocris, Tocris, Tocris",99.04,"COCc1nc2n(CC(C)C)c(=O)n(C)c(=O)c2[nH]1, COCc1nc2n(CC(C)C)c(=O)n(C)c(=O)c2[nH]1, COCc1nc2n(CC(C)C)c(=O)n(C)c(=O)c2[nH]1","NBLBCGUCPBXKOV-UHFFFAOYSA-N, NBLBCGUCPBXKOV-UHFFFAOYSA-N, NBLBCGUCPBXKOV-UHFFFAOYSA-N",Preclinical
MMV-390048,PI4K inhibitor,,,,AMS,92.66,CS(=O)(=O)c1ccc(cc1)-c1cnc(N)c(c1)-c1ccc(nc1)C(F)(F)F,RTJQABCNNLMCJF-UHFFFAOYSA-N,Preclinical
MM77,serotonin receptor antagonist,HTR1A,,,"Tocris, Tocris",94.34,"COc1ccccc1N1CCN(CCCCN2C(=O)CCC2=O)CC1, COc1ccccc1N1CCN(CCCCN2C(=O)CCC2=O)CC1","MQHOGPLXAXSQAJ-UHFFFAOYSA-N, MQHOGPLXAXSQAJ-UHFFFAOYSA-N",Preclinical
MN-64,tankyrase inhibitor,TNKS,,,"Tocris, MedChemEx",96.16,"CC(C)c1ccc(cc1)-c1cc(=O)c2ccccc2o1, CC(C)c1ccc(cc1)-c1cc(=O)c2ccccc2o1","PYTOHIUBXSJKQH-UHFFFAOYSA-N, PYTOHIUBXSJKQH-UHFFFAOYSA-N",Preclinical
MNITMT,lymphocyte inhibitor,,,,"Tocris, Tocris",98.32,"Cn1cnnc1Sc1c(ncn1C)[N+]([O-])=O, Cn1cnnc1Sc1c(ncn1C)[N+]([O-])=O","NMBDIMPYACLUDE-UHFFFAOYSA-N, NMBDIMPYACLUDE-UHFFFAOYSA-N",Preclinical
mocetinostat,HDAC inhibitor,"HDAC1, HDAC11, HDAC2, HDAC3",,,"MedChemEx, MedChemEx, Selleck, Selleck, Selleck, Selleck",98.26,"Nc1ccccc1NC(=O)c1ccc(CNc2nccc(n2)-c2cccnc2)cc1, Nc1ccccc1NC(=O)c1ccc(CNc2nccc(n2)-c2cccnc2)cc1, Nc1ccccc1NC(=O)c1ccc(CNc2nccc(n2)-c2cccnc2)cc1, Nc1ccccc1NC(=O)c1ccc(CNc2nccc(n2)-c2cccnc2)cc1, Nc1ccccc1NC(=O)c1ccc(CNc2nccc(n2)-c2cccnc2)cc1, Nc1ccccc1NC(=O)c1ccc(CNc2nccc(n2)-c2cccnc2)cc1","HRNLUBSXIHFDHP-UHFFFAOYSA-N, HRNLUBSXIHFDHP-UHFFFAOYSA-N, HRNLUBSXIHFDHP-UHFFFAOYSA-N, HRNLUBSXIHFDHP-UHFFFAOYSA-N, HRNLUBSXIHFDHP-UHFFFAOYSA-N, HRNLUBSXIHFDHP-UHFFFAOYSA-N",Phase 2
moclobemide,monoamine oxidase inhibitor,"MAOA, MAOB",neurology/psychiatry,"depression, anxiety","Tocris, Tocris, Tocris, Selleck",94.41,"Clc1ccc(cc1)C(=O)NCCN1CCOCC1, Clc1ccc(cc1)C(=O)NCCN1CCOCC1, Clc1ccc(cc1)C(=O)NCCN1CCOCC1, Clc1ccc(cc1)C(=O)NCCN1CCOCC1","YHXISWVBGDMDLQ-UHFFFAOYSA-N, YHXISWVBGDMDLQ-UHFFFAOYSA-N, YHXISWVBGDMDLQ-UHFFFAOYSA-N, YHXISWVBGDMDLQ-UHFFFAOYSA-N",Launched
modaline,,,,,MicroSource,98.29,Cc1nccnc1N1CCCCC1,BJHCGMHPEKLROM-UHFFFAOYSA-N,Preclinical
moexipril,angiotensin converting enzyme inhibitor,"ACE, ACE2",cardiology,hypertension,"Tocris, Tocris, Tocris, Selleck, Selleck",93.18,"CCOC(=O)[C@H](CCc1ccccc1)N[C@@H](C)C(=O)N1Cc2cc(OC)c(OC)cc2C[C@H]1C(O)=O, CCOC(=O)[C@H](CCc1ccccc1)N[C@@H](C)C(=O)N1Cc2cc(OC)c(OC)cc2C[C@H]1C(O)=O, CCOC(=O)[C@H](CCc1ccccc1)N[C@@H](C)C(=O)N1Cc2cc(OC)c(OC)cc2C[C@H]1C(O)=O, CCOC(=O)[C@H](CCc1ccccc1)N[C@@H](C)C(=O)N1Cc2cc(OC)c(OC)cc2C[C@H]1C(O)=O, CCOC(=O)[C@H](CCc1ccccc1)N[C@@H](C)C(=O)N1Cc2cc(OC)c(OC)cc2C[C@H]1C(O)=O","UWWDHYUMIORJTA-HSQYWUDLSA-N, UWWDHYUMIORJTA-HSQYWUDLSA-N, UWWDHYUMIORJTA-HSQYWUDLSA-N, UWWDHYUMIORJTA-HSQYWUDLSA-N, UWWDHYUMIORJTA-HSQYWUDLSA-N",Launched
mofegiline,monoamine oxidase inhibitor,"MAOA, MAOB",,,"MedChemEx, MedChemEx, MedChemEx",88.73,"NC\C(CCc1ccc(F)cc1)=C\F, NC\C(CCc1ccc(F)cc1)=C\F, NC\C(CCc1ccc(F)cc1)=C\F","VXLBSYHAEKDUSU-JXMROGBWSA-N, VXLBSYHAEKDUSU-JXMROGBWSA-N, VXLBSYHAEKDUSU-JXMROGBWSA-N",Phase 1
mofezolac,cyclooxygenase inhibitor,PTGS1,"rheumatology, orthopedics","rheumatoid arthritis, osteoporosis",Sigma,99.58,COc1ccc(cc1)-c1noc(CC(O)=O)c1-c1ccc(OC)cc1,DJEIHHYCDCTAAH-UHFFFAOYSA-N,Launched
moguisteine,ATP-sensitive potassium channel inhibitor,,,,Selleck,97.02,"CCOC(=O)CC(=O)N1CCS[C@@H]1COc1ccccc1OC |&1:12,r|",WSYVIAQNTFPTBI-OAHLLOKOSA-N,Phase 2
molidustat,hypoxia inducible factor inhibitor,EGLN2,,,"MedChemEx, MedChemEx, MedChemEx",90.41,"O=c1c(c[nH]n1-c1cc(ncn1)N1CCOCC1)-n1ccnn1, O=c1c(c[nH]n1-c1cc(ncn1)N1CCOCC1)-n1ccnn1, O=c1c(c[nH]n1-c1cc(ncn1)N1CCOCC1)-n1ccnn1","IJMBOKOTALXLKS-UHFFFAOYSA-N, IJMBOKOTALXLKS-UHFFFAOYSA-N, IJMBOKOTALXLKS-UHFFFAOYSA-N",Phase 3
molindone,dopamine receptor antagonist,"DRD2, HRH1, HTR2A",neurology/psychiatry,schizophrenia,"MicroSource, MedChemEx",98.2,"CCc1c(C)[nH]c2CC[C@@H](CN3CCOCC3)C(=O)c12 |r|, CCc1c(C)[nH]c2CC[C@@H](CN3CCOCC3)C(=O)c12 |r|","KLPWJLBORRMFGK-LBPRGKRZSA-N, KLPWJLBORRMFGK-LBPRGKRZSA-N",Launched
molsidomine,guanylate cyclase stimulant,GUCY1A3,cardiology,coronary artery disease (CAD),"MedChemEx, MedChemEx, MicroSource",98.74,"CCOC(=O)Nc1c[n+](no1)N1CCOCC1, CCOC(=O)Nc1c[n+](no1)N1CCOCC1, CCOC(=O)Nc1c[n+](no1)N1CCOCC1","XLFWDASMENKTKL-UHFFFAOYSA-O, XLFWDASMENKTKL-UHFFFAOYSA-O, XLFWDASMENKTKL-UHFFFAOYSA-O",Launched
mometasone,glucocorticoid receptor agonist,NR3C1,dermatology,corticosteroid-responsive dermatoses,Sigma,0,"C[C@@H]1C[C@H]2[C@@H]3CCC4=CC(=O)C=C[C@]4(C)[C@@]3(Cl)[C@@H](O)C[C@]2(C)[C@@]1(O)C(=O)CCl |c:11,t:7|",QLIIKPVHVRXHRI-CXSFZGCWSA-N,Launched
mometasone-furoate,glucocorticoid receptor agonist,NR3C1,dermatology,corticosteroid-responsive dermatoses,"MicroSource, MicroSource, Selleck, Selleck, Selleck, Tocris, Tocris",100,"C[C@@H]1C[C@H]2[C@@H]3CCC4=CC(=O)C=C[C@]4(C)[C@@]3(Cl)[C@@H](O)C[C@]2(C)[C@@]1(OC(=O)c1ccco1)C(=O)CCl |c:11,t:7|, C[C@@H]1C[C@H]2[C@@H]3CCC4=CC(=O)C=C[C@]4(C)[C@@]3(Cl)[C@@H](O)C[C@]2(C)[C@@]1(OC(=O)c1ccco1)C(=O)CCl |c:11,t:7|, C[C@@H]1C[C@H]2[C@@H]3CCC4=CC(=O)C=C[C@]4(C)[C@@]3(Cl)[C@@H](O)C[C@]2(C)[C@@]1(OC(=O)c1ccco1)C(=O)CCl |c:11,t:7|, C[C@@H]1C[C@H]2[C@@H]3CCC4=CC(=O)C=C[C@]4(C)[C@@]3(Cl)[C@@H](O)C[C@]2(C)[C@@]1(OC(=O)c1ccco1)C(=O)CCl |c:11,t:7|, C[C@@H]1C[C@H]2[C@@H]3CCC4=CC(=O)C=C[C@]4(C)[C@@]3(Cl)[C@@H](O)C[C@]2(C)[C@@]1(OC(=O)c1ccco1)C(=O)CCl |c:11,t:7|, C[C@@H]1C[C@H]2[C@@H]3CCC4=CC(=O)C=C[C@]4(C)[C@@]3(Cl)[C@@H](O)C[C@]2(C)[C@@]1(OC(=O)c1ccco1)C(=O)CCl |c:11,t:7|, C[C@@H]1C[C@H]2[C@@H]3CCC4=CC(=O)C=C[C@]4(C)[C@@]3(Cl)[C@@H](O)C[C@]2(C)[C@@]1(OC(=O)c1ccco1)C(=O)CCl |c:11,t:7|","WOFMFGQZHJDGCX-ZULDAHANSA-N, WOFMFGQZHJDGCX-ZULDAHANSA-N, WOFMFGQZHJDGCX-ZULDAHANSA-N, WOFMFGQZHJDGCX-ZULDAHANSA-N, WOFMFGQZHJDGCX-ZULDAHANSA-N, WOFMFGQZHJDGCX-ZULDAHANSA-N, WOFMFGQZHJDGCX-ZULDAHANSA-N",Launched
monastrol,kinesin inhibitor,KIF11,,,"Tocris, Tocris, Tocris, Tocris, Tocris",97.94,"CCOC(=O)C1=C(C)NC(=S)N[C@@H]1c1cccc(O)c1 |r,c:5|, CCOC(=O)C1=C(C)NC(=S)N[C@@H]1c1cccc(O)c1 |r,c:5|, CCOC(=O)C1=C(C)NC(=S)N[C@@H]1c1cccc(O)c1 |r,c:5|, CCOC(=O)C1=C(C)NC(=S)N[C@@H]1c1cccc(O)c1 |r,c:5|, CCOC(=O)C1=C(C)NC(=S)N[C@@H]1c1cccc(O)c1 |r,c:5|","LOBCDGHHHHGHFA-GFCCVEGCSA-N, LOBCDGHHHHGHFA-GFCCVEGCSA-N, LOBCDGHHHHGHFA-GFCCVEGCSA-N, LOBCDGHHHHGHFA-GFCCVEGCSA-N, LOBCDGHHHHGHFA-GFCCVEGCSA-N",Preclinical
monensin,bacterial permeability inducer,,infectious disease,gastrointestinal parasites,MedChemEx,78.9,CC[C@]1(CC[C@@H](O1)[C@]1(C)CC[C@]2(C[C@H](O)[C@@H](C)[C@H](O2)[C@@H](C)[C@@H](OC)[C@H](C)C(O)=O)O1)[C@@H]1O[C@H](C[C@@H]1C)[C@H]1O[C@@](O)(CO)[C@H](C)C[C@@H]1C,GAOZTHIDHYLHMS-KEOBGNEYSA-N,Launched
monepantel,mTOR inhibitor,,,,MedChemEx,97.55,C[C@](COc1cc(ccc1C(F)(F)F)C#N)(NC(=O)c1ccc(SC(F)(F)F)cc1)C#N,WTERNLDOAPYGJD-SFHVURJKSA-N,Preclinical
monobenzone,melanin inhibitor,TYR,dermatology,skin depigmentation,"MicroSource, Sigma, Selleck, Selleck, Selleck",83.75,"Oc1ccc(OCc2ccccc2)cc1, Oc1ccc(OCc2ccccc2)cc1, Oc1ccc(OCc2ccccc2)cc1, Oc1ccc(OCc2ccccc2)cc1, Oc1ccc(OCc2ccccc2)cc1","VYQNWZOUAUKGHI-UHFFFAOYSA-N, VYQNWZOUAUKGHI-UHFFFAOYSA-N, VYQNWZOUAUKGHI-UHFFFAOYSA-N, VYQNWZOUAUKGHI-UHFFFAOYSA-N, VYQNWZOUAUKGHI-UHFFFAOYSA-N",Launched
monocrotaline,antitumor agent,,,,MedChemEx,87.05,C[C@H]1C(=O)O[C@@H]2CCN3CC=C(COC(=O)[C@](C)(O)[C@]1(C)O)[C@H]23 |t:10|,QVCMHGGNRFRMAD-XFGHUUIASA-N,Preclinical
monoctanoin,,,gastroenterology,gallstones,"Sigma, Sigma",84.6,"CCCCCCCC(=O)OC[C@@H](O)CO |&1:11,r|, CCCCCCCC(=O)OC[C@@H](O)CO |&1:11,r|","GHBFNMLVSPCDGN-JTQLQIEISA-N, GHBFNMLVSPCDGN-JTQLQIEISA-N",Launched
monomethyl-fumarate,,,neurology/psychiatry,multiple sclerosis,CombiBlocks,97.69,COC(=O)\C=C\C(O)=O,NKHAVTQWNUWKEO-NSCUHMNNSA-N,Launched
monosodium-alpha-luminol,,,,,"MedChemEx, Enamine, Enamine, MedChemEx",97.04,"Nc1cccc2c1c(=O)[nH][nH]c2=O, Nc1cccc2c1c(=O)[nH][nH]c2=O, Nc1cccc2c1c(=O)[nH][nH]c2=O, Nc1cccc2c1c(=O)[nH][nH]c2=O","HWYHZTIRURJOHG-UHFFFAOYSA-N, HWYHZTIRURJOHG-UHFFFAOYSA-N, HWYHZTIRURJOHG-UHFFFAOYSA-N, HWYHZTIRURJOHG-UHFFFAOYSA-N",Launched
monostearin,,,,,TCI,92.85,"CCCCCCCCCCCCCCCCCC(=O)OC[C@@H](O)CO |&1:21,r|",VBICKXHEKHSIBG-FQEVSTJZSA-N,Preclinical
montelukast,leukotriene receptor antagonist,"ALOX5, CYSLTR1","pulmonary, allergy","asthma, allergic rhinitis, exercise-induced bronchoconstriction (EIB)","Tocris, MicroSource, MicroSource, Selleck, Selleck, Selleck, Selleck, Selleck",98.68,"CC(C)(O)c1ccccc1CC[C@@H](SCC1(CC(O)=O)CC1)c1cccc(\C=C\c2ccc3ccc(Cl)cc3n2)c1, CC(C)(O)c1ccccc1CC[C@@H](SCC1(CC(O)=O)CC1)c1cccc(\C=C\c2ccc3ccc(Cl)cc3n2)c1, CC(C)(O)c1ccccc1CC[C@@H](SCC1(CC(O)=O)CC1)c1cccc(\C=C\c2ccc3ccc(Cl)cc3n2)c1, CC(C)(O)c1ccccc1CC[C@@H](SCC1(CC(O)=O)CC1)c1cccc(\C=C\c2ccc3ccc(Cl)cc3n2)c1, CC(C)(O)c1ccccc1CC[C@@H](SCC1(CC(O)=O)CC1)c1cccc(\C=C\c2ccc3ccc(Cl)cc3n2)c1, CC(C)(O)c1ccccc1CC[C@@H](SCC1(CC(O)=O)CC1)c1cccc(\C=C\c2ccc3ccc(Cl)cc3n2)c1, CC(C)(O)c1ccccc1CC[C@@H](SCC1(CC(O)=O)CC1)c1cccc(\C=C\c2ccc3ccc(Cl)cc3n2)c1, CC(C)(O)c1ccccc1CC[C@@H](SCC1(CC(O)=O)CC1)c1cccc(\C=C\c2ccc3ccc(Cl)cc3n2)c1","UCHDWCPVSPXUMX-TZIWLTJVSA-N, UCHDWCPVSPXUMX-TZIWLTJVSA-N, UCHDWCPVSPXUMX-TZIWLTJVSA-N, UCHDWCPVSPXUMX-TZIWLTJVSA-N, UCHDWCPVSPXUMX-TZIWLTJVSA-N, UCHDWCPVSPXUMX-TZIWLTJVSA-N, UCHDWCPVSPXUMX-TZIWLTJVSA-N, UCHDWCPVSPXUMX-TZIWLTJVSA-N",Launched
moprolol,adrenergic receptor antagonist,,"cardiology, ophthalmology, neurology/psychiatry","hypertension, glaucoma, anxiety","LifeChem, LifeChem",95.27,"COc1ccccc1OC[C@@H](O)CNC(C)C |&1:10|, COc1ccccc1OC[C@@H](O)CNC(C)C |&1:10|","LFTFGCDECFPSQD-NSHDSACASA-N, LFTFGCDECFPSQD-NSHDSACASA-N",Launched
moracizine,sodium channel blocker,SCN5A,cardiology,ventricular arrhythmias,"Vitas-M, Vitas-M, Prestwick",99.39,"CCOC(=O)Nc1ccc2Sc3ccccc3N(C(=O)CCN3CCOCC3)c2c1, CCOC(=O)Nc1ccc2Sc3ccccc3N(C(=O)CCN3CCOCC3)c2c1, CCOC(=O)Nc1ccc2Sc3ccccc3N(C(=O)CCN3CCOCC3)c2c1","FUBVWMNBEHXPSU-UHFFFAOYSA-N, FUBVWMNBEHXPSU-UHFFFAOYSA-N, FUBVWMNBEHXPSU-UHFFFAOYSA-N",Withdrawn
morantel,acetylcholine receptor agonist,,infectious disease,tapeworm,"MicroSource, Selleck",94.05,"CN1CCCN=C1\C=C\c1sccc1C |c:5|, CN1CCCN=C1\C=C\c1sccc1C |c:5|","NVEPPWDVLBMNMB-SNAWJCMRSA-N, NVEPPWDVLBMNMB-SNAWJCMRSA-N",Launched
morin,cytochrome P450 inhibitor,"ADORA2A, ESR2, FASN, MCL1, SLC22A12",,,"Selleck, Selleck, Selleck, Selleck, Selleck, Selleck",100,"Oc1ccc(c(O)c1)-c1oc2cc(O)cc(O)c2c(=O)c1O, Oc1ccc(c(O)c1)-c1oc2cc(O)cc(O)c2c(=O)c1O, Oc1ccc(c(O)c1)-c1oc2cc(O)cc(O)c2c(=O)c1O, Oc1ccc(c(O)c1)-c1oc2cc(O)cc(O)c2c(=O)c1O, Oc1ccc(c(O)c1)-c1oc2cc(O)cc(O)c2c(=O)c1O, Oc1ccc(c(O)c1)-c1oc2cc(O)cc(O)c2c(=O)c1O","YXOLAZRVSSWPPT-UHFFFAOYSA-N, YXOLAZRVSSWPPT-UHFFFAOYSA-N, YXOLAZRVSSWPPT-UHFFFAOYSA-N, YXOLAZRVSSWPPT-UHFFFAOYSA-N, YXOLAZRVSSWPPT-UHFFFAOYSA-N, YXOLAZRVSSWPPT-UHFFFAOYSA-N",Preclinical
morinidazole,other antibiotic,CYP51A1,,,MedChemEx,85.47,"Cc1ncc(n1C[C@@H](O)CN1CCOCC1)[N+]([O-])=O |&1:7,r|",GAZGHCHCYRSPIV-JTQLQIEISA-N,Launched
morniflumate,anti-inflammatory agent,,neurology/psychiatry,pain relief,AKSci,97.89,FC(F)(F)c1cccc(Nc2ncccc2C(=O)OCCN2CCOCC2)c1,LDXSPUSKBDTEKA-UHFFFAOYSA-N,Launched
moroxydine,antiviral,,infectious disease,influenza A virus infection,MedChemEx,86.9,NC(=N)\N=C(/N)N1CCOCC1,KJHOZAZQWVKILO-UHFFFAOYSA-N,Launched
morphothiadin,antiinfective drug,,,,MedChemEx,94.57,"CCOC(=O)C1=C(CN2CCOCC2)NC(=N[C@@H]1c1ccc(F)cc1Br)c1nccs1 |&1:17,r,c:5,16|",SQGRDKSRFFUBBU-GOSISDBHSA-N,Preclinical
mosapride,serotonin receptor agonist,HTR4,gastroenterology,"hypertrophic gastritis (GHG), gastroesophageal reflux disease (GERD), dyspepsia, irritable bowel syndrome","Tocris, Selleck",98.7,"CCOc1cc(N)c(Cl)cc1C(=O)NC[C@H]1CN(Cc2ccc(F)cc2)CCO1 |&1:15|, CCOc1cc(N)c(Cl)cc1C(=O)NC[C@H]1CN(Cc2ccc(F)cc2)CCO1 |&1:15|","YPELFRMCRYSPKZ-INIZCTEOSA-N, YPELFRMCRYSPKZ-INIZCTEOSA-N",Launched
motapizone,phosphodiesterase inhibitor,,,,Enamine,93.45,CC1=C(NNC(=O)C1)c1cc(cs1)-n1ccnc1 |t:1|,IQHAKYLSMONFMT-UHFFFAOYSA-N,Preclinical
motesanib,"KIT inhibitor, PDGFR tyrosine kinase receptor inhibitor, VEGFR inhibitor","FLT1, FLT4, KDR, KIT",,,"MedChemEx, MedChemEx, MedChemEx, MedChemEx, Selleck, MedChemEx, MedChemEx, Selleck",95.52,"CC1(C)CNc2cc(NC(=O)c3cccnc3NCc3ccncc3)ccc12, CC1(C)CNc2cc(NC(=O)c3cccnc3NCc3ccncc3)ccc12, CC1(C)CNc2cc(NC(=O)c3cccnc3NCc3ccncc3)ccc12, CC1(C)CNc2cc(NC(=O)c3cccnc3NCc3ccncc3)ccc12, CC1(C)CNc2cc(NC(=O)c3cccnc3NCc3ccncc3)ccc12, CC1(C)CNc2cc(NC(=O)c3cccnc3NCc3ccncc3)ccc12, CC1(C)CNc2cc(NC(=O)c3cccnc3NCc3ccncc3)ccc12, CC1(C)CNc2cc(NC(=O)c3cccnc3NCc3ccncc3)ccc12","RAHBGWKEPAQNFF-UHFFFAOYSA-N, RAHBGWKEPAQNFF-UHFFFAOYSA-N, RAHBGWKEPAQNFF-UHFFFAOYSA-N, RAHBGWKEPAQNFF-UHFFFAOYSA-N, RAHBGWKEPAQNFF-UHFFFAOYSA-N, RAHBGWKEPAQNFF-UHFFFAOYSA-N, RAHBGWKEPAQNFF-UHFFFAOYSA-N, RAHBGWKEPAQNFF-UHFFFAOYSA-N",Phase 3
motolimod,toll-like receptor agonist,TLR8,,,"MedChemEx, MedChemEx",87.75,"CCCN(CCC)C(=O)C1=Cc2ccc(cc2N=C(N)C1)-c1ccc(cc1)C(=O)N1CCCC1 |t:9,18|, CCCN(CCC)C(=O)C1=Cc2ccc(cc2N=C(N)C1)-c1ccc(cc1)C(=O)N1CCCC1 |t:9,18|","QSPOQCXMGPDIHI-UHFFFAOYSA-N, QSPOQCXMGPDIHI-UHFFFAOYSA-N",Phase 2
moxalactam,bacterial cell wall synthesis inhibitor,,infectious disease,"gram-positive bacterial infections, gram-negative bacterial infections, skin infections, bone and joint infections, pneumonia, urinary tract infections, meningitis","Sigma, MicroSource",0,"CO[C@]1(NC(=O)[C@@H](C(O)=O)c2ccc(O)cc2)[C@H]2OCC(CSc3nnnn3C)=C(N2C1=O)C(O)=O |a:2,17,&1:6,c:30|, CO[C@]1(NC(=O)[C@@H](C(O)=O)c2ccc(O)cc2)[C@H]2OCC(CSc3nnnn3C)=C(N2C1=O)C(O)=O |a:2,17,&1:6,c:30|","JWCSIUVGFCSJCK-UOXRKKOCSA-N, JWCSIUVGFCSJCK-UOXRKKOCSA-N",Launched
moxaverine,phosphodiesterase inhibitor,,neurology/psychiatry,spasms,"Innovapharm, Innovapharm",99.2,"CCc1cc2cc(OC)c(OC)cc2c(Cc2ccccc2)n1, CCc1cc2cc(OC)c(OC)cc2c(Cc2ccccc2)n1","MYCMTMIGRXJNSO-UHFFFAOYSA-N, MYCMTMIGRXJNSO-UHFFFAOYSA-N",Launched
moxidectin,chloride channel antagonist,,infectious disease,gastrointestinal parasites,MedChemEx,89.94,"[H][C@@]12OC\C3=C/C=C/[C@H](C)C\C(C)=C\C[C@]4([H])C[C@@]([H])(C[C@]5(C\C(=N/OC)[C@H](C)[C@H](O5)C(\C)=C\C(C)C)O4)OC(=O)[C@]([H])(C=C(C)[C@H]1O)[C@@]23O |c:4,t:6,12,45|",YZBLFMPOMVTDJY-LSGXYNIPSA-N,Launched
moxifloxacin,bacterial DNA gyrase inhibitor,TOP2A,"otolaryngology, pulmonary, infectious disease","sinusitis, bronchitis, pneumonia, skin infections, intra-abdominal infections","MicroSource, MicroSource, Selleck",94.14,"COc1c(N2C[C@@H]3CCCN[C@@H]3C2)c(F)cc2c1n(cc(C(O)=O)c2=O)C1CC1, COc1c(N2C[C@@H]3CCCN[C@@H]3C2)c(F)cc2c1n(cc(C(O)=O)c2=O)C1CC1, COc1c(N2C[C@@H]3CCCN[C@@H]3C2)c(F)cc2c1n(cc(C(O)=O)c2=O)C1CC1","FABPRXSRWADJSP-MEDUHNTESA-N, FABPRXSRWADJSP-MEDUHNTESA-N, FABPRXSRWADJSP-MEDUHNTESA-N",Launched
moxisylyte,adrenergic receptor antagonist,,,,"MedChemEx, MicroSource",95.95,"CC(C)c1cc(OC(C)=O)c(C)cc1OCCN(C)C, CC(C)c1cc(OC(C)=O)c(C)cc1OCCN(C)C","VRYMTAVOXVTQEF-UHFFFAOYSA-N, VRYMTAVOXVTQEF-UHFFFAOYSA-N",Withdrawn
moxonidine,imidazoline receptor agonist,"ADRA2A, ADRA2B, ADRA2C",cardiology,hypertension,"Tocris, Tocris, Selleck, Selleck, Selleck, Tocris, Tocris",96.96,"COc1nc(C)nc(Cl)c1NC1=NCCN1 |t:12|, COc1nc(C)nc(Cl)c1NC1=NCCN1 |t:12|, COc1nc(C)nc(Cl)c1NC1=NCCN1 |t:12|, COc1nc(C)nc(Cl)c1NC1=NCCN1 |t:12|, COc1nc(C)nc(Cl)c1NC1=NCCN1 |t:12|, COc1nc(C)nc(Cl)c1NC1=NCCN1 |t:12|, COc1nc(C)nc(Cl)c1NC1=NCCN1 |t:12|","WPNJAUFVNXKLIM-UHFFFAOYSA-N, WPNJAUFVNXKLIM-UHFFFAOYSA-N, WPNJAUFVNXKLIM-UHFFFAOYSA-N, WPNJAUFVNXKLIM-UHFFFAOYSA-N, WPNJAUFVNXKLIM-UHFFFAOYSA-N, WPNJAUFVNXKLIM-UHFFFAOYSA-N, WPNJAUFVNXKLIM-UHFFFAOYSA-N",Launched
mozavaptan,vasopressin receptor antagonist,"AVPR1A, AVPR1B, AVPR2",endocrinology,hyponatremia,"MedChemEx, Selleck, Selleck",97.07,"CN(C)[C@H]1CCCN(C(=O)c2ccc(NC(=O)c3ccccc3C)cc2)c2ccccc12 |&1:3,r|, CN(C)[C@H]1CCCN(C(=O)c2ccc(NC(=O)c3ccccc3C)cc2)c2ccccc12 |&1:3,r|, CN(C)[C@H]1CCCN(C(=O)c2ccc(NC(=O)c3ccccc3C)cc2)c2ccccc12 |&1:3,r|","WRNXUQJJCIZICJ-DEOSSOPVSA-N, WRNXUQJJCIZICJ-DEOSSOPVSA-N, WRNXUQJJCIZICJ-DEOSSOPVSA-N",Launched
MPEP,glutamate receptor antagonist,"GRM1, GRM4, GRM5",,,"Tocris, Selleck, Selleck, Tocris",97.59,"Cc1cccc(n1)C#Cc1ccccc1, Cc1cccc(n1)C#Cc1ccccc1, Cc1cccc(n1)C#Cc1ccccc1, Cc1cccc(n1)C#Cc1ccccc1","NEWKHUASLBMWRE-UHFFFAOYSA-N, NEWKHUASLBMWRE-UHFFFAOYSA-N, NEWKHUASLBMWRE-UHFFFAOYSA-N, NEWKHUASLBMWRE-UHFFFAOYSA-N",Preclinical
MPI-0479605,mitotic kinase inhibitor,TTK,,,"MedChemEx, MedChemEx, MedChemEx, Selleck, MedChemEx, Selleck",94.28,"Cc1cc(ccc1Nc1nc(NC2CCCCC2)c2[nH]cnc2n1)N1CCOCC1, Cc1cc(ccc1Nc1nc(NC2CCCCC2)c2[nH]cnc2n1)N1CCOCC1, Cc1cc(ccc1Nc1nc(NC2CCCCC2)c2[nH]cnc2n1)N1CCOCC1, Cc1cc(ccc1Nc1nc(NC2CCCCC2)c2[nH]cnc2n1)N1CCOCC1, Cc1cc(ccc1Nc1nc(NC2CCCCC2)c2[nH]cnc2n1)N1CCOCC1, Cc1cc(ccc1Nc1nc(NC2CCCCC2)c2[nH]cnc2n1)N1CCOCC1","OVJBNYKNHXJGSA-UHFFFAOYSA-N, OVJBNYKNHXJGSA-UHFFFAOYSA-N, OVJBNYKNHXJGSA-UHFFFAOYSA-N, OVJBNYKNHXJGSA-UHFFFAOYSA-N, OVJBNYKNHXJGSA-UHFFFAOYSA-N, OVJBNYKNHXJGSA-UHFFFAOYSA-N",Preclinical
Mps-BAY-2a,monopolar spindle 1 kinase inhibitor,TTK,,,"Tocris, Tocris",97.37,"CC(C)CNc1nc(cn2c(cnc12)-c1ccc(cc1)C(=O)NC1CC1)-c1cccc2ncccc12, CC(C)CNc1nc(cn2c(cnc12)-c1ccc(cc1)C(=O)NC1CC1)-c1cccc2ncccc12","MDYKTGNHXNTATG-UHFFFAOYSA-N, MDYKTGNHXNTATG-UHFFFAOYSA-N",Preclinical
Mps1-IN-1,monopolar spindle 1 kinase inhibitor,TTK,,,"Tocris, Tocris, Tocris",95.35,"COc1cc(ccc1Nc1cc(Nc2ccccc2S(=O)(=O)C(C)C)c2cc[nH]c2n1)N1CCC(O)CC1, COc1cc(ccc1Nc1cc(Nc2ccccc2S(=O)(=O)C(C)C)c2cc[nH]c2n1)N1CCC(O)CC1, COc1cc(ccc1Nc1cc(Nc2ccccc2S(=O)(=O)C(C)C)c2cc[nH]c2n1)N1CCC(O)CC1","NMJMRSQTDLRCRQ-UHFFFAOYSA-N, NMJMRSQTDLRCRQ-UHFFFAOYSA-N, NMJMRSQTDLRCRQ-UHFFFAOYSA-N",Preclinical
Mps1-IN-5,protein kinase inhibitor,,,,"MedChemEx, MedChemEx",94.51,"COc1cc(ccc1Nc1nc2ccc(cn2n1)-c1ccc(NC(=O)[C@H](C)c2ccc(F)cc2)cc1)S(C)(=O)=O, COc1cc(ccc1Nc1nc2ccc(cn2n1)-c1ccc(NC(=O)[C@H](C)c2ccc(F)cc2)cc1)S(C)(=O)=O","NRJKIOCCERLIDG-GOSISDBHSA-N, NRJKIOCCERLIDG-GOSISDBHSA-N",Phase 1
MR-16728,acetylcholine release enhancer,,,,"Tocris, Tocris",93.83,"O=C(NCCCN1CCCCCC1)[C@@H](C1CCCCC1)c1ccccc1 |&1:13|, O=C(NCCCN1CCCCCC1)[C@@H](C1CCCCC1)c1ccccc1 |&1:13|","AGKAAJMNNVUNDK-JOCHJYFZSA-N, AGKAAJMNNVUNDK-JOCHJYFZSA-N",Preclinical
MR-948,thromboxane synthase inhibitor,TBXAS1,,,Enamine,98.9,OCCc1ccc(OCCn2ccnc2)cc1,LQQIZTXSZOYPPS-UHFFFAOYSA-N,Phase 1
MRK-016,GABA receptor inverse agonist,"GABRA1, GABRA2, GABRA3, GABRA5",,,"Tocris, Tocris, Tocris",98.16,"Cc1cc(no1)-c1nncc2c(c(OCc3ncnn3C)nn12)C(C)(C)C, Cc1cc(no1)-c1nncc2c(c(OCc3ncnn3C)nn12)C(C)(C)C, Cc1cc(no1)-c1nncc2c(c(OCc3ncnn3C)nn12)C(C)(C)C","QYSYOGCIDRANAR-UHFFFAOYSA-N, QYSYOGCIDRANAR-UHFFFAOYSA-N, QYSYOGCIDRANAR-UHFFFAOYSA-N",Phase 1
MRK-409,benzodiazepine receptor agonist,,,,"Tocris, Sigma",99.45,"Cn1ncnc1COc1nn2c(nnc2cc1C1CCC1)-c1c(F)cccc1F, Cn1ncnc1COc1nn2c(nnc2cc1C1CCC1)-c1c(F)cccc1F","GOIFCXRIFSYPFG-UHFFFAOYSA-N, GOIFCXRIFSYPFG-UHFFFAOYSA-N",Phase 1
MRK-560,gamma secretase inhibitor,APP,,,"Tocris, Tocris, Tocris, Tocris",97.52,"Fc1ccc(F)c(c1)[C@]1(CC[C@@H](CC1)NS(=O)(=O)C(F)(F)F)S(=O)(=O)c1ccc(Cl)cc1 |r|, Fc1ccc(F)c(c1)[C@]1(CC[C@@H](CC1)NS(=O)(=O)C(F)(F)F)S(=O)(=O)c1ccc(Cl)cc1 |r|, Fc1ccc(F)c(c1)[C@]1(CC[C@@H](CC1)NS(=O)(=O)C(F)(F)F)S(=O)(=O)c1ccc(Cl)cc1 |r|, Fc1ccc(F)c(c1)[C@]1(CC[C@@H](CC1)NS(=O)(=O)C(F)(F)F)S(=O)(=O)c1ccc(Cl)cc1 |r|","WDZVWDXOIGQJIO-UJKQEGAGSA-N, WDZVWDXOIGQJIO-UJKQEGAGSA-N, WDZVWDXOIGQJIO-UJKQEGAGSA-N, WDZVWDXOIGQJIO-UJKQEGAGSA-N",Preclinical
MRS-1220,adenosine receptor antagonist,"ADORA2B, ADORA3",,,"Tocris, Tocris, Tocris, Tocris, Tocris, Tocris, Tocris",92.13,"Clc1ccc2nc(NC(=O)Cc3ccccc3)n3nc(nc3c2c1)-c1ccco1, Clc1ccc2nc(NC(=O)Cc3ccccc3)n3nc(nc3c2c1)-c1ccco1, Clc1ccc2nc(NC(=O)Cc3ccccc3)n3nc(nc3c2c1)-c1ccco1, Clc1ccc2nc(NC(=O)Cc3ccccc3)n3nc(nc3c2c1)-c1ccco1, Clc1ccc2nc(NC(=O)Cc3ccccc3)n3nc(nc3c2c1)-c1ccco1, Clc1ccc2nc(NC(=O)Cc3ccccc3)n3nc(nc3c2c1)-c1ccco1, Clc1ccc2nc(NC(=O)Cc3ccccc3)n3nc(nc3c2c1)-c1ccco1","TWWFAXQOKNBUCR-UHFFFAOYSA-N, TWWFAXQOKNBUCR-UHFFFAOYSA-N, TWWFAXQOKNBUCR-UHFFFAOYSA-N, TWWFAXQOKNBUCR-UHFFFAOYSA-N, TWWFAXQOKNBUCR-UHFFFAOYSA-N, TWWFAXQOKNBUCR-UHFFFAOYSA-N, TWWFAXQOKNBUCR-UHFFFAOYSA-N",Preclinical
MRS-1334,adenosine receptor antagonist,ADORA3,,,"Tocris, Tocris, Tocris",96.08,"CCOC(=O)C1=C(C)NC(=C([C@@H]1C#Cc1ccccc1)C(=O)OCc1ccc(cc1)[N+]([O-])=O)c1ccccc1 |&1:11,r,c:5,9|, CCOC(=O)C1=C(C)NC(=C([C@@H]1C#Cc1ccccc1)C(=O)OCc1ccc(cc1)[N+]([O-])=O)c1ccccc1 |&1:11,r,c:5,9|, CCOC(=O)C1=C(C)NC(=C([C@@H]1C#Cc1ccccc1)C(=O)OCc1ccc(cc1)[N+]([O-])=O)c1ccccc1 |&1:11,r,c:5,9|","QFLOJAMZLQXHFS-AREMUKBSSA-N, QFLOJAMZLQXHFS-AREMUKBSSA-N, QFLOJAMZLQXHFS-AREMUKBSSA-N",Preclinical
MRS-1845,calcium channel blocker,,,,"Tocris, Tocris, Tocris",95.8,"CCOC(=O)C1=C(C)N(CC#C)C(C)=C([C@@H]1c1cccc(c1)[N+]([O-])=O)C(=O)OC |&1:15,r,c:5,13|, CCOC(=O)C1=C(C)N(CC#C)C(C)=C([C@@H]1c1cccc(c1)[N+]([O-])=O)C(=O)OC |&1:15,r,c:5,13|, CCOC(=O)C1=C(C)N(CC#C)C(C)=C([C@@H]1c1cccc(c1)[N+]([O-])=O)C(=O)OC |&1:15,r,c:5,13|","BITHABUTZRAUGT-IBGZPJMESA-N, BITHABUTZRAUGT-IBGZPJMESA-N, BITHABUTZRAUGT-IBGZPJMESA-N",Preclinical
MRS-2578,purinergic receptor antagonist,P2RY6,,,"Tocris, Tocris, Selleck, Selleck",27.78,"S=C=Nc1cccc(NC(=S)NCCCCNC(=S)Nc2cccc(c2)N=C=S)c1, S=C=Nc1cccc(NC(=S)NCCCCNC(=S)Nc2cccc(c2)N=C=S)c1, S=C=Nc1cccc(NC(=S)NCCCCNC(=S)Nc2cccc(c2)N=C=S)c1, S=C=Nc1cccc(NC(=S)NCCCCNC(=S)Nc2cccc(c2)N=C=S)c1","QOHNRGHTJPFMSL-UHFFFAOYSA-N, QOHNRGHTJPFMSL-UHFFFAOYSA-N, QOHNRGHTJPFMSL-UHFFFAOYSA-N, QOHNRGHTJPFMSL-UHFFFAOYSA-N",Preclinical
MRS-3777,adenosine receptor antagonist,"ADORA1, ADORA2A, ADORA2B, ADORA3",,,"Tocris, Tocris, SantaCruz, Tocris, Tocris, Tocris, Tocris",97.69,"C1CCC(CC1)Nc1nc(Oc2ccccc2)nc2nc[nH]c12.C1CCC(CC1)Nc1nc(Oc2ccccc2)nc2nc[nH]c12, C1CCC(CC1)Nc1nc(Oc2ccccc2)nc2nc[nH]c12.C1CCC(CC1)Nc1nc(Oc2ccccc2)nc2nc[nH]c12, C1CCC(CC1)Nc1nc(Oc2ccccc2)nc2nc[nH]c12.C1CCC(CC1)Nc1nc(Oc2ccccc2)nc2nc[nH]c12, C1CCC(CC1)Nc1nc(Oc2ccccc2)nc2nc[nH]c12, C1CCC(CC1)Nc1nc(Oc2ccccc2)nc2nc[nH]c12, C1CCC(CC1)Nc1nc(Oc2ccccc2)nc2nc[nH]c12, C1CCC(CC1)Nc1nc(Oc2ccccc2)nc2nc[nH]c12","ZYVKEIQGOGHCFB-UHFFFAOYSA-N, ZYVKEIQGOGHCFB-UHFFFAOYSA-N, ZYVKEIQGOGHCFB-UHFFFAOYSA-N, OGCQBCHLFMBCCE-UHFFFAOYSA-N, OGCQBCHLFMBCCE-UHFFFAOYSA-N, OGCQBCHLFMBCCE-UHFFFAOYSA-N, OGCQBCHLFMBCCE-UHFFFAOYSA-N",Preclinical
MRX-2843,MER tyrosine kinase inhibitor,,,,MedChemEx,92.39,CN1CCN(Cc2ccc(cc2)-c2cn([C@H]3CC[C@H](O)CC3)c3nc(NCCC4CC4)ncc23)CC1 |r|,LBEJYFVJIPQSNX-SOAUALDESA-N,Phase 1
MS-424,glutamate transporter modulator,,,,Astatech,92.08,C[C@@H]1C=CNN1C(=O)c1cccnc1 |c:2|,AEHLCVKEOAFFJC-MRVPVSSYSA-N,Phase 2
MSDC-0160,insulin sensitizer,,,,MedChemEx,98.66,"CCc1ccc(nc1)C(=O)COc1ccc(C[C@@H]2SC(=O)NC2=O)cc1 |&1:17,r|",IRNJSRAGRIZIHD-KRWDZBQOSA-N,Phase 2
MSDC-0602K,mitochondrial pyruvate carrier modulator,,,,AMS,91.85,COc1cccc(c1)C(=O)COc1ccc(Cc2sc(O)nc2O)cc1,JIJXYXYLGRAIGV-UHFFFAOYSA-N,Phase 2
MSX-122,CC chemokine receptor antagonist,CXCR4,,,"MedChemEx, MedChemEx, MedChemEx",93.92,"C(Nc1ncccn1)c1ccc(CNc2ncccn2)cc1, C(Nc1ncccn1)c1ccc(CNc2ncccn2)cc1, C(Nc1ncccn1)c1ccc(CNc2ncccn2)cc1","PXZXYRKDDXKDTK-UHFFFAOYSA-N, PXZXYRKDDXKDTK-UHFFFAOYSA-N, PXZXYRKDDXKDTK-UHFFFAOYSA-N",Phase 2
MTPG,glutamate receptor antagonist,"GRM2, GRM3",,,"Tocris, Tocris",100,"C[C@@](N)(C(O)=O)c1ccc(cc1)-c1nn[nH]n1 |&1:1|, C[C@@](N)(C(O)=O)c1ccc(cc1)-c1nn[nH]n1 |&1:1|","OZBFBAYESADVDX-JTQLQIEISA-N, OZBFBAYESADVDX-JTQLQIEISA-N",Preclinical
mubritinib,protein tyrosine kinase inhibitor,"EGFR, ERBB2",,,"Tocris, Tocris, Tocris, Selleck",96.61,"FC(F)(F)c1ccc(\C=C\c2nc(COc3ccc(CCCCn4ccnn4)cc3)co2)cc1, FC(F)(F)c1ccc(\C=C\c2nc(COc3ccc(CCCCn4ccnn4)cc3)co2)cc1, FC(F)(F)c1ccc(\C=C\c2nc(COc3ccc(CCCCn4ccnn4)cc3)co2)cc1, FC(F)(F)c1ccc(\C=C\c2nc(COc3ccc(CCCCn4ccnn4)cc3)co2)cc1","ZTFBIUXIQYRUNT-MDWZMJQESA-N, ZTFBIUXIQYRUNT-MDWZMJQESA-N, ZTFBIUXIQYRUNT-MDWZMJQESA-N, ZTFBIUXIQYRUNT-MDWZMJQESA-N",Phase 1
mupirocin,isoleucyl-tRNA synthetase inhibitor,,infectious disease,impetigo,"MicroSource, Selleck, MedChemEx",93.41,"C[C@H](O)[C@H](C)[C@@H]1O[C@H]1C[C@H]1CO[C@@H](C\C(C)=C\C(=O)OCCCCCCCCC(O)=O)[C@H](O)[C@@H]1O, C[C@H](O)[C@H](C)[C@@H]1O[C@H]1C[C@H]1CO[C@@H](C\C(C)=C\C(=O)OCCCCCCCCC(O)=O)[C@H](O)[C@@H]1O, C[C@H](O)[C@H](C)[C@@H]1O[C@H]1C[C@H]1CO[C@@H](C\C(C)=C\C(=O)OCCCCCCCCC(O)=O)[C@H](O)[C@@H]1O","MINDHVHHQZYEEK-HBBNESRFSA-N, MINDHVHHQZYEEK-HBBNESRFSA-N, MINDHVHHQZYEEK-HBBNESRFSA-N",Launched
muscimol,benzodiazepine receptor agonist,"GABRA1, GABRA2, GABRA3, GABRA4, GABRA5, GABRA6, GABRR1, GABRR2, GABRR3",,,"Tocris, Tocris",100,"NCc1cc(=O)[nH]o1, NCc1cc(=O)[nH]o1","ZJQHPWUVQPJPQT-UHFFFAOYSA-N, ZJQHPWUVQPJPQT-UHFFFAOYSA-N",Phase 1
MUT056399,FABI inhibitor,,,,"MedChemEx, MedChemEx",93.76,"CCc1cc(O)c(Oc2ccc(cc2F)C(N)=O)cc1F, CCc1cc(O)c(Oc2ccc(cc2F)C(N)=O)cc1F","QUHARGDBJJUOEB-UHFFFAOYSA-N, QUHARGDBJJUOEB-UHFFFAOYSA-N",Phase 1
MY-5445,"phosphodiesterase inhibitor, platelet aggregation inhibitor",PDE5A,,,"Tocris, Tocris, Tocris, Tocris",99.38,"Clc1cccc(Nc2nnc(-c3ccccc3)c3ccccc23)c1, Clc1cccc(Nc2nnc(-c3ccccc3)c3ccccc23)c1, Clc1cccc(Nc2nnc(-c3ccccc3)c3ccccc23)c1, Clc1cccc(Nc2nnc(-c3ccccc3)c3ccccc23)c1","CEHQLKSLMFIHBF-UHFFFAOYSA-N, CEHQLKSLMFIHBF-UHFFFAOYSA-N, CEHQLKSLMFIHBF-UHFFFAOYSA-N, CEHQLKSLMFIHBF-UHFFFAOYSA-N",Preclinical
mycophenolate-mofetil,"dehydrogenase inhibitor, inositol monophosphatase inhibitor","IMPDH1, IMPDH2",transplant,organ rejection,"Tocris, Tocris, MicroSource, Selleck, Selleck, Tocris",97.77,"COc1c(C)c2COC(=O)c2c(O)c1C\C=C(/C)CCC(=O)OCCN1CCOCC1, COc1c(C)c2COC(=O)c2c(O)c1C\C=C(/C)CCC(=O)OCCN1CCOCC1, COc1c(C)c2COC(=O)c2c(O)c1C\C=C(/C)CCC(=O)OCCN1CCOCC1, COc1c(C)c2COC(=O)c2c(O)c1C\C=C(/C)CCC(=O)OCCN1CCOCC1, COc1c(C)c2COC(=O)c2c(O)c1C\C=C(/C)CCC(=O)OCCN1CCOCC1, COc1c(C)c2COC(=O)c2c(O)c1C\C=C(/C)CCC(=O)OCCN1CCOCC1","RTGDFNSFWBGLEC-SYZQJQIISA-N, RTGDFNSFWBGLEC-SYZQJQIISA-N, RTGDFNSFWBGLEC-SYZQJQIISA-N, RTGDFNSFWBGLEC-SYZQJQIISA-N, RTGDFNSFWBGLEC-SYZQJQIISA-N, RTGDFNSFWBGLEC-SYZQJQIISA-N",Launched
mycophenolic-acid,"dehydrogenase inhibitor, inositol monophosphatase inhibitor","IMPDH1, IMPDH2",transplant,organ rejection,"Tocris, Tocris, MicroSource, Selleck, Selleck, Selleck, Selleck, Tocris",98.39,"COc1c(C)c2COC(=O)c2c(O)c1C\C=C(/C)CCC(O)=O, COc1c(C)c2COC(=O)c2c(O)c1C\C=C(/C)CCC(O)=O, COc1c(C)c2COC(=O)c2c(O)c1C\C=C(/C)CCC(O)=O, COc1c(C)c2COC(=O)c2c(O)c1C\C=C(/C)CCC(O)=O, COc1c(C)c2COC(=O)c2c(O)c1C\C=C(/C)CCC(O)=O, COc1c(C)c2COC(=O)c2c(O)c1C\C=C(/C)CCC(O)=O, COc1c(C)c2COC(=O)c2c(O)c1C\C=C(/C)CCC(O)=O, COc1c(C)c2COC(=O)c2c(O)c1C\C=C(/C)CCC(O)=O","HPNSFSBZBAHARI-RUDMXATFSA-N, HPNSFSBZBAHARI-RUDMXATFSA-N, HPNSFSBZBAHARI-RUDMXATFSA-N, HPNSFSBZBAHARI-RUDMXATFSA-N, HPNSFSBZBAHARI-RUDMXATFSA-N, HPNSFSBZBAHARI-RUDMXATFSA-N, HPNSFSBZBAHARI-RUDMXATFSA-N, HPNSFSBZBAHARI-RUDMXATFSA-N",Launched
myricetin,"androgen receptor agonist, cytochrome P450 inhibitor",PIK3CG,,,"Selleck, Selleck, Selleck",94.44,"Oc1cc(O)c2c(c1)oc(-c1cc(O)c(O)c(O)c1)c(O)c2=O, Oc1cc(O)c2c(c1)oc(-c1cc(O)c(O)c(O)c1)c(O)c2=O, Oc1cc(O)c2c(c1)oc(-c1cc(O)c(O)c(O)c1)c(O)c2=O","IKMDFBPHZNJCSN-UHFFFAOYSA-N, IKMDFBPHZNJCSN-UHFFFAOYSA-N, IKMDFBPHZNJCSN-UHFFFAOYSA-N",Preclinical
myricitrin,PKC inhibitor,"NOS1, PRKCA",,,Selleck,96.98,C[C@@H]1O[C@@H](Oc2c(oc3cc(O)cc(O)c3c2=O)-c2cc(O)c(O)c(O)c2)[C@H](O)[C@H](O)[C@H]1O,DCYOADKBABEMIQ-OWMUPTOHSA-N,Preclinical
myristyl-nicotinate,topical sunscreen agent,,,,Accela,0,CCCCCCCCCCCCCCOC(=O)c1cccnc1,TVGLGJWCZSCAEM-UHFFFAOYSA-N,Phase 1
M8-B,transient receptor potential channel antagonist,TRPM8,,,"Tocris, Tocris, Tocris",97.89,"COc1cc(CN(CCN)C(=O)c2cccs2)ccc1OCc1ccccc1, COc1cc(CN(CCN)C(=O)c2cccs2)ccc1OCc1ccccc1, COc1cc(CN(CCN)C(=O)c2cccs2)ccc1OCc1ccccc1","UOGGWHBYFVBUIY-UHFFFAOYSA-N, UOGGWHBYFVBUIY-UHFFFAOYSA-N, UOGGWHBYFVBUIY-UHFFFAOYSA-N",Preclinical
N-(p-amylcinnamoyl)-anthranilic-acid,phospholipase inhibitor,,,,MedChemEx,93.29,CCCCCc1ccc(\C=C\C(=O)Nc2ccccc2C(O)=O)cc1,GAMRBCZMOOMBSQ-CCEZHUSRSA-N,Preclinical
N-(2-chlorophenyl)-2-({(2E)-2-[1-(2-pyridinyl)ethylidene]hydrazino}carbothioyl)hydrazinecarbothioamide,,,,,Key,20.21,CC(=NNC(=S)NNC(=S)Nc1ccccc1Cl)c1ccccn1,YYLKOELWSMRYHV-UHFFFAOYSA-N,Preclinical
N-[2-(piperidinylamino)ethyl]-4-iodobenzamide,sigma receptor ligand,,,,"Tocris, Tocris, Tocris",98.14,"Ic1ccc(cc1)C(=O)NCCN1CCCCC1, Ic1ccc(cc1)C(=O)NCCN1CCCCC1, Ic1ccc(cc1)C(=O)NCCN1CCCCC1","WCMWVYQHPUQKHW-UHFFFAOYSA-N, WCMWVYQHPUQKHW-UHFFFAOYSA-N, WCMWVYQHPUQKHW-UHFFFAOYSA-N",Preclinical
N-acetyl-D-glucosamine,,"B4GALT1, B4GALT2, B4GALT3, B4GALT4, NAGK, NAGLU, NAGPA, RENBP",,,"MedChemEx, Vitas-M",100,"CC(=O)N[C@@H](C=O)[C@@H](O)[C@H](O)[C@H](O)CO, CC(=O)N[C@@H](C=O)[C@@H](O)[C@H](O)[C@H](O)CO","MBLBDJOUHNCFQT-LXGUWJNJSA-N, MBLBDJOUHNCFQT-LXGUWJNJSA-N",Phase 2/Phase 3
N-acetyl-tyrosine,,,,,"Enamine, Enamine",96.39,"CC(=O)N[C@@H](Cc1ccc(O)cc1)C(O)=O |&1:4,r|, CC(=O)N[C@@H](Cc1ccc(O)cc1)C(O)=O |&1:4,r|","CAHKINHBCWCHCF-JTQLQIEISA-N, CAHKINHBCWCHCF-JTQLQIEISA-N",Launched
N-acetylcarnosine,,,,,AKSci,100,CC(=O)NCCC(=O)N[C@@H](Cc1cnc[nH]1)C(O)=O,BKAYIFDRRZZKNF-VIFPVBQESA-N,Launched
N-acetylglycyl-D-glutamic-acid,glutamate receptor agonist,,,,"Tocris, Tocris",100,"CC(=O)NCC(=O)N[C@H](CCC(O)=O)C(O)=O, CC(=O)NCC(=O)N[C@H](CCC(O)=O)C(O)=O","CQTYJLQESPLSOP-ZCFIWIBFSA-N, CQTYJLQESPLSOP-ZCFIWIBFSA-N",Preclinical
N-acetylmannosamine,,,,,Vitas-M,100,"CC(=O)N[C@H]1[C@@H](O)O[C@@H](CO)[C@@H](O)[C@H]1O |a:5,11,13,&1:4,&2:8|",OVRNDRQMDRJTHS-SHGPDSBTSA-N,Phase 2
N-acetyltryptamine,melatonin receptor agonist,,,,"Tocris, Tocris, Tocris, Tocris",98.63,"CC(=O)NCCc1c[nH]c2ccccc12, CC(=O)NCCc1c[nH]c2ccccc12, CC(=O)NCCc1c[nH]c2ccccc12, CC(=O)NCCc1c[nH]c2ccccc12","NVUGEQAEQJTCIX-UHFFFAOYSA-N, NVUGEQAEQJTCIX-UHFFFAOYSA-N, NVUGEQAEQJTCIX-UHFFFAOYSA-N, NVUGEQAEQJTCIX-UHFFFAOYSA-N",Preclinical
N-alpha-methylhistamine-dihydrochloride,histamine receptor agonist,HRH4,,,"Tocris, Tocris",100,"CNCCc1cnc[nH]1, CNCCc1cnc[nH]1","PHSPJQZRQAJPPF-UHFFFAOYSA-N, PHSPJQZRQAJPPF-UHFFFAOYSA-N",Phase 3
N-benzylnaltrindole,opioid receptor antagonist,,,,Tocris,98.7,"Oc1ccc2C[C@H]3N(CC4CC4)CC[C@@]45[C@@H](Oc1c24)c1c(C[C@@]35O)c2ccccc2n1Cc1ccccc1 |TLB:21:22:7.12.13:4.5.18,23:22:7.12.13:4.5.18|",PSPANKCQVWSVHM-OUDZLNJNSA-N,Preclinical
N-cyclohexyl-2-benzothiazolesulfenamide,,,,,AKSci,98.95,C1CCC(CC1)NSc1nc2ccccc2s1,DEQZTKGFXNUBJL-UHFFFAOYSA-N,Preclinical
N-hydroxynicotinamide,,,,,Sigma,96.8,ONC(=O)c1cccnc1,IYCHDNQCHLMLJZ-UHFFFAOYSA-N,Preclinical
"N-methyl-(-)ephedrine-[1R,2S]",,,,,"Sigma, MicroSource",84.7,"C[C@@H]([C@H](O)c1ccccc1)N(C)C, C[C@@H]([C@H](O)c1ccccc1)N(C)C","FMCGSUUBYTWNDP-ONGXEEELSA-N, FMCGSUUBYTWNDP-ONGXEEELSA-N",Preclinical
N-methylformamide,,,,,Sigma,0,CNC=O,ATHHXGZTWNVVOU-UHFFFAOYSA-N,Phase 2
N-methyllidocaine-iodide,antiarrhythmic medication,,,,Tocris,98.14,CC[N+](C)(CC)CC(=O)Nc1c(C)cccc1C,HFRFLLYLVAKRMZ-UHFFFAOYSA-O,Preclinical
N-methylpyrrolidone,,,,,Sigma,0,CN1CCCC1=O,SECXISVLQFMRJM-UHFFFAOYSA-N,Phase 1
N-methylquipazine,serotonin receptor agonist,,,,"Tocris, Tocris",98.26,"CN1CCN(CC1)c1ccc2ccccc2n1, CN1CCN(CC1)c1ccc2ccccc2n1","HOMWNUXPSJQSSU-UHFFFAOYSA-N, HOMWNUXPSJQSSU-UHFFFAOYSA-N",Preclinical
N-MPPP,opioid receptor agonist,,,,"Tocris, Tocris, Tocris, Tocris",97.35,"CN([C@H](CN1CCCC1)c1ccccc1)C(=O)Cc1ccccc1, CN([C@H](CN1CCCC1)c1ccccc1)C(=O)Cc1ccccc1, CN([C@H](CN1CCCC1)c1ccccc1)C(=O)Cc1ccccc1, CN([C@H](CN1CCCC1)c1ccccc1)C(=O)Cc1ccccc1","OVZWUDZIAAHNFG-HXUWFJFHSA-N, OVZWUDZIAAHNFG-HXUWFJFHSA-N, OVZWUDZIAAHNFG-HXUWFJFHSA-N, OVZWUDZIAAHNFG-HXUWFJFHSA-N",Preclinical
N-oxydiethylenebenzothiazole-2-sulfenamide,,,,,"Sigma, Enamine",3.71,"C1CN(CCO1)Sc1nc2ccccc2s1, C1CN(CCO1)Sc1nc2ccccc2s1","MHKLKWCYGIBEQF-UHFFFAOYSA-N, MHKLKWCYGIBEQF-UHFFFAOYSA-N",Preclinical
N-salicoylaminophenol,ribonucleotide reductase inhibitor,,,,CombiBlocks,99.07,Oc1ccc(NC(=O)c2ccccc2O)cc1,LGCMKPRGGJRYGM-UHFFFAOYSA-N,Phase 1/Phase 2
NAB-2,ubiquitin ligase transport promoter,NEDD4,,,"Tocris, Tocris, Tocris",99.23,"Cc1ccc(C)c(c1)-n1cnc2cc(ccc12)C(=O)NCc1ccccc1Cl, Cc1ccc(C)c(c1)-n1cnc2cc(ccc12)C(=O)NCc1ccccc1Cl, Cc1ccc(C)c(c1)-n1cnc2cc(ccc12)C(=O)NCc1ccccc1Cl","CZSLEMCYYGEGKP-UHFFFAOYSA-N, CZSLEMCYYGEGKP-UHFFFAOYSA-N, CZSLEMCYYGEGKP-UHFFFAOYSA-N",Preclinical
nabumetone,cyclooxygenase inhibitor,"PTGS1, PTGS2",rheumatology,"rheumatoid arthritis, osteoarthritis","MicroSource, MedChemEx, MedChemEx, Selleck",99.57,"COc1ccc2cc(CCC(C)=O)ccc2c1, COc1ccc2cc(CCC(C)=O)ccc2c1, COc1ccc2cc(CCC(C)=O)ccc2c1, COc1ccc2cc(CCC(C)=O)ccc2c1","BLXXJMDCKKHMKV-UHFFFAOYSA-N, BLXXJMDCKKHMKV-UHFFFAOYSA-N, BLXXJMDCKKHMKV-UHFFFAOYSA-N, BLXXJMDCKKHMKV-UHFFFAOYSA-N",Launched
nadide,free radical scavenger,"AHCY, AKR1A1, ALDH2, BLVRA, DHPS, DLD, GALE, HMGCR, HSD17B1, HSD17B4, IMPDH2, MGAM, P2RY11, SORD, TRPM2",,,"Selleck, MicroSource, MicroSource",87.7,"NC(=O)c1ccc[n+](c1)[C@@H]1O[C@H](COP(O)(=O)OP(O)(=O)OC[C@H]2O[C@H]([C@H](O)[C@@H]2O)n2cnc3c(N)ncnc23)[C@@H](O)[C@H]1O |a:9,11,23,25,26,28,40,42,&1:14,&2:18|, NC(=O)c1ccc[n+](c1)[C@@H]1O[C@H](COP(O)(=O)OP(O)(=O)OC[C@H]2O[C@H]([C@H](O)[C@@H]2O)n2cnc3c(N)ncnc23)[C@@H](O)[C@H]1O |a:9,11,23,25,26,28,40,42,&1:14,&2:18|, NC(=O)c1ccc[n+](c1)[C@@H]1O[C@H](COP(O)(=O)OP(O)(=O)OC[C@H]2O[C@H]([C@H](O)[C@@H]2O)n2cnc3c(N)ncnc23)[C@@H](O)[C@H]1O |a:9,11,23,25,26,28,40,42,&1:14,&2:18|","BAWFJGJZGIEFAR-NNYOXOHSSA-O, BAWFJGJZGIEFAR-NNYOXOHSSA-O, BAWFJGJZGIEFAR-NNYOXOHSSA-O",Launched
nadifloxacin,bacterial DNA gyrase inhibitor,,"dermatology, infectious disease","acne vulgaris (AV), skin infections","MicroSource, MedChemEx, Selleck",99.02,"C[C@H]1CCc2c(N3CCC(O)CC3)c(F)cc3c2n1cc(C(O)=O)c3=O |&1:1,r|, C[C@H]1CCc2c(N3CCC(O)CC3)c(F)cc3c2n1cc(C(O)=O)c3=O |&1:1,r|, C[C@H]1CCc2c(N3CCC(O)CC3)c(F)cc3c2n1cc(C(O)=O)c3=O |&1:1,r|","JYJTVFIEFKZWCJ-JTQLQIEISA-N, JYJTVFIEFKZWCJ-JTQLQIEISA-N, JYJTVFIEFKZWCJ-JTQLQIEISA-N",Launched
nadolol,adrenergic receptor antagonist,"ADRB1, ADRB2, ADRB3",cardiology,"angina pectoris, hypertension","MicroSource, Sigma",63.89,"CC(C)(C)NC[C@@H](O)COc1cccc2C[C@@H](O)[C@@H](O)Cc12 |a:16,18,&1:6|, CC(C)(C)NC[C@@H](O)COc1cccc2C[C@@H](O)[C@@H](O)Cc12 |a:16,18,&1:6|","VWPOSFSPZNDTMJ-YUELXQCFSA-N, VWPOSFSPZNDTMJ-YUELXQCFSA-N",Launched
NADPH,,"DRD2, DRD3, DRD4, GHSR, HTR2A, HTR2C",,,,0,,,Preclinical
nafadotride,dopamine receptor antagonist,"DRD2, DRD3, HTR1A",,,Tocris,86.99,"CCCCN1CCC[C@@H]1CNC(=O)c1cc(C#N)c2ccccc2c1OC |&1:8,r|",IDZASIQMRGPBCQ-QGZVFWFLSA-N,Preclinical
nafamostat,serine protease inhibitor,"ASIC1, ASIC2, ASIC3, C1R, PRSS1, TPSAB1, TRPM7",cardiology,anticoagulent,"Tocris, Selleck, Selleck, Selleck",89.75,"NC(=N)Nc1ccc(cc1)C(=O)Oc1ccc2cc(ccc2c1)C(N)=N, NC(=N)Nc1ccc(cc1)C(=O)Oc1ccc2cc(ccc2c1)C(N)=N, NC(=N)Nc1ccc(cc1)C(=O)Oc1ccc2cc(ccc2c1)C(N)=N, NC(=N)Nc1ccc(cc1)C(=O)Oc1ccc2cc(ccc2c1)C(N)=N","MQQNFDZXWVTQEH-UHFFFAOYSA-N, MQQNFDZXWVTQEH-UHFFFAOYSA-N, MQQNFDZXWVTQEH-UHFFFAOYSA-N, MQQNFDZXWVTQEH-UHFFFAOYSA-N",Launched
nafcillin,bacterial cell wall synthesis inhibitor,"CYP1A2, CYP3A4, SLC22A6",infectious disease,gram-positive bacterial infections,"MedChemEx, MicroSource, Selleck, Selleck",96.54,"CCOc1ccc2ccccc2c1C(=O)N[C@H]1[C@H]2SC(C)(C)[C@@H](N2C1=O)C(O)=O, CCOc1ccc2ccccc2c1C(=O)N[C@H]1[C@H]2SC(C)(C)[C@@H](N2C1=O)C(O)=O, CCOc1ccc2ccccc2c1C(=O)N[C@H]1[C@H]2SC(C)(C)[C@@H](N2C1=O)C(O)=O, CCOc1ccc2ccccc2c1C(=O)N[C@H]1[C@H]2SC(C)(C)[C@@H](N2C1=O)C(O)=O","GPXLMGHLHQJAGZ-JTDSTZFVSA-N, GPXLMGHLHQJAGZ-JTDSTZFVSA-N, GPXLMGHLHQJAGZ-JTDSTZFVSA-N, GPXLMGHLHQJAGZ-JTDSTZFVSA-N",Launched
naftidrofuryl,adrenergic receptor antagonist,,cardiology,claudication,"MicroSource, MedChemEx, MedChemEx",94.28,"CCN(CC)CCOC(=O)[C@@H](C[C@H]1CCCO1)Cc1cccc2ccccc12 |&1:10,&2:12|, CCN(CC)CCOC(=O)[C@@H](C[C@H]1CCCO1)Cc1cccc2ccccc12 |&1:10,&2:12|, CCN(CC)CCOC(=O)[C@@H](C[C@H]1CCCO1)Cc1cccc2ccccc12 |&1:10,&2:12|","KBAFPSLPKGSANY-FGZHOGPDSA-N, KBAFPSLPKGSANY-FGZHOGPDSA-N, KBAFPSLPKGSANY-FGZHOGPDSA-N",Launched
naftifine,fungal squalene epoxidase inhibitor,,infectious disease,"tinea pedis, tinea cruris, tinea corporis","MicroSource, MicroSource, MicroSource, MicroSource, MedChemEx, Selleck",99.05,"CN(C\C=C\c1ccccc1)Cc1cccc2ccccc12, CN(C\C=C\c1ccccc1)Cc1cccc2ccccc12, CN(C\C=C\c1ccccc1)Cc1cccc2ccccc12, CN(C\C=C\c1ccccc1)Cc1cccc2ccccc12, CN(C\C=C\c1ccccc1)Cc1cccc2ccccc12, CN(C\C=C\c1ccccc1)Cc1cccc2ccccc12","OZGNYLLQHRPOBR-DHZHZOJOSA-N, OZGNYLLQHRPOBR-DHZHZOJOSA-N, OZGNYLLQHRPOBR-DHZHZOJOSA-N, OZGNYLLQHRPOBR-DHZHZOJOSA-N, OZGNYLLQHRPOBR-DHZHZOJOSA-N, OZGNYLLQHRPOBR-DHZHZOJOSA-N",Launched
naftopidil,adrenergic receptor antagonist,ADRA1A,urology,benign prostatic hyperplasia (BPH),"Tocris, Tocris, Tocris",99.08,"COc1ccccc1N1CCN(C[C@@H](O)COc2cccc3ccccc23)CC1 |&1:13|, COc1ccccc1N1CCN(C[C@@H](O)COc2cccc3ccccc23)CC1 |&1:13|, COc1ccccc1N1CCN(C[C@@H](O)COc2cccc3ccccc23)CC1 |&1:13|","HRRBJVNMSRJFHQ-HXUWFJFHSA-N, HRRBJVNMSRJFHQ-HXUWFJFHSA-N, HRRBJVNMSRJFHQ-HXUWFJFHSA-N",Launched
nalbuphine,"opioid receptor agonist, opioid receptor antagonist","OPRD1, OPRK1, OPRM1",neurology/psychiatry,pain relief,"MicroSource, Enzo, Enzo, Sigma",98.22,"O[C@H]1CC[C@@]2(O)[C@H]3Cc4ccc(O)c5O[C@@H]1[C@]2(CCN3CC1CCC1)c45, O[C@H]1CC[C@@]2(O)[C@H]3Cc4ccc(O)c5O[C@@H]1[C@]2(CCN3CC1CCC1)c45, O[C@H]1CC[C@@]2(O)[C@H]3Cc4ccc(O)c5O[C@@H]1[C@]2(CCN3CC1CCC1)c45, O[C@H]1CC[C@@]2(O)[C@H]3Cc4ccc(O)c5O[C@@H]1[C@]2(CCN3CC1CCC1)c45","NETZHAKZCGBWSS-CEDHKZHLSA-N, NETZHAKZCGBWSS-CEDHKZHLSA-N, NETZHAKZCGBWSS-CEDHKZHLSA-N, NETZHAKZCGBWSS-CEDHKZHLSA-N",Launched
nalfurafine,opioid receptor agonist,"OPRK1, OPRM1",nephrology,uremic pruritus,"MedChemEx, MedChemEx",97.5,"CN([C@@H]1CC[C@@]2(O)[C@H]3Cc4ccc(O)c5O[C@@H]1[C@]2(CCN3CC1CC1)c45)C(=O)\C=C\c1ccoc1, CN([C@@H]1CC[C@@]2(O)[C@H]3Cc4ccc(O)c5O[C@@H]1[C@]2(CCN3CC1CC1)c45)C(=O)\C=C\c1ccoc1","XGZZHZMWIXFATA-UEZBDDGYSA-N, XGZZHZMWIXFATA-UEZBDDGYSA-N",Launched
nalidixic-acid,bacterial DNA gyrase inhibitor,,infectious disease,urinary tract infections,"MedChemEx, MicroSource, Selleck",97.94,"CCn1cc(C(O)=O)c(=O)c2ccc(C)nc12, CCn1cc(C(O)=O)c(=O)c2ccc(C)nc12, CCn1cc(C(O)=O)c(=O)c2ccc(C)nc12","MHWLWQUZZRMNGJ-UHFFFAOYSA-N, MHWLWQUZZRMNGJ-UHFFFAOYSA-N, MHWLWQUZZRMNGJ-UHFFFAOYSA-N",Launched
nalmefene,opioid receptor antagonist,"OPRD1, OPRK1, OPRM1",pulmonary,respiratory depression,"Tocris, Tocris, Tocris, Selleck",97.66,"Oc1ccc2C[C@H]3N(CC4CC4)CC[C@@]45[C@@H](Oc1c24)C(=C)CC[C@@]35O, Oc1ccc2C[C@H]3N(CC4CC4)CC[C@@]45[C@@H](Oc1c24)C(=C)CC[C@@]35O, Oc1ccc2C[C@H]3N(CC4CC4)CC[C@@]45[C@@H](Oc1c24)C(=C)CC[C@@]35O, Oc1ccc2C[C@H]3N(CC4CC4)CC[C@@]45[C@@H](Oc1c24)C(=C)CC[C@@]35O","WJBLNOPPDWQMCH-MBPVOVBZSA-N, WJBLNOPPDWQMCH-MBPVOVBZSA-N, WJBLNOPPDWQMCH-MBPVOVBZSA-N, WJBLNOPPDWQMCH-MBPVOVBZSA-N",Launched
naloxegol,opioid receptor antagonist,OPRM1,gastroenterology,constipation,"MedChemEx, MedChemEx",96.9,"COCCOCCOCCOCCOCCOCCOCCO[C@H]1CC[C@@]2(O)[C@H]3Cc4ccc(O)c5O[C@@H]1[C@]2(CCN3CC=C)c45, COCCOCCOCCOCCOCCOCCOCCO[C@H]1CC[C@@]2(O)[C@H]3Cc4ccc(O)c5O[C@@H]1[C@]2(CCN3CC=C)c45","XNKCCCKFOQNXKV-ZRSCBOBOSA-N, XNKCCCKFOQNXKV-ZRSCBOBOSA-N",Launched
naloxone,opioid receptor antagonist,"CREB1, ESR1, OPRD1, OPRK1, OPRM1, TLR4",pulmonary,respiratory depression,"Selleck, Selleck, Selleck, Tocris, MicroSource, MicroSource",89.5,"Oc1ccc2C[C@H]3N(CC=C)CC[C@@]45[C@@H](Oc1c24)C(=O)CC[C@@]35O, Oc1ccc2C[C@H]3N(CC=C)CC[C@@]45[C@@H](Oc1c24)C(=O)CC[C@@]35O, Oc1ccc2C[C@H]3N(CC=C)CC[C@@]45[C@@H](Oc1c24)C(=O)CC[C@@]35O, Oc1ccc2C[C@H]3N(CC=C)CC[C@@]45[C@@H](Oc1c24)C(=O)CC[C@@]35O, Oc1ccc2C[C@H]3N(CC=C)CC[C@@]45[C@@H](Oc1c24)C(=O)CC[C@@]35O, Oc1ccc2C[C@H]3N(CC=C)CC[C@@]45[C@@H](Oc1c24)C(=O)CC[C@@]35O","UZHSEJADLWPNLE-GRGSLBFTSA-N, UZHSEJADLWPNLE-GRGSLBFTSA-N, UZHSEJADLWPNLE-GRGSLBFTSA-N, UZHSEJADLWPNLE-GRGSLBFTSA-N, UZHSEJADLWPNLE-GRGSLBFTSA-N, UZHSEJADLWPNLE-GRGSLBFTSA-N",Launched
naloxone-benzoylhydrazone,opioid receptor antagonist,"OPRK1, OPRM1",,,"Tocris, Tocris, Tocris, Tocris",80.29,"Oc1ccc2C[C@H]3N(CC=C)CC[C@@]45[C@@H](Oc1c24)\C(CC[C@@]35O)=N\NC(=O)c1ccccc1, Oc1ccc2C[C@H]3N(CC=C)CC[C@@]45[C@@H](Oc1c24)\C(CC[C@@]35O)=N\NC(=O)c1ccccc1, Oc1ccc2C[C@H]3N(CC=C)CC[C@@]45[C@@H](Oc1c24)\C(CC[C@@]35O)=N\NC(=O)c1ccccc1, Oc1ccc2C[C@H]3N(CC=C)CC[C@@]45[C@@H](Oc1c24)\C(CC[C@@]35O)=N\NC(=O)c1ccccc1","AKXCFAYOTIEFOH-XTNAHFASSA-N, AKXCFAYOTIEFOH-XTNAHFASSA-N, AKXCFAYOTIEFOH-XTNAHFASSA-N, AKXCFAYOTIEFOH-XTNAHFASSA-N",Preclinical
naltrexone,opioid receptor antagonist,"OPRD1, OPRK1, OPRM1, SIGMAR1",neurology/psychiatry,abstinence from alcohol,"MicroSource, Tocris, Selleck, Selleck",93.54,"Oc1ccc2C[C@H]3N(CC4CC4)CC[C@@]45[C@@H](Oc1c24)C(=O)CC[C@@]35O, Oc1ccc2C[C@H]3N(CC4CC4)CC[C@@]45[C@@H](Oc1c24)C(=O)CC[C@@]35O, Oc1ccc2C[C@H]3N(CC4CC4)CC[C@@]45[C@@H](Oc1c24)C(=O)CC[C@@]35O, Oc1ccc2C[C@H]3N(CC4CC4)CC[C@@]45[C@@H](Oc1c24)C(=O)CC[C@@]35O","DQCKKXVULJGBQN-XFWGSAIBSA-N, DQCKKXVULJGBQN-XFWGSAIBSA-N, DQCKKXVULJGBQN-XFWGSAIBSA-N, DQCKKXVULJGBQN-XFWGSAIBSA-N",Launched
naltriben,opioid receptor antagonist,"OPRD1, OPRK1, OPRM1",,,Tocris,94.03,Oc1ccc2C[C@H]3N(CC4CC4)CC[C@@]45[C@@H](Oc1c24)c1oc2ccccc2c1C[C@@]35O,ZHVWWEYETMPAMX-IFKAHUTRSA-N,Preclinical
naltrindole,opioid receptor antagonist,"OPRD1, OPRK1, OPRM1",,,Tocris,92.02,Oc1ccc2C[C@H]3N(CC4CC4)CC[C@@]45[C@@H](Oc1c24)c1[nH]c2ccccc2c1C[C@@]35O,WIYUZYBFCWCCQJ-IFKAHUTRSA-N,Preclinical
Nampt-IN-1,,,,,MedChemEx,97.45,CC(C)(O)CS(=O)(=O)Nc1ccc2CN(CCc2c1)C(=O)COc1cccnc1,QHHSCLARESIWBH-UHFFFAOYSA-N,Preclinical
NAN-190,serotonin receptor agonist,"ADRA1A, ADRA1B, ADRA1D, HTR1A, HTR1F",,,"Tocris, Tocris",95.35,"COc1ccccc1N1CCN(CCCCN2C(=O)c3ccccc3C2=O)CC1, COc1ccccc1N1CCN(CCCCN2C(=O)c3ccccc3C2=O)CC1","SJDOMIRMMUGQQK-UHFFFAOYSA-N, SJDOMIRMMUGQQK-UHFFFAOYSA-N",Preclinical
nanchangmycin,other antibiotic,,,,"Selleck, Selleck, Selleck, Selleck",98.79,"CO[C@H]1CC[C@@H](O[C@H]2C[C@@H](O[C@]3(O[C@H](C[C@@H]3C)[C@H]3O[C@@](O)(CO)[C@H](C)C[C@@H]3C)[C@@H]2C)[C@]2(C)CC[C@]3(C[C@H](O)[C@@H](C)[C@H](O3)[C@@H](C)\C=C(/C)C(=O)[C@H](C)C[C@H](C)C(O)=O)O2)O[C@@H]1C |a:2,7,11,13,15,19,23,26,28,30,34,36,38,40,42,49,52,59,&1:5,&2:9,&3:17|, CO[C@H]1CC[C@@H](O[C@H]2C[C@@H](O[C@]3(O[C@H](C[C@@H]3C)[C@H]3O[C@@](O)(CO)[C@H](C)C[C@@H]3C)[C@@H]2C)[C@]2(C)CC[C@]3(C[C@H](O)[C@@H](C)[C@H](O3)[C@@H](C)\C=C(/C)C(=O)[C@H](C)C[C@H](C)C(O)=O)O2)O[C@@H]1C |a:2,7,11,13,15,19,23,26,28,30,34,36,38,40,42,49,52,59,&1:5,&2:9,&3:17|, CO[C@H]1CC[C@@H](O[C@H]2C[C@@H](O[C@]3(O[C@H](C[C@@H]3C)[C@H]3O[C@@](O)(CO)[C@H](C)C[C@@H]3C)[C@@H]2C)[C@]2(C)CC[C@]3(C[C@H](O)[C@@H](C)[C@H](O3)[C@@H](C)\C=C(/C)C(=O)[C@H](C)C[C@H](C)C(O)=O)O2)O[C@@H]1C |a:2,7,11,13,15,19,23,26,28,30,34,36,38,40,42,49,52,59,&1:5,&2:9,&3:17|, CO[C@H]1CC[C@@H](O[C@H]2C[C@@H](O[C@]3(O[C@H](C[C@@H]3C)[C@H]3O[C@@](O)(CO)[C@H](C)C[C@@H]3C)[C@@H]2C)[C@]2(C)CC[C@]3(C[C@H](O)[C@@H](C)[C@H](O3)[C@@H](C)\C=C(/C)C(=O)[C@H](C)C[C@H](C)C(O)=O)O2)O[C@@H]1C |a:2,7,11,13,15,19,23,26,28,30,34,36,38,40,42,49,52,59,&1:5,&2:9,&3:17|","FELYAZAWTURXNF-KWJIWYEDSA-N, FELYAZAWTURXNF-KWJIWYEDSA-N, FELYAZAWTURXNF-KWJIWYEDSA-N, FELYAZAWTURXNF-KWJIWYEDSA-N",Preclinical
napabucasin,STAT inhibitor,STAT3,,,"MedChemEx, MedChemEx, MedChemEx, Tocris",91.09,"CC(=O)c1cc2c(o1)C(=O)c1ccccc1C2=O, CC(=O)c1cc2c(o1)C(=O)c1ccccc1C2=O, CC(=O)c1cc2c(o1)C(=O)c1ccccc1C2=O, CC(=O)c1cc2c(o1)C(=O)c1ccccc1C2=O","DPHUWDIXHNQOSY-UHFFFAOYSA-N, DPHUWDIXHNQOSY-UHFFFAOYSA-N, DPHUWDIXHNQOSY-UHFFFAOYSA-N, DPHUWDIXHNQOSY-UHFFFAOYSA-N",Phase 3
napamezole,"adrenergic receptor antagonist, monoamine reuptake inhibitor",,,,Sigma,74.76,"C(C1=NCCN1)C1=Cc2ccccc2CC1 |t:1,7|",WETRBJOSGIDJHQ-UHFFFAOYSA-N,Preclinical
naphazoline,adrenergic receptor agonist,"ADRA1A, ADRA2A",ophthalmology,eye irritation,"MedChemEx, MedChemEx, Selleck, MicroSource",98.84,"C(C1=NCCN1)c1cccc2ccccc12 |t:1|, C(C1=NCCN1)c1cccc2ccccc12 |t:1|, C(C1=NCCN1)c1cccc2ccccc12 |t:1|, C(C1=NCCN1)c1cccc2ccccc12 |t:1|","CNIIGCLFLJGOGP-UHFFFAOYSA-N, CNIIGCLFLJGOGP-UHFFFAOYSA-N, CNIIGCLFLJGOGP-UHFFFAOYSA-N, CNIIGCLFLJGOGP-UHFFFAOYSA-N",Launched
naphthoquine-phosphate,antimalarial agent,,infectious disease,malaria,"MedChemEx, MedChemEx, MedChemEx",79.04,"CC(C)(C)NCc1cc(Nc2ccnc3cc(Cl)ccc23)c2CCCCc2c1O, CC(C)(C)NCc1cc(Nc2ccnc3cc(Cl)ccc23)c2CCCCc2c1O, CC(C)(C)NCc1cc(Nc2ccnc3cc(Cl)ccc23)c2CCCCc2c1O","VEVMYTDOWUQLGI-UHFFFAOYSA-N, VEVMYTDOWUQLGI-UHFFFAOYSA-N, VEVMYTDOWUQLGI-UHFFFAOYSA-N",Launched
napirimus,immunosuppressant,,,,Enamine,98.99,Cn1cc(cc1C(O)=O)C(=O)c1cccc2ccccc12,CNUPQURTHORUGH-UHFFFAOYSA-N,Phase 1
naproxen,cyclooxygenase inhibitor,"PTGS1, PTGS2","neurology/psychiatry, rheumatology, dental, otolaryngology, endocrinology","pain relief, rheumatoid arthritis, headache, toothache, backache, muscle pain, common cold, fever","Selleck, Selleck, Tocris, Selleck, MicroSource",99.66,"COc1ccc2cc(ccc2c1)[C@H](C)C(O)=O, COc1ccc2cc(ccc2c1)[C@H](C)C(O)=O, COc1ccc2cc(ccc2c1)[C@H](C)C(O)=O, COc1ccc2cc(ccc2c1)[C@H](C)C(O)=O, COc1ccc2cc(ccc2c1)[C@H](C)C(O)=O","CMWTZPSULFXXJA-VIFPVBQESA-N, CMWTZPSULFXXJA-VIFPVBQESA-N, CMWTZPSULFXXJA-VIFPVBQESA-N, CMWTZPSULFXXJA-VIFPVBQESA-N, CMWTZPSULFXXJA-VIFPVBQESA-N",Launched
naquotinib,EGFR inhibitor,,,,MedChemEx,89.03,CCc1nc(C(N)=O)c(Nc2ccc(cc2)N2CCC(CC2)N2CCN(C)CC2)nc1O[C@@H]1CCN(C1)C(=O)C=C,QKDCLUARMDUUKN-XMMPIXPASA-N,Phase 3
narasin,antiprotozoal agent,,infectious disease,coccidiosis,"MicroSource, MicroSource, MicroSource, MicroSource",100,"CC[C@H]([C@@H]1O[C@@H]([C@@H](C)[C@H](O)[C@H](C)C(=O)[C@H](CC)[C@H]2O[C@@]3(O[C@@]4(CC[C@](C)(O4)[C@H]4CC[C@](O)(CC)[C@H](C)O4)[C@H](O)C=C3)[C@H](C)C[C@@H]2C)[C@@H](C)C[C@H]1C)C(O)=O |a:2,3,5,6,8,10,14,17,19,21,24,30,34,37,41,44,46,49,&1:27,c:41|, CC[C@H]([C@@H]1O[C@@H]([C@@H](C)[C@H](O)[C@H](C)C(=O)[C@H](CC)[C@H]2O[C@@]3(O[C@@]4(CC[C@](C)(O4)[C@H]4CC[C@](O)(CC)[C@H](C)O4)[C@H](O)C=C3)[C@H](C)C[C@@H]2C)[C@@H](C)C[C@H]1C)C(O)=O |a:2,3,5,6,8,10,14,17,19,21,24,30,34,37,41,44,46,49,&1:27,c:41|, CC[C@H]([C@@H]1O[C@@H]([C@@H](C)[C@H](O)[C@H](C)C(=O)[C@H](CC)[C@H]2O[C@@]3(O[C@@]4(CC[C@](C)(O4)[C@H]4CC[C@](O)(CC)[C@H](C)O4)[C@H](O)C=C3)[C@H](C)C[C@@H]2C)[C@@H](C)C[C@H]1C)C(O)=O |a:2,3,5,6,8,10,14,17,19,21,24,30,34,37,41,44,46,49,&1:27,c:41|, CC[C@H]([C@@H]1O[C@@H]([C@@H](C)[C@H](O)[C@H](C)C(=O)[C@H](CC)[C@H]2O[C@@]3(O[C@@]4(CC[C@](C)(O4)[C@H]4CC[C@](O)(CC)[C@H](C)O4)[C@H](O)C=C3)[C@H](C)C[C@@H]2C)[C@@H](C)C[C@H]1C)C(O)=O |a:2,3,5,6,8,10,14,17,19,21,24,30,34,37,41,44,46,49,&1:27,c:41|","VHKXXVVRRDYCIK-OQMITHEGSA-N, VHKXXVVRRDYCIK-OQMITHEGSA-N, VHKXXVVRRDYCIK-OQMITHEGSA-N, VHKXXVVRRDYCIK-OQMITHEGSA-N",Launched
naratriptan,serotonin receptor agonist,"HTR1A, HTR1B, HTR1D, HTR1E, HTR1F",neurology/psychiatry,migraine headache,"MedChemEx, Selleck, Selleck",98.58,"CNS(=O)(=O)CCc1ccc2[nH]cc(C3CCN(C)CC3)c2c1, CNS(=O)(=O)CCc1ccc2[nH]cc(C3CCN(C)CC3)c2c1, CNS(=O)(=O)CCc1ccc2[nH]cc(C3CCN(C)CC3)c2c1","AMKVXSZCKVJAGH-UHFFFAOYSA-N, AMKVXSZCKVJAGH-UHFFFAOYSA-N, AMKVXSZCKVJAGH-UHFFFAOYSA-N",Launched
naringenin,"aromatase inhibitor, TRPV antagonist","CYP19A1, CYP1B1, ESR2, GLO1, HSD17B1",,,"MedChemEx, Selleck",96.8,"Oc1ccc(cc1)[C@@H]1CC(=O)c2c(O)cc(O)cc2O1, Oc1ccc(cc1)[C@@H]1CC(=O)c2c(O)cc(O)cc2O1","FTVWIRXFELQLPI-ZDUSSCGKSA-N, FTVWIRXFELQLPI-ZDUSSCGKSA-N",Phase 1
naringeninic-acid,,"HCAR2, PTGR1",,,"Sigma, Vitas-M",97.59,"OC(=O)\C=C\c1ccc(O)cc1, OC(=O)\C=C\c1ccc(O)cc1","NGSWKAQJJWESNS-ZZXKWVIFSA-N, NGSWKAQJJWESNS-ZZXKWVIFSA-N",Phase 1
naringin,cytochrome P450 inhibitor,SLCO1A2,,,"MedChemEx, Selleck",94.5,"C[C@@H]1O[C@@H](O[C@@H]2[C@@H](O)[C@H](O)[C@@H](CO)O[C@H]2Oc2cc(O)c3C(=O)C[C@H](Oc3c2)c2ccc(O)cc2)[C@H](O)[C@H](O)[C@H]1O, C[C@@H]1O[C@@H](O[C@@H]2[C@@H](O)[C@H](O)[C@@H](CO)O[C@H]2Oc2cc(O)c3C(=O)C[C@H](Oc3c2)c2ccc(O)cc2)[C@H](O)[C@H](O)[C@H]1O","DFPMSGMNTNDNHN-ZPHOTFPESA-N, DFPMSGMNTNDNHN-ZPHOTFPESA-N",Preclinical
naringin-dihydrochalcone,cytochrome P450 inhibitor,,,,MedChemEx,96.69,C[C@@H]1O[C@@H](O[C@@H]2[C@@H](O)[C@H](O)[C@@H](CO)O[C@H]2Oc2cc(O)c(C(=O)CCc3ccc(O)cc3)c(O)c2)[C@H](O)[C@H](O)[C@H]1O,CWBZAESOUBENAP-QVNVHUMTSA-N,Preclinical
narlaprevir,HCV inhibitor,,,,"MedChemEx, MedChemEx, MedChemEx, MedChemEx",95.2,"CCCC[C@H](NC(=O)[C@@H]1[C@@H]2[C@H](CN1C(=O)[C@@H](NC(=O)NC1(CS(=O)(=O)C(C)(C)C)CCCCC1)C(C)(C)C)C2(C)C)C(=O)C(=O)NC1CC1, CCCC[C@H](NC(=O)[C@@H]1[C@@H]2[C@H](CN1C(=O)[C@@H](NC(=O)NC1(CS(=O)(=O)C(C)(C)C)CCCCC1)C(C)(C)C)C2(C)C)C(=O)C(=O)NC1CC1, CCCC[C@H](NC(=O)[C@@H]1[C@@H]2[C@H](CN1C(=O)[C@@H](NC(=O)NC1(CS(=O)(=O)C(C)(C)C)CCCCC1)C(C)(C)C)C2(C)C)C(=O)C(=O)NC1CC1, CCCC[C@H](NC(=O)[C@@H]1[C@@H]2[C@H](CN1C(=O)[C@@H](NC(=O)NC1(CS(=O)(=O)C(C)(C)C)CCCCC1)C(C)(C)C)C2(C)C)C(=O)C(=O)NC1CC1","RICZEKWVNZFTNZ-LFGITCQGSA-N, RICZEKWVNZFTNZ-LFGITCQGSA-N, RICZEKWVNZFTNZ-LFGITCQGSA-N, RICZEKWVNZFTNZ-LFGITCQGSA-N",Phase 3
NAS-181,serotonin receptor antagonist,HTR1B,,,Tocris,87.91,C(Oc1cccc2C=C(CN3CCOCC3)COc12)[C@H]1CNCCO1 |t:7|,RTKDBEOSPDFLGD-QGZVFWFLSA-N,Preclinical
nastorazepide,CCK receptor antagonist,CCKBR,,,"MedChemEx, Adooq, MedChemEx",98.62,"CC(C)(C)C(=O)CN1c2ccccc2N(C[C@@H](NC(=O)Nc2cccc(c2)C(O)=O)C1=O)C1CCCCC1, CC(C)(C)C(=O)CN1c2ccccc2N(C[C@@H](NC(=O)Nc2cccc(c2)C(O)=O)C1=O)C1CCCCC1, CC(C)(C)C(=O)CN1c2ccccc2N(C[C@@H](NC(=O)Nc2cccc(c2)C(O)=O)C1=O)C1CCCCC1","VIJCCFFEBCOOIE-JOCHJYFZSA-N, VIJCCFFEBCOOIE-JOCHJYFZSA-N, VIJCCFFEBCOOIE-JOCHJYFZSA-N",Phase 2
natamycin,fungal ergosterol inhibitor,,"ophthalmology, infectious disease","conjunctivitis, fungal keratosis, blepharitis","MicroSource, MedChemEx, MedChemEx, Sigma, Selleck, Selleck",91.43,"C[C@H]1O[C@@H](O[C@@H]2C[C@@H]3O[C@@](O)(C[C@H](O)[C@H]3C(O)=O)C[C@@H](O)C[C@H]3O[C@@H]3\C=C\C(=O)O[C@H](C)C\C=C\C=C\C=C\C=C\2)[C@@H](O)[C@@H](N)[C@@H]1O |t:27,35,37,39,41|, C[C@H]1O[C@@H](O[C@@H]2C[C@@H]3O[C@@](O)(C[C@H](O)[C@H]3C(O)=O)C[C@@H](O)C[C@H]3O[C@@H]3\C=C\C(=O)O[C@H](C)C\C=C\C=C\C=C\C=C\2)[C@@H](O)[C@@H](N)[C@@H]1O |t:27,35,37,39,41|, C[C@H]1O[C@@H](O[C@@H]2C[C@@H]3O[C@@](O)(C[C@H](O)[C@H]3C(O)=O)C[C@@H](O)C[C@H]3O[C@@H]3\C=C\C(=O)O[C@H](C)C\C=C\C=C\C=C\C=C\2)[C@@H](O)[C@@H](N)[C@@H]1O |t:27,35,37,39,41|, C[C@H]1O[C@@H](O[C@@H]2C[C@@H]3O[C@@](O)(C[C@H](O)[C@H]3C(O)=O)C[C@@H](O)C[C@H]3O[C@@H]3\C=C\C(=O)O[C@H](C)C\C=C\C=C\C=C\C=C\2)[C@@H](O)[C@@H](N)[C@@H]1O |t:27,35,37,39,41|, C[C@H]1O[C@@H](O[C@@H]2C[C@@H]3O[C@@](O)(C[C@H](O)[C@H]3C(O)=O)C[C@@H](O)C[C@H]3O[C@@H]3\C=C\C(=O)O[C@H](C)C\C=C\C=C\C=C\C=C\2)[C@@H](O)[C@@H](N)[C@@H]1O |t:27,35,37,39,41|, C[C@H]1O[C@@H](O[C@@H]2C[C@@H]3O[C@@](O)(C[C@H](O)[C@H]3C(O)=O)C[C@@H](O)C[C@H]3O[C@@H]3\C=C\C(=O)O[C@H](C)C\C=C\C=C\C=C\C=C\2)[C@@H](O)[C@@H](N)[C@@H]1O |t:27,35,37,39,41|","NCXMLFZGDNKEPB-FFPOYIOWSA-N, NCXMLFZGDNKEPB-FFPOYIOWSA-N, NCXMLFZGDNKEPB-FFPOYIOWSA-N, NCXMLFZGDNKEPB-FFPOYIOWSA-N, NCXMLFZGDNKEPB-FFPOYIOWSA-N, NCXMLFZGDNKEPB-FFPOYIOWSA-N",Launched
nateglinide,insulin secretagogue,"ABCC8, KCNJ10, KCNJ11, PPARG",endocrinology,diabetes mellitus,"Tocris, Tocris, Tocris, Selleck, Selleck",98.07,"CC(C)[C@H]1CC[C@@H](CC1)C(=O)N[C@H](Cc1ccccc1)C(O)=O, CC(C)[C@H]1CC[C@@H](CC1)C(=O)N[C@H](Cc1ccccc1)C(O)=O, CC(C)[C@H]1CC[C@@H](CC1)C(=O)N[C@H](Cc1ccccc1)C(O)=O, CC(C)[C@H]1CC[C@@H](CC1)C(=O)N[C@H](Cc1ccccc1)C(O)=O, CC(C)[C@H]1CC[C@@H](CC1)C(=O)N[C@H](Cc1ccccc1)C(O)=O","OELFLUMRDSZNSF-BRWVUGGUSA-N, OELFLUMRDSZNSF-BRWVUGGUSA-N, OELFLUMRDSZNSF-BRWVUGGUSA-N, OELFLUMRDSZNSF-BRWVUGGUSA-N, OELFLUMRDSZNSF-BRWVUGGUSA-N",Launched
NAV-26,voltage-gated sodium channel blocker,SCN9A,,,"Tocris, Tocris, Tocris",97.97,"FC(F)(F)Oc1ccc(CNC(=O)[C@H]2N(C3CCOCC3)C(=O)c3ccccc23)cc1 |&1:13,r|, FC(F)(F)Oc1ccc(CNC(=O)[C@H]2N(C3CCOCC3)C(=O)c3ccccc23)cc1 |&1:13,r|, FC(F)(F)Oc1ccc(CNC(=O)[C@H]2N(C3CCOCC3)C(=O)c3ccccc23)cc1 |&1:13,r|","ICGMZCVSHDKQTE-IBGZPJMESA-N, ICGMZCVSHDKQTE-IBGZPJMESA-N, ICGMZCVSHDKQTE-IBGZPJMESA-N",Preclinical
navarixin,CC chemokine receptor antagonist,"CXCR1, CXCR2",,,"MedChemEx, MedChemEx, MedChemEx",93.85,"CC[C@@H](Nc1c(Nc2cccc(C(=O)N(C)C)c2O)c(=O)c1=O)c1ccc(C)o1, CC[C@@H](Nc1c(Nc2cccc(C(=O)N(C)C)c2O)c(=O)c1=O)c1ccc(C)o1, CC[C@@H](Nc1c(Nc2cccc(C(=O)N(C)C)c2O)c(=O)c1=O)c1ccc(C)o1","RXIUEIPPLAFSDF-CYBMUJFWSA-N, RXIUEIPPLAFSDF-CYBMUJFWSA-N, RXIUEIPPLAFSDF-CYBMUJFWSA-N",Phase 2
navitoclax,BCL inhibitor,"BCL2, BCL2L1, BCL2L2",,,"MedChemEx, MedChemEx, MedChemEx, Selleck, Selleck, Selleck, Selleck, Selleck",97,"CC1(C)CCC(=C(CN2CCN(CC2)c2ccc(cc2)C(=O)NS(=O)(=O)c2ccc(N[C@H](CCN3CCOCC3)CSc3ccccc3)c(c2)S(=O)(=O)C(F)(F)F)C1)c1ccc(Cl)cc1 |t:5|, CC1(C)CCC(=C(CN2CCN(CC2)c2ccc(cc2)C(=O)NS(=O)(=O)c2ccc(N[C@H](CCN3CCOCC3)CSc3ccccc3)c(c2)S(=O)(=O)C(F)(F)F)C1)c1ccc(Cl)cc1 |t:5|, CC1(C)CCC(=C(CN2CCN(CC2)c2ccc(cc2)C(=O)NS(=O)(=O)c2ccc(N[C@H](CCN3CCOCC3)CSc3ccccc3)c(c2)S(=O)(=O)C(F)(F)F)C1)c1ccc(Cl)cc1 |t:5|, CC1(C)CCC(=C(CN2CCN(CC2)c2ccc(cc2)C(=O)NS(=O)(=O)c2ccc(N[C@H](CCN3CCOCC3)CSc3ccccc3)c(c2)S(=O)(=O)C(F)(F)F)C1)c1ccc(Cl)cc1 |t:5|, CC1(C)CCC(=C(CN2CCN(CC2)c2ccc(cc2)C(=O)NS(=O)(=O)c2ccc(N[C@H](CCN3CCOCC3)CSc3ccccc3)c(c2)S(=O)(=O)C(F)(F)F)C1)c1ccc(Cl)cc1 |t:5|, CC1(C)CCC(=C(CN2CCN(CC2)c2ccc(cc2)C(=O)NS(=O)(=O)c2ccc(N[C@H](CCN3CCOCC3)CSc3ccccc3)c(c2)S(=O)(=O)C(F)(F)F)C1)c1ccc(Cl)cc1 |t:5|, CC1(C)CCC(=C(CN2CCN(CC2)c2ccc(cc2)C(=O)NS(=O)(=O)c2ccc(N[C@H](CCN3CCOCC3)CSc3ccccc3)c(c2)S(=O)(=O)C(F)(F)F)C1)c1ccc(Cl)cc1 |t:5|, CC1(C)CCC(=C(CN2CCN(CC2)c2ccc(cc2)C(=O)NS(=O)(=O)c2ccc(N[C@H](CCN3CCOCC3)CSc3ccccc3)c(c2)S(=O)(=O)C(F)(F)F)C1)c1ccc(Cl)cc1 |t:5|","JLYAXFNOILIKPP-KXQOOQHDSA-N, JLYAXFNOILIKPP-KXQOOQHDSA-N, JLYAXFNOILIKPP-KXQOOQHDSA-N, JLYAXFNOILIKPP-KXQOOQHDSA-N, JLYAXFNOILIKPP-KXQOOQHDSA-N, JLYAXFNOILIKPP-KXQOOQHDSA-N, JLYAXFNOILIKPP-KXQOOQHDSA-N, JLYAXFNOILIKPP-KXQOOQHDSA-N",Phase 2
naxagolide,dopamine receptor agonist,,,,Adooq,92.36,CCCN1CCO[C@H]2[C@H]1CCc1ccc(O)cc21,JCSREICEMHWFAY-HUUCEWRRSA-N,Phase 3
NB-001,antiviral,,,,Sigma,93.1,Nc1ncnc2n(CCNCCCCCO)cnc12,CVPTTZZCRDVGSU-UHFFFAOYSA-N,Preclinical
NBI-27914,corticotropin releasing factor receptor antagonist,CRHR1,,,"Tocris, Tocris, Tocris, Tocris",97.86,"CCCN(CC1CC1)c1nc(C)nc(Nc2c(Cl)cc(Cl)cc2Cl)c1Cl, CCCN(CC1CC1)c1nc(C)nc(Nc2c(Cl)cc(Cl)cc2Cl)c1Cl, CCCN(CC1CC1)c1nc(C)nc(Nc2c(Cl)cc(Cl)cc2Cl)c1Cl, CCCN(CC1CC1)c1nc(C)nc(Nc2c(Cl)cc(Cl)cc2Cl)c1Cl","KNADXBVKFAUMCR-UHFFFAOYSA-N, KNADXBVKFAUMCR-UHFFFAOYSA-N, KNADXBVKFAUMCR-UHFFFAOYSA-N, KNADXBVKFAUMCR-UHFFFAOYSA-N",Preclinical
NBI-74330-(+/-),CC chemokine receptor antagonist,CXCR3,,,"Tocris, Tocris",98.26,"CCOc1ccc(cc1)-n1c(nc2ncccc2c1=O)[C@@H](C)N(Cc1cccnc1)C(=O)Cc1ccc(F)c(c1)C(F)(F)F |&1:20,r|, CCOc1ccc(cc1)-n1c(nc2ncccc2c1=O)[C@@H](C)N(Cc1cccnc1)C(=O)Cc1ccc(F)c(c1)C(F)(F)F |&1:20,r|","XMRGQUDUVGRCBS-HXUWFJFHSA-N, XMRGQUDUVGRCBS-HXUWFJFHSA-N",Preclinical
NBI-98782,vesicular monoamine transporter inhibitor,,,,MedChemEx,85.41,COc1cc2CCN3C[C@@H](CC(C)C)[C@H](O)C[C@@H]3c2cc1OC,WEQLWGNDNRARGE-DJIMGWMZSA-N,Preclinical
NBQX,glutamate receptor antagonist,"GRIA1, GRIA2, GRIA3, GRIA4, GRIK1, GRIN1, GRIN2A, GRIN2B",,,"Tocris, Tocris, Tocris, Tocris, Tocris, Tocris",98.85,"NS(=O)(=O)c1cccc2c1c(cc1[nH]c(=O)c(=O)[nH]c21)[N+]([O-])=O, NS(=O)(=O)c1cccc2c1c(cc1[nH]c(=O)c(=O)[nH]c21)[N+]([O-])=O, NS(=O)(=O)c1cccc2c1c(cc1[nH]c(=O)c(=O)[nH]c21)[N+]([O-])=O, NS(=O)(=O)c1cccc2c1c(cc1[nH]c(=O)c(=O)[nH]c21)[N+]([O-])=O, NS(=O)(=O)c1cccc2c1c(cc1[nH]c(=O)c(=O)[nH]c21)[N+]([O-])=O, NS(=O)(=O)c1cccc2c1c(cc1[nH]c(=O)c(=O)[nH]c21)[N+]([O-])=O","UQNAFPHGVPVTAL-UHFFFAOYSA-N, UQNAFPHGVPVTAL-UHFFFAOYSA-N, UQNAFPHGVPVTAL-UHFFFAOYSA-N, UQNAFPHGVPVTAL-UHFFFAOYSA-N, UQNAFPHGVPVTAL-UHFFFAOYSA-N, UQNAFPHGVPVTAL-UHFFFAOYSA-N",Preclinical
NCS-382,GABA receptor antagonist,"GABBR1, GABBR2, SLC52A2",,,Tocris,96.9,O[C@@H]1c2ccccc2CCC\C1=C/C(O)=O |&1:1|,UADPGHINQMWEAG-FROQITRMSA-N,Preclinical
NCX-1015,interleukin sythesis stimulator,,,,MedChemEx,16.19,"C[C@]12C[C@H](O)[C@H]3[C@@H](CCC4=CC(=O)C=C[C@]34C)[C@@H]1CC[C@]2(O)C(=O)COC(=O)c1ccc(CO[N+]([O-])=O)cc1 |c:13,t:9|",MJHYBJOMJPGNMM-KGWLDMEJSA-N,Preclinical
NDD-094,,,,,Enamine,91.14,Cc1nccn1Cc1ccccn1,CTUICISGLKIJLG-UHFFFAOYSA-N,Preclinical
NDT-9513727,complement antagonist,C5AR1,,,"Tocris, Tocris",96.42,"CCCCn1c(CN(Cc2ccc3OCOc3c2)Cc2ccc3OCOc3c2)c(nc1-c1ccccc1)-c1ccccc1, CCCCn1c(CN(Cc2ccc3OCOc3c2)Cc2ccc3OCOc3c2)c(nc1-c1ccccc1)-c1ccccc1","ITACCRHKSPSKKL-UHFFFAOYSA-N, ITACCRHKSPSKKL-UHFFFAOYSA-N",Preclinical
NE-100,sigma receptor antagonist,SIGMAR1,,,"Tocris, Tocris, Tocris",92.52,"CCCN(CCC)CCc1ccc(OC)c(OCCc2ccccc2)c1, CCCN(CCC)CCc1ccc(OC)c(OCCc2ccccc2)c1, CCCN(CCC)CCc1ccc(OC)c(OCCc2ccccc2)c1","YBLIQJGXRLZBCZ-UHFFFAOYSA-N, YBLIQJGXRLZBCZ-UHFFFAOYSA-N, YBLIQJGXRLZBCZ-UHFFFAOYSA-N",Phase 2
nebivolol,adrenergic receptor antagonist,ADRB1,cardiology,hypertension,"MedChemEx, MedChemEx",96.86,"O[C@H](CNC[C@@H](O)[C@@H]1CCc2cc(F)ccc2O1)[C@H]1CCc2cc(F)ccc2O1 |&1:1,5,7,18|, O[C@H](CNC[C@@H](O)[C@@H]1CCc2cc(F)ccc2O1)[C@H]1CCc2cc(F)ccc2O1 |&1:1,5,7,18|","KOHIRBRYDXPAMZ-YHBROIRLSA-N, KOHIRBRYDXPAMZ-YHBROIRLSA-N",Launched
nebracetam,acetylcholine receptor agonist,CHRM1,,,"Enamine, Enamine",98.57,"NC[C@H]1CN(Cc2ccccc2)C(=O)C1 |&1:2|, NC[C@H]1CN(Cc2ccccc2)C(=O)C1 |&1:2|","LCAFGJGYCUMTGS-NSHDSACASA-N, LCAFGJGYCUMTGS-NSHDSACASA-N",Phase 3
NECA,adenosine receptor agonist,"ADORA1, ADORA2A, ADORA2B, ADORA3",,,"Tocris, Tocris, Tocris, Tocris",98.69,"CCNC(=O)[C@H]1O[C@H]([C@H](O)[C@@H]1O)n1cnc2c(N)ncnc12, CCNC(=O)[C@H]1O[C@H]([C@H](O)[C@@H]1O)n1cnc2c(N)ncnc12, CCNC(=O)[C@H]1O[C@H]([C@H](O)[C@@H]1O)n1cnc2c(N)ncnc12, CCNC(=O)[C@H]1O[C@H]([C@H](O)[C@@H]1O)n1cnc2c(N)ncnc12","JADDQZYHOWSFJD-FLNNQWSLSA-N, JADDQZYHOWSFJD-FLNNQWSLSA-N, JADDQZYHOWSFJD-FLNNQWSLSA-N, JADDQZYHOWSFJD-FLNNQWSLSA-N",Launched
necrostatin-1,RIPK inhibitor,RIPK1,,,"Tocris, Selleck, Selleck, Tocris",94.54,"CN1C(=S)N[C@@H](Cc2c[nH]c3ccccc23)C1=O |r|, CN1C(=S)N[C@@H](Cc2c[nH]c3ccccc23)C1=O |r|, CN1C(=S)N[C@@H](Cc2c[nH]c3ccccc23)C1=O |r|, CN1C(=S)N[C@@H](Cc2c[nH]c3ccccc23)C1=O |r|","TXUWMXQFNYDOEZ-NSHDSACASA-N, TXUWMXQFNYDOEZ-NSHDSACASA-N, TXUWMXQFNYDOEZ-NSHDSACASA-N, TXUWMXQFNYDOEZ-NSHDSACASA-N",Preclinical
necrostatin-2,"necroptosis inhibitor, RIPK inhibitor",RIPK2,,,"MedChemEx, MedChemEx",98.11,"CN1C(=O)N[C@H](Cc2c[nH]c3c(Cl)cccc23)C1=O, CN1C(=O)N[C@H](Cc2c[nH]c3c(Cl)cccc23)C1=O","WIKGAEMMNQTUGL-SNVBAGLBSA-N, WIKGAEMMNQTUGL-SNVBAGLBSA-N",Preclinical
nedaplatin,DNA inhibitor,,oncology,"non-small cell lung cancer (NSCLC), small cell lung cancer, esophageal cancer","MedChemEx, MedChemEx, MedChemEx",0,"N[Pt]1(N)OC=C(O)O1 |t:4|, N[Pt]1(N)OC=C(O)O1 |t:4|, N[Pt]1(N)OC=C(O)O1 |t:4|","AUZDMWWRYCUANI-UHFFFAOYSA-L, AUZDMWWRYCUANI-UHFFFAOYSA-L, AUZDMWWRYCUANI-UHFFFAOYSA-L",Launched
nedocromil,histamine receptor antagonist,"CYSLTR1, CYSLTR2, FPR1, HSP90AA1, PTGDR","neurology/psychiatry, ophthalmology","itching, conjunctivitis","MedChemEx, MedChemEx, MedChemEx",91.97,"CCCc1c2oc(cc(=O)c2cc2c1n(CC)c(cc2=O)C(O)=O)C(O)=O, CCCc1c2oc(cc(=O)c2cc2c1n(CC)c(cc2=O)C(O)=O)C(O)=O, CCCc1c2oc(cc(=O)c2cc2c1n(CC)c(cc2=O)C(O)=O)C(O)=O","RQTOOFIXOKYGAN-UHFFFAOYSA-N, RQTOOFIXOKYGAN-UHFFFAOYSA-N, RQTOOFIXOKYGAN-UHFFFAOYSA-N",Launched
nefazodone,"adrenergic inhibitor, norepinephrine reuptake inhibitor, serotonin receptor antagonist, serotonin reuptake inhibitor","ADRA1A, ADRA1B, ADRA2A, CYP3A4, HTR1A, HTR2A, HTR2C, SLC6A2, SLC6A3, SLC6A4",,,"MicroSource, MicroSource, Tocris, Tocris",97.66,"CCc1nn(CCCN2CCN(CC2)c2cccc(Cl)c2)c(=O)n1CCOc1ccccc1, CCc1nn(CCCN2CCN(CC2)c2cccc(Cl)c2)c(=O)n1CCOc1ccccc1, CCc1nn(CCCN2CCN(CC2)c2cccc(Cl)c2)c(=O)n1CCOc1ccccc1, CCc1nn(CCCN2CCN(CC2)c2cccc(Cl)c2)c(=O)n1CCOc1ccccc1","VRBKIVRKKCLPHA-UHFFFAOYSA-N, VRBKIVRKKCLPHA-UHFFFAOYSA-N, VRBKIVRKKCLPHA-UHFFFAOYSA-N, VRBKIVRKKCLPHA-UHFFFAOYSA-N",Withdrawn
nefiracetam,"acetylcholine receptor agonist, benzodiazepine receptor agonist",CHRM1,,,"Tocris, MicroSource, Selleck, Selleck",99.27,"Cc1cccc(C)c1NC(=O)CN1CCCC1=O, Cc1cccc(C)c1NC(=O)CN1CCCC1=O, Cc1cccc(C)c1NC(=O)CN1CCCC1=O, Cc1cccc(C)c1NC(=O)CN1CCCC1=O","NGHTXZCKLWZPGK-UHFFFAOYSA-N, NGHTXZCKLWZPGK-UHFFFAOYSA-N, NGHTXZCKLWZPGK-UHFFFAOYSA-N, NGHTXZCKLWZPGK-UHFFFAOYSA-N",Phase 3
nefopam,cyclooxygenase inhibitor,,neurology/psychiatry,pain relief,"Selleck, Selleck",98.62,"CN1CCO[C@@H](c2ccccc2)c2ccccc2C1 |&1:5|, CN1CCO[C@@H](c2ccccc2)c2ccccc2C1 |&1:5|","RGPDEAGGEXEMMM-KRWDZBQOSA-N, RGPDEAGGEXEMMM-KRWDZBQOSA-N",Launched
nelarabine,"DNA synthesis inhibitor, T cell inhibitor",POLA1,hematologic malignancy,acute lymphoblastic leukemia (ALL),"Tocris, Tocris, Selleck",98.83,"COc1nc(N)nc2n(cnc12)[C@@H]1O[C@H](CO)[C@@H](O)[C@@H]1O, COc1nc(N)nc2n(cnc12)[C@@H]1O[C@H](CO)[C@@H](O)[C@@H]1O, COc1nc(N)nc2n(cnc12)[C@@H]1O[C@H](CO)[C@@H](O)[C@@H]1O","IXOXBSCIXZEQEQ-UHTZMRCNSA-N, IXOXBSCIXZEQEQ-UHTZMRCNSA-N, IXOXBSCIXZEQEQ-UHTZMRCNSA-N",Launched
nelfinavir,HIV protease inhibitor,"CYP1A2, CYP2B6, CYP2C19, CYP2C9, CYP2D6, CYP3A4, CYP3A7",infectious disease,human immunodeficiency virus (HIV-1),"Enzo, Enzo, Enzo, Enzo, Enzo, MedChemEx, MedChemEx",98.14,"Cc1c(O)cccc1C(=O)N[C@@H](CSc1ccccc1)[C@H](O)CN1C[C@H]2CCCC[C@H]2C[C@H]1C(=O)NC(C)(C)C, Cc1c(O)cccc1C(=O)N[C@@H](CSc1ccccc1)[C@H](O)CN1C[C@H]2CCCC[C@H]2C[C@H]1C(=O)NC(C)(C)C, Cc1c(O)cccc1C(=O)N[C@@H](CSc1ccccc1)[C@H](O)CN1C[C@H]2CCCC[C@H]2C[C@H]1C(=O)NC(C)(C)C, Cc1c(O)cccc1C(=O)N[C@@H](CSc1ccccc1)[C@H](O)CN1C[C@H]2CCCC[C@H]2C[C@H]1C(=O)NC(C)(C)C, Cc1c(O)cccc1C(=O)N[C@@H](CSc1ccccc1)[C@H](O)CN1C[C@H]2CCCC[C@H]2C[C@H]1C(=O)NC(C)(C)C, Cc1c(O)cccc1C(=O)N[C@@H](CSc1ccccc1)[C@H](O)CN1C[C@H]2CCCC[C@H]2C[C@H]1C(=O)NC(C)(C)C, Cc1c(O)cccc1C(=O)N[C@@H](CSc1ccccc1)[C@H](O)CN1C[C@H]2CCCC[C@H]2C[C@H]1C(=O)NC(C)(C)C","QAGYKUNXZHXKMR-HKWSIXNMSA-N, QAGYKUNXZHXKMR-HKWSIXNMSA-N, QAGYKUNXZHXKMR-HKWSIXNMSA-N, QAGYKUNXZHXKMR-HKWSIXNMSA-N, QAGYKUNXZHXKMR-HKWSIXNMSA-N, InChI=1S/C32H45N3O4S/c1-21-25(15-10-16-28(21)36)30(38)33-26(20-40-24-13-6-5-7-14-24)29(37)19-35-18-23-12-9-8-11-22(23)17-27(35)31(39)34-32(2,3)4/h5-7,10,13-16,22-23,26-27,29,36-37H,8-9,11-12,17-20H2,1-4H3,(H,33,38)(H,34,39)/t22-,23+,26-,27-,29+/m0/s1, InChI=1S/C32H45N3O4S/c1-21-25(15-10-16-28(21)36)30(38)33-26(20-40-24-13-6-5-7-14-24)29(37)19-35-18-23-12-9-8-11-22(23)17-27(35)31(39)34-32(2,3)4/h5-7,10,13-16,22-23,26-27,29,36-37H,8-9,11-12,17-20H2,1-4H3,(H,33,38)(H,34,39)/t22-,23+,26-,27-,29+/m0/s1",Launched
nelociguat,guanylate cyclase stimulant,,,,MedChemEx,95.75,COC(=O)Nc1c(N)nc(nc1N)-c1nn(Cc2ccccc2F)c2ncccc12,FTQHGWIXJSSWOY-UHFFFAOYSA-N,Preclinical
nelotanserin,serotonin receptor inverse agonist,,,,MedChemEx,96.92,COc1ccc(NC(=O)Nc2ccc(F)cc2F)cc1-c1c(Br)cnn1C,COSPVUFTLGQDQL-UHFFFAOYSA-N,Phase 2
nemazoline,"adrenergic receptor agonist, adrenergic receptor antagonist",,,,Enamine,72.14,Nc1c(Cl)cc(C=C2NCCN2)cc1Cl,OEOYJZUHFXEJEI-UHFFFAOYSA-N,Phase 2
nemiralisib,,,,,MedChemEx,97.29,CC(C)N1CCN(Cc2cnc(o2)-c2cc(cc3[nH]ncc23)-c2cccc3[nH]ccc23)CC1,MCIDWGZGWVSZMK-UHFFFAOYSA-N,Phase 2
nemonapride,dopamine receptor antagonist,"DRD2, DRD3, DRD4",neurology/psychiatry,schizophrenia,Tocris,96.96,"CNc1cc(OC)c(cc1Cl)C(=O)N[C@@H]1CCN(Cc2ccccc2)[C@@H]1C |&1:14,25|",KRVOJOCLBAAKSJ-RDTXWAMCSA-N,Launched
nemorexant,orexin receptor antagonist,,,,MedChemEx,98.29,COc1ccc(c(c1)C(=O)N1CCC[C@@]1(C)c1nc2ccc(Cl)c(C)c2[nH]1)-n1nccn1,NBGABHGMJVIVBW-QHCPKHFHSA-N,Preclinical
nemorubicin,topoisomerase inhibitor,"TOP1, TOP2A",,,"MedChemEx, MedChemEx, MedChemEx, MedChemEx",90.61,"CO[C@@H]1CN(CCO1)[C@H]1C[C@H](O[C@H]2C[C@@](O)(Cc3c(O)c4C(=O)c5cccc(OC)c5C(=O)c4c(O)c23)C(=O)CO)O[C@@H](C)[C@H]1O, CO[C@@H]1CN(CCO1)[C@H]1C[C@H](O[C@H]2C[C@@](O)(Cc3c(O)c4C(=O)c5cccc(OC)c5C(=O)c4c(O)c23)C(=O)CO)O[C@@H](C)[C@H]1O, CO[C@@H]1CN(CCO1)[C@H]1C[C@H](O[C@H]2C[C@@](O)(Cc3c(O)c4C(=O)c5cccc(OC)c5C(=O)c4c(O)c23)C(=O)CO)O[C@@H](C)[C@H]1O, CO[C@@H]1CN(CCO1)[C@H]1C[C@H](O[C@H]2C[C@@](O)(Cc3c(O)c4C(=O)c5cccc(OC)c5C(=O)c4c(O)c23)C(=O)CO)O[C@@H](C)[C@H]1O","CTMCWCONSULRHO-UHQPFXKFSA-N, CTMCWCONSULRHO-UHQPFXKFSA-N, CTMCWCONSULRHO-UHQPFXKFSA-N, CTMCWCONSULRHO-UHQPFXKFSA-N",Phase 2
neo-gilurytmal,,,cardiology,cardiac arrythmia,"InterBioScreen, InterBioScreen",83.33,"CCC[N@@+]12[C@H]3C[C@]45[C@@H](O)[C@@H]3[C@@H](C[C@@H]1[C@@H]4N(C)c1ccccc51)[C@H](CC)[C@H]2O |a:4,6,10,13,22,25,&1:3,&2:7,&3:9,&4:12|, CCC[N@@+]12[C@H]3C[C@]45[C@@H](O)[C@@H]3[C@@H](C[C@@H]1[C@@H]4N(C)c1ccccc51)[C@H](CC)[C@H]2O |a:4,6,10,13,22,25,&1:3,&2:7,&3:9,&4:12|","UAUHEPXILIZYCU-JSQPETPRSA-N, UAUHEPXILIZYCU-JSQPETPRSA-N",Launched
neohesperidin,,,,,MedChemEx,92.43,[H][C@@]1(O[C@@H]2[C@@H](O)[C@H](O)[C@@H](CO)O[C@H]2Oc2cc(O)c3C(=O)C[C@H](Oc3c2)c2ccc(OC)c(O)c2)O[C@@H](C)[C@H](O)[C@@H](O)[C@H]1O,ARGKVCXINMKCAZ-UZRWAPQLSA-N,Preclinical
neohesperidin-dihydrochalcone,,,,,"MedChemEx, Selleck, Selleck",94.52,"COc1ccc(CCC(=O)c2c(O)cc(O[C@@H]3O[C@H](CO)[C@@H](O)[C@H](O)[C@H]3O[C@@H]3O[C@@H](C)[C@H](O)[C@@H](O)[C@H]3O)cc2O)cc1O, COc1ccc(CCC(=O)c2c(O)cc(O[C@@H]3O[C@H](CO)[C@@H](O)[C@H](O)[C@H]3O[C@@H]3O[C@@H](C)[C@H](O)[C@@H](O)[C@H]3O)cc2O)cc1O, COc1ccc(CCC(=O)c2c(O)cc(O[C@@H]3O[C@H](CO)[C@@H](O)[C@H](O)[C@H]3O[C@@H]3O[C@@H](C)[C@H](O)[C@@H](O)[C@H]3O)cc2O)cc1O","ITVGXXMINPYUHD-CUVHLRMHSA-N, ITVGXXMINPYUHD-CUVHLRMHSA-N, ITVGXXMINPYUHD-CUVHLRMHSA-N",Preclinical
neomycin,bacterial 30S ribosomal subunit inhibitor,CXCR4,"infectious disease, gastroenterology","first-aid antibiotic, hepatic encephalopathy (HE), intra-abdominal infections","MedChemEx, Sigma, Selleck, MedChemEx, MicroSource, Selleck",0,"NC[C@@H]1O[C@H](O[C@@H]2[C@@H](CO)O[C@@H](O[C@@H]3[C@@H](O)[C@H](N)C[C@H](N)[C@H]3O[C@H]3O[C@H](CN)[C@@H](O)[C@H](O)[C@H]3N)[C@@H]2O)[C@H](N)[C@@H](O)[C@@H]1O, NC[C@@H]1O[C@H](O[C@@H]2[C@@H](CO)O[C@@H](O[C@@H]3[C@@H](O)[C@H](N)C[C@H](N)[C@H]3O[C@H]3O[C@H](CN)[C@@H](O)[C@H](O)[C@H]3N)[C@@H]2O)[C@H](N)[C@@H](O)[C@@H]1O, NC[C@@H]1O[C@H](O[C@@H]2[C@@H](CO)O[C@@H](O[C@@H]3[C@@H](O)[C@H](N)C[C@H](N)[C@H]3O[C@H]3O[C@H](CN)[C@@H](O)[C@H](O)[C@H]3N)[C@@H]2O)[C@H](N)[C@@H](O)[C@@H]1O, NC[C@@H]1O[C@H](O[C@@H]2[C@@H](CO)O[C@@H](O[C@@H]3[C@@H](O)[C@H](N)C[C@H](N)[C@H]3O[C@H]3O[C@H](CN)[C@@H](O)[C@H](O)[C@H]3N)[C@@H]2O)[C@H](N)[C@@H](O)[C@@H]1O, NC[C@@H]1O[C@H](O[C@@H]2[C@@H](CO)O[C@@H](O[C@@H]3[C@@H](O)[C@H](N)C[C@H](N)[C@H]3O[C@H]3O[C@H](CN)[C@@H](O)[C@H](O)[C@H]3N)[C@@H]2O)[C@H](N)[C@@H](O)[C@@H]1O, NC[C@@H]1O[C@H](O[C@@H]2[C@@H](CO)O[C@@H](O[C@@H]3[C@@H](O)[C@H](N)C[C@H](N)[C@H]3O[C@H]3O[C@H](CN)[C@@H](O)[C@H](O)[C@H]3N)[C@@H]2O)[C@H](N)[C@@H](O)[C@@H]1O","PGBHMTALBVVCIT-VCIWKGPPSA-N, PGBHMTALBVVCIT-VCIWKGPPSA-N, PGBHMTALBVVCIT-VCIWKGPPSA-N, PGBHMTALBVVCIT-VCIWKGPPSA-N, PGBHMTALBVVCIT-VCIWKGPPSA-N, PGBHMTALBVVCIT-VCIWKGPPSA-N",Launched
neostigmine,acetylcholinesterase inhibitor,ACHE,neurology/psychiatry,myasthenia gravis,"MedChemEx, Selleck, Selleck, MicroSource, MicroSource",98.23,"CN(C)C(=O)Oc1cccc(c1)[N+](C)(C)C, CN(C)C(=O)Oc1cccc(c1)[N+](C)(C)C, CN(C)C(=O)Oc1cccc(c1)[N+](C)(C)C, CN(C)C(=O)Oc1cccc(c1)[N+](C)(C)C, CN(C)C(=O)Oc1cccc(c1)[N+](C)(C)C","ALWKGYPQUAPLQC-UHFFFAOYSA-N, ALWKGYPQUAPLQC-UHFFFAOYSA-N, ALWKGYPQUAPLQC-UHFFFAOYSA-N, ALWKGYPQUAPLQC-UHFFFAOYSA-N, ALWKGYPQUAPLQC-UHFFFAOYSA-N",Launched
nepafenac,cyclooxygenase inhibitor,"PTGS1, PTGS2",ophthalmology,eye inflammation,Selleck,97.8,NC(=O)Cc1cccc(C(=O)c2ccccc2)c1N,QEFAQIPZVLVERP-UHFFFAOYSA-N,Launched
nepicastat,dopamine beta hydroxylase inhibitor,DBH,,,"MedChemEx, MedChemEx, Sigma",91.33,"NCc1c[nH]c(=S)n1[C@H]1CCc2c(F)cc(F)cc2C1, NCc1c[nH]c(=S)n1[C@H]1CCc2c(F)cc(F)cc2C1, NCc1c[nH]c(=S)n1[C@H]1CCc2c(F)cc(F)cc2C1","YZZVIKDAOTXDEB-JTQLQIEISA-N, YZZVIKDAOTXDEB-JTQLQIEISA-N, YZZVIKDAOTXDEB-JTQLQIEISA-N",Phase 2
neratinib,EGFR inhibitor,"EGFR, ERBB2, KDR",oncology,breast cancer,"MedChemEx, Selleck, Selleck, Selleck, Selleck, Selleck",90.47,"CCOc1cc2ncc(C#N)c(Nc3ccc(OCc4ccccn4)c(Cl)c3)c2cc1NC(=O)\C=C\CN(C)C, CCOc1cc2ncc(C#N)c(Nc3ccc(OCc4ccccn4)c(Cl)c3)c2cc1NC(=O)\C=C\CN(C)C, CCOc1cc2ncc(C#N)c(Nc3ccc(OCc4ccccn4)c(Cl)c3)c2cc1NC(=O)\C=C\CN(C)C, CCOc1cc2ncc(C#N)c(Nc3ccc(OCc4ccccn4)c(Cl)c3)c2cc1NC(=O)\C=C\CN(C)C, CCOc1cc2ncc(C#N)c(Nc3ccc(OCc4ccccn4)c(Cl)c3)c2cc1NC(=O)\C=C\CN(C)C, CCOc1cc2ncc(C#N)c(Nc3ccc(OCc4ccccn4)c(Cl)c3)c2cc1NC(=O)\C=C\CN(C)C","JWNPDZNEKVCWMY-VQHVLOKHSA-N, JWNPDZNEKVCWMY-VQHVLOKHSA-N, JWNPDZNEKVCWMY-VQHVLOKHSA-N, JWNPDZNEKVCWMY-VQHVLOKHSA-N, JWNPDZNEKVCWMY-VQHVLOKHSA-N, JWNPDZNEKVCWMY-VQHVLOKHSA-N",Launched
nerbacadol,cyclooxygenase inhibitor,,,,Enamine,85.08,Cc1oncc1C(=O)N1CCCCC1,ZWNGSOLJLMBZFZ-UHFFFAOYSA-N,Phase 3
neridronic-acid,bone resorption inhibitor,FDPS,endocrinology,"brittle bone disease, Paget's disease","Sigma, Toronto, Toronto",0,"NCCCCCC(O)(P(O)(O)=O)P(O)(O)=O, NCCCCCC(O)(P(O)(O)=O)P(O)(O)=O, NCCCCCC(O)(P(O)(O)=O)P(O)(O)=O","PUUSSSIBPPTKTP-UHFFFAOYSA-N, PUUSSSIBPPTKTP-UHFFFAOYSA-N, PUUSSSIBPPTKTP-UHFFFAOYSA-N",Launched
nesbuvir,RNA polymerase inhibitor,,,,"MedChemEx, MedChemEx, MedChemEx",98.31,"CNC(=O)c1c(oc2cc(N(CCO)S(C)(=O)=O)c(cc12)C1CC1)-c1ccc(F)cc1, CNC(=O)c1c(oc2cc(N(CCO)S(C)(=O)=O)c(cc12)C1CC1)-c1ccc(F)cc1, CNC(=O)c1c(oc2cc(N(CCO)S(C)(=O)=O)c(cc12)C1CC1)-c1ccc(F)cc1","WTDWVLJJJOTABN-UHFFFAOYSA-N, WTDWVLJJJOTABN-UHFFFAOYSA-N, WTDWVLJJJOTABN-UHFFFAOYSA-N",Phase 2
netilmicin,protein synthesis inhibitor,,infectious disease,gram-negative bacterial infections,MedChemEx,0,[H][C@]1(O[C@@H]2[C@@H](N)C[C@@H](NCC)[C@H](O[C@@]3([H])OC[C@](C)(O)[C@H](NC)[C@H]3O)[C@H]2O)OC(CN)=CC[C@H]1N |c:32|,CIDUJQMULVCIBT-MQDUPKMGSA-N,Launched
netupitant,tachykinin antagonist,TACR1,gastroenterology,"nausea, vomiting","MedChemEx, MedChemEx, MedChemEx, MedChemEx",97.52,"CN(C(=O)C(C)(C)c1cc(cc(c1)C(F)(F)F)C(F)(F)F)c1cnc(cc1-c1ccccc1C)N1CCN(C)CC1, CN(C(=O)C(C)(C)c1cc(cc(c1)C(F)(F)F)C(F)(F)F)c1cnc(cc1-c1ccccc1C)N1CCN(C)CC1, CN(C(=O)C(C)(C)c1cc(cc(c1)C(F)(F)F)C(F)(F)F)c1cnc(cc1-c1ccccc1C)N1CCN(C)CC1, CN(C(=O)C(C)(C)c1cc(cc(c1)C(F)(F)F)C(F)(F)F)c1cnc(cc1-c1ccccc1C)N1CCN(C)CC1","WAXQNWCZJDTGBU-UHFFFAOYSA-N, WAXQNWCZJDTGBU-UHFFFAOYSA-N, WAXQNWCZJDTGBU-UHFFFAOYSA-N, WAXQNWCZJDTGBU-UHFFFAOYSA-N",Launched
neurodazine,neurogenesis of non-pluripotent C2C12 myoblast inducer,,,,"Tocris, Tocris, Tocris",97.5,"COc1ccc(cc1)-c1nc([nH]c1-c1ccc(OC)cc1)-c1ccc(o1)-c1cccc(Cl)c1, COc1ccc(cc1)-c1nc([nH]c1-c1ccc(OC)cc1)-c1ccc(o1)-c1cccc(Cl)c1, COc1ccc(cc1)-c1nc([nH]c1-c1ccc(OC)cc1)-c1ccc(o1)-c1cccc(Cl)c1","FEEOFPAEDSMOTO-UHFFFAOYSA-N, FEEOFPAEDSMOTO-UHFFFAOYSA-N, FEEOFPAEDSMOTO-UHFFFAOYSA-N",Preclinical
neuropathiazol,neural stem cell inducer,"BMP2, LIF",,,"Tocris, Broad Institute, Broad Institute, Broad Institute, Broad Institute",100,"CCOC(=O)c1ccc(cc1)N(C)c1csc(n1)-c1ccccc1, CCOC(=O)c1ccc(cc1)N(C)c1csc(n1)-c1ccccc1, CCOC(=O)c1ccc(cc1)N(C)c1csc(n1)-c1ccccc1, CCOC(=O)c1ccc(cc1)N(C)c1csc(n1)-c1ccccc1, CCOC(=O)c1ccc(cc1)N(C)c1csc(n1)-c1ccccc1","MGKYEWWFHSESJN-UHFFFAOYSA-N, InChI=1S/C19H18N2O2S/c1-3-23-19(22)15-9-11-16(12-10-15)21(2)17-13-24-18(20-17)14-7-5-4-6-8-14/h4-13H,3H2,1-2H3, InChI=1S/C19H18N2O2S/c1-3-23-19(22)15-9-11-16(12-10-15)21(2)17-13-24-18(20-17)14-7-5-4-6-8-14/h4-13H,3H2,1-2H3, InChI=1S/C19H18N2O2S/c1-3-23-19(22)15-9-11-16(12-10-15)21(2)17-13-24-18(20-17)14-7-5-4-6-8-14/h4-13H,3H2,1-2H3, InChI=1S/C19H18N2O2S/c1-3-23-19(22)15-9-11-16(12-10-15)21(2)17-13-24-18(20-17)14-7-5-4-6-8-14/h4-13H,3H2,1-2H3",Preclinical
Neu2000,ionotropic glutamate receptor antagonist,,,,MedChemEx,96.58,OC(=O)c1cc(NCc2c(F)c(F)c(c(F)c2F)C(F)(F)F)ccc1O,HABROHXUHNHQMY-UHFFFAOYSA-N,Phase 2
nevirapine,non-nucleoside reverse transcriptase inhibitor,"CYP1A2, CYP2A6, CYP2B6, CYP2C9, CYP2D6, CYP3A4, CYP3A5",infectious disease,human immunodeficiency virus (HIV-1),"MicroSource, Selleck",99.37,"Cc1ccnc2N(C3CC3)c3ncccc3C(=O)Nc12, Cc1ccnc2N(C3CC3)c3ncccc3C(=O)Nc12","NQDJXKOVJZTUJA-UHFFFAOYSA-N, NQDJXKOVJZTUJA-UHFFFAOYSA-N",Launched
nexturastat-A,HDAC inhibitor,"HDAC1, HDAC6",,,"Selleck, Selleck, Selleck, MedChemEx, MedChemEx",93.27,"CCCCN(Cc1ccc(cc1)C(=O)NO)C(=O)Nc1ccccc1, CCCCN(Cc1ccc(cc1)C(=O)NO)C(=O)Nc1ccccc1, CCCCN(Cc1ccc(cc1)C(=O)NO)C(=O)Nc1ccccc1, CCCCN(Cc1ccc(cc1)C(=O)NO)C(=O)Nc1ccccc1, CCCCN(Cc1ccc(cc1)C(=O)NO)C(=O)Nc1ccccc1","JZWXMCPARMXZQV-UHFFFAOYSA-N, JZWXMCPARMXZQV-UHFFFAOYSA-N, JZWXMCPARMXZQV-UHFFFAOYSA-N, JZWXMCPARMXZQV-UHFFFAOYSA-N, JZWXMCPARMXZQV-UHFFFAOYSA-N",Preclinical
NFKB-activation-inhibitor-II,NFkB pathway inhibitor,RELA,,,"MedChemEx, Selleck, Selleck",87.14,"Cc1ccc(NCCCc2ccccc2)c(N)c1, Cc1ccc(NCCCc2ccccc2)c(N)c1, Cc1ccc(NCCCc2ccccc2)c(N)c1","YMFNPBSZFWXMAD-UHFFFAOYSA-N, YMFNPBSZFWXMAD-UHFFFAOYSA-N, YMFNPBSZFWXMAD-UHFFFAOYSA-N",Preclinical
NG-nitro-arginine,nitric oxide synthase inhibitor,"NOS1, NOS2, NOS3",,,"Sigma, ChemDiv",98.3,"N[C@@H](CCCNC(N)=N[N+]([O-])=O)C(O)=O, N[C@@H](CCCNC(N)=N[N+]([O-])=O)C(O)=O","MRAUNPAHJZDYCK-BYPYZUCNSA-N, MRAUNPAHJZDYCK-BYPYZUCNSA-N",Phase 1
NGB-2904,dopamine receptor antagonist,DRD3,,,"Tocris, Tocris, Tocris, Tocris",97.4,"Clc1cccc(N2CCN(CCCCNC(=O)c3ccc-4c(Cc5ccccc-45)c3)CC2)c1Cl, Clc1cccc(N2CCN(CCCCNC(=O)c3ccc-4c(Cc5ccccc-45)c3)CC2)c1Cl, Clc1cccc(N2CCN(CCCCNC(=O)c3ccc-4c(Cc5ccccc-45)c3)CC2)c1Cl, Clc1cccc(N2CCN(CCCCNC(=O)c3ccc-4c(Cc5ccccc-45)c3)CC2)c1Cl","YJPWVCIGSHWNON-UHFFFAOYSA-N, YJPWVCIGSHWNON-UHFFFAOYSA-N, YJPWVCIGSHWNON-UHFFFAOYSA-N, YJPWVCIGSHWNON-UHFFFAOYSA-N",Preclinical
NGD-94-1,dopamine receptor antagonist,DRD4,,,"Tocris, Tocris",97.29,"C(N1CCN(CC1)c1ncccn1)c1cnc([nH]1)-c1ccccc1, C(N1CCN(CC1)c1ncccn1)c1cnc([nH]1)-c1ccccc1","OTVQCHUIPJYASM-UHFFFAOYSA-N, OTVQCHUIPJYASM-UHFFFAOYSA-N",Phase 1
NGD-98-2,corticotropin releasing factor receptor antagonist,CRHR1,,,"Tocris, Tocris",85.62,"CCC(CC)Nc1nc(C)c(nc1OC)-c1ccc(OC(F)(F)F)cc1OC, CCC(CC)Nc1nc(C)c(nc1OC)-c1ccc(OC(F)(F)F)cc1OC","PSUFQBRCUSJTDO-UHFFFAOYSA-N, PSUFQBRCUSJTDO-UHFFFAOYSA-N",Preclinical
NGP555,gamma secretase modulator,,,,MedChemEx,91.35,CCc1cc(Nc2nc(cs2)-c2ccc(c(F)c2)-n2cnc(C)c2)c(C)cc1C,WDEKUGNKKOGFOA-UHFFFAOYSA-N,Phase 1
NHI-2,lactate dehydrogenase inhibitor,LDHA,,,"Tocris, Tocris",84.97,"COC(=O)c1cc2c(cc(cc2n1O)-c1ccccc1)C(F)(F)F, COC(=O)c1cc2c(cc(cc2n1O)-c1ccccc1)C(F)(F)F","YPPFWRWCZNXINO-UHFFFAOYSA-N, YPPFWRWCZNXINO-UHFFFAOYSA-N",Preclinical
NH125,eukaryotic translation elongation factor 2 inhibitor,,,,"Selleck, Selleck, Selleck, Selleck, Tocris",97.8,"CCCCCCCCCCCCCCCC[n+]1ccn(Cc2ccccc2)c1C, CCCCCCCCCCCCCCCC[n+]1ccn(Cc2ccccc2)c1C, CCCCCCCCCCCCCCCC[n+]1ccn(Cc2ccccc2)c1C, CCCCCCCCCCCCCCCC[n+]1ccn(Cc2ccccc2)c1C, CCCCCCCCCCCCCCCC[n+]1ccn(Cc2ccccc2)c1C","ZZXUNAFAKNKXFW-UHFFFAOYSA-N, ZZXUNAFAKNKXFW-UHFFFAOYSA-N, ZZXUNAFAKNKXFW-UHFFFAOYSA-N, ZZXUNAFAKNKXFW-UHFFFAOYSA-N, ZZXUNAFAKNKXFW-UHFFFAOYSA-N",Preclinical
NI-57,bromodomain inhibitor,"BRD1, BRPF1, BRPF3",,,"Tocris, Tocris, Cayman",98.42,"COc1cc(ccc1S(=O)(=O)Nc1ccc2n(C)c(=O)c(C)cc2c1)C#N, COc1cc(ccc1S(=O)(=O)Nc1ccc2n(C)c(=O)c(C)cc2c1)C#N, COc1cc(ccc1S(=O)(=O)Nc1ccc2n(C)c(=O)c(C)cc2c1)C#N","UEMQPCYDWCSVCU-UHFFFAOYSA-N, UEMQPCYDWCSVCU-UHFFFAOYSA-N, UEMQPCYDWCSVCU-UHFFFAOYSA-N",Preclinical
niacin,"NAD precursor, vitamin B","DGAT2, HCAR1, HCAR2, HCAR3, NNMT, QPRT",endocrinology,hypertriglyceridemia,"Selleck, Selleck, MicroSource, MicroSource, MicroSource",91.85,"OC(=O)c1cccnc1, OC(=O)c1cccnc1, OC(=O)c1cccnc1, OC(=O)c1cccnc1, OC(=O)c1cccnc1","PVNIIMVLHYAWGP-UHFFFAOYSA-N, PVNIIMVLHYAWGP-UHFFFAOYSA-N, PVNIIMVLHYAWGP-UHFFFAOYSA-N, PVNIIMVLHYAWGP-UHFFFAOYSA-N, PVNIIMVLHYAWGP-UHFFFAOYSA-N",Launched
nialamide,monoamine oxidase inhibitor,"COMT, MAOA, MAOB",,,"MedChemEx, MicroSource, Selleck",95.02,"O=C(CCNNC(=O)c1ccncc1)NCc1ccccc1, O=C(CCNNC(=O)c1ccncc1)NCc1ccccc1, O=C(CCNNC(=O)c1ccncc1)NCc1ccccc1","NOIIUHRQUVNIDD-UHFFFAOYSA-N, NOIIUHRQUVNIDD-UHFFFAOYSA-N, NOIIUHRQUVNIDD-UHFFFAOYSA-N",Withdrawn
nibentan,potassium channel blocker,,,,"Vitas-M, Vitas-M",96.69,"CCN(CC)CCCC[C@@H](NC(=O)c1ccc(cc1)[N+]([O-])=O)c1ccccc1 |&1:9,r|, CCN(CC)CCCC[C@@H](NC(=O)c1ccc(cc1)[N+]([O-])=O)c1ccccc1 |&1:9,r|","YRFYIORBFFGPPZ-OAQYLSRUSA-N, YRFYIORBFFGPPZ-OAQYLSRUSA-N",Phase 2
nicainoprol,angiotensin converting enzyme inhibitor,,,,MedChemEx,91.7,"CC(C)NC[C@H](O)COc1cccc2CCCN(C(=O)c3cccnc3)c12 |&1:5,r|",AUIHHZBJBKRDIE-SFHVURJKSA-N,Preclinical
nicaraven,free radical scavenger,,,,"MedChemEx, Selleck",96.43,"C[C@@H](CNC(=O)c1cccnc1)NC(=O)c1cccnc1 |&1:1,r|, C[C@@H](CNC(=O)c1cccnc1)NC(=O)c1cccnc1 |&1:1,r|","KTXBOOWDLPUROC-NSHDSACASA-N, KTXBOOWDLPUROC-NSHDSACASA-N",Phase 3
nicardipine,calcium channel blocker,ADORA3,cardiology,"chronic stable angina, hypertension","MicroSource, MicroSource, MicroSource, Selleck",97.24,"COC(=O)C1=C(C)NC(C)=C([C@@H]1c1cccc(c1)[N+]([O-])=O)C(=O)OCCN(C)Cc1ccccc1 |r,c:4,9|, COC(=O)C1=C(C)NC(C)=C([C@@H]1c1cccc(c1)[N+]([O-])=O)C(=O)OCCN(C)Cc1ccccc1 |r,c:4,9|, COC(=O)C1=C(C)NC(C)=C([C@@H]1c1cccc(c1)[N+]([O-])=O)C(=O)OCCN(C)Cc1ccccc1 |r,c:4,9|, COC(=O)C1=C(C)NC(C)=C([C@@H]1c1cccc(c1)[N+]([O-])=O)C(=O)OCCN(C)Cc1ccccc1 |r,c:4,9|","ZBBHBTPTTSWHBA-XMMPIXPASA-N, ZBBHBTPTTSWHBA-XMMPIXPASA-N, ZBBHBTPTTSWHBA-XMMPIXPASA-N, ZBBHBTPTTSWHBA-XMMPIXPASA-N",Launched
nicergoline,adrenergic receptor antagonist,ADRA1A,"rheumatology, neurology/psychiatry, cardiology, hematology","Raynaud's disease, migraine headache, atherosclerosis, thrombosis","MicroSource, Tocris, Tocris, Tocris",97.06,"CO[C@]12C[C@@H](COC(=O)c3cncc(Br)c3)CN(C)[C@@H]1Cc1cn(C)c3cccc2c13, CO[C@]12C[C@@H](COC(=O)c3cncc(Br)c3)CN(C)[C@@H]1Cc1cn(C)c3cccc2c13, CO[C@]12C[C@@H](COC(=O)c3cncc(Br)c3)CN(C)[C@@H]1Cc1cn(C)c3cccc2c13, CO[C@]12C[C@@H](COC(=O)c3cncc(Br)c3)CN(C)[C@@H]1Cc1cn(C)c3cccc2c13","YSEXMKHXIOCEJA-FVFQAYNVSA-N, YSEXMKHXIOCEJA-FVFQAYNVSA-N, YSEXMKHXIOCEJA-FVFQAYNVSA-N, YSEXMKHXIOCEJA-FVFQAYNVSA-N",Launched
niceritrol,NAD precursor,,endocrinology,hyperlipidemia,"Kemprotec, Kemprotec",97.89,"O=C(OCC(COC(=O)c1cccnc1)(COC(=O)c1cccnc1)COC(=O)c1cccnc1)c1cccnc1, O=C(OCC(COC(=O)c1cccnc1)(COC(=O)c1cccnc1)COC(=O)c1cccnc1)c1cccnc1","KUEUWHJGRZKESU-UHFFFAOYSA-N, KUEUWHJGRZKESU-UHFFFAOYSA-N",Launched
niclosamide,"DNA replication inhibitor, STAT inhibitor",STAT3,infectious disease,tapeworm,"MicroSource, MicroSource, MicroSource, MicroSource, Selleck, Selleck",97.63,"Oc1ccc(Cl)cc1C(=O)Nc1ccc(cc1Cl)[N+]([O-])=O, Oc1ccc(Cl)cc1C(=O)Nc1ccc(cc1Cl)[N+]([O-])=O, Oc1ccc(Cl)cc1C(=O)Nc1ccc(cc1Cl)[N+]([O-])=O, Oc1ccc(Cl)cc1C(=O)Nc1ccc(cc1Cl)[N+]([O-])=O, Oc1ccc(Cl)cc1C(=O)Nc1ccc(cc1Cl)[N+]([O-])=O, Oc1ccc(Cl)cc1C(=O)Nc1ccc(cc1Cl)[N+]([O-])=O","RJMUSRYZPJIFPJ-UHFFFAOYSA-N, RJMUSRYZPJIFPJ-UHFFFAOYSA-N, RJMUSRYZPJIFPJ-UHFFFAOYSA-N, RJMUSRYZPJIFPJ-UHFFFAOYSA-N, RJMUSRYZPJIFPJ-UHFFFAOYSA-N, RJMUSRYZPJIFPJ-UHFFFAOYSA-N",Launched
nicodicosapent,sterol regulatory element binding protein (SREBP) inhibitor,,,,MedChemEx,90.76,CC\C=C/C\C=C/C\C=C/C\C=C/C\C=C/CCCC(=O)NCCNC(=O)c1cccnc1,YYQALOWPCKMFDQ-JLNKQSITSA-N,Preclinical
nicorandil,"nitric oxide donor, potassium channel activator",KCNJ11,cardiology,angina pectoris,"MicroSource, Tocris, Tocris, Tocris, Tocris, Selleck, Selleck, Selleck, Selleck",93,"[O-][N+](=O)OCCNC(=O)c1cccnc1, [O-][N+](=O)OCCNC(=O)c1cccnc1, [O-][N+](=O)OCCNC(=O)c1cccnc1, [O-][N+](=O)OCCNC(=O)c1cccnc1, [O-][N+](=O)OCCNC(=O)c1cccnc1, [O-][N+](=O)OCCNC(=O)c1cccnc1, [O-][N+](=O)OCCNC(=O)c1cccnc1, [O-][N+](=O)OCCNC(=O)c1cccnc1, [O-][N+](=O)OCCNC(=O)c1cccnc1","LBHIOVVIQHSOQN-UHFFFAOYSA-N, LBHIOVVIQHSOQN-UHFFFAOYSA-N, LBHIOVVIQHSOQN-UHFFFAOYSA-N, LBHIOVVIQHSOQN-UHFFFAOYSA-N, LBHIOVVIQHSOQN-UHFFFAOYSA-N, LBHIOVVIQHSOQN-UHFFFAOYSA-N, LBHIOVVIQHSOQN-UHFFFAOYSA-N, LBHIOVVIQHSOQN-UHFFFAOYSA-N, LBHIOVVIQHSOQN-UHFFFAOYSA-N",Launched
nicotinamide,protein synthesis stimulant,"BST1, LDHA, PARP1, SIRT5",dermatology,acne vulgaris (AV),"MicroSource, Selleck, Selleck",96.39,"NC(=O)c1cccnc1, NC(=O)c1cccnc1, NC(=O)c1cccnc1","DFPAKSUCGFBDDF-UHFFFAOYSA-N, DFPAKSUCGFBDDF-UHFFFAOYSA-N, DFPAKSUCGFBDDF-UHFFFAOYSA-N",Launched
nicotine,acetylcholine receptor agonist,"CHAT, CHRNA10, CHRNA2, CHRNA3, CHRNA4, CHRNA5, CHRNA6, CHRNA7, CHRNA9, CHRNB2, CHRNB3, CHRNB4, CYP19A1, TBXAS1, TRPA1",neurology/psychiatry,smoking cessation,MicroSource,87.94,CN1CCC[C@H]1c1cccnc1,SNICXCGAKADSCV-JTQLQIEISA-N,Launched
nicotinyl-alcohol-tartrate,,,"cardiology, neurology/psychiatry","vascular spasm, vertigo","MicroSource, MedChemEx",92.65,"OCc1cccnc1, OCc1cccnc1","MVQVNTPHUGQQHK-UHFFFAOYSA-N, MVQVNTPHUGQQHK-UHFFFAOYSA-N",Launched
NIDA-41020,cannabinoid receptor antagonist,CNR1,,,"Tocris, Tocris, Tocris",97.58,"COc1ccc(cc1)-c1c(C)c(nn1-c1ccc(Cl)cc1Cl)C(=O)NN1CCCCC1, COc1ccc(cc1)-c1c(C)c(nn1-c1ccc(Cl)cc1Cl)C(=O)NN1CCCCC1, COc1ccc(cc1)-c1c(C)c(nn1-c1ccc(Cl)cc1Cl)C(=O)NN1CCCCC1","KWDBQJRWPWTGPF-UHFFFAOYSA-N, KWDBQJRWPWTGPF-UHFFFAOYSA-N, KWDBQJRWPWTGPF-UHFFFAOYSA-N",Preclinical
nifedipine,calcium channel blocker,"CACNA1C, CACNA1D, CACNA1F, CACNA1H, CACNA1S, CACNA2D1, CACNB2, CALM1, GLRA1, GLRA3, GLRB, KCNA1, KCNA5, NR1I2, TRPM3",cardiology,"vasospastic angina, chronic stable angina","MedChemEx, MedChemEx, MedChemEx, Tocris, Selleck, MicroSource, Selleck",100,"COC(=O)C1=C(C)NC(C)=C(C1c1ccccc1[N+]([O-])=O)C(=O)OC |c:4,9|, COC(=O)C1=C(C)NC(C)=C(C1c1ccccc1[N+]([O-])=O)C(=O)OC |c:4,9|, COC(=O)C1=C(C)NC(C)=C(C1c1ccccc1[N+]([O-])=O)C(=O)OC |c:4,9|, COC(=O)C1=C(C)NC(C)=C(C1c1ccccc1[N+]([O-])=O)C(=O)OC |c:4,9|, COC(=O)C1=C(C)NC(C)=C(C1c1ccccc1[N+]([O-])=O)C(=O)OC |c:4,9|, COC(=O)C1=C(C)NC(C)=C(C1c1ccccc1[N+]([O-])=O)C(=O)OC |c:4,9|, COC(=O)C1=C(C)NC(C)=C(C1c1ccccc1[N+]([O-])=O)C(=O)OC |c:4,9|","HYIMSNHJOBLJNT-UHFFFAOYSA-N, HYIMSNHJOBLJNT-UHFFFAOYSA-N, HYIMSNHJOBLJNT-UHFFFAOYSA-N, HYIMSNHJOBLJNT-UHFFFAOYSA-N, HYIMSNHJOBLJNT-UHFFFAOYSA-N, HYIMSNHJOBLJNT-UHFFFAOYSA-N, HYIMSNHJOBLJNT-UHFFFAOYSA-N",Launched
nifekalant,potassium channel blocker,,cardiology,"ventricular arrhythmias, ventricular tachycardia (VT)","Prestwick, Prestwick",97.89,"Cn1c(NCCN(CCO)CCCc2ccc(cc2)[N+]([O-])=O)cc(=O)n(C)c1=O, Cn1c(NCCN(CCO)CCCc2ccc(cc2)[N+]([O-])=O)cc(=O)n(C)c1=O","OEBPANQZQGQPHF-UHFFFAOYSA-N, OEBPANQZQGQPHF-UHFFFAOYSA-N",Launched
nifenalol,adrenergic receptor antagonist,"ADRB1, ADRB2",,,Enamine,87.38,"CC(C)NC[C@@H](O)c1ccc(cc1)[N+]([O-])=O |&1:5,r|",UAORFCGRZIGNCI-LLVKDONJSA-N,Launched
nifenazone,analgesic agent,,neurology/psychiatry,pain relief,"Selleck, MicroSource, MedChemEx",99.25,"Cc1c(NC(=O)c2cccnc2)c(=O)n(-c2ccccc2)n1C, Cc1c(NC(=O)c2cccnc2)c(=O)n(-c2ccccc2)n1C, Cc1c(NC(=O)c2cccnc2)c(=O)n(-c2ccccc2)n1C","BRZANEXCSZCZCI-UHFFFAOYSA-N, BRZANEXCSZCZCI-UHFFFAOYSA-N, BRZANEXCSZCZCI-UHFFFAOYSA-N",Launched
niflumic-acid,cyclooxygenase inhibitor,"ANO1, CLCN1, CLCNKA, CLCNKB, KCNQ1, PLA2G1B, PLA2G4A, PTGS1, PTGS2, UGT1A9","rheumatology, neurology/psychiatry","joint pain, muscle pain","MicroSource, Selleck, Tocris",97.55,"OC(=O)c1cccnc1Nc1cccc(c1)C(F)(F)F, OC(=O)c1cccnc1Nc1cccc(c1)C(F)(F)F, OC(=O)c1cccnc1Nc1cccc(c1)C(F)(F)F","JZFPYUNJRRFVQU-UHFFFAOYSA-N, JZFPYUNJRRFVQU-UHFFFAOYSA-N, JZFPYUNJRRFVQU-UHFFFAOYSA-N",Launched
nifuroxazide,bacterial DNA inhibitor,,gastroenterology,"colitis, diarrhea","MicroSource, MicroSource, MicroSource, Selleck, Selleck, Selleck, Selleck",98.14,"Oc1ccc(cc1)C(=O)N\N=C\c1ccc(o1)[N+]([O-])=O, Oc1ccc(cc1)C(=O)N\N=C\c1ccc(o1)[N+]([O-])=O, Oc1ccc(cc1)C(=O)N\N=C\c1ccc(o1)[N+]([O-])=O, Oc1ccc(cc1)C(=O)N\N=C\c1ccc(o1)[N+]([O-])=O, Oc1ccc(cc1)C(=O)N\N=C\c1ccc(o1)[N+]([O-])=O, Oc1ccc(cc1)C(=O)N\N=C\c1ccc(o1)[N+]([O-])=O, Oc1ccc(cc1)C(=O)N\N=C\c1ccc(o1)[N+]([O-])=O","YCWSUKQGVSGXJO-NTUHNPAUSA-N, YCWSUKQGVSGXJO-NTUHNPAUSA-N, YCWSUKQGVSGXJO-NTUHNPAUSA-N, YCWSUKQGVSGXJO-NTUHNPAUSA-N, YCWSUKQGVSGXJO-NTUHNPAUSA-N, YCWSUKQGVSGXJO-NTUHNPAUSA-N, YCWSUKQGVSGXJO-NTUHNPAUSA-N",Launched
nifursol,bacterial DNA inhibitor,,,,"MedChemEx, MedChemEx, MicroSource",96.23,"Oc1c(cc(cc1[N+]([O-])=O)[N+]([O-])=O)C(=O)N\N=C\c1ccc(o1)[N+]([O-])=O, Oc1c(cc(cc1[N+]([O-])=O)[N+]([O-])=O)C(=O)N\N=C\c1ccc(o1)[N+]([O-])=O, Oc1c(cc(cc1[N+]([O-])=O)[N+]([O-])=O)C(=O)N\N=C\c1ccc(o1)[N+]([O-])=O","XXUXXCZCUGIGPP-WLRTZDKTSA-N, XXUXXCZCUGIGPP-WLRTZDKTSA-N, XXUXXCZCUGIGPP-WLRTZDKTSA-N",Launched
nifurtimox,DNA inhibitor,,infectious disease,"Chagas disease, African trypanosomiasis",Sigma,88.24,"C[C@H]1CS(=O)(=O)CCN1\N=C\c1ccc(o1)[N+]([O-])=O |&1:1,r|",ARFHIAQFJWUCFH-KIFNTFBYSA-N,Launched
niguldipine-(R)-(-),,,,,Tocris,90.73,"COC(=O)C1=C(C)NC(C)=C([C@@H]1c1cccc(c1)[N+]([O-])=O)C(=O)OCCCN1CCC(CC1)(c1ccccc1)c1ccccc1 |r,c:4,9|",SVJMLYUFVDMUHP-MGBGTMOVSA-N,Preclinical
niguldipine-(S)-(+),adrenergic receptor antagonist,ADRA1A,,,"Tocris, Tocris, Tocris, Tocris, Tocris, Tocris",94.55,"COC(=O)C1=C(C)NC(C)=C([C@H]1c1cccc(c1)[N+]([O-])=O)C(=O)OCCCN1CCC(CC1)(c1ccccc1)c1ccccc1 |c:4,9|, COC(=O)C1=C(C)NC(C)=C([C@H]1c1cccc(c1)[N+]([O-])=O)C(=O)OCCCN1CCC(CC1)(c1ccccc1)c1ccccc1 |c:4,9|, COC(=O)C1=C(C)NC(C)=C([C@H]1c1cccc(c1)[N+]([O-])=O)C(=O)OCCCN1CCC(CC1)(c1ccccc1)c1ccccc1 |c:4,9|, COC(=O)C1=C(C)NC(C)=C([C@H]1c1cccc(c1)[N+]([O-])=O)C(=O)OCCCN1CCC(CC1)(c1ccccc1)c1ccccc1 |c:4,9|, COC(=O)C1=C(C)NC(C)=C([C@H]1c1cccc(c1)[N+]([O-])=O)C(=O)OCCCN1CCC(CC1)(c1ccccc1)c1ccccc1 |c:4,9|, COC(=O)C1=C(C)NC(C)=C([C@H]1c1cccc(c1)[N+]([O-])=O)C(=O)OCCCN1CCC(CC1)(c1ccccc1)c1ccccc1 |c:4,9|","SVJMLYUFVDMUHP-XIFFEERXSA-N, SVJMLYUFVDMUHP-XIFFEERXSA-N, SVJMLYUFVDMUHP-XIFFEERXSA-N, SVJMLYUFVDMUHP-XIFFEERXSA-N, SVJMLYUFVDMUHP-XIFFEERXSA-N, SVJMLYUFVDMUHP-XIFFEERXSA-N",Preclinical
nikethamide,immunostimulant,,,,"MedChemEx, MicroSource",96.18,"CCN(CC)C(=O)c1cccnc1, CCN(CC)C(=O)c1cccnc1","NCYVXEGFNDZQCU-UHFFFAOYSA-N, NCYVXEGFNDZQCU-UHFFFAOYSA-N",Withdrawn
nilotinib,"Abl kinase inhibitor, Bcr-Abl kinase inhibitor","ABL1, KIT",hematologic malignancy,chronic myeloid leukemia (CML),"MedChemEx, Selleck",98.83,"Cc1cn(cn1)-c1cc(NC(=O)c2ccc(C)c(Nc3nccc(n3)-c3cccnc3)c2)cc(c1)C(F)(F)F, Cc1cn(cn1)-c1cc(NC(=O)c2ccc(C)c(Nc3nccc(n3)-c3cccnc3)c2)cc(c1)C(F)(F)F","HHZIURLSWUIHRB-UHFFFAOYSA-N, HHZIURLSWUIHRB-UHFFFAOYSA-N",Launched
nilutamide,androgen receptor antagonist,AR,oncology,prostate cancer,"MicroSource, Tocris, Tocris",99.22,"CC1(C)NC(=O)N(C1=O)c1ccc(c(c1)C(F)(F)F)[N+]([O-])=O, CC1(C)NC(=O)N(C1=O)c1ccc(c(c1)C(F)(F)F)[N+]([O-])=O, CC1(C)NC(=O)N(C1=O)c1ccc(c(c1)C(F)(F)F)[N+]([O-])=O","XWXYUMMDTVBTOU-UHFFFAOYSA-N, XWXYUMMDTVBTOU-UHFFFAOYSA-N, XWXYUMMDTVBTOU-UHFFFAOYSA-N",Launched
nilvadipine,calcium channel blocker,"CACNA1C, CACNA1D",cardiology,"hypertension, cerebral artery occlusion","MedChemEx, MedChemEx, MedChemEx, MedChemEx, Selleck, Selleck, Selleck, Selleck",96.75,"COC(=O)C1=C(NC(C)=C([C@@H]1c1cccc(c1)[N+]([O-])=O)C(=O)OC(C)C)C#N |&1:10,r,c:8,t:4|, COC(=O)C1=C(NC(C)=C([C@@H]1c1cccc(c1)[N+]([O-])=O)C(=O)OC(C)C)C#N |&1:10,r,c:8,t:4|, COC(=O)C1=C(NC(C)=C([C@@H]1c1cccc(c1)[N+]([O-])=O)C(=O)OC(C)C)C#N |&1:10,r,c:8,t:4|, COC(=O)C1=C(NC(C)=C([C@@H]1c1cccc(c1)[N+]([O-])=O)C(=O)OC(C)C)C#N |&1:10,r,c:8,t:4|, COC(=O)C1=C(NC(C)=C([C@@H]1c1cccc(c1)[N+]([O-])=O)C(=O)OC(C)C)C#N |&1:10,r,c:8,t:4|, COC(=O)C1=C(NC(C)=C([C@@H]1c1cccc(c1)[N+]([O-])=O)C(=O)OC(C)C)C#N |&1:10,r,c:8,t:4|, COC(=O)C1=C(NC(C)=C([C@@H]1c1cccc(c1)[N+]([O-])=O)C(=O)OC(C)C)C#N |&1:10,r,c:8,t:4|, COC(=O)C1=C(NC(C)=C([C@@H]1c1cccc(c1)[N+]([O-])=O)C(=O)OC(C)C)C#N |&1:10,r,c:8,t:4|","FAIIFDPAEUKBEP-INIZCTEOSA-N, FAIIFDPAEUKBEP-INIZCTEOSA-N, FAIIFDPAEUKBEP-INIZCTEOSA-N, FAIIFDPAEUKBEP-INIZCTEOSA-N, FAIIFDPAEUKBEP-INIZCTEOSA-N, FAIIFDPAEUKBEP-INIZCTEOSA-N, FAIIFDPAEUKBEP-INIZCTEOSA-N, FAIIFDPAEUKBEP-INIZCTEOSA-N",Launched
nimesulide,cyclooxygenase inhibitor,"LTF, PLA2G2E, PTGS1, PTGS2","rheumatology, obstetrics/gynecology","osteoarthritis, menstrual pain","MicroSource, Tocris, Selleck, Tocris, Tocris, Tocris",99.29,"CS(=O)(=O)Nc1ccc(cc1Oc1ccccc1)[N+]([O-])=O, CS(=O)(=O)Nc1ccc(cc1Oc1ccccc1)[N+]([O-])=O, CS(=O)(=O)Nc1ccc(cc1Oc1ccccc1)[N+]([O-])=O, CS(=O)(=O)Nc1ccc(cc1Oc1ccccc1)[N+]([O-])=O, CS(=O)(=O)Nc1ccc(cc1Oc1ccccc1)[N+]([O-])=O, CS(=O)(=O)Nc1ccc(cc1Oc1ccccc1)[N+]([O-])=O","HYWYRSMBCFDLJT-UHFFFAOYSA-N, HYWYRSMBCFDLJT-UHFFFAOYSA-N, HYWYRSMBCFDLJT-UHFFFAOYSA-N, HYWYRSMBCFDLJT-UHFFFAOYSA-N, HYWYRSMBCFDLJT-UHFFFAOYSA-N, HYWYRSMBCFDLJT-UHFFFAOYSA-N",Launched
nimodipine,calcium channel blocker,"CFTR, NR3C2",hematology,hemorrhage,"MicroSource, Selleck, Tocris",93.03,"COCCOC(=O)C1=C(C)NC(C)=C([C@@H]1c1cccc(c1)[N+]([O-])=O)C(=O)OC(C)C |r,c:7,12|, COCCOC(=O)C1=C(C)NC(C)=C([C@@H]1c1cccc(c1)[N+]([O-])=O)C(=O)OC(C)C |r,c:7,12|, COCCOC(=O)C1=C(C)NC(C)=C([C@@H]1c1cccc(c1)[N+]([O-])=O)C(=O)OC(C)C |r,c:7,12|","UIAGMCDKSXEBJQ-LJQANCHMSA-N, UIAGMCDKSXEBJQ-LJQANCHMSA-N, UIAGMCDKSXEBJQ-LJQANCHMSA-N",Launched
nimorazole,bacterial DNA inhibitor,,oncology,head and neck squamous cell carcinoma (HNSCC),"MedChemEx, MedChemEx",96.86,"[O-][N+](=O)c1cncn1CCN1CCOCC1, [O-][N+](=O)c1cncn1CCN1CCOCC1","MDJFHRLTPRPZLY-UHFFFAOYSA-N, MDJFHRLTPRPZLY-UHFFFAOYSA-N",Launched
nimustine,DNA alkylating agent,,,,"MicroSource, Sigma",37.86,"Cc1ncc(CNC(=O)N(CCCl)[NH2+][O-])c(N)n1, Cc1ncc(CNC(=O)N(CCCl)[NH2+][O-])c(N)n1","QMAZPCHGABINAB-UHFFFAOYSA-N, QMAZPCHGABINAB-UHFFFAOYSA-N",Launched
NIM811,mitochondrial permeability transition inhibitor,,,,MedChemEx,87.81,[H][C@]1(NC(=O)[C@]([H])([C@@H](C)CC)N(C)C(=O)CN(C)C(=O)[C@H](CC)NC(=O)[C@]([H])([C@H](O)[C@H](C)C\C=C\C)N(C)C(=O)[C@]([H])(C(C)C)N(C)C(=O)[C@H](CC(C)C)N(C)C(=O)[C@]([H])(CC(C)C)N(C)C(=O)[C@@H](C)NC(=O)[C@H](C)NC(=O)[C@H](CC(C)C)N(C)C1=O)C(C)C,RPJPZDVUUKWPGT-FOIHOXPVSA-N,Phase 2
ningetinib-tosylate,protein tyrosine kinase inhibitor,,,,MedChemEx,81.78,Cc1c(C(=O)Nc2ccc(Oc3ccnc4cc(OCC(C)(C)O)ccc34)c(F)c2)c(=O)n(-c2ccccc2)n1C,VQYYQSZNRVQLIS-UHFFFAOYSA-N,Preclinical
nintedanib,"FGFR inhibitor, PDGFR tyrosine kinase receptor inhibitor, VEGFR inhibitor","FGFR1, FGFR2, FGFR3, FGFR4, FLT1, FLT4, KDR, PDGFRA, PDGFRB",pulmonary,idiopathic pulmonary fibrosis (IPF),"Selleck, Selleck, Selleck",90.8,"COC(=O)c1ccc2\C(=C(\Nc3ccc(cc3)N(C)C(=O)CN3CCN(C)CC3)c3ccccc3)C(=O)Nc2c1, COC(=O)c1ccc2\C(=C(\Nc3ccc(cc3)N(C)C(=O)CN3CCN(C)CC3)c3ccccc3)C(=O)Nc2c1, COC(=O)c1ccc2\C(=C(\Nc3ccc(cc3)N(C)C(=O)CN3CCN(C)CC3)c3ccccc3)C(=O)Nc2c1","XZXHXSATPCNXJR-ZIADKAODSA-N, XZXHXSATPCNXJR-ZIADKAODSA-N, XZXHXSATPCNXJR-ZIADKAODSA-N",Launched
niraparib,PARP inhibitor,PARP1,oncology,primary peritoneal cancer (PPC),"MedChemEx, MedChemEx, MedChemEx, MedChemEx, MedChemEx, MedChemEx, MedChemEx",95.87,"NC(=O)c1cccc2cn(nc12)-c1ccc(cc1)[C@@H]1CCCNC1, NC(=O)c1cccc2cn(nc12)-c1ccc(cc1)[C@@H]1CCCNC1, NC(=O)c1cccc2cn(nc12)-c1ccc(cc1)[C@@H]1CCCNC1, NC(=O)c1cccc2cn(nc12)-c1ccc(cc1)[C@@H]1CCCNC1, NC(=O)c1cccc2cn(nc12)-c1ccc(cc1)[C@@H]1CCCNC1, NC(=O)c1cccc2cn(nc12)-c1ccc(cc1)[C@@H]1CCCNC1, NC(=O)c1cccc2cn(nc12)-c1ccc(cc1)[C@@H]1CCCNC1","PCHKPVIQAHNQLW-CQSZACIVSA-N, PCHKPVIQAHNQLW-CQSZACIVSA-N, PCHKPVIQAHNQLW-CQSZACIVSA-N, PCHKPVIQAHNQLW-CQSZACIVSA-N, PCHKPVIQAHNQLW-CQSZACIVSA-N, PCHKPVIQAHNQLW-CQSZACIVSA-N, PCHKPVIQAHNQLW-CQSZACIVSA-N",Launched
niridazole,phosphofructokinase inhibitor,,infectious disease,schistosomiasis,"Prestwick, Prestwick, Prestwick",94.95,"[O-][N+](=O)c1cnc(s1)N1CCNC1=O, [O-][N+](=O)c1cnc(s1)N1CCNC1=O, [O-][N+](=O)c1cnc(s1)N1CCNC1=O","RDXLYGJSWZYTFJ-UHFFFAOYSA-N, RDXLYGJSWZYTFJ-UHFFFAOYSA-N, RDXLYGJSWZYTFJ-UHFFFAOYSA-N",Launched
nisin,bacterial cell wall synthesis inhibitor,,,,,0,,,Phase 1
nisoldipine,calcium channel blocker,"CACNA1C, CACNA1D, CACNA1F, CACNA1S",cardiology,hypertension,"MicroSource, MedChemEx, MedChemEx, MedChemEx, MedChemEx, MedChemEx, MedChemEx, Selleck, Selleck",87.46,"COC(=O)C1=C(C)NC(C)=C([C@@H]1c1ccccc1[N+]([O-])=O)C(=O)OCC(C)C |r,c:4,9|, COC(=O)C1=C(C)NC(C)=C([C@@H]1c1ccccc1[N+]([O-])=O)C(=O)OCC(C)C |r,c:4,9|, COC(=O)C1=C(C)NC(C)=C([C@@H]1c1ccccc1[N+]([O-])=O)C(=O)OCC(C)C |r,c:4,9|, COC(=O)C1=C(C)NC(C)=C([C@@H]1c1ccccc1[N+]([O-])=O)C(=O)OCC(C)C |r,c:4,9|, COC(=O)C1=C(C)NC(C)=C([C@@H]1c1ccccc1[N+]([O-])=O)C(=O)OCC(C)C |r,c:4,9|, COC(=O)C1=C(C)NC(C)=C([C@@H]1c1ccccc1[N+]([O-])=O)C(=O)OCC(C)C |r,c:4,9|, COC(=O)C1=C(C)NC(C)=C([C@@H]1c1ccccc1[N+]([O-])=O)C(=O)OCC(C)C |r,c:4,9|, COC(=O)C1=C(C)NC(C)=C([C@@H]1c1ccccc1[N+]([O-])=O)C(=O)OCC(C)C |r,c:4,9|, COC(=O)C1=C(C)NC(C)=C([C@@H]1c1ccccc1[N+]([O-])=O)C(=O)OCC(C)C |r,c:4,9|","VKQFCGNPDRICFG-GOSISDBHSA-N, VKQFCGNPDRICFG-GOSISDBHSA-N, VKQFCGNPDRICFG-GOSISDBHSA-N, VKQFCGNPDRICFG-GOSISDBHSA-N, VKQFCGNPDRICFG-GOSISDBHSA-N, VKQFCGNPDRICFG-GOSISDBHSA-N, VKQFCGNPDRICFG-GOSISDBHSA-N, VKQFCGNPDRICFG-GOSISDBHSA-N, VKQFCGNPDRICFG-GOSISDBHSA-N",Launched
nisoxetine,norepinephrine reuptake inhibitor,"SLC6A2, SLC6A3, SLC6A4",,,Tocris,88.54,"CNCC[C@@H](Oc1ccccc1OC)c1ccccc1 |&1:4,r|",ITJNARMNRKSWTA-OAHLLOKOSA-N,Phase 1
nitarsone,,,dermatology,blackhead disease,"MicroSource, Selleck, Selleck",100,"O[As](O)(=O)c1ccc(cc1)[N+]([O-])=O, O[As](O)(=O)c1ccc(cc1)[N+]([O-])=O, O[As](O)(=O)c1ccc(cc1)[N+]([O-])=O","FUUFQLXAIUOWML-UHFFFAOYSA-N, FUUFQLXAIUOWML-UHFFFAOYSA-N, FUUFQLXAIUOWML-UHFFFAOYSA-N",Launched
nitazoxanide,pyruvate ferredoxin oxidoreductase inhibitor,,gastroenterology,diarrhea,"MicroSource, MedChemEx, MedChemEx, Selleck, Selleck, Selleck",87.36,"CC(=O)Oc1ccccc1C(=O)Nc1ncc(s1)[N+]([O-])=O, CC(=O)Oc1ccccc1C(=O)Nc1ncc(s1)[N+]([O-])=O, CC(=O)Oc1ccccc1C(=O)Nc1ncc(s1)[N+]([O-])=O, CC(=O)Oc1ccccc1C(=O)Nc1ncc(s1)[N+]([O-])=O, CC(=O)Oc1ccccc1C(=O)Nc1ncc(s1)[N+]([O-])=O, CC(=O)Oc1ccccc1C(=O)Nc1ncc(s1)[N+]([O-])=O","YQNQNVDNTFHQSW-UHFFFAOYSA-N, YQNQNVDNTFHQSW-UHFFFAOYSA-N, YQNQNVDNTFHQSW-UHFFFAOYSA-N, YQNQNVDNTFHQSW-UHFFFAOYSA-N, YQNQNVDNTFHQSW-UHFFFAOYSA-N, YQNQNVDNTFHQSW-UHFFFAOYSA-N",Launched
nitecapone,catechol O methyltransferase inhibitor,COMT,,,Cayman,31.32,CC(=O)C(=Cc1cc(O)c(O)c(c1)[N+]([O-])=O)C(C)=O,UPMRZALMHVUCIN-UHFFFAOYSA-N,Phase 2
nitenpyram,,,infectious disease,flea control,Selleck,93.18,CCN(Cc1ccc(Cl)nc1)C(\NC)=C\[N+]([O-])=O,CFRPSFYHXJZSBI-DHZHZOJOSA-N,Launched
nithiamide,bacterial DNA inhibitor,,,,"MicroSource, Selleck, Selleck",100,"CC(=O)Nc1ncc(s1)[N+]([O-])=O, CC(=O)Nc1ncc(s1)[N+]([O-])=O, CC(=O)Nc1ncc(s1)[N+]([O-])=O","UJRRDDHEMZLWFI-UHFFFAOYSA-N, UJRRDDHEMZLWFI-UHFFFAOYSA-N, UJRRDDHEMZLWFI-UHFFFAOYSA-N",Preclinical
nitisinone,hydroxyphenylpyruvate dioxygenase inhibitor,,metabolism,tyrosinemia,"Enzo, MedChemEx, MedChemEx",87.67,"OC(=C1C(=O)CCCC1=O)c1ccc(cc1[N+]([O-])=O)C(F)(F)F, OC(=C1C(=O)CCCC1=O)c1ccc(cc1[N+]([O-])=O)C(F)(F)F, OC(=C1C(=O)CCCC1=O)c1ccc(cc1[N+]([O-])=O)C(F)(F)F","PMHVFNYNPNKNRO-UHFFFAOYSA-N, PMHVFNYNPNKNRO-UHFFFAOYSA-N, PMHVFNYNPNKNRO-UHFFFAOYSA-N",Launched
nitrendipine,calcium channel blocker,"CACNA1D, CACNA2D1, KCNN4",cardiology,hypertension,"Tocris, MicroSource, Selleck, Selleck, Tocris, Tocris",97.81,"CCOC(=O)C1=C(C)NC(C)=C([C@@H]1c1cccc(c1)[N+]([O-])=O)C(=O)OC |r,c:5,10|, CCOC(=O)C1=C(C)NC(C)=C([C@@H]1c1cccc(c1)[N+]([O-])=O)C(=O)OC |r,c:5,10|, CCOC(=O)C1=C(C)NC(C)=C([C@@H]1c1cccc(c1)[N+]([O-])=O)C(=O)OC |r,c:5,10|, CCOC(=O)C1=C(C)NC(C)=C([C@@H]1c1cccc(c1)[N+]([O-])=O)C(=O)OC |r,c:5,10|, CCOC(=O)C1=C(C)NC(C)=C([C@@H]1c1cccc(c1)[N+]([O-])=O)C(=O)OC |r,c:5,10|, CCOC(=O)C1=C(C)NC(C)=C([C@@H]1c1cccc(c1)[N+]([O-])=O)C(=O)OC |r,c:5,10|","PVHUJELLJLJGLN-INIZCTEOSA-N, PVHUJELLJLJGLN-INIZCTEOSA-N, PVHUJELLJLJGLN-INIZCTEOSA-N, PVHUJELLJLJGLN-INIZCTEOSA-N, PVHUJELLJLJGLN-INIZCTEOSA-N, PVHUJELLJLJGLN-INIZCTEOSA-N",Launched
nitrocaramiphen,cholinergic receptor antagonist,CHRM1,,,"Tocris, Tocris",92.79,"CCN(CC)CCOC(=O)C1(CCCC1)c1ccc(cc1)[N+]([O-])=O, CCN(CC)CCOC(=O)C1(CCCC1)c1ccc(cc1)[N+]([O-])=O","NSHMVLOWOAQFTP-UHFFFAOYSA-N, NSHMVLOWOAQFTP-UHFFFAOYSA-N",Preclinical
nitroflurbiprofen,cyclooxygenase inhibitor,,,,MedChemEx,94.51,"C[C@@H](C(=O)OCCCCO[N+]([O-])=O)c1ccc(c(F)c1)-c1ccccc1 |&1:1,r|",DLWSRGHNJVLJAH-CQSZACIVSA-N,Preclinical
nitrofurantoin,DNA inhibitor,,infectious disease,"urinary tract infections, pyelonephritis","MedChemEx, MedChemEx, MicroSource",83.96,"[O-][N+](=O)c1ccc(\C=N\N2CC(=O)NC2=O)o1, [O-][N+](=O)c1ccc(\C=N\N2CC(=O)NC2=O)o1, [O-][N+](=O)c1ccc(\C=N\N2CC(=O)NC2=O)o1","NXFQHRVNIOXGAQ-YCRREMRBSA-N, NXFQHRVNIOXGAQ-YCRREMRBSA-N, NXFQHRVNIOXGAQ-YCRREMRBSA-N",Launched
nitrofurazone,bacterial DNA inhibitor,,infectious disease,first-aid antibiotic,"MedChemEx, Selleck, MicroSource, MicroSource",98.77,"NC(=O)N\N=C\c1ccc(o1)[N+]([O-])=O, NC(=O)N\N=C\c1ccc(o1)[N+]([O-])=O, NC(=O)N\N=C\c1ccc(o1)[N+]([O-])=O, NC(=O)N\N=C\c1ccc(o1)[N+]([O-])=O","IAIWVQXQOWNYOU-FPYGCLRLSA-N, IAIWVQXQOWNYOU-FPYGCLRLSA-N, IAIWVQXQOWNYOU-FPYGCLRLSA-N, IAIWVQXQOWNYOU-FPYGCLRLSA-N",Launched
nitromide,,,infectious disease,coccidiosis,"MedChemEx, MedChemEx, MicroSource",99.72,"NC(=O)c1cc(cc(c1)[N+]([O-])=O)[N+]([O-])=O, NC(=O)c1cc(cc(c1)[N+]([O-])=O)[N+]([O-])=O, NC(=O)c1cc(cc(c1)[N+]([O-])=O)[N+]([O-])=O","UUKWKUSGGZNXGA-UHFFFAOYSA-N, UUKWKUSGGZNXGA-UHFFFAOYSA-N, UUKWKUSGGZNXGA-UHFFFAOYSA-N",Launched
nitrosodimethylurea,DNA synthesis inhibitor,,,,Enamine,0,CNC(=O)N(C)[NH2+][O-],RCUSTCPNMVCLLN-UHFFFAOYSA-N,Preclinical
nitroxoline,cathepsin inhibitor,METAP2,infectious disease,urinary tract infections,"MedChemEx, MicroSource",62.54,"Oc1ccc([N+]([O-])=O)c2cccnc12, Oc1ccc([N+]([O-])=O)c2cccnc12","RJIWZDNTCBHXAL-UHFFFAOYSA-N, RJIWZDNTCBHXAL-UHFFFAOYSA-N",Launched
nizatidine,histamine receptor antagonist,HRH2,gastroenterology,"duodenal ulcer disease, erosive esophagitis (EE), ulcerative esophagitis (UE), gastroesophageal reflux disease (GERD)","MedChemEx, MedChemEx, MicroSource, MicroSource, MicroSource, Selleck",93.79,"CN\C(NCCSCc1csc(CN(C)C)n1)=C/[N+]([O-])=O, CN\C(NCCSCc1csc(CN(C)C)n1)=C/[N+]([O-])=O, CN\C(NCCSCc1csc(CN(C)C)n1)=C/[N+]([O-])=O, CN\C(NCCSCc1csc(CN(C)C)n1)=C/[N+]([O-])=O, CN\C(NCCSCc1csc(CN(C)C)n1)=C/[N+]([O-])=O, CN\C(NCCSCc1csc(CN(C)C)n1)=C/[N+]([O-])=O","SGXXNSQHWDMGGP-IZZDOVSWSA-N, SGXXNSQHWDMGGP-IZZDOVSWSA-N, SGXXNSQHWDMGGP-IZZDOVSWSA-N, SGXXNSQHWDMGGP-IZZDOVSWSA-N, SGXXNSQHWDMGGP-IZZDOVSWSA-N, SGXXNSQHWDMGGP-IZZDOVSWSA-N",Launched
nizofenone,ion channel antagonist,,neurology/psychiatry,stroke,AKSci,99.4,CCN(CC)Cc1nccn1-c1ccc(cc1C(=O)c1ccccc1Cl)[N+]([O-])=O,WZGBZLHGOVJDET-UHFFFAOYSA-N,Launched
NK-252,"nuclear factor erythroid derived, like (NRF2) activator",NFE2L2,,,"Tocris, Tocris",93.73,"O=C(NCc1ccccn1)Nc1nnc(o1)-c1ccco1, O=C(NCc1ccccn1)Nc1nnc(o1)-c1ccco1","FNSCFQXZZNCDAI-UHFFFAOYSA-N, FNSCFQXZZNCDAI-UHFFFAOYSA-N",Preclinical
NKP-1339,HSP inhibitor,,,,"MedChemEx, MedChemEx",83.77,"Cl[Ru+3](Cl)(Cl)(Cl)([n+]1cc2ccccc2[nH]1)[n+]1cc2ccccc2[nH]1, Cl[Ru+3](Cl)(Cl)(Cl)([n+]1cc2ccccc2[nH]1)[n+]1cc2ccccc2[nH]1","KNLORLKZMHLRBH-UHFFFAOYSA-J, KNLORLKZMHLRBH-UHFFFAOYSA-J",Phase 1
NKY-80,adenylyl cyclase inhibitor,ADCY5,,,"Tocris, Tocris",93.25,"Nc1ncc2C(=O)C[C@@H](Cc2n1)c1ccco1 |&1:8,r|, Nc1ncc2C(=O)C[C@@H](Cc2n1)c1ccco1 |&1:8,r|","SOJUSNIBPPMLCC-SSDOTTSWSA-N, SOJUSNIBPPMLCC-SSDOTTSWSA-N",Preclinical
NLG919,"indoleamine 2,3-dioxygenase inhibitor",IDO1,,,"MedChemEx, MedChemEx, MedChemEx, Selleck, Selleck",79.93,"O[C@@H](C[C@H]1c2ccccc2-c2cncn12)C1CCCCC1 |&1:1,&2:3,r|, O[C@@H](C[C@H]1c2ccccc2-c2cncn12)C1CCCCC1 |&1:1,&2:3,r|, O[C@@H](C[C@H]1c2ccccc2-c2cncn12)C1CCCCC1 |&1:1,&2:3,r|, O[C@@H](C[C@H]1c2ccccc2-c2cncn12)C1CCCCC1 |&1:1,&2:3,r|, O[C@@H](C[C@H]1c2ccccc2-c2cncn12)C1CCCCC1 |&1:1,&2:3,r|","YTRRAUACYORZLX-WMZOPIPTSA-N, YTRRAUACYORZLX-WMZOPIPTSA-N, YTRRAUACYORZLX-WMZOPIPTSA-N, YTRRAUACYORZLX-WMZOPIPTSA-N, YTRRAUACYORZLX-WMZOPIPTSA-N",Phase 1
NMDA,glutamate receptor agonist,"GRIN1, GRIN2A, GRIN2B, GRIN2C, GRIN2D",,,"Tocris, Tocris, Selleck, Tocris, Tocris",100,"CN[C@H](CC(O)=O)C(O)=O, CN[C@H](CC(O)=O)C(O)=O, CN[C@H](CC(O)=O)C(O)=O, CN[C@H](CC(O)=O)C(O)=O, CN[C@H](CC(O)=O)C(O)=O","HOKKHZGPKSLGJE-GSVOUGTGSA-N, HOKKHZGPKSLGJE-GSVOUGTGSA-N, HOKKHZGPKSLGJE-GSVOUGTGSA-N, HOKKHZGPKSLGJE-GSVOUGTGSA-N, HOKKHZGPKSLGJE-GSVOUGTGSA-N",Preclinical
NMS-E973,HSP inhibitor,,,,"Selleck, Selleck, Selleck, Selleck, Selleck",97.24,"CN1CCC(CC1)NC(=O)c1cc(on1)-c1c(O)cc(O)cc1Oc1ccc(cc1)[N+]([O-])=O, CN1CCC(CC1)NC(=O)c1cc(on1)-c1c(O)cc(O)cc1Oc1ccc(cc1)[N+]([O-])=O, CN1CCC(CC1)NC(=O)c1cc(on1)-c1c(O)cc(O)cc1Oc1ccc(cc1)[N+]([O-])=O, CN1CCC(CC1)NC(=O)c1cc(on1)-c1c(O)cc(O)cc1Oc1ccc(cc1)[N+]([O-])=O, CN1CCC(CC1)NC(=O)c1cc(on1)-c1c(O)cc(O)cc1Oc1ccc(cc1)[N+]([O-])=O","YLQODGGPIHWTHR-UHFFFAOYSA-N, YLQODGGPIHWTHR-UHFFFAOYSA-N, YLQODGGPIHWTHR-UHFFFAOYSA-N, YLQODGGPIHWTHR-UHFFFAOYSA-N, YLQODGGPIHWTHR-UHFFFAOYSA-N",Preclinical
NMS-P715,protein kinase inhibitor,,,,MedChemEx,96.6,CCc1cccc(CC)c1NC(=O)c1nn(C)c-2c1CCc1cnc(Nc3ccc(cc3OC(F)(F)F)C(=O)NC3CCN(C)CC3)nc-21,JFOAJUGFHDCBJJ-UHFFFAOYSA-N,Preclinical
NMS-1286937,PLK inhibitor,"FLT3, PLK1, PLK2, PLK3",,,"MedChemEx, MedChemEx, MedChemEx, MedChemEx, MedChemEx, MedChemEx, MedChemEx, MedChemEx, MedChemEx",96.61,"CN1CCN(CC1)c1ccc(OC(F)(F)F)c(Nc2ncc3CCc4c(nn(CCO)c4-c3n2)C(N)=O)c1, CN1CCN(CC1)c1ccc(OC(F)(F)F)c(Nc2ncc3CCc4c(nn(CCO)c4-c3n2)C(N)=O)c1, CN1CCN(CC1)c1ccc(OC(F)(F)F)c(Nc2ncc3CCc4c(nn(CCO)c4-c3n2)C(N)=O)c1, CN1CCN(CC1)c1ccc(OC(F)(F)F)c(Nc2ncc3CCc4c(nn(CCO)c4-c3n2)C(N)=O)c1, CN1CCN(CC1)c1ccc(OC(F)(F)F)c(Nc2ncc3CCc4c(nn(CCO)c4-c3n2)C(N)=O)c1, CN1CCN(CC1)c1ccc(OC(F)(F)F)c(Nc2ncc3CCc4c(nn(CCO)c4-c3n2)C(N)=O)c1, CN1CCN(CC1)c1ccc(OC(F)(F)F)c(Nc2ncc3CCc4c(nn(CCO)c4-c3n2)C(N)=O)c1, CN1CCN(CC1)c1ccc(OC(F)(F)F)c(Nc2ncc3CCc4c(nn(CCO)c4-c3n2)C(N)=O)c1, CN1CCN(CC1)c1ccc(OC(F)(F)F)c(Nc2ncc3CCc4c(nn(CCO)c4-c3n2)C(N)=O)c1","QHLVBNKYJGBCQJ-UHFFFAOYSA-N, QHLVBNKYJGBCQJ-UHFFFAOYSA-N, QHLVBNKYJGBCQJ-UHFFFAOYSA-N, QHLVBNKYJGBCQJ-UHFFFAOYSA-N, QHLVBNKYJGBCQJ-UHFFFAOYSA-N, QHLVBNKYJGBCQJ-UHFFFAOYSA-N, QHLVBNKYJGBCQJ-UHFFFAOYSA-N, QHLVBNKYJGBCQJ-UHFFFAOYSA-N, QHLVBNKYJGBCQJ-UHFFFAOYSA-N",Phase 2
NMS-873,ATPase inhibitor,VCP,,,"MedChemEx, Selleck",98.64,"Cc1cc(OCc2nnc(SC3CCCC3)n2-c2cccnc2)ccc1-c1ccc(cc1)S(C)(=O)=O, Cc1cc(OCc2nnc(SC3CCCC3)n2-c2cccnc2)ccc1-c1ccc(cc1)S(C)(=O)=O","UJGTUKMAJVCBIS-UHFFFAOYSA-N, UJGTUKMAJVCBIS-UHFFFAOYSA-N",Preclinical
NM107,RNA polymerase inhibitor,,,,LifeChem,92.3,C[C@@]1(O)[C@H](O)[C@@H](CO)O[C@H]1n1ccc(N)nc1=O,PPUDLEUZKVJXSZ-VPCXQMTMSA-N,Phase 2
NN-DNJ,glucosidase inhibitor,GBA,,,Sigma,100,CCCCCCCCCN1C[C@H](O)[C@@H](O)[C@H](O)[C@H]1CO,FTSCEGKYKXESFF-LXTVHRRPSA-N,Preclinical
NNC-05-2090,"GABA uptake inhibitor, GAT inhibitor",SLC6A12,,,"Tocris, Tocris, Tocris, Tocris, Tocris, Tocris, Tocris, Tocris, Tocris",98.5,"COc1ccccc1C1(O)CCN(CCCn2c3ccccc3c3ccccc23)CC1, COc1ccccc1C1(O)CCN(CCCn2c3ccccc3c3ccccc23)CC1, COc1ccccc1C1(O)CCN(CCCn2c3ccccc3c3ccccc23)CC1, COc1ccccc1C1(O)CCN(CCCn2c3ccccc3c3ccccc23)CC1, COc1ccccc1C1(O)CCN(CCCn2c3ccccc3c3ccccc23)CC1, COc1ccccc1C1(O)CCN(CCCn2c3ccccc3c3ccccc23)CC1, COc1ccccc1C1(O)CCN(CCCn2c3ccccc3c3ccccc23)CC1, COc1ccccc1C1(O)CCN(CCCn2c3ccccc3c3ccccc23)CC1, COc1ccccc1C1(O)CCN(CCCn2c3ccccc3c3ccccc23)CC1","XZZYCJOGZYEPPW-UHFFFAOYSA-N, XZZYCJOGZYEPPW-UHFFFAOYSA-N, XZZYCJOGZYEPPW-UHFFFAOYSA-N, XZZYCJOGZYEPPW-UHFFFAOYSA-N, XZZYCJOGZYEPPW-UHFFFAOYSA-N, XZZYCJOGZYEPPW-UHFFFAOYSA-N, XZZYCJOGZYEPPW-UHFFFAOYSA-N, XZZYCJOGZYEPPW-UHFFFAOYSA-N, XZZYCJOGZYEPPW-UHFFFAOYSA-N",Preclinical
NNC-55-0396,T-type calcium channel blocker,"CATSPER1, CATSPER2, CATSPER3, CATSPER4",,,"Tocris, Tocris, Tocris, Tocris, Tocris, Tocris, Tocris, Tocris, Tocris",97.64,"CC(C)[C@H]1c2ccc(F)cc2CC[C@@]1(CCN(C)CCCc1nc2ccccc2[nH]1)OC(=O)C1CC1, CC(C)[C@H]1c2ccc(F)cc2CC[C@@]1(CCN(C)CCCc1nc2ccccc2[nH]1)OC(=O)C1CC1, CC(C)[C@H]1c2ccc(F)cc2CC[C@@]1(CCN(C)CCCc1nc2ccccc2[nH]1)OC(=O)C1CC1, CC(C)[C@H]1c2ccc(F)cc2CC[C@@]1(CCN(C)CCCc1nc2ccccc2[nH]1)OC(=O)C1CC1, CC(C)[C@H]1c2ccc(F)cc2CC[C@@]1(CCN(C)CCCc1nc2ccccc2[nH]1)OC(=O)C1CC1, CC(C)[C@H]1c2ccc(F)cc2CC[C@@]1(CCN(C)CCCc1nc2ccccc2[nH]1)OC(=O)C1CC1, CC(C)[C@H]1c2ccc(F)cc2CC[C@@]1(CCN(C)CCCc1nc2ccccc2[nH]1)OC(=O)C1CC1, CC(C)[C@H]1c2ccc(F)cc2CC[C@@]1(CCN(C)CCCc1nc2ccccc2[nH]1)OC(=O)C1CC1, CC(C)[C@H]1c2ccc(F)cc2CC[C@@]1(CCN(C)CCCc1nc2ccccc2[nH]1)OC(=O)C1CC1","VHHVPDKNKPNKHY-JDXGNMNLSA-N, VHHVPDKNKPNKHY-JDXGNMNLSA-N, VHHVPDKNKPNKHY-JDXGNMNLSA-N, VHHVPDKNKPNKHY-JDXGNMNLSA-N, VHHVPDKNKPNKHY-JDXGNMNLSA-N, VHHVPDKNKPNKHY-JDXGNMNLSA-N, VHHVPDKNKPNKHY-JDXGNMNLSA-N, VHHVPDKNKPNKHY-JDXGNMNLSA-N, VHHVPDKNKPNKHY-JDXGNMNLSA-N",Preclinical
NNC-63-0532,opioid receptor agonist,OPRL1,,,"Tocris, Tocris, Tocris, Tocris, Tocris, Tocris",97.28,"COC(=O)CN1CN(c2ccccc2)C2(CCN(Cc3cccc4ccccc34)CC2)C1=O, COC(=O)CN1CN(c2ccccc2)C2(CCN(Cc3cccc4ccccc34)CC2)C1=O, COC(=O)CN1CN(c2ccccc2)C2(CCN(Cc3cccc4ccccc34)CC2)C1=O, COC(=O)CN1CN(c2ccccc2)C2(CCN(Cc3cccc4ccccc34)CC2)C1=O, COC(=O)CN1CN(c2ccccc2)C2(CCN(Cc3cccc4ccccc34)CC2)C1=O, COC(=O)CN1CN(c2ccccc2)C2(CCN(Cc3cccc4ccccc34)CC2)C1=O","AQMPIDSGLFVVPL-UHFFFAOYSA-N, AQMPIDSGLFVVPL-UHFFFAOYSA-N, AQMPIDSGLFVVPL-UHFFFAOYSA-N, AQMPIDSGLFVVPL-UHFFFAOYSA-N, AQMPIDSGLFVVPL-UHFFFAOYSA-N, AQMPIDSGLFVVPL-UHFFFAOYSA-N",Preclinical
NNC-711,GABA uptake inhibitor,"SIGMAR1, SLC6A1",,,"Tocris, Tocris, Tocris",99.12,"OC(=O)C1=CCCN(CCON=C(c2ccccc2)c2ccccc2)C1 |t:3|, OC(=O)C1=CCCN(CCON=C(c2ccccc2)c2ccccc2)C1 |t:3|, OC(=O)C1=CCCN(CCON=C(c2ccccc2)c2ccccc2)C1 |t:3|","NGNALWDRPKNJGR-UHFFFAOYSA-N, NGNALWDRPKNJGR-UHFFFAOYSA-N, NGNALWDRPKNJGR-UHFFFAOYSA-N",Preclinical
NO-ASA,cyclooxygenase inhibitor,PTGS2,,,"Enzo, Sigma",2.28,"CC(=O)Oc1ccccc1C(=O)Oc1cccc(CO[N+]([O-])=O)c1, CC(=O)Oc1ccccc1C(=O)Oc1cccc(CO[N+]([O-])=O)c1","IOJUJUOXKXMJNF-UHFFFAOYSA-N, IOJUJUOXKXMJNF-UHFFFAOYSA-N",Phase 2
nobiletin,MEK inhibitor,MAP2K1,,,"Selleck, Selleck",97.88,"COc1ccc(cc1OC)-c1cc(=O)c2c(OC)c(OC)c(OC)c(OC)c2o1, COc1ccc(cc1OC)-c1cc(=O)c2c(OC)c(OC)c(OC)c(OC)c2o1","MRIAQLRQZPPODS-UHFFFAOYSA-N, MRIAQLRQZPPODS-UHFFFAOYSA-N",Preclinical
nocodazole,tubulin polymerization inhibitor,HPGDS,,,"Tocris, Tocris, MicroSource, Selleck, Tocris",95.61,"COC(=O)Nc1nc2ccc(cc2[nH]1)C(=O)c1cccs1, COC(=O)Nc1nc2ccc(cc2[nH]1)C(=O)c1cccs1, COC(=O)Nc1nc2ccc(cc2[nH]1)C(=O)c1cccs1, COC(=O)Nc1nc2ccc(cc2[nH]1)C(=O)c1cccs1, COC(=O)Nc1nc2ccc(cc2[nH]1)C(=O)c1cccs1","KYRVNWMVYQXFEU-UHFFFAOYSA-N, KYRVNWMVYQXFEU-UHFFFAOYSA-N, KYRVNWMVYQXFEU-UHFFFAOYSA-N, KYRVNWMVYQXFEU-UHFFFAOYSA-N, KYRVNWMVYQXFEU-UHFFFAOYSA-N",Preclinical
nolatrexed,thymidylate synthase inhibitor,TYMS,,,AvaChem,95.58,Cc1ccc2[nH]c(N)nc(=O)c2c1Sc1ccncc1,XHWRWCSCBDLOLM-UHFFFAOYSA-N,Phase 3
nomegestrol-acetate,progesterone receptor agonist,PGR,endocrinology,contraceptive,"Sigma, Prestwick, Toronto, Toronto",100,"CC(=O)O[C@@]1(CC[C@H]2[C@@H]3C=C(C)C4=CC(=O)CC[C@@H]4[C@H]3CC[C@]12C)C(C)=O |t:9,12|, CC(=O)O[C@@]1(CC[C@H]2[C@@H]3C=C(C)C4=CC(=O)CC[C@@H]4[C@H]3CC[C@]12C)C(C)=O |t:9,12|, CC(=O)O[C@@]1(CC[C@H]2[C@@H]3C=C(C)C4=CC(=O)CC[C@@H]4[C@H]3CC[C@]12C)C(C)=O |t:9,12|, CC(=O)O[C@@]1(CC[C@H]2[C@@H]3C=C(C)C4=CC(=O)CC[C@@H]4[C@H]3CC[C@]12C)C(C)=O |t:9,12|","IIVBFTNIGYRNQY-YQLZSBIMSA-N, IIVBFTNIGYRNQY-YQLZSBIMSA-N, IIVBFTNIGYRNQY-YQLZSBIMSA-N, IIVBFTNIGYRNQY-YQLZSBIMSA-N",Launched
nomifensine,"dopamine reuptake inhibitor, noradrenaline uptake inhibitor","DRD2, SLC6A2, SLC6A3",,,"MicroSource, Selleck, Selleck",97.52,"CN1C[C@@H](c2ccccc2)c2cccc(N)c2C1 |&1:3|, CN1C[C@@H](c2ccccc2)c2cccc(N)c2C1 |&1:3|, CN1C[C@@H](c2ccccc2)c2cccc(N)c2C1 |&1:3|","XXPANQJNYNUNES-AWEZNQCLSA-N, XXPANQJNYNUNES-AWEZNQCLSA-N, XXPANQJNYNUNES-AWEZNQCLSA-N",Withdrawn
nonivamide,TRPV agonist,TRPV1,"rheumatology, neurology/psychiatry","rheumatoid arthritis, muscle pain","MedChemEx, MedChemEx, MicroSource",92,"CCCCCCCCC(=O)NCc1ccc(O)c(OC)c1, CCCCCCCCC(=O)NCc1ccc(O)c(OC)c1, CCCCCCCCC(=O)NCc1ccc(O)c(OC)c1","RGOVYLWUIBMPGK-UHFFFAOYSA-N, RGOVYLWUIBMPGK-UHFFFAOYSA-N, RGOVYLWUIBMPGK-UHFFFAOYSA-N",Launched
nonoxynol-9,membrane integrity inhibitor,,endocrinology,contraceptive,"MicroSource, LKT, MedChemEx, MedChemEx, MedChemEx",82.85,"CCCCCCCCCc1ccc(OCCOCCOCCOCCOCCOCCOCCOCCOCCO)cc1, CCCCCCCCCc1ccc(OCCOCCOCCOCCOCCOCCOCCOCCOCCO)cc1, CCCCCCCCCc1ccc(OCCOCCOCCOCCOCCOCCOCCOCCOCCO)cc1, CCCCCCCCCc1ccc(OCCOCCOCCOCCOCCOCCOCCOCCOCCO)cc1, CCCCCCCCCc1ccc(OCCOCCOCCOCCOCCOCCOCCOCCOCCO)cc1","FBWNMEQMRUMQSO-UHFFFAOYSA-N, FBWNMEQMRUMQSO-UHFFFAOYSA-N, FBWNMEQMRUMQSO-UHFFFAOYSA-N, FBWNMEQMRUMQSO-UHFFFAOYSA-N, FBWNMEQMRUMQSO-UHFFFAOYSA-N",Launched
nor-binaltorphimine,opioid receptor antagonist,"OPRD1, OPRK1, OPRM1",,,"Tocris, Tocris, Tocris",82.82,"Oc1ccc2C[C@H]3N(CC4CC4)CC[C@@]45[C@@H](Oc1c24)c1[nH]c2[C@@H]4Oc6c7c(C[C@H]8N(CC9CC9)CC[C@@]47[C@@]8(O)Cc2c1C[C@@]35O)ccc6O, Oc1ccc2C[C@H]3N(CC4CC4)CC[C@@]45[C@@H](Oc1c24)c1[nH]c2[C@@H]4Oc6c7c(C[C@H]8N(CC9CC9)CC[C@@]47[C@@]8(O)Cc2c1C[C@@]35O)ccc6O, Oc1ccc2C[C@H]3N(CC4CC4)CC[C@@]45[C@@H](Oc1c24)c1[nH]c2[C@@H]4Oc6c7c(C[C@H]8N(CC9CC9)CC[C@@]47[C@@]8(O)Cc2c1C[C@@]35O)ccc6O","APSUXPSYBJVPPS-YAUKWVCOSA-N, APSUXPSYBJVPPS-YAUKWVCOSA-N, APSUXPSYBJVPPS-YAUKWVCOSA-N",Preclinical
norcyclobenzaprine,"adrenergic receptor agonist, serotonin receptor antagonist",,,,"Prestwick, Prestwick, Toronto, Toronto",99.3,"CNCCC=C1c2ccccc2C=Cc2ccccc12 |c:13|, CNCCC=C1c2ccccc2C=Cc2ccccc12 |c:13|, CNCCC=C1c2ccccc2C=Cc2ccccc12 |c:13|, CNCCC=C1c2ccccc2C=Cc2ccccc12 |c:13|","XECQQDXTQRYYBH-UHFFFAOYSA-N, XECQQDXTQRYYBH-UHFFFAOYSA-N, XECQQDXTQRYYBH-UHFFFAOYSA-N, XECQQDXTQRYYBH-UHFFFAOYSA-N",Preclinical
norelgestromin,,PGR,endocrinology,contraceptive,MedChemEx,88.48,CC[C@]12CC[C@H]3[C@@H](CCC4=C\C(CC[C@H]34)=N\O)[C@@H]1CC[C@@]2(O)C#C |t:9|,ISHXLNHNDMZNMC-VTKCIJPMSA-N,Launched
norepinephrine,adrenergic receptor agonist,"ADRA1A, ADRA1B, ADRA1D, ADRA2A, ADRA2B, ADRA2C, ADRB1, ADRB2, ADRB3, PAH, SLC18A1, SLC18A2","cardiology, allergy, neurology/psychiatry","hypertension, urticaria, headache, seasonal affective disorder","MedChemEx, MedChemEx, Selleck, Selleck, MicroSource",100,"NC[C@H](O)c1ccc(O)c(O)c1, NC[C@H](O)c1ccc(O)c(O)c1, NC[C@H](O)c1ccc(O)c(O)c1, NC[C@H](O)c1ccc(O)c(O)c1, NC[C@H](O)c1ccc(O)c(O)c1","SFLSHLFXELFNJZ-QMMMGPOBSA-N, SFLSHLFXELFNJZ-QMMMGPOBSA-N, SFLSHLFXELFNJZ-QMMMGPOBSA-N, SFLSHLFXELFNJZ-QMMMGPOBSA-N, SFLSHLFXELFNJZ-QMMMGPOBSA-N",Launched
norethindrone,progesterone receptor agonist,PGR,obstetrics/gynecology,endometriosis,"Selleck, Selleck, Selleck, Selleck, MicroSource, MicroSource, Selleck",98.2,"C[C@]12CC[C@H]3[C@@H](CCC4=CC(=O)CC[C@H]34)[C@@H]1CC[C@@]2(O)C#C |t:8|, C[C@]12CC[C@H]3[C@@H](CCC4=CC(=O)CC[C@H]34)[C@@H]1CC[C@@]2(O)C#C |t:8|, C[C@]12CC[C@H]3[C@@H](CCC4=CC(=O)CC[C@H]34)[C@@H]1CC[C@@]2(O)C#C |t:8|, C[C@]12CC[C@H]3[C@@H](CCC4=CC(=O)CC[C@H]34)[C@@H]1CC[C@@]2(O)C#C |t:8|, C[C@]12CC[C@H]3[C@@H](CCC4=CC(=O)CC[C@H]34)[C@@H]1CC[C@@]2(O)C#C |t:8|, C[C@]12CC[C@H]3[C@@H](CCC4=CC(=O)CC[C@H]34)[C@@H]1CC[C@@]2(O)C#C |t:8|, C[C@]12CC[C@H]3[C@@H](CCC4=CC(=O)CC[C@H]34)[C@@H]1CC[C@@]2(O)C#C |t:8|","VIKNJXKGJWUCNN-XGXHKTLJSA-N, VIKNJXKGJWUCNN-XGXHKTLJSA-N, VIKNJXKGJWUCNN-XGXHKTLJSA-N, VIKNJXKGJWUCNN-XGXHKTLJSA-N, VIKNJXKGJWUCNN-XGXHKTLJSA-N, VIKNJXKGJWUCNN-XGXHKTLJSA-N, VIKNJXKGJWUCNN-XGXHKTLJSA-N",Launched
norethindrone-acetate,progesterone receptor agonist,PGR,"endocrinology, orthopedics, obstetrics/gynecology","menopause, osteoporosis, vaginal atrophy",MedChemEx,90.57,CC(=O)O[C@]1(CC[C@H]2[C@@H]3CCC4=CC(=O)CC[C@@H]4[C@H]3CC[C@]12C)C#C |t:11|,IMONTRJLAWHYGT-ZCPXKWAGSA-N,Launched
norethisterone-enanthate,contraceptive agent,,endocrinology,contraceptive,"AvaChem, AvaChem, AvaChem",96.7,"CCCCCCC(=O)O[C@]1(CC[C@H]2[C@@H]3CCC4=CC(=O)CC[C@@H]4[C@H]3CC[C@]12C)C#C |t:16|, CCCCCCC(=O)O[C@]1(CC[C@H]2[C@@H]3CCC4=CC(=O)CC[C@@H]4[C@H]3CC[C@]12C)C#C |t:16|, CCCCCCC(=O)O[C@]1(CC[C@H]2[C@@H]3CCC4=CC(=O)CC[C@@H]4[C@H]3CC[C@]12C)C#C |t:16|","APTGJECXMIKIET-WOSSHHRXSA-N, APTGJECXMIKIET-WOSSHHRXSA-N, APTGJECXMIKIET-WOSSHHRXSA-N",Launched
noretynodrel,progestogen hormone,PGR,endocrinology,contraceptive,"MicroSource, MicroSource",81.73,"C[C@]12CC[C@H]3[C@@H](CCC4=C3CCC(=O)C4)[C@@H]1CC[C@@]2(O)C#C |a:1,18,&1:4,&2:5,&3:15,c:8|, C[C@]12CC[C@H]3[C@@H](CCC4=C3CCC(=O)C4)[C@@H]1CC[C@@]2(O)C#C |a:1,18,&1:4,&2:5,&3:15,c:8|","ICTXHFFSOAJUMG-SLHNCBLASA-N, ICTXHFFSOAJUMG-SLHNCBLASA-N",Launched
norfloxacin,bacterial DNA gyrase inhibitor,TOP2A,"infectious disease, urology","urinary tract infections, gonorrhea, prostatitis","MedChemEx, Selleck, Selleck, MicroSource",98.57,"CCn1cc(C(O)=O)c(=O)c2cc(F)c(cc12)N1CCNCC1, CCn1cc(C(O)=O)c(=O)c2cc(F)c(cc12)N1CCNCC1, CCn1cc(C(O)=O)c(=O)c2cc(F)c(cc12)N1CCNCC1, CCn1cc(C(O)=O)c(=O)c2cc(F)c(cc12)N1CCNCC1","OGJPXUAPXNRGGI-UHFFFAOYSA-N, OGJPXUAPXNRGGI-UHFFFAOYSA-N, OGJPXUAPXNRGGI-UHFFFAOYSA-N, OGJPXUAPXNRGGI-UHFFFAOYSA-N",Launched
norfluoxetine,selective serotonin reuptake inhibitor (SSRI),HTR2B,,,"Cayman, Cayman",95.93,"NCC[C@@H](Oc1ccc(cc1)C(F)(F)F)c1ccccc1 |&1:3,r|, NCC[C@@H](Oc1ccc(cc1)C(F)(F)F)c1ccccc1 |&1:3,r|","WIQRCHMSJFFONW-OAHLLOKOSA-N, WIQRCHMSJFFONW-OAHLLOKOSA-N",Phase 1
norgestimate,progesterone receptor agonist,"ESR1, PGR",endocrinology,contraceptive,"MicroSource, Sigma",61.05,"CC[C@]12CC[C@H]3[C@@H](CCC4=C\C(CC[C@H]34)=N\O)[C@@H]1CC[C@@]2(OC(C)=O)C#C |t:9|, CC[C@]12CC[C@H]3[C@@H](CCC4=C\C(CC[C@H]34)=N\O)[C@@H]1CC[C@@]2(OC(C)=O)C#C |t:9|","KIQQMECNKUGGKA-NMYWJIRASA-N, KIQQMECNKUGGKA-NMYWJIRASA-N",Launched
norgestrel,progesterone receptor agonist,"AR, ESR1, PGR, SRD5A1",endocrinology,contraceptive,"MicroSource, MicroSource, MicroSource",98.29,"CC[C@]12CC[C@H]3[C@@H](CCC4=CC(=O)CC[C@H]34)[C@@H]1CC[C@@]2(O)C#C |a:2,6,15,16,19,&1:5,t:9|, CC[C@]12CC[C@H]3[C@@H](CCC4=CC(=O)CC[C@H]34)[C@@H]1CC[C@@]2(O)C#C |a:2,6,15,16,19,&1:5,t:9|, CC[C@]12CC[C@H]3[C@@H](CCC4=CC(=O)CC[C@H]34)[C@@H]1CC[C@@]2(O)C#C |a:2,6,15,16,19,&1:5,t:9|","WWYNJERNGUHSAO-XUDSTZEESA-N, WWYNJERNGUHSAO-XUDSTZEESA-N, WWYNJERNGUHSAO-XUDSTZEESA-N",Launched
nornicotine,acetylcholine receptor agonist,,,,MedChemEx,82.9,C1CN[C@H](C1)c1cccnc1 |r|,MYKUKUCHPMASKF-SECBINFHSA-N,Preclinical
nortriptyline,tricyclic antidepressant,"ADRA1A, ADRA1B, ADRA1D, ADRA2A, ADRA2B, ADRA2C, ADRB1, ADRB2, ADRB3, CHRM1, CHRM2, CHRM3, CHRM4, CHRM5, DRD2, HRH1, HTR1A, HTR2A, HTR2C, HTR6, KCNJ10, PGRMC1, SIGMAR1, SLC6A2, SLC6A4",neurology/psychiatry,depression,"MedChemEx, MicroSource",98.98,"CNCCC=C1c2ccccc2CCc2ccccc12, CNCCC=C1c2ccccc2CCc2ccccc12","PHVGLTMQBUFIQQ-UHFFFAOYSA-N, PHVGLTMQBUFIQQ-UHFFFAOYSA-N",Launched
norvancomycin,,,,,MedChemEx,87.55,[H][C@@]1(C[C@](C)(N)[C@H](O)[C@H](C)O1)O[C@@H]1[C@@H](O)[C@H](O)[C@@H](CO)O[C@H]1Oc1c2Oc3ccc(cc3Cl)[C@@H](O)[C@@H](NC(=O)[C@H](N)CC(C)C)C(=O)N[C@@H](CC(N)=O)C(=O)N[C@]3([H])c(c2)cc1Oc1ccc(cc1Cl)[C@@H](O)[C@]1([H])NC(=O)[C@]([H])(NC3=O)c2ccc(O)c(c2)-c2c(O)cc(O)cc2[C@]([H])(NC1=O)C(O)=O,NUAQIRUAZSJTAI-YRPZDAAMSA-N,Preclinical
noscapine,"bradykinin receptor antagonist, tubulin polymerization inhibitor",SIGMAR1,pulmonary,cough suppressant,"Selleck, Pharmeks, Pharmeks, Tocris, Tocris",99.16,"COc1ccc2[C@H](OC(=O)c2c1OC)[C@@H]1N(C)CCc2cc3OCOc3c(OC)c12, COc1ccc2[C@H](OC(=O)c2c1OC)[C@@H]1N(C)CCc2cc3OCOc3c(OC)c12, COc1ccc2[C@H](OC(=O)c2c1OC)[C@@H]1N(C)CCc2cc3OCOc3c(OC)c12, COc1ccc2[C@H](OC(=O)c2c1OC)[C@@H]1N(C)CCc2cc3OCOc3c(OC)c12, COc1ccc2[C@H](OC(=O)c2c1OC)[C@@H]1N(C)CCc2cc3OCOc3c(OC)c12","AKNNEGZIBPJZJG-MSOLQXFVSA-N, AKNNEGZIBPJZJG-MSOLQXFVSA-N, AKNNEGZIBPJZJG-MSOLQXFVSA-N, AKNNEGZIBPJZJG-MSOLQXFVSA-N, AKNNEGZIBPJZJG-MSOLQXFVSA-N",Launched
NOV-002,,GSR,,,"InterBioScreen, InterBioScreen",100,"N[C@@H](CCC(=O)N[C@@H](CSSC[C@H](NC(=O)CC[C@@H](N)C(O)=O)C(=O)NCC(O)=O)C(=O)NCC(O)=O)C(O)=O, N[C@@H](CCC(=O)N[C@@H](CSSC[C@H](NC(=O)CC[C@@H](N)C(O)=O)C(=O)NCC(O)=O)C(=O)NCC(O)=O)C(O)=O","YPZRWBKMTBYPTK-USZNOCQGSA-N, YPZRWBKMTBYPTK-USZNOCQGSA-N",Phase 3
novobiocin,bacterial DNA gyrase inhibitor,,obstetrics/gynecology,mastitis,"MedChemEx, Selleck, Selleck, MicroSource, MicroSource, Selleck",89.03,"CO[C@@H]1[C@@H](OC(N)=O)[C@@H](O)[C@H](Oc2ccc3c(O)c(NC(=O)c4ccc(O)c(CC=C(C)C)c4)c(=O)oc3c2C)OC1(C)C, CO[C@@H]1[C@@H](OC(N)=O)[C@@H](O)[C@H](Oc2ccc3c(O)c(NC(=O)c4ccc(O)c(CC=C(C)C)c4)c(=O)oc3c2C)OC1(C)C, CO[C@@H]1[C@@H](OC(N)=O)[C@@H](O)[C@H](Oc2ccc3c(O)c(NC(=O)c4ccc(O)c(CC=C(C)C)c4)c(=O)oc3c2C)OC1(C)C, CO[C@@H]1[C@@H](OC(N)=O)[C@@H](O)[C@H](Oc2ccc3c(O)c(NC(=O)c4ccc(O)c(CC=C(C)C)c4)c(=O)oc3c2C)OC1(C)C, CO[C@@H]1[C@@H](OC(N)=O)[C@@H](O)[C@H](Oc2ccc3c(O)c(NC(=O)c4ccc(O)c(CC=C(C)C)c4)c(=O)oc3c2C)OC1(C)C, CO[C@@H]1[C@@H](OC(N)=O)[C@@H](O)[C@H](Oc2ccc3c(O)c(NC(=O)c4ccc(O)c(CC=C(C)C)c4)c(=O)oc3c2C)OC1(C)C","YJQPYGGHQPGBLI-KGSXXDOSSA-N, YJQPYGGHQPGBLI-KGSXXDOSSA-N, YJQPYGGHQPGBLI-KGSXXDOSSA-N, YJQPYGGHQPGBLI-KGSXXDOSSA-N, YJQPYGGHQPGBLI-KGSXXDOSSA-N, YJQPYGGHQPGBLI-KGSXXDOSSA-N",Launched
NPC-01,steroid,,,,"Sigma, Sigma",93.36,"C[C@]12C[C@H](O)[C@H]3[C@@H](CCC4=CC(=O)CC[C@]34C)[C@@H]1CCC2=O |t:9|, C[C@]12C[C@H](O)[C@H]3[C@@H](CCC4=CC(=O)CC[C@]34C)[C@@H]1CCC2=O |t:9|","WSCUHXPGYUMQEX-KCZNZURUSA-N, WSCUHXPGYUMQEX-KCZNZURUSA-N",Phase 3
NPC-15199,ICAM1 antagonist,PPARG,,,"Tocris, Tocris",97.42,"CC(C)C[C@@H](NC(=O)OCC1c2ccccc2-c2ccccc12)C(O)=O, CC(C)C[C@@H](NC(=O)OCC1c2ccccc2-c2ccccc12)C(O)=O","CBPJQFCAFFNICX-LJQANCHMSA-N, CBPJQFCAFFNICX-LJQANCHMSA-N",Phase 2
NPPB,chloride channel blocker,"ANO1, CLCN2, CLCN7, TRPA1",,,"Tocris, Tocris, Tocris, Tocris",98.44,"OC(=O)c1cc(ccc1NCCCc1ccccc1)[N+]([O-])=O, OC(=O)c1cc(ccc1NCCCc1ccccc1)[N+]([O-])=O, OC(=O)c1cc(ccc1NCCCc1ccccc1)[N+]([O-])=O, OC(=O)c1cc(ccc1NCCCc1ccccc1)[N+]([O-])=O","WBSMIPAMAXNXFS-UHFFFAOYSA-N, WBSMIPAMAXNXFS-UHFFFAOYSA-N, WBSMIPAMAXNXFS-UHFFFAOYSA-N, WBSMIPAMAXNXFS-UHFFFAOYSA-N",Preclinical
NPS-2143,calcium receptor antagonist,CASR,,,"Tocris, Tocris, Selleck, Selleck, Selleck, Tocris, Tocris",98.6,"CC(C)(Cc1ccc2ccccc2c1)NC[C@@H](O)COc1cccc(Cl)c1C#N, CC(C)(Cc1ccc2ccccc2c1)NC[C@@H](O)COc1cccc(Cl)c1C#N, CC(C)(Cc1ccc2ccccc2c1)NC[C@@H](O)COc1cccc(Cl)c1C#N, CC(C)(Cc1ccc2ccccc2c1)NC[C@@H](O)COc1cccc(Cl)c1C#N, CC(C)(Cc1ccc2ccccc2c1)NC[C@@H](O)COc1cccc(Cl)c1C#N, CC(C)(Cc1ccc2ccccc2c1)NC[C@@H](O)COc1cccc(Cl)c1C#N, CC(C)(Cc1ccc2ccccc2c1)NC[C@@H](O)COc1cccc(Cl)c1C#N","PZUJQWHTIRWCID-HXUWFJFHSA-N, PZUJQWHTIRWCID-HXUWFJFHSA-N, PZUJQWHTIRWCID-HXUWFJFHSA-N, PZUJQWHTIRWCID-HXUWFJFHSA-N, PZUJQWHTIRWCID-HXUWFJFHSA-N, PZUJQWHTIRWCID-HXUWFJFHSA-N, PZUJQWHTIRWCID-HXUWFJFHSA-N",Preclinical
NPS-2407,glutamate receptor antagonist,,,,AMS,79.88,CC(C)(Cc1ccccc1)NC(=O)c1cnc2ccccc2n1,DQEWVIJXZPUPQA-UHFFFAOYSA-N,Preclinical
NPY-5RA972,neuropeptide receptor antagonist,NPY5R,,,"Tocris, Tocris, Tocris",95.24,"CC(C)n1c2ccccc2c2c(C)c(NC(=O)N3CCOCC3)ccc12, CC(C)n1c2ccccc2c2c(C)c(NC(=O)N3CCOCC3)ccc12, CC(C)n1c2ccccc2c2c(C)c(NC(=O)N3CCOCC3)ccc12","ZNFMHLDBJPAFEQ-UHFFFAOYSA-N, ZNFMHLDBJPAFEQ-UHFFFAOYSA-N, ZNFMHLDBJPAFEQ-UHFFFAOYSA-N",Preclinical
NQDI-1,caspase inhibitor,CASP3,,,"MedChemEx, MedChemEx",96.79,"CCOC(=O)c1c2-c3ccccc3C(=O)c3cccc([nH]c1=O)c23, CCOC(=O)c1c2-c3ccccc3C(=O)c3cccc([nH]c1=O)c23","UFJGFNHRMPMALC-UHFFFAOYSA-N, UFJGFNHRMPMALC-UHFFFAOYSA-N",Preclinical
NS-018,JAK inhibitor,"JAK1, JAK2, JAK3, TYK2",,,"MedChemEx, MedChemEx, MedChemEx",92.62,"C[C@H](Nc1cc(cc(Nc2cnccn2)n1)-c1cnn(C)c1)c1ccc(F)cc1, C[C@H](Nc1cc(cc(Nc2cnccn2)n1)-c1cnn(C)c1)c1ccc(F)cc1, C[C@H](Nc1cc(cc(Nc2cnccn2)n1)-c1cnn(C)c1)c1ccc(F)cc1","UQTPDWDAYHAZNT-AWEZNQCLSA-N, UQTPDWDAYHAZNT-AWEZNQCLSA-N, UQTPDWDAYHAZNT-AWEZNQCLSA-N",Phase 1/Phase 2
NS-11021,calcium-activated potassium channel activator,KCNMA1,,,"Tocris, Tocris",38.32,"FC(F)(F)c1cc(NC(=S)Nc2ccc(Br)cc2-c2nn[nH]n2)cc(c1)C(F)(F)F, FC(F)(F)c1cc(NC(=S)Nc2ccc(Br)cc2-c2nn[nH]n2)cc(c1)C(F)(F)F","MDKAFDIKYQMOMF-UHFFFAOYSA-N, MDKAFDIKYQMOMF-UHFFFAOYSA-N",Preclinical
NS-11394,GABA receptor agonist,,,,Sigma,98.14,CC(C)(O)c1ccc2n(cnc2c1)-c1cccc(c1)-c1ccccc1C#N,HLKYSQGBIIIQJN-UHFFFAOYSA-N,Preclinical
NS-1643,voltage-gated potassium channel activator,"KCNH2, KCNH6, KCNMA1",,,"Tocris, Stanley, Stanley, Stanley, Stanley",95.1,"Oc1ccc(cc1NC(=O)Nc1cc(ccc1O)C(F)(F)F)C(F)(F)F, Oc1ccc(cc1NC(=O)Nc1cc(ccc1O)C(F)(F)F)C(F)(F)F, Oc1ccc(cc1NC(=O)Nc1cc(ccc1O)C(F)(F)F)C(F)(F)F, Oc1ccc(cc1NC(=O)Nc1cc(ccc1O)C(F)(F)F)C(F)(F)F, Oc1ccc(cc1NC(=O)Nc1cc(ccc1O)C(F)(F)F)C(F)(F)F","NJFVQMRYJZHGME-UHFFFAOYSA-N, NJFVQMRYJZHGME-UHFFFAOYSA-N, NJFVQMRYJZHGME-UHFFFAOYSA-N, NJFVQMRYJZHGME-UHFFFAOYSA-N, NJFVQMRYJZHGME-UHFFFAOYSA-N",Preclinical
NS-19504,calcium-activated potassium channel activator,KCNMA1,,,"Tocris, Tocris, Tocris",94.1,"Nc1ncc(Cc2ccc(Br)cc2)s1, Nc1ncc(Cc2ccc(Br)cc2)s1, Nc1ncc(Cc2ccc(Br)cc2)s1","HGWLTZOMQZIUBW-UHFFFAOYSA-N, HGWLTZOMQZIUBW-UHFFFAOYSA-N, HGWLTZOMQZIUBW-UHFFFAOYSA-N",Preclinical
NS-309,calcium-activated potassium channel activator,"KCNN1, KCNN2, KCNN3, KCNN4",,,Tocris,94.59,O\N=C1/C(=O)Nc2c1ccc(Cl)c2Cl,CVOUSAVHMDXCKG-UHFFFAOYSA-N,Preclinical
NS-3623,voltage-gated potassium channel activator,KCNH2,,,"Tocris, Stanley, Stanley, Stanley, Stanley, Stanley",96.49,"FC(F)(F)c1cccc(NC(=O)Nc2ccc(Br)cc2-c2nn[nH]n2)c1, FC(F)(F)c1cccc(NC(=O)Nc2ccc(Br)cc2-c2nn[nH]n2)c1, FC(F)(F)c1cccc(NC(=O)Nc2ccc(Br)cc2-c2nn[nH]n2)c1, FC(F)(F)c1cccc(NC(=O)Nc2ccc(Br)cc2-c2nn[nH]n2)c1, FC(F)(F)c1cccc(NC(=O)Nc2ccc(Br)cc2-c2nn[nH]n2)c1, FC(F)(F)c1cccc(NC(=O)Nc2ccc(Br)cc2-c2nn[nH]n2)c1","JXPULDIATMTIIN-UHFFFAOYSA-N, JXPULDIATMTIIN-UHFFFAOYSA-N, JXPULDIATMTIIN-UHFFFAOYSA-N, JXPULDIATMTIIN-UHFFFAOYSA-N, JXPULDIATMTIIN-UHFFFAOYSA-N, JXPULDIATMTIIN-UHFFFAOYSA-N",Preclinical
NS-3861,acetylcholine receptor agonist,"CHRNA3, CHRNB4",,,Tocris,78.64,"CN1[C@@H]2CC[C@H]1C=C(C2)c1sccc1Br |&1:2,5,c:7|",ZJCNRVHZJADROC-VHSXEESVSA-N,Preclinical
NS-5806,voltage-gated potassium channel activator,KCND3,,,"Tocris, Tocris, Tocris",97,"FC(F)(F)c1cc(NC(=O)Nc2c(Br)cc(Br)cc2-c2nn[nH]n2)cc(c1)C(F)(F)F, FC(F)(F)c1cc(NC(=O)Nc2c(Br)cc(Br)cc2-c2nn[nH]n2)cc(c1)C(F)(F)F, FC(F)(F)c1cc(NC(=O)Nc2c(Br)cc(Br)cc2-c2nn[nH]n2)cc(c1)C(F)(F)F","UZWJWROOLOOCPQ-UHFFFAOYSA-N, UZWJWROOLOOCPQ-UHFFFAOYSA-N, UZWJWROOLOOCPQ-UHFFFAOYSA-N",Preclinical
NS-8,potassium channel agonist,KCNMA1,,,Enamine,40.47,Cc1c([nH]c(N)c1C#N)-c1ccccc1F,KVDWOQGDMAEJLM-UHFFFAOYSA-N,Phase 2
NS-8593,calcium-activated potassium channel modulator,"KCNN1, KCNN2, KCNN3",,,"Tocris, Tocris",97.22,"C1C[C@@H](Nc2nc3ccccc3[nH]2)c2ccccc2C1, C1C[C@@H](Nc2nc3ccccc3[nH]2)c2ccccc2C1","XZIZUQSOFMLIIR-CQSZACIVSA-N, XZIZUQSOFMLIIR-CQSZACIVSA-N",Preclinical
NS-9283,acetylcholine receptor allosteric modulator,CHRNA4,,,"Tocris, Tocris, Tocris, Tocris",98,"N#Cc1cccc(c1)-c1nc(no1)-c1cccnc1, N#Cc1cccc(c1)-c1nc(no1)-c1cccnc1, N#Cc1cccc(c1)-c1nc(no1)-c1cccnc1, N#Cc1cccc(c1)-c1nc(no1)-c1cccnc1","HGFXDSQLRSWUBO-UHFFFAOYSA-N, HGFXDSQLRSWUBO-UHFFFAOYSA-N, HGFXDSQLRSWUBO-UHFFFAOYSA-N, HGFXDSQLRSWUBO-UHFFFAOYSA-N",Preclinical
NSC-23766,Ras GTPase inhibitor,,,,"Tocris, Selleck, Tocris, Selleck",95.29,"CCN(CC)CCC[C@@H](C)Nc1nc(C)cc(Nc2ccc3nc(C)cc(N)c3c2)n1 |&1:8|, CCN(CC)CCC[C@@H](C)Nc1nc(C)cc(Nc2ccc3nc(C)cc(N)c3c2)n1 |&1:8|, CCN(CC)CCC[C@@H](C)Nc1nc(C)cc(Nc2ccc3nc(C)cc(N)c3c2)n1 |&1:8|, CCN(CC)CCC[C@@H](C)Nc1nc(C)cc(Nc2ccc3nc(C)cc(N)c3c2)n1 |&1:8|","DEFBCZWQLILOJF-MRXNPFEDSA-N, DEFBCZWQLILOJF-MRXNPFEDSA-N, DEFBCZWQLILOJF-MRXNPFEDSA-N, DEFBCZWQLILOJF-MRXNPFEDSA-N",Preclinical
NSC-319726,p53 activator,,,,"Tocris, Selleck, Tocris, Selleck, Selleck, Selleck, Selleck, Selleck, Selleck",95.41,"C\C(=N/NC(=S)N1CCC1)c1ccccn1, C\C(=N/NC(=S)N1CCC1)c1ccccn1, C\C(=N/NC(=S)N1CCC1)c1ccccn1, C\C(=N/NC(=S)N1CCC1)c1ccccn1, C\C(=N/NC(=S)N1CCC1)c1ccccn1, C\C(=N/NC(=S)N1CCC1)c1ccccn1, C\C(=N/NC(=S)N1CCC1)c1ccccn1, C\C(=N/NC(=S)N1CCC1)c1ccccn1, C\C(=N/NC(=S)N1CCC1)c1ccccn1","XDHBUMNIQRLHGO-UKTHLTGXSA-N, XDHBUMNIQRLHGO-UKTHLTGXSA-N, XDHBUMNIQRLHGO-UKTHLTGXSA-N, XDHBUMNIQRLHGO-UKTHLTGXSA-N, XDHBUMNIQRLHGO-UKTHLTGXSA-N, XDHBUMNIQRLHGO-UKTHLTGXSA-N, XDHBUMNIQRLHGO-UKTHLTGXSA-N, XDHBUMNIQRLHGO-UKTHLTGXSA-N, XDHBUMNIQRLHGO-UKTHLTGXSA-N",Preclinical
NSC-3852,HDAC inhibitor,HDAC1,,,"Tocris, Tocris, Tocris, Tocris",96.22,"Oc1ccc(N=O)c2cccnc12, Oc1ccc(N=O)c2cccnc12, Oc1ccc(N=O)c2cccnc12, Oc1ccc(N=O)c2cccnc12","RZWRYPGAUIOOMK-UHFFFAOYSA-N, RZWRYPGAUIOOMK-UHFFFAOYSA-N, RZWRYPGAUIOOMK-UHFFFAOYSA-N, RZWRYPGAUIOOMK-UHFFFAOYSA-N",Preclinical
NSC-405020,matrix metalloprotease inhibitor,MMP1,,,"Tocris, Tocris, Selleck, Selleck, Selleck, Selleck",97.07,"CCC[C@@H](C)NC(=O)c1ccc(Cl)c(Cl)c1 |&1:3,r|, CCC[C@@H](C)NC(=O)c1ccc(Cl)c(Cl)c1 |&1:3,r|, CCC[C@@H](C)NC(=O)c1ccc(Cl)c(Cl)c1 |&1:3,r|, CCC[C@@H](C)NC(=O)c1ccc(Cl)c(Cl)c1 |&1:3,r|, CCC[C@@H](C)NC(=O)c1ccc(Cl)c(Cl)c1 |&1:3,r|, CCC[C@@H](C)NC(=O)c1ccc(Cl)c(Cl)c1 |&1:3,r|","ARDYECYBETXQFD-MRVPVSSYSA-N, ARDYECYBETXQFD-MRVPVSSYSA-N, ARDYECYBETXQFD-MRVPVSSYSA-N, ARDYECYBETXQFD-MRVPVSSYSA-N, ARDYECYBETXQFD-MRVPVSSYSA-N, ARDYECYBETXQFD-MRVPVSSYSA-N",Preclinical
NSC-4644,"ACAT inhibitor, sterol regulatory element binding protein (SREBP) inhibitor",PYGM,,,"MedChemEx, Enzo",100,"CC(=C)[C@@H]1CC[C@]2(CO)CC[C@]3(C)[C@H](CC[C@@H]4[C@@]5(C)CC[C@H](O)C(C)(C)[C@@H]5CC[C@@]34C)[C@@H]12, CC(=C)[C@@H]1CC[C@]2(CO)CC[C@]3(C)[C@H](CC[C@@H]4[C@@]5(C)CC[C@H](O)C(C)(C)[C@@H]5CC[C@@]34C)[C@@H]12","FVWJYYTZTCVBKE-ROUWMTJPSA-N, FVWJYYTZTCVBKE-ROUWMTJPSA-N",Phase 2
NSC-5844,CC chemokine receptor agonist,CCR1,,,MedChemEx,96.41,Clc1ccc2c(NCCNc3ccnc4cc(Cl)ccc34)ccnc2c1,SSXYXSMMVMVYEV-UHFFFAOYSA-N,Preclinical
NSC-625987,CDK inhibitor,"CDK2, CDK4",,,Tocris,0.34,COc1ccc(OC)c2c1[nH]c1ccccc1c2=S,KFAKESMKRPNZTM-UHFFFAOYSA-N,Preclinical
NSC-632839,ubiquitin specific protease inhibitor,"SENP2, USP1, USP2, USP7",,,"Tocris, Tocris, Tocris, Tocris, Tocris",93.86,"Cc1ccc(\C=C2/CNC\C(=C/c3ccc(C)cc3)C2=O)cc1, Cc1ccc(\C=C2/CNC\C(=C/c3ccc(C)cc3)C2=O)cc1, Cc1ccc(\C=C2/CNC\C(=C/c3ccc(C)cc3)C2=O)cc1, Cc1ccc(\C=C2/CNC\C(=C/c3ccc(C)cc3)C2=O)cc1, Cc1ccc(\C=C2/CNC\C(=C/c3ccc(C)cc3)C2=O)cc1","PKCYYPHSCUSQDK-AYKLPDECSA-N, PKCYYPHSCUSQDK-AYKLPDECSA-N, PKCYYPHSCUSQDK-AYKLPDECSA-N, PKCYYPHSCUSQDK-AYKLPDECSA-N, PKCYYPHSCUSQDK-AYKLPDECSA-N",Preclinical
NSC-636819,histone demethylase inhibitor,"KDM4A, KDM4B",,,Tocris,90.48,[O-][N+](=O)c1cc(c(\C=C\c2ccc(Cl)c(Cl)c2)cc1\C=C\c1ccc(Cl)c(Cl)c1)[N+]([O-])=O,YYZPXBXVBQSBDG-IJIVKGSJSA-N,Preclinical
NSC-663284,CDC inhibitor,"CDC25A, CDC25B, CDC25C",,,"Tocris, Tocris, Tocris, Tocris, Tocris, Tocris, Tocris",96.21,"ClC1=C(NCCN2CCOCC2)C(=O)c2ncccc2C1=O |c:1|, ClC1=C(NCCN2CCOCC2)C(=O)c2ncccc2C1=O |c:1|, ClC1=C(NCCN2CCOCC2)C(=O)c2ncccc2C1=O |c:1|, ClC1=C(NCCN2CCOCC2)C(=O)c2ncccc2C1=O |c:1|, ClC1=C(NCCN2CCOCC2)C(=O)c2ncccc2C1=O |c:1|, ClC1=C(NCCN2CCOCC2)C(=O)c2ncccc2C1=O |c:1|, ClC1=C(NCCN2CCOCC2)C(=O)c2ncccc2C1=O |c:1|","BMKPVDQDJQWBPD-UHFFFAOYSA-N, BMKPVDQDJQWBPD-UHFFFAOYSA-N, BMKPVDQDJQWBPD-UHFFFAOYSA-N, BMKPVDQDJQWBPD-UHFFFAOYSA-N, BMKPVDQDJQWBPD-UHFFFAOYSA-N, BMKPVDQDJQWBPD-UHFFFAOYSA-N, BMKPVDQDJQWBPD-UHFFFAOYSA-N",Preclinical
NSC-697923,ubiquitin-conjugating enzyme inhibitor,UBE2N,,,"Tocris, Selleck, Selleck, Tocris, Tocris",92.89,"Cc1ccc(cc1)S(=O)(=O)c1ccc(o1)[N+]([O-])=O, Cc1ccc(cc1)S(=O)(=O)c1ccc(o1)[N+]([O-])=O, Cc1ccc(cc1)S(=O)(=O)c1ccc(o1)[N+]([O-])=O, Cc1ccc(cc1)S(=O)(=O)c1ccc(o1)[N+]([O-])=O, Cc1ccc(cc1)S(=O)(=O)c1ccc(o1)[N+]([O-])=O","GAUHIPWCDXOLCZ-UHFFFAOYSA-N, GAUHIPWCDXOLCZ-UHFFFAOYSA-N, GAUHIPWCDXOLCZ-UHFFFAOYSA-N, GAUHIPWCDXOLCZ-UHFFFAOYSA-N, GAUHIPWCDXOLCZ-UHFFFAOYSA-N",Preclinical
NSC-95397,CDC inhibitor,"CDC25A, CDC25B",,,Tocris,9.25,OCCSC1=C(SCCO)C(=O)c2ccccc2C1=O |c:4|,MAASHDQFQDDECQ-UHFFFAOYSA-N,Preclinical
NSC-9965,acetylcholine receptor antagonist,"CHRNA4, CHRNB2",,,"Enzo, Enzo, Tocris",100,"CO[C@H]1CC=C2CCN3CCC4=C(CC(=O)OC4)[C@]23C1 |t:4,11|, CO[C@H]1CC=C2CCN3CCC4=C(CC(=O)OC4)[C@]23C1 |t:4,11|, CO[C@H]1CC=C2CCN3CCC4=C(CC(=O)OC4)[C@]23C1 |t:4,11|","ALSKYCOJJPXPFS-BBRMVZONSA-N, ALSKYCOJJPXPFS-BBRMVZONSA-N, ALSKYCOJJPXPFS-BBRMVZONSA-N",Preclinical
NSI-189,neurotrophic agent,,,,"MedChemEx, MedChemEx",99.38,"CC(C)CCNc1ncccc1C(=O)N1CCN(Cc2ccccc2)CC1, CC(C)CCNc1ncccc1C(=O)N1CCN(Cc2ccccc2)CC1","DYTOQURYRYYNOR-UHFFFAOYSA-N, DYTOQURYRYYNOR-UHFFFAOYSA-N",Phase 2
NSP-805,phosphodiesterase inhibitor,,,,MedChemEx,91.88,"CC1=C(CCC1=O)Nc1ccc(cc1)C1=C(C)CC(=O)NN1 |c:16,t:1|",VSEWBFSTIMFCDL-UHFFFAOYSA-N,Preclinical
NTNCB,neuropeptide receptor antagonist,NPY5R,,,"Tocris, Tocris, Tocris, Tocris, Tocris",97.68,"[O-][N+](=O)c1ccccc1S(=O)(=O)NC[C@H]1CC[C@H](CNC[C@H]2CCc3ccccc3C2)CC1 |a:14,17,&1:21|, [O-][N+](=O)c1ccccc1S(=O)(=O)NC[C@H]1CC[C@H](CNC[C@H]2CCc3ccccc3C2)CC1 |a:14,17,&1:21|, [O-][N+](=O)c1ccccc1S(=O)(=O)NC[C@H]1CC[C@H](CNC[C@H]2CCc3ccccc3C2)CC1 |a:14,17,&1:21|, [O-][N+](=O)c1ccccc1S(=O)(=O)NC[C@H]1CC[C@H](CNC[C@H]2CCc3ccccc3C2)CC1 |a:14,17,&1:21|, [O-][N+](=O)c1ccccc1S(=O)(=O)NC[C@H]1CC[C@H](CNC[C@H]2CCc3ccccc3C2)CC1 |a:14,17,&1:21|","ISSSVYKMIIAPTH-ACRUOGEOSA-N, ISSSVYKMIIAPTH-ACRUOGEOSA-N, ISSSVYKMIIAPTH-ACRUOGEOSA-N, ISSSVYKMIIAPTH-ACRUOGEOSA-N, ISSSVYKMIIAPTH-ACRUOGEOSA-N",Preclinical
NTRC-824,neurotensin receptor antagonist,NTSR2,,,"Tocris, Tocris",93.63,"CC(C)C[C@H](NC(=O)Cn1cc(C(=O)C(F)(F)F)c2cc(NS(=O)(=O)c3ccc(C)cc3)ccc12)C(O)=O, CC(C)C[C@H](NC(=O)Cn1cc(C(=O)C(F)(F)F)c2cc(NS(=O)(=O)c3ccc(C)cc3)ccc12)C(O)=O","SOOLLEBJNGCDOZ-FQEVSTJZSA-N, SOOLLEBJNGCDOZ-FQEVSTJZSA-N",Preclinical
nTZDpa,PPAR receptor agonist,PPARG,,,"Tocris, Tocris, Tocris",98,"OC(=O)c1c(Sc2ccccc2)c2cc(Cl)ccc2n1Cc1ccc(Cl)cc1, OC(=O)c1c(Sc2ccccc2)c2cc(Cl)ccc2n1Cc1ccc(Cl)cc1, OC(=O)c1c(Sc2ccccc2)c2cc(Cl)ccc2n1Cc1ccc(Cl)cc1","VUPOTURDKDMIGQ-UHFFFAOYSA-N, VUPOTURDKDMIGQ-UHFFFAOYSA-N, VUPOTURDKDMIGQ-UHFFFAOYSA-N",Preclinical
NT157,IGF-1 inhibitor,IGF1R,,,"MedChemEx, MedChemEx",66.42,"Oc1cc(CNC(=S)\C=C\c2cc(O)c(O)c(Br)c2)cc(O)c1O, Oc1cc(CNC(=S)\C=C\c2cc(O)c(O)c(Br)c2)cc(O)c1O","NIPUPOUEGOSAAO-OWOJBTEDSA-N, NIPUPOUEGOSAAO-OWOJBTEDSA-N",Preclinical
NU-1025,PARP inhibitor,PARP1,,,"Tocris, Tocris, Tocris",95.84,"Cc1nc(=O)c2cccc(O)c2[nH]1, Cc1nc(=O)c2cccc(O)c2[nH]1, Cc1nc(=O)c2cccc(O)c2[nH]1","YJDAOHJWLUNFLX-UHFFFAOYSA-N, YJDAOHJWLUNFLX-UHFFFAOYSA-N, YJDAOHJWLUNFLX-UHFFFAOYSA-N",Preclinical
NU-2058,cyclin D inhibitor,"CCNA2, CDK2",,,Tocris,91.61,Nc1nc(OCC2CCCCC2)c2[nH]cnc2n1,MWGXGTJJAOZBNW-UHFFFAOYSA-N,Preclinical
NU-6027,CDK inhibitor,"CCNA2, CDK2",,,"Selleck, Selleck, Selleck",95.4,"Nc1nc(N)c(N=O)c(OCC2CCCCC2)n1, Nc1nc(N)c(N=O)c(OCC2CCCCC2)n1, Nc1nc(N)c(N=O)c(OCC2CCCCC2)n1","DGWXOLHKVGDQLN-UHFFFAOYSA-N, DGWXOLHKVGDQLN-UHFFFAOYSA-N, DGWXOLHKVGDQLN-UHFFFAOYSA-N",Preclinical
NU-7026,"DNA dependent protein kinase inhibitor, mTOR inhibitor, PI3K inhibitor",PRKDC,,,"MedChemEx, MedChemEx, Tocris, Selleck, Selleck",99.72,"O=c1cc(oc2c3ccccc3ccc12)N1CCOCC1, O=c1cc(oc2c3ccccc3ccc12)N1CCOCC1, O=c1cc(oc2c3ccccc3ccc12)N1CCOCC1, O=c1cc(oc2c3ccccc3ccc12)N1CCOCC1, O=c1cc(oc2c3ccccc3ccc12)N1CCOCC1","KKTZALUTXUZPSN-UHFFFAOYSA-N, KKTZALUTXUZPSN-UHFFFAOYSA-N, KKTZALUTXUZPSN-UHFFFAOYSA-N, KKTZALUTXUZPSN-UHFFFAOYSA-N, KKTZALUTXUZPSN-UHFFFAOYSA-N",Preclinical
NU-7441,DNA dependent protein kinase inhibitor,PRKDC,,,"Selleck, Selleck, Selleck, Selleck, Selleck, Selleck, Selleck, Focus",98.93,"O=c1cc(oc2c(cccc12)-c1cccc2c3ccccc3sc12)N1CCOCC1, O=c1cc(oc2c(cccc12)-c1cccc2c3ccccc3sc12)N1CCOCC1, O=c1cc(oc2c(cccc12)-c1cccc2c3ccccc3sc12)N1CCOCC1, O=c1cc(oc2c(cccc12)-c1cccc2c3ccccc3sc12)N1CCOCC1, O=c1cc(oc2c(cccc12)-c1cccc2c3ccccc3sc12)N1CCOCC1, O=c1cc(oc2c(cccc12)-c1cccc2c3ccccc3sc12)N1CCOCC1, O=c1cc(oc2c(cccc12)-c1cccc2c3ccccc3sc12)N1CCOCC1, O=c1cc(oc2c(cccc12)-c1cccc2c3ccccc3sc12)N1CCOCC1","JAMULYFATHSZJM-UHFFFAOYSA-N, JAMULYFATHSZJM-UHFFFAOYSA-N, JAMULYFATHSZJM-UHFFFAOYSA-N, JAMULYFATHSZJM-UHFFFAOYSA-N, JAMULYFATHSZJM-UHFFFAOYSA-N, JAMULYFATHSZJM-UHFFFAOYSA-N, JAMULYFATHSZJM-UHFFFAOYSA-N, InChI=1S/C25H19NO3S/c27-21-15-23(26-11-13-28-14-12-26)29-24-17(6-3-9-20(21)24)19-8-4-7-18-16-5-1-2-10-22(16)30-25(18)19/h1-10,15H,11-14H2",Preclinical
nuclomedone,immunosuppressant,,,,InterBioScreen,93.86,"Clc1ccc(C[C@H]2C(=O)N=C3SCCN3C2=O)cc1 |r,t:9|",QSKVYHYMQQQAFS-JTQLQIEISA-N,Phase 3
nutlin-3,MDM inhibitor,"MDM2, TP53",,,Tocris,95.27,"COc1ccc(C2=N[C@H]([C@H](N2C(=O)N2CCNC(=O)C2)c2ccc(Cl)cc2)c2ccc(Cl)cc2)c(OC(C)C)c1 |&1:8,9,r,t:6|",BDUHCSBCVGXTJM-WUFINQPMSA-N,Preclinical
nuvenzepine,acetylcholine receptor antagonist,,,,MedChemEx,98.12,CN1CCC(CC1)C(=O)N1c2ccccc2NC(=O)c2cccnc12,HPKYRXAEGNUARA-UHFFFAOYSA-N,Preclinical
NVP-ADW742,insulin growth factor receptor inhibitor,IGF1R,,,"Tocris, Tocris, Selleck, Selleck, Selleck, Selleck, Selleck, Selleck, Selleck",96.14,"Nc1ncnc2n(cc(-c3cccc(OCc4ccccc4)c3)c12)[C@H]1C[C@H](CN2CCCC2)C1 |r|, Nc1ncnc2n(cc(-c3cccc(OCc4ccccc4)c3)c12)[C@H]1C[C@H](CN2CCCC2)C1 |r|, Nc1ncnc2n(cc(-c3cccc(OCc4ccccc4)c3)c12)[C@H]1C[C@H](CN2CCCC2)C1 |r|, Nc1ncnc2n(cc(-c3cccc(OCc4ccccc4)c3)c12)[C@H]1C[C@H](CN2CCCC2)C1 |r|, Nc1ncnc2n(cc(-c3cccc(OCc4ccccc4)c3)c12)[C@H]1C[C@H](CN2CCCC2)C1 |r|, Nc1ncnc2n(cc(-c3cccc(OCc4ccccc4)c3)c12)[C@H]1C[C@H](CN2CCCC2)C1 |r|, Nc1ncnc2n(cc(-c3cccc(OCc4ccccc4)c3)c12)[C@H]1C[C@H](CN2CCCC2)C1 |r|, Nc1ncnc2n(cc(-c3cccc(OCc4ccccc4)c3)c12)[C@H]1C[C@H](CN2CCCC2)C1 |r|, Nc1ncnc2n(cc(-c3cccc(OCc4ccccc4)c3)c12)[C@H]1C[C@H](CN2CCCC2)C1 |r|","LSFLAQVDISHMNB-AFARHQOCSA-N, LSFLAQVDISHMNB-AFARHQOCSA-N, LSFLAQVDISHMNB-AFARHQOCSA-N, LSFLAQVDISHMNB-AFARHQOCSA-N, LSFLAQVDISHMNB-AFARHQOCSA-N, LSFLAQVDISHMNB-AFARHQOCSA-N, LSFLAQVDISHMNB-AFARHQOCSA-N, LSFLAQVDISHMNB-AFARHQOCSA-N, LSFLAQVDISHMNB-AFARHQOCSA-N",Preclinical
NVP-AEW541,IGF-1 inhibitor,"IGF1R, INSR",,,"MedChemEx, Selleck, Selleck, Selleck, Selleck",96.92,"Nc1ncnc2n(cc(-c3cccc(OCc4ccccc4)c3)c12)[C@@H]1C[C@H](CN2CCC2)C1 |r|, Nc1ncnc2n(cc(-c3cccc(OCc4ccccc4)c3)c12)[C@@H]1C[C@H](CN2CCC2)C1 |r|, Nc1ncnc2n(cc(-c3cccc(OCc4ccccc4)c3)c12)[C@@H]1C[C@H](CN2CCC2)C1 |r|, Nc1ncnc2n(cc(-c3cccc(OCc4ccccc4)c3)c12)[C@@H]1C[C@H](CN2CCC2)C1 |r|, Nc1ncnc2n(cc(-c3cccc(OCc4ccccc4)c3)c12)[C@@H]1C[C@H](CN2CCC2)C1 |r|","AECDBHGVIIRMOI-GRGXKFILSA-N, AECDBHGVIIRMOI-GRGXKFILSA-N, AECDBHGVIIRMOI-GRGXKFILSA-N, AECDBHGVIIRMOI-GRGXKFILSA-N, AECDBHGVIIRMOI-GRGXKFILSA-N",Preclinical
NVP-AUY922,HSP inhibitor,"HSP90AA1, HSP90AB1",,,"MedChemEx, MedChemEx, MedChemEx, MedChemEx, MedChemEx, MedChemEx, Selleck, Selleck, Selleck, Selleck, Selleck",97.82,"CCNC(=O)c1noc(c1-c1ccc(CN2CCOCC2)cc1)-c1cc(C(C)C)c(O)cc1O, CCNC(=O)c1noc(c1-c1ccc(CN2CCOCC2)cc1)-c1cc(C(C)C)c(O)cc1O, CCNC(=O)c1noc(c1-c1ccc(CN2CCOCC2)cc1)-c1cc(C(C)C)c(O)cc1O, CCNC(=O)c1noc(c1-c1ccc(CN2CCOCC2)cc1)-c1cc(C(C)C)c(O)cc1O, CCNC(=O)c1noc(c1-c1ccc(CN2CCOCC2)cc1)-c1cc(C(C)C)c(O)cc1O, CCNC(=O)c1noc(c1-c1ccc(CN2CCOCC2)cc1)-c1cc(C(C)C)c(O)cc1O, CCNC(=O)c1noc(c1-c1ccc(CN2CCOCC2)cc1)-c1cc(C(C)C)c(O)cc1O, CCNC(=O)c1noc(c1-c1ccc(CN2CCOCC2)cc1)-c1cc(C(C)C)c(O)cc1O, CCNC(=O)c1noc(c1-c1ccc(CN2CCOCC2)cc1)-c1cc(C(C)C)c(O)cc1O, CCNC(=O)c1noc(c1-c1ccc(CN2CCOCC2)cc1)-c1cc(C(C)C)c(O)cc1O, CCNC(=O)c1noc(c1-c1ccc(CN2CCOCC2)cc1)-c1cc(C(C)C)c(O)cc1O","NDAZATDQFDPQBD-UHFFFAOYSA-N, NDAZATDQFDPQBD-UHFFFAOYSA-N, NDAZATDQFDPQBD-UHFFFAOYSA-N, NDAZATDQFDPQBD-UHFFFAOYSA-N, NDAZATDQFDPQBD-UHFFFAOYSA-N, NDAZATDQFDPQBD-UHFFFAOYSA-N, NDAZATDQFDPQBD-UHFFFAOYSA-N, NDAZATDQFDPQBD-UHFFFAOYSA-N, NDAZATDQFDPQBD-UHFFFAOYSA-N, NDAZATDQFDPQBD-UHFFFAOYSA-N, NDAZATDQFDPQBD-UHFFFAOYSA-N",Phase 2
NVP-BEZ235,"mTOR inhibitor, PI3K inhibitor","ATR, MTOR, PIK3CA, PIK3CD, PIK3CG",,,"Selleck, Selleck, Selleck, Selleck",98.67,"Cn1c2cnc3ccc(cc3c2n(-c2ccc(cc2)C(C)(C)C#N)c1=O)-c1cnc2ccccc2c1, Cn1c2cnc3ccc(cc3c2n(-c2ccc(cc2)C(C)(C)C#N)c1=O)-c1cnc2ccccc2c1, Cn1c2cnc3ccc(cc3c2n(-c2ccc(cc2)C(C)(C)C#N)c1=O)-c1cnc2ccccc2c1, Cn1c2cnc3ccc(cc3c2n(-c2ccc(cc2)C(C)(C)C#N)c1=O)-c1cnc2ccccc2c1","JOGKUKXHTYWRGZ-UHFFFAOYSA-N, JOGKUKXHTYWRGZ-UHFFFAOYSA-N, JOGKUKXHTYWRGZ-UHFFFAOYSA-N, JOGKUKXHTYWRGZ-UHFFFAOYSA-N",Phase 3
NVP-BGJ398,FGFR inhibitor,"FGFR1, FGFR2, FGFR3, FGFR4, KDR",,,"LCLabs, LCLabs, MedChemEx, Selleck, MedChemEx, Selleck",89.82,"CCN1CCN(CC1)c1ccc(Nc2cc(ncn2)N(C)C(=O)Nc2c(Cl)c(OC)cc(OC)c2Cl)cc1, CCN1CCN(CC1)c1ccc(Nc2cc(ncn2)N(C)C(=O)Nc2c(Cl)c(OC)cc(OC)c2Cl)cc1, CCN1CCN(CC1)c1ccc(Nc2cc(ncn2)N(C)C(=O)Nc2c(Cl)c(OC)cc(OC)c2Cl)cc1, CCN1CCN(CC1)c1ccc(Nc2cc(ncn2)N(C)C(=O)Nc2c(Cl)c(OC)cc(OC)c2Cl)cc1, CCN1CCN(CC1)c1ccc(Nc2cc(ncn2)N(C)C(=O)Nc2c(Cl)c(OC)cc(OC)c2Cl)cc1, CCN1CCN(CC1)c1ccc(Nc2cc(ncn2)N(C)C(=O)Nc2c(Cl)c(OC)cc(OC)c2Cl)cc1","QADPYRIHXKWUSV-UHFFFAOYSA-N, QADPYRIHXKWUSV-UHFFFAOYSA-N, QADPYRIHXKWUSV-UHFFFAOYSA-N, QADPYRIHXKWUSV-UHFFFAOYSA-N, QADPYRIHXKWUSV-UHFFFAOYSA-N, QADPYRIHXKWUSV-UHFFFAOYSA-N",Phase 3
NVP-BHG712,ephrin inhibitor,EPHB4,,,"MedChemEx, Selleck, Selleck, Selleck",98.2,"Cc1ccc(cc1Nc1nc(nc2n(C)ncc12)-c1cccnc1)C(=O)Nc1cccc(c1)C(F)(F)F, Cc1ccc(cc1Nc1nc(nc2n(C)ncc12)-c1cccnc1)C(=O)Nc1cccc(c1)C(F)(F)F, Cc1ccc(cc1Nc1nc(nc2n(C)ncc12)-c1cccnc1)C(=O)Nc1cccc(c1)C(F)(F)F, Cc1ccc(cc1Nc1nc(nc2n(C)ncc12)-c1cccnc1)C(=O)Nc1cccc(c1)C(F)(F)F","ZCCPLJOKGAACRT-UHFFFAOYSA-N, ZCCPLJOKGAACRT-UHFFFAOYSA-N, ZCCPLJOKGAACRT-UHFFFAOYSA-N, ZCCPLJOKGAACRT-UHFFFAOYSA-N",Preclinical
NVP-BSK805,JAK inhibitor,JAK2,,,"Selleck, Selleck, Selleck, Selleck, Selleck, Selleck",92.69,"Fc1cc(cc(F)c1CN1CCOCC1)-c1cccc2ncc(nc12)-c1cnn(c1)C1CCNCC1, Fc1cc(cc(F)c1CN1CCOCC1)-c1cccc2ncc(nc12)-c1cnn(c1)C1CCNCC1, Fc1cc(cc(F)c1CN1CCOCC1)-c1cccc2ncc(nc12)-c1cnn(c1)C1CCNCC1, Fc1cc(cc(F)c1CN1CCOCC1)-c1cccc2ncc(nc12)-c1cnn(c1)C1CCNCC1, Fc1cc(cc(F)c1CN1CCOCC1)-c1cccc2ncc(nc12)-c1cnn(c1)C1CCNCC1, Fc1cc(cc(F)c1CN1CCOCC1)-c1cccc2ncc(nc12)-c1cnn(c1)C1CCNCC1","IBPVXAOOVUAOKJ-UHFFFAOYSA-N, IBPVXAOOVUAOKJ-UHFFFAOYSA-N, IBPVXAOOVUAOKJ-UHFFFAOYSA-N, IBPVXAOOVUAOKJ-UHFFFAOYSA-N, IBPVXAOOVUAOKJ-UHFFFAOYSA-N, IBPVXAOOVUAOKJ-UHFFFAOYSA-N",Preclinical
NVP-BVU972,MET inhibitor,MET,,,"Selleck, MedChemEx",98.35,"Cn1cc(cn1)-c1ccc2ncc(Cc3ccc4ncccc4c3)n2n1, Cn1cc(cn1)-c1ccc2ncc(Cc3ccc4ncccc4c3)n2n1","RNCNPRCUHHDYPC-UHFFFAOYSA-N, RNCNPRCUHHDYPC-UHFFFAOYSA-N",Preclinical
NVP-DPP728,dipeptidyl peptidase inhibitor,DPP4,,,"Tocris, Tocris, Tocris, Tocris, Tocris, Tocris",92.57,"O=C(CNCCNc1ccc(cn1)C#N)N1CCC[C@H]1C#N, O=C(CNCCNc1ccc(cn1)C#N)N1CCC[C@H]1C#N, O=C(CNCCNc1ccc(cn1)C#N)N1CCC[C@H]1C#N, O=C(CNCCNc1ccc(cn1)C#N)N1CCC[C@H]1C#N, O=C(CNCCNc1ccc(cn1)C#N)N1CCC[C@H]1C#N, O=C(CNCCNc1ccc(cn1)C#N)N1CCC[C@H]1C#N","VFFZWMWTUSXDCB-ZDUSSCGKSA-N, VFFZWMWTUSXDCB-ZDUSSCGKSA-N, VFFZWMWTUSXDCB-ZDUSSCGKSA-N, VFFZWMWTUSXDCB-ZDUSSCGKSA-N, VFFZWMWTUSXDCB-ZDUSSCGKSA-N, VFFZWMWTUSXDCB-ZDUSSCGKSA-N",Phase 2
NVP-HSP990,HSP inhibitor,"HSP90AA1, HSP90AB1",,,"MedChemEx, MedChemEx, MedChemEx, MedChemEx",95.72,"COc1cccc(n1)-c1cc(F)ccc1[C@H]1Cc2nc(N)nc(C)c2C(=O)N1, COc1cccc(n1)-c1cc(F)ccc1[C@H]1Cc2nc(N)nc(C)c2C(=O)N1, COc1cccc(n1)-c1cc(F)ccc1[C@H]1Cc2nc(N)nc(C)c2C(=O)N1, COc1cccc(n1)-c1cc(F)ccc1[C@H]1Cc2nc(N)nc(C)c2C(=O)N1","WSMQUUGTQYPVPD-OAHLLOKOSA-N, WSMQUUGTQYPVPD-OAHLLOKOSA-N, WSMQUUGTQYPVPD-OAHLLOKOSA-N, WSMQUUGTQYPVPD-OAHLLOKOSA-N",Phase 1
NVP-TAE226,protein tyrosine kinase inhibitor,PTK2,,,"Selleck, Selleck, Selleck, Selleck, Selleck, Selleck",95.2,"CNC(=O)c1ccccc1Nc1nc(Nc2ccc(cc2OC)N2CCOCC2)ncc1Cl, CNC(=O)c1ccccc1Nc1nc(Nc2ccc(cc2OC)N2CCOCC2)ncc1Cl, CNC(=O)c1ccccc1Nc1nc(Nc2ccc(cc2OC)N2CCOCC2)ncc1Cl, CNC(=O)c1ccccc1Nc1nc(Nc2ccc(cc2OC)N2CCOCC2)ncc1Cl, CNC(=O)c1ccccc1Nc1nc(Nc2ccc(cc2OC)N2CCOCC2)ncc1Cl, CNC(=O)c1ccccc1Nc1nc(Nc2ccc(cc2OC)N2CCOCC2)ncc1Cl","UYJNQQDJUOUFQJ-UHFFFAOYSA-N, UYJNQQDJUOUFQJ-UHFFFAOYSA-N, UYJNQQDJUOUFQJ-UHFFFAOYSA-N, UYJNQQDJUOUFQJ-UHFFFAOYSA-N, UYJNQQDJUOUFQJ-UHFFFAOYSA-N, UYJNQQDJUOUFQJ-UHFFFAOYSA-N",Preclinical
NVP-TAE684,ALK tyrosine kinase receptor inhibitor,"ALK, INSR",,,"Selleck, Selleck, Selleck, Selleck",96.23,"COc1cc(ccc1Nc1ncc(Cl)c(Nc2ccccc2S(=O)(=O)C(C)C)n1)N1CCC(CC1)N1CCN(C)CC1, COc1cc(ccc1Nc1ncc(Cl)c(Nc2ccccc2S(=O)(=O)C(C)C)n1)N1CCC(CC1)N1CCN(C)CC1, COc1cc(ccc1Nc1ncc(Cl)c(Nc2ccccc2S(=O)(=O)C(C)C)n1)N1CCC(CC1)N1CCN(C)CC1, COc1cc(ccc1Nc1ncc(Cl)c(Nc2ccccc2S(=O)(=O)C(C)C)n1)N1CCC(CC1)N1CCN(C)CC1","QQWUGDVOUVUTOY-UHFFFAOYSA-N, QQWUGDVOUVUTOY-UHFFFAOYSA-N, QQWUGDVOUVUTOY-UHFFFAOYSA-N, QQWUGDVOUVUTOY-UHFFFAOYSA-N",Preclinical
NVP-TNKS656,tankyrase inhibitor,TNKS2,,,MedChemEx,93.82,COc1ccc(cc1)C(=O)C1CCN(CC(=O)N(CC2CC2)Cc2nc(=O)c3COCCc3[nH]2)CC1,DYGBNAYFDZEYBA-UHFFFAOYSA-N,Preclinical
NVP-231,ceramidase inhibitor,CERK,,,"Tocris, MedChemEx, MedChemEx, MedChemEx",97.09,"O=C(Nc1nc2ccc(NC(=O)C34CC5CC(CC(C5)C3)C4)cc2s1)c1ccccc1, O=C(Nc1nc2ccc(NC(=O)C34CC5CC(CC(C5)C3)C4)cc2s1)c1ccccc1, O=C(Nc1nc2ccc(NC(=O)C34CC5CC(CC(C5)C3)C4)cc2s1)c1ccccc1, O=C(Nc1nc2ccc(NC(=O)C34CC5CC(CC(C5)C3)C4)cc2s1)c1ccccc1","MVSSJPGNLQPWSW-UHFFFAOYSA-N, MVSSJPGNLQPWSW-UHFFFAOYSA-N, MVSSJPGNLQPWSW-UHFFFAOYSA-N, MVSSJPGNLQPWSW-UHFFFAOYSA-N",Preclinical
NVS-PAK1-1,p21 activated kinase inhibitor,PAK1,,,"MedChemEx, MedChemEx",99.3,"CC(C)NC(=O)N1CC[C@@H](C1)NC1=Nc2cc(F)ccc2N(CC(F)F)c2ccc(Cl)cc12 |t:13|, CC(C)NC(=O)N1CC[C@@H](C1)NC1=Nc2cc(F)ccc2N(CC(F)F)c2ccc(Cl)cc12 |t:13|","OINGHOPGNMYCAB-INIZCTEOSA-N, OINGHOPGNMYCAB-INIZCTEOSA-N",Preclinical
NXY-059,free radical scavenger,,,,"MedChemEx, Selleck, Tocris",91.94,"CC(C)(C)[N+](\[O-])=C\c1ccc(cc1S(O)(=O)=O)S(O)(=O)=O, CC(C)(C)[N+](\[O-])=C\c1ccc(cc1S(O)(=O)=O)S(O)(=O)=O, CC(C)(C)[N+](\[O-])=C\c1ccc(cc1S(O)(=O)=O)S(O)(=O)=O","OVTCHWSLKGENKP-GHXNOFRVSA-N, OVTCHWSLKGENKP-GHXNOFRVSA-N, OVTCHWSLKGENKP-GHXNOFRVSA-N",Phase 3
nystatin,fungal ergosterol inhibitor,,infectious disease,"esophageal candidiasis, skin infections, yeast infection","Sigma, MedChemEx, MedChemEx",75.39,"C[C@H]1O[C@@H](O[C@@H]2C[C@@H]3O[C@@](O)(C[C@H](O)[C@H]3C(O)=O)C[C@@H](O)[C@H](O)CC[C@@H](O)C[C@@H](O)C[C@@H](O)CC(=O)O[C@@H](C)[C@H](C)[C@H](O)[C@@H](C)\C=C\C=C\CC\C=C\C=C\C=C\C=C\2)[C@@H](O)[C@@H](N)[C@@H]1O |t:46,48,52,54,56,58|, C[C@H]1O[C@@H](O[C@@H]2C[C@@H]3O[C@@](O)(C[C@H](O)[C@H]3C(O)=O)C[C@@H](O)[C@H](O)CC[C@@H](O)C[C@@H](O)C[C@@H](O)CC(=O)O[C@@H](C)[C@H](C)[C@H](O)[C@@H](C)\C=C\C=C\CC\C=C\C=C\C=C\C=C\2)[C@@H](O)[C@@H](N)[C@@H]1O |t:46,48,52,54,56,58|, C[C@H]1O[C@@H](O[C@@H]2C[C@@H]3O[C@@](O)(C[C@H](O)[C@H]3C(O)=O)C[C@@H](O)[C@H](O)CC[C@@H](O)C[C@@H](O)C[C@@H](O)CC(=O)O[C@@H](C)[C@H](C)[C@H](O)[C@@H](C)\C=C\C=C\CC\C=C\C=C\C=C\C=C\2)[C@@H](O)[C@@H](N)[C@@H]1O |t:46,48,52,54,56,58|","VQOXZBDYSJBXMA-MSHYPYPPSA-N, VQOXZBDYSJBXMA-MSHYPYPPSA-N, VQOXZBDYSJBXMA-MSHYPYPPSA-N",Launched
N20C,glutamate receptor antagonist,,,,"Tocris, Tocris",95.35,"NC(=O)CNCCC(c1ccccc1)c1ccccc1, NC(=O)CNCCC(c1ccccc1)c1ccccc1","BYGXICRJQZKUPA-UHFFFAOYSA-N, BYGXICRJQZKUPA-UHFFFAOYSA-N",Preclinical
N6-cyclopentyladenosine,adenosine receptor agonist,"ADORA1, ADORA2A, ADORA2B, ADORA3, SLC29A1",,,"Tocris, Tocris",97.75,"OC[C@H]1O[C@H]([C@H](O)[C@@H]1O)n1cnc2c(NC3CCCC3)ncnc12, OC[C@H]1O[C@H]([C@H](O)[C@@H]1O)n1cnc2c(NC3CCCC3)ncnc12","SQMWSBKSHWARHU-SDBHATRESA-N, SQMWSBKSHWARHU-SDBHATRESA-N",Preclinical
N6-methyladenosine,,,,,"MedChemEx, Selleck",97.73,"CNc1ncnc2n(cnc12)[C@@H]1O[C@H](CO)[C@@H](O)[C@H]1O, CNc1ncnc2n(cnc12)[C@@H]1O[C@H](CO)[C@@H](O)[C@H]1O","VQAYFKKCNSOZKM-IOSLPCCCSA-N, VQAYFKKCNSOZKM-IOSLPCCCSA-N",Preclinical
N6022,alcohol dehydrogenase inhibitor,ADH5,,,"MedChemEx, MedChemEx, MedChemEx, MedChemEx, MedChemEx, MedChemEx",98.67,"Cc1cc(ccc1-n1c(CCC(O)=O)ccc1-c1ccc(cc1)-n1ccnc1)C(N)=O, Cc1cc(ccc1-n1c(CCC(O)=O)ccc1-c1ccc(cc1)-n1ccnc1)C(N)=O, Cc1cc(ccc1-n1c(CCC(O)=O)ccc1-c1ccc(cc1)-n1ccnc1)C(N)=O, Cc1cc(ccc1-n1c(CCC(O)=O)ccc1-c1ccc(cc1)-n1ccnc1)C(N)=O, Cc1cc(ccc1-n1c(CCC(O)=O)ccc1-c1ccc(cc1)-n1ccnc1)C(N)=O, Cc1cc(ccc1-n1c(CCC(O)=O)ccc1-c1ccc(cc1)-n1ccnc1)C(N)=O","YVPGZQLRPAGKLA-UHFFFAOYSA-N, YVPGZQLRPAGKLA-UHFFFAOYSA-N, YVPGZQLRPAGKLA-UHFFFAOYSA-N, YVPGZQLRPAGKLA-UHFFFAOYSA-N, YVPGZQLRPAGKLA-UHFFFAOYSA-N, YVPGZQLRPAGKLA-UHFFFAOYSA-N",Phase 1/Phase 2
O-acetyl-L-serine,,PTGS1,,,Astatech,96.8,CC(=O)OC[C@H](N)C(O)=O,VZXPDPZARILFQX-BYPYZUCNSA-N,Preclinical
o-mercapto-benzoic-acid,,,,,Enamine,97.04,OC(=O)c1ccccc1S,NBOMNTLFRHMDEZ-UHFFFAOYSA-N,Preclinical
O-1918,cannabinoid receptor antagonist,,,,"Tocris, Tocris, Tocris, Tocris, Tocris",97.55,"COc1cc(C)cc(OC)c1[C@@H]1C=C(C)CC[C@H]1C(C)=C |t:13|, COc1cc(C)cc(OC)c1[C@@H]1C=C(C)CC[C@H]1C(C)=C |t:13|, COc1cc(C)cc(OC)c1[C@@H]1C=C(C)CC[C@H]1C(C)=C |t:13|, COc1cc(C)cc(OC)c1[C@@H]1C=C(C)CC[C@H]1C(C)=C |t:13|, COc1cc(C)cc(OC)c1[C@@H]1C=C(C)CC[C@H]1C(C)=C |t:13|","ICHJMVMWPKLUKT-JKSUJKDBSA-N, ICHJMVMWPKLUKT-JKSUJKDBSA-N, ICHJMVMWPKLUKT-JKSUJKDBSA-N, ICHJMVMWPKLUKT-JKSUJKDBSA-N, ICHJMVMWPKLUKT-JKSUJKDBSA-N",Preclinical
o-3M3FBS,phospholipase activator,,,,"Tocris, Tocris, Tocris",98.98,"Cc1cc(C)c(c(C)c1)S(=O)(=O)Nc1ccccc1C(F)(F)F, Cc1cc(C)c(c(C)c1)S(=O)(=O)Nc1ccccc1C(F)(F)F, Cc1cc(C)c(c(C)c1)S(=O)(=O)Nc1ccccc1C(F)(F)F","SKJJIFRWCCSXGL-UHFFFAOYSA-N, SKJJIFRWCCSXGL-UHFFFAOYSA-N, SKJJIFRWCCSXGL-UHFFFAOYSA-N",Preclinical
O-304,AMPK activator,,,,MedChemEx,95.47,Clc1ccc(Cn2sc(NC(=O)c3ccc(Cl)cc3)nc2=O)cc1,WEDWLYRQKUTOAX-UHFFFAOYSA-N,Preclinical
OAC1,Oct activator,,,,"Tocris, Tocris, Selleck",94.83,"O=C(Nc1cc2cc[nH]c2cn1)c1ccccc1, O=C(Nc1cc2cc[nH]c2cn1)c1ccccc1, O=C(Nc1cc2cc[nH]c2cn1)c1ccccc1","HWJRIFZDXJKJJN-UHFFFAOYSA-N, HWJRIFZDXJKJJN-UHFFFAOYSA-N, HWJRIFZDXJKJJN-UHFFFAOYSA-N",Preclinical
OAC2,Oct activator,POU5F1,,,"MedChemEx, MedChemEx",97.66,"O=C(Nc1ccc2[nH]ccc2c1)c1ccccc1, O=C(Nc1ccc2[nH]ccc2c1)c1ccccc1","JCAFGYWSIWYMOX-UHFFFAOYSA-N, JCAFGYWSIWYMOX-UHFFFAOYSA-N",Preclinical
obatoclax,BCL inhibitor,BCL2,,,"Selleck, Selleck, Selleck, Selleck, Selleck, Selleck, Selleck, Selleck, Selleck, Selleck, Selleck",96.5,"COC1=CC(=N\C1=C/c1[nH]c(C)cc1C)c1cc2ccccc2[nH]1 |c:4,t:2|, COC1=CC(=N\C1=C/c1[nH]c(C)cc1C)c1cc2ccccc2[nH]1 |c:4,t:2|, COC1=CC(=N\C1=C/c1[nH]c(C)cc1C)c1cc2ccccc2[nH]1 |c:4,t:2|, COC1=CC(=N\C1=C/c1[nH]c(C)cc1C)c1cc2ccccc2[nH]1 |c:4,t:2|, COC1=CC(=N\C1=C/c1[nH]c(C)cc1C)c1cc2ccccc2[nH]1 |c:4,t:2|, COC1=CC(=N\C1=C/c1[nH]c(C)cc1C)c1cc2ccccc2[nH]1 |c:4,t:2|, COC1=CC(=N\C1=C/c1[nH]c(C)cc1C)c1cc2ccccc2[nH]1 |c:4,t:2|, COC1=CC(=N\C1=C/c1[nH]c(C)cc1C)c1cc2ccccc2[nH]1 |c:4,t:2|, COC1=CC(=N\C1=C/c1[nH]c(C)cc1C)c1cc2ccccc2[nH]1 |c:4,t:2|, COC1=CC(=N\C1=C/c1[nH]c(C)cc1C)c1cc2ccccc2[nH]1 |c:4,t:2|, COC1=CC(=N\C1=C/c1[nH]c(C)cc1C)c1cc2ccccc2[nH]1 |c:4,t:2|","RFTSSZJZXOSICM-GRSHGNNSSA-N, RFTSSZJZXOSICM-GRSHGNNSSA-N, RFTSSZJZXOSICM-GRSHGNNSSA-N, RFTSSZJZXOSICM-GRSHGNNSSA-N, RFTSSZJZXOSICM-GRSHGNNSSA-N, RFTSSZJZXOSICM-GRSHGNNSSA-N, RFTSSZJZXOSICM-GRSHGNNSSA-N, RFTSSZJZXOSICM-GRSHGNNSSA-N, RFTSSZJZXOSICM-GRSHGNNSSA-N, RFTSSZJZXOSICM-GRSHGNNSSA-N, RFTSSZJZXOSICM-GRSHGNNSSA-N",Phase 3
obeticholic-acid,FXR agonist,NR1H4,gastroenterology,primary biliary cholangitis,Selleck,67.62,"CC[C@H]1[C@@H](O)[C@H]2[C@H]3CC[C@@H]([C@@H](C)CCC(O)=O)[C@@]3(C)CC[C@@H]2[C@@]2(C)CC[C@@H](O)C[C@@H]12 |&1:2,&2:3,&3:5,&4:6,&5:9,&6:10,&7:17,&8:21,&9:22,&10:26,&11:29,r|",ZXERDUOLZKYMJM-XNNZWSTBSA-N,Launched
obidoxime,cholinesterase reactivator,ACHE,"critical care, neurology/psychiatry","poison antidote, nerve gas poisoning","Vitas-M, Vitas-M",100,"O\N=C\c1cc[n+](COC[n+]2ccc(\C=N\O)cc2)cc1, O\N=C\c1cc[n+](COC[n+]2ccc(\C=N\O)cc2)cc1","HIGRLDNHDGYWQJ-UHFFFAOYSA-P, HIGRLDNHDGYWQJ-UHFFFAOYSA-P",Launched
ocaperidone,serotonin receptor antagonist,,,,MedChemEx,95.09,Cc1cccn2c1nc(C)c(CCN1CCC(CC1)c1noc3cc(F)ccc13)c2=O,ZZQNEJILGNNOEP-UHFFFAOYSA-N,Preclinical
ochromycinone,STAT inhibitor,STAT3,,,AnalytiCon,0,C[C@@H]1CC(=O)c2c(C1)ccc1C(=O)c3c(O)cccc3C(=O)c21,ZAWXOCUFQSQDJS-VIFPVBQESA-N,Phase 1
ocinaplon,GABA receptor modulator,"GABRA1, GABRA2, GABRA3, GABRA5",,,Tocris,99.66,O=C(c1cnn2c(ccnc12)-c1ccncc1)c1ccccn1,OQJFBUOFGHPMSR-UHFFFAOYSA-N,Phase 3
OCO-1112,cholesterol inhibitor,,,,"Enamine, Enamine, Enamine, Enamine, Enamine",98.74,"CC(C)c1ccc(cc1)C(=O)NCCOc1ccc(cc1)C(O)=O, CC(C)c1ccc(cc1)C(=O)NCCOc1ccc(cc1)C(O)=O, CC(C)c1ccc(cc1)C(=O)NCCOc1ccc(cc1)C(O)=O, CC(C)c1ccc(cc1)C(=O)NCCOc1ccc(cc1)C(O)=O, CC(C)c1ccc(cc1)C(=O)NCCOc1ccc(cc1)C(O)=O","ODLDHXPJRGNTPC-UHFFFAOYSA-N, ODLDHXPJRGNTPC-UHFFFAOYSA-N, ODLDHXPJRGNTPC-UHFFFAOYSA-N, ODLDHXPJRGNTPC-UHFFFAOYSA-N, ODLDHXPJRGNTPC-UHFFFAOYSA-N",Phase 2
octadecan-1-ol,,,,,Ark,0,CCCCCCCCCCCCCCCCCCO,GLDOVTGHNKAZLK-UHFFFAOYSA-N,Preclinical
octamethyltrisiloxane,,,,,Sigma,0,C[Si](C)(C)O[Si](C)(C)O[Si](C)(C)C,CXQXSVUQTKDNFP-UHFFFAOYSA-N,Preclinical
octenidine,membrane integrity inhibitor,,infectious disease,"gram-negative bacterial infections, gram-positive bacterial infections","TCI, TCI, TCI, TCI, TCI, TCI, TCI, TCI",99.2,"CCCCCCCCN=c1ccn(CCCCCCCCCCn2ccc(cc2)=NCCCCCCCC)cc1, CCCCCCCCN=c1ccn(CCCCCCCCCCn2ccc(cc2)=NCCCCCCCC)cc1, CCCCCCCCN=c1ccn(CCCCCCCCCCn2ccc(cc2)=NCCCCCCCC)cc1, CCCCCCCCN=c1ccn(CCCCCCCCCCn2ccc(cc2)=NCCCCCCCC)cc1, CCCCCCCCN=c1ccn(CCCCCCCCCCn2ccc(cc2)=NCCCCCCCC)cc1, CCCCCCCCN=c1ccn(CCCCCCCCCCn2ccc(cc2)=NCCCCCCCC)cc1, CCCCCCCCN=c1ccn(CCCCCCCCCCn2ccc(cc2)=NCCCCCCCC)cc1, CCCCCCCCN=c1ccn(CCCCCCCCCCn2ccc(cc2)=NCCCCCCCC)cc1","ZVXNYZWXUADSRV-UHFFFAOYSA-N, ZVXNYZWXUADSRV-UHFFFAOYSA-N, ZVXNYZWXUADSRV-UHFFFAOYSA-N, ZVXNYZWXUADSRV-UHFFFAOYSA-N, ZVXNYZWXUADSRV-UHFFFAOYSA-N, ZVXNYZWXUADSRV-UHFFFAOYSA-N, ZVXNYZWXUADSRV-UHFFFAOYSA-N, ZVXNYZWXUADSRV-UHFFFAOYSA-N",Launched
octinoxate,,,dermatology,sunscreen lotion,MedChemEx,97.22,CCCC[C@@H](CC)COC(=O)\C=C\c1ccc(OC)cc1 |&1:4|,YBGZDTIWKVFICR-NRMKIYEFSA-N,Launched
octisalate,,,dermatology,sunscreen lotion,MedChemEx,98.14,CCCC[C@@H](CC)COC(=O)c1ccccc1O |&1:4|,FMRHJJZUHUTGKE-GFCCVEGCSA-N,Launched
octocrylene,,,dermatology,sunscreen lotion,MedChemEx,96.3,CCCC[C@@H](CC)COC(=O)C(C#N)=C(c1ccccc1)c1ccccc1 |&1:4|,FMJSMJQBSVNSBF-LJQANCHMSA-N,Launched
octodrine,antitumor agent,,,,"MicroSource, MedChemEx",100,"CC(C)CCC[C@@H](C)N |&1:6,r|, CC(C)CCC[C@@H](C)N |&1:6,r|","QNIVIMYXGGFTAK-MRVPVSSYSA-N, QNIVIMYXGGFTAK-MRVPVSSYSA-N",Preclinical
octopamine,trace amine associated receptor agonist,"F10, TAAR1",,,"MicroSource, Tocris, Selleck, Selleck, Selleck",100,"NCC(O)c1ccc(O)cc1, NCC(O)c1ccc(O)cc1, NCC(O)c1ccc(O)cc1, NCC(O)c1ccc(O)cc1, NCC(O)c1ccc(O)cc1","QHGUCRYDKWKLMG-UHFFFAOYSA-N, QHGUCRYDKWKLMG-UHFFFAOYSA-N, QHGUCRYDKWKLMG-UHFFFAOYSA-N, QHGUCRYDKWKLMG-UHFFFAOYSA-N, QHGUCRYDKWKLMG-UHFFFAOYSA-N",Preclinical
octreotide,somatostatin receptor agonist,"SSTR2, SSTR3, SSTR5","gastroenterology, endocrinology, oncology","diarrhea, acromegaly, carcinoid tumors","MedChemEx, MedChemEx, MedChemEx",91,"C[C@@H](O)[C@@H](CO)NC(=O)[C@H]1CSSC[C@@H](NC(=O)[C@@H](N)Cc2ccccc2)C(=O)N[C@@H](Cc2ccccc2)C(=O)N[C@@H](Cc2c[nH]c3ccccc23)C(=O)N[C@@H](CCCCN)C(=O)N[C@@H]([C@@H](C)O)C(=O)N1 |&1:1,&2:3,&3:9,&4:14,&5:18,&6:30,&7:41,&8:55,&9:64,&10:65|, C[C@@H](O)[C@@H](CO)NC(=O)[C@H]1CSSC[C@@H](NC(=O)[C@@H](N)Cc2ccccc2)C(=O)N[C@@H](Cc2ccccc2)C(=O)N[C@@H](Cc2c[nH]c3ccccc23)C(=O)N[C@@H](CCCCN)C(=O)N[C@@H]([C@@H](C)O)C(=O)N1 |&1:1,&2:3,&3:9,&4:14,&5:18,&6:30,&7:41,&8:55,&9:64,&10:65|, C[C@@H](O)[C@@H](CO)NC(=O)[C@H]1CSSC[C@@H](NC(=O)[C@@H](N)Cc2ccccc2)C(=O)N[C@@H](Cc2ccccc2)C(=O)N[C@@H](Cc2c[nH]c3ccccc23)C(=O)N[C@@H](CCCCN)C(=O)N[C@@H]([C@@H](C)O)C(=O)N1 |&1:1,&2:3,&3:9,&4:14,&5:18,&6:30,&7:41,&8:55,&9:64,&10:65|","DEQANNDTNATYII-KWPKQMLXSA-N, DEQANNDTNATYII-KWPKQMLXSA-N, DEQANNDTNATYII-KWPKQMLXSA-N",Launched
OC000459,CRTH receptor antagonist,PTGDR2,,,"MedChemEx, Selleck, Selleck",93.19,"Cc1c(Cc2ccc3ccccc3n2)c2cc(F)ccc2n1CC(O)=O, Cc1c(Cc2ccc3ccccc3n2)c2cc(F)ccc2n1CC(O)=O, Cc1c(Cc2ccc3ccccc3n2)c2cc(F)ccc2n1CC(O)=O","FATGTHLOZSXOBC-UHFFFAOYSA-N, FATGTHLOZSXOBC-UHFFFAOYSA-N, FATGTHLOZSXOBC-UHFFFAOYSA-N",Phase 2
odanacatib,cathepsin inhibitor,CTSK,,,"MedChemEx, Selleck, Selleck, Selleck",98.17,"CC(C)(F)C[C@H](N[C@@H](c1ccc(cc1)-c1ccc(cc1)S(C)(=O)=O)C(F)(F)F)C(=O)NC1(CC1)C#N, CC(C)(F)C[C@H](N[C@@H](c1ccc(cc1)-c1ccc(cc1)S(C)(=O)=O)C(F)(F)F)C(=O)NC1(CC1)C#N, CC(C)(F)C[C@H](N[C@@H](c1ccc(cc1)-c1ccc(cc1)S(C)(=O)=O)C(F)(F)F)C(=O)NC1(CC1)C#N, CC(C)(F)C[C@H](N[C@@H](c1ccc(cc1)-c1ccc(cc1)S(C)(=O)=O)C(F)(F)F)C(=O)NC1(CC1)C#N","FWIVDMJALNEADT-SFTDATJTSA-N, FWIVDMJALNEADT-SFTDATJTSA-N, FWIVDMJALNEADT-SFTDATJTSA-N, FWIVDMJALNEADT-SFTDATJTSA-N",Phase 3
ODQ,guanylyl cyclase inhibitor,"GUCY1A2, GUCY1A3, GUCY1B3",,,"Tocris, Tocris",70.01,"O=c1onc2cnc3ccccc3n12, O=c1onc2cnc3ccccc3n12","LZMHWZHOZLVYDL-UHFFFAOYSA-N, LZMHWZHOZLVYDL-UHFFFAOYSA-N",Preclinical
OF-1,bromodomain inhibitor,BRD1,,,"Tocris, Tocris",95.56,"COc1cc2n(C)c(=O)n(C)c2cc1NS(=O)(=O)c1ccc(Br)cc1C, COc1cc2n(C)c(=O)n(C)c2cc1NS(=O)(=O)c1ccc(Br)cc1C","YUNQZQREIHWDQT-UHFFFAOYSA-N, YUNQZQREIHWDQT-UHFFFAOYSA-N",Preclinical
ofloxacin,bacterial DNA gyrase inhibitor,,"infectious disease, otolaryngology, gastroenterology, endocrinology","respiratory tract infections, sinusitis, skin infections, bone and joint infections, intra-abdominal infections, diarrhea, fever, urinary tract infections",MicroSource,98.67,C[C@H]1COc2c(N3CCN(C)CC3)c(F)cc3c2n1cc(C(O)=O)c3=O |&1:1|,GSDSWSVVBLHKDQ-JTQLQIEISA-N,Launched
OG-L002,histone lysine demethylase inhibitor,KDM1A,,,"Selleck, Selleck, Selleck, Selleck, Selleck, Selleck",91.37,"N[C@H]1C[C@@H]1c1ccc(cc1)-c1cccc(O)c1, N[C@H]1C[C@@H]1c1ccc(cc1)-c1cccc(O)c1, N[C@H]1C[C@@H]1c1ccc(cc1)-c1cccc(O)c1, N[C@H]1C[C@@H]1c1ccc(cc1)-c1cccc(O)c1, N[C@H]1C[C@@H]1c1ccc(cc1)-c1cccc(O)c1, N[C@H]1C[C@@H]1c1ccc(cc1)-c1cccc(O)c1","DSOJSZXQRJGBCW-CABCVRRESA-N, DSOJSZXQRJGBCW-CABCVRRESA-N, DSOJSZXQRJGBCW-CABCVRRESA-N, DSOJSZXQRJGBCW-CABCVRRESA-N, DSOJSZXQRJGBCW-CABCVRRESA-N, DSOJSZXQRJGBCW-CABCVRRESA-N",Preclinical
ogerin,G protein-coupled receptor modulator,,,,MedChemEx,97.68,Nc1nc(NCc2ccccc2)nc(n1)-c1ccccc1CO,MDGIEDNDSFMSLP-UHFFFAOYSA-N,Preclinical
oglemilast,phosphodiesterase inhibitor,,,,"MedChemEx, MedChemEx, MedChemEx, MedChemEx, MedChemEx, MedChemEx",96.52,"CS(=O)(=O)Nc1ccc2oc3c(OC(F)F)ccc(C(=O)Nc4c(Cl)cncc4Cl)c3c2c1, CS(=O)(=O)Nc1ccc2oc3c(OC(F)F)ccc(C(=O)Nc4c(Cl)cncc4Cl)c3c2c1, CS(=O)(=O)Nc1ccc2oc3c(OC(F)F)ccc(C(=O)Nc4c(Cl)cncc4Cl)c3c2c1, CS(=O)(=O)Nc1ccc2oc3c(OC(F)F)ccc(C(=O)Nc4c(Cl)cncc4Cl)c3c2c1, CS(=O)(=O)Nc1ccc2oc3c(OC(F)F)ccc(C(=O)Nc4c(Cl)cncc4Cl)c3c2c1, CS(=O)(=O)Nc1ccc2oc3c(OC(F)F)ccc(C(=O)Nc4c(Cl)cncc4Cl)c3c2c1","OKFDRAHPFKMAJH-UHFFFAOYSA-N, OKFDRAHPFKMAJH-UHFFFAOYSA-N, OKFDRAHPFKMAJH-UHFFFAOYSA-N, OKFDRAHPFKMAJH-UHFFFAOYSA-N, OKFDRAHPFKMAJH-UHFFFAOYSA-N, OKFDRAHPFKMAJH-UHFFFAOYSA-N",Phase 2
oglufanide,VEGF antagonist,,,,MedChemEx,87.14,N[C@@H](CCC(O)=O)C(=O)N[C@@H](Cc1c[nH]c2ccccc12)C(O)=O,LLEUXCDZPQOJMY-AAEUAGOBSA-N,Phase 2
OICR-9429,WDR5/MLL interaction inhibitor,WDR5,,,"Tocris, Tocris",95.2,"CN1CCN(CC1)c1ccc(cc1NC(=O)c1c[nH]c(=O)cc1C(F)(F)F)-c1cccc(CN2CCOCC2)c1, CN1CCN(CC1)c1ccc(cc1NC(=O)c1c[nH]c(=O)cc1C(F)(F)F)-c1cccc(CN2CCOCC2)c1","DJOVLOYCGXNVPI-UHFFFAOYSA-N, DJOVLOYCGXNVPI-UHFFFAOYSA-N",Preclinical
olanzapine,"dopamine receptor antagonist, serotonin receptor antagonist","ADRA1A, ADRA1B, ADRA2A, ADRA2B, ADRA2C, ADRB1, ADRB2, ADRB3, CHRM1, CHRM2, CHRM3, CHRM4, CHRM5, DRD1, DRD2, DRD3, DRD4, DRD5, GABRA1, GABRA2, GABRA3, GABRA4, GABRA5, GABRA6, GABRB1, GABRB2, GABRB3, GABRD, GABRE, GABRG1, GABRG2, GABRG3, GABRP, GABRQ, HRH1, HRH2, HRH4, HTR1A, HTR1B, HTR1D, HTR1E, HTR1F, HTR2A, HTR2B, HTR2C, HTR3A, HTR5A, HTR6, HTR7",neurology/psychiatry,"schizophrenia, bipolar disorder","MicroSource, MicroSource, Tocris, Selleck, Selleck",95.27,"CN1CCN(CC1)C1=Nc2ccccc2Nc2sc(C)cc12 |t:8|, CN1CCN(CC1)C1=Nc2ccccc2Nc2sc(C)cc12 |t:8|, CN1CCN(CC1)C1=Nc2ccccc2Nc2sc(C)cc12 |t:8|, CN1CCN(CC1)C1=Nc2ccccc2Nc2sc(C)cc12 |t:8|, CN1CCN(CC1)C1=Nc2ccccc2Nc2sc(C)cc12 |t:8|","KVWDHTXUZHCGIO-UHFFFAOYSA-N, KVWDHTXUZHCGIO-UHFFFAOYSA-N, KVWDHTXUZHCGIO-UHFFFAOYSA-N, KVWDHTXUZHCGIO-UHFFFAOYSA-N, KVWDHTXUZHCGIO-UHFFFAOYSA-N",Launched
olaparib,PARP inhibitor,"PARP1, PARP2",oncology,ovarian cancer,"Selleck, Selleck, Selleck, Selleck, Selleck",98.64,"Fc1ccc(Cc2n[nH]c(=O)c3ccccc23)cc1C(=O)N1CCN(CC1)C(=O)C1CC1, Fc1ccc(Cc2n[nH]c(=O)c3ccccc23)cc1C(=O)N1CCN(CC1)C(=O)C1CC1, Fc1ccc(Cc2n[nH]c(=O)c3ccccc23)cc1C(=O)N1CCN(CC1)C(=O)C1CC1, Fc1ccc(Cc2n[nH]c(=O)c3ccccc23)cc1C(=O)N1CCN(CC1)C(=O)C1CC1, Fc1ccc(Cc2n[nH]c(=O)c3ccccc23)cc1C(=O)N1CCN(CC1)C(=O)C1CC1","FDLYAMZZIXQODN-UHFFFAOYSA-N, FDLYAMZZIXQODN-UHFFFAOYSA-N, FDLYAMZZIXQODN-UHFFFAOYSA-N, FDLYAMZZIXQODN-UHFFFAOYSA-N, FDLYAMZZIXQODN-UHFFFAOYSA-N",Launched
OLDA,TRPV agonist,GPR119,,,"Tocris, Tocris, Tocris, Tocris, Tocris, Tocris",96.21,"CCCCCCCC\C=C/CCCCCCCC(=O)NCCc1ccc(O)c(O)c1, CCCCCCCC\C=C/CCCCCCCC(=O)NCCc1ccc(O)c(O)c1, CCCCCCCC\C=C/CCCCCCCC(=O)NCCc1ccc(O)c(O)c1, CCCCCCCC\C=C/CCCCCCCC(=O)NCCc1ccc(O)c(O)c1, CCCCCCCC\C=C/CCCCCCCC(=O)NCCc1ccc(O)c(O)c1, CCCCCCCC\C=C/CCCCCCCC(=O)NCCc1ccc(O)c(O)c1","QQBPLXNESPTPNU-KTKRTIGZSA-N, QQBPLXNESPTPNU-KTKRTIGZSA-N, QQBPLXNESPTPNU-KTKRTIGZSA-N, QQBPLXNESPTPNU-KTKRTIGZSA-N, QQBPLXNESPTPNU-KTKRTIGZSA-N, QQBPLXNESPTPNU-KTKRTIGZSA-N",Preclinical
oleamide,cannabinoid receptor agonist,"HTR7, PLA2G2A",,,"Tocris, Tocris, Tocris",100,"CCCCCCCC\C=C/CCCCCCCC(N)=O, CCCCCCCC\C=C/CCCCCCCC(N)=O, CCCCCCCC\C=C/CCCCCCCC(N)=O","FATBGEAMYMYZAF-KTKRTIGZSA-N, FATBGEAMYMYZAF-KTKRTIGZSA-N, FATBGEAMYMYZAF-KTKRTIGZSA-N",Preclinical
oleandrin,Na/K-ATPase inhibitor,,,,"MedChemEx, MedChemEx, MedChemEx",94.85,"CO[C@H]1C[C@H](O[C@H]2CC[C@@]3(C)[C@H](CC[C@@H]4[C@@H]3CC[C@]3(C)[C@H]([C@H](C[C@]43O)OC(C)=O)C3=CC(=O)OC3)C2)O[C@@H](C)[C@@H]1O |t:32|, CO[C@H]1C[C@H](O[C@H]2CC[C@@]3(C)[C@H](CC[C@@H]4[C@@H]3CC[C@]3(C)[C@H]([C@H](C[C@]43O)OC(C)=O)C3=CC(=O)OC3)C2)O[C@@H](C)[C@@H]1O |t:32|, CO[C@H]1C[C@H](O[C@H]2CC[C@@]3(C)[C@H](CC[C@@H]4[C@@H]3CC[C@]3(C)[C@H]([C@H](C[C@]43O)OC(C)=O)C3=CC(=O)OC3)C2)O[C@@H](C)[C@@H]1O |t:32|","JLPDBLFIVFSOCC-XYXFTTADSA-N, JLPDBLFIVFSOCC-XYXFTTADSA-N, JLPDBLFIVFSOCC-XYXFTTADSA-N",Phase 1
oleanolic-acid,G protein-coupled receptor agonist,GPBAR1,,,"Tocris, Selleck, Selleck",100,"CC1(C)CC[C@@]2(CC[C@]3(C)C(=CC[C@@H]4[C@@]5(C)CC[C@H](O)C(C)(C)[C@@H]5CC[C@@]34C)[C@@H]2C1)C(O)=O |c:10|, CC1(C)CC[C@@]2(CC[C@]3(C)C(=CC[C@@H]4[C@@]5(C)CC[C@H](O)C(C)(C)[C@@H]5CC[C@@]34C)[C@@H]2C1)C(O)=O |c:10|, CC1(C)CC[C@@]2(CC[C@]3(C)C(=CC[C@@H]4[C@@]5(C)CC[C@H](O)C(C)(C)[C@@H]5CC[C@@]34C)[C@@H]2C1)C(O)=O |c:10|","MIJYXULNPSFWEK-GTOFXWBISA-N, MIJYXULNPSFWEK-GTOFXWBISA-N, MIJYXULNPSFWEK-GTOFXWBISA-N",Preclinical
oleoylethanolamide,"cannabinoid receptor agonist, glucose dependent insulinotropic receptor agonist, potassium channel blocker, PPAR receptor agonist","CNR1, GPR119, GPR55, PPARA",,,"Tocris, Tocris",99.32,"CCCCCCCC\C=C/CCCCCCCC(=O)NCCO, CCCCCCCC\C=C/CCCCCCCC(=O)NCCO","BOWVQLFMWHZBEF-KTKRTIGZSA-N, BOWVQLFMWHZBEF-KTKRTIGZSA-N",Preclinical
olesoxime,apoptosis stimulant,,,,"MedChemEx, MedChemEx",69.73,"CC(C)CCC[C@@H](C)[C@H]1CC[C@H]2[C@@H]3CCC4=C\C(CC[C@]4(C)[C@H]3CC[C@]12C)=N\O |t:15|, CC(C)CCC[C@@H](C)[C@H]1CC[C@H]2[C@@H]3CCC4=C\C(CC[C@]4(C)[C@H]3CC[C@]12C)=N\O |t:15|","QNTASHOAVRSLMD-SIWSWZRQSA-N, QNTASHOAVRSLMD-SIWSWZRQSA-N",Phase 2/Phase 3
oleuropein,estrogen receptor agonist,GPER1,,,Selleck,85.99,"COC(=O)C1=CO[C@@H](O[C@H]2O[C@@H](CO)[C@@H](O)[C@@H](O)[C@@H]2O)\C(=C/C)[C@@H]1CC(=O)OCCc1ccc(O)c(O)c1 |&1:7,&2:9,&3:11,&4:14,&5:16,&6:18,&7:23,r,t:4|",RFWGABANNQMHMZ-JIBQERFGSA-N,Phase 2
oligomycin-A,"ATP synthase inhibitor, ATPase inhibitor",ATP5A1,,,MedChemEx,93.31,"[H][C@]12CC[C@@H](CC)\C=C\C=C\C[C@@H](C)[C@H](O)[C@@](C)(O)C(=O)[C@@H](C)[C@H](O)[C@@H](C)C(=O)[C@@H](C)[C@H](O)[C@@H](C)\C=C\C(=O)O[C@]([H])([C@@H]1C)[C@H](C)[C@@]1(CC[C@H](C)[C@H](C[C@@H](C)O)O1)O2 |t:7,9,35|",MNULEGDCPYONBU-BGLGBHOCSA-N,Preclinical
olmesartan,angiotensin receptor antagonist,AGTR1,cardiology,hypertension,"Tocris, MedChemEx, MedChemEx, MicroSource, MedChemEx",95.2,"CCCc1nc(c(C(O)=O)n1Cc1ccc(cc1)-c1ccccc1-c1nn[nH]n1)C(C)(C)O, CCCc1nc(c(C(O)=O)n1Cc1ccc(cc1)-c1ccccc1-c1nn[nH]n1)C(C)(C)O, CCCc1nc(c(C(O)=O)n1Cc1ccc(cc1)-c1ccccc1-c1nn[nH]n1)C(C)(C)O, CCCc1nc(c(C(O)=O)n1Cc1ccc(cc1)-c1ccccc1-c1nn[nH]n1)C(C)(C)O, CCCc1nc(c(C(O)=O)n1Cc1ccc(cc1)-c1ccccc1-c1nn[nH]n1)C(C)(C)O","VTRAEEWXHOVJFV-UHFFFAOYSA-N, VTRAEEWXHOVJFV-UHFFFAOYSA-N, VTRAEEWXHOVJFV-UHFFFAOYSA-N, VTRAEEWXHOVJFV-UHFFFAOYSA-N, VTRAEEWXHOVJFV-UHFFFAOYSA-N",Launched
olmesartan-medoxomil,angiotensin receptor antagonist,AGTR1,cardiology,hypertension,"MicroSource, MicroSource, Tocris, Selleck, MedChemEx, MedChemEx",95.98,"CCCc1nc(c(C(=O)OCc2oc(=O)oc2C)n1Cc1ccc(cc1)-c1ccccc1-c1nn[nH]n1)C(C)(C)O, CCCc1nc(c(C(=O)OCc2oc(=O)oc2C)n1Cc1ccc(cc1)-c1ccccc1-c1nn[nH]n1)C(C)(C)O, CCCc1nc(c(C(=O)OCc2oc(=O)oc2C)n1Cc1ccc(cc1)-c1ccccc1-c1nn[nH]n1)C(C)(C)O, CCCc1nc(c(C(=O)OCc2oc(=O)oc2C)n1Cc1ccc(cc1)-c1ccccc1-c1nn[nH]n1)C(C)(C)O, CCCc1nc(c(C(=O)OCc2oc(=O)oc2C)n1Cc1ccc(cc1)-c1ccccc1-c1nn[nH]n1)C(C)(C)O, CCCc1nc(c(C(=O)OCc2oc(=O)oc2C)n1Cc1ccc(cc1)-c1ccccc1-c1nn[nH]n1)C(C)(C)O","UQGKUQLKSCSZGY-UHFFFAOYSA-N, UQGKUQLKSCSZGY-UHFFFAOYSA-N, UQGKUQLKSCSZGY-UHFFFAOYSA-N, UQGKUQLKSCSZGY-UHFFFAOYSA-N, UQGKUQLKSCSZGY-UHFFFAOYSA-N, UQGKUQLKSCSZGY-UHFFFAOYSA-N",Launched
olmutinib,"Bruton's tyrosine kinase (BTK) inhibitor, EGFR inhibitor","BTK, EGFR",oncology,non-small cell lung cancer (NSCLC),"MedChemEx, MedChemEx, MedChemEx, MedChemEx",91.76,"CN1CCN(CC1)c1ccc(Nc2nc(Oc3cccc(NC(=O)C=C)c3)c3sccc3n2)cc1, CN1CCN(CC1)c1ccc(Nc2nc(Oc3cccc(NC(=O)C=C)c3)c3sccc3n2)cc1, CN1CCN(CC1)c1ccc(Nc2nc(Oc3cccc(NC(=O)C=C)c3)c3sccc3n2)cc1, CN1CCN(CC1)c1ccc(Nc2nc(Oc3cccc(NC(=O)C=C)c3)c3sccc3n2)cc1","FDMQDKQUTRLUBU-UHFFFAOYSA-N, FDMQDKQUTRLUBU-UHFFFAOYSA-N, FDMQDKQUTRLUBU-UHFFFAOYSA-N, FDMQDKQUTRLUBU-UHFFFAOYSA-N",Launched
olodanrigan,angiotensin antagonist,,,,MedChemEx,97.15,COc1ccc2CN([C@@H](Cc2c1OCc1ccccc1)C(O)=O)C(=O)C(c1ccccc1)c1ccccc1,GHBCIXGRCZIPNQ-MHZLTWQESA-N,Phase 2
olomoucine,CDK inhibitor,"CDK1, CDK2, CDK5, MAPK1",,,"Tocris, Tocris",97.73,"Cn1cnc2c(NCc3ccccc3)nc(NCCO)nc12, Cn1cnc2c(NCc3ccccc3)nc(NCCO)nc12","GTVPOLSIJWJJNY-UHFFFAOYSA-N, GTVPOLSIJWJJNY-UHFFFAOYSA-N",Preclinical
olopatadine,histamine receptor antagonist,"HRH1, S100A1, S100A12, S100A13, S100A2, S100B",ophthalmology,conjunctivitis,"Tocris, Selleck, Selleck",98.6,"CN(C)CC\C=C1\c2ccccc2COc2ccc(CC(O)=O)cc12, CN(C)CC\C=C1\c2ccccc2COc2ccc(CC(O)=O)cc12, CN(C)CC\C=C1\c2ccccc2COc2ccc(CC(O)=O)cc12","JBIMVDZLSHOPLA-LSCVHKIXSA-N, JBIMVDZLSHOPLA-LSCVHKIXSA-N, JBIMVDZLSHOPLA-LSCVHKIXSA-N",Launched
olprinone,phosphodiesterase inhibitor,PDE3A,cardiology,congestive heart failure,"MedChemEx, MedChemEx, MedChemEx",99.86,"Cc1[nH]c(=O)c(cc1-c1ccc2nccn2c1)C#N, Cc1[nH]c(=O)c(cc1-c1ccc2nccn2c1)C#N, Cc1[nH]c(=O)c(cc1-c1ccc2nccn2c1)C#N","JPAWFIIYTJQOKW-UHFFFAOYSA-N, JPAWFIIYTJQOKW-UHFFFAOYSA-N, JPAWFIIYTJQOKW-UHFFFAOYSA-N",Launched
olsalazine,cyclooxygenase inhibitor,"IFNG, TPMT",gastroenterology,ulcerative colitis,"MedChemEx, MicroSource, Selleck",98.95,"OC(=O)c1cc(ccc1O)\N=N\c1ccc(O)c(c1)C(O)=O, OC(=O)c1cc(ccc1O)\N=N\c1ccc(O)c(c1)C(O)=O, OC(=O)c1cc(ccc1O)\N=N\c1ccc(O)c(c1)C(O)=O","QQBDLJCYGRGAKP-FOCLMDBBSA-N, QQBDLJCYGRGAKP-FOCLMDBBSA-N, QQBDLJCYGRGAKP-FOCLMDBBSA-N",Launched
oltipraz,"nuclear factor erythroid derived, like (NRF2) activator",ANG,,,"MicroSource, MicroSource, MicroSource, MicroSource, MicroSource",97.51,"Cc1c(ssc1=S)-c1cnccn1, Cc1c(ssc1=S)-c1cnccn1, Cc1c(ssc1=S)-c1cnccn1, Cc1c(ssc1=S)-c1cnccn1, Cc1c(ssc1=S)-c1cnccn1","CKNAQFVBEHDJQV-UHFFFAOYSA-N, CKNAQFVBEHDJQV-UHFFFAOYSA-N, CKNAQFVBEHDJQV-UHFFFAOYSA-N, CKNAQFVBEHDJQV-UHFFFAOYSA-N, CKNAQFVBEHDJQV-UHFFFAOYSA-N",Phase 3
olumacostat-glasaretil,acetyl-CoA carboxylase inhibitor,,,,MedChemEx,85.94,CCCCCCCCCCCCCCOc1ccc(o1)C(=O)OCC(=O)N(C)CC(=O)OCC,FYJLDICZGDFWKP-UHFFFAOYSA-N,Phase 3
olvanil,TRPV agonist,"CNR1, GPR119, TRPV1",,,"Tocris, Tocris, Tocris, Tocris, Tocris, Tocris",94.57,"CCCCCCCC\C=C/CCCCCCCC(=O)NCc1ccc(O)c(OC)c1, CCCCCCCC\C=C/CCCCCCCC(=O)NCc1ccc(O)c(OC)c1, CCCCCCCC\C=C/CCCCCCCC(=O)NCc1ccc(O)c(OC)c1, CCCCCCCC\C=C/CCCCCCCC(=O)NCc1ccc(O)c(OC)c1, CCCCCCCC\C=C/CCCCCCCC(=O)NCc1ccc(O)c(OC)c1, CCCCCCCC\C=C/CCCCCCCC(=O)NCc1ccc(O)c(OC)c1","OPZKBPQVWDSATI-KHPPLWFESA-N, OPZKBPQVWDSATI-KHPPLWFESA-N, OPZKBPQVWDSATI-KHPPLWFESA-N, OPZKBPQVWDSATI-KHPPLWFESA-N, OPZKBPQVWDSATI-KHPPLWFESA-N, OPZKBPQVWDSATI-KHPPLWFESA-N",Preclinical
omadacycline,bacterial 30S ribosomal subunit inhibitor,,infectious disease,pneumonia,MedChemEx,95.49,"[H][C@@]12Cc3c(cc(CNCC(C)(C)C)c(O)c3C(=O)[C@H]1C(=O)[C@]1(O)C(=O)[C@@H](C(N)=O)C(=O)[C@@H](N(C)C)[C@]1([H])C2)N(C)C |&1:26,&2:19|",OVIWLBQFYMOVOF-NXSZOOMBSA-N,Launched
omapatrilat,metalloproteinase inhibitor,"ACE, MME",,,MedChemEx,53.07,[H][C@]12CCC[C@H](N1C(=O)[C@H](CCS2)NC(=O)[C@@H](S)Cc1ccccc1)C(O)=O,LVRLSYPNFFBYCZ-VGWMRTNUSA-N,Preclinical
omarigliptin,dipeptidyl peptidase inhibitor,DPP4,endocrinology,diabetes mellitus,"MedChemEx, MedChemEx, MedChemEx, MedChemEx",94.52,"CS(=O)(=O)n1cc2CN(Cc2n1)[C@H]1CO[C@@H]([C@@H](N)C1)c1cc(F)ccc1F, CS(=O)(=O)n1cc2CN(Cc2n1)[C@H]1CO[C@@H]([C@@H](N)C1)c1cc(F)ccc1F, CS(=O)(=O)n1cc2CN(Cc2n1)[C@H]1CO[C@@H]([C@@H](N)C1)c1cc(F)ccc1F, CS(=O)(=O)n1cc2CN(Cc2n1)[C@H]1CO[C@@H]([C@@H](N)C1)c1cc(F)ccc1F","MKMPWKUAHLTIBJ-ISTRZQFTSA-N, MKMPWKUAHLTIBJ-ISTRZQFTSA-N, MKMPWKUAHLTIBJ-ISTRZQFTSA-N, MKMPWKUAHLTIBJ-ISTRZQFTSA-N",Launched
ombitasvir,HCV inhibitor,,infectious disease,hepatitis C,"MedChemEx, MedChemEx",96.54,"COC(=O)N[C@@H](C(C)C)C(=O)N1CCC[C@H]1C(=O)Nc1ccc(cc1)[C@@H]1CC[C@H](N1c1ccc(cc1)C(C)(C)C)c1ccc(NC(=O)[C@@H]2CCCN2C(=O)[C@@H](NC(=O)OC)C(C)C)cc1, COC(=O)N[C@@H](C(C)C)C(=O)N1CCC[C@H]1C(=O)Nc1ccc(cc1)[C@@H]1CC[C@H](N1c1ccc(cc1)C(C)(C)C)c1ccc(NC(=O)[C@@H]2CCCN2C(=O)[C@@H](NC(=O)OC)C(C)C)cc1","PIDFDZJZLOTZTM-KHVQSSSXSA-N, PIDFDZJZLOTZTM-KHVQSSSXSA-N",Launched
ombrabulin,tubulin polymerization inhibitor,,,,MedChemEx,98.81,COc1ccc(\C=C/c2cc(OC)c(OC)c(OC)c2)cc1NC(=O)[C@@H](N)CO,IXWNTLSTOZFSCM-YVACAVLKSA-N,Phase 3
OMDM-2,FAAH inhibitor,GPR119,,,"Tocris, Tocris, Tocris",92.27,"CCCCCCCC\C=C/CCCCCCCC(=O)N[C@@H](CO)Cc1ccc(O)cc1, CCCCCCCC\C=C/CCCCCCCC(=O)N[C@@H](CO)Cc1ccc(O)cc1, CCCCCCCC\C=C/CCCCCCCC(=O)N[C@@H](CO)Cc1ccc(O)cc1","ICDMLAQPOAVWNH-HAAQQRBASA-N, ICDMLAQPOAVWNH-HAAQQRBASA-N, ICDMLAQPOAVWNH-HAAQQRBASA-N",Preclinical
omecamtiv-mecarbil,cardiac myosin activator,MYBPC3,,,"Selleck, Selleck, MedChemEx",96.1,"COC(=O)N1CCN(Cc2cccc(NC(=O)Nc3ccc(C)nc3)c2F)CC1, COC(=O)N1CCN(Cc2cccc(NC(=O)Nc3ccc(C)nc3)c2F)CC1, COC(=O)N1CCN(Cc2cccc(NC(=O)Nc3ccc(C)nc3)c2F)CC1","RFUBTTPMWSKEIW-UHFFFAOYSA-N, RFUBTTPMWSKEIW-UHFFFAOYSA-N, RFUBTTPMWSKEIW-UHFFFAOYSA-N",Phase 3
omega-(4-iodophenyl)pentadecanoic-acid,,,,,Sigma,13.69,OC(=O)CCCCCCCCCCCCCCc1ccc(I)cc1,YAONEUNUMVOKNQ-UHFFFAOYSA-N,Preclinical
omega-3-acid-esters,cholesterol inhibitor,,,,"MicroSource, MedChemEx, MedChemEx, MedChemEx",71.9,"CCOC(=O)CCC\C=C/C\C=C/C\C=C/C\C=C/C\C=C/CC, CCOC(=O)CCC\C=C/C\C=C/C\C=C/C\C=C/C\C=C/CC, CCOC(=O)CCC\C=C/C\C=C/C\C=C/C\C=C/C\C=C/CC, CCOC(=O)CCC\C=C/C\C=C/C\C=C/C\C=C/C\C=C/CC","SSQPWTVBQMWLSZ-AAQCHOMXSA-N, SSQPWTVBQMWLSZ-AAQCHOMXSA-N, SSQPWTVBQMWLSZ-AAQCHOMXSA-N, SSQPWTVBQMWLSZ-AAQCHOMXSA-N",Launched
omeprazole,ATPase inhibitor,"ATP4A, CLCN2",gastroenterology,heartburn,"MicroSource, Selleck, Tocris, Selleck",99.07,"COc1ccc2nc([nH]c2c1)[S@@](=O)Cc1ncc(C)c(OC)c1C |r|, COc1ccc2nc([nH]c2c1)[S@@](=O)Cc1ncc(C)c(OC)c1C |r|, COc1ccc2nc([nH]c2c1)[S@@](=O)Cc1ncc(C)c(OC)c1C |r|, COc1ccc2nc([nH]c2c1)[S@@](=O)Cc1ncc(C)c(OC)c1C |r|","SUBDBMMJDZJVOS-DEOSSOPVSA-N, SUBDBMMJDZJVOS-DEOSSOPVSA-N, SUBDBMMJDZJVOS-DEOSSOPVSA-N, SUBDBMMJDZJVOS-DEOSSOPVSA-N",Launched
omeprazole-magnesium,proton pump inhibitor,"ATP4A, ATP4B",gastroenterology,"gastroesophageal reflux disease (GERD), heartburn",Vitas-M,98.99,COc1ccc2n([Mg]n3c(nc4cc(OC)ccc34)[S@@](=O)Cc3ncc(C)c(OC)c3C)c(nc2c1)[S@@](=O)Cc1ncc(C)c(OC)c1C |r|,KWORUUGOSLYAGD-YPPDDXJESA-N,Launched
omeprazole-sulfide,ATPase inhibitor,,,,AKSci,92.79,COc1ccc2nc(SCc3ncc(C)c(OC)c3C)[nH]c2c1,XURCIPRUUASYLR-UHFFFAOYSA-N,Phase 1
omtriptolide,ERK1 and ERK2 phosphorylation inhibitor,,,,MedChemEx,93.75,[H][C@@]12C[C@@H]3O[C@@]33[C@H](OC(=O)CCC(O)=O)[C@]4(O[C@H]4[C@@H]4O[C@]34[C@@]1(C)CCC1=C2COC1=O)C(C)C |c:30|,HROMYAWHLUOUPY-AHCCQAQQSA-N,Preclinical
ON-01500,apoptosis stimulant,,,,"MedChemEx, Enamine",93.86,"COc1cc(OC)c(\C=C\S(=O)(=O)Cc2ccc(OC)c(N)c2)c(OC)c1, COc1cc(OC)c(\C=C\S(=O)(=O)Cc2ccc(OC)c(N)c2)c(OC)c1","KUTAVMCJCVADGZ-BQYQJAHWSA-N, KUTAVMCJCVADGZ-BQYQJAHWSA-N",Preclinical
oncrasin-1,apoptosis stimulant,,,,"Tocris, Tocris, Tocris, Tocris, Tocris, Tocris, EMDBio",99.67,"Clc1ccc(Cn2cc(C=O)c3ccccc23)cc1, Clc1ccc(Cn2cc(C=O)c3ccccc23)cc1, Clc1ccc(Cn2cc(C=O)c3ccccc23)cc1, Clc1ccc(Cn2cc(C=O)c3ccccc23)cc1, Clc1ccc(Cn2cc(C=O)c3ccccc23)cc1, Clc1ccc(Cn2cc(C=O)c3ccccc23)cc1, Clc1ccc(Cn2cc(C=O)c3ccccc23)cc1","ZDRQMXCSSAPUMM-UHFFFAOYSA-N, ZDRQMXCSSAPUMM-UHFFFAOYSA-N, ZDRQMXCSSAPUMM-UHFFFAOYSA-N, ZDRQMXCSSAPUMM-UHFFFAOYSA-N, ZDRQMXCSSAPUMM-UHFFFAOYSA-N, ZDRQMXCSSAPUMM-UHFFFAOYSA-N, InChI=1S/C16H12ClNO/c17-14-7-5-12(6-8-14)9-18-10-13(11-19)15-3-1-2-4-16(15)18/h1-8,10-11H,9H2",Preclinical
