drug,MOA,Target,Disease Area,Indication,Vendor,Purity,SMILES,InChIKey,Phase
AEE788,"EGFR inhibitor, VEGFR inhibitor","EGFR, ERBB2, ERBB4, FGFR2, FGFR3, KDR",,,"Tocris, Tocris, Tocris, Selleck, Selleck",97.1,"CCN1CCN(Cc2ccc(cc2)-c2cc3c(N[C@H](C)c4ccccc4)ncnc3[nH]2)CC1, CCN1CCN(Cc2ccc(cc2)-c2cc3c(N[C@H](C)c4ccccc4)ncnc3[nH]2)CC1, CCN1CCN(Cc2ccc(cc2)-c2cc3c(N[C@H](C)c4ccccc4)ncnc3[nH]2)CC1, CCN1CCN(Cc2ccc(cc2)-c2cc3c(N[C@H](C)c4ccccc4)ncnc3[nH]2)CC1, CCN1CCN(Cc2ccc(cc2)-c2cc3c(N[C@H](C)c4ccccc4)ncnc3[nH]2)CC1","OONFNUWBHFSNBT-HXUWFJFHSA-N, OONFNUWBHFSNBT-HXUWFJFHSA-N, OONFNUWBHFSNBT-HXUWFJFHSA-N, OONFNUWBHFSNBT-HXUWFJFHSA-N, OONFNUWBHFSNBT-HXUWFJFHSA-N",Phase 1/Phase 2
AEG3482,HSP inducer,,,,"Tocris, Tocris, Tocris",97.67,"NS(=O)(=O)c1nn2cc(nc2s1)-c1ccccc1, NS(=O)(=O)c1nn2cc(nc2s1)-c1ccccc1, NS(=O)(=O)c1nn2cc(nc2s1)-c1ccccc1","MQUYTXDAVCOCMX-UHFFFAOYSA-N, MQUYTXDAVCOCMX-UHFFFAOYSA-N, MQUYTXDAVCOCMX-UHFFFAOYSA-N",Preclinical
afalanine,dopamine receptor agonist,DRD2,,,"MicroSource, MedChemEx, MedChemEx",98.9,"CC(=O)N[C@@H](Cc1ccccc1)C(O)=O, CC(=O)N[C@@H](Cc1ccccc1)C(O)=O, CC(=O)N[C@@H](Cc1ccccc1)C(O)=O","CBQJSKKFNMDLON-JTQLQIEISA-N, CBQJSKKFNMDLON-JTQLQIEISA-N, CBQJSKKFNMDLON-JTQLQIEISA-N",Phase 3
afamelanotide,melanocyte-stimulating hormone mimetic,,,,MedChemEx,78.21,CCCC[C@H](NC(=O)[C@H](CO)NC(=O)[C@H](Cc1ccc(O)cc1)NC(=O)[C@H](CO)NC(C)=O)C(=O)N[C@@H](CCC(O)=O)C(=O)N[C@@H](Cc1cnc[nH]1)C(=O)N[C@H](Cc1ccccc1)C(=O)N[C@@H](CCCNC(N)=N)C(=O)N[C@@H](Cc1c[nH]c2ccccc12)C(=O)NCC(=O)N[C@@H](CCCCN)C(=O)N1CCC[C@H]1C(=O)N[C@@H](C(C)C)C(N)=O,UAHFGYDRQSXQEB-LEBBXHLNSA-N,Launched
afatinib,EGFR inhibitor,"EGFR, ERBB2, ERBB4",oncology,non-small cell lung cancer (NSCLC),"MedChemEx, MedChemEx, MedChemEx, Selleck, Selleck, Selleck, Selleck, Selleck, Selleck, Selleck",99.28,"CN(C)C\C=C\C(=O)Nc1cc2c(Nc3ccc(F)c(Cl)c3)ncnc2cc1O[C@H]1CCOC1, CN(C)C\C=C\C(=O)Nc1cc2c(Nc3ccc(F)c(Cl)c3)ncnc2cc1O[C@H]1CCOC1, CN(C)C\C=C\C(=O)Nc1cc2c(Nc3ccc(F)c(Cl)c3)ncnc2cc1O[C@H]1CCOC1, CN(C)C\C=C\C(=O)Nc1cc2c(Nc3ccc(F)c(Cl)c3)ncnc2cc1O[C@H]1CCOC1, CN(C)C\C=C\C(=O)Nc1cc2c(Nc3ccc(F)c(Cl)c3)ncnc2cc1O[C@H]1CCOC1, CN(C)C\C=C\C(=O)Nc1cc2c(Nc3ccc(F)c(Cl)c3)ncnc2cc1O[C@H]1CCOC1, CN(C)C\C=C\C(=O)Nc1cc2c(Nc3ccc(F)c(Cl)c3)ncnc2cc1O[C@H]1CCOC1, CN(C)C\C=C\C(=O)Nc1cc2c(Nc3ccc(F)c(Cl)c3)ncnc2cc1O[C@H]1CCOC1, CN(C)C\C=C\C(=O)Nc1cc2c(Nc3ccc(F)c(Cl)c3)ncnc2cc1O[C@H]1CCOC1, CN(C)C\C=C\C(=O)Nc1cc2c(Nc3ccc(F)c(Cl)c3)ncnc2cc1O[C@H]1CCOC1","ULXXDDBFHOBEHA-CWDCEQMOSA-N, ULXXDDBFHOBEHA-CWDCEQMOSA-N, ULXXDDBFHOBEHA-CWDCEQMOSA-N, ULXXDDBFHOBEHA-CWDCEQMOSA-N, ULXXDDBFHOBEHA-CWDCEQMOSA-N, ULXXDDBFHOBEHA-CWDCEQMOSA-N, ULXXDDBFHOBEHA-CWDCEQMOSA-N, ULXXDDBFHOBEHA-CWDCEQMOSA-N, ULXXDDBFHOBEHA-CWDCEQMOSA-N, ULXXDDBFHOBEHA-CWDCEQMOSA-N",Launched
afimoxifene,estrogen receptor antagonist,"ESR1, ESR2, ESRRG, PLD1, PRKCD, PRKCE, PRKCQ, PRKCZ",,,Sigma,47.39,CC\C(=C(/c1ccc(O)cc1)c1ccc(OCCN(C)C)cc1)c1ccccc1,TXUZVZSFRXZGTL-QPLCGJKRSA-N,Phase 2
afloqualone,acetylcholine receptor antagonist,,neurology/psychiatry,sedative,"AKSci, AKSci, AKSci",97.87,"Cc1ccccc1-n1c(CF)nc2ccc(N)cc2c1=O, Cc1ccccc1-n1c(CF)nc2ccc(N)cc2c1=O, Cc1ccccc1-n1c(CF)nc2ccc(N)cc2c1=O","VDOSWXIDETXFET-UHFFFAOYSA-N, VDOSWXIDETXFET-UHFFFAOYSA-N, VDOSWXIDETXFET-UHFFFAOYSA-N",Launched
AFN-1252,FABI inhibitor,,,,MedChemEx,95.38,CN(Cc1oc2ccccc2c1C)C(=O)\C=C\c1cnc2NC(=O)CCc2c1,QXTWSUQCXCWEHF-JXMROGBWSA-N,Phase 2
afobazole,anxiolytic,,neurology/psychiatry,anxiety,"MedChemEx, MedChemEx",98.16,"CCOc1ccc2nc(SCCN3CCOCC3)[nH]c2c1, CCOc1ccc2nc(SCCN3CCOCC3)[nH]c2c1","WWNUCVSRRUDYPP-UHFFFAOYSA-N, WWNUCVSRRUDYPP-UHFFFAOYSA-N",Launched
AF38469,sortilin inhibitor,SORT1,,,"MedChemEx, MedChemEx, MedChemEx, MedChemEx",96.02,"Cc1cccc(NC(=O)c2ccc(cc2C(O)=O)C(F)(F)F)n1, Cc1cccc(NC(=O)c2ccc(cc2C(O)=O)C(F)(F)F)n1, Cc1cccc(NC(=O)c2ccc(cc2C(O)=O)C(F)(F)F)n1, Cc1cccc(NC(=O)c2ccc(cc2C(O)=O)C(F)(F)F)n1","JWCUSQCZMQIBMR-UHFFFAOYSA-N, JWCUSQCZMQIBMR-UHFFFAOYSA-N, JWCUSQCZMQIBMR-UHFFFAOYSA-N, JWCUSQCZMQIBMR-UHFFFAOYSA-N",Preclinical
AG-1024,insulin growth factor receptor inhibitor,IGF1R,,,"Selleck, Selleck",91.46,"CC(C)(C)c1cc(C=C(C#N)C#N)cc(Br)c1O, CC(C)(C)c1cc(C=C(C#N)C#N)cc(Br)c1O","ABBADGFSRBWENF-UHFFFAOYSA-N, ABBADGFSRBWENF-UHFFFAOYSA-N",Preclinical
AG-14361,PARP inhibitor,PARP1,,,"Selleck, Selleck, Selleck, Selleck, Selleck, Selleck, Selleck, Selleck, Selleck, Selleck, Selleck",95.36,"CN(C)Cc1ccc(cc1)-c1nc2cccc3C(=O)NCCn1c23, CN(C)Cc1ccc(cc1)-c1nc2cccc3C(=O)NCCn1c23, CN(C)Cc1ccc(cc1)-c1nc2cccc3C(=O)NCCn1c23, CN(C)Cc1ccc(cc1)-c1nc2cccc3C(=O)NCCn1c23, CN(C)Cc1ccc(cc1)-c1nc2cccc3C(=O)NCCn1c23, CN(C)Cc1ccc(cc1)-c1nc2cccc3C(=O)NCCn1c23, CN(C)Cc1ccc(cc1)-c1nc2cccc3C(=O)NCCn1c23, CN(C)Cc1ccc(cc1)-c1nc2cccc3C(=O)NCCn1c23, CN(C)Cc1ccc(cc1)-c1nc2cccc3C(=O)NCCn1c23, CN(C)Cc1ccc(cc1)-c1nc2cccc3C(=O)NCCn1c23, CN(C)Cc1ccc(cc1)-c1nc2cccc3C(=O)NCCn1c23","SEKJSSBJKFLZIT-UHFFFAOYSA-N, SEKJSSBJKFLZIT-UHFFFAOYSA-N, SEKJSSBJKFLZIT-UHFFFAOYSA-N, SEKJSSBJKFLZIT-UHFFFAOYSA-N, SEKJSSBJKFLZIT-UHFFFAOYSA-N, SEKJSSBJKFLZIT-UHFFFAOYSA-N, SEKJSSBJKFLZIT-UHFFFAOYSA-N, SEKJSSBJKFLZIT-UHFFFAOYSA-N, SEKJSSBJKFLZIT-UHFFFAOYSA-N, SEKJSSBJKFLZIT-UHFFFAOYSA-N, SEKJSSBJKFLZIT-UHFFFAOYSA-N",Preclinical
AG-490,"EGFR inhibitor, JAK inhibitor","EGFR, JAK2, JAK3",,,"Selleck, Tocris, Selleck, Tocris",92.57,"Oc1ccc(\C=C(/C#N)C(=O)NCc2ccccc2)cc1O, Oc1ccc(\C=C(/C#N)C(=O)NCc2ccccc2)cc1O, Oc1ccc(\C=C(/C#N)C(=O)NCc2ccccc2)cc1O, Oc1ccc(\C=C(/C#N)C(=O)NCc2ccccc2)cc1O","TUCIOBMMDDOEMM-RIYZIHGNSA-N, TUCIOBMMDDOEMM-RIYZIHGNSA-N, TUCIOBMMDDOEMM-RIYZIHGNSA-N, TUCIOBMMDDOEMM-RIYZIHGNSA-N",Preclinical
AG-555,tyrosine kinase inhibitor,CDK2,,,Tocris,58.16,Oc1ccc(\C=C(/C#N)C(=O)NCCCc2ccccc2)cc1O,GSQOBTOAOGXIFL-LFIBNONCSA-N,Preclinical
AG-556,tyrosine kinase inhibitor,,,,"Tocris, Tocris",93.77,"Oc1ccc(\C=C(/C#N)C(=O)NCCCCc2ccccc2)cc1O, Oc1ccc(\C=C(/C#N)C(=O)NCCCCc2ccccc2)cc1O","GWCNJMUSWLTSCW-SFQUDFHCSA-N, GWCNJMUSWLTSCW-SFQUDFHCSA-N",Preclinical
AGI-5198,isocitrate dehydrogenase inhibitor,IDH1,,,"Selleck, Selleck, Selleck",98.97,"Cc1nccn1CC(=O)N([C@@H](C(=O)NC1CCCCC1)c1ccccc1C)c1cccc(F)c1 |&1:10,r|, Cc1nccn1CC(=O)N([C@@H](C(=O)NC1CCCCC1)c1ccccc1C)c1cccc(F)c1 |&1:10,r|, Cc1nccn1CC(=O)N([C@@H](C(=O)NC1CCCCC1)c1ccccc1C)c1cccc(F)c1 |&1:10,r|","FNYGWXSATBUBER-AREMUKBSSA-N, FNYGWXSATBUBER-AREMUKBSSA-N, FNYGWXSATBUBER-AREMUKBSSA-N",Preclinical
AGI-6780,isocitrate dehydrogenase inhibitor,IDH2,,,"Selleck, Selleck, MedChemEx",96.02,"FC(F)(F)c1cccc(NC(=O)Nc2cc(ccc2-c2ccsc2)S(=O)(=O)NC2CC2)c1, FC(F)(F)c1cccc(NC(=O)Nc2cc(ccc2-c2ccsc2)S(=O)(=O)NC2CC2)c1, FC(F)(F)c1cccc(NC(=O)Nc2cc(ccc2-c2ccsc2)S(=O)(=O)NC2CC2)c1","CCAWRGNYALGPQH-UHFFFAOYSA-N, CCAWRGNYALGPQH-UHFFFAOYSA-N, CCAWRGNYALGPQH-UHFFFAOYSA-N",Preclinical
AGM-1470,cell cycle inhibitor,METAP2,,,Enzo,58.76,"CO[C@@H]1[C@@H](CC[C@]2(CO2)[C@@H]1[C@@]1(C)O[C@@H]1CC=C(C)C)OC(=O)NC(=O)CCl |a:2,3,6,10,13,&1:9|",MSHZHSPISPJWHW-FRDQJGBZSA-N,Phase 2
agmatine,nitric oxide synthase inhibitor,"ADRA2C, ASIC3, CACNA1B, CHRNA1, GRIN1, KCNJ1, NISCH",,,"Enzo, Enzo",100,"NCCCCNC(N)=N, NCCCCNC(N)=N","QYPPJABKJHAVHS-UHFFFAOYSA-N, QYPPJABKJHAVHS-UHFFFAOYSA-N",Phase 3
AGN-192403,imidazoline receptor ligand,NISCH,,,"Tocris, Tocris, Tocris",100,"CC(C)[C@@H]1[C@H]2CC[C@@H](C2)[C@H]1N |a:3,9,&1:4,&2:7|, CC(C)[C@@H]1[C@H]2CC[C@@H](C2)[C@H]1N |a:3,9,&1:4,&2:7|, CC(C)[C@@H]1[C@H]2CC[C@@H](C2)[C@H]1N |a:3,9,&1:4,&2:7|","SHXVJSFOJHMEEQ-AXTSPUMRSA-N, SHXVJSFOJHMEEQ-AXTSPUMRSA-N, SHXVJSFOJHMEEQ-AXTSPUMRSA-N",Preclinical
AGN-194310,retinoid receptor antagonist,"RXRA, RXRB, RXRG",,,"MedChemEx, MedChemEx, MedChemEx",97.17,"CCc1ccc(cc1)C1=CC(C)(C)Sc2ccc(cc12)C#Cc1ccc(cc1)C(O)=O |t:9|, CCc1ccc(cc1)C1=CC(C)(C)Sc2ccc(cc12)C#Cc1ccc(cc1)C(O)=O |t:9|, CCc1ccc(cc1)C1=CC(C)(C)Sc2ccc(cc12)C#Cc1ccc(cc1)C(O)=O |t:9|","LHUPKWKWYWOMSK-UHFFFAOYSA-N, LHUPKWKWYWOMSK-UHFFFAOYSA-N, LHUPKWKWYWOMSK-UHFFFAOYSA-N",Phase 3
AGN-195183,retinoid receptor agonist,RARA,,,"MedChemEx, MedChemEx",94.51,"CC1(C)CCC(C)(C)c2c(Cl)c(O)c(cc12)C(=O)Nc1cc(F)c(C(O)=O)c(F)c1, CC1(C)CCC(C)(C)c2c(Cl)c(O)c(cc12)C(=O)Nc1cc(F)c(C(O)=O)c(F)c1","PNAWUIKCVQSLFG-UHFFFAOYSA-N, PNAWUIKCVQSLFG-UHFFFAOYSA-N",Phase 1/Phase 2
agomelatine,"melatonin receptor agonist, serotonin receptor antagonist","HTR2A, HTR2B, HTR2C, MTNR1A, MTNR1B",neurology/psychiatry,depression,"Selleck, MedChemEx, MedChemEx",98.23,"COc1ccc2cccc(CCNC(C)=O)c2c1, COc1ccc2cccc(CCNC(C)=O)c2c1, COc1ccc2cccc(CCNC(C)=O)c2c1","YJYPHIXNFHFHND-UHFFFAOYSA-N, YJYPHIXNFHFHND-UHFFFAOYSA-N, YJYPHIXNFHFHND-UHFFFAOYSA-N",Launched
AGP-103,membrane permeability inhibitor,,,,"Sigma, Enzo, Enzo",100,"CCCCCCCCCCCCCCCCCCCCCC(O)=O, CCCCCCCCCCCCCCCCCCCCCC(O)=O, CCCCCCCCCCCCCCCCCCCCCC(O)=O","UKMSUNONTOPOIO-UHFFFAOYSA-N, UKMSUNONTOPOIO-UHFFFAOYSA-N, UKMSUNONTOPOIO-UHFFFAOYSA-N",Launched
AH-7614,free fatty acid receptor antagonist,FFAR4,,,"Tocris, Tocris, Tocris",97.69,"Cc1ccc(cc1)S(=O)(=O)NC1c2ccccc2Oc2ccccc12, Cc1ccc(cc1)S(=O)(=O)NC1c2ccccc2Oc2ccccc12, Cc1ccc(cc1)S(=O)(=O)NC1c2ccccc2Oc2ccccc12","OZCQEUZTOAAWDK-UHFFFAOYSA-N, OZCQEUZTOAAWDK-UHFFFAOYSA-N, OZCQEUZTOAAWDK-UHFFFAOYSA-N",Preclinical
AH11110,adrenergic receptor ligand,ADRA1B,,,"Tocris, Tocris, Tocris",98.96,"O[C@@H](COc1ccccc1-c1ccccc1)CC(=N)N1CCCCC1 |&1:1|, O[C@@H](COc1ccccc1-c1ccccc1)CC(=N)N1CCCCC1 |&1:1|, O[C@@H](COc1ccccc1-c1ccccc1)CC(=N)N1CCCCC1 |&1:1|","HSVZQQYIMKLNLN-GOSISDBHSA-N, HSVZQQYIMKLNLN-GOSISDBHSA-N, HSVZQQYIMKLNLN-GOSISDBHSA-N",Preclinical
AH6809,prostanoid receptor antagonist,"PTGDR, PTGER1, PTGER2, PTGER3",,,"Tocris, Tocris, Tocris",96.06,"CC(C)Oc1ccc2c(c1)oc1ccc(cc1c2=O)C(O)=O, CC(C)Oc1ccc2c(c1)oc1ccc(cc1c2=O)C(O)=O, CC(C)Oc1ccc2c(c1)oc1ccc(cc1c2=O)C(O)=O","AQFFXPQJLZFABJ-UHFFFAOYSA-N, AQFFXPQJLZFABJ-UHFFFAOYSA-N, AQFFXPQJLZFABJ-UHFFFAOYSA-N",Preclinical
AI-10-49,core binding factor inhibitor,CBFB,,,MedChemEx,92.82,FC(F)(F)Oc1ccc2nc([nH]c2c1)-c1ccc(OCCOCCOc2ccc(nc2)-c2nc3ccc(OC(F)(F)F)cc3[nH]2)cn1,WJBSSBFGPKTMQQ-UHFFFAOYSA-N,Preclinical
AIM-100,tyrosine kinase inhibitor,TNK2,,,"Tocris, Tocris",98.41,"C(Nc1ncnc2oc(c(-c3ccccc3)c12)-c1ccccc1)[C@@H]1CCCO1, C(Nc1ncnc2oc(c(-c3ccccc3)c12)-c1ccccc1)[C@@H]1CCCO1","XNFHHOXCDUAYSR-SFHVURJKSA-N, XNFHHOXCDUAYSR-SFHVURJKSA-N",Preclinical
ajmaline,sodium channel blocker,,cardiology,Wolff-Parkinson-White Syndrome (WPW),"Toronto, Toronto",93.74,"[H][C@]12C[C@]34[C@H](O)[C@@]1([H])[C@]1([H])C[C@]([H])(N2[C@H](O)[C@@]1([H])CC)[C@]3([H])N(C)c1ccccc41, [H][C@]12C[C@]34[C@H](O)[C@@]1([H])[C@]1([H])C[C@]([H])(N2[C@H](O)[C@@]1([H])CC)[C@]3([H])N(C)c1ccccc41","CJDRUOGAGYHKKD-BDXZSHBPSA-N, CJDRUOGAGYHKKD-BDXZSHBPSA-N",Launched
AJ76-(+),dopamine receptor antagonist,"DRD2, DRD3, DRD4",,,"Tocris, Tocris",94.73,"CCCN[C@@H]1CCc2c(OC)cccc2[C@@H]1C, CCCN[C@@H]1CCc2c(OC)cccc2[C@@H]1C","YGHLYBIUVOLKCV-SMDDNHRTSA-N, YGHLYBIUVOLKCV-SMDDNHRTSA-N",Preclinical
AK-7,SIRT inhibitor,SIRT2,,,"Tocris, Tocris",96.33,"Brc1cccc(NC(=O)c2cccc(c2)S(=O)(=O)N2CCCCCC2)c1, Brc1cccc(NC(=O)c2cccc(c2)S(=O)(=O)N2CCCCCC2)c1","IYAYHZZWYNXHEQ-UHFFFAOYSA-N, IYAYHZZWYNXHEQ-UHFFFAOYSA-N",Preclinical
AKBA,lipoxygenase inhibitor,ALOX5,,,"MedChemEx, MedChemEx, MedChemEx, Toronto",90.39,"C[C@@H]1CC[C@]2(C)CC[C@]3(C)C(=CC(=O)[C@@H]4[C@@]5(C)CC[C@@H](OC(C)=O)[C@@](C)([C@@H]5CC[C@@]34C)C(O)=O)[C@@H]2[C@H]1C |c:10|, C[C@@H]1CC[C@]2(C)CC[C@]3(C)C(=CC(=O)[C@@H]4[C@@]5(C)CC[C@@H](OC(C)=O)[C@@](C)([C@@H]5CC[C@@]34C)C(O)=O)[C@@H]2[C@H]1C |c:10|, C[C@@H]1CC[C@]2(C)CC[C@]3(C)C(=CC(=O)[C@@H]4[C@@]5(C)CC[C@@H](OC(C)=O)[C@@](C)([C@@H]5CC[C@@]34C)C(O)=O)[C@@H]2[C@H]1C |c:10|, C[C@@H]1CC[C@]2(C)CC[C@]3(C)C(=CC(=O)[C@@H]4[C@@]5(C)CC[C@@H](OC(C)=O)[C@@](C)([C@@H]5CC[C@@]34C)C(O)=O)[C@@H]2[C@H]1C |c:10|","HMMGKOVEOFBCAU-BCDBGHSCSA-N, HMMGKOVEOFBCAU-BCDBGHSCSA-N, HMMGKOVEOFBCAU-BCDBGHSCSA-N, HMMGKOVEOFBCAU-BCDBGHSCSA-N",Phase 3
aklomide,,,infectious disease,coccidiosis,MicroSource,98.9,NC(=O)c1ccc(cc1Cl)[N+]([O-])=O,GFGSZUNNBQXGMK-UHFFFAOYSA-N,Launched
AL-8697,p38 MAPK inhibitor,MAPK14,,,"Tocris, Tocris",99.77,"Cc1c(F)cc(cc1-c1c(F)cn2c(nnc2c1F)C(C)(C)C)C(=O)NC1CC1, Cc1c(F)cc(cc1-c1c(F)cn2c(nnc2c1F)C(C)(C)C)C(=O)NC1CC1","ZVBTZTQYHOXIBC-UHFFFAOYSA-N, ZVBTZTQYHOXIBC-UHFFFAOYSA-N",Preclinical
alacepril,angiotensin converting enzyme inhibitor,ACE,cardiology,hypertension,"Key, Key, Key, Key",98.51,"C[C@H](CSC(C)=O)C(=O)N1CCC[C@H]1C(=O)N[C@@H](Cc1ccccc1)C(O)=O, C[C@H](CSC(C)=O)C(=O)N1CCC[C@H]1C(=O)N[C@@H](Cc1ccccc1)C(O)=O, C[C@H](CSC(C)=O)C(=O)N1CCC[C@H]1C(=O)N[C@@H](Cc1ccccc1)C(O)=O, C[C@H](CSC(C)=O)C(=O)N1CCC[C@H]1C(=O)N[C@@H](Cc1ccccc1)C(O)=O","FHHHOYXPRDYHEZ-COXVUDFISA-N, FHHHOYXPRDYHEZ-COXVUDFISA-N, FHHHOYXPRDYHEZ-COXVUDFISA-N, FHHHOYXPRDYHEZ-COXVUDFISA-N",Launched
alafosfalin,bacterial cell wall synthesis inhibitor,,,,"Sigma, Sigma",93.9,"C[C@H](N)C(=O)N[C@@H](C)P(O)(O)=O, C[C@H](N)C(=O)N[C@@H](C)P(O)(O)=O","BHAYDBSYOBONRV-IUYQGCFVSA-N, BHAYDBSYOBONRV-IUYQGCFVSA-N",Phase 1
alagebrium,glycosylation inhibitor,,,,OxChem,87.59,Cc1sc[n+](CC(=O)c2ccccc2)c1C,LYLFQLCLUXOFOL-UHFFFAOYSA-N,Phase 2/Phase 3
alanine,,,,,Sigma,69.19,"C[C@@H](N)C(O)=O |&1:1,r|",QNAYBMKLOCPYGJ-UWTATZPHSA-N,Launched
alanosine,antimetabolite,,,,Cayman,0,N[C@@H](CN(O)[N+][O-])C(O)=O,MLFKVJCWGUZWNV-REOHCLBHSA-N,Phase 2
alantolactone,"apoptosis stimulant, STAT inhibitor",STAT3,,,"Tocris, Tocris",91.14,"C[C@H]1CCC[C@]2(C)C[C@H]3OC(=O)C(=C)[C@H]3C=C12 |t:16|, C[C@H]1CCC[C@]2(C)C[C@H]3OC(=O)C(=C)[C@H]3C=C12 |t:16|","PXOYOCNNSUAQNS-AGNJHWRGSA-N, PXOYOCNNSUAQNS-AGNJHWRGSA-N",Preclinical
alaproclate,serotonin receptor antagonist,SLC6A4,,,AlfaAesar,95.15,C[C@@H](N)C(=O)OC(C)(C)Cc1ccc(Cl)cc1 |&1:1|,FZSPJBYOKQPKCD-SECBINFHSA-N,Phase 2
alarelin,gonadotropin releasing factor hormone receptor antagonist,GNRH1,,,"MedChemEx, MedChemEx",96.08,"CCNC(=O)[C@@H]1CCCN1C(=O)[C@H](CCCNC(N)=N)NC(=O)[C@H](CC(C)C)NC(=O)[C@@H](C)NC(=O)[C@H](Cc1ccc(O)cc1)NC(=O)[C@H](CO)NC(=O)[C@H](Cc1c[nH]c2ccccc12)NC(=O)[C@H](Cc1cnc[nH]1)NC(=O)[C@@H]1CCC(=O)N1, CCNC(=O)[C@@H]1CCCN1C(=O)[C@H](CCCNC(N)=N)NC(=O)[C@H](CC(C)C)NC(=O)[C@@H](C)NC(=O)[C@H](Cc1ccc(O)cc1)NC(=O)[C@H](CO)NC(=O)[C@H](Cc1c[nH]c2ccccc12)NC(=O)[C@H](Cc1cnc[nH]1)NC(=O)[C@@H]1CCC(=O)N1","QLGKMLRGKPKGKI-QWQCQAQZSA-N, QLGKMLRGKPKGKI-QWQCQAQZSA-N",Launched
albendazole,tubulin polymerization inhibitor,"TUBA1A, TUBB, TUBB4B",infectious disease,"cystic hydatid disease, parenchymal neurocysticercosis","MedChemEx, MicroSource, Selleck, Selleck, Selleck",94.73,"CCCSc1ccc2nc(NC(=O)OC)[nH]c2c1, CCCSc1ccc2nc(NC(=O)OC)[nH]c2c1, CCCSc1ccc2nc(NC(=O)OC)[nH]c2c1, CCCSc1ccc2nc(NC(=O)OC)[nH]c2c1, CCCSc1ccc2nc(NC(=O)OC)[nH]c2c1","HXHWSAZORRCQMX-UHFFFAOYSA-N, HXHWSAZORRCQMX-UHFFFAOYSA-N, HXHWSAZORRCQMX-UHFFFAOYSA-N, HXHWSAZORRCQMX-UHFFFAOYSA-N, HXHWSAZORRCQMX-UHFFFAOYSA-N",Launched
albendazole-oxide,anthelmintic agent,,infectious disease,"cystic hydatid disease, parenchymal neurocysticercosis","Selleck, Selleck",97.13,"CCC[S@@](=O)c1ccc2nc(NC(=O)OC)[nH]c2c1 |r|, CCC[S@@](=O)c1ccc2nc(NC(=O)OC)[nH]c2c1 |r|","VXTGHWHFYNYFFV-LJQANCHMSA-N, VXTGHWHFYNYFFV-LJQANCHMSA-N",Launched
albuterol,adrenergic receptor agonist,ADRB2,pulmonary,asthma,"Tocris, Selleck",90.96,"CC(C)(C)NC[C@@H](O)c1ccc(O)c(CO)c1 |&1:6|, CC(C)(C)NC[C@@H](O)c1ccc(O)c(CO)c1 |&1:6|","NDAUXUAQIAJITI-GFCCVEGCSA-N, NDAUXUAQIAJITI-GFCCVEGCSA-N",Launched
alcaftadine,histamine receptor antagonist,HRH1,allergy,allergic conjunctivitis,MedChemEx,99.28,CN1CCC(CC1)=C1c2ncc(C=O)n2CCc2ccccc12,MWTBKTRZPHJQLH-UHFFFAOYSA-N,Launched
alclofenac,cyclooxygenase inhibitor,PTGS1,rheumatology,rheumatoid arthritis,"Sigma, Sigma",96.73,"OC(=O)Cc1ccc(OCC=C)c(Cl)c1, OC(=O)Cc1ccc(OCC=C)c(Cl)c1","ARHWPKZXBHOEEE-UHFFFAOYSA-N, ARHWPKZXBHOEEE-UHFFFAOYSA-N",Launched
alclometasone-dipropionate,glucocorticoid receptor agonist,"CYP3A4, NR3C1, SERPINA6",dermatology,corticosteroid-responsive dermatoses,Prestwick,97.41,"CCC(=O)OCC(=O)[C@@]1(OC(=O)CC)[C@H](C)C[C@H]2[C@H]3[C@H](Cl)CC4=CC(=O)C=C[C@]4(C)[C@H]3[C@@H](O)C[C@]12C |a:14,17,19,28,30,31,34,&1:8,&2:18,c:26,t:22|",DJHCCTTVDRAMEH-FQEREKBASA-N,Launched
alcuronium,muscle relaxant,"CHRM1, CHRM2, CHRM3, CHRM4, CHRNA7",neurology/psychiatry,muscle relaxant,Prestwick,89.64,"OC\C=C1/C[N@+]2(CC=C)CC[C@@]34[C@@H]2C[C@@H]1\C1=C\N2[C@@H]5\C(=C/N([C@@H]31)c1ccccc41)[C@H]1C[C@H]3[C@@]5(CC[N@@+]3(CC=C)C\C1=C/CO)c1ccccc21 |a:5,11,12,14,29,31,32,35,&1:18,&2:22,c:21,t:17,TLB:2:3:13:11.15.22,20:19:30:35.39.40,10:11:3.4.5:13,41:40:30:18.19.32,28:11:3.4.5:13,THB:34:35:30:18.19.32,16:15:3.4.5:13,33:32:30:35.39.40,36:35:30:18.19.32,6:5:13:11.15.22,9:5:13:11.15.22,44:32:30:35.39.40|",MUQUYTSLDVKIOF-JGNNFNAWSA-N,Launched
alda-1,aldehyde dehydrogenase activator,ALDH2,,,"Tocris, Tocris",97.13,"Clc1cccc(Cl)c1C(=O)NCc1ccc2OCOc2c1, Clc1cccc(Cl)c1C(=O)NCc1ccc2OCOc2c1","NMKJFZCBCIUYHI-UHFFFAOYSA-N, NMKJFZCBCIUYHI-UHFFFAOYSA-N",Preclinical
aldoxorubicin,topoisomerase inhibitor,TOP2A,,,"MedChemEx, MedChemEx, MedChemEx",55.08,"COc1cccc2C(=O)c3c(O)c4C[C@](O)(C[C@H](O[C@H]5C[C@H](N)[C@H](O)[C@H](C)O5)c4c(O)c3C(=O)c12)C(\CO)=N\NC(=O)CCCCCN1C(=O)C=CC1=O |c:55|, COc1cccc2C(=O)c3c(O)c4C[C@](O)(C[C@H](O[C@H]5C[C@H](N)[C@H](O)[C@H](C)O5)c4c(O)c3C(=O)c12)C(\CO)=N\NC(=O)CCCCCN1C(=O)C=CC1=O |c:55|, COc1cccc2C(=O)c3c(O)c4C[C@](O)(C[C@H](O[C@H]5C[C@H](N)[C@H](O)[C@H](C)O5)c4c(O)c3C(=O)c12)C(\CO)=N\NC(=O)CCCCCN1C(=O)C=CC1=O |c:55|","OBMJQRLIQQTJLR-USGQOSEYSA-N, OBMJQRLIQQTJLR-USGQOSEYSA-N, OBMJQRLIQQTJLR-USGQOSEYSA-N",Phase 3
alectinib,ALK tyrosine kinase receptor inhibitor,"ALK, MET",oncology,non-small cell lung cancer (NSCLC),"Selleck, Selleck, Selleck",98.17,"CCc1cc2C(=O)c3c([nH]c4cc(ccc34)C#N)C(C)(C)c2cc1N1CCC(CC1)N1CCOCC1, CCc1cc2C(=O)c3c([nH]c4cc(ccc34)C#N)C(C)(C)c2cc1N1CCC(CC1)N1CCOCC1, CCc1cc2C(=O)c3c([nH]c4cc(ccc34)C#N)C(C)(C)c2cc1N1CCC(CC1)N1CCOCC1","KDGFLJKFZUIJMX-UHFFFAOYSA-N, KDGFLJKFZUIJMX-UHFFFAOYSA-N, KDGFLJKFZUIJMX-UHFFFAOYSA-N",Launched
alendronate,bone resorption inhibitor,"ATP6V1A, FDPS, PTPN4, PTPRE, PTPRS",orthopedics,osteoporosis,"MicroSource, Selleck, Selleck, Selleck, Selleck",0,"NCCCC(O)(P(O)(O)=O)P(O)(O)=O, NCCCC(O)(P(O)(O)=O)P(O)(O)=O, NCCCC(O)(P(O)(O)=O)P(O)(O)=O, NCCCC(O)(P(O)(O)=O)P(O)(O)=O, NCCCC(O)(P(O)(O)=O)P(O)(O)=O","OGSPWJRAVKPPFI-UHFFFAOYSA-N, OGSPWJRAVKPPFI-UHFFFAOYSA-N, OGSPWJRAVKPPFI-UHFFFAOYSA-N, OGSPWJRAVKPPFI-UHFFFAOYSA-N, OGSPWJRAVKPPFI-UHFFFAOYSA-N",Launched
alexidine,phosphatidylglycerophosphatase inhibitor,PTPMT1,,,"Selleck, Selleck, Selleck, Selleck, Selleck, Selleck, Selleck",91.99,"CCCC[C@H](CC)CNC(=N)N=C(N)NCCCCCCNC(N)=NC(=N)NC[C@H](CC)CCCC |&1:29,&2:4,&3:11,&4:24,w:11.10,24.24|, CCCC[C@H](CC)CNC(=N)N=C(N)NCCCCCCNC(N)=NC(=N)NC[C@H](CC)CCCC |&1:29,&2:4,&3:11,&4:24,w:11.10,24.24|, CCCC[C@H](CC)CNC(=N)N=C(N)NCCCCCCNC(N)=NC(=N)NC[C@H](CC)CCCC |&1:29,&2:4,&3:11,&4:24,w:11.10,24.24|, CCCC[C@H](CC)CNC(=N)N=C(N)NCCCCCCNC(N)=NC(=N)NC[C@H](CC)CCCC |&1:29,&2:4,&3:11,&4:24,w:11.10,24.24|, CCCC[C@H](CC)CNC(=N)N=C(N)NCCCCCCNC(N)=NC(=N)NC[C@H](CC)CCCC |&1:29,&2:4,&3:11,&4:24,w:11.10,24.24|, CCCC[C@H](CC)CNC(=N)N=C(N)NCCCCCCNC(N)=NC(=N)NC[C@H](CC)CCCC |&1:29,&2:4,&3:11,&4:24,w:11.10,24.24|, CCCC[C@H](CC)CNC(=N)N=C(N)NCCCCCCNC(N)=NC(=N)NC[C@H](CC)CCCC |&1:29,&2:4,&3:11,&4:24,w:11.10,24.24|","LFVVNPBBFUSSHL-SZPZYZBQSA-N, LFVVNPBBFUSSHL-SZPZYZBQSA-N, LFVVNPBBFUSSHL-SZPZYZBQSA-N, LFVVNPBBFUSSHL-SZPZYZBQSA-N, LFVVNPBBFUSSHL-SZPZYZBQSA-N, LFVVNPBBFUSSHL-SZPZYZBQSA-N, LFVVNPBBFUSSHL-SZPZYZBQSA-N",Preclinical
alfacalcidol,vitamin D receptor agonist,"CYP27B1, VDR",endocrinology,vitamin D deficiency,"Selleck, Selleck, MedChemEx, MedChemEx, Selleck, Selleck",91.26,"CC(C)CCC[C@@H](C)[C@H]1CC[C@H]2\C(CCC[C@]12C)=C\C=C1\C[C@@H](O)C[C@H](O)C1=C, CC(C)CCC[C@@H](C)[C@H]1CC[C@H]2\C(CCC[C@]12C)=C\C=C1\C[C@@H](O)C[C@H](O)C1=C, CC(C)CCC[C@@H](C)[C@H]1CC[C@H]2\C(CCC[C@]12C)=C\C=C1\C[C@@H](O)C[C@H](O)C1=C, CC(C)CCC[C@@H](C)[C@H]1CC[C@H]2\C(CCC[C@]12C)=C\C=C1\C[C@@H](O)C[C@H](O)C1=C, CC(C)CCC[C@@H](C)[C@H]1CC[C@H]2\C(CCC[C@]12C)=C\C=C1\C[C@@H](O)C[C@H](O)C1=C, CC(C)CCC[C@@H](C)[C@H]1CC[C@H]2\C(CCC[C@]12C)=C\C=C1\C[C@@H](O)C[C@H](O)C1=C","OFHCOWSQAMBJIW-AVJTYSNKSA-N, OFHCOWSQAMBJIW-AVJTYSNKSA-N, OFHCOWSQAMBJIW-AVJTYSNKSA-N, OFHCOWSQAMBJIW-AVJTYSNKSA-N, OFHCOWSQAMBJIW-AVJTYSNKSA-N, OFHCOWSQAMBJIW-AVJTYSNKSA-N",Launched
alfadolone-acetate,benzodiazepine receptor agonist,,,,Prestwick,100,CC(=O)OCC(=O)[C@H]1CC[C@H]2[C@@H]3CC[C@H]4C[C@H](O)CC[C@]4(C)[C@H]3C(=O)C[C@]12C,QRJOQYLXZPQQMX-FWROMSNXSA-N,Phase 2
alfuzosin,adrenergic receptor antagonist,"ADRA1A, ADRA1B, ADRA1D, SCN10A, SCN11A, SCN1A, SCN2A, SCN3A, SCN4A, SCN5A, SCN7A, SCN8A, SCN9A",urology,benign prostatic hyperplasia (BPH),"MicroSource, Selleck",93.3,"COc1cc2nc(nc(N)c2cc1OC)N(C)CCCNC(=O)[C@H]1CCCO1 |&1:23|, COc1cc2nc(nc(N)c2cc1OC)N(C)CCCNC(=O)[C@H]1CCCO1 |&1:23|","WNMJYKCGWZFFKR-CQSZACIVSA-N, WNMJYKCGWZFFKR-CQSZACIVSA-N",Launched
algestone-acetophenide,,,endocrinology,contraceptive,Toronto,93.41,CC(=O)[C@@]12O[C@@](C)(O[C@@H]1C[C@H]1[C@@H]3CCC4=CC(=O)CC[C@]4(C)[C@H]3CC[C@]21C)c1ccccc1 |t:15|,AHBKIEXBQNRDNL-FVCOMRFXSA-N,Launched
alibendol,antispasmodic,,gastroenterology,bile stimulation,Selleck,97.28,COc1cc(CC=C)cc(C(=O)NCCO)c1O,UMJHTFHIQDEGKB-UHFFFAOYSA-N,Launched
alimemazine,"histamine receptor agonist, histamine receptor antagonist",HRH1,"neurology/psychiatry, allergy, pulmonary","sedative, urticaria, itching, cough suppressant","Sigma, MedChemEx, MicroSource",92.88,"C[C@@H](CN(C)C)CN1c2ccccc2Sc2ccccc12 |&3:1|, C[C@@H](CN(C)C)CN1c2ccccc2Sc2ccccc12 |&3:1|, C[C@@H](CN(C)C)CN1c2ccccc2Sc2ccccc12 |&3:1|","ZZHLYYDVIOPZBE-AWEZNQCLSA-N, ZZHLYYDVIOPZBE-AWEZNQCLSA-N, ZZHLYYDVIOPZBE-AWEZNQCLSA-N",Launched
alinidine,bradycardic effect ,,,,AMS,86.45,Clc1cccc(Cl)c1N(CC=C)C1=NCCN1 |t:13|,OXTYVEUAQHPPMV-UHFFFAOYSA-N,Phase 3
alisertib,Aurora kinase inhibitor,AURKA,,,"Selleck, Selleck, Selleck, Selleck, Selleck, Selleck, Selleck, Selleck, Selleck, Selleck, Selleck, Selleck, Selleck",98.9,"COc1cc(Nc2ncc3CN=C(c4cc(Cl)ccc4-c3n2)c2c(F)cccc2OC)ccc1C(O)=O |c:11|, COc1cc(Nc2ncc3CN=C(c4cc(Cl)ccc4-c3n2)c2c(F)cccc2OC)ccc1C(O)=O |c:11|, COc1cc(Nc2ncc3CN=C(c4cc(Cl)ccc4-c3n2)c2c(F)cccc2OC)ccc1C(O)=O |c:11|, COc1cc(Nc2ncc3CN=C(c4cc(Cl)ccc4-c3n2)c2c(F)cccc2OC)ccc1C(O)=O |c:11|, COc1cc(Nc2ncc3CN=C(c4cc(Cl)ccc4-c3n2)c2c(F)cccc2OC)ccc1C(O)=O |c:11|, COc1cc(Nc2ncc3CN=C(c4cc(Cl)ccc4-c3n2)c2c(F)cccc2OC)ccc1C(O)=O |c:11|, COc1cc(Nc2ncc3CN=C(c4cc(Cl)ccc4-c3n2)c2c(F)cccc2OC)ccc1C(O)=O |c:11|, COc1cc(Nc2ncc3CN=C(c4cc(Cl)ccc4-c3n2)c2c(F)cccc2OC)ccc1C(O)=O |c:11|, COc1cc(Nc2ncc3CN=C(c4cc(Cl)ccc4-c3n2)c2c(F)cccc2OC)ccc1C(O)=O |c:11|, COc1cc(Nc2ncc3CN=C(c4cc(Cl)ccc4-c3n2)c2c(F)cccc2OC)ccc1C(O)=O |c:11|, COc1cc(Nc2ncc3CN=C(c4cc(Cl)ccc4-c3n2)c2c(F)cccc2OC)ccc1C(O)=O |c:11|, COc1cc(Nc2ncc3CN=C(c4cc(Cl)ccc4-c3n2)c2c(F)cccc2OC)ccc1C(O)=O |c:11|, COc1cc(Nc2ncc3CN=C(c4cc(Cl)ccc4-c3n2)c2c(F)cccc2OC)ccc1C(O)=O |c:11|","ZLHFILGSQDJULK-UHFFFAOYSA-N, ZLHFILGSQDJULK-UHFFFAOYSA-N, ZLHFILGSQDJULK-UHFFFAOYSA-N, ZLHFILGSQDJULK-UHFFFAOYSA-N, ZLHFILGSQDJULK-UHFFFAOYSA-N, InChI=1S/C27H20ClFN4O4/c1-36-21-5-3-4-20(29)23(21)25-19-10-15(28)6-8-17(19)24-14(12-30-25)13-31-27(33-24)32-16-7-9-18(26(34)35)22(11-16)37-2/h3-11,13H,12H2,1-2H3,(H,34,35)(H,31,32,33), InChI=1S/C27H20ClFN4O4/c1-36-21-5-3-4-20(29)23(21)25-19-10-15(28)6-8-17(19)24-14(12-30-25)13-31-27(33-24)32-16-7-9-18(26(34)35)22(11-16)37-2/h3-11,13H,12H2,1-2H3,(H,34,35)(H,31,32,33), InChI=1S/C27H20ClFN4O4/c1-36-21-5-3-4-20(29)23(21)25-19-10-15(28)6-8-17(19)24-14(12-30-25)13-31-27(33-24)32-16-7-9-18(26(34)35)22(11-16)37-2/h3-11,13H,12H2,1-2H3,(H,34,35)(H,31,32,33), InChI=1S/C27H20ClFN4O4/c1-36-21-5-3-4-20(29)23(21)25-19-10-15(28)6-8-17(19)24-14(12-30-25)13-31-27(33-24)32-16-7-9-18(26(34)35)22(11-16)37-2/h3-11,13H,12H2,1-2H3,(H,34,35)(H,31,32,33), InChI=1S/C27H20ClFN4O4/c1-36-21-5-3-4-20(29)23(21)25-19-10-15(28)6-8-17(19)24-14(12-30-25)13-31-27(33-24)32-16-7-9-18(26(34)35)22(11-16)37-2/h3-11,13H,12H2,1-2H3,(H,34,35)(H,31,32,33), InChI=1S/C27H20ClFN4O4/c1-36-21-5-3-4-20(29)23(21)25-19-10-15(28)6-8-17(19)24-14(12-30-25)13-31-27(33-24)32-16-7-9-18(26(34)35)22(11-16)37-2/h3-11,13H,12H2,1-2H3,(H,34,35)(H,31,32,33), InChI=1S/C27H20ClFN4O4/c1-36-21-5-3-4-20(29)23(21)25-19-10-15(28)6-8-17(19)24-14(12-30-25)13-31-27(33-24)32-16-7-9-18(26(34)35)22(11-16)37-2/h3-11,13H,12H2,1-2H3,(H,34,35)(H,31,32,33), InChI=1S/C27H20ClFN4O4/c1-36-21-5-3-4-20(29)23(21)25-19-10-15(28)6-8-17(19)24-14(12-30-25)13-31-27(33-24)32-16-7-9-18(26(34)35)22(11-16)37-2/h3-11,13H,12H2,1-2H3,(H,34,35)(H,31,32,33)",Phase 3
aliskiren-hemifumarate,renin inhibitor,REN,cardiology,hypertension,"Tocris, Tocris, Tocris, Tocris, MicroSource, Selleck",100,"COCCCOc1cc(C[C@@H](C[C@H](N)[C@@H](O)C[C@@H](C(C)C)C(=O)NCC(C)(C)C(N)=O)C(C)C)ccc1OC, COCCCOc1cc(C[C@@H](C[C@H](N)[C@@H](O)C[C@@H](C(C)C)C(=O)NCC(C)(C)C(N)=O)C(C)C)ccc1OC, COCCCOc1cc(C[C@@H](C[C@H](N)[C@@H](O)C[C@@H](C(C)C)C(=O)NCC(C)(C)C(N)=O)C(C)C)ccc1OC, COCCCOc1cc(C[C@@H](C[C@H](N)[C@@H](O)C[C@@H](C(C)C)C(=O)NCC(C)(C)C(N)=O)C(C)C)ccc1OC, COCCCOc1cc(C[C@@H](C[C@H](N)[C@@H](O)C[C@@H](C(C)C)C(=O)NCC(C)(C)C(N)=O)C(C)C)ccc1OC, COCCCOc1cc(C[C@@H](C[C@H](N)[C@@H](O)C[C@@H](C(C)C)C(=O)NCC(C)(C)C(N)=O)C(C)C)ccc1OC","UXOWGYHJODZGMF-QORCZRPOSA-N, UXOWGYHJODZGMF-QORCZRPOSA-N, UXOWGYHJODZGMF-QORCZRPOSA-N, UXOWGYHJODZGMF-QORCZRPOSA-N, UXOWGYHJODZGMF-QORCZRPOSA-N, UXOWGYHJODZGMF-QORCZRPOSA-N",Launched
alisporivir,cyclophilin inhibitor,,,,MedChemEx,91.48,[H][C@]1(C)NC(=O)[C@H](C)NC(=O)[C@H](CC(C)C)N(C)C(=O)[C@@H](NC(=O)[C@H](C(C)C)N(CC)C(=O)[C@@H](C)N(C)C(=O)[C@H](CC)NC(=O)[C@]([H])([C@H](O)[C@H](C)C\C=C\C)N(C)C(=O)[C@H](C(C)C)N(C)C(=O)[C@]([H])(CC(C)C)N(C)C(=O)[C@H](CC(C)C)N(C)C1=O)C(C)C,OLROWHGDTNFZBH-XEMWPYQTSA-N,Phase 3
alizapride,dopamine receptor antagonist,,gastroenterology,nausea,MedChemEx,97.78,"COc1cc2[nH]nnc2cc1C(=O)NC[C@H]1CCCN1CC=C |&1:15,r|",KSEYRUGYKHXGFW-LLVKDONJSA-N,Launched
alizarin,,,,,"Selleck, Selleck, Selleck",92.04,"Oc1ccc2C(=O)c3ccccc3C(=O)c2c1O, Oc1ccc2C(=O)c3ccccc3C(=O)c2c1O, Oc1ccc2C(=O)c3ccccc3C(=O)c2c1O","RGCKGOZRHPZPFP-UHFFFAOYSA-N, RGCKGOZRHPZPFP-UHFFFAOYSA-N, RGCKGOZRHPZPFP-UHFFFAOYSA-N",Preclinical
allantoin,cosmetic,,dermatology,skin protectant,MicroSource,97.81,NC(=O)N[C@H]1NC(=O)NC1=O |r|,POJWUDADGALRAB-SFOWXEAESA-N,Launched
allicin,cytokine production inhibitor,"TRPA1, TRPV1",,,AKSci,0,"C=CCS[S@@](=O)CC=C |&1:4,r|",JDLKFOPOAOFWQN-SECBINFHSA-N,Phase 2
allopurinol,xanthine oxidase inhibitor,XDH,"rheumatology, urology","gout, kidney stones","MicroSource, Selleck, Selleck, Selleck",100,"O=c1nc[nH]c2n[nH]cc12, O=c1nc[nH]c2n[nH]cc12, O=c1nc[nH]c2n[nH]cc12, O=c1nc[nH]c2n[nH]cc12","OFCNXPDARWKPPY-UHFFFAOYSA-N, OFCNXPDARWKPPY-UHFFFAOYSA-N, OFCNXPDARWKPPY-UHFFFAOYSA-N, OFCNXPDARWKPPY-UHFFFAOYSA-N",Launched
allopurinol-riboside,"anti-leishmanial agent, phosphorylase inhibitor",,,,"MedChemEx, Berry",100,"OC[C@H]1O[C@H]([C@H](O)[C@@H]1O)n1ncc2c(O)ncnc12, OC[C@H]1O[C@H]([C@@H](O)[C@H]1O)n1ncc2c1[nH]cnc2=O |a:2,4,7,&1:5|","KFQUAMTWOJHPEJ-DAGMQNCNSA-N, KFQUAMTWOJHPEJ-NBBQQVJHSA-N",Phase 2
allylestrenol,steroidal progestin,"ESR1, PGR, SLC6A9",obstetrics/gynecology,premature labor,ChemImpex,0,C[C@]12CC[C@H]3[C@@H](CCC4=CCCC[C@H]34)[C@@H]1CC[C@@]2(O)CC=C |t:8|,ATXHVCQZZJYMCF-XUDSTZEESA-N,Launched
allylisothiocyanate,TRPV agonist,TRPA1,,,"MicroSource, Labotest",0,"C=CCN=C=S, C=CCN=C=S","ZOJBYZNEUISWFT-UHFFFAOYSA-N, ZOJBYZNEUISWFT-UHFFFAOYSA-N",Preclinical
allylthiourea,nitrification inhibitor,,,,"MedChemEx, Selleck, MicroSource",99.31,"NC(=S)NCC=C, NC(=S)NCC=C, NC(=S)NCC=C","HTKFORQRBXIQHD-UHFFFAOYSA-N, HTKFORQRBXIQHD-UHFFFAOYSA-N, HTKFORQRBXIQHD-UHFFFAOYSA-N",Preclinical
almitrine,neurotransmitter agonist,ATP1A1,pulmonary,chronic obstructive pulmonary disease (COPD),"AKSci, AKSci",99.06,"Fc1ccc(cc1)C(N1CCN(CC1)c1nc(NCC=C)nc(NCC=C)n1)c1ccc(F)cc1, Fc1ccc(cc1)C(N1CCN(CC1)c1nc(NCC=C)nc(NCC=C)n1)c1ccc(F)cc1","OBDOVFRMEYHSQB-UHFFFAOYSA-N, OBDOVFRMEYHSQB-UHFFFAOYSA-N",Launched
almorexant,orexin receptor antagonist,"HCRTR1, HCRTR2",,,"MedChemEx, MedChemEx",97.62,"CNC(=O)[C@H](N1CCc2cc(OC)c(OC)cc2[C@@H]1CCc1ccc(cc1)C(F)(F)F)c1ccccc1, CNC(=O)[C@H](N1CCc2cc(OC)c(OC)cc2[C@@H]1CCc1ccc(cc1)C(F)(F)F)c1ccccc1","DKMACHNQISHMDN-RPLLCQBOSA-N, DKMACHNQISHMDN-RPLLCQBOSA-N",Phase 3
almotriptan,serotonin receptor agonist,"HTR1B, HTR1D",neurology/psychiatry,migraine headache,"MicroSource, Selleck, MedChemEx",98.32,"CN(C)CCc1c[nH]c2ccc(CS(=O)(=O)N3CCCC3)cc12, CN(C)CCc1c[nH]c2ccc(CS(=O)(=O)N3CCCC3)cc12, CN(C)CCc1c[nH]c2ccc(CS(=O)(=O)N3CCCC3)cc12","WKEMJKQOLOHJLZ-UHFFFAOYSA-N, WKEMJKQOLOHJLZ-UHFFFAOYSA-N, WKEMJKQOLOHJLZ-UHFFFAOYSA-N",Launched
aloe-emodin,anticancer agent,CASP8,,,Selleck,94.34,OCc1cc(O)c2C(=O)c3c(O)cccc3C(=O)c2c1,YDQWDHRMZQUTBA-UHFFFAOYSA-N,Preclinical
alogliptin,dipeptidyl peptidase inhibitor,DPP4,endocrinology,diabetes mellitus,"MedChemEx, Selleck, Selleck, Selleck, Selleck",93.62,"Cn1c(=O)cc(N2CCC[C@@H](N)C2)n(Cc2ccccc2C#N)c1=O, Cn1c(=O)cc(N2CCC[C@@H](N)C2)n(Cc2ccccc2C#N)c1=O, Cn1c(=O)cc(N2CCC[C@@H](N)C2)n(Cc2ccccc2C#N)c1=O, Cn1c(=O)cc(N2CCC[C@@H](N)C2)n(Cc2ccccc2C#N)c1=O, Cn1c(=O)cc(N2CCC[C@@H](N)C2)n(Cc2ccccc2C#N)c1=O","ZSBOMTDTBDDKMP-OAHLLOKOSA-N, ZSBOMTDTBDDKMP-OAHLLOKOSA-N, ZSBOMTDTBDDKMP-OAHLLOKOSA-N, ZSBOMTDTBDDKMP-OAHLLOKOSA-N, ZSBOMTDTBDDKMP-OAHLLOKOSA-N",Launched
aloin,angiogenesis inhibitor,,,,"MedChemEx, MicroSource, Selleck, Selleck",50.52,"OC[C@H]1O[C@H]([C@H](O)[C@@H](O)[C@@H]1O)[C@H]1c2cccc(O)c2C(=O)c2c(O)cc(CO)cc12, OC[C@H]1O[C@H]([C@H](O)[C@@H](O)[C@@H]1O)[C@H]1c2cccc(O)c2C(=O)c2c(O)cc(CO)cc12, OC[C@H]1O[C@H]([C@H](O)[C@@H](O)[C@@H]1O)[C@H]1c2cccc(O)c2C(=O)c2c(O)cc(CO)cc12, OC[C@H]1O[C@H]([C@H](O)[C@@H](O)[C@@H]1O)[C@H]1c2cccc(O)c2C(=O)c2c(O)cc(CO)cc12","AFHJQYHRLPMKHU-OSYMLPPYSA-N, AFHJQYHRLPMKHU-OSYMLPPYSA-N, AFHJQYHRLPMKHU-OSYMLPPYSA-N, AFHJQYHRLPMKHU-OSYMLPPYSA-N",Preclinical
aloperine,,,,,"Selleck, Selleck",100,"C1CCN2C[C@H]3C[C@H](C=C4CCCN[C@@H]34)[C@H]2C1 |t:8|, C1CCN2C[C@H]3C[C@H](C=C4CCCN[C@@H]34)[C@H]2C1 |t:8|","SKOLRLSBMUGVOY-GBJTYRQASA-N, SKOLRLSBMUGVOY-GBJTYRQASA-N",Preclinical
alosetron,serotonin receptor antagonist,HTR3A,,,"MedChemEx, MedChemEx, Enzo",99.02,"Cc1nc[nH]c1CN1CCc2c(C1=O)c1ccccc1n2C, Cc1nc[nH]c1CN1CCc2c(C1=O)c1ccccc1n2C, Cc1nc[nH]c1CN1CCc2c(C1=O)c1ccccc1n2C","JSWZEAMFRNKZNL-UHFFFAOYSA-N, JSWZEAMFRNKZNL-UHFFFAOYSA-N, JSWZEAMFRNKZNL-UHFFFAOYSA-N",Withdrawn
alovudine,DNA synthesis marker,,,,CombiBlocks,94.48,Cc1cn([C@H]2C[C@H](F)[C@@H](CO)O2)c(=O)[nH]c1=O,UXCAQJAQSWSNPQ-XLPZGREQSA-N,Phase 2
aloxistatin,protease inhibitor,CTSG,,,"Adooq, Adooq, Selleck, Selleck, MedChemEx, MedChemEx, Selleck",93.7,"CCOC(=O)[C@H]1O[C@@H]1C(=O)N[C@@H](CC(C)C)C(=O)NCCC(C)C, CCOC(=O)[C@H]1O[C@@H]1C(=O)N[C@@H](CC(C)C)C(=O)NCCC(C)C, CCOC(=O)[C@H]1O[C@@H]1C(=O)N[C@@H](CC(C)C)C(=O)NCCC(C)C, CCOC(=O)[C@H]1O[C@@H]1C(=O)N[C@@H](CC(C)C)C(=O)NCCC(C)C, CCOC(=O)[C@H]1O[C@@H]1C(=O)N[C@@H](CC(C)C)C(=O)NCCC(C)C, CCOC(=O)[C@H]1O[C@@H]1C(=O)N[C@@H](CC(C)C)C(=O)NCCC(C)C, CCOC(=O)[C@H]1O[C@@H]1C(=O)N[C@@H](CC(C)C)C(=O)NCCC(C)C","SRVFFFJZQVENJC-IHRRRGAJSA-N, SRVFFFJZQVENJC-IHRRRGAJSA-N, SRVFFFJZQVENJC-IHRRRGAJSA-N, SRVFFFJZQVENJC-IHRRRGAJSA-N, SRVFFFJZQVENJC-IHRRRGAJSA-N, SRVFFFJZQVENJC-IHRRRGAJSA-N, SRVFFFJZQVENJC-IHRRRGAJSA-N",Phase 3
alpelisib,PI3K inhibitor,"PIK3CA, PIK3CB, PIK3CD, PIK3CG",oncology,breast cancer,"Selleck, Selleck, Selleck, Selleck, Selleck, Selleck",91.09,"Cc1nc(NC(=O)N2CCC[C@H]2C(N)=O)sc1-c1ccnc(c1)C(C)(C)C(F)(F)F, Cc1nc(NC(=O)N2CCC[C@H]2C(N)=O)sc1-c1ccnc(c1)C(C)(C)C(F)(F)F, Cc1nc(NC(=O)N2CCC[C@H]2C(N)=O)sc1-c1ccnc(c1)C(C)(C)C(F)(F)F, Cc1nc(NC(=O)N2CCC[C@H]2C(N)=O)sc1-c1ccnc(c1)C(C)(C)C(F)(F)F, Cc1nc(NC(=O)N2CCC[C@H]2C(N)=O)sc1-c1ccnc(c1)C(C)(C)C(F)(F)F, Cc1nc(NC(=O)N2CCC[C@H]2C(N)=O)sc1-c1ccnc(c1)C(C)(C)C(F)(F)F","STUWGJZDJHPWGZ-LBPRGKRZSA-N, STUWGJZDJHPWGZ-LBPRGKRZSA-N, STUWGJZDJHPWGZ-LBPRGKRZSA-N, STUWGJZDJHPWGZ-LBPRGKRZSA-N, STUWGJZDJHPWGZ-LBPRGKRZSA-N, STUWGJZDJHPWGZ-LBPRGKRZSA-N",Launched
alpha-asarone,"cytochrome P450 inhibitor, HMGCR inhibitor",HMGCR,,,Cayman,94.23,COc1cc(OC)c(\C=C\C)cc1OC,RKFAZBXYICVSKP-AATRIKPKSA-N,Preclinical
alpha-D-glucopyranose,,,,,Sigma,0,OC[C@H]1O[C@H](O)[C@H](O)[C@@H](O)[C@@H]1O,WQZGKKKJIJFFOK-DVKNGEFBSA-N,Preclinical
alpha-glucosyl-hesperidin,antioxidant,,,,ChemImpex,76.75,COc1ccc(cc1O)[C@@H]1CC(=O)c2c(O)cc(O[C@@H]3O[C@H](CO[C@@H]4O[C@@H](C)[C@H](O)[C@@H](O)[C@H]4O)[C@@H](O[C@H]4O[C@H](CO)[C@@H](O)[C@H](O)[C@H]4O)[C@H](O)[C@H]3O)cc2O1,IMMBLRJLSYJQIZ-RBWYFKFWSA-N,Preclinical
alpha-linolenic-acid,omega 3 fatty acid stimulant,"ELOVL4, FADS1, FADS2, FFAR1, FFAR4, PTGS2, SLC8A1, TRPV1",,,"Sigma, Sigma, Sigma, Enzo, Enzo",84.81,"CC\C=C/C\C=C/C\C=C/CCCCCCCC(O)=O, CC\C=C/C\C=C/C\C=C/CCCCCCCC(O)=O, CC\C=C/C\C=C/C\C=C/CCCCCCCC(O)=O, CC\C=C/C\C=C/C\C=C/CCCCCCCC(O)=O, CC\C=C/C\C=C/C\C=C/CCCCCCCC(O)=O","DTOSIQBPPRVQHS-PDBXOOCHSA-N, DTOSIQBPPRVQHS-PDBXOOCHSA-N, DTOSIQBPPRVQHS-PDBXOOCHSA-N, DTOSIQBPPRVQHS-PDBXOOCHSA-N, DTOSIQBPPRVQHS-PDBXOOCHSA-N",Phase 3
alpha-methylhistamine-dihydrobromide-(R)-(-),histamine receptor agonist,HRH3,,,"Tocris, Tocris",100,"C[C@@H](N)Cc1cnc[nH]1, C[C@@H](N)Cc1cnc[nH]1","XNQIOISZPFVUFG-RXMQYKEDSA-N, XNQIOISZPFVUFG-RXMQYKEDSA-N",Preclinical
alpha-methylhistamine-dihydrobromide-(S)-(+),histamine receptor agonist,HRH3,,,"Tocris, Tocris",91.26,"C[C@H](N)Cc1cnc[nH]1, C[C@H](N)Cc1cnc[nH]1","XNQIOISZPFVUFG-YFKPBYRVSA-N, XNQIOISZPFVUFG-YFKPBYRVSA-N",Preclinical
alpha-methylserotonin,serotonin receptor agonist,"HTR1D, HTR1E, HTR1F, HTR2A, HTR2B, HTR2C, HTR4",,,Tocris,95.4,C[C@@H](N)Cc1c[nH]c2ccc(O)cc12 |&1:1|,LYPCGXKCQDYTFV-SSDOTTSWSA-N,Preclinical
alpha-tochopherol,antioxidant,,endocrinology,vitamin E deficiency,"MicroSource, Sigma",65.25,"CC(C)CCC[C@@H](C)CCC[C@@H](C)CCC[C@@]1(C)CCc2c(C)c(O)c(C)c(C)c2O1 |&1:6,&2:11,&3:16,r|, CC(C)CCC[C@@H](C)CCC[C@@H](C)CCC[C@@]1(C)CCc2c(C)c(O)c(C)c(C)c2O1 |&1:6,&2:11,&3:16,r|","GVJHHUAWPYXKBD-QLVXXPONSA-N, GVJHHUAWPYXKBD-QLVXXPONSA-N",Launched
alpha-tochopheryl-acetate,antioxidant,,endocrinology,vitamin E deficiency,MicroSource,93.36,"CC(C)CCC[C@@H](C)CCC[C@@H](C)CCC[C@@]1(C)CCc2c(C)c(OC(C)=O)c(C)c(C)c2O1 |&1:6,&2:11,&3:16,r|",ZAKOWWREFLAJOT-PKIAKLFDSA-N,Launched
alpidem,benzodiazepine receptor agonist,GABRA1,,,"Sigma, Sigma, Sigma",98.59,"CCCN(CCC)C(=O)Cc1c(nc2ccc(Cl)cn12)-c1ccc(Cl)cc1, CCCN(CCC)C(=O)Cc1c(nc2ccc(Cl)cn12)-c1ccc(Cl)cc1, CCCN(CCC)C(=O)Cc1c(nc2ccc(Cl)cn12)-c1ccc(Cl)cc1","JRTIDHTUMYMPRU-UHFFFAOYSA-N, JRTIDHTUMYMPRU-UHFFFAOYSA-N, JRTIDHTUMYMPRU-UHFFFAOYSA-N",Withdrawn
alprenolol,adrenergic receptor antagonist,"ADRB1, ADRB2",cardiology,angina pectoris,"Tocris, Tocris",96.05,"CC(C)NC[C@@H](O)COc1ccccc1CC=C |&1:5,r|, CC(C)NC[C@@H](O)COc1ccccc1CC=C |&1:5,r|","PAZJSJFMUHDSTF-CQSZACIVSA-N, PAZJSJFMUHDSTF-CQSZACIVSA-N",Launched
alprostadil,prostanoid receptor agonist,"CATSPER1, CATSPER2, CATSPER3, CATSPER4, PTGDR, PTGER1, PTGER2, PTGER4, PTGIR",cardiology,congenital heart defects,"Tocris, Tocris, Tocris, Selleck",100,"CCCCC[C@H](O)\C=C\[C@H]1[C@H](O)CC(=O)[C@@H]1CCCCCCC(O)=O, CCCCC[C@H](O)\C=C\[C@H]1[C@H](O)CC(=O)[C@@H]1CCCCCCC(O)=O, CCCCC[C@H](O)\C=C\[C@H]1[C@H](O)CC(=O)[C@@H]1CCCCCCC(O)=O, CCCCC[C@H](O)\C=C\[C@H]1[C@H](O)CC(=O)[C@@H]1CCCCCCC(O)=O","GMVPRGQOIOIIMI-DWKJAMRDSA-N, GMVPRGQOIOIIMI-DWKJAMRDSA-N, GMVPRGQOIOIIMI-DWKJAMRDSA-N, GMVPRGQOIOIIMI-DWKJAMRDSA-N",Launched
alrestatin,aldose reductase inhibitor,AKR1B1,,,"MicroSource, Tocris, Tocris",98.57,"OC(=O)CN1C(=O)c2cccc3cccc(C1=O)c23, OC(=O)CN1C(=O)c2cccc3cccc(C1=O)c23, OC(=O)CN1C(=O)c2cccc3cccc(C1=O)c23","GCUCIFQCGJIRNT-UHFFFAOYSA-N, GCUCIFQCGJIRNT-UHFFFAOYSA-N, GCUCIFQCGJIRNT-UHFFFAOYSA-N",Preclinical
ALS-8112,,,,,"MedChemEx, MedChemEx, MedChemEx",96.39,"Nc1ccn([C@@H]2O[C@@](CO)(CCl)[C@@H](O)[C@H]2F)c(=O)n1, Nc1ccn([C@@H]2O[C@@](CO)(CCl)[C@@H](O)[C@H]2F)c(=O)n1, Nc1ccn([C@@H]2O[C@@](CO)(CCl)[C@@H](O)[C@H]2F)c(=O)n1","AWSRKKBIPSQHOJ-IBCQBUCCSA-N, AWSRKKBIPSQHOJ-IBCQBUCCSA-N, AWSRKKBIPSQHOJ-IBCQBUCCSA-N",Phase 1
ALS-8176,RNA polymerase inhibitor,,,,MedChemEx,92.76,CC(C)C(=O)OC[C@@]1(CCl)O[C@H]([C@H](F)[C@@H]1OC(=O)C(C)C)n1ccc(N)nc1=O,MJVKYGMNSQJLIN-KYZVSKTDSA-N,Phase 1
altanserin,serotonin receptor antagonist,HTR2A,,,"Tocris, Tocris, Tocris, Tocris, Tocris",97.52,"Fc1ccc(cc1)C(=O)C1CCN(CCn2c(=S)[nH]c3ccccc3c2=O)CC1, Fc1ccc(cc1)C(=O)C1CCN(CCn2c(=S)[nH]c3ccccc3c2=O)CC1, Fc1ccc(cc1)C(=O)C1CCN(CCn2c(=S)[nH]c3ccccc3c2=O)CC1, Fc1ccc(cc1)C(=O)C1CCN(CCn2c(=S)[nH]c3ccccc3c2=O)CC1, Fc1ccc(cc1)C(=O)C1CCN(CCn2c(=S)[nH]c3ccccc3c2=O)CC1","SMYALUSCZJXWHG-UHFFFAOYSA-N, SMYALUSCZJXWHG-UHFFFAOYSA-N, SMYALUSCZJXWHG-UHFFFAOYSA-N, SMYALUSCZJXWHG-UHFFFAOYSA-N, SMYALUSCZJXWHG-UHFFFAOYSA-N",Phase 2
althiazide,diuretic,,cardiology,hypertension,"Sigma, Sigma, MicroSource",99.56,"NS(=O)(=O)c1cc2c(N[C@@H](CSCC=C)NS2(=O)=O)cc1Cl |&1:9,r|, NS(=O)(=O)c1cc2c(N[C@@H](CSCC=C)NS2(=O)=O)cc1Cl |&1:9,r|, NS(=O)(=O)c1cc2c(N[C@@H](CSCC=C)NS2(=O)=O)cc1Cl |&1:9,r|","VGLGVJVUHYTIIU-LLVKDONJSA-N, VGLGVJVUHYTIIU-LLVKDONJSA-N, VGLGVJVUHYTIIU-LLVKDONJSA-N",Launched
altinicline,nicotinic receptor agonist,"CHRNA4, CHRNB2",,,"Tocris, Tocris",95.59,"CN1CCC[C@H]1c1cncc(c1)C#C, CN1CCC[C@H]1c1cncc(c1)C#C","NUPUDYKEEJNZRG-LBPRGKRZSA-N, NUPUDYKEEJNZRG-LBPRGKRZSA-N",Phase 2
altiratinib,"MET inhibitor, VEGFR inhibitor","KDR, MET, TEK",,,"MedChemEx, MedChemEx, MedChemEx, MedChemEx, MedChemEx, MedChemEx, MedChemEx",93.9,"Fc1ccc(NC(=O)C2(CC2)C(=O)Nc2cc(F)c(Oc3ccnc(NC(=O)C4CC4)c3)cc2F)cc1, Fc1ccc(NC(=O)C2(CC2)C(=O)Nc2cc(F)c(Oc3ccnc(NC(=O)C4CC4)c3)cc2F)cc1, Fc1ccc(NC(=O)C2(CC2)C(=O)Nc2cc(F)c(Oc3ccnc(NC(=O)C4CC4)c3)cc2F)cc1, Fc1ccc(NC(=O)C2(CC2)C(=O)Nc2cc(F)c(Oc3ccnc(NC(=O)C4CC4)c3)cc2F)cc1, Fc1ccc(NC(=O)C2(CC2)C(=O)Nc2cc(F)c(Oc3ccnc(NC(=O)C4CC4)c3)cc2F)cc1, Fc1ccc(NC(=O)C2(CC2)C(=O)Nc2cc(F)c(Oc3ccnc(NC(=O)C4CC4)c3)cc2F)cc1, Fc1ccc(NC(=O)C2(CC2)C(=O)Nc2cc(F)c(Oc3ccnc(NC(=O)C4CC4)c3)cc2F)cc1","GNNDEPIMDAZHRQ-UHFFFAOYSA-N, GNNDEPIMDAZHRQ-UHFFFAOYSA-N, GNNDEPIMDAZHRQ-UHFFFAOYSA-N, GNNDEPIMDAZHRQ-UHFFFAOYSA-N, GNNDEPIMDAZHRQ-UHFFFAOYSA-N, GNNDEPIMDAZHRQ-UHFFFAOYSA-N, GNNDEPIMDAZHRQ-UHFFFAOYSA-N",Phase 1
altrenogest,progestogen hormone,PGR,endocrinology,estrus,"MedChemEx, MedChemEx",84.93,"C[C@]12C=CC3=C4CCC(=O)C=C4CC[C@H]3[C@@H]1CC[C@@]2(O)CC=C |c:2,4,10|, C[C@]12C=CC3=C4CCC(=O)C=C4CC[C@H]3[C@@H]1CC[C@@]2(O)CC=C |c:2,4,10|","VWAUPFMBXBWEQY-ANULTFPQSA-N, VWAUPFMBXBWEQY-ANULTFPQSA-N",Launched
altretamine,DNA synthesis inhibitor,,oncology,ovarian cancer,"MicroSource, Selleck",99.9,"CN(C)c1nc(nc(n1)N(C)C)N(C)C, CN(C)c1nc(nc(n1)N(C)C)N(C)C","UUVWYPNAQBNQJQ-UHFFFAOYSA-N, UUVWYPNAQBNQJQ-UHFFFAOYSA-N",Launched
alverine,muscle relaxant,HTR1A,gastroenterology,"irritable bowel syndrome, diverticular disease","MicroSource, MedChemEx, Selleck",94.35,"CCN(CCCc1ccccc1)CCCc1ccccc1, CCN(CCCc1ccccc1)CCCc1ccccc1, CCN(CCCc1ccccc1)CCCc1ccccc1","ZPFXAOWNKLFJDN-UHFFFAOYSA-N, ZPFXAOWNKLFJDN-UHFFFAOYSA-N, ZPFXAOWNKLFJDN-UHFFFAOYSA-N",Launched
alvespimycin,HSP inhibitor,HSP90AA1,,,"Selleck, Selleck, Selleck, Selleck, Selleck, Selleck, MedChemEx, MedChemEx",96.5,"CO[C@H]1C[C@H](C)CC2=C(NCCN(C)C)C(=O)C=C(NC(=O)\C(C)=C\C=C/[C@H](OC)[C@@H](OC(N)=O)\C(C)=C\[C@H](C)[C@H]1O)C2=O |c:7,25,t:17,23,36|, CO[C@H]1C[C@H](C)CC2=C(NCCN(C)C)C(=O)C=C(NC(=O)\C(C)=C\C=C/[C@H](OC)[C@@H](OC(N)=O)\C(C)=C\[C@H](C)[C@H]1O)C2=O |c:7,25,t:17,23,36|, CO[C@H]1C[C@H](C)CC2=C(NCCN(C)C)C(=O)C=C(NC(=O)\C(C)=C\C=C/[C@H](OC)[C@@H](OC(N)=O)\C(C)=C\[C@H](C)[C@H]1O)C2=O |c:7,25,t:17,23,36|, CO[C@H]1C[C@H](C)CC2=C(NCCN(C)C)C(=O)C=C(NC(=O)\C(C)=C\C=C/[C@H](OC)[C@@H](OC(N)=O)\C(C)=C\[C@H](C)[C@H]1O)C2=O |c:7,25,t:17,23,36|, CO[C@H]1C[C@H](C)CC2=C(NCCN(C)C)C(=O)C=C(NC(=O)\C(C)=C\C=C/[C@H](OC)[C@@H](OC(N)=O)\C(C)=C\[C@H](C)[C@H]1O)C2=O |c:7,25,t:17,23,36|, CO[C@H]1C[C@H](C)CC2=C(NCCN(C)C)C(=O)C=C(NC(=O)\C(C)=C\C=C/[C@H](OC)[C@@H](OC(N)=O)\C(C)=C\[C@H](C)[C@H]1O)C2=O |c:7,25,t:17,23,36|, CO[C@H]1C[C@H](C)CC2=C(NCCN(C)C)C(=O)C=C(NC(=O)\C(C)=C\C=C/[C@H](OC)[C@@H](OC(N)=O)\C(C)=C\[C@H](C)[C@H]1O)C2=O |c:7,25,t:17,23,36|, CO[C@H]1C[C@H](C)CC2=C(NCCN(C)C)C(=O)C=C(NC(=O)\C(C)=C\C=C/[C@H](OC)[C@@H](OC(N)=O)\C(C)=C\[C@H](C)[C@H]1O)C2=O |c:7,25,t:17,23,36|","KUFRQPKVAWMTJO-UBNVGODQSA-N, KUFRQPKVAWMTJO-UBNVGODQSA-N, KUFRQPKVAWMTJO-UBNVGODQSA-N, KUFRQPKVAWMTJO-UBNVGODQSA-N, KUFRQPKVAWMTJO-UBNVGODQSA-N, KUFRQPKVAWMTJO-UBNVGODQSA-N, KUFRQPKVAWMTJO-UBNVGODQSA-N, KUFRQPKVAWMTJO-UBNVGODQSA-N",Phase 2
alvimopan,opioid receptor antagonist,"OPRD1, OPRK1, OPRM1",gastroenterology,postoperative ileus,"MedChemEx, MedChemEx, MedChemEx, MedChemEx",97.74,"C[C@H]1CN(C[C@H](Cc2ccccc2)C(=O)NCC(O)=O)CC[C@@]1(C)c1cccc(O)c1, C[C@H]1CN(C[C@H](Cc2ccccc2)C(=O)NCC(O)=O)CC[C@@]1(C)c1cccc(O)c1, C[C@H]1CN(C[C@H](Cc2ccccc2)C(=O)NCC(O)=O)CC[C@@]1(C)c1cccc(O)c1, C[C@H]1CN(C[C@H](Cc2ccccc2)C(=O)NCC(O)=O)CC[C@@]1(C)c1cccc(O)c1","UPNUIXSCZBYVBB-JVFUWBCBSA-N, UPNUIXSCZBYVBB-JVFUWBCBSA-N, UPNUIXSCZBYVBB-JVFUWBCBSA-N, UPNUIXSCZBYVBB-JVFUWBCBSA-N",Launched
alvocidib,CDK inhibitor,"CDK1, CDK2, CDK4, CDK5, CDK6, CDK7, CDK8, CDK9, EGFR, PYGM",,,"Tocris, Tocris, Tocris, Tocris, Tocris, Selleck, Selleck, Selleck, Selleck",96.8,"CN1CC[C@@H]([C@H](O)C1)c1c(O)cc(O)c2c1oc(cc2=O)-c1ccccc1Cl, CN1CC[C@@H]([C@H](O)C1)c1c(O)cc(O)c2c1oc(cc2=O)-c1ccccc1Cl, CN1CC[C@@H]([C@H](O)C1)c1c(O)cc(O)c2c1oc(cc2=O)-c1ccccc1Cl, CN1CC[C@@H]([C@H](O)C1)c1c(O)cc(O)c2c1oc(cc2=O)-c1ccccc1Cl, CN1CC[C@@H]([C@H](O)C1)c1c(O)cc(O)c2c1oc(cc2=O)-c1ccccc1Cl, CN1CC[C@@H]([C@H](O)C1)c1c(O)cc(O)c2c1oc(cc2=O)-c1ccccc1Cl, CN1CC[C@@H]([C@H](O)C1)c1c(O)cc(O)c2c1oc(cc2=O)-c1ccccc1Cl, CN1CC[C@@H]([C@H](O)C1)c1c(O)cc(O)c2c1oc(cc2=O)-c1ccccc1Cl, CN1CC[C@@H]([C@H](O)C1)c1c(O)cc(O)c2c1oc(cc2=O)-c1ccccc1Cl","BIIVYFLTOXDAOV-YVEFUNNKSA-N, BIIVYFLTOXDAOV-YVEFUNNKSA-N, BIIVYFLTOXDAOV-YVEFUNNKSA-N, BIIVYFLTOXDAOV-YVEFUNNKSA-N, BIIVYFLTOXDAOV-YVEFUNNKSA-N, BIIVYFLTOXDAOV-YVEFUNNKSA-N, BIIVYFLTOXDAOV-YVEFUNNKSA-N, BIIVYFLTOXDAOV-YVEFUNNKSA-N, BIIVYFLTOXDAOV-YVEFUNNKSA-N",Phase 2
ALX-40-4C,CC chemokine receptor antagonist,,,,MedChemEx,0,CC(=O)N[C@H](CCCNC(N)=N)C(=O)N[C@H](CCCNC(N)=N)C(=O)N[C@H](CCCNC(N)=N)C(=O)N[C@H](CCCNC(N)=N)C(=O)N[C@H](CCCNC(N)=N)C(=O)N[C@H](CCCNC(N)=N)C(=O)N[C@H](CCCNC(N)=N)C(=O)N[C@H](CCCNC(N)=N)C(=O)N[C@H](CCCNC(N)=N)C(N)=O,LGLVVVCSQBZONM-HCCLCSBVSA-N,Preclinical
ALX-5407,glycine transporter inhibitor,SLC6A9,,,"Tocris, Tocris, Tocris",98.56,"CN(CC[C@@H](Oc1ccc(cc1)-c1ccccc1)c1ccc(F)cc1)CC(O)=O, CN(CC[C@@H](Oc1ccc(cc1)-c1ccccc1)c1ccc(F)cc1)CC(O)=O, CN(CC[C@@H](Oc1ccc(cc1)-c1ccccc1)c1ccc(F)cc1)CC(O)=O","FDORQEIHOKEJNX-HSZRJFAPSA-N, FDORQEIHOKEJNX-HSZRJFAPSA-N, FDORQEIHOKEJNX-HSZRJFAPSA-N",Phase 1
AM-1241,cannabinoid receptor agonist,"CNR1, CNR2",,,"Selleck, Selleck, Selleck",97.4,"CN1CCCC[C@@H]1Cn1cc(C(=O)c2cc(ccc2I)[N+]([O-])=O)c2ccccc12 |&1:6,r|, CN1CCCC[C@@H]1Cn1cc(C(=O)c2cc(ccc2I)[N+]([O-])=O)c2ccccc12 |&1:6,r|, CN1CCCC[C@@H]1Cn1cc(C(=O)c2cc(ccc2I)[N+]([O-])=O)c2ccccc12 |&1:6,r|","ZUHIXXCLLBMBDW-MRXNPFEDSA-N, ZUHIXXCLLBMBDW-MRXNPFEDSA-N, ZUHIXXCLLBMBDW-MRXNPFEDSA-N",Preclinical
AM-24,lipoxygenase inhibitor,ALOX5,,,"Enamine, Enamine, Enamine",99.73,"Oc1c(I)cc(I)cc1I, Oc1c(I)cc(I)cc1I, Oc1c(I)cc(I)cc1I","VAPDZNUFNKUROY-UHFFFAOYSA-N, VAPDZNUFNKUROY-UHFFFAOYSA-N, VAPDZNUFNKUROY-UHFFFAOYSA-N",Phase 2
AM-251,cannabinoid receptor antagonist,"CNR1, GPR18, GPR55",,,"Tocris, Tocris, Selleck, Tocris",98.46,"Cc1c(nn(c1-c1ccc(I)cc1)-c1ccc(Cl)cc1Cl)C(=O)NN1CCCCC1, Cc1c(nn(c1-c1ccc(I)cc1)-c1ccc(Cl)cc1Cl)C(=O)NN1CCCCC1, Cc1c(nn(c1-c1ccc(I)cc1)-c1ccc(Cl)cc1Cl)C(=O)NN1CCCCC1, Cc1c(nn(c1-c1ccc(I)cc1)-c1ccc(Cl)cc1Cl)C(=O)NN1CCCCC1","BUZAJRPLUGXRAB-UHFFFAOYSA-N, BUZAJRPLUGXRAB-UHFFFAOYSA-N, BUZAJRPLUGXRAB-UHFFFAOYSA-N, BUZAJRPLUGXRAB-UHFFFAOYSA-N",Preclinical
AM-281,cannabinoid receptor antagonist,"CNR1, CNR2, GPR55",,,"Tocris, Tocris",95.57,"Cc1c(nn(c1-c1ccc(I)cc1)-c1ccc(Cl)cc1Cl)C(=O)NN1CCOCC1, Cc1c(nn(c1-c1ccc(I)cc1)-c1ccc(Cl)cc1Cl)C(=O)NN1CCOCC1","AJFFBPZYXRNAIC-UHFFFAOYSA-N, AJFFBPZYXRNAIC-UHFFFAOYSA-N",Preclinical
AM-404,"cyclooxygenase inhibitor, FAAH inhibitor, TRPV antagonist","CNR1, CNR2, FAAH, TRPV1",,,"Tocris, Tocris, Tocris, Tocris, Tocris",95.22,"CCCCC\C=C/C\C=C/C\C=C/C\C=C/CCCC(=O)Nc1ccc(O)cc1, CCCCC\C=C/C\C=C/C\C=C/C\C=C/CCCC(=O)Nc1ccc(O)cc1, CCCCC\C=C/C\C=C/C\C=C/C\C=C/CCCC(=O)Nc1ccc(O)cc1, CCCCC\C=C/C\C=C/C\C=C/C\C=C/CCCC(=O)Nc1ccc(O)cc1, CCCCC\C=C/C\C=C/C\C=C/C\C=C/CCCC(=O)Nc1ccc(O)cc1","IJBZOOZRAXHERC-DOFZRALJSA-N, IJBZOOZRAXHERC-DOFZRALJSA-N, IJBZOOZRAXHERC-DOFZRALJSA-N, IJBZOOZRAXHERC-DOFZRALJSA-N, IJBZOOZRAXHERC-DOFZRALJSA-N",Preclinical
AM-580,retinoid receptor agonist,RARA,,,"Tocris, Tocris, Tocris, Tocris, Tocris",98.56,"CC1(C)CCC(C)(C)c2cc(ccc12)C(=O)Nc1ccc(cc1)C(O)=O, CC1(C)CCC(C)(C)c2cc(ccc12)C(=O)Nc1ccc(cc1)C(O)=O, CC1(C)CCC(C)(C)c2cc(ccc12)C(=O)Nc1ccc(cc1)C(O)=O, CC1(C)CCC(C)(C)c2cc(ccc12)C(=O)Nc1ccc(cc1)C(O)=O, CC1(C)CCC(C)(C)c2cc(ccc12)C(=O)Nc1ccc(cc1)C(O)=O","SZWKGOZKRMMLAJ-UHFFFAOYSA-N, SZWKGOZKRMMLAJ-UHFFFAOYSA-N, SZWKGOZKRMMLAJ-UHFFFAOYSA-N, SZWKGOZKRMMLAJ-UHFFFAOYSA-N, SZWKGOZKRMMLAJ-UHFFFAOYSA-N",Preclinical
AM-630,cannabinoid receptor antagonist,"CNR1, CNR2",,,"Tocris, Tocris, Tocris, Tocris, Tocris, Tocris",97.3,"COc1ccc(cc1)C(=O)c1c(C)n(CCN2CCOCC2)c2cc(I)ccc12, COc1ccc(cc1)C(=O)c1c(C)n(CCN2CCOCC2)c2cc(I)ccc12, COc1ccc(cc1)C(=O)c1c(C)n(CCN2CCOCC2)c2cc(I)ccc12, COc1ccc(cc1)C(=O)c1c(C)n(CCN2CCOCC2)c2cc(I)ccc12, COc1ccc(cc1)C(=O)c1c(C)n(CCN2CCOCC2)c2cc(I)ccc12, COc1ccc(cc1)C(=O)c1c(C)n(CCN2CCOCC2)c2cc(I)ccc12","JHOTYHDSLIUKCJ-UHFFFAOYSA-N, JHOTYHDSLIUKCJ-UHFFFAOYSA-N, JHOTYHDSLIUKCJ-UHFFFAOYSA-N, JHOTYHDSLIUKCJ-UHFFFAOYSA-N, JHOTYHDSLIUKCJ-UHFFFAOYSA-N, JHOTYHDSLIUKCJ-UHFFFAOYSA-N",Preclinical
AM-92016,potassium channel blocker,GRIN1,,,"Tocris, Tocris, Tocris",94.4,"CN(CCc1ccc(Cl)c(Cl)c1)C[C@@H](O)COc1ccc(NS(C)(=O)=O)cc1 |&1:13|, CN(CCc1ccc(Cl)c(Cl)c1)C[C@@H](O)COc1ccc(NS(C)(=O)=O)cc1 |&1:13|, CN(CCc1ccc(Cl)c(Cl)c1)C[C@@H](O)COc1ccc(NS(C)(=O)=O)cc1 |&1:13|","BQBSHJUQVIWEFM-MRXNPFEDSA-N, BQBSHJUQVIWEFM-MRXNPFEDSA-N, BQBSHJUQVIWEFM-MRXNPFEDSA-N",Preclinical
amantadine,glutamate receptor antagonist,"DRD2, GRIN2A, GRIN2B, GRIN2C, GRIN2D, GRIN3A","infectious disease, neurology/psychiatry","influenza A virus infection, Parkinson's Disease","MicroSource, MicroSource, Selleck",100,"NC12CC3CC(CC(C3)C1)C2, NC12CC3CC(CC(C3)C1)C2, NC12CC3CC(CC(C3)C1)C2","DKNWSYNQZKUICI-UHFFFAOYSA-N, DKNWSYNQZKUICI-UHFFFAOYSA-N, DKNWSYNQZKUICI-UHFFFAOYSA-N",Launched
ambazone,DNA damage inducer,,,,"Kemprotec, Vitas-M, Vitas-M",84,"NC(=S)NNc1ccc(cc1)N=NC(N)=N, NC(=S)NNc1ccc(cc1)N=NC(N)=N, NC(=S)NNc1ccc(cc1)N=NC(N)=N","HQDSAVMTLKVTGJ-UHFFFAOYSA-N, HQDSAVMTLKVTGJ-UHFFFAOYSA-N, HQDSAVMTLKVTGJ-UHFFFAOYSA-N",Phase 1
ambenonium,cholinesterase inhibitor,ACHE,neurology/psychiatry,myasthenia gravis,"Tocris, Tocris, Tocris, Tocris",93.62,"CC[N+](CC)(CCNC(=O)C(=O)NCC[N+](CC)(CC)Cc1ccccc1Cl)Cc1ccccc1Cl, CC[N+](CC)(CCNC(=O)C(=O)NCC[N+](CC)(CC)Cc1ccccc1Cl)Cc1ccccc1Cl, CC[N+](CC)(CCNC(=O)C(=O)NCC[N+](CC)(CC)Cc1ccccc1Cl)Cc1ccccc1Cl, CC[N+](CC)(CCNC(=O)C(=O)NCC[N+](CC)(CC)Cc1ccccc1Cl)Cc1ccccc1Cl","OMHBPUNFVFNHJK-UHFFFAOYSA-P, OMHBPUNFVFNHJK-UHFFFAOYSA-P, OMHBPUNFVFNHJK-UHFFFAOYSA-P, OMHBPUNFVFNHJK-UHFFFAOYSA-P",Launched
ambrisentan,endothelin receptor antagonist,"EDNRA, EDNRB",pulmonary,pulmonary arterial hypertension (PAH),"MedChemEx, Selleck",97.47,"COC([C@H](Oc1nc(C)cc(C)n1)C(O)=O)(c1ccccc1)c1ccccc1, COC([C@H](Oc1nc(C)cc(C)n1)C(O)=O)(c1ccccc1)c1ccccc1","OUJTZYPIHDYQMC-LJQANCHMSA-N, OUJTZYPIHDYQMC-LJQANCHMSA-N",Launched
ambroxol,sodium channel blocker,CYP3A4,pulmonary,bronchitis,"MicroSource, Tocris, Tocris, Tocris, Tocris, Selleck",97.58,"Nc1c(Br)cc(Br)cc1CN[C@H]1CC[C@H](O)CC1 |r|, Nc1c(Br)cc(Br)cc1CN[C@H]1CC[C@H](O)CC1 |r|, Nc1c(Br)cc(Br)cc1CN[C@H]1CC[C@H](O)CC1 |r|, Nc1c(Br)cc(Br)cc1CN[C@H]1CC[C@H](O)CC1 |r|, Nc1c(Br)cc(Br)cc1CN[C@H]1CC[C@H](O)CC1 |r|, Nc1c(Br)cc(Br)cc1CN[C@H]1CC[C@H](O)CC1 |r|","JBDGDEWWOUBZPM-XYPYZODXSA-N, JBDGDEWWOUBZPM-XYPYZODXSA-N, JBDGDEWWOUBZPM-XYPYZODXSA-N, JBDGDEWWOUBZPM-XYPYZODXSA-N, JBDGDEWWOUBZPM-XYPYZODXSA-N, JBDGDEWWOUBZPM-XYPYZODXSA-N",Launched
amcasertib,kinase inhibitor,,,,MedChemEx,89.6,CCN(CC)CCNC(=O)c1c(C)[nH]c(\C=C2\C(=O)Nc3ccc(cc23)-c2csc(n2)-c2ccccc2)c1C,QDWKGEFGLQMDAM-JJIBRWJFSA-N,Phase 2
amcinonide,glucocorticoid receptor agonist,NR3C1,dermatology,corticosteroid-responsive dermatoses,MicroSource,96.95,"CC(=O)OCC(=O)[C@@]12OC3(CCCC3)O[C@@H]1C[C@H]1[C@H]3CCC4=CC(=O)C=C[C@]4(C)[C@@]3(F)[C@@H](O)C[C@]21C |a:7,15,27,29,31,34,&1:17,&2:18,c:27,t:23|",ILKJAFIWWBXGDU-KNPIAJNZSA-N,Launched
AMD-3465,CC chemokine receptor antagonist,CXCR4,,,"Tocris, Tocris, Tocris",100,"C(NCc1ccccn1)c1ccc(CN2CCCNCCNCCCNCC2)cc1, C(NCc1ccccn1)c1ccc(CN2CCCNCCNCCCNCC2)cc1, C(NCc1ccccn1)c1ccc(CN2CCCNCCNCCCNCC2)cc1","CWJJHESJXJQCJA-UHFFFAOYSA-N, CWJJHESJXJQCJA-UHFFFAOYSA-N, CWJJHESJXJQCJA-UHFFFAOYSA-N",Preclinical
amdinocillin,bacterial cell wall synthesis inhibitor,,infectious disease,"urinary tract infections, gram-negative bacterial infections","Sigma, Sigma",61.16,"CC1(C)S[C@@H]2[C@H](\N=C\N3CCCCCC3)C(=O)N2[C@H]1C(O)=O, CC1(C)S[C@@H]2[C@H](\N=C\N3CCCCCC3)C(=O)N2[C@H]1C(O)=O","BWWVAEOLVKTZFQ-ISVUSNJMSA-N, BWWVAEOLVKTZFQ-ISVUSNJMSA-N",Launched
AMD11070,CC chemokine receptor antagonist,"CCR5, CXCR4",,,"MedChemEx, MedChemEx, MedChemEx",94.61,"NCCCCN(Cc1nc2ccccc2[nH]1)[C@H]1CCCc2cccnc12, NCCCCN(Cc1nc2ccccc2[nH]1)[C@H]1CCCc2cccnc12, NCCCCN(Cc1nc2ccccc2[nH]1)[C@H]1CCCc2cccnc12","WVLHHLRVNDMIAR-IBGZPJMESA-N, WVLHHLRVNDMIAR-IBGZPJMESA-N, WVLHHLRVNDMIAR-IBGZPJMESA-N",Phase 3
ameltolide,anticonvulsant,,,,"Vitas-M, Vitas-M",98.29,"Cc1cccc(C)c1NC(=O)c1ccc(N)cc1, Cc1cccc(C)c1NC(=O)c1ccc(N)cc1","HZIWGOAXOBPQGY-UHFFFAOYSA-N, HZIWGOAXOBPQGY-UHFFFAOYSA-N",Preclinical
amenamevir,helicase primase inhibitor,,,,"MedChemEx, MedChemEx",87.31,"Cc1cccc(C)c1N(CC(=O)Nc1ccc(cc1)-c1ncon1)C(=O)C1CCS(=O)(=O)CC1, Cc1cccc(C)c1N(CC(=O)Nc1ccc(cc1)-c1ncon1)C(=O)C1CCS(=O)(=O)CC1","MNHNIVNAFBSLLX-UHFFFAOYSA-N, MNHNIVNAFBSLLX-UHFFFAOYSA-N",Phase 1
ametantrone,anticancer agent,,,,Astatech,87.98,OCCNCCNc1ccc(NCCNCCO)c2C(=O)c3ccccc3C(=O)c12,FFGSXKJJVBXWCY-UHFFFAOYSA-N,Preclinical
amezinium,adrenergic receptor agonist,ADRB2,cardiology,hypotension,"CombiBlocks, CombiBlocks",74.42,"COc1cc(N)cn[n+]1-c1ccccc1, COc1cc(N)cn[n+]1-c1ccccc1","VXROHTDSRBRJLN-UHFFFAOYSA-O, VXROHTDSRBRJLN-UHFFFAOYSA-O",Launched
amfenac,cyclooxygenase inhibitor,"PTGS1, PTGS2",neurology/psychiatry,pain relief,"Selleck, MedChemEx",96.17,"Nc1c(CC(O)=O)cccc1C(=O)c1ccccc1, Nc1c(CC(O)=O)cccc1C(=O)c1ccccc1","SOYCMDCMZDHQFP-UHFFFAOYSA-N, SOYCMDCMZDHQFP-UHFFFAOYSA-N",Launched
amflutizole,xanthine oxidase inhibitor,XDH,,,"Enamine, Enamine, Enamine",96.22,"Nc1c(snc1-c1cccc(c1)C(F)(F)F)C(O)=O, Nc1c(snc1-c1cccc(c1)C(F)(F)F)C(O)=O, Nc1c(snc1-c1cccc(c1)C(F)(F)F)C(O)=O","KVMCEGAWQYTFKC-UHFFFAOYSA-N, KVMCEGAWQYTFKC-UHFFFAOYSA-N, KVMCEGAWQYTFKC-UHFFFAOYSA-N",Phase 2
AMG-PERK-44,PERK inhibitor,EIF2AK4,,,"Tocris, Tocris, Tocris",97.69,"Cc1ccc2cc(ccc2n1)-c1c(C)ccc(C(=O)c2c(-c3ccccc3)n(C)n(-c3ccccc3)c2=O)c1N, Cc1ccc2cc(ccc2n1)-c1c(C)ccc(C(=O)c2c(-c3ccccc3)n(C)n(-c3ccccc3)c2=O)c1N, Cc1ccc2cc(ccc2n1)-c1c(C)ccc(C(=O)c2c(-c3ccccc3)n(C)n(-c3ccccc3)c2=O)c1N","YPPSMYLMSKHYAY-UHFFFAOYSA-N, YPPSMYLMSKHYAY-UHFFFAOYSA-N, YPPSMYLMSKHYAY-UHFFFAOYSA-N",Preclinical
AMG-176,MCL1 inhibitor,,,,Broad Institute,96.01,CO[C@H]1\C=C\C[C@H](C)[C@@H](C)S(=O)(=O)NC(=O)c2ccc3OC[C@]4(CCCc5cc(Cl)ccc45)CN(C[C@@H]4CC[C@@H]14)c3c2 |t:3|,JQNINBDKGLWYMU-PTJFNUENSA-N,Phase 1
AMG-208,tyrosine kinase inhibitor,MET,,,"MedChemEx, MedChemEx",99.83,"COc1ccc2c(OCc3nnc4ccc(nn34)-c3ccccc3)ccnc2c1, COc1ccc2c(OCc3nnc4ccc(nn34)-c3ccccc3)ccnc2c1","HEAIZQNMNCHNFD-UHFFFAOYSA-N, HEAIZQNMNCHNFD-UHFFFAOYSA-N",Phase 1
AMG-232,MDM inhibitor,MDM2,,,"MedChemEx, MedChemEx, MedChemEx, MedChemEx, MedChemEx, MedChemEx, MedChemEx, MedChemEx, MedChemEx",98.92,"CC(C)[C@@H](CS(=O)(=O)C(C)C)N1[C@@H]([C@H](C[C@](C)(CC(O)=O)C1=O)c1cccc(Cl)c1)c1ccc(Cl)cc1, CC(C)[C@@H](CS(=O)(=O)C(C)C)N1[C@@H]([C@H](C[C@](C)(CC(O)=O)C1=O)c1cccc(Cl)c1)c1ccc(Cl)cc1, CC(C)[C@@H](CS(=O)(=O)C(C)C)N1[C@@H]([C@H](C[C@](C)(CC(O)=O)C1=O)c1cccc(Cl)c1)c1ccc(Cl)cc1, CC(C)[C@@H](CS(=O)(=O)C(C)C)N1[C@@H]([C@H](C[C@](C)(CC(O)=O)C1=O)c1cccc(Cl)c1)c1ccc(Cl)cc1, CC(C)[C@@H](CS(=O)(=O)C(C)C)N1[C@@H]([C@H](C[C@](C)(CC(O)=O)C1=O)c1cccc(Cl)c1)c1ccc(Cl)cc1, CC(C)[C@@H](CS(=O)(=O)C(C)C)N1[C@@H]([C@H](C[C@](C)(CC(O)=O)C1=O)c1cccc(Cl)c1)c1ccc(Cl)cc1, CC(C)[C@@H](CS(=O)(=O)C(C)C)N1[C@@H]([C@H](C[C@](C)(CC(O)=O)C1=O)c1cccc(Cl)c1)c1ccc(Cl)cc1, CC(C)[C@@H](CS(=O)(=O)C(C)C)N1[C@@H]([C@H](C[C@](C)(CC(O)=O)C1=O)c1cccc(Cl)c1)c1ccc(Cl)cc1, CC(C)[C@@H](CS(=O)(=O)C(C)C)N1[C@@H]([C@H](C[C@](C)(CC(O)=O)C1=O)c1cccc(Cl)c1)c1ccc(Cl)cc1","DRLCSJFKKILATL-YWCVFVGNSA-N, DRLCSJFKKILATL-YWCVFVGNSA-N, DRLCSJFKKILATL-YWCVFVGNSA-N, DRLCSJFKKILATL-YWCVFVGNSA-N, DRLCSJFKKILATL-YWCVFVGNSA-N, DRLCSJFKKILATL-YWCVFVGNSA-N, DRLCSJFKKILATL-YWCVFVGNSA-N, DRLCSJFKKILATL-YWCVFVGNSA-N, DRLCSJFKKILATL-YWCVFVGNSA-N",Phase 2
AMG-319,PI3K inhibitor,PIK3CD,,,MedChemEx,98.62,C[C@H](Nc1ncnc2nc[nH]c12)c1cc2ccc(F)cc2nc1-c1ccccn1,KWRYMZHCQIOOEB-LBPRGKRZSA-N,Phase 2
AMG-337,MET inhibitor,MET,,,"MedChemEx, MedChemEx, MedChemEx",97.7,"COCCOc1cnc2ccn([C@H](C)c3nnc4c(F)cc(cn34)-c3cnn(C)c3)c(=O)c2c1, COCCOc1cnc2ccn([C@H](C)c3nnc4c(F)cc(cn34)-c3cnn(C)c3)c(=O)c2c1, COCCOc1cnc2ccn([C@H](C)c3nnc4c(F)cc(cn34)-c3cnn(C)c3)c(=O)c2c1","DWHXUGDWKAIASB-CQSZACIVSA-N, DWHXUGDWKAIASB-CQSZACIVSA-N, DWHXUGDWKAIASB-CQSZACIVSA-N",Phase 2
AMG-487,CC chemokine receptor antagonist,,,,"MedChemEx, MedChemEx, MedChemEx, MedChemEx",98.21,"CCOc1ccc(cc1)-n1c(nc2ncccc2c1=O)[C@@H](C)N(Cc1cccnc1)C(=O)Cc1ccc(OC(F)(F)F)cc1, CCOc1ccc(cc1)-n1c(nc2ncccc2c1=O)[C@@H](C)N(Cc1cccnc1)C(=O)Cc1ccc(OC(F)(F)F)cc1, CCOc1ccc(cc1)-n1c(nc2ncccc2c1=O)[C@@H](C)N(Cc1cccnc1)C(=O)Cc1ccc(OC(F)(F)F)cc1, CCOc1ccc(cc1)-n1c(nc2ncccc2c1=O)[C@@H](C)N(Cc1cccnc1)C(=O)Cc1ccc(OC(F)(F)F)cc1","WQTKNBPCJKRYPA-OAQYLSRUSA-N, WQTKNBPCJKRYPA-OAQYLSRUSA-N, WQTKNBPCJKRYPA-OAQYLSRUSA-N, WQTKNBPCJKRYPA-OAQYLSRUSA-N",Phase 2
AMG-487-(+/-),CC chemokine receptor antagonist,CXCR3,,,"Tocris, Tocris, Tocris",97.4,"CCOc1ccc(cc1)-n1c(nc2ncccc2c1=O)[C@@H](C)N(Cc1cccnc1)C(=O)Cc1ccc(OC(F)(F)F)cc1 |&1:20,r|, CCOc1ccc(cc1)-n1c(nc2ncccc2c1=O)[C@@H](C)N(Cc1cccnc1)C(=O)Cc1ccc(OC(F)(F)F)cc1 |&1:20,r|, CCOc1ccc(cc1)-n1c(nc2ncccc2c1=O)[C@@H](C)N(Cc1cccnc1)C(=O)Cc1ccc(OC(F)(F)F)cc1 |&1:20,r|","WQTKNBPCJKRYPA-OAQYLSRUSA-N, WQTKNBPCJKRYPA-OAQYLSRUSA-N, WQTKNBPCJKRYPA-OAQYLSRUSA-N",Phase 2
AMG-510,K-Ras inhibitor,,,,"MedChemEx, MedChemEx",99.17,"CC(C)c1nccc(C)c1-n1c2nc(c(F)cc2c(nc1=O)N1CCN(C[C@@H]1C)C(=O)C=C)-c1c(O)cccc1F, CC(C)c1nccc(C)c1-n1c2nc(c(F)cc2c(nc1=O)N1CCN(C[C@@H]1C)C(=O)C=C)-c1c(O)cccc1F","NXQKSXLFSAEQCZ-SFHVURJKSA-N, NXQKSXLFSAEQCZ-SFHVURJKSA-N",Phase 1/Phase 2
AMG-517,TRPV antagonist,TRPV1,,,"Tocris, Tocris, Selleck, Selleck",98.16,"CC(=O)Nc1nc2c(Oc3cc(ncn3)-c3ccc(cc3)C(F)(F)F)cccc2s1, CC(=O)Nc1nc2c(Oc3cc(ncn3)-c3ccc(cc3)C(F)(F)F)cccc2s1, CC(=O)Nc1nc2c(Oc3cc(ncn3)-c3ccc(cc3)C(F)(F)F)cccc2s1, CC(=O)Nc1nc2c(Oc3cc(ncn3)-c3ccc(cc3)C(F)(F)F)cccc2s1","YUTIXVXZQIQWGY-UHFFFAOYSA-N, YUTIXVXZQIQWGY-UHFFFAOYSA-N, YUTIXVXZQIQWGY-UHFFFAOYSA-N, YUTIXVXZQIQWGY-UHFFFAOYSA-N",Phase 1
AMG-548,MAP kinase inhibitor,"MAPK11, MAPK12, MAPK13, MAPK14",,,"Tocris, Tocris, Tocris",87.61,"Cn1c(NC[C@@H](N)Cc2ccccc2)nc(-c2ccncc2)c(-c2ccc3ccccc3c2)c1=O, Cn1c(NC[C@@H](N)Cc2ccccc2)nc(-c2ccncc2)c(-c2ccc3ccccc3c2)c1=O, Cn1c(NC[C@@H](N)Cc2ccccc2)nc(-c2ccncc2)c(-c2ccc3ccccc3c2)c1=O","RQVKVJIRFKVPBF-VWLOTQADSA-N, RQVKVJIRFKVPBF-VWLOTQADSA-N, RQVKVJIRFKVPBF-VWLOTQADSA-N",Phase 1
AMG-837,free fatty acid receptor agonist,FFAR1,,,"Tocris, MedChemEx, MedChemEx, MedChemEx, MedChemEx",97.49,"CC#C[C@@H](CC(O)=O)c1ccc(OCc2cccc(c2)-c2ccc(cc2)C(F)(F)F)cc1, CC#C[C@@H](CC(O)=O)c1ccc(OCc2cccc(c2)-c2ccc(cc2)C(F)(F)F)cc1, CC#C[C@@H](CC(O)=O)c1ccc(OCc2cccc(c2)-c2ccc(cc2)C(F)(F)F)cc1, CC#C[C@@H](CC(O)=O)c1ccc(OCc2cccc(c2)-c2ccc(cc2)C(F)(F)F)cc1, CC#C[C@@H](CC(O)=O)c1ccc(OCc2cccc(c2)-c2ccc(cc2)C(F)(F)F)cc1","ZOPNBMMVVZRSGH-NRFANRHFSA-N, ZOPNBMMVVZRSGH-NRFANRHFSA-N, ZOPNBMMVVZRSGH-NRFANRHFSA-N, ZOPNBMMVVZRSGH-NRFANRHFSA-N, ZOPNBMMVVZRSGH-NRFANRHFSA-N",Phase 1
AMG-925,"CDK inhibitor, FLT3 inhibitor","CDK4, CDK6, FLT3",,,"MedChemEx, MedChemEx, MedChemEx, MedChemEx",94.57,"C[C@H]1CC[C@@H](CC1)n1c2cnccc2c2cnc(Nc3ccc4CN(CCc4n3)C(=O)CO)nc12 |r|, C[C@H]1CC[C@@H](CC1)n1c2cnccc2c2cnc(Nc3ccc4CN(CCc4n3)C(=O)CO)nc12 |r|, C[C@H]1CC[C@@H](CC1)n1c2cnccc2c2cnc(Nc3ccc4CN(CCc4n3)C(=O)CO)nc12 |r|, C[C@H]1CC[C@@H](CC1)n1c2cnccc2c2cnc(Nc3ccc4CN(CCc4n3)C(=O)CO)nc12 |r|","BBUVDDPUURMFOX-SAABIXHNSA-N, BBUVDDPUURMFOX-SAABIXHNSA-N, BBUVDDPUURMFOX-SAABIXHNSA-N, BBUVDDPUURMFOX-SAABIXHNSA-N",Phase 1
AMG-9810,TRPV antagonist,TRPV1,,,"Tocris, Tocris, Tocris, Tocris, Tocris",98.34,"CC(C)(C)c1ccc(\C=C\C(=O)Nc2ccc3OCCOc3c2)cc1, CC(C)(C)c1ccc(\C=C\C(=O)Nc2ccc3OCCOc3c2)cc1, CC(C)(C)c1ccc(\C=C\C(=O)Nc2ccc3OCCOc3c2)cc1, CC(C)(C)c1ccc(\C=C\C(=O)Nc2ccc3OCCOc3c2)cc1, CC(C)(C)c1ccc(\C=C\C(=O)Nc2ccc3OCCOc3c2)cc1","GZTFUVZVLYUPRG-IZZDOVSWSA-N, GZTFUVZVLYUPRG-IZZDOVSWSA-N, GZTFUVZVLYUPRG-IZZDOVSWSA-N, GZTFUVZVLYUPRG-IZZDOVSWSA-N, GZTFUVZVLYUPRG-IZZDOVSWSA-N",Preclinical
AMG319,PI3K inhibitor,PIK3CD,,,Selleck,99.26,"C[C@@H](Nc1ncnc2nc[nH]c12)c1cc2ccc(F)cc2nc1-c1ccccn1 |&1:1,r|",KWRYMZHCQIOOEB-GFCCVEGCSA-N,Phase 2
AMG458,MET inhibitor,MET,,,"Selleck, Selleck, Selleck",96.9,"COc1ccc2c(Oc3ccc(NC(=O)c4c(C)n(CC(C)(C)O)n(-c5ccccc5)c4=O)nc3)ccnc2c1, COc1ccc2c(Oc3ccc(NC(=O)c4c(C)n(CC(C)(C)O)n(-c5ccccc5)c4=O)nc3)ccnc2c1, COc1ccc2c(Oc3ccc(NC(=O)c4c(C)n(CC(C)(C)O)n(-c5ccccc5)c4=O)nc3)ccnc2c1","GLBZSOQDAOLMGC-UHFFFAOYSA-N, GLBZSOQDAOLMGC-UHFFFAOYSA-N, GLBZSOQDAOLMGC-UHFFFAOYSA-N",Preclinical
AMG900,Aurora kinase inhibitor,"AURKA, AURKB, AURKC",,,"MedChemEx, Selleck, Selleck, Selleck, Selleck",96.52,"Cc1csc(c1)-c1nnc(Nc2ccc(Oc3ncccc3-c3ccnc(N)n3)cc2)c2ccccc12, Cc1csc(c1)-c1nnc(Nc2ccc(Oc3ncccc3-c3ccnc(N)n3)cc2)c2ccccc12, Cc1csc(c1)-c1nnc(Nc2ccc(Oc3ncccc3-c3ccnc(N)n3)cc2)c2ccccc12, Cc1csc(c1)-c1nnc(Nc2ccc(Oc3ncccc3-c3ccnc(N)n3)cc2)c2ccccc12, Cc1csc(c1)-c1nnc(Nc2ccc(Oc3ncccc3-c3ccnc(N)n3)cc2)c2ccccc12","IVUGFMLRJOCGAS-UHFFFAOYSA-N, IVUGFMLRJOCGAS-UHFFFAOYSA-N, IVUGFMLRJOCGAS-UHFFFAOYSA-N, IVUGFMLRJOCGAS-UHFFFAOYSA-N, IVUGFMLRJOCGAS-UHFFFAOYSA-N",Phase 1
AMI-1,protein arginine N-methyltransferase inhibitor,PRMT1,,,ChemBridge,83.1,Oc1cc(cc2cc(NC(=O)Nc3ccc4c(O)cc(cc4c3)S(O)(=O)=O)ccc12)S(O)(=O)=O,PCGISRHGYLRXSR-UHFFFAOYSA-N,Preclinical
amibegron,adrenergic receptor agonist,ADRB3,,,"Tocris, Sigma, Sigma",98.31,"CCOC(=O)COc1ccc2CC[C@@H](Cc2c1)NC[C@H](O)c1cccc(Cl)c1, CCOC(=O)COc1ccc2CC[C@@H](Cc2c1)NC[C@H](O)c1cccc(Cl)c1, CCOC(=O)COc1ccc2CC[C@@H](Cc2c1)NC[C@H](O)c1cccc(Cl)c1","RDJQCOBTKKAQAH-FPOVZHCZSA-N, RDJQCOBTKKAQAH-FPOVZHCZSA-N, RDJQCOBTKKAQAH-FPOVZHCZSA-N",Phase 3
amidopyrine,analgesic agent,,dermatology,dermatitis herpetiformis (DH),"MedChemEx, MicroSource, Selleck, Selleck, Selleck",95.76,"CN(C)c1c(C)n(C)n(-c2ccccc2)c1=O, CN(C)c1c(C)n(C)n(-c2ccccc2)c1=O, CN(C)c1c(C)n(C)n(-c2ccccc2)c1=O, CN(C)c1c(C)n(C)n(-c2ccccc2)c1=O, CN(C)c1c(C)n(C)n(-c2ccccc2)c1=O","RMMXTBMQSGEXHJ-UHFFFAOYSA-N, RMMXTBMQSGEXHJ-UHFFFAOYSA-N, RMMXTBMQSGEXHJ-UHFFFAOYSA-N, RMMXTBMQSGEXHJ-UHFFFAOYSA-N, RMMXTBMQSGEXHJ-UHFFFAOYSA-N",Launched
amifampridine,potassium channel blocker,,neurology/psychiatry,Lambert-Eaton myasthenic syndrome (LEMS),"MedChemEx, MedChemEx",100,"Nc1ccncc1N, Nc1ccncc1N","OYTKINVCDFNREN-UHFFFAOYSA-N, OYTKINVCDFNREN-UHFFFAOYSA-N",Launched
amiflamine,monoamine oxidase inhibitor,"MAOA, SLC6A2",,,"Enamine, Enamine",69.64,"C[C@@H](N)Cc1ccc(cc1C)N(C)C |&1:1,r|, C[C@@H](N)Cc1ccc(cc1C)N(C)C |&1:1,r|","HFQMYSHATTXRTC-SNVBAGLBSA-N, HFQMYSHATTXRTC-SNVBAGLBSA-N",Phase 1
amifostine,reducing agent,"ALPPL2, ENPP1",nephrology,renal toxicity,MicroSource,0,NCCCNCCSP(O)(O)=O,JKOQGQFVAUAYPM-UHFFFAOYSA-N,Launched
amikacin,bacterial 30S ribosomal subunit inhibitor,,infectious disease,gram-negative bacterial infections,"MicroSource, Selleck, Selleck, MedChemEx, Selleck, Selleck",100,"NCC[C@H](O)C(=O)N[C@@H]1C[C@H](N)[C@@H](O[C@H]2O[C@H](CN)[C@@H](O)[C@H](O)[C@H]2O)[C@H](O)[C@H]1O[C@H]1O[C@H](CO)[C@@H](O)[C@H](N)[C@H]1O, NCC[C@H](O)C(=O)N[C@@H]1C[C@H](N)[C@@H](O[C@H]2O[C@H](CN)[C@@H](O)[C@H](O)[C@H]2O)[C@H](O)[C@H]1O[C@H]1O[C@H](CO)[C@@H](O)[C@H](N)[C@H]1O, NCC[C@H](O)C(=O)N[C@@H]1C[C@H](N)[C@@H](O[C@H]2O[C@H](CN)[C@@H](O)[C@H](O)[C@H]2O)[C@H](O)[C@H]1O[C@H]1O[C@H](CO)[C@@H](O)[C@H](N)[C@H]1O, NCC[C@H](O)C(=O)N[C@@H]1C[C@H](N)[C@@H](O[C@H]2O[C@H](CN)[C@@H](O)[C@H](O)[C@H]2O)[C@H](O)[C@H]1O[C@H]1O[C@H](CO)[C@@H](O)[C@H](N)[C@H]1O, NCC[C@H](O)C(=O)N[C@@H]1C[C@H](N)[C@@H](O[C@H]2O[C@H](CN)[C@@H](O)[C@H](O)[C@H]2O)[C@H](O)[C@H]1O[C@H]1O[C@H](CO)[C@@H](O)[C@H](N)[C@H]1O, NCC[C@H](O)C(=O)N[C@@H]1C[C@H](N)[C@@H](O[C@H]2O[C@H](CN)[C@@H](O)[C@H](O)[C@H]2O)[C@H](O)[C@H]1O[C@H]1O[C@H](CO)[C@@H](O)[C@H](N)[C@H]1O","LKCWBDHBTVXHDL-RMDFUYIESA-N, LKCWBDHBTVXHDL-RMDFUYIESA-N, LKCWBDHBTVXHDL-RMDFUYIESA-N, LKCWBDHBTVXHDL-RMDFUYIESA-N, LKCWBDHBTVXHDL-RMDFUYIESA-N, LKCWBDHBTVXHDL-RMDFUYIESA-N",Launched
amiloride,sodium channel blocker,"AOC1, ASIC1, ASIC2, ASIC3, PKD2, PKD2L1, PLAU, SCNN1A, SCNN1B, SCNN1D, SCNN1G, SLC9A1, TRPC7, TRPV2",cardiology,"hypertension, congestive heart failure","MicroSource, Tocris, Tocris, Tocris, Selleck, Selleck, Tocris",99.74,"NC(=N)NC(=O)c1nc(Cl)c(N)nc1N, NC(=N)NC(=O)c1nc(Cl)c(N)nc1N, NC(=N)NC(=O)c1nc(Cl)c(N)nc1N, NC(=N)NC(=O)c1nc(Cl)c(N)nc1N, NC(=N)NC(=O)c1nc(Cl)c(N)nc1N, NC(=N)NC(=O)c1nc(Cl)c(N)nc1N, NC(=N)NC(=O)c1nc(Cl)c(N)nc1N","XSDQTOBWRPYKKA-UHFFFAOYSA-N, XSDQTOBWRPYKKA-UHFFFAOYSA-N, XSDQTOBWRPYKKA-UHFFFAOYSA-N, XSDQTOBWRPYKKA-UHFFFAOYSA-N, XSDQTOBWRPYKKA-UHFFFAOYSA-N, XSDQTOBWRPYKKA-UHFFFAOYSA-N, XSDQTOBWRPYKKA-UHFFFAOYSA-N",Launched
amineptine,dopamine receptor agonist,"SLC6A2, SLC6A4",,,"MedChemEx, MedChemEx, MedChemEx",97.45,"OC(=O)CCCCCCNC1c2ccccc2CCc2ccccc12, OC(=O)CCCCCCNC1c2ccccc2CCc2ccccc12, OC(=O)CCCCCCNC1c2ccccc2CCc2ccccc12","ONNOFKFOZAJDHT-UHFFFAOYSA-N, ONNOFKFOZAJDHT-UHFFFAOYSA-N, ONNOFKFOZAJDHT-UHFFFAOYSA-N",Withdrawn
aminocaproic-acid,plasminogen activator inhibitor,"LPA, PLAT, PLG",hematology,fibrinolytic bleeding,"MicroSource, Selleck, Selleck",100,"NCCCCCC(O)=O, NCCCCCC(O)=O, NCCCCCC(O)=O","SLXKOJJOQWFEFD-UHFFFAOYSA-N, SLXKOJJOQWFEFD-UHFFFAOYSA-N, SLXKOJJOQWFEFD-UHFFFAOYSA-N",Launched
aminoglutethimide,glucocorticoid receptor antagonist,"CYP11A1, CYP19A1","endocrinology, oncology","Cushing's syndrome, breast cancer","MicroSource, Selleck, Selleck, Selleck, MedChemEx",94.21,"CC[C@]1(CCC(=O)NC1=O)c1ccc(N)cc1 |&1:2,r|, CC[C@]1(CCC(=O)NC1=O)c1ccc(N)cc1 |&1:2,r|, CC[C@]1(CCC(=O)NC1=O)c1ccc(N)cc1 |&1:2,r|, CC[C@]1(CCC(=O)NC1=O)c1ccc(N)cc1 |&1:2,r|, CC[C@]1(CCC(=O)NC1=O)c1ccc(N)cc1 |&1:2,r|","ROBVIMPUHSLWNV-ZDUSSCGKSA-N, ROBVIMPUHSLWNV-ZDUSSCGKSA-N, ROBVIMPUHSLWNV-ZDUSSCGKSA-N, ROBVIMPUHSLWNV-ZDUSSCGKSA-N, ROBVIMPUHSLWNV-ZDUSSCGKSA-N",Launched
aminoguanidine,nitric oxide synthase inhibitor,"AKR1B1, NOS2, TIMP3",,,"MicroSource, Tocris, Tocris",100,"NN=C(N)N, NN=C(N)N, NN=C(N)N","HAMNKKUPIHEESI-UHFFFAOYSA-N, HAMNKKUPIHEESI-UHFFFAOYSA-N, HAMNKKUPIHEESI-UHFFFAOYSA-N",Phase 3
aminohydroxybutyric-acid,,,neurology/psychiatry,epilepsy,"MicroSource, Sigma",78.63,"NC[C@@H](O)CC(O)=O |&1:2,r|, NC[C@@H](O)CC(O)=O |&1:2,r|","YQGDEPYYFWUPGO-VKHMYHEASA-N, YQGDEPYYFWUPGO-VKHMYHEASA-N",Launched
aminolevulinic-acid-benzyl-ester,,,,,ChemImpex,94.33,NCC(=O)CCC(=O)OCc1ccccc1,AFFZCQDLQIEQGB-UHFFFAOYSA-N,Phase 1
aminomethyltransferase,nitric oxide synthase inhibitor,NOS2,,,"Tocris, Tocris, Tocris",96.29,"C[C@H]1CCN=C(N)S1 |&1:1,t:4|, C[C@H]1CCN=C(N)S1 |&1:1,t:4|, C[C@H]1CCN=C(N)S1 |&1:1,t:4|","BATVOUKHGLKDGQ-BYPYZUCNSA-N, BATVOUKHGLKDGQ-BYPYZUCNSA-N, BATVOUKHGLKDGQ-BYPYZUCNSA-N",Preclinical
aminopentamide,acetylcholine receptor antagonist,CHRM1,gastroenterology,"acute abdominal visceral spasm, hypertrophic gastritis (GHG), nausea",MicroSource,97.37,CC(CC(C(N)=O)(c1ccccc1)c1ccccc1)N(C)C,NARHAGIVSFTMIG-UHFFFAOYSA-N,Launched
aminophylline,adenosine receptor antagonist,"ADORA1, ADORA2A, ADORA2B, ADORA3, HDAC2, PDE3A, PDE3B, PDE4A, PDE4B, PDE4C, PDE4D, PDE5A",pulmonary,"asthma, bronchitis, emphysema","Key, Key, MicroSource, Selleck, MicroSource, MicroSource",98.81,"Cn1c2nc[nH]c2c(=O)n(C)c1=O, Cn1c2nc[nH]c2c(=O)n(C)c1=O, Cn1c2nc[nH]c2c(=O)n(C)c1=O, Cn1c2nc[nH]c2c(=O)n(C)c1=O, Cn1c2nc[nH]c2c(=O)n(C)c1=O, Cn1c2nc[nH]c2c(=O)n(C)c1=O","ZFXYFBGIUFBOJW-UHFFFAOYSA-N, ZFXYFBGIUFBOJW-UHFFFAOYSA-N, ZFXYFBGIUFBOJW-UHFFFAOYSA-N, ZFXYFBGIUFBOJW-UHFFFAOYSA-N, ZFXYFBGIUFBOJW-UHFFFAOYSA-N, ZFXYFBGIUFBOJW-UHFFFAOYSA-N",Launched
aminopterin,dihydrofolate reductase inhibitor,"DHFR, SLC46A1",,,"MicroSource, Sigma",0,"Nc1nc(N)c2nc(CNc3ccc(cc3)C(=O)N[C@@H](CCC(O)=O)C(O)=O)cnc2n1, Nc1nc(N)c2nc(CNc3ccc(cc3)C(=O)N[C@@H](CCC(O)=O)C(O)=O)cnc2n1","TVZGACDUOSZQKY-LBPRGKRZSA-N, TVZGACDUOSZQKY-LBPRGKRZSA-N",Phase 3
aminopurvalanol-a,"CDK inhibitor, tyrosine kinase inhibitor","CDK1, CDK2, CDK5",,,"Tocris, Tocris, Tocris",95.56,"CC(C)[C@H](CO)Nc1nc(Nc2cc(N)cc(Cl)c2)c2ncn(C(C)C)c2n1, CC(C)[C@H](CO)Nc1nc(Nc2cc(N)cc(Cl)c2)c2ncn(C(C)C)c2n1, CC(C)[C@H](CO)Nc1nc(Nc2cc(N)cc(Cl)c2)c2ncn(C(C)C)c2n1","RAMROQQYRRQPDL-HNNXBMFYSA-N, RAMROQQYRRQPDL-HNNXBMFYSA-N, RAMROQQYRRQPDL-HNNXBMFYSA-N",Preclinical
aminosalicylate,cyclooxygenase inhibitor,"ALOX5, CHUK, PLA2G2E, PTGS1, PTGS2",gastroenterology,"inflammatory bowel disease, ulcerative colitis","MicroSource, MedChemEx, Selleck, Selleck",97.87,"Nc1ccc(C(O)=O)c(O)c1, Nc1ccc(C(O)=O)c(O)c1, Nc1ccc(C(O)=O)c(O)c1, Nc1ccc(C(O)=O)c(O)c1","WUBBRNOQWQTFEX-UHFFFAOYSA-N, WUBBRNOQWQTFEX-UHFFFAOYSA-N, WUBBRNOQWQTFEX-UHFFFAOYSA-N, WUBBRNOQWQTFEX-UHFFFAOYSA-N",Launched
aminothiadiazole,inosine monophosphate dehydrogenase inhibitor,"ADORA3, IMPDH1",,,"Enamine, Vitas-M",0,"Nc1nncs1, Nc1nncs1","QUKGLNCXGVWCJX-UHFFFAOYSA-N, QUKGLNCXGVWCJX-UHFFFAOYSA-N",Phase 2
aminothiazole,cyclin D inhibitor,NOS2,,,"MicroSource, Selleck, Selleck",98.31,"Nc1nccs1, Nc1nccs1, Nc1nccs1","RAIPHJJURHTUIC-UHFFFAOYSA-N, RAIPHJJURHTUIC-UHFFFAOYSA-N, RAIPHJJURHTUIC-UHFFFAOYSA-N",Preclinical
amiodarone,potassium channel blocker,"ADRB1, CACNA1H, CACNA2D2, KCNA7, KCNH2",cardiology,ventricular arrhythmias,"MicroSource, Selleck, Selleck, Selleck, Selleck, Selleck, Selleck, Selleck",97.72,"CCCCc1oc2ccccc2c1C(=O)c1cc(I)c(OCCN(CC)CC)c(I)c1, CCCCc1oc2ccccc2c1C(=O)c1cc(I)c(OCCN(CC)CC)c(I)c1, CCCCc1oc2ccccc2c1C(=O)c1cc(I)c(OCCN(CC)CC)c(I)c1, CCCCc1oc2ccccc2c1C(=O)c1cc(I)c(OCCN(CC)CC)c(I)c1, CCCCc1oc2ccccc2c1C(=O)c1cc(I)c(OCCN(CC)CC)c(I)c1, CCCCc1oc2ccccc2c1C(=O)c1cc(I)c(OCCN(CC)CC)c(I)c1, CCCCc1oc2ccccc2c1C(=O)c1cc(I)c(OCCN(CC)CC)c(I)c1, CCCCc1oc2ccccc2c1C(=O)c1cc(I)c(OCCN(CC)CC)c(I)c1","IYIKLHRQXLHMJQ-UHFFFAOYSA-N, IYIKLHRQXLHMJQ-UHFFFAOYSA-N, IYIKLHRQXLHMJQ-UHFFFAOYSA-N, IYIKLHRQXLHMJQ-UHFFFAOYSA-N, IYIKLHRQXLHMJQ-UHFFFAOYSA-N, IYIKLHRQXLHMJQ-UHFFFAOYSA-N, IYIKLHRQXLHMJQ-UHFFFAOYSA-N, IYIKLHRQXLHMJQ-UHFFFAOYSA-N",Launched
amiprilose,CD antagonist,,,,Prestwick,96.74,CN(C)CCCO[C@H]1[C@H](O[C@@H]2OC(C)(C)O[C@H]12)[C@H](O)CO,YXBQLONCIPUQKO-UJPOAAIJSA-N,Phase 3
amiselimod,sphingosine 1-phosphate receptor modulator,,,,MedChemEx,90.67,CCCCCCCOc1ccc(CCC(N)(CO)CO)cc1C(F)(F)F,JVCPIJKPAKAIIP-UHFFFAOYSA-N,Phase 2
amisulpride,dopamine receptor antagonist,DRD2,neurology/psychiatry,"psychosis, bipolar disorder, schizophrenia","Selleck, Tocris",94.44,"CCN1CCC[C@@H]1CNC(=O)c1cc(c(N)cc1OC)S(=O)(=O)CC |&1:6,r|, CCN1CCC[C@@H]1CNC(=O)c1cc(c(N)cc1OC)S(=O)(=O)CC |&1:6,r|","NTJOBXMMWNYJFB-GFCCVEGCSA-N, NTJOBXMMWNYJFB-GFCCVEGCSA-N",Launched
amitifadine,serotonin transporter (SERT) inhibitor,"SLC6A2, SLC6A3, SLC6A4",,,"TygerSci, TygerSci",97.84,"Clc1ccc(cc1Cl)[C@@]12C[C@@H]1CNC2 |&1:8,&2:10|, Clc1ccc(cc1Cl)[C@@]12C[C@@H]1CNC2 |&1:8,&2:10|","BSMNRYCSBFHEMQ-KCJUWKMLSA-N, BSMNRYCSBFHEMQ-KCJUWKMLSA-N",Phase 3
amitraz,adrenergic receptor agonist,"ADRA1A, ADRA2A",infectious disease,generalized demodicosis,"MicroSource, MedChemEx",69.18,"CN(\C=N\c1ccc(C)cc1C)\C=N\c1ccc(C)cc1C, CN(\C=N\c1ccc(C)cc1C)\C=N\c1ccc(C)cc1C","QXAITBQSYVNQDR-ZIOPAAQOSA-N, QXAITBQSYVNQDR-ZIOPAAQOSA-N",Launched
amitriptyline,"norepinephrine inhibitor, norepinephrine reuptake inhibitor, serotonin receptor antagonist, serotonin–norepinephrine reuptake inhibitor (SNRI)","ADRA1A, ADRA1B, ADRA1D, ADRA2A, ADRB1, ADRB2, ADRB3, CHRM1, CHRM2, CHRM3, CHRM4, CHRM5, HRH1, HRH2, HRH4, HTR1A, HTR1B, HTR1D, HTR2A, HTR2C, HTR6, HTR7, KCNA1, KCND2, KCND3, KCNQ2, KCNQ3, NTRK1, NTRK2, OPRD1, OPRK1, OPRM1, SIGMAR1, SLC6A2, SLC6A4",neurology/psychiatry,depression,"MicroSource, Selleck",98.47,"CN(C)CCC=C1c2ccccc2CCc2ccccc12, CN(C)CCC=C1c2ccccc2CCc2ccccc12","KRMDCWKBEZIMAB-UHFFFAOYSA-N, KRMDCWKBEZIMAB-UHFFFAOYSA-N",Launched
amlexanox,histamine receptor modulator,"FGF1, IL3, PDE4A, PDE4B, PDE4C, PDE4D, S100A12, S100A13","dental, pulmonary, ophthalmology, allergy","aphthous ulcers, asthma, conjunctivitis, allergic rhinitis","Tocris, Tocris, MicroSource, Tocris",99.58,"CC(C)c1ccc2oc3nc(N)c(cc3c(=O)c2c1)C(O)=O, CC(C)c1ccc2oc3nc(N)c(cc3c(=O)c2c1)C(O)=O, CC(C)c1ccc2oc3nc(N)c(cc3c(=O)c2c1)C(O)=O, CC(C)c1ccc2oc3nc(N)c(cc3c(=O)c2c1)C(O)=O","SGRYPYWGNKJSDL-UHFFFAOYSA-N, SGRYPYWGNKJSDL-UHFFFAOYSA-N, SGRYPYWGNKJSDL-UHFFFAOYSA-N, SGRYPYWGNKJSDL-UHFFFAOYSA-N",Launched
amlodipine,calcium channel blocker,"CACNA1C, CACNA1D, CACNA1F, CACNA1S, CACNA2D1",cardiology,"hypertension, chronic stable angina, vasospastic angina, coronary artery disease (CAD)","Tocris, Selleck, Selleck, Selleck",89.83,"CCOC(=O)C1=C(COCCN)NC(C)=C([C@H]1c1ccccc1Cl)C(=O)OC |&1:16,r,c:5,14|, CCOC(=O)C1=C(COCCN)NC(C)=C([C@H]1c1ccccc1Cl)C(=O)OC |&1:16,r,c:5,14|, CCOC(=O)C1=C(COCCN)NC(C)=C([C@H]1c1ccccc1Cl)C(=O)OC |&1:16,r,c:5,14|, CCOC(=O)C1=C(COCCN)NC(C)=C([C@H]1c1ccccc1Cl)C(=O)OC |&1:16,r,c:5,14|","HTIQEAQVCYTUBX-QGZVFWFLSA-N, HTIQEAQVCYTUBX-QGZVFWFLSA-N, HTIQEAQVCYTUBX-QGZVFWFLSA-N, HTIQEAQVCYTUBX-QGZVFWFLSA-N",Launched
ammonium-glycyrrhizinate,thrombin inhibitor,"HSD11B1, HSD11B2, SLCO1B1, SLCO1B3",dermatology,cosmetic,MedChemEx,66,CC1(C)[C@H](CC[C@@]2(C)[C@H]1CC[C@]1(C)[C@@H]2C(=O)C=C2[C@@H]3C[C@](C)(CC[C@]3(C)CC[C@@]12C)C(O)=O)O[C@H]1O[C@@H]([C@@H](O)[C@H](O)[C@H]1O[C@@H]1O[C@@H]([C@@H](O)[C@H](O)[C@H]1O)C(O)=O)C(O)=O |t:18|,LPLVUJXQOOQHMX-QWBHMCJMSA-N,Launched
ammonium-lactate,,HCAR1,dermatology,"xerosis cutis, ichthyosis vulgaris","MicroSource, Selleck",0,"N.C[C@@H](O)C(O)=O |&1:2,r|, N.C[C@@H](O)C(O)=O |&1:2,r|","RZOBLYBZQXQGFY-HSHFZTNMSA-N, RZOBLYBZQXQGFY-HSHFZTNMSA-N",Launched
ammonium-perfluorocaprylate,Pim kinase inhibitor,PIM1,,,"Sigma, Enamine",100,"OC(=O)C(F)(F)C(F)(F)C(F)(F)C(F)(F)C(F)(F)C(F)(F)C(F)(F)F, OC(=O)C(F)(F)C(F)(F)C(F)(F)C(F)(F)C(F)(F)C(F)(F)C(F)(F)F","SNGREZUHAYWORS-UHFFFAOYSA-N, SNGREZUHAYWORS-UHFFFAOYSA-N",Phase 1
AMN-082,glutamate receptor modulator,GRM7,,,"Tocris, Tocris, Tocris, Tocris",95.4,"C(CNC(c1ccccc1)c1ccccc1)NC(c1ccccc1)c1ccccc1, C(CNC(c1ccccc1)c1ccccc1)NC(c1ccccc1)c1ccccc1, C(CNC(c1ccccc1)c1ccccc1)NC(c1ccccc1)c1ccccc1, C(CNC(c1ccccc1)c1ccccc1)NC(c1ccccc1)c1ccccc1","DTZDSNQYNPNCPK-UHFFFAOYSA-N, DTZDSNQYNPNCPK-UHFFFAOYSA-N, DTZDSNQYNPNCPK-UHFFFAOYSA-N, DTZDSNQYNPNCPK-UHFFFAOYSA-N",Preclinical
amodiaquine,histamine receptor agonist,HNMT,infectious disease,malaria,"MicroSource, MicroSource, Prestwick, Prestwick, Prestwick, Prestwick",98.24,"CCN(CC)Cc1cc(Nc2ccnc3cc(Cl)ccc23)ccc1O, CCN(CC)Cc1cc(Nc2ccnc3cc(Cl)ccc23)ccc1O, CCN(CC)Cc1cc(Nc2ccnc3cc(Cl)ccc23)ccc1O, CCN(CC)Cc1cc(Nc2ccnc3cc(Cl)ccc23)ccc1O, CCN(CC)Cc1cc(Nc2ccnc3cc(Cl)ccc23)ccc1O, CCN(CC)Cc1cc(Nc2ccnc3cc(Cl)ccc23)ccc1O","OVCDSSHSILBFBN-UHFFFAOYSA-N, OVCDSSHSILBFBN-UHFFFAOYSA-N, OVCDSSHSILBFBN-UHFFFAOYSA-N, OVCDSSHSILBFBN-UHFFFAOYSA-N, OVCDSSHSILBFBN-UHFFFAOYSA-N, OVCDSSHSILBFBN-UHFFFAOYSA-N",Launched
amonafide,topoisomerase inhibitor,"TOP2A, TOP2B",,,"Selleck, Selleck",90.78,"CN(C)CCN1C(=O)c2cccc3cc(N)cc(C1=O)c23, CN(C)CCN1C(=O)c2cccc3cc(N)cc(C1=O)c23","UPALIKSFLSVKIS-UHFFFAOYSA-N, UPALIKSFLSVKIS-UHFFFAOYSA-N",Phase 3
amorolfine,membrane integrity inhibitor,,infectious disease,onychomycosis,"MicroSource, MicroSource, Selleck, Selleck",97.1,"CCC(C)(C)c1ccc(C[C@@H](C)CN2C[C@H](C)O[C@H](C)C2)cc1 |a:15,18,&1:10|, CCC(C)(C)c1ccc(C[C@@H](C)CN2C[C@H](C)O[C@H](C)C2)cc1 |a:15,18,&1:10|, CCC(C)(C)c1ccc(C[C@@H](C)CN2C[C@H](C)O[C@H](C)C2)cc1 |a:15,18,&1:10|, CCC(C)(C)c1ccc(C[C@@H](C)CN2C[C@H](C)O[C@H](C)C2)cc1 |a:15,18,&1:10|","MQHLMHIZUIDKOO-KURKYZTESA-N, MQHLMHIZUIDKOO-KURKYZTESA-N, MQHLMHIZUIDKOO-KURKYZTESA-N, MQHLMHIZUIDKOO-KURKYZTESA-N",Launched
amoxapine,norepinephrine reputake inhibitor,"ADRA1A, ADRA1B, ADRA1D, ADRA2A, ADRA2B, ADRA2C, CHRM1, CHRM2, CHRM3, CHRM4, CHRM5, DRD1, DRD2, DRD3, DRD4, DRD5, GABRA1, GABRA2, GABRA3, GABRA4, GABRA5, GABRA6, GABRB1, GABRB2, GABRB3, GABRD, GABRE, GABRG1, GABRG2, GABRG3, GABRP, GABRQ, HRH1, HRH4, HTR1A, HTR1B, HTR2A, HTR2B, HTR2C, HTR3A, HTR6, HTR7, SLC6A2, SLC6A3, SLC6A4",neurology/psychiatry,depression,"MicroSource, Selleck, Selleck",96.84,"Clc1ccc2Oc3ccccc3N=C(N3CCNCC3)c2c1 |t:13|, Clc1ccc2Oc3ccccc3N=C(N3CCNCC3)c2c1 |t:13|, Clc1ccc2Oc3ccccc3N=C(N3CCNCC3)c2c1 |t:13|","QWGDMFLQWFTERH-UHFFFAOYSA-N, QWGDMFLQWFTERH-UHFFFAOYSA-N, QWGDMFLQWFTERH-UHFFFAOYSA-N",Launched
amoxicillin,penicillin binding protein inhibitor,"CYP2C19, SLC15A1, SLC15A2, SLC22A6","infectious disease, gastroenterology","skin infections, duodenal ulcer disease, gonorrhea, ear infections, throat infections, genitourinary tract infections, respiratory tract infections","MicroSource, MedChemEx, Selleck, Selleck, Selleck, Selleck",96.19,"CC1(C)S[C@@H]2[C@H](NC(=O)[C@H](N)c3ccc(O)cc3)C(=O)N2[C@H]1C(O)=O, CC1(C)S[C@@H]2[C@H](NC(=O)[C@H](N)c3ccc(O)cc3)C(=O)N2[C@H]1C(O)=O, CC1(C)S[C@@H]2[C@H](NC(=O)[C@H](N)c3ccc(O)cc3)C(=O)N2[C@H]1C(O)=O, CC1(C)S[C@@H]2[C@H](NC(=O)[C@H](N)c3ccc(O)cc3)C(=O)N2[C@H]1C(O)=O, CC1(C)S[C@@H]2[C@H](NC(=O)[C@H](N)c3ccc(O)cc3)C(=O)N2[C@H]1C(O)=O, CC1(C)S[C@@H]2[C@H](NC(=O)[C@H](N)c3ccc(O)cc3)C(=O)N2[C@H]1C(O)=O","LSQZJLSUYDQPKJ-NJBDSQKTSA-N, LSQZJLSUYDQPKJ-NJBDSQKTSA-N, LSQZJLSUYDQPKJ-NJBDSQKTSA-N, LSQZJLSUYDQPKJ-NJBDSQKTSA-N, LSQZJLSUYDQPKJ-NJBDSQKTSA-N, LSQZJLSUYDQPKJ-NJBDSQKTSA-N",Launched
AMPA-(RS),glutamate receptor agonist,GRIN1,,,"Tocris, Tocris",100,"Cc1o[nH]c(=O)c1C[C@@H](N)C(O)=O |&1:8|, Cc1o[nH]c(=O)c1C[C@@H](N)C(O)=O |&1:8|","UUDAMDVQRQNNHZ-RXMQYKEDSA-N, UUDAMDVQRQNNHZ-RXMQYKEDSA-N",Preclinical
AMPA-(S),glutamate receptor agonist,"GRIA2, GRIN1",,,"Tocris, Tocris, Tocris",100,"Cc1o[nH]c(=O)c1C[C@H](N)C(O)=O, Cc1o[nH]c(=O)c1C[C@H](N)C(O)=O, Cc1o[nH]c(=O)c1C[C@H](N)C(O)=O","UUDAMDVQRQNNHZ-YFKPBYRVSA-N, UUDAMDVQRQNNHZ-YFKPBYRVSA-N, UUDAMDVQRQNNHZ-YFKPBYRVSA-N",Preclinical
ampalex,glutamate receptor agonist,"GRIA1, GRIA2, GRIA3, GRIA4",,,"MedChemEx, MedChemEx, MedChemEx, MedChemEx",99.54,"O=C(N1CCCCC1)c1ccc2nccnc2c1, O=C(N1CCCCC1)c1ccc2nccnc2c1, O=C(N1CCCCC1)c1ccc2nccnc2c1, O=C(N1CCCCC1)c1ccc2nccnc2c1","ANDGGVOPIJEHOF-UHFFFAOYSA-N, ANDGGVOPIJEHOF-UHFFFAOYSA-N, ANDGGVOPIJEHOF-UHFFFAOYSA-N, ANDGGVOPIJEHOF-UHFFFAOYSA-N",Phase 2
amperozide,dopamine receptor antagonist,"FAAH, HTR2A",neurology/psychiatry,psychosis,"Enzo, Enzo, SantaCruz",98.96,"CCNC(=O)N1CCN(CCCC(c2ccc(F)cc2)c2ccc(F)cc2)CC1, CCNC(=O)N1CCN(CCCC(c2ccc(F)cc2)c2ccc(F)cc2)CC1, CCNC(=O)N1CCN(CCCC(c2ccc(F)cc2)c2ccc(F)cc2)CC1","NNAIYOXJNVGUOM-UHFFFAOYSA-N, NNAIYOXJNVGUOM-UHFFFAOYSA-N, NNAIYOXJNVGUOM-UHFFFAOYSA-N",Launched
amphotericin-b,membrane permeability enhancer,,infectious disease,fungal infection,"MicroSource, Selleck, Selleck, MedChemEx, Selleck",74.84,"C[C@H]1O[C@@H](O[C@@H]2C[C@@H]3O[C@@](O)(C[C@H](O)[C@H]3C(O)=O)C[C@@H](O)C[C@@H](O)[C@H](O)CC[C@@H](O)C[C@@H](O)CC(=O)O[C@@H](C)[C@H](C)[C@H](O)[C@@H](C)\C=C\C=C\C=C\C=C\C=C\C=C\C=C\2)[C@@H](O)[C@@H](N)[C@@H]1O |t:46,48,50,52,54,56,58|, C[C@H]1O[C@@H](O[C@@H]2C[C@@H]3O[C@@](O)(C[C@H](O)[C@H]3C(O)=O)C[C@@H](O)C[C@@H](O)[C@H](O)CC[C@@H](O)C[C@@H](O)CC(=O)O[C@@H](C)[C@H](C)[C@H](O)[C@@H](C)\C=C\C=C\C=C\C=C\C=C\C=C\C=C\2)[C@@H](O)[C@@H](N)[C@@H]1O |t:46,48,50,52,54,56,58|, C[C@H]1O[C@@H](O[C@@H]2C[C@@H]3O[C@@](O)(C[C@H](O)[C@H]3C(O)=O)C[C@@H](O)C[C@@H](O)[C@H](O)CC[C@@H](O)C[C@@H](O)CC(=O)O[C@@H](C)[C@H](C)[C@H](O)[C@@H](C)\C=C\C=C\C=C\C=C\C=C\C=C\C=C\2)[C@@H](O)[C@@H](N)[C@@H]1O |t:46,48,50,52,54,56,58|, C[C@H]1O[C@@H](O[C@@H]2C[C@@H]3O[C@@](O)(C[C@H](O)[C@H]3C(O)=O)C[C@@H](O)C[C@@H](O)[C@H](O)CC[C@@H](O)C[C@@H](O)CC(=O)O[C@@H](C)[C@H](C)[C@H](O)[C@@H](C)\C=C\C=C\C=C\C=C\C=C\C=C\C=C\2)[C@@H](O)[C@@H](N)[C@@H]1O |t:46,48,50,52,54,56,58|, C[C@H]1O[C@@H](O[C@@H]2C[C@@H]3O[C@@](O)(C[C@H](O)[C@H]3C(O)=O)C[C@@H](O)C[C@@H](O)[C@H](O)CC[C@@H](O)C[C@@H](O)CC(=O)O[C@@H](C)[C@H](C)[C@H](O)[C@@H](C)\C=C\C=C\C=C\C=C\C=C\C=C\C=C\2)[C@@H](O)[C@@H](N)[C@@H]1O |t:46,48,50,52,54,56,58|","APKFDSVGJQXUKY-ZNVUZQDLSA-N, APKFDSVGJQXUKY-ZNVUZQDLSA-N, APKFDSVGJQXUKY-ZNVUZQDLSA-N, APKFDSVGJQXUKY-ZNVUZQDLSA-N, APKFDSVGJQXUKY-ZNVUZQDLSA-N",Launched
ampicillin,bacterial cell wall synthesis inhibitor,,infectious disease,"respiratory tract infections, meningitis, bacterial septicemia, endocarditis, urinary tract infections, gastrointestinal infections","MedChemEx, MicroSource, MedChemEx, MedChemEx, Sigma, Selleck, Selleck, Selleck, Selleck",84.41,"CC1(C)S[C@@H]2[C@H](NC(=O)[C@H](N)c3ccccc3)C(=O)N2[C@H]1C(O)=O, CC1(C)S[C@@H]2[C@H](NC(=O)[C@H](N)c3ccccc3)C(=O)N2[C@H]1C(O)=O, CC1(C)S[C@@H]2[C@H](NC(=O)[C@H](N)c3ccccc3)C(=O)N2[C@H]1C(O)=O, CC1(C)S[C@@H]2[C@H](NC(=O)[C@H](N)c3ccccc3)C(=O)N2[C@H]1C(O)=O, CC1(C)S[C@@H]2[C@H](NC(=O)[C@H](N)c3ccccc3)C(=O)N2[C@H]1C(O)=O, CC1(C)S[C@@H]2[C@H](NC(=O)[C@H](N)c3ccccc3)C(=O)N2[C@H]1C(O)=O, CC1(C)S[C@@H]2[C@H](NC(=O)[C@H](N)c3ccccc3)C(=O)N2[C@H]1C(O)=O, CC1(C)S[C@@H]2[C@H](NC(=O)[C@H](N)c3ccccc3)C(=O)N2[C@H]1C(O)=O, CC1(C)S[C@@H]2[C@H](NC(=O)[C@H](N)c3ccccc3)C(=O)N2[C@H]1C(O)=O","AVKUERGKIZMTKX-NJBDSQKTSA-N, AVKUERGKIZMTKX-NJBDSQKTSA-N, AVKUERGKIZMTKX-NJBDSQKTSA-N, AVKUERGKIZMTKX-NJBDSQKTSA-N, AVKUERGKIZMTKX-NJBDSQKTSA-N, AVKUERGKIZMTKX-NJBDSQKTSA-N, AVKUERGKIZMTKX-NJBDSQKTSA-N, AVKUERGKIZMTKX-NJBDSQKTSA-N, AVKUERGKIZMTKX-NJBDSQKTSA-N",Launched
ampiroxicam,cyclooxygenase inhibitor,"PTGS1, PTGS2",neurology/psychiatry,pain relief,"MedChemEx, MedChemEx, MicroSource, Selleck, Selleck",78.57,"CCOC(=O)O[C@@H](C)OC1=C(N(C)S(=O)(=O)c2ccccc12)C(=O)Nc1ccccn1 |&1:6,r,t:9|, CCOC(=O)O[C@@H](C)OC1=C(N(C)S(=O)(=O)c2ccccc12)C(=O)Nc1ccccn1 |&1:6,r,t:9|, CCOC(=O)O[C@@H](C)OC1=C(N(C)S(=O)(=O)c2ccccc12)C(=O)Nc1ccccn1 |&1:6,r,t:9|, CCOC(=O)O[C@@H](C)OC1=C(N(C)S(=O)(=O)c2ccccc12)C(=O)Nc1ccccn1 |&1:6,r,t:9|, CCOC(=O)O[C@@H](C)OC1=C(N(C)S(=O)(=O)c2ccccc12)C(=O)Nc1ccccn1 |&1:6,r,t:9|","LSNWBKACGXCGAJ-ZDUSSCGKSA-N, LSNWBKACGXCGAJ-ZDUSSCGKSA-N, LSNWBKACGXCGAJ-ZDUSSCGKSA-N, LSNWBKACGXCGAJ-ZDUSSCGKSA-N, LSNWBKACGXCGAJ-ZDUSSCGKSA-N",Launched
amprenavir,HIV protease inhibitor,,infectious disease,human immunodeficiency virus (HIV-1),"Selleck, Selleck, MedChemEx",95.63,"CC(C)CN(C[C@@H](O)[C@H](Cc1ccccc1)NC(=O)O[C@H]1CCOC1)S(=O)(=O)c1ccc(N)cc1, CC(C)CN(C[C@@H](O)[C@H](Cc1ccccc1)NC(=O)O[C@H]1CCOC1)S(=O)(=O)c1ccc(N)cc1, CC(C)CN(C[C@@H](O)[C@H](Cc1ccccc1)NC(=O)O[C@H]1CCOC1)S(=O)(=O)c1ccc(N)cc1","YMARZQAQMVYCKC-OEMFJLHTSA-N, YMARZQAQMVYCKC-OEMFJLHTSA-N, YMARZQAQMVYCKC-OEMFJLHTSA-N",Launched
amprolium,thiamine uptake blocker,,infectious disease,coccidiosis,"MedChemEx, Selleck, MicroSource",95.82,"CCCc1ncc(C[n+]2ccccc2C)c(N)n1, CCCc1ncc(C[n+]2ccccc2C)c(N)n1, CCCc1ncc(C[n+]2ccccc2C)c(N)n1","IPZFPROOBOUEIG-UHFFFAOYSA-N, IPZFPROOBOUEIG-UHFFFAOYSA-N, IPZFPROOBOUEIG-UHFFFAOYSA-N",Launched
ampyrone,cyclooxygenase inhibitor,,,,"MedChemEx, Prestwick",94.82,"Cc1c(N)c(=O)n(-c2ccccc2)n1C, Cc1c(N)c(=O)n(-c2ccccc2)n1C","RLFWWDJHLFCNIJ-UHFFFAOYSA-N, RLFWWDJHLFCNIJ-UHFFFAOYSA-N",Preclinical
amrinone,phosphodiesterase inhibitor,"PDE3A, PDE3B, PDE4B, TNF",cardiology,congestive heart failure,"MicroSource, MicroSource, Sigma, Sigma, Sigma",92.25,"Nc1cc(c[nH]c1=O)-c1ccncc1, Nc1cc(c[nH]c1=O)-c1ccncc1, Nc1cc(c[nH]c1=O)-c1ccncc1, Nc1cc(c[nH]c1=O)-c1ccncc1, Nc1cc(c[nH]c1=O)-c1ccncc1","RNLQIBCLLYYYFJ-UHFFFAOYSA-N, RNLQIBCLLYYYFJ-UHFFFAOYSA-N, RNLQIBCLLYYYFJ-UHFFFAOYSA-N, RNLQIBCLLYYYFJ-UHFFFAOYSA-N, RNLQIBCLLYYYFJ-UHFFFAOYSA-N",Launched
amrubicin,topoisomerase inhibitor,"TOP2A, TOP2B",oncology,small cell lung cancer,"MedChemEx, MedChemEx, MedChemEx",74.78,"CC(=O)[C@@]1(N)C[C@H](O[C@H]2C[C@H](O)[C@H](O)CO2)c2c(O)c3C(=O)c4ccccc4C(=O)c3c(O)c2C1, CC(=O)[C@@]1(N)C[C@H](O[C@H]2C[C@H](O)[C@H](O)CO2)c2c(O)c3C(=O)c4ccccc4C(=O)c3c(O)c2C1, CC(=O)[C@@]1(N)C[C@H](O[C@H]2C[C@H](O)[C@H](O)CO2)c2c(O)c3C(=O)c4ccccc4C(=O)c3c(O)c2C1","VJZITPJGSQKZMX-XDPRQOKASA-N, VJZITPJGSQKZMX-XDPRQOKASA-N, VJZITPJGSQKZMX-XDPRQOKASA-N",Launched
amsacrine,topoisomerase inhibitor,"KCNH2, TOP2A",hematologic malignancy,acute lymphoblastic leukemia (ALL),"MicroSource, MicroSource, MicroSource, Enzo",95.69,"COc1cc(NS(C)(=O)=O)ccc1Nc1c2ccccc2nc2ccccc12, COc1cc(NS(C)(=O)=O)ccc1Nc1c2ccccc2nc2ccccc12, COc1cc(NS(C)(=O)=O)ccc1Nc1c2ccccc2nc2ccccc12, COc1cc(NS(C)(=O)=O)ccc1Nc1c2ccccc2nc2ccccc12","XCPGHVQEEXUHNC-UHFFFAOYSA-N, XCPGHVQEEXUHNC-UHFFFAOYSA-N, XCPGHVQEEXUHNC-UHFFFAOYSA-N, XCPGHVQEEXUHNC-UHFFFAOYSA-N",Launched
amthamine,histamine receptor agonist,HRH2,,,"Tocris, Tocris",90.06,"Cc1nc(N)sc1CCN, Cc1nc(N)sc1CCN","LHVRFUVVRXGZPV-UHFFFAOYSA-N, LHVRFUVVRXGZPV-UHFFFAOYSA-N",Preclinical
amtolmetin-guacil,cyclooxygenase inhibitor,"PTGS1, PTGS2",rheumatology,"rheumatoid arthritis, osteoarthritis","OxChem, OxChem, OxChem",94.69,"COc1ccccc1OC(=O)CNC(=O)Cc1ccc(C(=O)c2ccc(C)cc2)n1C, COc1ccccc1OC(=O)CNC(=O)Cc1ccc(C(=O)c2ccc(C)cc2)n1C, COc1ccccc1OC(=O)CNC(=O)Cc1ccc(C(=O)c2ccc(C)cc2)n1C","CWJNMKKMGIAGDK-UHFFFAOYSA-N, CWJNMKKMGIAGDK-UHFFFAOYSA-N, CWJNMKKMGIAGDK-UHFFFAOYSA-N",Launched
amuvatinib,"FLT3 inhibitor, KIT inhibitor, PDGFR tyrosine kinase receptor inhibitor, RAD51 inhibitor, RET tyrosine kinase inhibitor","KIT, MET",,,"Selleck, Selleck, Selleck, Selleck, Selleck, Selleck, Selleck, Selleck",97.82,"S=C(NCc1ccc2OCOc2c1)N1CCN(CC1)c1ncnc2c3ccccc3oc12, S=C(NCc1ccc2OCOc2c1)N1CCN(CC1)c1ncnc2c3ccccc3oc12, S=C(NCc1ccc2OCOc2c1)N1CCN(CC1)c1ncnc2c3ccccc3oc12, S=C(NCc1ccc2OCOc2c1)N1CCN(CC1)c1ncnc2c3ccccc3oc12, S=C(NCc1ccc2OCOc2c1)N1CCN(CC1)c1ncnc2c3ccccc3oc12, S=C(NCc1ccc2OCOc2c1)N1CCN(CC1)c1ncnc2c3ccccc3oc12, S=C(NCc1ccc2OCOc2c1)N1CCN(CC1)c1ncnc2c3ccccc3oc12, S=C(NCc1ccc2OCOc2c1)N1CCN(CC1)c1ncnc2c3ccccc3oc12","FOFDIMHVKGYHRU-UHFFFAOYSA-N, FOFDIMHVKGYHRU-UHFFFAOYSA-N, FOFDIMHVKGYHRU-UHFFFAOYSA-N, FOFDIMHVKGYHRU-UHFFFAOYSA-N, FOFDIMHVKGYHRU-UHFFFAOYSA-N, FOFDIMHVKGYHRU-UHFFFAOYSA-N, InChI=1S/C23H21N5O3S/c32-23(24-12-15-5-6-18-19(11-15)30-14-29-18)28-9-7-27(8-10-28)22-21-20(25-13-26-22)16-3-1-2-4-17(16)31-21/h1-6,11,13H,7-10,12,14H2,(H,24,32), InChI=1S/C23H21N5O3S/c32-23(24-12-15-5-6-18-19(11-15)30-14-29-18)28-9-7-27(8-10-28)22-21-20(25-13-26-22)16-3-1-2-4-17(16)31-21/h1-6,11,13H,7-10,12,14H2,(H,24,32)",Phase 2
amygdalin,caspase activator,CASP3,,,"MedChemEx, Selleck, Selleck, Selleck, Selleck, Selleck",95.98,"OC[C@H]1O[C@@H](OC[C@H]2O[C@@H](O[C@@H](C#N)c3ccccc3)[C@H](O)[C@@H](O)[C@@H]2O)[C@H](O)[C@@H](O)[C@@H]1O, OC[C@H]1O[C@@H](OC[C@H]2O[C@@H](O[C@@H](C#N)c3ccccc3)[C@H](O)[C@@H](O)[C@@H]2O)[C@H](O)[C@@H](O)[C@@H]1O, OC[C@H]1O[C@@H](OC[C@H]2O[C@@H](O[C@@H](C#N)c3ccccc3)[C@H](O)[C@@H](O)[C@@H]2O)[C@H](O)[C@@H](O)[C@@H]1O, OC[C@H]1O[C@@H](OC[C@H]2O[C@@H](O[C@@H](C#N)c3ccccc3)[C@H](O)[C@@H](O)[C@@H]2O)[C@H](O)[C@@H](O)[C@@H]1O, OC[C@H]1O[C@@H](OC[C@H]2O[C@@H](O[C@@H](C#N)c3ccccc3)[C@H](O)[C@@H](O)[C@@H]2O)[C@H](O)[C@@H](O)[C@@H]1O, OC[C@H]1O[C@@H](OC[C@H]2O[C@@H](O[C@@H](C#N)c3ccccc3)[C@H](O)[C@@H](O)[C@@H]2O)[C@H](O)[C@@H](O)[C@@H]1O","XUCIJNAGGSZNQT-JHSLDZJXSA-N, XUCIJNAGGSZNQT-JHSLDZJXSA-N, XUCIJNAGGSZNQT-JHSLDZJXSA-N, XUCIJNAGGSZNQT-JHSLDZJXSA-N, XUCIJNAGGSZNQT-JHSLDZJXSA-N, XUCIJNAGGSZNQT-JHSLDZJXSA-N",Phase 2
amyl-nitrite,atrial natriuretic peptide receptor agonist,,,,Sigma,0,CCCCCO[NH2+][O-],GVGUCRAJNQYOSE-UHFFFAOYSA-N,Preclinical
amyleine,local anesthetic,,,,"Prestwick, Prestwick, Prestwick, Toronto",98.68,"CC[C@@](C)(CN(C)C)OC(=O)c1ccccc1 |&1:2|, CC[C@@](C)(CN(C)C)OC(=O)c1ccccc1 |&1:2|, CC[C@@](C)(CN(C)C)OC(=O)c1ccccc1 |&1:2|, CC[C@@](C)(CN(C)C)OC(=O)c1ccccc1 |&1:2|","FDMBBCOBEAVDAO-AWEZNQCLSA-N, FDMBBCOBEAVDAO-AWEZNQCLSA-N, FDMBBCOBEAVDAO-AWEZNQCLSA-N, FDMBBCOBEAVDAO-AWEZNQCLSA-N",Preclinical
amylene-hydrate,local anesthetic,,,,"Sigma, MicroSource",0,"CCC(C)(C)O, CCC(C)(C)O","MSXVEPNJUHWQHW-UHFFFAOYSA-N, MSXVEPNJUHWQHW-UHFFFAOYSA-N",Preclinical
AMZ30,protein phosphatase inhibitor,,,,MedChemEx,88.11,[O-][N+](=O)c1cccc(c1)S(=O)(=O)n1cccc1\C=C(/C#N)S(=O)(=O)c1ccc(F)cc1,GUCUORSUHTZMBW-YBFXNURJSA-N,Preclinical
AM095,lysophosphatidic acid receptor antagonist,,,,"MedChemEx, MedChemEx, MedChemEx, MedChemEx, MedChemEx, MedChemEx, MedChemEx, MedChemEx, MedChemEx, MedChemEx",97.3,"C[C@@H](OC(=O)Nc1c(C)noc1-c1ccc(cc1)-c1ccc(CC(O)=O)cc1)c1ccccc1, C[C@@H](OC(=O)Nc1c(C)noc1-c1ccc(cc1)-c1ccc(CC(O)=O)cc1)c1ccccc1, C[C@@H](OC(=O)Nc1c(C)noc1-c1ccc(cc1)-c1ccc(CC(O)=O)cc1)c1ccccc1, C[C@@H](OC(=O)Nc1c(C)noc1-c1ccc(cc1)-c1ccc(CC(O)=O)cc1)c1ccccc1, C[C@@H](OC(=O)Nc1c(C)noc1-c1ccc(cc1)-c1ccc(CC(O)=O)cc1)c1ccccc1, C[C@@H](OC(=O)Nc1c(C)noc1-c1ccc(cc1)-c1ccc(CC(O)=O)cc1)c1ccccc1, C[C@@H](OC(=O)Nc1c(C)noc1-c1ccc(cc1)-c1ccc(CC(O)=O)cc1)c1ccccc1, C[C@@H](OC(=O)Nc1c(C)noc1-c1ccc(cc1)-c1ccc(CC(O)=O)cc1)c1ccccc1, C[C@@H](OC(=O)Nc1c(C)noc1-c1ccc(cc1)-c1ccc(CC(O)=O)cc1)c1ccccc1, C[C@@H](OC(=O)Nc1c(C)noc1-c1ccc(cc1)-c1ccc(CC(O)=O)cc1)c1ccccc1","LNDDRUPAICPXIN-GOSISDBHSA-N, LNDDRUPAICPXIN-GOSISDBHSA-N, LNDDRUPAICPXIN-GOSISDBHSA-N, LNDDRUPAICPXIN-GOSISDBHSA-N, LNDDRUPAICPXIN-GOSISDBHSA-N, LNDDRUPAICPXIN-GOSISDBHSA-N, LNDDRUPAICPXIN-GOSISDBHSA-N, LNDDRUPAICPXIN-GOSISDBHSA-N, LNDDRUPAICPXIN-GOSISDBHSA-N, LNDDRUPAICPXIN-GOSISDBHSA-N",Preclinical
AM211,prostaglandin inhibitor,,,,MedChemEx,98.69,CCN(Cc1cc(ccc1-c1cc(CC(O)=O)ccc1OC)C(F)(F)F)C(=O)NCc1ccccc1,OPXIRFWNLBDKQB-UHFFFAOYSA-N,Preclinical
AM679,"cannabinoid receptor agonist, lipoxygenase inhibitor","ALOX5AP, CNR1, CNR2",,,MedChemEx,96.62,COc1cnc(nc1)-c1ccc(Cn2c(CC(C)(C)C(O)=O)c(SC(C)(C)C)c3cc(OC[C@@H]4Cc5ccccc5N4C(C)=O)ccc23)cc1,VYXWHVDEWWHDLH-LJAQVGFWSA-N,Preclinical
ANA-12,tropomyosin receptor kinase inhibitor,NTRK2,,,"Tocris, Tocris",98.36,"O=C(Nc1ccccc1C(=O)N[C@H]1CCCCNC1=O)c1cc2ccccc2s1 |&1:12,r|, O=C(Nc1ccccc1C(=O)N[C@H]1CCCCNC1=O)c1cc2ccccc2s1 |&1:12,r|","TUSCYCAIGRVBMD-KRWDZBQOSA-N, TUSCYCAIGRVBMD-KRWDZBQOSA-N",Preclinical
anabasine,acetylcholine receptor agonist,,,,Enzo,90.14,"C1CC[C@@H](NC1)c1cccnc1 |&1:3,r|",MTXSIJUGVMTTMU-SNVBAGLBSA-N,Preclinical
anacetrapib,cholesteryl ester transfer protein inhibitor,CETP,,,MedChemEx,97.66,COc1cc(F)c(cc1-c1ccc(cc1CN1[C@@H](C)[C@H](OC1=O)c1cc(cc(c1)C(F)(F)F)C(F)(F)F)C(F)(F)F)C(C)C,MZZLGJHLQGUVPN-HAWMADMCSA-N,Phase 3
anagliptin,dipeptidyl peptidase inhibitor,DPP4,endocrinology,diabetes mellitus,"MedChemEx, MedChemEx",82.68,"Cc1cc2ncc(cn2n1)C(=O)NCC(C)(C)NCC(=O)N1CCC[C@H]1C#N, Cc1cc2ncc(cn2n1)C(=O)NCC(C)(C)NCC(=O)N1CCC[C@H]1C#N","LDXYBEHACFJIEL-HNNXBMFYSA-N, LDXYBEHACFJIEL-HNNXBMFYSA-N",Launched
anagrelide,phosphodiesterase inhibitor,PDE3A,"hematology, hematologic malignancy","thrombocythemia, myeloproliferative neoplasms","MicroSource, MicroSource, MicroSource, Selleck, Selleck, Selleck, Selleck, Selleck",98.12,"Clc1ccc2N=C3NC(=O)CN3Cc2c1Cl |t:5|, Clc1ccc2N=C3NC(=O)CN3Cc2c1Cl |t:5|, Clc1ccc2N=C3NC(=O)CN3Cc2c1Cl |t:5|, Clc1ccc2N=C3NC(=O)CN3Cc2c1Cl |t:5|, Clc1ccc2N=C3NC(=O)CN3Cc2c1Cl |t:5|, Clc1ccc2N=C3NC(=O)CN3Cc2c1Cl |t:5|, Clc1ccc2N=C3NC(=O)CN3Cc2c1Cl |t:5|, Clc1ccc2N=C3NC(=O)CN3Cc2c1Cl |t:5|","OTBXOEAOVRKTNQ-UHFFFAOYSA-N, OTBXOEAOVRKTNQ-UHFFFAOYSA-N, OTBXOEAOVRKTNQ-UHFFFAOYSA-N, OTBXOEAOVRKTNQ-UHFFFAOYSA-N, OTBXOEAOVRKTNQ-UHFFFAOYSA-N, OTBXOEAOVRKTNQ-UHFFFAOYSA-N, OTBXOEAOVRKTNQ-UHFFFAOYSA-N, OTBXOEAOVRKTNQ-UHFFFAOYSA-N",Launched
anamorelin,growth hormone secretagogue receptor agonist,GHSR,,,"MedChemEx, MedChemEx",98,"CN(C)N(C)C(=O)[C@@]1(Cc2ccccc2)CCCN(C1)C(=O)[C@@H](Cc1c[nH]c2ccccc12)NC(=O)C(C)(C)N, CN(C)N(C)C(=O)[C@@]1(Cc2ccccc2)CCCN(C1)C(=O)[C@@H](Cc1c[nH]c2ccccc12)NC(=O)C(C)(C)N","VQPFSIRUEPQQPP-MXBOTTGLSA-N, VQPFSIRUEPQQPP-MXBOTTGLSA-N",Phase 3
anandamide,cannabinoid receptor agonist,"CACNA1G, CACNA1H, CACNA1I, CNR1, CNR2, GLRA1, GPR18, GPR55, KCNA2, KCNK3, KCNK9, TRPM8, TRPV1",,,"Enzo, Enzo, Enzo, Enzo, Sigma",97.08,"CCCCC\C=C/C\C=C/C\C=C/C\C=C/CCCC(=O)NCCO, CCCCC\C=C/C\C=C/C\C=C/C\C=C/CCCC(=O)NCCO, CCCCC\C=C/C\C=C/C\C=C/C\C=C/CCCC(=O)NCCO, CCCCC\C=C/C\C=C/C\C=C/C\C=C/CCCC(=O)NCCO, CCCCC\C=C/C\C=C/C\C=C/C\C=C/CCCC(=O)NCCO","LGEQQWMQCRIYKG-DOFZRALJSA-N, LGEQQWMQCRIYKG-DOFZRALJSA-N, LGEQQWMQCRIYKG-DOFZRALJSA-N, LGEQQWMQCRIYKG-DOFZRALJSA-N, LGEQQWMQCRIYKG-DOFZRALJSA-N",Phase 2
anastrozole,aromatase inhibitor,CYP19A1,oncology,breast cancer,"Tocris, MicroSource, Selleck",99.51,"CC(C)(C#N)c1cc(Cn2cncn2)cc(c1)C(C)(C)C#N, CC(C)(C#N)c1cc(Cn2cncn2)cc(c1)C(C)(C)C#N, CC(C)(C#N)c1cc(Cn2cncn2)cc(c1)C(C)(C)C#N","YBBLVLTVTVSKRW-UHFFFAOYSA-N, YBBLVLTVTVSKRW-UHFFFAOYSA-N, YBBLVLTVTVSKRW-UHFFFAOYSA-N",Launched
andarine,androgen receptor modulator,AR,,,"Selleck, Selleck, Selleck, MedChemEx",97.56,"CC(=O)Nc1ccc(OC[C@](C)(O)C(=O)Nc2ccc(c(c2)C(F)(F)F)[N+]([O-])=O)cc1, CC(=O)Nc1ccc(OC[C@](C)(O)C(=O)Nc2ccc(c(c2)C(F)(F)F)[N+]([O-])=O)cc1, CC(=O)Nc1ccc(OC[C@](C)(O)C(=O)Nc2ccc(c(c2)C(F)(F)F)[N+]([O-])=O)cc1, CC(=O)Nc1ccc(OC[C@](C)(O)C(=O)Nc2ccc(c(c2)C(F)(F)F)[N+]([O-])=O)cc1","YVXVTLGIDOACBJ-SFHVURJKSA-N, YVXVTLGIDOACBJ-SFHVURJKSA-N, YVXVTLGIDOACBJ-SFHVURJKSA-N, YVXVTLGIDOACBJ-SFHVURJKSA-N",Phase 1
andrographolide,tumor necrosis factor production inhibitor,"IL1B, IL6, NFKB1, NFKB2, TNF",,,Tocris,92.89,C[C@@]1(CO)[C@H](O)CC[C@@]2(C)[C@H](C\C=C3/[C@H](O)COC3=O)C(=C)CC[C@H]12,BOJKULTULYSRAS-OTESTREVSA-N,Phase 2
androstenone,steroid,,,,"SantaCruz, SantaCruz, SantaCruz",100,"C[C@@]12CC[C@H]3[C@@H](CC[C@H]4CC(=O)CC[C@@]34C)[C@@H]1CC=C2 |&1:1,&2:4,&3:5,&4:8,&5:14,&6:16,r,c:21|, C[C@@]12CC[C@H]3[C@@H](CC[C@H]4CC(=O)CC[C@@]34C)[C@@H]1CC=C2 |&1:1,&2:4,&3:5,&4:8,&5:14,&6:16,r,c:21|, C[C@@]12CC[C@H]3[C@@H](CC[C@H]4CC(=O)CC[C@@]34C)[C@@H]1CC=C2 |&1:1,&2:4,&3:5,&4:8,&5:14,&6:16,r,c:21|","HFVMLYAGWXSTQI-UGRKVPRCSA-N, HFVMLYAGWXSTQI-UGRKVPRCSA-N, HFVMLYAGWXSTQI-UGRKVPRCSA-N",Preclinical
androsterone,androgen receptor agonist,,,,"MedChemEx, Prestwick, Prestwick",100,"C[C@]12CC[C@H]3[C@@H](CC[C@H]4C[C@H](O)CC[C@]34C)[C@@H]1CCC2=O, C[C@]12CC[C@H]3[C@@H](CC[C@H]4C[C@H](O)CC[C@]34C)[C@@H]1CCC2=O, C[C@]12CC[C@H]3[C@@H](CC[C@H]4C[C@H](O)CC[C@]34C)[C@@H]1CCC2=O","QGXBDMJGAMFCBF-HLUDHZFRSA-N, QGXBDMJGAMFCBF-HLUDHZFRSA-N, QGXBDMJGAMFCBF-HLUDHZFRSA-N",Preclinical
anecortave-acetate,angiogenesis inhibitor,,ophthalmology,macular degeneration,Toronto,76.87,"CC(=O)OCC(=O)[C@@]1(O)CC[C@H]2[C@@H]3CCC4=CC(=O)CC[C@]4(C)C3=CC[C@]12C |c:25,t:15|",YUWPMEXLKGOSBF-GACAOOTBSA-N,Launched
anethole,glutathione transferase stimulant,,,,"MedChemEx, MicroSource, MedChemEx",0,"COc1ccc(\C=C\C)cc1, COc1ccc(\C=C\C)cc1, COc1ccc(\C=C\C)cc1","RUVINXPYWBROJD-ONEGZZNKSA-N, RUVINXPYWBROJD-ONEGZZNKSA-N, RUVINXPYWBROJD-ONEGZZNKSA-N",Launched
anethole-trithione,glutathione transferase stimulant,,dental,xerostomia,"Enzo, MedChemEx, MedChemEx",97.57,"COc1ccc(cc1)-c1cc(=S)ss1, COc1ccc(cc1)-c1cc(=S)ss1, COc1ccc(cc1)-c1cc(=S)ss1","KYLIZBIRMBGUOP-UHFFFAOYSA-N, KYLIZBIRMBGUOP-UHFFFAOYSA-N, KYLIZBIRMBGUOP-UHFFFAOYSA-N",Launched
anguidine,protein synthesis inhibitor,SLC5A1,,,"Enzo, Enzo, Enzo, Enzo",100,"CC(=O)OC[C@]12CCC(C)=C[C@H]1O[C@@H]1[C@H](O)[C@@H](OC(C)=O)[C@@]2(C)[C@@]11CO1 |c:9|, CC(=O)OC[C@]12CCC(C)=C[C@H]1O[C@@H]1[C@H](O)[C@@H](OC(C)=O)[C@@]2(C)[C@@]11CO1 |c:9|, CC(=O)OC[C@]12CCC(C)=C[C@H]1O[C@@H]1[C@H](O)[C@@H](OC(C)=O)[C@@]2(C)[C@@]11CO1 |c:9|, CC(=O)OC[C@]12CCC(C)=C[C@H]1O[C@@H]1[C@H](O)[C@@H](OC(C)=O)[C@@]2(C)[C@@]11CO1 |c:9|","AUGQEEXBDZWUJY-ZLJUKNTDSA-N, AUGQEEXBDZWUJY-ZLJUKNTDSA-N, AUGQEEXBDZWUJY-ZLJUKNTDSA-N, AUGQEEXBDZWUJY-ZLJUKNTDSA-N",Phase 2
anidulafungin,"fungal 1,3-beta-D-glucan synthase inhibitor",,infectious disease,"candidemia, fungal infection, esophageal candidiasis",MedChemEx,97.45,CCCCCOc1ccc(cc1)-c1ccc(cc1)-c1ccc(cc1)C(=O)N[C@H]1C[C@@H](O)[C@@H](O)NC(=O)[C@@H]2[C@@H](O)[C@@H](C)CN2C(=O)[C@@H](NC(=O)[C@@H](NC(=O)[C@@H]2C[C@@H](O)CN2C(=O)[C@@H](NC1=O)[C@@H](C)O)[C@H](O)[C@@H](O)c1ccc(O)cc1)[C@@H](C)O |r|,JHVAMHSQVVQIOT-MFAJLEFUSA-N,Launched
aniracetam,glutamate receptor agonist,"DRD2, GRIA1, GRIA2, GRIA3, GRIA4, HTR2A",,,"Tocris, Tocris, Tocris, Tocris, Selleck",97.89,"COc1ccc(cc1)C(=O)N1CCCC1=O, COc1ccc(cc1)C(=O)N1CCCC1=O, COc1ccc(cc1)C(=O)N1CCCC1=O, COc1ccc(cc1)C(=O)N1CCCC1=O, COc1ccc(cc1)C(=O)N1CCCC1=O","ZXNRTKGTQJPIJK-UHFFFAOYSA-N, ZXNRTKGTQJPIJK-UHFFFAOYSA-N, ZXNRTKGTQJPIJK-UHFFFAOYSA-N, ZXNRTKGTQJPIJK-UHFFFAOYSA-N, ZXNRTKGTQJPIJK-UHFFFAOYSA-N",Launched
anisindione,vitamin K antagonist,GGCX,hematology,deep vein thrombosis (DVT),"MedChemEx, Selleck, Vitas-M, Vitas-M, MedChemEx, MicroSource, Selleck",89.62,"COc1ccc(cc1)C1C(=O)c2ccccc2C1=O, COc1ccc(cc1)C1C(=O)c2ccccc2C1=O, COc1ccc(cc1)C1C(=O)c2ccccc2C1=O, COc1ccc(cc1)C1C(=O)c2ccccc2C1=O, COc1ccc(cc1)C1C(=O)c2ccccc2C1=O, COc1ccc(cc1)C1C(=O)c2ccccc2C1=O, COc1ccc(cc1)C1C(=O)c2ccccc2C1=O","XRCFXMGQEVUZFC-UHFFFAOYSA-N, XRCFXMGQEVUZFC-UHFFFAOYSA-N, XRCFXMGQEVUZFC-UHFFFAOYSA-N, XRCFXMGQEVUZFC-UHFFFAOYSA-N, XRCFXMGQEVUZFC-UHFFFAOYSA-N, XRCFXMGQEVUZFC-UHFFFAOYSA-N, XRCFXMGQEVUZFC-UHFFFAOYSA-N",Launched
anisodamine,lipid peroxidase inhibitor,ADRA1A,,,"MicroSource, MicroSource",86.1,"CN1[C@H]2C[C@H](O)[C@H]1C[C@H](C2)OC(=O)[C@H](CO)c1ccccc1 |a:4,6,8,13,&1:2,THB:5:4:1:7.8.9|, CN1[C@H]2C[C@H](O)[C@H]1C[C@H](C2)OC(=O)[C@H](CO)c1ccccc1 |a:4,6,8,13,&1:2,THB:5:4:1:7.8.9|","WTQYWNWRJNXDEG-JKJDWNRSSA-N, WTQYWNWRJNXDEG-JKJDWNRSSA-N",Phase 3
anisomycin,DNA synthesis inhibitor,"NHP2L1, RPL10L, RPL11, RPL13A, RPL15, RPL19, RPL23, RPL23A, RPL26L1, RPL3, RPL37, RPL8, RSL24D1",,,"Tocris, Tocris, Tocris, Tocris, Tocris",94.51,"COc1ccc(C[C@H]2NC[C@H](O)[C@H]2OC(C)=O)cc1, COc1ccc(C[C@H]2NC[C@H](O)[C@H]2OC(C)=O)cc1, COc1ccc(C[C@H]2NC[C@H](O)[C@H]2OC(C)=O)cc1, COc1ccc(C[C@H]2NC[C@H](O)[C@H]2OC(C)=O)cc1, COc1ccc(C[C@H]2NC[C@H](O)[C@H]2OC(C)=O)cc1","YKJYKKNCCRKFSL-RDBSUJKOSA-N, YKJYKKNCCRKFSL-RDBSUJKOSA-N, YKJYKKNCCRKFSL-RDBSUJKOSA-N, YKJYKKNCCRKFSL-RDBSUJKOSA-N, YKJYKKNCCRKFSL-RDBSUJKOSA-N",Preclinical
anisotropine,acetylcholine receptor antagonist,,gastroenterology,peptic ulcer disease (PUD),Oakwood,100,CCCC(CCC)C(=O)O[C@@H]1C[C@@H]2CC[C@H](C1)[N+]2(C)C,XGGHHHBGPSNXFE-ZSHCYNCHSA-N,Launched
anlotinib,"PDGFR tyrosine kinase receptor inhibitor, VEGFR inhibitor","KDR, PDGFRB",,,"MedChemEx, MedChemEx, MedChemEx, MedChemEx, MedChemEx",98.34,"COc1cc2c(Oc3ccc4[nH]c(C)cc4c3F)ccnc2cc1OCC1(N)CC1, COc1cc2c(Oc3ccc4[nH]c(C)cc4c3F)ccnc2cc1OCC1(N)CC1, COc1cc2c(Oc3ccc4[nH]c(C)cc4c3F)ccnc2cc1OCC1(N)CC1, COc1cc2c(Oc3ccc4[nH]c(C)cc4c3F)ccnc2cc1OCC1(N)CC1, COc1cc2c(Oc3ccc4[nH]c(C)cc4c3F)ccnc2cc1OCC1(N)CC1","KSMZEXLVHXZPEF-UHFFFAOYSA-N, KSMZEXLVHXZPEF-UHFFFAOYSA-N, KSMZEXLVHXZPEF-UHFFFAOYSA-N, KSMZEXLVHXZPEF-UHFFFAOYSA-N, KSMZEXLVHXZPEF-UHFFFAOYSA-N",Launched
anpirtoline,serotonin receptor agonist,HTR1B,,,"Tocris, Tocris, Tocris, Tocris, Tocris",93.59,"Clc1cccc(SC2CCNCC2)n1, Clc1cccc(SC2CCNCC2)n1, Clc1cccc(SC2CCNCC2)n1, Clc1cccc(SC2CCNCC2)n1, Clc1cccc(SC2CCNCC2)n1","GGALEXMXDMUMDM-UHFFFAOYSA-N, GGALEXMXDMUMDM-UHFFFAOYSA-N, GGALEXMXDMUMDM-UHFFFAOYSA-N, GGALEXMXDMUMDM-UHFFFAOYSA-N, GGALEXMXDMUMDM-UHFFFAOYSA-N",Phase 1
ANR-94,adenosine receptor antagonist,ADORA2A,,,"Tocris, Tocris",96.91,"CCOc1nc2c(N)ncnc2n1CC, CCOc1nc2c(N)ncnc2n1CC","QUGDTMONBLMLLD-UHFFFAOYSA-N, QUGDTMONBLMLLD-UHFFFAOYSA-N",Preclinical
ansamitocin-p-3,apoptosis stimulant,,,,MedChemEx,77.64,"[H][C@@]12O[C@@]1(C)[C@H](CC(=O)N(C)c1cc(C\C(C)=C\C=C\[C@@H](OC)[C@@]3(O)C[C@]([H])(OC(=O)N3)[C@H]2C)cc(OC)c1Cl)OC(=O)C(C)C |t:17,19|",OPQNCARIZFLNLF-HSBZPDDFSA-N,Preclinical
antagonist-g,neuropeptide receptor antagonist,MAPK8,,,"Tocris, Tocris",77.63,"CSCC[C@H](NC(=O)[C@H](CC(C)C)NC(=O)[C@@H](Cc1c[nH]c2ccccc12)NC(=O)[C@H](Cc1ccccc1)N(C)C(=O)[C@@H](Cc1c[nH]c2ccccc12)NC(=O)[C@@H](N)CCCNC(N)=N)C(N)=O, CSCC[C@H](NC(=O)[C@H](CC(C)C)NC(=O)[C@@H](Cc1c[nH]c2ccccc12)NC(=O)[C@H](Cc1ccccc1)N(C)C(=O)[C@@H](Cc1c[nH]c2ccccc12)NC(=O)[C@@H](N)CCCNC(N)=N)C(N)=O","CUCSSYAUKKIDJV-FAXBSAIASA-N, CUCSSYAUKKIDJV-FAXBSAIASA-N",Phase 1
antalarmin,corticotropin releasing factor receptor antagonist,CRHR1,,,"Tocris, Tocris, Tocris",95.23,"CCCCN(CC)c1nc(C)nc2n(c(C)c(C)c12)-c1c(C)cc(C)cc1C, CCCCN(CC)c1nc(C)nc2n(c(C)c(C)c12)-c1c(C)cc(C)cc1C, CCCCN(CC)c1nc(C)nc2n(c(C)c(C)c12)-c1c(C)cc(C)cc1C","IXPROWGEHNVJOY-UHFFFAOYSA-N, IXPROWGEHNVJOY-UHFFFAOYSA-N, IXPROWGEHNVJOY-UHFFFAOYSA-N",Preclinical
antazoline,antihistamine,HRH1,"ophthalmology, otolaryngology","conjunctivitis, nasal congestion","MicroSource, Tocris, Tocris, Selleck",95.88,"C(N(Cc1ccccc1)c1ccccc1)C1=NCCN1 |t:17|, C(N(Cc1ccccc1)c1ccccc1)C1=NCCN1 |t:17|, C(N(Cc1ccccc1)c1ccccc1)C1=NCCN1 |t:17|, C(N(Cc1ccccc1)c1ccccc1)C1=NCCN1 |t:17|","REYFJDPCWQRWAA-UHFFFAOYSA-N, REYFJDPCWQRWAA-UHFFFAOYSA-N, REYFJDPCWQRWAA-UHFFFAOYSA-N, REYFJDPCWQRWAA-UHFFFAOYSA-N",Launched
anthralin,DNA synthesis inhibitor,,dermatology,psoriasis,"MedChemEx, MedChemEx, MicroSource, MedChemEx",21.3,"Oc1cccc2Cc3cccc(O)c3C(=O)c12, Oc1cccc2Cc3cccc(O)c3C(=O)c12, Oc1cccc2Cc3cccc(O)c3C(=O)c12, Oc1cccc2Cc3cccc(O)c3C(=O)c12","NUZWLKWWNNJHPT-UHFFFAOYSA-N, NUZWLKWWNNJHPT-UHFFFAOYSA-N, NUZWLKWWNNJHPT-UHFFFAOYSA-N, NUZWLKWWNNJHPT-UHFFFAOYSA-N",Launched
anthraquinone,CDC inhibitor,CDC25B,,,"Sigma, Vitas-M",86.59,"O=C1c2ccccc2C(=O)c2ccccc12, O=C1c2ccccc2C(=O)c2ccccc12","RZVHIXYEVGDQDX-UHFFFAOYSA-N, RZVHIXYEVGDQDX-UHFFFAOYSA-N",Preclinical
antimony-potassium,,,,,MedChemEx,0,[H][C@]12O[SbH]3(OC1=O)OC(=O)[C@]([H])(O3)[C@@]1([H])O[SbH]3(OC(=O)[C@]2([H])O3)OC1=O |r|,ZCIXFSVENQDMCK-SOMOIXMJSA-J,Phase 2
antimonyl,,,,,"MedChemEx, Sigma",100,"O=C1O[SbH]23OC1C1O[SbH]4(OC(C(O2)C(=O)O3)C(=O)O4)OC1=O, O=C1O[SbH]23OC1C1O[SbH]4(OC(C(O2)C(=O)O3)C(=O)O4)OC1=O","ZCIXFSVENQDMCK-UHFFFAOYSA-J, ZCIXFSVENQDMCK-UHFFFAOYSA-J",Phase 1
antimycin-A,ATP synthase inhibitor,CYCS,,,Enzo,25.76,CCCCCC[C@@H]1[C@@H](OC(=O)CC(C)C)[C@H](C)OC(=O)[C@@H](NC(=O)c2cccc(NC=O)c2O)[C@@H](C)OC1=O,UIFFUZWRFRDZJC-SBOOETFBSA-N,Preclinical
antioxine,,,,,"Sigma, Enamine",0,"CC(C)c1ccc(C)c(O)c1, CC(C)c1ccc(C)c(O)c1","RECUKUPTGUEGMW-UHFFFAOYSA-N, RECUKUPTGUEGMW-UHFFFAOYSA-N",Launched
AN2718,leucyl-tRNA synthetase inhibitor,,,,"Enamine, Enamine",96.45,"OB1OCc2cc(Cl)ccc12, OB1OCc2cc(Cl)ccc12","HMAFTPZYFJFEHK-UHFFFAOYSA-N, HMAFTPZYFJFEHK-UHFFFAOYSA-N",Phase 1
AP-18,transient receptor potential channel antagonist,TRPA1,,,"Tocris, Tocris",96.53,"C\C(=C/c1ccc(Cl)cc1)\C(\C)=N\O, C\C(=C/c1ccc(Cl)cc1)\C(\C)=N\O","MHTJEUOFLVQMCL-NJHPPEEMSA-N, MHTJEUOFLVQMCL-NJHPPEEMSA-N",Preclinical
apabetalone,apolipoprotein expression enhancer,BRD3,,,"Selleck, Selleck",96.24,"COc1cc(OC)c2c(c1)[nH]c(nc2=O)-c1cc(C)c(OCCO)c(C)c1, COc1cc(OC)c2c(c1)[nH]c(nc2=O)-c1cc(C)c(OCCO)c(C)c1","NETXMUIMUZJUTB-UHFFFAOYSA-N, NETXMUIMUZJUTB-UHFFFAOYSA-N",Phase 3
apafant,platelet activating factor receptor antagonist,PTAFR,,,"Tocris, Tocris, Tocris",98.5,"Cc1nnc2CN=C(c3cc(CCC(=O)N4CCOCC4)sc3-n12)c1ccccc1Cl |c:6|, Cc1nnc2CN=C(c3cc(CCC(=O)N4CCOCC4)sc3-n12)c1ccccc1Cl |c:6|, Cc1nnc2CN=C(c3cc(CCC(=O)N4CCOCC4)sc3-n12)c1ccccc1Cl |c:6|","JGPJQFOROWSRRS-UHFFFAOYSA-N, JGPJQFOROWSRRS-UHFFFAOYSA-N, JGPJQFOROWSRRS-UHFFFAOYSA-N",Phase 3
apalutamide,androgen receptor antagonist,,oncology,prostate cancer,"Selleck, Selleck, Selleck, MedChemEx",97.61,"CNC(=O)c1ccc(cc1F)N1C(=S)N(C(=O)C11CCC1)c1cnc(C#N)c(c1)C(F)(F)F, CNC(=O)c1ccc(cc1F)N1C(=S)N(C(=O)C11CCC1)c1cnc(C#N)c(c1)C(F)(F)F, CNC(=O)c1ccc(cc1F)N1C(=S)N(C(=O)C11CCC1)c1cnc(C#N)c(c1)C(F)(F)F, CNC(=O)c1ccc(cc1F)N1C(=S)N(C(=O)C11CCC1)c1cnc(C#N)c(c1)C(F)(F)F","HJBWBFZLDZWPHF-UHFFFAOYSA-N, HJBWBFZLDZWPHF-UHFFFAOYSA-N, HJBWBFZLDZWPHF-UHFFFAOYSA-N, HJBWBFZLDZWPHF-UHFFFAOYSA-N",Launched
apararenone,mineralocorticoid receptor antagonist,,,,MedChemEx,97.55,CC1(C)Oc2cc(NS(C)(=O)=O)ccc2N(C1=O)c1ccc(F)cc1,AZNHWXAFPBYFGH-UHFFFAOYSA-N,Preclinical
apatinib,RET tyrosine kinase inhibitor,"CSK, KDR, KIT, RET",,,"Selleck, Selleck, MedChemEx",97.58,"O=C(Nc1ccc(cc1)C1(CCCC1)C#N)c1cccnc1NCc1ccncc1, O=C(Nc1ccc(cc1)C1(CCCC1)C#N)c1cccnc1NCc1ccncc1, O=C(Nc1ccc(cc1)C1(CCCC1)C#N)c1cccnc1NCc1ccncc1","WPEWQEMJFLWMLV-UHFFFAOYSA-N, WPEWQEMJFLWMLV-UHFFFAOYSA-N, WPEWQEMJFLWMLV-UHFFFAOYSA-N",Phase 3
APC-100,"androgen receptor antagonist, anti-inflammatory agent",AR,,,"Sigma, Sigma",93.42,"Cc1c(C)c2OC(C)(C)CCc2c(C)c1O, Cc1c(C)c2OC(C)(C)CCc2c(C)c1O","SEBPXHSZHLFWRL-UHFFFAOYSA-N, SEBPXHSZHLFWRL-UHFFFAOYSA-N",Phase 1/Phase 2
APcK-110,KIT inhibitor,"KIT, STAT3",,,"Tocris, Tocris, Tocris",95.57,"COc1cc(OC)cc(c1)-c1ccc2c([nH]nc2n1)-c1ccc(F)cc1, COc1cc(OC)cc(c1)-c1ccc2c([nH]nc2n1)-c1ccc(F)cc1, COc1cc(OC)cc(c1)-c1ccc2c([nH]nc2n1)-c1ccc(F)cc1","CAMGZGMEPKFVMF-UHFFFAOYSA-N, CAMGZGMEPKFVMF-UHFFFAOYSA-N, CAMGZGMEPKFVMF-UHFFFAOYSA-N",Preclinical
APD597,glucose dependent insulinotropic receptor agonist,GPR119,,,MedChemEx,96.93,COc1c(Nc2ccc(nc2C)S(C)(=O)=O)ncnc1OC1CCN(CC1)C(=O)OC(C)C,WPDCHTSXOPUOII-UHFFFAOYSA-N,Phase 1
APD668,glucose dependent insulinotropic receptor agonist,GPR119,,,"MedChemEx, MedChemEx",98.92,"CC(C)OC(=O)N1CCC(CC1)Oc1ncnc2n(ncc12)-c1ccc(cc1F)S(C)(=O)=O, CC(C)OC(=O)N1CCC(CC1)Oc1ncnc2n(ncc12)-c1ccc(cc1F)S(C)(=O)=O","XTRUQJBVQBUKSQ-UHFFFAOYSA-N, XTRUQJBVQBUKSQ-UHFFFAOYSA-N",Phase 1
aphidicolin,RNA synthesis inhibitor,,,,"Enzo, Enzo, Sigma",100,"C[C@@]1(CO)[C@H](O)CC[C@@]2(C)[C@H]1CC[C@H]1C[C@@H]3C[C@]21CC[C@]3(O)CO, C[C@@]1(CO)[C@H](O)CC[C@@]2(C)[C@H]1CC[C@H]1C[C@@H]3C[C@]21CC[C@]3(O)CO, C[C@@]1(CO)[C@H](O)CC[C@@]2(C)[C@H]1CC[C@H]1C[C@@H]3C[C@]21CC[C@]3(O)CO","NOFOAYPPHIUXJR-APNQCZIXSA-N, NOFOAYPPHIUXJR-APNQCZIXSA-N, NOFOAYPPHIUXJR-APNQCZIXSA-N",Phase 1
API-001,sigma receptor antagonist,SIGMAR1,,,"MedChemEx, MedChemEx, MedChemEx",99.32,"Cc1cc(OCCN2CCOCC2)nn1-c1ccc2ccccc2c1, Cc1cc(OCCN2CCOCC2)nn1-c1ccc2ccccc2c1, Cc1cc(OCCN2CCOCC2)nn1-c1ccc2ccccc2c1","DGPGXHRHNRYVDH-UHFFFAOYSA-N, DGPGXHRHNRYVDH-UHFFFAOYSA-N, DGPGXHRHNRYVDH-UHFFFAOYSA-N",Phase 2
API-1,AKT inhibitor,"AKT1, AKT2, AKT3",,,"Tocris, Tocris, Tocris",96.5,"NC(=O)c1cn([C@@H]2O[C@H](CO)[C@@H](O)[C@H]2O)c2ncnc(N)c2c1=O, NC(=O)c1cn([C@@H]2O[C@H](CO)[C@@H](O)[C@H]2O)c2ncnc(N)c2c1=O, NC(=O)c1cn([C@@H]2O[C@H](CO)[C@@H](O)[C@H]2O)c2ncnc(N)c2c1=O","SPBWHPXCWJLQRU-FITJORAGSA-N, SPBWHPXCWJLQRU-FITJORAGSA-N, SPBWHPXCWJLQRU-FITJORAGSA-N",Preclinical
apigenin,"casein kinase inhibitor, cell proliferation inhibitor","AKR1B1, AR, CDK6, CFTR, CYP19A1, CYP1B1, HSD17B1",,,"Tocris, Tocris, Tocris, Selleck",96.49,"Oc1ccc(cc1)-c1cc(=O)c2c(O)cc(O)cc2o1, Oc1ccc(cc1)-c1cc(=O)c2c(O)cc(O)cc2o1, Oc1ccc(cc1)-c1cc(=O)c2c(O)cc(O)cc2o1, Oc1ccc(cc1)-c1cc(=O)c2c(O)cc(O)cc2o1","KZNIFHPLKGYRTM-UHFFFAOYSA-N, KZNIFHPLKGYRTM-UHFFFAOYSA-N, KZNIFHPLKGYRTM-UHFFFAOYSA-N, KZNIFHPLKGYRTM-UHFFFAOYSA-N",Preclinical
apixaban,coagulation factor inhibitor,F10,"neurology/psychiatry, hematology, cardiology","stroke, systemic embolism, pulmonary embolism (PE), atrial fibrillation (AF), deep vein thrombosis (DVT)","MedChemEx, MedChemEx, Selleck, MicroSource",99.16,"COc1ccc(cc1)-n1nc(C(N)=O)c2CCN(C(=O)c12)c1ccc(cc1)N1CCCCC1=O, COc1ccc(cc1)-n1nc(C(N)=O)c2CCN(C(=O)c12)c1ccc(cc1)N1CCCCC1=O, COc1ccc(cc1)-n1nc(C(N)=O)c2CCN(C(=O)c12)c1ccc(cc1)N1CCCCC1=O, COc1ccc(cc1)-n1nc(C(N)=O)c2CCN(C(=O)c12)c1ccc(cc1)N1CCCCC1=O","QNZCBYKSOIHPEH-UHFFFAOYSA-N, QNZCBYKSOIHPEH-UHFFFAOYSA-N, QNZCBYKSOIHPEH-UHFFFAOYSA-N, QNZCBYKSOIHPEH-UHFFFAOYSA-N",Launched
apocynin,NADPH oxidase inhibitor,NOX4,,,"MedChemEx, MedChemEx, Selleck, Selleck",96.42,"COc1cc(ccc1O)C(C)=O, COc1cc(ccc1O)C(C)=O, COc1cc(ccc1O)C(C)=O, COc1cc(ccc1O)C(C)=O","DFYRUELUNQRZTB-UHFFFAOYSA-N, DFYRUELUNQRZTB-UHFFFAOYSA-N, DFYRUELUNQRZTB-UHFFFAOYSA-N, DFYRUELUNQRZTB-UHFFFAOYSA-N",Phase 1
apoptosis-activator-II,carboxylesterase inhibitor,"BCHE, CES1",,,"Tocris, Tocris, Selleck, Tocris",97.54,"Clc1ccc(CN2C(=O)C(=O)c3ccccc23)cc1Cl, Clc1ccc(CN2C(=O)C(=O)c3ccccc23)cc1Cl, Clc1ccc(CN2C(=O)C(=O)c3ccccc23)cc1Cl, Clc1ccc(CN2C(=O)C(=O)c3ccccc23)cc1Cl","KGRJPLRFGLMQMV-UHFFFAOYSA-N, KGRJPLRFGLMQMV-UHFFFAOYSA-N, KGRJPLRFGLMQMV-UHFFFAOYSA-N, KGRJPLRFGLMQMV-UHFFFAOYSA-N",Preclinical
APR-246,p53 activator,TP53,,,Adooq,97.6,"COC[C@@]1(CO)N2CCC(CC2)C1=O |&1:3,r,TLB:2:3:7.8:10.11|",BGBNULCRKBVAKL-SNVBAGLBSA-N,Phase 3
apraclonidine,adrenergic receptor agonist,"ADRA1A, ADRA2A, ADRA2B, ADRA2C",ophthalmology,"glaucoma, intraocular pressure",Ark,85.91,Nc1cc(Cl)c(NC2=NCCN2)c(Cl)c1 |t:7|,IEJXVRYNEISIKR-UHFFFAOYSA-N,Launched
apramycin,bacterial 30S ribosomal subunit inhibitor,,infectious disease,gram-negative bacterial infections,MedChemEx,22.8,CN[C@H]1[C@@H](O)[C@H]2O[C@H](O[C@@H]3[C@@H](N)C[C@@H](N)[C@H](O)[C@H]3O)[C@H](N)C[C@@H]2O[C@@H]1O[C@H]1O[C@H](CO)[C@@H](N)[C@H](O)[C@H]1O,XZNUGFQTQHRASN-XQENGBIVSA-N,Launched
apratastat,"matrix metalloprotease inhibitor, tumor necrosis factor production inhibitor","ADAM17, MMP1, MMP13, MMP9",,,"Sigma, Sigma, Sigma, Sigma",100,"CC1(C)SCCN([C@H]1C(=O)NO)S(=O)(=O)c1ccc(OCC#CCO)cc1, CC1(C)SCCN([C@H]1C(=O)NO)S(=O)(=O)c1ccc(OCC#CCO)cc1, CC1(C)SCCN([C@H]1C(=O)NO)S(=O)(=O)c1ccc(OCC#CCO)cc1, CC1(C)SCCN([C@H]1C(=O)NO)S(=O)(=O)c1ccc(OCC#CCO)cc1","MAVDNGWEBZTACC-HNNXBMFYSA-N, MAVDNGWEBZTACC-HNNXBMFYSA-N, MAVDNGWEBZTACC-HNNXBMFYSA-N, MAVDNGWEBZTACC-HNNXBMFYSA-N",Phase 2
apremilast,phosphodiesterase inhibitor,"PDE4A, PDE4B, PDE4C, PDE4D","dermatology, rheumatology","psoriasis, psoriatic arthritis","Selleck, Selleck, Selleck, MedChemEx",97.87,"CCOc1cc(ccc1OC)[C@@H](CS(C)(=O)=O)N1C(=O)c2cccc(NC(C)=O)c2C1=O, CCOc1cc(ccc1OC)[C@@H](CS(C)(=O)=O)N1C(=O)c2cccc(NC(C)=O)c2C1=O, CCOc1cc(ccc1OC)[C@@H](CS(C)(=O)=O)N1C(=O)c2cccc(NC(C)=O)c2C1=O, CCOc1cc(ccc1OC)[C@@H](CS(C)(=O)=O)N1C(=O)c2cccc(NC(C)=O)c2C1=O","IMOZEMNVLZVGJZ-QGZVFWFLSA-N, IMOZEMNVLZVGJZ-QGZVFWFLSA-N, IMOZEMNVLZVGJZ-QGZVFWFLSA-N, IMOZEMNVLZVGJZ-QGZVFWFLSA-N",Launched
aprepitant,tachykinin antagonist,TACR1,gastroenterology,"nausea, vomiting",MedChemEx,97.69,C[C@@H](O[C@H]1OCCN(Cc2n[nH]c(=O)[nH]2)[C@H]1c1ccc(F)cc1)c1cc(cc(c1)C(F)(F)F)C(F)(F)F,ATALOFNDEOCMKK-OITMNORJSA-N,Launched
apricitabine,nucleoside reverse transcriptase inhibitor,,,,Key,98.8,Nc1ccn([C@H]2CO[C@@H](CO)S2)c(=O)n1,RYMCFYKJDVMSIR-RNFRBKRXSA-N,Phase 3
aprindine,voltage-gated sodium channel blocker,"CALM1, SCN5A",cardiology,cardiac arrythmia,"Sigma, Sigma",93.45,"CCN(CC)CCCN(C1Cc2ccccc2C1)c1ccccc1, CCN(CC)CCCN(C1Cc2ccccc2C1)c1ccccc1","NZLBHDRPUJLHCE-UHFFFAOYSA-N, NZLBHDRPUJLHCE-UHFFFAOYSA-N",Launched
apronal,cytochrome P450 modulator,,,,MedChemEx,94.07,"CC(C)[C@H](CC=C)C(=O)NC(N)=O |&1:3,r|",KSUUMAWCGDNLFK-ZETCQYMHSA-N,Preclinical
aptiganel,glutamate receptor antagonist,GRIN1,,,"Tocris, EMDBio, EMDBio",99.3,"CCc1cccc(c1)N(C)C(=N)Nc1cccc2ccccc12, CCc1cccc(c1)N(C)C(=N)Nc1cccc2ccccc12, CCc1cccc(c1)N(C)C(=N)Nc1cccc2ccccc12","BFNCJMURTMZBTE-UHFFFAOYSA-N, BFNCJMURTMZBTE-UHFFFAOYSA-N, BFNCJMURTMZBTE-UHFFFAOYSA-N",Phase 3
APTO-253,krüppel-like factor expression enhancer,KLF4,,,"MedChemEx, MedChemEx, MedChemEx, MedChemEx",96.57,"Cc1[nH]c2ccc(F)cc2c1-c1nc2c([nH]1)c1cccnc1c1ncccc21, Cc1[nH]c2ccc(F)cc2c1-c1nc2c([nH]1)c1cccnc1c1ncccc21, Cc1[nH]c2ccc(F)cc2c1-c1nc2c([nH]1)c1cccnc1c1ncccc21, Cc1[nH]c2ccc(F)cc2c1-c1nc2c([nH]1)c1cccnc1c1ncccc21","NIRXBXIPHUTNNI-UHFFFAOYSA-N, NIRXBXIPHUTNNI-UHFFFAOYSA-N, NIRXBXIPHUTNNI-UHFFFAOYSA-N, NIRXBXIPHUTNNI-UHFFFAOYSA-N",Phase 1
APY-29,serine/threonine kinase inhibitor,ERN1,,,"Tocris, Tocris, Tocris",97.84,"C1CC1c1cc(Nc2ccnc(Nc3ccc4nc[nH]c4c3)n2)[nH]n1, C1CC1c1cc(Nc2ccnc(Nc3ccc4nc[nH]c4c3)n2)[nH]n1, C1CC1c1cc(Nc2ccnc(Nc3ccc4nc[nH]c4c3)n2)[nH]n1","WJNBSTLIALIIEW-UHFFFAOYSA-N, WJNBSTLIALIIEW-UHFFFAOYSA-N, WJNBSTLIALIIEW-UHFFFAOYSA-N",Preclinical
apyramide,cyclooxygenase inhibitor,,,,MedChemEx,94.26,COc1ccc2n(C(=O)c3ccc(Cl)cc3)c(C)c(CC(=O)Oc3ccc(NC(C)=O)cc3)c2c1,KWUFTKVMXUYTBF-UHFFFAOYSA-N,Preclinical
APY0201,phosphoinositide dependent kinase inhibitor,"IL12A, IL12B, PIKFYVE",,,"MedChemEx, MedChemEx, MedChemEx",88.96,"Cc1cccc(\C=N\Nc2cc(N3CCOCC3)n3nc(cc3n2)-c2ccncc2)c1, Cc1cccc(\C=N\Nc2cc(N3CCOCC3)n3nc(cc3n2)-c2ccncc2)c1, Cc1cccc(\C=N\Nc2cc(N3CCOCC3)n3nc(cc3n2)-c2ccncc2)c1","RFZQYGBLRIKROZ-PCLIKHOPSA-N, RFZQYGBLRIKROZ-PCLIKHOPSA-N, RFZQYGBLRIKROZ-PCLIKHOPSA-N",Preclinical
AP1903,,MTOR,,,"MedChemEx, MedChemEx",94.14,"CC[C@H](C(=O)N1CCCC[C@H]1C(=O)O[C@H](CCc1ccc(OC)c(OC)c1)c1cccc(OCC(=O)NCCNC(=O)COc2cccc(c2)[C@@H](CCc2ccc(OC)c(OC)c2)OC(=O)[C@@H]2CCCCN2C(=O)[C@@H](CC)c2cc(OC)c(OC)c(OC)c2)c1)c1cc(OC)c(OC)c(OC)c1, CC[C@H](C(=O)N1CCCC[C@H]1C(=O)O[C@H](CCc1ccc(OC)c(OC)c1)c1cccc(OCC(=O)NCCNC(=O)COc2cccc(c2)[C@@H](CCc2ccc(OC)c(OC)c2)OC(=O)[C@@H]2CCCCN2C(=O)[C@@H](CC)c2cc(OC)c(OC)c(OC)c2)c1)c1cc(OC)c(OC)c(OC)c1","GQLCLPLEEOUJQC-ZTQDTCGGSA-N, GQLCLPLEEOUJQC-ZTQDTCGGSA-N",Phase 1/Phase 2
AP26113,ALK tyrosine kinase receptor inhibitor,"ALK, EGFR",,,"Selleck, Selleck, Selleck, Selleck, BayerPharma",96.68,"COc1cc(ccc1Nc1ncc(Cl)c(Nc2ccccc2P(C)(C)=O)n1)N1CCC(CC1)N(C)C, COc1cc(ccc1Nc1ncc(Cl)c(Nc2ccccc2P(C)(C)=O)n1)N1CCC(CC1)N(C)C, COc1cc(ccc1Nc1ncc(Cl)c(Nc2ccccc2P(C)(C)=O)n1)N1CCC(CC1)N(C)C, COc1cc(ccc1Nc1ncc(Cl)c(Nc2ccccc2P(C)(C)=O)n1)N1CCC(CC1)N(C)C, COc1cc(ccc1Nc1ncc(Cl)c(Nc2ccccc2P(C)(C)=O)n1)N1CCC(CC1)N(C)C","OVDSPTSBIQCAIN-UHFFFAOYSA-N, OVDSPTSBIQCAIN-UHFFFAOYSA-N, OVDSPTSBIQCAIN-UHFFFAOYSA-N, OVDSPTSBIQCAIN-UHFFFAOYSA-N, OVDSPTSBIQCAIN-UHFFFAOYSA-N",Phase 2
AQ-RA741,acetylcholine receptor antagonist,CHRM2,,,"Tocris, Tocris, Tocris",96.35,"CCN(CC)CCCCC1CCN(CC(=O)N2c3ccccc3C(=O)Nc3cccnc23)CC1, CCN(CC)CCCCC1CCN(CC(=O)N2c3ccccc3C(=O)Nc3cccnc23)CC1, CCN(CC)CCCCC1CCN(CC(=O)N2c3ccccc3C(=O)Nc3cccnc23)CC1","BCUGCHZRMKTPMU-UHFFFAOYSA-N, BCUGCHZRMKTPMU-UHFFFAOYSA-N, BCUGCHZRMKTPMU-UHFFFAOYSA-N",Preclinical
AQ-13,antimalarial agent,,,,MedChemEx,96.51,CCN(CC)CCCNc1ccnc2cc(Cl)ccc12,NCPLTAGJJVCHOW-UHFFFAOYSA-N,Phase 2
AQW-051,nicotinic receptor agonist,,,,AMS,77.97,Cc1ccc(cc1)-c1ccc(O[C@H]2CN3CCC2CC3)cn1,NPDLTEZXGWRMLQ-IBGZPJMESA-N,Preclinical
AR-A014418,glycogen synthase kinase inhibitor,GSK3B,,,"Tocris, Selleck, Selleck, Selleck, Selleck",96.97,"COc1ccc(CNC(=O)Nc2ncc(s2)[N+]([O-])=O)cc1, COc1ccc(CNC(=O)Nc2ncc(s2)[N+]([O-])=O)cc1, COc1ccc(CNC(=O)Nc2ncc(s2)[N+]([O-])=O)cc1, COc1ccc(CNC(=O)Nc2ncc(s2)[N+]([O-])=O)cc1, COc1ccc(CNC(=O)Nc2ncc(s2)[N+]([O-])=O)cc1","YAEMHJKFIIIULI-UHFFFAOYSA-N, YAEMHJKFIIIULI-UHFFFAOYSA-N, YAEMHJKFIIIULI-UHFFFAOYSA-N, YAEMHJKFIIIULI-UHFFFAOYSA-N, YAEMHJKFIIIULI-UHFFFAOYSA-N",Preclinical
AR-C155858,monocarboxylate transporter inhibitor,"SLC16A1, SLC16A7",,,"MedChemEx, MedChemEx",93.13,"CC(C)Cn1c2sc(Cc3c(C)n[nH]c3C)c(C(=O)N3C[C@H](O)CO3)c2c(=O)n(C)c1=O, CC(C)Cn1c2sc(Cc3c(C)n[nH]c3C)c(C(=O)N3C[C@H](O)CO3)c2c(=O)n(C)c1=O","ISIVOJWVBJIOFM-ZDUSSCGKSA-N, ISIVOJWVBJIOFM-ZDUSSCGKSA-N",Preclinical
AR-12,phosphoinositide dependent kinase inhibitor,PDPK1,,,"Tocris, Selleck, Adooq, Selleck",92.43,"NCC(=O)Nc1ccc(cc1)-n1nc(cc1-c1ccc2c(ccc3ccccc23)c1)C(F)(F)F, NCC(=O)Nc1ccc(cc1)-n1nc(cc1-c1ccc2c(ccc3ccccc23)c1)C(F)(F)F, NCC(=O)Nc1ccc(cc1)-n1nc(cc1-c1ccc2c(ccc3ccccc23)c1)C(F)(F)F, NCC(=O)Nc1ccc(cc1)-n1nc(cc1-c1ccc2c(ccc3ccccc23)c1)C(F)(F)F","YULUCECVQOCQFQ-UHFFFAOYSA-N, YULUCECVQOCQFQ-UHFFFAOYSA-N, YULUCECVQOCQFQ-UHFFFAOYSA-N, YULUCECVQOCQFQ-UHFFFAOYSA-N",Phase 1
AR-42,HDAC inhibitor,HDAC1,,,"MedChemEx, MedChemEx, Selleck",97.9,"CC(C)[C@H](C(=O)Nc1ccc(cc1)C(=O)NO)c1ccccc1, CC(C)[C@H](C(=O)Nc1ccc(cc1)C(=O)NO)c1ccccc1, CC(C)[C@H](C(=O)Nc1ccc(cc1)C(=O)NO)c1ccccc1","LAMIXXKAWNLXOC-INIZCTEOSA-N, LAMIXXKAWNLXOC-INIZCTEOSA-N, LAMIXXKAWNLXOC-INIZCTEOSA-N",Phase 1
arachidonic-acid,cytochrome P450 inhibitor,"CLCN2, KCNJ4, KCNK10, KCNK18, KCNK2, PRKCZ, PTGS1, TRPC6, TRPM2",,,"Sigma, Enzo",50.81,"CCCCC\C=C/C\C=C/C\C=C/C\C=C/CCCC(O)=O, CCCCC\C=C/C\C=C/C\C=C/C\C=C/CCCC(O)=O","YZXBAPSDXZZRGB-DOFZRALJSA-N, YZXBAPSDXZZRGB-DOFZRALJSA-N",Phase 1
aramchol,stearoyl-CoA desaturase inhibitor,,,,Sigma,100,CCCCCCCCCCCCCCCCCCCC(=O)N[C@H]1CC[C@@]2(C)[C@H](C[C@@H](O)[C@H]3[C@@H]4CC[C@H]([C@H](C)CCC(O)=O)[C@@]4(C)[C@@H](O)C[C@H]23)C1,SHKXZIQNFMOPBS-OOMQYRRCSA-N,Phase 2/Phase 3
arbidol,cytochrome P450 inhibitor,CYP3A4,infectious disease,influenza A virus infection,"MedChemEx, Selleck, MedChemEx, Selleck",80.95,"CCOC(=O)c1c(CSc2ccccc2)n(C)c2cc(Br)c(O)c(CN(C)C)c12, CCOC(=O)c1c(CSc2ccccc2)n(C)c2cc(Br)c(O)c(CN(C)C)c12, CCOC(=O)c1c(CSc2ccccc2)n(C)c2cc(Br)c(O)c(CN(C)C)c12, CCOC(=O)c1c(CSc2ccccc2)n(C)c2cc(Br)c(O)c(CN(C)C)c12","KCFYEAOKVJSACF-UHFFFAOYSA-N, KCFYEAOKVJSACF-UHFFFAOYSA-N, KCFYEAOKVJSACF-UHFFFAOYSA-N, KCFYEAOKVJSACF-UHFFFAOYSA-N",Launched
arbutin,melanin inhibitor,TYR,,,"MedChemEx, Selleck",100,"OC[C@H]1O[C@@H](Oc2ccc(O)cc2)[C@H](O)[C@@H](O)[C@@H]1O, OC[C@H]1O[C@@H](Oc2ccc(O)cc2)[C@H](O)[C@@H](O)[C@@H]1O","BJRNKVDFDLYUGJ-RMPHRYRLSA-N, BJRNKVDFDLYUGJ-RMPHRYRLSA-N",Phase 2/Phase 3
ARC-239,adrenergic receptor antagonist,"ADRA2A, ADRA2B, ADRA2C",,,"Tocris, Tocris",96.55,"COc1ccccc1N1CCN(CCN2C(=O)c3ccccc3C(C)(C)C2=O)CC1, COc1ccccc1N1CCN(CCN2C(=O)c3ccccc3C(C)(C)C2=O)CC1","JFNKXGOEOQCXDM-UHFFFAOYSA-N, JFNKXGOEOQCXDM-UHFFFAOYSA-N",Preclinical
arctigenin,MEK inhibitor,"CHUK, MAP2K1",,,"Tocris, Tocris",98.04,"COc1ccc(C[C@H]2COC(=O)[C@@H]2Cc2ccc(O)c(OC)c2)cc1OC, COc1ccc(C[C@H]2COC(=O)[C@@H]2Cc2ccc(O)c(OC)c2)cc1OC","NQWVSMVXKMHKTF-JKSUJKDBSA-N, NQWVSMVXKMHKTF-JKSUJKDBSA-N",Preclinical
arcyriaflavin-a,CDK inhibitor,"CCND1, CDK4",,,"Tocris, Tocris, Tocris, Tocris, Tocris, Tocris, Tocris, Tocris, Tocris",89.04,"O=C1NC(=O)c2c1c1c3ccccc3[nH]c1c1[nH]c3ccccc3c21, O=C1NC(=O)c2c1c1c3ccccc3[nH]c1c1[nH]c3ccccc3c21, O=C1NC(=O)c2c1c1c3ccccc3[nH]c1c1[nH]c3ccccc3c21, O=C1NC(=O)c2c1c1c3ccccc3[nH]c1c1[nH]c3ccccc3c21, O=C1NC(=O)c2c1c1c3ccccc3[nH]c1c1[nH]c3ccccc3c21, O=C1NC(=O)c2c1c1c3ccccc3[nH]c1c1[nH]c3ccccc3c21, O=C1NC(=O)c2c1c1c3ccccc3[nH]c1c1[nH]c3ccccc3c21, O=C1NC(=O)c2c1c1c3ccccc3[nH]c1c1[nH]c3ccccc3c21, O=C1NC(=O)c2c1c1c3ccccc3[nH]c1c1[nH]c3ccccc3c21","KAJXOWFGKYKMMZ-UHFFFAOYSA-N, KAJXOWFGKYKMMZ-UHFFFAOYSA-N, KAJXOWFGKYKMMZ-UHFFFAOYSA-N, KAJXOWFGKYKMMZ-UHFFFAOYSA-N, KAJXOWFGKYKMMZ-UHFFFAOYSA-N, KAJXOWFGKYKMMZ-UHFFFAOYSA-N, KAJXOWFGKYKMMZ-UHFFFAOYSA-N, KAJXOWFGKYKMMZ-UHFFFAOYSA-N, KAJXOWFGKYKMMZ-UHFFFAOYSA-N",Preclinical
ardeparin,thrombin inhibitor,SERPIND1,,,MedChemEx,0,CO[C@H]1O[C@H](COS(O)(=O)=O)[C@@H](O[C@@H]2O[C@H]([C@@H](OC)[C@H](O)[C@H]2OS(O)(=O)=O)C(O)=O)[C@H](O)[C@H]1NS(O)(=O)=O,HXSDFQWQRCUQHF-IDOMHHBZSA-N,Withdrawn
arecaidine-but-2-ynyl-ester,acetylcholine receptor agonist,CHRM2,,,Tocris,87.97,CC#CCOC(=O)C1=CCCN(C)C1 |t:7|,LBFWTPRSXIRKMZ-UHFFFAOYSA-N,Preclinical
arecaidine-propargyl-ester,acetylcholine receptor agonist,"CHRM1, CHRM2, CHRM3, CHRM4",,,"Tocris, Tocris, Tocris, Tocris, Tocris, Tocris",84.89,"CN1CCC=C(C1)C(=O)OCC#C |c:4|, CN1CCC=C(C1)C(=O)OCC#C |c:4|, CN1CCC=C(C1)C(=O)OCC#C |c:4|, CN1CCC=C(C1)C(=O)OCC#C |c:4|, CN1CCC=C(C1)C(=O)OCC#C |c:4|, CN1CCC=C(C1)C(=O)OCC#C |c:4|","SPHRJZBOFYIKMC-UHFFFAOYSA-N, SPHRJZBOFYIKMC-UHFFFAOYSA-N, SPHRJZBOFYIKMC-UHFFFAOYSA-N, SPHRJZBOFYIKMC-UHFFFAOYSA-N, SPHRJZBOFYIKMC-UHFFFAOYSA-N, SPHRJZBOFYIKMC-UHFFFAOYSA-N",Preclinical
arecoline,acetylcholine receptor agonist,"CHRM1, CHRM2, CHRM3, CHRM4",,,"MedChemEx, Selleck, MicroSource",99.05,"COC(=O)C1=CCCN(C)C1 |t:4|, COC(=O)C1=CCCN(C)C1 |t:4|, COC(=O)C1=CCCN(C)C1 |t:4|","HJJPJSXJAXAIPN-UHFFFAOYSA-N, HJJPJSXJAXAIPN-UHFFFAOYSA-N, HJJPJSXJAXAIPN-UHFFFAOYSA-N",Phase 1
argatroban,thrombin inhibitor,F2,hematology,heparin-induced thrombocytopenia (HIT),"Tocris, Selleck, Selleck, Tocris",97.13,"C[C@@H]1CCN([C@H](C1)C(O)=O)C(=O)[C@H](CCCNC(N)=N)NS(=O)(=O)c1cccc2C[C@@H](C)CNc12 |a:1,5,12,&1:30|, C[C@@H]1CCN([C@H](C1)C(O)=O)C(=O)[C@H](CCCNC(N)=N)NS(=O)(=O)c1cccc2C[C@@H](C)CNc12 |a:1,5,12,&1:30|, C[C@@H]1CCN([C@H](C1)C(O)=O)C(=O)[C@H](CCCNC(N)=N)NS(=O)(=O)c1cccc2C[C@@H](C)CNc12 |a:1,5,12,&1:30|, C[C@@H]1CCN([C@H](C1)C(O)=O)C(=O)[C@H](CCCNC(N)=N)NS(=O)(=O)c1cccc2C[C@@H](C)CNc12 |a:1,5,12,&1:30|","KXNPVXPOPUZYGB-XYVMCAHJSA-N, KXNPVXPOPUZYGB-XYVMCAHJSA-N, KXNPVXPOPUZYGB-XYVMCAHJSA-N, KXNPVXPOPUZYGB-XYVMCAHJSA-N",Launched
argireline,neurotransmitter release inhibitor,,,,MedChemEx,100,CSCC[C@H](NC(=O)[C@H](CCC(O)=O)NC(=O)[C@H](CCC(O)=O)NC(C)=O)C(=O)N[C@@H](CCC(N)=O)C(=O)N[C@@H](CCCNC(N)=N)C(=O)N[C@@H](CCCNC(N)=N)C(N)=O,RJZNPROJTJSYLC-LLINQDLYSA-N,Phase 3
arglabin,farnesyltransferase inhibitor,"FNTA, NFKB1",,,"MedChemEx, MedChemEx, MedChemEx, MedChemEx, MedChemEx, MedChemEx",97.88,"CC1=CC[C@]23O[C@@]2(C)CC[C@@H]2[C@H](OC(=O)C2=C)[C@@H]13 |t:1|, CC1=CC[C@]23O[C@@]2(C)CC[C@@H]2[C@H](OC(=O)C2=C)[C@@H]13 |t:1|, CC1=CC[C@]23O[C@@]2(C)CC[C@@H]2[C@H](OC(=O)C2=C)[C@@H]13 |t:1|, CC1=CC[C@]23O[C@@]2(C)CC[C@@H]2[C@H](OC(=O)C2=C)[C@@H]13 |t:1|, CC1=CC[C@]23O[C@@]2(C)CC[C@@H]2[C@H](OC(=O)C2=C)[C@@H]13 |t:1|, CC1=CC[C@]23O[C@@]2(C)CC[C@@H]2[C@H](OC(=O)C2=C)[C@@H]13 |t:1|","UVJYAKBJSGRTHA-CUZKYEQNSA-N, UVJYAKBJSGRTHA-CUZKYEQNSA-N, UVJYAKBJSGRTHA-CUZKYEQNSA-N, UVJYAKBJSGRTHA-CUZKYEQNSA-N, UVJYAKBJSGRTHA-CUZKYEQNSA-N, UVJYAKBJSGRTHA-CUZKYEQNSA-N",Launched
aripiprazole,"serotonin receptor agonist, serotonin receptor antagonist","ADRA1A, ADRA1B, ADRA2A, ADRA2B, ADRA2C, CHRM1, CHRM2, CHRM3, CHRM4, CHRM5, DRD1, DRD2, DRD3, DRD4, DRD5, HRH1, HTR1A, HTR1B, HTR1D, HTR1E, HTR2A, HTR2C, HTR3A, HTR6, HTR7",neurology/psychiatry,"depression, schizophrenia, bipolar disorder","Tocris, MicroSource, Selleck",98.35,"Clc1cccc(N2CCN(CCCCOc3ccc4CCC(=O)Nc4c3)CC2)c1Cl, Clc1cccc(N2CCN(CCCCOc3ccc4CCC(=O)Nc4c3)CC2)c1Cl, Clc1cccc(N2CCN(CCCCOc3ccc4CCC(=O)Nc4c3)CC2)c1Cl","CEUORZQYGODEFX-UHFFFAOYSA-N, CEUORZQYGODEFX-UHFFFAOYSA-N, CEUORZQYGODEFX-UHFFFAOYSA-N",Launched
aripiprazole-lauroxil,serotonin receptor agonist,,neurology/psychiatry,schizophrenia,Astatech,73.03,CCCCCCCCCCCC(=O)OCN1C(=O)CCc2ccc(OCCCCN3CCN(CC3)c3cccc(Cl)c3Cl)cc12,DDINXHAORAAYAD-UHFFFAOYSA-N,Launched
arofylline,phosphodiesterase inhibitor,PDE4A,,,"Maybridge, Maybridge",98.45,"CCCn1c(=O)n(-c2ccc(Cl)cc2)c2nc[nH]c2c1=O, CCCn1c(=O)n(-c2ccc(Cl)cc2)c2nc[nH]c2c1=O","GVTLDPJNRVMCAL-UHFFFAOYSA-N, GVTLDPJNRVMCAL-UHFFFAOYSA-N",Phase 3
arotinolol,adrenergic receptor antagonist,ADRB3,"cardiology, neurology/psychiatry","hypertension, tremors","AKSci, AKSci",96.65,"CC(C)(C)NC[C@@H](O)CSc1nc(cs1)-c1ccc(s1)C(N)=O |&1:6,r|, CC(C)(C)NC[C@@H](O)CSc1nc(cs1)-c1ccc(s1)C(N)=O |&1:6,r|","BHIAIPWSVYSKJS-SECBINFHSA-N, BHIAIPWSVYSKJS-SECBINFHSA-N",Launched
ARQ-092,AKT inhibitor,AKT2,,,"MedChemEx, MedChemEx",97.73,"Nc1ncccc1-c1nc2ccc(nc2n1-c1ccc(cc1)C1(N)CCC1)-c1ccccc1, Nc1ncccc1-c1nc2ccc(nc2n1-c1ccc(cc1)C1(N)CCC1)-c1ccccc1","HNFMVVHMKGFCMB-UHFFFAOYSA-N, HNFMVVHMKGFCMB-UHFFFAOYSA-N",Phase 1
ARQ-621,kinesin-like spindle protein inhibitor,KIF11,,,"Selleck, Selleck, Selleck",89.24,"NCCCN([C@H](CC#C)c1nc2cc(Cl)ccc2c(=O)n1Nc1ccccc1)C(=O)c1cccc(Cl)c1F, NCCCN([C@H](CC#C)c1nc2cc(Cl)ccc2c(=O)n1Nc1ccccc1)C(=O)c1cccc(Cl)c1F, NCCCN([C@H](CC#C)c1nc2cc(Cl)ccc2c(=O)n1Nc1ccccc1)C(=O)c1cccc(Cl)c1F","UPJSUQWHUVLLNW-XMMPIXPASA-N, UPJSUQWHUVLLNW-XMMPIXPASA-N, UPJSUQWHUVLLNW-XMMPIXPASA-N",Phase 1
ARRY-334543,EGFR inhibitor,ERBB2,,,"MedChemEx, Selleck, Selleck",93.97,"C[C@@H]1COC(Nc2ccc3ncnc(Nc4ccc(OCc5nccs5)c(Cl)c4)c3c2)=N1 |c:34|, C[C@@H]1COC(Nc2ccc3ncnc(Nc4ccc(OCc5nccs5)c(Cl)c4)c3c2)=N1 |c:34|, C[C@@H]1COC(Nc2ccc3ncnc(Nc4ccc(OCc5nccs5)c(Cl)c4)c3c2)=N1 |c:34|","UWXSAYUXVSFDBQ-CYBMUJFWSA-N, UWXSAYUXVSFDBQ-CYBMUJFWSA-N, UWXSAYUXVSFDBQ-CYBMUJFWSA-N",Phase 2/Phase 3
arsanilic-acid,,LYZ,,,"MedChemEx, MicroSource",100,"Nc1ccc(cc1)[As](O)(O)=O, Nc1ccc(cc1)[As](O)(O)=O","XKNKHVGWJDPIRJ-UHFFFAOYSA-N, XKNKHVGWJDPIRJ-UHFFFAOYSA-N",Phase 1
arsenic-trioxide,apoptosis stimulant,"AKT1, CCND1, IKBKB, JUN, MAPK1, MAPK3, TXNRD1",gastroenterology,diarrhea,Sigma,0,O=[As]O[As]=O,IKWTVSLWAPBBKU-UHFFFAOYSA-N,Launched
artemether,antimalarial agent,ATP1A1,infectious disease,malaria,"MicroSource, MedChemEx, MedChemEx, Selleck, Selleck",0,"CO[C@H]1O[C@@H]2O[C@@]3(C)CC[C@H]4[C@H](C)CC[C@@H]([C@H]1C)[C@@]24OO3, CO[C@H]1O[C@@H]2O[C@@]3(C)CC[C@H]4[C@H](C)CC[C@@H]([C@H]1C)[C@@]24OO3, CO[C@H]1O[C@@H]2O[C@@]3(C)CC[C@H]4[C@H](C)CC[C@@H]([C@H]1C)[C@@]24OO3, CO[C@H]1O[C@@H]2O[C@@]3(C)CC[C@H]4[C@H](C)CC[C@@H]([C@H]1C)[C@@]24OO3, CO[C@H]1O[C@@H]2O[C@@]3(C)CC[C@H]4[C@H](C)CC[C@@H]([C@H]1C)[C@@]24OO3","SXYIRMFQILZOAM-HVNFFKDJSA-N, SXYIRMFQILZOAM-HVNFFKDJSA-N, SXYIRMFQILZOAM-HVNFFKDJSA-N, SXYIRMFQILZOAM-HVNFFKDJSA-N, SXYIRMFQILZOAM-HVNFFKDJSA-N",Launched
artemisinin,DNA synthesis inhibitor,CYP2B6,infectious disease,malaria,"MicroSource, Tocris, Tocris, Tocris, Selleck, Selleck",100,"C[C@@H]1CC[C@H]2[C@@H](C)C(=O)O[C@@H]3O[C@@]4(C)CC[C@@H]1[C@@]23OO4, C[C@@H]1CC[C@H]2[C@@H](C)C(=O)O[C@@H]3O[C@@]4(C)CC[C@@H]1[C@@]23OO4, C[C@@H]1CC[C@H]2[C@@H](C)C(=O)O[C@@H]3O[C@@]4(C)CC[C@@H]1[C@@]23OO4, C[C@@H]1CC[C@H]2[C@@H](C)C(=O)O[C@@H]3O[C@@]4(C)CC[C@@H]1[C@@]23OO4, C[C@@H]1CC[C@H]2[C@@H](C)C(=O)O[C@@H]3O[C@@]4(C)CC[C@@H]1[C@@]23OO4, C[C@@H]1CC[C@H]2[C@@H](C)C(=O)O[C@@H]3O[C@@]4(C)CC[C@@H]1[C@@]23OO4","BLUAFEHZUWYNDE-NNWCWBAJSA-N, BLUAFEHZUWYNDE-NNWCWBAJSA-N, BLUAFEHZUWYNDE-NNWCWBAJSA-N, BLUAFEHZUWYNDE-NNWCWBAJSA-N, BLUAFEHZUWYNDE-NNWCWBAJSA-N, BLUAFEHZUWYNDE-NNWCWBAJSA-N",Launched
artemotil,,,infectious disease,malaria,"MedChemEx, AKSci, MedChemEx",0,"CCO[C@H]1O[C@@H]2O[C@@]3(C)CC[C@H]4[C@H](C)CC[C@@H]([C@H]1C)[C@@]24OO3, CCO[C@H]1O[C@@H]2O[C@@]3(C)CC[C@H]4[C@H](C)CC[C@@H]([C@H]1C)[C@@]24OO3, CCO[C@H]1O[C@@H]2O[C@@]3(C)CC[C@H]4[C@H](C)CC[C@@H]([C@H]1C)[C@@]24OO3","NLYNIRQVMRLPIQ-XQLAAWPRSA-N, NLYNIRQVMRLPIQ-XQLAAWPRSA-N, NLYNIRQVMRLPIQ-XQLAAWPRSA-N",Launched
artesunate,DNA synthesis inhibitor,,infectious disease,malaria,"MicroSource, MicroSource, MicroSource, Selleck, Selleck",100,"C[C@@H]1CC[C@H]2[C@@H](C)[C@H](OC(=O)CCC(O)=O)O[C@@H]3O[C@@]4(C)CC[C@@H]1[C@@]23OO4, C[C@@H]1CC[C@H]2[C@@H](C)[C@H](OC(=O)CCC(O)=O)O[C@@H]3O[C@@]4(C)CC[C@@H]1[C@@]23OO4, C[C@@H]1CC[C@H]2[C@@H](C)[C@H](OC(=O)CCC(O)=O)O[C@@H]3O[C@@]4(C)CC[C@@H]1[C@@]23OO4, C[C@@H]1CC[C@H]2[C@@H](C)[C@H](OC(=O)CCC(O)=O)O[C@@H]3O[C@@]4(C)CC[C@@H]1[C@@]23OO4, C[C@@H]1CC[C@H]2[C@@H](C)[C@H](OC(=O)CCC(O)=O)O[C@@H]3O[C@@]4(C)CC[C@@H]1[C@@]23OO4","FIHJKUPKCHIPAT-AHIGJZGOSA-N, FIHJKUPKCHIPAT-AHIGJZGOSA-N, FIHJKUPKCHIPAT-AHIGJZGOSA-N, FIHJKUPKCHIPAT-AHIGJZGOSA-N, FIHJKUPKCHIPAT-AHIGJZGOSA-N",Launched
articaine,local anesthetic,,neurology/psychiatry,local anesthetic,"MedChemEx, Selleck",91.48,"CCCN[C@@H](C)C(=O)Nc1c(C)csc1C(=O)OC |&1:4|, CCCN[C@@H](C)C(=O)Nc1c(C)csc1C(=O)OC |&1:4|","QTGIAADRBBLJGA-VIFPVBQESA-N, QTGIAADRBBLJGA-VIFPVBQESA-N",Launched
arundic-acid,astrocyte modulating agent,"PTGS2, S100B",,,Tocris,17.19,CCCCCC[C@@H](CCC)C(O)=O,YCYMCMYLORLIJX-SNVBAGLBSA-N,Phase 2/Phase 3
ARV-825,bromodomain inhibitor,BRD4,,,"MedChemEx, MedChemEx",96.88,"Cc1sc-2c(c1C)C(=N[C@@H](CC(=O)Nc1ccc(OCCOCCOCCOCCNc3cccc4C(=O)N([C@H]5CCC(=O)NC5=O)C(=O)c34)cc1)c1nnc(C)n-21)c1ccc(Cl)cc1 |a:9,&1:39,c:8|, Cc1sc-2c(c1C)C(=N[C@@H](CC(=O)Nc1ccc(OCCOCCOCCOCCNc3cccc4C(=O)N([C@H]5CCC(=O)NC5=O)C(=O)c34)cc1)c1nnc(C)n-21)c1ccc(Cl)cc1 |a:9,&1:39,c:8|","RWLOGRLTDKDANT-ZPGRZCPFSA-N, RWLOGRLTDKDANT-ZPGRZCPFSA-N",Preclinical
AS-1269574,glucose dependent insulinotropic receptor agonist,GPR119,,,"Tocris, Tocris, Tocris, Tocris",97.58,"Cc1cc(NCCO)nc(n1)-c1ccc(Br)cc1, Cc1cc(NCCO)nc(n1)-c1ccc(Br)cc1, Cc1cc(NCCO)nc(n1)-c1ccc(Br)cc1, Cc1cc(NCCO)nc(n1)-c1ccc(Br)cc1","DUKPGOOUJNUIOI-UHFFFAOYSA-N, DUKPGOOUJNUIOI-UHFFFAOYSA-N, DUKPGOOUJNUIOI-UHFFFAOYSA-N, DUKPGOOUJNUIOI-UHFFFAOYSA-N",Preclinical
AS-1892802,rho associated kinase inhibitor,ROCK1,,,"Tocris, Tocris, Tocris, Tocris, Tocris",98.94,"OC[C@@H](NC(=O)Nc1ccc(cc1)-c1ccncc1)c1ccccc1, OC[C@@H](NC(=O)Nc1ccc(cc1)-c1ccncc1)c1ccccc1, OC[C@@H](NC(=O)Nc1ccc(cc1)-c1ccncc1)c1ccccc1, OC[C@@H](NC(=O)Nc1ccc(cc1)-c1ccncc1)c1ccccc1, OC[C@@H](NC(=O)Nc1ccc(cc1)-c1ccncc1)c1ccccc1","WDTFYYZHMRBVHK-LJQANCHMSA-N, WDTFYYZHMRBVHK-LJQANCHMSA-N, WDTFYYZHMRBVHK-LJQANCHMSA-N, WDTFYYZHMRBVHK-LJQANCHMSA-N, WDTFYYZHMRBVHK-LJQANCHMSA-N",Preclinical
AS-1949490,SHIP2 phosphatase inhibitor,INPP5D,,,"Tocris, Tocris, Tocris, Tocris",98.99,"C[C@H](NC(=O)c1sccc1OCc1ccc(Cl)cc1)c1ccccc1, C[C@H](NC(=O)c1sccc1OCc1ccc(Cl)cc1)c1ccccc1, C[C@H](NC(=O)c1sccc1OCc1ccc(Cl)cc1)c1ccccc1, C[C@H](NC(=O)c1sccc1OCc1ccc(Cl)cc1)c1ccccc1","RFZPGNRLOKVZJY-AWEZNQCLSA-N, RFZPGNRLOKVZJY-AWEZNQCLSA-N, RFZPGNRLOKVZJY-AWEZNQCLSA-N, RFZPGNRLOKVZJY-AWEZNQCLSA-N",Preclinical
AS-2034178,free fatty acid receptor agonist,FFAR1,,,"Tocris, Tocris, Tocris",95.79,"OC(=O)CCc1ccc(NCc2cccc3N(CCOc4ccccc4)CCCc23)cc1F, OC(=O)CCc1ccc(NCc2cccc3N(CCOc4ccccc4)CCCc23)cc1F, OC(=O)CCc1ccc(NCc2cccc3N(CCOc4ccccc4)CCCc23)cc1F","VENOXIKBBUVHRY-UHFFFAOYSA-N, VENOXIKBBUVHRY-UHFFFAOYSA-N, VENOXIKBBUVHRY-UHFFFAOYSA-N",Preclinical
AS-2444697,interleukin inhibitor,IRAK4,,,"Tocris, Tocris, Tocris, Tocris, Tocris",97.27,"Cc1cc(ccn1)-c1nc(co1)C(=O)Nc1cn(nc1C(N)=O)C1CCOCC1, Cc1cc(ccn1)-c1nc(co1)C(=O)Nc1cn(nc1C(N)=O)C1CCOCC1, Cc1cc(ccn1)-c1nc(co1)C(=O)Nc1cn(nc1C(N)=O)C1CCOCC1, Cc1cc(ccn1)-c1nc(co1)C(=O)Nc1cn(nc1C(N)=O)C1CCOCC1, Cc1cc(ccn1)-c1nc(co1)C(=O)Nc1cn(nc1C(N)=O)C1CCOCC1","JANBIXNDYNRYQP-UHFFFAOYSA-N, JANBIXNDYNRYQP-UHFFFAOYSA-N, JANBIXNDYNRYQP-UHFFFAOYSA-N, JANBIXNDYNRYQP-UHFFFAOYSA-N, JANBIXNDYNRYQP-UHFFFAOYSA-N",Preclinical
AS-252424,PI3K inhibitor,PIK3CG,,,"Selleck, Selleck, Selleck",93.7,"Oc1cc(F)ccc1-c1ccc(\C=C2/SC(=O)NC2=O)o1, Oc1cc(F)ccc1-c1ccc(\C=C2/SC(=O)NC2=O)o1, Oc1cc(F)ccc1-c1ccc(\C=C2/SC(=O)NC2=O)o1","OYYVWNDMOQPMGE-SDQBBNPISA-N, OYYVWNDMOQPMGE-SDQBBNPISA-N, OYYVWNDMOQPMGE-SDQBBNPISA-N",Preclinical
AS-604850,PI3K inhibitor,"PIK3CA, PIK3CG",,,Selleck,94.13,FC1(F)Oc2ccc(\C=C3/SC(=O)NC3=O)cc2O1,SRLVNYDXMUGOFI-YWEYNIOJSA-N,Preclinical
AS-703026,MEK inhibitor,"MAP2K1, MAP2K2",,,"MedChemEx, MedChemEx, MedChemEx, Selleck, Selleck, Selleck, Selleck",97.12,"OC[C@@H](O)CNC(=O)c1ccncc1Nc1ccc(I)cc1F, OC[C@@H](O)CNC(=O)c1ccncc1Nc1ccc(I)cc1F, OC[C@@H](O)CNC(=O)c1ccncc1Nc1ccc(I)cc1F, OC[C@@H](O)CNC(=O)c1ccncc1Nc1ccc(I)cc1F, OC[C@@H](O)CNC(=O)c1ccncc1Nc1ccc(I)cc1F, OC[C@@H](O)CNC(=O)c1ccncc1Nc1ccc(I)cc1F, OC[C@@H](O)CNC(=O)c1ccncc1Nc1ccc(I)cc1F","VIUAUNHCRHHYNE-JTQLQIEISA-N, VIUAUNHCRHHYNE-JTQLQIEISA-N, VIUAUNHCRHHYNE-JTQLQIEISA-N, VIUAUNHCRHHYNE-JTQLQIEISA-N, VIUAUNHCRHHYNE-JTQLQIEISA-N, VIUAUNHCRHHYNE-JTQLQIEISA-N, VIUAUNHCRHHYNE-JTQLQIEISA-N",Phase 2
AS-77,potassium channel blocker,"KCNA3, KCNA5, KCNN4",,,"MedChemEx, MedChemEx, MedChemEx",99.13,"O=c1ccc2c(OCCCCOc3ccccc3)c3ccoc3cc2o1, O=c1ccc2c(OCCCCOc3ccccc3)c3ccoc3cc2o1, O=c1ccc2c(OCCCCOc3ccccc3)c3ccoc3cc2o1","KINMYBBFQRSVLL-UHFFFAOYSA-N, KINMYBBFQRSVLL-UHFFFAOYSA-N, KINMYBBFQRSVLL-UHFFFAOYSA-N",Phase 1
ASA-404,angiogenesis inhibitor,,,,"MedChemEx, Selleck",95.25,"Cc1ccc2c(oc3c(CC(O)=O)cccc3c2=O)c1C, Cc1ccc2c(oc3c(CC(O)=O)cccc3c2=O)c1C","XGOYIMQSIKSOBS-UHFFFAOYSA-N, XGOYIMQSIKSOBS-UHFFFAOYSA-N",Phase 3
asapiprant,prostaglandin inhibitor,,,,MedChemEx,97.14,CC(C)Oc1ccc(cc1)S(=O)(=O)N1CCN(CC1)c1ccc(-c2ncco2)c(OCC(O)=O)c1,ZMZNWNTZRWXTJU-UHFFFAOYSA-N,Preclinical
asaraldehyde,cyclooxygenase inhibitor,PTGS2,,,"MedChemEx, Selleck",95.62,"COc1cc(OC)c(C=O)cc1OC, COc1cc(OC)c(C=O)cc1OC","IAJBQAYHSQIQRE-UHFFFAOYSA-N, IAJBQAYHSQIQRE-UHFFFAOYSA-N",Preclinical
ASC-J9,androgen receptor enhancer,AR,,,"Sigma, MedChemEx, MedChemEx, Adooq",91.45,"COc1ccc(\C=C\C(O)=CC(=O)\C=C\c2ccc(OC)c(OC)c2)cc1OC, COc1ccc(\C=C\C(O)=CC(=O)\C=C\c2ccc(OC)c(OC)c2)cc1OC, COc1ccc(\C=C\C(O)=CC(=O)\C=C\c2ccc(OC)c(OC)c2)cc1OC, COc1ccc(\C=C\C(O)=CC(=O)\C=C\c2ccc(OC)c(OC)c2)cc1OC","ZMGUKFHHNQMKJI-URFDALOKSA-N, ZMGUKFHHNQMKJI-URFDALOKSA-N, ZMGUKFHHNQMKJI-URFDALOKSA-N, ZMGUKFHHNQMKJI-URFDALOKSA-N",Phase 2
asciminib,Bcr-Abl kinase inhibitor,,,,MedChemEx,98.07,O[C@@H]1CCN(C1)c1ncc(cc1-c1cc[nH]n1)C(=O)Nc1ccc(OC(F)(F)Cl)cc1,VOVZXURTCKPRDQ-CQSZACIVSA-N,Phase 2
ascomycin,calcineurin inhibitor,FKBP1A,,,Selleck,100,CC[C@@H]1\C=C(C)\C[C@H](C)C[C@H](OC)[C@H]2O[C@](O)([C@H](C)C[C@@H]2OC)C(=O)C(=O)N2CCCC[C@H]2C(=O)O[C@@H]([C@H](C)[C@@H](O)CC1=O)C(\C)=C\[C@@H]1CC[C@@H](O)[C@@H](C1)OC |c:3|,ZDQSOHOQTUFQEM-MONOPTSESA-N,Preclinical
ascorbic-acid,antioxidant,"SLC23A1, SLC23A2",endocrinology,scurvy,"MedChemEx, MedChemEx, Sigma, MicroSource, Selleck, Selleck",100,"OC[C@H](O)[C@H]1OC(=O)C(=O)[C@@H]1O |a:2,4,&1:10|, OC[C@H](O)[C@H]1OC(=O)C(=O)[C@@H]1O |a:2,4,&1:10|, OC[C@H](O)[C@H]1OC(=O)C(=O)[C@@H]1O |a:2,4,&1:10|, OC[C@H](O)[C@H]1OC(=O)C(=O)[C@@H]1O |a:2,4,&1:10|, OC[C@H](O)[C@H]1OC(=O)C(=O)[C@@H]1O |a:2,4,&1:10|, OC[C@H](O)[C@H]1OC(=O)C(=O)[C@@H]1O |a:2,4,&1:10|","KRGQEOSDQHTZMX-TXQLHFEISA-N, KRGQEOSDQHTZMX-TXQLHFEISA-N, KRGQEOSDQHTZMX-TXQLHFEISA-N, KRGQEOSDQHTZMX-TXQLHFEISA-N, KRGQEOSDQHTZMX-TXQLHFEISA-N, KRGQEOSDQHTZMX-TXQLHFEISA-N",Launched
asenapine,"dopamine receptor antagonist, serotonin receptor antagonist","DRD2, HRH1, HTR1A, HTR1B, HTR1D, HTR1E, HTR2A",neurology/psychiatry,"schizophrenia, bipolar disorder","MedChemEx, Tocris",94.5,"[H][C@]12CN(C)C[C@]1([H])c1cc(Cl)ccc1Oc1ccccc21 |&1:1,6|, [H][C@]12CN(C)C[C@]1([H])c1cc(Cl)ccc1Oc1ccccc21 |&1:1,6|","VSWBSWWIRNCQIJ-HUUCEWRRSA-N, VSWBSWWIRNCQIJ-HUUCEWRRSA-N",Launched
asiatic-acid,apoptosis stimulant,PYGM,,,"Selleck, Selleck, Selleck, Selleck, Selleck, Selleck, Selleck, Selleck",92.85,"C[C@@H]1CC[C@@]2(CC[C@]3(C)C(=CC[C@@H]4[C@@]5(C)C[C@@H](O)[C@H](O)[C@@](C)(CO)[C@@H]5CC[C@@]34C)[C@@H]2[C@H]1C)C(O)=O |c:9|, C[C@@H]1CC[C@@]2(CC[C@]3(C)C(=CC[C@@H]4[C@@]5(C)C[C@@H](O)[C@H](O)[C@@](C)(CO)[C@@H]5CC[C@@]34C)[C@@H]2[C@H]1C)C(O)=O |c:9|, C[C@@H]1CC[C@@]2(CC[C@]3(C)C(=CC[C@@H]4[C@@]5(C)C[C@@H](O)[C@H](O)[C@@](C)(CO)[C@@H]5CC[C@@]34C)[C@@H]2[C@H]1C)C(O)=O |c:9|, C[C@@H]1CC[C@@]2(CC[C@]3(C)C(=CC[C@@H]4[C@@]5(C)C[C@@H](O)[C@H](O)[C@@](C)(CO)[C@@H]5CC[C@@]34C)[C@@H]2[C@H]1C)C(O)=O |c:9|, C[C@@H]1CC[C@@]2(CC[C@]3(C)C(=CC[C@@H]4[C@@]5(C)C[C@@H](O)[C@H](O)[C@@](C)(CO)[C@@H]5CC[C@@]34C)[C@@H]2[C@H]1C)C(O)=O |c:9|, C[C@@H]1CC[C@@]2(CC[C@]3(C)C(=CC[C@@H]4[C@@]5(C)C[C@@H](O)[C@H](O)[C@@](C)(CO)[C@@H]5CC[C@@]34C)[C@@H]2[C@H]1C)C(O)=O |c:9|, C[C@@H]1CC[C@@]2(CC[C@]3(C)C(=CC[C@@H]4[C@@]5(C)C[C@@H](O)[C@H](O)[C@@](C)(CO)[C@@H]5CC[C@@]34C)[C@@H]2[C@H]1C)C(O)=O |c:9|, C[C@@H]1CC[C@@]2(CC[C@]3(C)C(=CC[C@@H]4[C@@]5(C)C[C@@H](O)[C@H](O)[C@@](C)(CO)[C@@H]5CC[C@@]34C)[C@@H]2[C@H]1C)C(O)=O |c:9|","JXSVIVRDWWRQRT-UYDOISQJSA-N, JXSVIVRDWWRQRT-UYDOISQJSA-N, JXSVIVRDWWRQRT-UYDOISQJSA-N, JXSVIVRDWWRQRT-UYDOISQJSA-N, JXSVIVRDWWRQRT-UYDOISQJSA-N, JXSVIVRDWWRQRT-UYDOISQJSA-N, JXSVIVRDWWRQRT-UYDOISQJSA-N, JXSVIVRDWWRQRT-UYDOISQJSA-N",Preclinical
asimadoline,opioid receptor agonist,OPRK1,,,MedChemEx,90.34,CN([C@H](CN1CC[C@H](O)C1)c1ccccc1)C(=O)C(c1ccccc1)c1ccccc1,JHLHNYVMZCADTC-LOSJGSFVSA-N,Phase 3
asivatrep,transient receptor potential channel antagonist,,,,MedChemEx,90.4,CCCc1nc(ccc1\C=C\C(=O)N[C@H](C)c1cc(F)c(NS(C)(=O)=O)c(F)c1)C(F)(F)F,UKGJZDSUJSPAJL-YPUOHESYSA-N,Phase 3
ASP-2535,glycine transporter inhibitor,SLC6A9,,,"Tocris, Tocris",98.79,"CC(C)c1nnc(-c2ccc(nc2)-c2ccccc2)n1-c1cccc2nonc12, CC(C)c1nnc(-c2ccc(nc2)-c2ccccc2)n1-c1cccc2nonc12","FQGLDGKVKDPVLO-UHFFFAOYSA-N, FQGLDGKVKDPVLO-UHFFFAOYSA-N",Phase 1
ASP-6537,cyclooxygenase inhibitor,,,,AMS,95.01,COc1nc(-c2ccc(OC)cc2)n(n1)-c1ccc(OC)cc1,OBAICMYWONZOSZ-UHFFFAOYSA-N,Preclinical
ASP-9521,aldo-keto reductase inhibitor,,,,MedChemEx,84.47,COc1ccc2[nH]c(cc2c1)C(=O)N1CCC(CC(C)(C)O)CC1,OXSCPDKUZWPWFR-UHFFFAOYSA-N,Preclinical
aspartame,,"TAS1R2, TRPV1",,,"MicroSource, Sigma, Selleck, Selleck, Selleck",85.8,"COC(=O)[C@H](Cc1ccccc1)NC(=O)[C@@H](N)CC(O)=O, COC(=O)[C@H](Cc1ccccc1)NC(=O)[C@@H](N)CC(O)=O, COC(=O)[C@H](Cc1ccccc1)NC(=O)[C@@H](N)CC(O)=O, COC(=O)[C@H](Cc1ccccc1)NC(=O)[C@@H](N)CC(O)=O, COC(=O)[C@H](Cc1ccccc1)NC(=O)[C@@H](N)CC(O)=O","IAOZJIPTCAWIRG-QWRGUYRKSA-N, IAOZJIPTCAWIRG-QWRGUYRKSA-N, IAOZJIPTCAWIRG-QWRGUYRKSA-N, IAOZJIPTCAWIRG-QWRGUYRKSA-N, IAOZJIPTCAWIRG-QWRGUYRKSA-N",Launched
aspirin,cyclooxygenase inhibitor,"AKR1C1, ASIC3, EDNRA, HSPA5, IKBKB, NFKB1, NFKB2, NFKBIA, PRKAA1, PRKAA2, PRKAB1, PRKAB2, PRKAG1, PRKAG2, PRKAG3, PTGS1, PTGS2, RPS6KA3, TP53","neurology/psychiatry, endocrinology, dental","headache, fever, toothache, muscle pain","Tocris, MicroSource, MicroSource, Selleck, Selleck",99.34,"CC(=O)Oc1ccccc1C(O)=O, CC(=O)Oc1ccccc1C(O)=O, CC(=O)Oc1ccccc1C(O)=O, CC(=O)Oc1ccccc1C(O)=O, CC(=O)Oc1ccccc1C(O)=O","BSYNRYMUTXBXSQ-UHFFFAOYSA-N, BSYNRYMUTXBXSQ-UHFFFAOYSA-N, BSYNRYMUTXBXSQ-UHFFFAOYSA-N, BSYNRYMUTXBXSQ-UHFFFAOYSA-N, BSYNRYMUTXBXSQ-UHFFFAOYSA-N",Launched
ASP3026,ALK tyrosine kinase receptor inhibitor,ALK,,,"Tocris, Tocris, MedChemEx, MedChemEx, MedChemEx, MedChemEx",95.38,"COc1cc(ccc1Nc1ncnc(Nc2ccccc2S(=O)(=O)C(C)C)n1)N1CCC(CC1)N1CCN(C)CC1, COc1cc(ccc1Nc1ncnc(Nc2ccccc2S(=O)(=O)C(C)C)n1)N1CCC(CC1)N1CCN(C)CC1, COc1cc(ccc1Nc1ncnc(Nc2ccccc2S(=O)(=O)C(C)C)n1)N1CCC(CC1)N1CCN(C)CC1, COc1cc(ccc1Nc1ncnc(Nc2ccccc2S(=O)(=O)C(C)C)n1)N1CCC(CC1)N1CCN(C)CC1, COc1cc(ccc1Nc1ncnc(Nc2ccccc2S(=O)(=O)C(C)C)n1)N1CCC(CC1)N1CCN(C)CC1, COc1cc(ccc1Nc1ncnc(Nc2ccccc2S(=O)(=O)C(C)C)n1)N1CCC(CC1)N1CCN(C)CC1","MGGBYMDAPCCKCT-UHFFFAOYSA-N, MGGBYMDAPCCKCT-UHFFFAOYSA-N, MGGBYMDAPCCKCT-UHFFFAOYSA-N, MGGBYMDAPCCKCT-UHFFFAOYSA-N, MGGBYMDAPCCKCT-UHFFFAOYSA-N, MGGBYMDAPCCKCT-UHFFFAOYSA-N",Phase 1
AST-1306,EGFR inhibitor,"EGFR, ERBB2",,,"MedChemEx, Selleck, Selleck, Selleck",97.14,"Fc1cccc(COc2ccc(Nc3ncnc4ccc(NC(=O)C=C)cc34)cc2Cl)c1, Fc1cccc(COc2ccc(Nc3ncnc4ccc(NC(=O)C=C)cc34)cc2Cl)c1, Fc1cccc(COc2ccc(Nc3ncnc4ccc(NC(=O)C=C)cc34)cc2Cl)c1, Fc1cccc(COc2ccc(Nc3ncnc4ccc(NC(=O)C=C)cc34)cc2Cl)c1","MVZGYPSXNDCANY-UHFFFAOYSA-N, MVZGYPSXNDCANY-UHFFFAOYSA-N, MVZGYPSXNDCANY-UHFFFAOYSA-N, MVZGYPSXNDCANY-UHFFFAOYSA-N",Phase 1
astaxanthin,antioxidant,,,,Cayman,26.68,"C\C(\C=C\C=C(/C)\C=C\C1=C(C)C(=O)[C@@H](O)CC1(C)C)=C/C=C/C=C(\C)/C=C/C=C(\C)/C=C/C1=C(C)C(=O)[C@@H](O)CC1(C)C |c:9,34|",MQZIGYBFDRPAKN-UWFIBFSHSA-N,Launched
astemizole,histamine receptor antagonist,"HRH1, KCNH1, KCNH2",,,"MicroSource, Tocris, Tocris, Tocris",98.54,"COc1ccc(CCN2CCC(CC2)Nc2nc3ccccc3n2Cc2ccc(F)cc2)cc1, COc1ccc(CCN2CCC(CC2)Nc2nc3ccccc3n2Cc2ccc(F)cc2)cc1, COc1ccc(CCN2CCC(CC2)Nc2nc3ccccc3n2Cc2ccc(F)cc2)cc1, COc1ccc(CCN2CCC(CC2)Nc2nc3ccccc3n2Cc2ccc(F)cc2)cc1","GXDALQBWZGODGZ-UHFFFAOYSA-N, GXDALQBWZGODGZ-UHFFFAOYSA-N, GXDALQBWZGODGZ-UHFFFAOYSA-N, GXDALQBWZGODGZ-UHFFFAOYSA-N",Withdrawn
astilbin,"nuclear factor erythroid derived, like (NRF2) activator",,,,MedChemEx,96.64,C[C@@H]1O[C@@H](O[C@@H]2[C@H](Oc3cc(O)cc(O)c3C2=O)c2ccc(O)c(O)c2)[C@H](O)[C@H](O)[C@H]1O,ZROGCCBNZBKLEL-MPRHSVQHSA-N,Preclinical
astragaloside-a,anti-inflammatory agent,,,,"MedChemEx, Selleck",100,"CC(C)(O)[C@H]1CC[C@](C)(O1)[C@H]1[C@@H](O)C[C@@]2(C)[C@@H]3C[C@H](O[C@@H]4O[C@H](CO)[C@@H](O)[C@H](O)[C@H]4O)[C@@H]4[C@]5(C[C@@]35CC[C@]12C)CC[C@H](O[C@@H]1OC[C@@H](O)[C@H](O)[C@H]1O)C4(C)C, CC(C)(O)[C@H]1CC[C@](C)(O1)[C@H]1[C@@H](O)C[C@@]2(C)[C@@H]3C[C@H](O[C@@H]4O[C@H](CO)[C@@H](O)[C@H](O)[C@H]4O)[C@@H]4[C@]5(C[C@@]35CC[C@]12C)CC[C@H](O[C@@H]1OC[C@@H](O)[C@H](O)[C@H]1O)C4(C)C","QMNWISYXSJWHRY-AUJDEUPOSA-N, QMNWISYXSJWHRY-AUJDEUPOSA-N",Preclinical
ASTX660,apoptosis inhibitor,,,,MedChemEx,92.43,C[C@@H]1CN(CC(=O)N2CC(C)(C)c3nc(CO)c(Cc4ccc(F)cc4)cc23)[C@@H](CN2CCOC[C@H]2C)CN1,YCXOHEXZVKOGEV-DNRQZRRGSA-N,Phase 1/Phase 2
asunaprevir,HCV inhibitor,,,,"MedChemEx, MedChemEx, MedChemEx, MedChemEx, MedChemEx, MedChemEx",97.98,"COc1cnc(O[C@@H]2C[C@H](N(C2)C(=O)[C@@H](NC(=O)OC(C)(C)C)C(C)(C)C)C(=O)N[C@@]2(C[C@H]2C=C)C(=O)NS(=O)(=O)C2CC2)c2cc(Cl)ccc12, COc1cnc(O[C@@H]2C[C@H](N(C2)C(=O)[C@@H](NC(=O)OC(C)(C)C)C(C)(C)C)C(=O)N[C@@]2(C[C@H]2C=C)C(=O)NS(=O)(=O)C2CC2)c2cc(Cl)ccc12, COc1cnc(O[C@@H]2C[C@H](N(C2)C(=O)[C@@H](NC(=O)OC(C)(C)C)C(C)(C)C)C(=O)N[C@@]2(C[C@H]2C=C)C(=O)NS(=O)(=O)C2CC2)c2cc(Cl)ccc12, COc1cnc(O[C@@H]2C[C@H](N(C2)C(=O)[C@@H](NC(=O)OC(C)(C)C)C(C)(C)C)C(=O)N[C@@]2(C[C@H]2C=C)C(=O)NS(=O)(=O)C2CC2)c2cc(Cl)ccc12, COc1cnc(O[C@@H]2C[C@H](N(C2)C(=O)[C@@H](NC(=O)OC(C)(C)C)C(C)(C)C)C(=O)N[C@@]2(C[C@H]2C=C)C(=O)NS(=O)(=O)C2CC2)c2cc(Cl)ccc12, COc1cnc(O[C@@H]2C[C@H](N(C2)C(=O)[C@@H](NC(=O)OC(C)(C)C)C(C)(C)C)C(=O)N[C@@]2(C[C@H]2C=C)C(=O)NS(=O)(=O)C2CC2)c2cc(Cl)ccc12","XRWSZZJLZRKHHD-WVWIJVSJSA-N, XRWSZZJLZRKHHD-WVWIJVSJSA-N, XRWSZZJLZRKHHD-WVWIJVSJSA-N, XRWSZZJLZRKHHD-WVWIJVSJSA-N, XRWSZZJLZRKHHD-WVWIJVSJSA-N, XRWSZZJLZRKHHD-WVWIJVSJSA-N",Phase 3
asymmetrical-dimethylarginine,nitric oxide synthase inhibitor,"NOS2, NOS3",,,"EMDBio, EMDBio",100,"CN(C)C(=N)NCCC[C@H](N)C(O)=O, CN(C)C(=N)NCCC[C@H](N)C(O)=O","YDGMGEXADBMOMJ-LURJTMIESA-N, YDGMGEXADBMOMJ-LURJTMIESA-N",Phase 1
AT-1015,serotonin receptor antagonist,HTR2A,,,"Tocris, Tocris",95.2,"O=CN1CCC(CC1)C(=O)NCCN1CCC(CC1)=C1c2ccccc2C=Cc2ccccc12 |c:29|, O=CN1CCC(CC1)C(=O)NCCN1CCC(CC1)=C1c2ccccc2C=Cc2ccccc12 |c:29|","BSPMYKLEFGUTSI-UHFFFAOYSA-N, BSPMYKLEFGUTSI-UHFFFAOYSA-N",Preclinical
AT-406,IAP antagonist ,,,,Adooq,93.59,CN[C@@H](C)C(=O)N[C@H]1CN(CC[C@H]2CC[C@H](N2C1=O)C(=O)NC(c1ccccc1)c1ccccc1)C(=O)CC(C)C,LSXUTRRVVSPWDZ-MKKUMYSQSA-N,Phase 1
AT-7519,CDK inhibitor,"CDK1, CDK2, CDK4, CDK5, CDK6, CDK9",,,"MedChemEx, Selleck, Selleck, Selleck, Selleck, Selleck, Selleck",92.34,"Clc1cccc(Cl)c1C(=O)Nc1cn[nH]c1C(=O)NC1CCNCC1, Clc1cccc(Cl)c1C(=O)Nc1cn[nH]c1C(=O)NC1CCNCC1, Clc1cccc(Cl)c1C(=O)Nc1cn[nH]c1C(=O)NC1CCNCC1, Clc1cccc(Cl)c1C(=O)Nc1cn[nH]c1C(=O)NC1CCNCC1, Clc1cccc(Cl)c1C(=O)Nc1cn[nH]c1C(=O)NC1CCNCC1, Clc1cccc(Cl)c1C(=O)Nc1cn[nH]c1C(=O)NC1CCNCC1, Clc1cccc(Cl)c1C(=O)Nc1cn[nH]c1C(=O)NC1CCNCC1","OVPNQJVDAFNBDN-UHFFFAOYSA-N, OVPNQJVDAFNBDN-UHFFFAOYSA-N, OVPNQJVDAFNBDN-UHFFFAOYSA-N, OVPNQJVDAFNBDN-UHFFFAOYSA-N, OVPNQJVDAFNBDN-UHFFFAOYSA-N, OVPNQJVDAFNBDN-UHFFFAOYSA-N, OVPNQJVDAFNBDN-UHFFFAOYSA-N",Phase 2
AT-9283,"Aurora kinase inhibitor, JAK inhibitor","AURKA, AURKB, JAK2, JAK3, RPS6KA6, STK17A",,,"Selleck, Selleck, Selleck, Selleck, Selleck, Adooq, Adooq, Adooq",95.94,"O=C(NC1CC1)Nc1c[nH]nc1-c1nc2ccc(CN3CCOCC3)cc2[nH]1, O=C(NC1CC1)Nc1c[nH]nc1-c1nc2ccc(CN3CCOCC3)cc2[nH]1, O=C(NC1CC1)Nc1c[nH]nc1-c1nc2ccc(CN3CCOCC3)cc2[nH]1, O=C(NC1CC1)Nc1c[nH]nc1-c1nc2ccc(CN3CCOCC3)cc2[nH]1, O=C(NC1CC1)Nc1c[nH]nc1-c1nc2ccc(CN3CCOCC3)cc2[nH]1, O=C(NC1CC1)Nc1c[nH]nc1-c1nc2ccc(CN3CCOCC3)cc2[nH]1, O=C(NC1CC1)Nc1c[nH]nc1-c1nc2ccc(CN3CCOCC3)cc2[nH]1, O=C(NC1CC1)Nc1c[nH]nc1-c1nc2ccc(CN3CCOCC3)cc2[nH]1","LOLPPWBBNUVNQZ-UHFFFAOYSA-N, LOLPPWBBNUVNQZ-UHFFFAOYSA-N, LOLPPWBBNUVNQZ-UHFFFAOYSA-N, LOLPPWBBNUVNQZ-UHFFFAOYSA-N, LOLPPWBBNUVNQZ-UHFFFAOYSA-N, InChI=1S/C19H23N7O2/c27-19(21-13-2-3-13)24-16-10-20-25-17(16)18-22-14-4-1-12(9-15(14)23-18)11-26-5-7-28-8-6-26/h1,4,9-10,13H,2-3,5-8,11H2,(H,20,25)(H,22,23)(H2,21,24,27), InChI=1S/C19H23N7O2/c27-19(21-13-2-3-13)24-16-10-20-25-17(16)18-22-14-4-1-12(9-15(14)23-18)11-26-5-7-28-8-6-26/h1,4,9-10,13H,2-3,5-8,11H2,(H,20,25)(H,22,23)(H2,21,24,27), InChI=1S/C19H23N7O2/c27-19(21-13-2-3-13)24-16-10-20-25-17(16)18-22-14-4-1-12(9-15(14)23-18)11-26-5-7-28-8-6-26/h1,4,9-10,13H,2-3,5-8,11H2,(H,20,25)(H,22,23)(H2,21,24,27)",Phase 2
ataluren,"CFTR channel agonist, dystrophin stimulant",DMD,"genetics, pulmonary","duchenne muscular dystrophy (DMD), cystic fibrosis","MedChemEx, Selleck",97.8,"OC(=O)c1cccc(c1)-c1noc(n1)-c1ccccc1F, OC(=O)c1cccc(c1)-c1noc(n1)-c1ccccc1F","OOUGLTULBSNHNF-UHFFFAOYSA-N, OOUGLTULBSNHNF-UHFFFAOYSA-N",Launched
atazanavir,HIV protease inhibitor,,infectious disease,human immunodeficiency virus (HIV-1),"MedChemEx, Selleck, Selleck",97.98,"COC(=O)N[C@H](C(=O)N[C@@H](Cc1ccccc1)[C@@H](O)CN(Cc1ccc(cc1)-c1ccccn1)NC(=O)[C@@H](NC(=O)OC)C(C)(C)C)C(C)(C)C, COC(=O)N[C@H](C(=O)N[C@@H](Cc1ccccc1)[C@@H](O)CN(Cc1ccc(cc1)-c1ccccn1)NC(=O)[C@@H](NC(=O)OC)C(C)(C)C)C(C)(C)C, COC(=O)N[C@H](C(=O)N[C@@H](Cc1ccccc1)[C@@H](O)CN(Cc1ccc(cc1)-c1ccccn1)NC(=O)[C@@H](NC(=O)OC)C(C)(C)C)C(C)(C)C","AXRYRYVKAWYZBR-GASGPIRDSA-N, AXRYRYVKAWYZBR-GASGPIRDSA-N, AXRYRYVKAWYZBR-GASGPIRDSA-N",Launched
ATB-346,cyclooxygenase inhibitor,PTGER2,,,"MedChemEx, MedChemEx",94.79,"COc1ccc2cc(ccc2c1)[C@@H](C)C(=O)Oc1ccc(cc1)C(N)=S |&1:12,r|, COc1ccc2cc(ccc2c1)[C@@H](C)C(=O)Oc1ccc(cc1)C(N)=S |&1:12,r|","YCNMAPLPQYQJFC-CYBMUJFWSA-N, YCNMAPLPQYQJFC-CYBMUJFWSA-N",Phase 2
atenolol-(+),adrenergic receptor antagonist,,,,Selleck,81.19,CC(C)NC[C@@H](O)COc1ccc(CC(N)=O)cc1,METKIMKYRPQLGS-GFCCVEGCSA-N,Preclinical
atenolol-(+/-),adrenergic receptor antagonist,"ADRB1, ADRB2, LTF, PLA2G2E",cardiology,"hypertension, angina pectoris","MicroSource, MicroSource, Tocris",92.2,"CC(C)NC[C@@H](O)COc1ccc(CC(N)=O)cc1 |&1:5,r|, CC(C)NC[C@@H](O)COc1ccc(CC(N)=O)cc1 |&1:5,r|, CC(C)NC[C@@H](O)COc1ccc(CC(N)=O)cc1 |&1:5,r|","METKIMKYRPQLGS-GFCCVEGCSA-N, METKIMKYRPQLGS-GFCCVEGCSA-N, METKIMKYRPQLGS-GFCCVEGCSA-N",Launched
atenolol-(-),adrenergic receptor antagonist,,cardiology,hypertension,"Sigma, Sigma, Tocris",92.98,"CC(C)NC[C@H](O)COc1ccc(CC(N)=O)cc1, CC(C)NC[C@H](O)COc1ccc(CC(N)=O)cc1, CC(C)NC[C@H](O)COc1ccc(CC(N)=O)cc1","METKIMKYRPQLGS-LBPRGKRZSA-N, METKIMKYRPQLGS-LBPRGKRZSA-N, METKIMKYRPQLGS-LBPRGKRZSA-N",Launched
atglistatin,adipose triglyceride lipase inhibitor,,,,"Selleck, Selleck, Selleck, MedChemEx",91.11,"CN(C)C(=O)Nc1cccc(c1)-c1ccc(cc1)N(C)C, CN(C)C(=O)Nc1cccc(c1)-c1ccc(cc1)N(C)C, CN(C)C(=O)Nc1cccc(c1)-c1ccc(cc1)N(C)C, CN(C)C(=O)Nc1cccc(c1)-c1ccc(cc1)N(C)C","AWOPBSAJHCUSAS-UHFFFAOYSA-N, AWOPBSAJHCUSAS-UHFFFAOYSA-N, AWOPBSAJHCUSAS-UHFFFAOYSA-N, AWOPBSAJHCUSAS-UHFFFAOYSA-N",Preclinical
aticaprant,opioid receptor antagonist,,,,MedChemEx,96.33,Cc1cc(C)cc(c1)[C@@H]1CCCN1Cc1ccc(Oc2ccc(cc2F)C(N)=O)cc1,ZHPMYDSXGRRERG-DEOSSOPVSA-N,Phase 2
atipamezole,adrenergic receptor antagonist,,neurology/psychiatry,reverse sedative,"Tocris, MedChemEx, MedChemEx, Tocris, Tocris",99.36,"CCC1(Cc2ccccc2C1)c1cnc[nH]1, CCC1(Cc2ccccc2C1)c1cnc[nH]1, CCC1(Cc2ccccc2C1)c1cnc[nH]1, CCC1(Cc2ccccc2C1)c1cnc[nH]1, CCC1(Cc2ccccc2C1)c1cnc[nH]1","HSWPZIDYAHLZDD-UHFFFAOYSA-N, HSWPZIDYAHLZDD-UHFFFAOYSA-N, HSWPZIDYAHLZDD-UHFFFAOYSA-N, HSWPZIDYAHLZDD-UHFFFAOYSA-N, HSWPZIDYAHLZDD-UHFFFAOYSA-N",Launched
atiprimod,"JAK inhibitor, STAT inhibitor","JAK2, STAT3",,,"Tocris, Tocris, Tocris, Tocris, Tocris, Tocris, Tocris",100,"CCCC1(CCC)CCC2(CCN(CCCN(CC)CC)C2)CC1, CCCC1(CCC)CCC2(CCN(CCCN(CC)CC)C2)CC1, CCCC1(CCC)CCC2(CCN(CCCN(CC)CC)C2)CC1, CCCC1(CCC)CCC2(CCN(CCCN(CC)CC)C2)CC1, CCCC1(CCC)CCC2(CCN(CCCN(CC)CC)C2)CC1, CCCC1(CCC)CCC2(CCN(CCCN(CC)CC)C2)CC1, CCCC1(CCC)CCC2(CCN(CCCN(CC)CC)C2)CC1","SERHTTSLBVGRBY-UHFFFAOYSA-N, SERHTTSLBVGRBY-UHFFFAOYSA-N, SERHTTSLBVGRBY-UHFFFAOYSA-N, SERHTTSLBVGRBY-UHFFFAOYSA-N, SERHTTSLBVGRBY-UHFFFAOYSA-N, SERHTTSLBVGRBY-UHFFFAOYSA-N, SERHTTSLBVGRBY-UHFFFAOYSA-N",Phase 2
atizoram,phosphodiesterase inhibitor,"PDE4A, PDE4B, PDE4C, PDE4D",,,"Cayman, Cayman",97.53,"COc1ccc(cc1O[C@H]1C[C@@H]2CC[C@H]1C2)C1CNC(=O)NC1, COc1ccc(cc1O[C@H]1C[C@@H]2CC[C@H]1C2)C1CNC(=O)NC1","LITNEAPWQHVPOK-FFSVYQOJSA-N, LITNEAPWQHVPOK-FFSVYQOJSA-N",Phase 2
ATN-161,integrin antagonist,"ITGA5, ITGAV, ITGB1, ITGB3",,,"MedChemEx, MedChemEx, MedChemEx, MedChemEx, MedChemEx",93.15,"CC(=O)N1CCC[C@H]1C(=O)N[C@@H](Cc1cnc[nH]1)C(=O)N[C@@H](CO)C(=O)N[C@@H](CS)C(=O)N[C@@H](CC(N)=O)C(N)=O, CC(=O)N1CCC[C@H]1C(=O)N[C@@H](Cc1cnc[nH]1)C(=O)N[C@@H](CO)C(=O)N[C@@H](CS)C(=O)N[C@@H](CC(N)=O)C(N)=O, CC(=O)N1CCC[C@H]1C(=O)N[C@@H](Cc1cnc[nH]1)C(=O)N[C@@H](CO)C(=O)N[C@@H](CS)C(=O)N[C@@H](CC(N)=O)C(N)=O, CC(=O)N1CCC[C@H]1C(=O)N[C@@H](Cc1cnc[nH]1)C(=O)N[C@@H](CO)C(=O)N[C@@H](CS)C(=O)N[C@@H](CC(N)=O)C(N)=O, CC(=O)N1CCC[C@H]1C(=O)N[C@@H](Cc1cnc[nH]1)C(=O)N[C@@H](CO)C(=O)N[C@@H](CS)C(=O)N[C@@H](CC(N)=O)C(N)=O","MMHDBUJXLOFTLC-WOYTXXSLSA-N, MMHDBUJXLOFTLC-WOYTXXSLSA-N, MMHDBUJXLOFTLC-WOYTXXSLSA-N, MMHDBUJXLOFTLC-WOYTXXSLSA-N, MMHDBUJXLOFTLC-WOYTXXSLSA-N",Phase 2
atomoxetine,norepinephrine transporter inhibitor,"GRIN1, GRIN2A, GRIN2B, GRIN2C, GRIN2D, GRIN3A, GRIN3B, SLC6A2, SLC6A3, SLC6A4",neurology/psychiatry,attention-deficit/hyperactivity disorder (ADHD),"MicroSource, Tocris, Selleck, Tocris",97.04,"CNCC[C@@H](Oc1ccccc1C)c1ccccc1, CNCC[C@@H](Oc1ccccc1C)c1ccccc1, CNCC[C@@H](Oc1ccccc1C)c1ccccc1, CNCC[C@@H](Oc1ccccc1C)c1ccccc1","VHGCDTVCOLNTBX-QGZVFWFLSA-N, VHGCDTVCOLNTBX-QGZVFWFLSA-N, VHGCDTVCOLNTBX-QGZVFWFLSA-N, VHGCDTVCOLNTBX-QGZVFWFLSA-N",Launched
atorvastatin,HMGCR inhibitor,"AHR, DPP4, HMGCR","neurology/psychiatry, cardiology","stroke, heart attack","Pharmeks, Pharmeks, Pharmeks, Tocris, Tocris, Tocris, MicroSource, MicroSource, Selleck, Selleck, Selleck",98.24,"CC(C)c1c(C(=O)Nc2ccccc2)c(c(-c2ccc(F)cc2)n1CC[C@@H](O)C[C@@H](O)CC(O)=O)-c1ccccc1, CC(C)c1c(C(=O)Nc2ccccc2)c(c(-c2ccc(F)cc2)n1CC[C@@H](O)C[C@@H](O)CC(O)=O)-c1ccccc1, CC(C)c1c(C(=O)Nc2ccccc2)c(c(-c2ccc(F)cc2)n1CC[C@@H](O)C[C@@H](O)CC(O)=O)-c1ccccc1, CC(C)c1c(C(=O)Nc2ccccc2)c(c(-c2ccc(F)cc2)n1CC[C@@H](O)C[C@@H](O)CC(O)=O)-c1ccccc1, CC(C)c1c(C(=O)Nc2ccccc2)c(c(-c2ccc(F)cc2)n1CC[C@@H](O)C[C@@H](O)CC(O)=O)-c1ccccc1, CC(C)c1c(C(=O)Nc2ccccc2)c(c(-c2ccc(F)cc2)n1CC[C@@H](O)C[C@@H](O)CC(O)=O)-c1ccccc1, CC(C)c1c(C(=O)Nc2ccccc2)c(c(-c2ccc(F)cc2)n1CC[C@@H](O)C[C@@H](O)CC(O)=O)-c1ccccc1, CC(C)c1c(C(=O)Nc2ccccc2)c(c(-c2ccc(F)cc2)n1CC[C@@H](O)C[C@@H](O)CC(O)=O)-c1ccccc1, CC(C)c1c(C(=O)Nc2ccccc2)c(c(-c2ccc(F)cc2)n1CC[C@@H](O)C[C@@H](O)CC(O)=O)-c1ccccc1, CC(C)c1c(C(=O)Nc2ccccc2)c(c(-c2ccc(F)cc2)n1CC[C@@H](O)C[C@@H](O)CC(O)=O)-c1ccccc1, CC(C)c1c(C(=O)Nc2ccccc2)c(c(-c2ccc(F)cc2)n1CC[C@@H](O)C[C@@H](O)CC(O)=O)-c1ccccc1","XUKUURHRXDUEBC-KAYWLYCHSA-N, XUKUURHRXDUEBC-KAYWLYCHSA-N, XUKUURHRXDUEBC-KAYWLYCHSA-N, XUKUURHRXDUEBC-KAYWLYCHSA-N, XUKUURHRXDUEBC-KAYWLYCHSA-N, XUKUURHRXDUEBC-KAYWLYCHSA-N, XUKUURHRXDUEBC-KAYWLYCHSA-N, XUKUURHRXDUEBC-KAYWLYCHSA-N, XUKUURHRXDUEBC-KAYWLYCHSA-N, XUKUURHRXDUEBC-KAYWLYCHSA-N, XUKUURHRXDUEBC-KAYWLYCHSA-N",Launched
atosiban,oxytocin receptor antagonist,"AVPR1A, AVPR1B, AVPR2, OXTR","neurology/psychiatry, cardiology, endocrinology","stroke, angina pectoris, myocardial infarction, hyperlipidemia","MedChemEx, MedChemEx, MedChemEx, MedChemEx",87.47,"CCOc1ccc(C[C@H]2NC(=O)CCSSC[C@H](NC(=O)[C@H](CC(N)=O)NC(=O)[C@@H](NC(=O)[C@@H](NC2=O)[C@@H](C)CC)[C@@H](C)O)C(=O)N2CCC[C@H]2C(=O)N[C@@H](CCCN)C(=O)NCC(N)=O)cc1 |a:8,17,21,33,37,41,50,54,&1:29|, CCOc1ccc(C[C@H]2NC(=O)CCSSC[C@H](NC(=O)[C@H](CC(N)=O)NC(=O)[C@@H](NC(=O)[C@@H](NC2=O)[C@@H](C)CC)[C@@H](C)O)C(=O)N2CCC[C@H]2C(=O)N[C@@H](CCCN)C(=O)NCC(N)=O)cc1 |a:8,17,21,33,37,41,50,54,&1:29|, CCOc1ccc(C[C@H]2NC(=O)CCSSC[C@H](NC(=O)[C@H](CC(N)=O)NC(=O)[C@@H](NC(=O)[C@@H](NC2=O)[C@@H](C)CC)[C@@H](C)O)C(=O)N2CCC[C@H]2C(=O)N[C@@H](CCCN)C(=O)NCC(N)=O)cc1 |a:8,17,21,33,37,41,50,54,&1:29|, CCOc1ccc(C[C@H]2NC(=O)CCSSC[C@H](NC(=O)[C@H](CC(N)=O)NC(=O)[C@@H](NC(=O)[C@@H](NC2=O)[C@@H](C)CC)[C@@H](C)O)C(=O)N2CCC[C@H]2C(=O)N[C@@H](CCCN)C(=O)NCC(N)=O)cc1 |a:8,17,21,33,37,41,50,54,&1:29|","VWXRQYYUEIYXCZ-ZJBFWUDNSA-N, VWXRQYYUEIYXCZ-ZJBFWUDNSA-N, VWXRQYYUEIYXCZ-ZJBFWUDNSA-N, VWXRQYYUEIYXCZ-ZJBFWUDNSA-N",Launched
atovaquone,mitochondrial electron transport inhibitor,,infectious disease,pneumonia,"MicroSource, Selleck",97.44,"Clc1ccc(cc1)[C@H]1CC[C@@H](CC1)[C@H]1C(=O)C(=O)c2ccccc2C1=O |a:7,10,&1:13,wU:7.7,wD:10.14,13.15,(-11.75,6.01,;-10.68,5.39,;-10.68,3.85,;-9.35,3.08,;-8.02,3.85,;-8.01,5.39,;-9.35,6.16,;-6.68,3.08,;-5.35,3.85,;-4.01,3.08,;-4.01,1.54,;-5.35,.77,;-6.68,1.54,;-2.68,.77,;-2.68,-.77,;-3.75,-1.39,;-1.33,-1.54,;-1.33,-2.77,;,-.77,;1.33,-1.54,;2.66,-.77,;2.66,.77,;1.33,1.54,;,.77,;-1.33,1.54,;-1.33,2.77,)|, Clc1ccc(cc1)[C@H]1CC[C@@H](CC1)[C@H]1C(=O)C(=O)c2ccccc2C1=O |a:7,10,&1:13,wU:7.7,wD:10.14,13.15,(-11.75,6.01,;-10.68,5.39,;-10.68,3.85,;-9.35,3.08,;-8.02,3.85,;-8.01,5.39,;-9.35,6.16,;-6.68,3.08,;-5.35,3.85,;-4.01,3.08,;-4.01,1.54,;-5.35,.77,;-6.68,1.54,;-2.68,.77,;-2.68,-.77,;-3.75,-1.39,;-1.33,-1.54,;-1.33,-2.77,;,-.77,;1.33,-1.54,;2.66,-.77,;2.66,.77,;1.33,1.54,;,.77,;-1.33,1.54,;-1.33,2.77,)|","UYFLKEIEOREOFC-ZXYWRSMDSA-N, UYFLKEIEOREOFC-ZXYWRSMDSA-N",Launched
ATPA,glutamate receptor agonist,GRIK1,,,"Tocris, Tocris, Tocris, Tocris, Tocris",95.4,"CC(C)(C)c1o[nH]c(=O)c1C[C@@H](N)C(O)=O |&1:11,r|, CC(C)(C)c1o[nH]c(=O)c1C[C@@H](N)C(O)=O |&1:11,r|, CC(C)(C)c1o[nH]c(=O)c1C[C@@H](N)C(O)=O |&1:11,r|, CC(C)(C)c1o[nH]c(=O)c1C[C@@H](N)C(O)=O |&1:11,r|, CC(C)(C)c1o[nH]c(=O)c1C[C@@H](N)C(O)=O |&1:11,r|","PIXJURSCCVBKRF-ZCFIWIBFSA-N, PIXJURSCCVBKRF-ZCFIWIBFSA-N, PIXJURSCCVBKRF-ZCFIWIBFSA-N, PIXJURSCCVBKRF-ZCFIWIBFSA-N, PIXJURSCCVBKRF-ZCFIWIBFSA-N",Preclinical
atractylenolide-i,JAK inhibitor,,,,MedChemEx,39.48,"[H][C@@]12CC3=C(C)C(=O)OC3=C[C@@]1(C)CCCC2=C |c:3,10|",ZTVSGQPHMUYCRS-SWLSCSKDSA-N,Preclinical
atracurium,acetylcholine receptor antagonist,,"critical care, neurology/psychiatry","endotracheal intubation, muscle relaxant",MedChemEx,68.11,"COc1ccc(C[C@H]2c3cc(OC)c(OC)cc3CC[N@@+]2(C)CCC(=O)OCCCCCOC(=O)CC[N@@+]2(C)CCc3cc(OC)c(OC)cc3[C@@H]2Cc2ccc(OC)c(OC)c2)cc1OC |&1:7,&2:20,&3:37,&4:51|",YXSLJKQTIDHPOT-MWAPPURBSA-N,Launched
atrasentan,endothelin receptor antagonist,EDNRA,,,"MedChemEx, MedChemEx, MedChemEx, MedChemEx",97.8,"CCCCN(CCCC)C(=O)CN1C[C@@H]([C@H]([C@@H]1c1ccc(OC)cc1)C(O)=O)c1ccc2OCOc2c1, CCCCN(CCCC)C(=O)CN1C[C@@H]([C@H]([C@@H]1c1ccc(OC)cc1)C(O)=O)c1ccc2OCOc2c1, CCCCN(CCCC)C(=O)CN1C[C@@H]([C@H]([C@@H]1c1ccc(OC)cc1)C(O)=O)c1ccc2OCOc2c1, CCCCN(CCCC)C(=O)CN1C[C@@H]([C@H]([C@@H]1c1ccc(OC)cc1)C(O)=O)c1ccc2OCOc2c1","MOTJMGVDPWRKOC-QPVYNBJUSA-N, MOTJMGVDPWRKOC-QPVYNBJUSA-N, MOTJMGVDPWRKOC-QPVYNBJUSA-N, MOTJMGVDPWRKOC-QPVYNBJUSA-N",Phase 3
atropine,acetylcholine receptor antagonist,"CHRM1, CHRM2, CHRM3",ophthalmology,"cycloplegia, mydriasis, amblyopia","MicroSource, MedChemEx, Selleck",97.48,"CN1[C@H]2CC[C@@H]1C[C@@H](C2)OC(=O)[C@@H](CO)c1ccccc1 |a:2,5,7,&1:12,THB:9:7:1:3.4|, CN1[C@H]2CC[C@@H]1C[C@@H](C2)OC(=O)[C@@H](CO)c1ccccc1 |a:2,5,7,&1:12,THB:9:7:1:3.4|, CN1[C@H]2CC[C@@H]1C[C@@H](C2)OC(=O)[C@@H](CO)c1ccccc1 |a:2,5,7,&1:12,THB:9:7:1:3.4|","RKUNBYITZUJHSG-JJXSEGSLSA-N, RKUNBYITZUJHSG-JJXSEGSLSA-N, RKUNBYITZUJHSG-JJXSEGSLSA-N",Launched
atropine-oxide,acetylcholine receptor antagonist,"CHRM1, CHRM2, CHRM3, CHRM4, CHRM5",,,Sigma,100,"C[N@@+]1([O-])[C@H]2CC[C@@H]1C[C@@H](C2)OC(=O)[C@H](CO)c1ccccc1 |&1:3,6,8,&2:1,&3:13|",HGWPFSBHDACWNL-JFBPSJKJSA-N,Preclinical
atuveciclib,CDK9 inhibitor,,,,MedChemEx,97.73,COc1cc(F)ccc1-c1ncnc(Nc2cccc(C[S@](C)(=N)=O)c2)n1,ACWKGTGIJRCOOM-HHHXNRCGSA-N,Phase 1
AT13148,protein kinase inhibitor,"AKT1, AKT2, AKT3, ROCK1, ROCK2, SGK3",,,"MedChemEx, MedChemEx, Selleck, Selleck, MedChemEx",91.13,"NC[C@@](O)(c1ccc(Cl)cc1)c1ccc(cc1)-c1cn[nH]c1, NC[C@@](O)(c1ccc(Cl)cc1)c1ccc(cc1)-c1cn[nH]c1, NC[C@@](O)(c1ccc(Cl)cc1)c1ccc(cc1)-c1cn[nH]c1, NC[C@@](O)(c1ccc(Cl)cc1)c1ccc(cc1)-c1cn[nH]c1, NC[C@@](O)(c1ccc(Cl)cc1)c1ccc(cc1)-c1cn[nH]c1","IIRWNGPLJQXWFJ-KRWDZBQOSA-N, IIRWNGPLJQXWFJ-KRWDZBQOSA-N, IIRWNGPLJQXWFJ-KRWDZBQOSA-N, IIRWNGPLJQXWFJ-KRWDZBQOSA-N, IIRWNGPLJQXWFJ-KRWDZBQOSA-N",Phase 1
AT13387,HSP inhibitor,HSP90AA1,,,"Selleck, Selleck, Selleck, Selleck, Selleck, Selleck",94.98,"CC(C)c1cc(C(=O)N2Cc3ccc(CN4CCN(C)CC4)cc3C2)c(O)cc1O, CC(C)c1cc(C(=O)N2Cc3ccc(CN4CCN(C)CC4)cc3C2)c(O)cc1O, CC(C)c1cc(C(=O)N2Cc3ccc(CN4CCN(C)CC4)cc3C2)c(O)cc1O, CC(C)c1cc(C(=O)N2Cc3ccc(CN4CCN(C)CC4)cc3C2)c(O)cc1O, CC(C)c1cc(C(=O)N2Cc3ccc(CN4CCN(C)CC4)cc3C2)c(O)cc1O, CC(C)c1cc(C(=O)N2Cc3ccc(CN4CCN(C)CC4)cc3C2)c(O)cc1O","IFRGXKKQHBVPCQ-UHFFFAOYSA-N, IFRGXKKQHBVPCQ-UHFFFAOYSA-N, IFRGXKKQHBVPCQ-UHFFFAOYSA-N, IFRGXKKQHBVPCQ-UHFFFAOYSA-N, IFRGXKKQHBVPCQ-UHFFFAOYSA-N, IFRGXKKQHBVPCQ-UHFFFAOYSA-N",Phase 2
AT7867,AKT inhibitor,"AKT2, GSK3B, PKIA, PRKACA",,,"Selleck, Selleck, Selleck, Selleck, Selleck, Selleck, Selleck, Selleck",92.8,"Clc1ccc(cc1)C1(CCNCC1)c1ccc(cc1)-c1cn[nH]c1, Clc1ccc(cc1)C1(CCNCC1)c1ccc(cc1)-c1cn[nH]c1, Clc1ccc(cc1)C1(CCNCC1)c1ccc(cc1)-c1cn[nH]c1, Clc1ccc(cc1)C1(CCNCC1)c1ccc(cc1)-c1cn[nH]c1, Clc1ccc(cc1)C1(CCNCC1)c1ccc(cc1)-c1cn[nH]c1, Clc1ccc(cc1)C1(CCNCC1)c1ccc(cc1)-c1cn[nH]c1, Clc1ccc(cc1)C1(CCNCC1)c1ccc(cc1)-c1cn[nH]c1, Clc1ccc(cc1)C1(CCNCC1)c1ccc(cc1)-c1cn[nH]c1","LZMOSYUFVYJEPY-UHFFFAOYSA-N, LZMOSYUFVYJEPY-UHFFFAOYSA-N, LZMOSYUFVYJEPY-UHFFFAOYSA-N, LZMOSYUFVYJEPY-UHFFFAOYSA-N, LZMOSYUFVYJEPY-UHFFFAOYSA-N, LZMOSYUFVYJEPY-UHFFFAOYSA-N, LZMOSYUFVYJEPY-UHFFFAOYSA-N, LZMOSYUFVYJEPY-UHFFFAOYSA-N",Preclinical
auranofin,NFkB pathway inhibitor,"IKBKB, PRDX5, TRPA1",rheumatology,rheumatoid arthritis,"MedChemEx, Selleck, Selleck, MedChemEx",73.57,"CCP(CC)(CC)=[Au]S[C@@H]1O[C@H](COC(C)=O)[C@@H](OC(C)=O)[C@H](OC(C)=O)[C@H]1OC(C)=O, CCP(CC)(CC)=[Au]S[C@@H]1O[C@H](COC(C)=O)[C@@H](OC(C)=O)[C@H](OC(C)=O)[C@H]1OC(C)=O, CCP(CC)(CC)=[Au]S[C@@H]1O[C@H](COC(C)=O)[C@@H](OC(C)=O)[C@H](OC(C)=O)[C@H]1OC(C)=O, CCP(CC)(CC)=[Au]S[C@@H]1O[C@H](COC(C)=O)[C@@H](OC(C)=O)[C@H](OC(C)=O)[C@H]1OC(C)=O","AUJRCFUBUPVWSZ-XTZHGVARSA-M, AUJRCFUBUPVWSZ-XTZHGVARSA-M, AUJRCFUBUPVWSZ-XTZHGVARSA-M, AUJRCFUBUPVWSZ-XTZHGVARSA-M",Launched
aurora-a-inhibitor-i,Aurora kinase inhibitor,AURKA,,,"Tocris, Tocris, Tocris, Selleck, Selleck",99.42,"CCN1CCN(CC1)C(=O)Cc1ccc(Nc2ncc(F)c(Nc3ccc(cc3)C(=O)Nc3ccccc3Cl)n2)cc1, CCN1CCN(CC1)C(=O)Cc1ccc(Nc2ncc(F)c(Nc3ccc(cc3)C(=O)Nc3ccccc3Cl)n2)cc1, CCN1CCN(CC1)C(=O)Cc1ccc(Nc2ncc(F)c(Nc3ccc(cc3)C(=O)Nc3ccccc3Cl)n2)cc1, CCN1CCN(CC1)C(=O)Cc1ccc(Nc2ncc(F)c(Nc3ccc(cc3)C(=O)Nc3ccccc3Cl)n2)cc1, CCN1CCN(CC1)C(=O)Cc1ccc(Nc2ncc(F)c(Nc3ccc(cc3)C(=O)Nc3ccccc3Cl)n2)cc1","AKSIZPIFQAYJGF-UHFFFAOYSA-N, AKSIZPIFQAYJGF-UHFFFAOYSA-N, AKSIZPIFQAYJGF-UHFFFAOYSA-N, AKSIZPIFQAYJGF-UHFFFAOYSA-N, AKSIZPIFQAYJGF-UHFFFAOYSA-N",Preclinical
aurothioglucose,PKC inhibitor,PRKCI,rheumatology,rheumatoid arthritis,"MedChemEx, MedChemEx",25.87,"OC[C@H]1O[C@H](S[Au])[C@H](O)[C@@H](O)[C@@H]1O, OC[C@H]1O[C@H](S[Au])[C@H](O)[C@@H](O)[C@@H]1O","XHVAWZZCDCWGBK-WYRLRVFGSA-M, XHVAWZZCDCWGBK-WYRLRVFGSA-M",Launched
AUT-1,potassium channel activator,,,,MedChemEx,97.89,CC[C@H]1NC(=O)N(C1=O)c1ccc(Oc2ccc(C)c(OC)c2)nc1,AMAOXEGBJHLCSF-CQSZACIVSA-N,Preclinical
autotaxin-modulator-1,autotaxin inhibitor,ENPP2,,,"MedChemEx, MedChemEx",97.37,"C[C@@H](N1[C@H]2CC[C@@H]1C[C@@H](C2)C(O)=O)c1ccc2ccc(O[C@H]3CC[C@H](CC3)C(F)(F)F)c(c2c1)C(F)(F)F |a:1,21,24,&1:3,&2:6,&3:8,wU:8.11,21.22,24.29,wD:1.0,3.2,6.6,(6.23,2.09,;5.61,1.02,;4.07,1.02,;3.25,-.38,;2.26,.16,;2.26,1.96,;3.29,2.4,;1.65,2.4,;.83,1.02,;1.62,-.38,;-.71,1.02,;-1.33,2.09,;-1.33,-.04,;6.38,-.31,;5.62,-1.65,;6.4,-2.98,;7.94,-2.98,;8.71,-4.31,;10.25,-4.31,;11.01,-2.97,;12.56,-2.97,;13.33,-4.31,;14.87,-4.31,;15.64,-5.64,;14.86,-6.98,;13.32,-6.97,;12.56,-5.64,;15.63,-8.31,;16.86,-8.31,;15.02,-9.38,;16.25,-9.38,;10.24,-1.64,;8.71,-1.65,;7.94,-.32,;11.01,-.31,;12.24,-.3,;10.39,.76,;11.62,.76,)|, C[C@@H](N1[C@H]2CC[C@@H]1C[C@@H](C2)C(O)=O)c1ccc2ccc(O[C@H]3CC[C@H](CC3)C(F)(F)F)c(c2c1)C(F)(F)F |a:1,21,24,&1:3,&2:6,&3:8,wU:8.11,21.22,24.29,wD:1.0,3.2,6.6,(6.23,2.09,;5.61,1.02,;4.07,1.02,;3.25,-.38,;2.26,.16,;2.26,1.96,;3.29,2.4,;1.65,2.4,;.83,1.02,;1.62,-.38,;-.71,1.02,;-1.33,2.09,;-1.33,-.04,;6.38,-.31,;5.62,-1.65,;6.4,-2.98,;7.94,-2.98,;8.71,-4.31,;10.25,-4.31,;11.01,-2.97,;12.56,-2.97,;13.33,-4.31,;14.87,-4.31,;15.64,-5.64,;14.86,-6.98,;13.32,-6.97,;12.56,-5.64,;15.63,-8.31,;16.86,-8.31,;15.02,-9.38,;16.25,-9.38,;10.24,-1.64,;8.71,-1.65,;7.94,-.32,;11.01,-.31,;12.24,-.3,;10.39,.76,;11.62,.76,)|","PZASAAIJIFDWSB-PQGZPOPSSA-N, PZASAAIJIFDWSB-PQGZPOPSSA-N",Preclinical
AV-412,protein tyrosine kinase inhibitor,"EGFR, ERBB2",,,"Tocris, MedChemEx, MedChemEx",96.98,"CN1CCN(CC1)C(C)(C)C#Cc1cc2ncnc(Nc3ccc(F)c(Cl)c3)c2cc1NC(=O)C=C, CN1CCN(CC1)C(C)(C)C#Cc1cc2ncnc(Nc3ccc(F)c(Cl)c3)c2cc1NC(=O)C=C, CN1CCN(CC1)C(C)(C)C#Cc1cc2ncnc(Nc3ccc(F)c(Cl)c3)c2cc1NC(=O)C=C","ZAJXXUDARPGGOC-UHFFFAOYSA-N, ZAJXXUDARPGGOC-UHFFFAOYSA-N, ZAJXXUDARPGGOC-UHFFFAOYSA-N",Phase 1
AV-608,tachykinin antagonist,TACR1,,,"MedChemEx, MedChemEx",99.39,"FC(F)(F)c1cc(cc(c1)C(F)(F)F)C(=O)N1CC[C@@H](C[C@H]1Cc1ccc(Cl)cc1)NC(=O)c1ccnc2ccccc12, FC(F)(F)c1cc(cc(c1)C(F)(F)F)C(=O)N1CC[C@@H](C[C@H]1Cc1ccc(Cl)cc1)NC(=O)c1ccnc2ccccc12","NXLUTEDAEFXMQR-BJKOFHAPSA-N, NXLUTEDAEFXMQR-BJKOFHAPSA-N",Phase 2
avacopan,complement inhibitor,,,,MedChemEx,54.12,Cc1ccc(NC(=O)[C@H]2CCCN([C@H]2c2ccc(NC3CCCC3)cc2)C(=O)c2c(C)cccc2F)cc1C(F)(F)F,PUKBOVABABRILL-YZNIXAGQSA-N,Phase 2
avadomide,antitumor agent,,,,MedChemEx,95.76,"Cc1nc2cccc(N)c2c(=O)n1[C@H]1CCC(=O)NC1=O |&1:13,r|",RSNPAKAFCAAMBH-JTQLQIEISA-N,Phase 2
avagacestat,gamma secretase inhibitor,PSEN1,,,"MedChemEx, MedChemEx, Selleck, Selleck",96.39,"NC(=O)[C@@H](CCC(F)(F)F)N(Cc1ccc(cc1F)-c1ncon1)S(=O)(=O)c1ccc(Cl)cc1, NC(=O)[C@@H](CCC(F)(F)F)N(Cc1ccc(cc1F)-c1ncon1)S(=O)(=O)c1ccc(Cl)cc1, NC(=O)[C@@H](CCC(F)(F)F)N(Cc1ccc(cc1F)-c1ncon1)S(=O)(=O)c1ccc(Cl)cc1, NC(=O)[C@@H](CCC(F)(F)F)N(Cc1ccc(cc1F)-c1ncon1)S(=O)(=O)c1ccc(Cl)cc1","XEAOPVUAMONVLA-QGZVFWFLSA-N, XEAOPVUAMONVLA-QGZVFWFLSA-N, XEAOPVUAMONVLA-QGZVFWFLSA-N, XEAOPVUAMONVLA-QGZVFWFLSA-N",Phase 2
avanafil,phosphodiesterase inhibitor,PDE5A,urology,erectile dysfunction,"MicroSource, Selleck, Selleck, Selleck",92.35,"COc1ccc(CNc2nc(ncc2C(=O)NCc2ncccn2)N2CCC[C@H]2CO)cc1Cl, COc1ccc(CNc2nc(ncc2C(=O)NCc2ncccn2)N2CCC[C@H]2CO)cc1Cl, COc1ccc(CNc2nc(ncc2C(=O)NCc2ncccn2)N2CCC[C@H]2CO)cc1Cl, COc1ccc(CNc2nc(ncc2C(=O)NCc2ncccn2)N2CCC[C@H]2CO)cc1Cl","WEAJZXNPAWBCOA-INIZCTEOSA-N, WEAJZXNPAWBCOA-INIZCTEOSA-N, WEAJZXNPAWBCOA-INIZCTEOSA-N, WEAJZXNPAWBCOA-INIZCTEOSA-N",Launched
avapritinib,KIT inhibitor,,,,MedChemEx,96.7,Cn1cc(cn1)-c1cc2c(ncnn2c1)N1CCN(CC1)c1ncc(cn1)[C@@](C)(N)c1ccc(F)cc1,DWYRIWUZIJHQKQ-SANMLTNESA-N,Launched
avasimibe,ACAT inhibitor,CES1,,,"MedChemEx, Selleck, Selleck, Selleck, Selleck, Selleck",96.76,"CC(C)c1cc(C(C)C)c(CC(=O)NS(=O)(=O)Oc2c(cccc2C(C)C)C(C)C)c(c1)C(C)C, CC(C)c1cc(C(C)C)c(CC(=O)NS(=O)(=O)Oc2c(cccc2C(C)C)C(C)C)c(c1)C(C)C, CC(C)c1cc(C(C)C)c(CC(=O)NS(=O)(=O)Oc2c(cccc2C(C)C)C(C)C)c(c1)C(C)C, CC(C)c1cc(C(C)C)c(CC(=O)NS(=O)(=O)Oc2c(cccc2C(C)C)C(C)C)c(c1)C(C)C, CC(C)c1cc(C(C)C)c(CC(=O)NS(=O)(=O)Oc2c(cccc2C(C)C)C(C)C)c(c1)C(C)C, CC(C)c1cc(C(C)C)c(CC(=O)NS(=O)(=O)Oc2c(cccc2C(C)C)C(C)C)c(c1)C(C)C","PTQXTEKSNBVPQJ-UHFFFAOYSA-N, PTQXTEKSNBVPQJ-UHFFFAOYSA-N, PTQXTEKSNBVPQJ-UHFFFAOYSA-N, PTQXTEKSNBVPQJ-UHFFFAOYSA-N, PTQXTEKSNBVPQJ-UHFFFAOYSA-N, PTQXTEKSNBVPQJ-UHFFFAOYSA-N",Phase 3
avatrombopag,thrombopoietin receptor agonist,MPL,hematology,thrombocytopenia,MedChemEx,95.01,OC(=O)C1CCN(CC1)c1ncc(cc1Cl)C(=O)Nc1nc(-c2cc(Cl)cs2)c(s1)N1CCN(CC1)C1CCCCC1,OFZJKCQENFPZBH-UHFFFAOYSA-N,Launched
AVE-0991,angiotensin receptor agonist,MRGPRX1,,,"MedChemEx, MedChemEx",93.56,"CCNC(=O)NS(=O)(=O)c1sc(CC(C)C)cc1-c1ccc(Cn2c(C=O)c(OC)nc2-c2ccccc2)cc1, CCNC(=O)NS(=O)(=O)c1sc(CC(C)C)cc1-c1ccc(Cn2c(C=O)c(OC)nc2-c2ccccc2)cc1","QTOZBSNPDCWHPV-UHFFFAOYSA-N, QTOZBSNPDCWHPV-UHFFFAOYSA-N",Preclinical
AVE-3085,nitric oxide synthase stimulant,,,,MedChemEx,97.28,FC1(F)Oc2ccc(cc2O1)C(=O)NC1Cc2ccccc2C1,OKCJNSDIVCXYAL-UHFFFAOYSA-N,Preclinical
AVex-73,sigma receptor agonist,,,,MedChemEx,91.52,"CN(C)C[C@H]1CCOC1(c1ccccc1)c1ccccc1 |&1:4,r|",BOTHKNZTGGXFEQ-GOSISDBHSA-N,Preclinical
avibactam,beta lactamase inhibitor,,infectious disease,"intra-abdominal infections, urinary tract infections, pyelonephritis","MedChemEx, MedChemEx, MedChemEx",100,"NC(=O)[C@@H]1CC[C@@H]2CN1C(=O)N2OS(O)(=O)=O, NC(=O)[C@@H]1CC[C@@H]2CN1C(=O)N2OS(O)(=O)=O, NC(=O)[C@@H]1CC[C@@H]2CN1C(=O)N2OS(O)(=O)=O","NDCUAPJVLWFHHB-UHNVWZDZSA-N, NDCUAPJVLWFHHB-UHNVWZDZSA-N, NDCUAPJVLWFHHB-UHNVWZDZSA-N",Launched
avitinib,EGFR inhibitor,,,,MedChemEx,91.08,CN1CCN(CC1)c1ccc(Nc2nc(Oc3cccc(NC(=O)C=C)c3)c3cc[nH]c3n2)cc1F,UOFYSRZSLXWIQB-UHFFFAOYSA-N,Phase 2
AVL-292,Bruton's tyrosine kinase (BTK) inhibitor,"BTK, YES1",,,"MedChemEx, Selleck, Selleck, Selleck, Selleck, Selleck, Selleck",97.44,"COCCOc1ccc(Nc2ncc(F)c(Nc3cccc(NC(=O)C=C)c3)n2)cc1, COCCOc1ccc(Nc2ncc(F)c(Nc3cccc(NC(=O)C=C)c3)n2)cc1, COCCOc1ccc(Nc2ncc(F)c(Nc3cccc(NC(=O)C=C)c3)n2)cc1, COCCOc1ccc(Nc2ncc(F)c(Nc3cccc(NC(=O)C=C)c3)n2)cc1, COCCOc1ccc(Nc2ncc(F)c(Nc3cccc(NC(=O)C=C)c3)n2)cc1, COCCOc1ccc(Nc2ncc(F)c(Nc3cccc(NC(=O)C=C)c3)n2)cc1, COCCOc1ccc(Nc2ncc(F)c(Nc3cccc(NC(=O)C=C)c3)n2)cc1","KXBDTLQSDKGAEB-UHFFFAOYSA-N, KXBDTLQSDKGAEB-UHFFFAOYSA-N, KXBDTLQSDKGAEB-UHFFFAOYSA-N, KXBDTLQSDKGAEB-UHFFFAOYSA-N, KXBDTLQSDKGAEB-UHFFFAOYSA-N, KXBDTLQSDKGAEB-UHFFFAOYSA-N, KXBDTLQSDKGAEB-UHFFFAOYSA-N",Phase 2
AVN-492,serotonin receptor antagonist,,,,"MedChemEx, MedChemEx",95.85,"CNc1nn2c(C)c(N(C)C)c(C)nc2c1S(=O)(=O)c1ccccc1, CNc1nn2c(C)c(N(C)C)c(C)nc2c1S(=O)(=O)c1ccccc1","SNPPEHMSSOEYDH-UHFFFAOYSA-N, SNPPEHMSSOEYDH-UHFFFAOYSA-N",Preclinical
AVN-944,inosine monophosphate dehydrogenase inhibitor,"IMPDH1, IMPDH2",,,"MedChemEx, MedChemEx, MedChemEx, MedChemEx, MedChemEx, MedChemEx",99.41,"CC[C@H](CC#N)OC(=O)N[C@@H](C)c1cccc(NC(=O)Nc2ccc(-c3cnco3)c(OC)c2)c1, CC[C@H](CC#N)OC(=O)N[C@@H](C)c1cccc(NC(=O)Nc2ccc(-c3cnco3)c(OC)c2)c1, CC[C@H](CC#N)OC(=O)N[C@@H](C)c1cccc(NC(=O)Nc2ccc(-c3cnco3)c(OC)c2)c1, CC[C@H](CC#N)OC(=O)N[C@@H](C)c1cccc(NC(=O)Nc2ccc(-c3cnco3)c(OC)c2)c1, CC[C@H](CC#N)OC(=O)N[C@@H](C)c1cccc(NC(=O)Nc2ccc(-c3cnco3)c(OC)c2)c1, CC[C@H](CC#N)OC(=O)N[C@@H](C)c1cccc(NC(=O)Nc2ccc(-c3cnco3)c(OC)c2)c1","GYCPCOJTCINIFZ-OXJNMPFZSA-N, GYCPCOJTCINIFZ-OXJNMPFZSA-N, GYCPCOJTCINIFZ-OXJNMPFZSA-N, GYCPCOJTCINIFZ-OXJNMPFZSA-N, GYCPCOJTCINIFZ-OXJNMPFZSA-N, GYCPCOJTCINIFZ-OXJNMPFZSA-N",Phase 2
avobenzone,topical sunscreen agent,,dermatology,"cosmetic, sunscreen lotion","MedChemEx, MicroSource, Selleck",90.89,"COc1ccc(cc1)C(=O)C=C(O)c1ccc(cc1)C(C)(C)C, COc1ccc(cc1)C(=O)C=C(O)c1ccc(cc1)C(C)(C)C, COc1ccc(cc1)C(=O)C=C(O)c1ccc(cc1)C(C)(C)C","LKIIIESDXWZZRE-UHFFFAOYSA-N, LKIIIESDXWZZRE-UHFFFAOYSA-N, LKIIIESDXWZZRE-UHFFFAOYSA-N",Launched
avoralstat,kallikrein inhibitor,,,,MedChemEx,88.22,COc1cc(c(cc1C=C)C(=O)Nc1ccc(cc1)C(N)=N)-c1ccc(nc1C(O)=O)C(=O)NCC1CC1,TUWMKPVJGGWGNL-UHFFFAOYSA-N,Phase 3
avridine,immunostimulant,,,,Sigma,0,CCCCCCCCCCCCCCCCCCN(CCCCCCCCCCCCCCCCCC)CCCN(CCO)CCO,WXNRAKRZUCLRBP-UHFFFAOYSA-N,Preclinical
AX-024,cytokine production inhibitor,,,,MedChemEx,94.57,COc1ccc2OCC(CN3CCCC3)=C(c3ccc(F)cc3)c2c1 |t:15|,VMMKGVRPILDZML-UHFFFAOYSA-N,Preclinical
axitinib,"PDGFR tyrosine kinase receptor inhibitor, VEGFR inhibitor","CSF1, FLT1, FLT4, KDR, PLK4",oncology,renal cell carcinoma (RCC),"Selleck, Selleck, Selleck, Selleck, Selleck, Selleck, Selleck, Tocris, Selleck, Selleck, Adooq",96.08,"CNC(=O)c1ccccc1Sc1ccc2c(\C=C\c3ccccn3)[nH]nc2c1, CNC(=O)c1ccccc1Sc1ccc2c(\C=C\c3ccccn3)[nH]nc2c1, CNC(=O)c1ccccc1Sc1ccc2c(\C=C\c3ccccn3)[nH]nc2c1, CNC(=O)c1ccccc1Sc1ccc2c(\C=C\c3ccccn3)[nH]nc2c1, CNC(=O)c1ccccc1Sc1ccc2c(\C=C\c3ccccn3)[nH]nc2c1, CNC(=O)c1ccccc1Sc1ccc2c(\C=C\c3ccccn3)[nH]nc2c1, CNC(=O)c1ccccc1Sc1ccc2c(\C=C\c3ccccn3)[nH]nc2c1, CNC(=O)c1ccccc1Sc1ccc2c(\C=C\c3ccccn3)[nH]nc2c1, CNC(=O)c1ccccc1Sc1ccc2c(\C=C\c3ccccn3)[nH]nc2c1, CNC(=O)c1ccccc1Sc1ccc2c(\C=C\c3ccccn3)[nH]nc2c1, CNC(=O)c1ccccc1Sc1ccc2c(\C=C\c3ccccn3)[nH]nc2c1","RITAVMQDGBJQJZ-FMIVXFBMSA-N, RITAVMQDGBJQJZ-FMIVXFBMSA-N, RITAVMQDGBJQJZ-FMIVXFBMSA-N, RITAVMQDGBJQJZ-FMIVXFBMSA-N, RITAVMQDGBJQJZ-FMIVXFBMSA-N, RITAVMQDGBJQJZ-FMIVXFBMSA-N, RITAVMQDGBJQJZ-FMIVXFBMSA-N, RITAVMQDGBJQJZ-FMIVXFBMSA-N, RITAVMQDGBJQJZ-FMIVXFBMSA-N, RITAVMQDGBJQJZ-FMIVXFBMSA-N, RITAVMQDGBJQJZ-FMIVXFBMSA-N",Launched
AY-9944,hedgehog pathway modulator,,,,"Tocris, Tocris, Tocris, Tocris",94.24,"Clc1ccccc1CNC[C@H]1CC[C@H](CNCc2ccccc2Cl)CC1 |r|, Clc1ccccc1CNC[C@H]1CC[C@H](CNCc2ccccc2Cl)CC1 |r|, Clc1ccccc1CNC[C@H]1CC[C@H](CNCc2ccccc2Cl)CC1 |r|, Clc1ccccc1CNC[C@H]1CC[C@H](CNCc2ccccc2Cl)CC1 |r|","RZRPZWGIOOZIBE-IYARVYRRSA-N, RZRPZWGIOOZIBE-IYARVYRRSA-N, RZRPZWGIOOZIBE-IYARVYRRSA-N, RZRPZWGIOOZIBE-IYARVYRRSA-N",Preclinical
AZ-10417808,caspase inhibitor,CASP3,,,"Tocris, Tocris",97.36,"[O-][N+](=O)c1cc(C(=O)NCC=C)c2[nH]c(Nc3ccc(Cl)c(Cl)c3)nc(=O)c2c1, [O-][N+](=O)c1cc(C(=O)NCC=C)c2[nH]c(Nc3ccc(Cl)c(Cl)c3)nc(=O)c2c1","VUBILPOZTRGZJK-UHFFFAOYSA-N, VUBILPOZTRGZJK-UHFFFAOYSA-N",Preclinical
AZ-10606120,purinergic receptor antagonist,P2RX7,,,"Tocris, Tocris",95.84,"OCCNCCNc1ccc2c(NC(=O)CC34CC5CC(CC(C5)C3)C4)cccc2n1, OCCNCCNc1ccc2c(NC(=O)CC34CC5CC(CC(C5)C3)C4)cccc2n1","FQMZXMVHHKXGTM-UHFFFAOYSA-N, FQMZXMVHHKXGTM-UHFFFAOYSA-N",Preclinical
AZ-12080282,hedgehog pathway inhibitor,DHH,,,"Tocris, Tocris",97.72,"Cc1ccc(cc1NC(=O)c1ccc(OCc2ccccn2)cc1)-c1ncc[nH]1, Cc1ccc(cc1NC(=O)c1ccc(OCc2ccccn2)cc1)-c1ncc[nH]1","KMSKKYBHDQYHMC-UHFFFAOYSA-N, KMSKKYBHDQYHMC-UHFFFAOYSA-N",Preclinical
AZ-628,RAF inhibitor,"BRAF, RAF1",,,"Selleck, Selleck, Selleck, Selleck, Selleck, Selleck, Tocris, Selleck, Selleck, Selleck, Selleck, Selleck",98.18,"Cc1ccc(NC(=O)c2cccc(c2)C(C)(C)C#N)cc1Nc1ccc2ncn(C)c(=O)c2c1, Cc1ccc(NC(=O)c2cccc(c2)C(C)(C)C#N)cc1Nc1ccc2ncn(C)c(=O)c2c1, Cc1ccc(NC(=O)c2cccc(c2)C(C)(C)C#N)cc1Nc1ccc2ncn(C)c(=O)c2c1, Cc1ccc(NC(=O)c2cccc(c2)C(C)(C)C#N)cc1Nc1ccc2ncn(C)c(=O)c2c1, Cc1ccc(NC(=O)c2cccc(c2)C(C)(C)C#N)cc1Nc1ccc2ncn(C)c(=O)c2c1, Cc1ccc(NC(=O)c2cccc(c2)C(C)(C)C#N)cc1Nc1ccc2ncn(C)c(=O)c2c1, Cc1ccc(NC(=O)c2cccc(c2)C(C)(C)C#N)cc1Nc1ccc2ncn(C)c(=O)c2c1, Cc1ccc(NC(=O)c2cccc(c2)C(C)(C)C#N)cc1Nc1ccc2ncn(C)c(=O)c2c1, Cc1ccc(NC(=O)c2cccc(c2)C(C)(C)C#N)cc1Nc1ccc2ncn(C)c(=O)c2c1, Cc1ccc(NC(=O)c2cccc(c2)C(C)(C)C#N)cc1Nc1ccc2ncn(C)c(=O)c2c1, Cc1ccc(NC(=O)c2cccc(c2)C(C)(C)C#N)cc1Nc1ccc2ncn(C)c(=O)c2c1, Cc1ccc(NC(=O)c2cccc(c2)C(C)(C)C#N)cc1Nc1ccc2ncn(C)c(=O)c2c1","ZGBGPEDJXCYQPH-UHFFFAOYSA-N, ZGBGPEDJXCYQPH-UHFFFAOYSA-N, ZGBGPEDJXCYQPH-UHFFFAOYSA-N, ZGBGPEDJXCYQPH-UHFFFAOYSA-N, ZGBGPEDJXCYQPH-UHFFFAOYSA-N, ZGBGPEDJXCYQPH-UHFFFAOYSA-N, ZGBGPEDJXCYQPH-UHFFFAOYSA-N, ZGBGPEDJXCYQPH-UHFFFAOYSA-N, ZGBGPEDJXCYQPH-UHFFFAOYSA-N, ZGBGPEDJXCYQPH-UHFFFAOYSA-N, ZGBGPEDJXCYQPH-UHFFFAOYSA-N, ZGBGPEDJXCYQPH-UHFFFAOYSA-N",Preclinical
AZ-7371,antibacterial ,,,,MedChemEx,99.11,COc1ncnc(Cn2cc(C(=O)NCCO)c3ncc(C)cc23)c1C,VDRYGTNDKXIPSK-UHFFFAOYSA-N,Preclinical
azacitidine,DNA methyltransferase inhibitor,"DNMT1, DNMT3A","hematologic malignancy, hematology","myelodysplastic diseases (MDS), anemia, chronic myelomonocytic leukemia (CMMoL)","MicroSource, MicroSource, MicroSource, MicroSource, MicroSource, MicroSource, Tocris, Selleck, Selleck, Selleck, Selleck",100,"Nc1ncn([C@@H]2O[C@H](CO)[C@@H](O)[C@H]2O)c(=O)n1, Nc1ncn([C@@H]2O[C@H](CO)[C@@H](O)[C@H]2O)c(=O)n1, Nc1ncn([C@@H]2O[C@H](CO)[C@@H](O)[C@H]2O)c(=O)n1, Nc1ncn([C@@H]2O[C@H](CO)[C@@H](O)[C@H]2O)c(=O)n1, Nc1ncn([C@@H]2O[C@H](CO)[C@@H](O)[C@H]2O)c(=O)n1, Nc1ncn([C@@H]2O[C@H](CO)[C@@H](O)[C@H]2O)c(=O)n1, Nc1ncn([C@@H]2O[C@H](CO)[C@@H](O)[C@H]2O)c(=O)n1, Nc1ncn([C@@H]2O[C@H](CO)[C@@H](O)[C@H]2O)c(=O)n1, Nc1ncn([C@@H]2O[C@H](CO)[C@@H](O)[C@H]2O)c(=O)n1, Nc1ncn([C@@H]2O[C@H](CO)[C@@H](O)[C@H]2O)c(=O)n1, Nc1ncn([C@@H]2O[C@H](CO)[C@@H](O)[C@H]2O)c(=O)n1","NMUSYJAQQFHJEW-KVTDHHQDSA-N, NMUSYJAQQFHJEW-KVTDHHQDSA-N, NMUSYJAQQFHJEW-KVTDHHQDSA-N, NMUSYJAQQFHJEW-KVTDHHQDSA-N, NMUSYJAQQFHJEW-KVTDHHQDSA-N, NMUSYJAQQFHJEW-KVTDHHQDSA-N, NMUSYJAQQFHJEW-KVTDHHQDSA-N, NMUSYJAQQFHJEW-KVTDHHQDSA-N, NMUSYJAQQFHJEW-KVTDHHQDSA-N, NMUSYJAQQFHJEW-KVTDHHQDSA-N, NMUSYJAQQFHJEW-KVTDHHQDSA-N",Launched
azacyclonol,histamine receptor antagonist,HRH1,,,"MedChemEx, Selleck, Selleck",93.2,"OC(C1CCNCC1)(c1ccccc1)c1ccccc1, OC(C1CCNCC1)(c1ccccc1)c1ccccc1, OC(C1CCNCC1)(c1ccccc1)c1ccccc1","ZMISODWVFHHWNR-UHFFFAOYSA-N, ZMISODWVFHHWNR-UHFFFAOYSA-N, ZMISODWVFHHWNR-UHFFFAOYSA-N",Preclinical
azaguanine-8,purine antagonist,PNP,,,"Selleck, Selleck",84.14,"Nc1nc2nn[nH]c2c(=O)[nH]1, Nc1nc2nn[nH]c2c(=O)[nH]1","LPXQRXLUHJKZIE-UHFFFAOYSA-N, LPXQRXLUHJKZIE-UHFFFAOYSA-N",Preclinical
azalomycin-B,bacterial 50S ribosomal subunit inhibitor,,,,Selleck,81.4,"CC[C@@H]1[C@@H](C)O[C@](O)(C[C@H]1O[C@H]1C[C@H](O)[C@H](O)[C@H](C)O1)[C@@H](C)[C@H](O)[C@H](C)[C@H]1OC(=O)\C=C\C=C\[C@H](C)[C@H](OC(=O)\C=C\C=C\[C@@H]1C)[C@@H](C)[C@@H](O)[C@H](C)[C@@]1(O)C[C@@H](O[C@H]2C[C@H](O)[C@H](O)[C@H](C)O2)[C@H](CC)[C@@H](C)O1 |t:32,34,42,44|",OSERMIPXNLXAPD-MJMYBOKFSA-N,Preclinical
azaperone,dopamine receptor antagonist,"DRD2, DRD3",neurology/psychiatry,sedative,"MedChemEx, MicroSource, Selleck, Selleck",98.29,"Fc1ccc(cc1)C(=O)CCCN1CCN(CC1)c1ccccn1, Fc1ccc(cc1)C(=O)CCCN1CCN(CC1)c1ccccn1, Fc1ccc(cc1)C(=O)CCCN1CCN(CC1)c1ccccn1, Fc1ccc(cc1)C(=O)CCCN1CCN(CC1)c1ccccn1","XTKDAFGWCDAMPY-UHFFFAOYSA-N, XTKDAFGWCDAMPY-UHFFFAOYSA-N, XTKDAFGWCDAMPY-UHFFFAOYSA-N, XTKDAFGWCDAMPY-UHFFFAOYSA-N",Launched
azapropazone,cyclooxygenase inhibitor,PTGS2,,,"Broad Institute, Prestwick",98.31,"CCC[C@H]1C(=O)N2N(C1=O)c1cc(C)ccc1N=C2N(C)C |r,c:19|, CCC[C@H]1C(=O)N2N(C1=O)c1cc(C)ccc1N=C2N(C)C |r,c:19|","MPHPHYZQRGLTBO-LLVKDONJSA-N, MPHPHYZQRGLTBO-LLVKDONJSA-N",Withdrawn
azaserine,purine antagonist,,,,MedChemEx,100,N[C@@H](COC(=O)C[N+]#N)C(O)=O,YXEASJLRXGZRHS-VKHMYHEASA-O,Preclinical
azasetron,serotonin receptor antagonist,"HTR3A, HTR3B",infectious disease,genitial herpes,"Tocris, Selleck",98.4,"CN1C(=O)COc2c1cc(Cl)cc2C(=O)N[C@H]1CN2CCC1CC2 |&1:16|, CN1C(=O)COc2c1cc(Cl)cc2C(=O)N[C@H]1CN2CCC1CC2 |&1:16|","WUKZPHOXUVCQOR-ZDUSSCGKSA-N, WUKZPHOXUVCQOR-ZDUSSCGKSA-N",Launched
azatadine,histamine receptor antagonist,HRH1,allergy,allergic rhinitis,"MicroSource, Selleck, MedChemEx",95.55,"CN1CCC(CC1)=C1c2ccccc2CCc2cccnc12, CN1CCC(CC1)=C1c2ccccc2CCc2cccnc12, CN1CCC(CC1)=C1c2ccccc2CCc2cccnc12","SEBMTIQKRHYNIT-UHFFFAOYSA-N, SEBMTIQKRHYNIT-UHFFFAOYSA-N, SEBMTIQKRHYNIT-UHFFFAOYSA-N",Launched
azathioprine,dehydrogenase inhibitor,"HPRT1, IMPDH1, PPAT","transplant, rheumatology","renal homotransplantation, rheumatoid arthritis","Tocris, MicroSource, Selleck, Selleck, Selleck, Selleck, Selleck",98.54,"Cn1cnc(c1Sc1ncnc2nc[nH]c12)[N+]([O-])=O, Cn1cnc(c1Sc1ncnc2nc[nH]c12)[N+]([O-])=O, Cn1cnc(c1Sc1ncnc2nc[nH]c12)[N+]([O-])=O, Cn1cnc(c1Sc1ncnc2nc[nH]c12)[N+]([O-])=O, Cn1cnc(c1Sc1ncnc2nc[nH]c12)[N+]([O-])=O, Cn1cnc(c1Sc1ncnc2nc[nH]c12)[N+]([O-])=O, Cn1cnc(c1Sc1ncnc2nc[nH]c12)[N+]([O-])=O","LMEKQMALGUDUQG-UHFFFAOYSA-N, LMEKQMALGUDUQG-UHFFFAOYSA-N, LMEKQMALGUDUQG-UHFFFAOYSA-N, LMEKQMALGUDUQG-UHFFFAOYSA-N, LMEKQMALGUDUQG-UHFFFAOYSA-N, LMEKQMALGUDUQG-UHFFFAOYSA-N, LMEKQMALGUDUQG-UHFFFAOYSA-N",Launched
AZD0156,ATM kinase inhibitor,,,,MedChemEx,91.98,CN(C)CCCOc1ccc(cn1)-c1ccc2ncc3n(C)c(=O)n(C4CCOCC4)c3c2c1,AOTRIQLYUAFVSC-UHFFFAOYSA-N,Phase 1
AZD1080,glycogen synthase kinase inhibitor,"GSK3A, GSK3B",,,"MedChemEx, MedChemEx, Selleck, Selleck, Selleck",71.86,"O=C1Nc2ccc(cc2C1c1ccc(CN2CCOCC2)cn1)C#N, O=C1Nc2ccc(cc2C1c1ccc(CN2CCOCC2)cn1)C#N, O=C1Nc2ccc(cc2C1c1ccc(CN2CCOCC2)cn1)C#N, O=C1Nc2ccc(cc2C1c1ccc(CN2CCOCC2)cn1)C#N, O=C1Nc2ccc(cc2C1c1ccc(CN2CCOCC2)cn1)C#N","RDXUCTYBYOIJGA-UHFFFAOYSA-N, RDXUCTYBYOIJGA-UHFFFAOYSA-N, RDXUCTYBYOIJGA-UHFFFAOYSA-N, RDXUCTYBYOIJGA-UHFFFAOYSA-N, RDXUCTYBYOIJGA-UHFFFAOYSA-N",Phase 1
AZD1208,Pim kinase inhibitor,"PIM1, PIM2, PIM3",,,"Tocris, MedChemEx, MedChemEx, MedChemEx, MedChemEx",96.23,"N[C@@H]1CCCN(C1)c1c(\C=C2/SC(=O)NC2=O)cccc1-c1ccccc1, N[C@@H]1CCCN(C1)c1c(\C=C2/SC(=O)NC2=O)cccc1-c1ccccc1, N[C@@H]1CCCN(C1)c1c(\C=C2/SC(=O)NC2=O)cccc1-c1ccccc1, N[C@@H]1CCCN(C1)c1c(\C=C2/SC(=O)NC2=O)cccc1-c1ccccc1, N[C@@H]1CCCN(C1)c1c(\C=C2/SC(=O)NC2=O)cccc1-c1ccccc1","MCUJKPPARUPFJM-UWCCDQBKSA-N, MCUJKPPARUPFJM-UWCCDQBKSA-N, MCUJKPPARUPFJM-UWCCDQBKSA-N, MCUJKPPARUPFJM-UWCCDQBKSA-N, MCUJKPPARUPFJM-UWCCDQBKSA-N",Phase 1
AZD1283,purinergic receptor antagonist,P2RY12,,,"Tocris, MedChemEx, MedChemEx",99.81,"CCOC(=O)c1cc(C#N)c(nc1C)N1CCC(CC1)C(=O)NS(=O)(=O)Cc1ccccc1, CCOC(=O)c1cc(C#N)c(nc1C)N1CCC(CC1)C(=O)NS(=O)(=O)Cc1ccccc1, CCOC(=O)c1cc(C#N)c(nc1C)N1CCC(CC1)C(=O)NS(=O)(=O)Cc1ccccc1","NEMHKCNXXRQYRF-UHFFFAOYSA-N, NEMHKCNXXRQYRF-UHFFFAOYSA-N, NEMHKCNXXRQYRF-UHFFFAOYSA-N",Preclinical
AZD1390,ATM kinase inhibitor,,,,"MedChemEx, MedChemEx",95.58,"CC(C)n1c2c(cnc3cc(F)c(cc23)-c2ccc(OCCCN3CCCCC3)nc2)n(C)c1=O, CC(C)n1c2c(cnc3cc(F)c(cc23)-c2ccc(OCCCN3CCCCC3)nc2)n(C)c1=O","VQSZIPCGAGVRRP-UHFFFAOYSA-N, VQSZIPCGAGVRRP-UHFFFAOYSA-N",Phase 1
AZD1446,acetylcholine receptor agonist,"CHRNA4, CHRNB2",,,Key,81.54,"Clc1ccc(o1)C(=O)N1C[C@H]2CNC[C@@H]2C1 |&1:10,&2:14,r|",GTUIQNHJSXQMKW-HTQZYQBOSA-N,Phase 2
AZD1480,JAK inhibitor,"JAK1, JAK2, JAK3",,,"Tocris, MedChemEx, MedChemEx",98.38,"C[C@H](Nc1ncc(Cl)c(Nc2cc(C)n[nH]2)n1)c1ncc(F)cn1, C[C@H](Nc1ncc(Cl)c(Nc2cc(C)n[nH]2)n1)c1ncc(F)cn1, C[C@H](Nc1ncc(Cl)c(Nc2cc(C)n[nH]2)n1)c1ncc(F)cn1","PDOQBOJDRPLBQU-QMMMGPOBSA-N, PDOQBOJDRPLBQU-QMMMGPOBSA-N, PDOQBOJDRPLBQU-QMMMGPOBSA-N",Phase 1
AZD1981,CRTH receptor antagonist,PTGDR2,,,"Selleck, Selleck, MedChemEx",96.49,"CC(=O)Nc1cccc2n(CC(O)=O)c(C)c(Sc3ccc(Cl)cc3)c12, CC(=O)Nc1cccc2n(CC(O)=O)c(C)c(Sc3ccc(Cl)cc3)c12, CC(=O)Nc1cccc2n(CC(O)=O)c(C)c(Sc3ccc(Cl)cc3)c12","JWYIGNODXSRKGP-UHFFFAOYSA-N, JWYIGNODXSRKGP-UHFFFAOYSA-N, JWYIGNODXSRKGP-UHFFFAOYSA-N",Phase 2
AZD2014,mTOR inhibitor,MTOR,,,"MedChemEx, Selleck, Selleck, Selleck",95.74,"CNC(=O)c1cccc(c1)-c1ccc2c(nc(nc2n1)N1CCOC[C@@H]1C)N1CCOC[C@@H]1C, CNC(=O)c1cccc(c1)-c1ccc2c(nc(nc2n1)N1CCOC[C@@H]1C)N1CCOC[C@@H]1C, CNC(=O)c1cccc(c1)-c1ccc2c(nc(nc2n1)N1CCOC[C@@H]1C)N1CCOC[C@@H]1C, CNC(=O)c1cccc(c1)-c1ccc2c(nc(nc2n1)N1CCOC[C@@H]1C)N1CCOC[C@@H]1C","JUSFANSTBFGBAF-IRXDYDNUSA-N, JUSFANSTBFGBAF-IRXDYDNUSA-N, JUSFANSTBFGBAF-IRXDYDNUSA-N, JUSFANSTBFGBAF-IRXDYDNUSA-N",Phase 2
AZD2461,PARP inhibitor,,,,"Tocris, Selleck, Selleck, Selleck",98.71,"COC1CCN(CC1)C(=O)c1cc(Cc2n[nH]c(=O)c3ccccc23)ccc1F, COC1CCN(CC1)C(=O)c1cc(Cc2n[nH]c(=O)c3ccccc23)ccc1F, COC1CCN(CC1)C(=O)c1cc(Cc2n[nH]c(=O)c3ccccc23)ccc1F, COC1CCN(CC1)C(=O)c1cc(Cc2n[nH]c(=O)c3ccccc23)ccc1F","HYNBNUYQTQIHJK-UHFFFAOYSA-N, HYNBNUYQTQIHJK-UHFFFAOYSA-N, HYNBNUYQTQIHJK-UHFFFAOYSA-N, HYNBNUYQTQIHJK-UHFFFAOYSA-N",Phase 1
AZD2858,glycogen synthase kinase inhibitor,GSK3B,,,"MedChemEx, MedChemEx, Selleck, Selleck, Selleck",94.49,"CN1CCN(CC1)S(=O)(=O)c1ccc(cc1)-c1cnc(N)c(n1)C(=O)Nc1cccnc1, CN1CCN(CC1)S(=O)(=O)c1ccc(cc1)-c1cnc(N)c(n1)C(=O)Nc1cccnc1, CN1CCN(CC1)S(=O)(=O)c1ccc(cc1)-c1cnc(N)c(n1)C(=O)Nc1cccnc1, CN1CCN(CC1)S(=O)(=O)c1ccc(cc1)-c1cnc(N)c(n1)C(=O)Nc1cccnc1, CN1CCN(CC1)S(=O)(=O)c1ccc(cc1)-c1cnc(N)c(n1)C(=O)Nc1cccnc1","FHCSBLWRGCOVPT-UHFFFAOYSA-N, FHCSBLWRGCOVPT-UHFFFAOYSA-N, FHCSBLWRGCOVPT-UHFFFAOYSA-N, FHCSBLWRGCOVPT-UHFFFAOYSA-N, FHCSBLWRGCOVPT-UHFFFAOYSA-N",Preclinical
AZD3264,IKK inhibitor,IKBKB,,,"MedChemEx, MedChemEx",90.75,"Cc1noc(C)c1-c1ccc(-c2cc(C(N)=O)c(NC(N)=O)s2)c(O[C@H]2CCNC2)c1, Cc1noc(C)c1-c1ccc(-c2cc(C(N)=O)c(NC(N)=O)s2)c(O[C@H]2CCNC2)c1","NMFIXEFNQPDISY-ZDUSSCGKSA-N, NMFIXEFNQPDISY-ZDUSSCGKSA-N",Preclinical
AZD3463,"ALK tyrosine kinase receptor inhibitor, insulin growth factor receptor inhibitor","ALK, IGF1R",,,"Selleck, Selleck, MedChemEx, MedChemEx, Selleck, Selleck, Selleck, Selleck, Selleck",94.66,"COc1cc(ccc1Nc1ncc(Cl)c(n1)-c1c[nH]c2ccccc12)N1CCC(N)CC1, COc1cc(ccc1Nc1ncc(Cl)c(n1)-c1c[nH]c2ccccc12)N1CCC(N)CC1, COc1cc(ccc1Nc1ncc(Cl)c(n1)-c1c[nH]c2ccccc12)N1CCC(N)CC1, COc1cc(ccc1Nc1ncc(Cl)c(n1)-c1c[nH]c2ccccc12)N1CCC(N)CC1, COc1cc(ccc1Nc1ncc(Cl)c(n1)-c1c[nH]c2ccccc12)N1CCC(N)CC1, COc1cc(ccc1Nc1ncc(Cl)c(n1)-c1c[nH]c2ccccc12)N1CCC(N)CC1, COc1cc(ccc1Nc1ncc(Cl)c(n1)-c1c[nH]c2ccccc12)N1CCC(N)CC1, COc1cc(ccc1Nc1ncc(Cl)c(n1)-c1c[nH]c2ccccc12)N1CCC(N)CC1, COc1cc(ccc1Nc1ncc(Cl)c(n1)-c1c[nH]c2ccccc12)N1CCC(N)CC1","GCYIGMXOIWJGBU-UHFFFAOYSA-N, GCYIGMXOIWJGBU-UHFFFAOYSA-N, GCYIGMXOIWJGBU-UHFFFAOYSA-N, GCYIGMXOIWJGBU-UHFFFAOYSA-N, GCYIGMXOIWJGBU-UHFFFAOYSA-N, GCYIGMXOIWJGBU-UHFFFAOYSA-N, GCYIGMXOIWJGBU-UHFFFAOYSA-N, GCYIGMXOIWJGBU-UHFFFAOYSA-N, GCYIGMXOIWJGBU-UHFFFAOYSA-N",Preclinical
AZD3514,androgen receptor modulator,AR,,,"Selleck, Selleck, Selleck, Selleck, Selleck, Selleck, MedChemEx, MedChemEx",97.21,"CC(=O)N1CCN(CCOc2ccc(cc2)C2CCN(CC2)C2=Nn3c(CC2)nnc3C(F)(F)F)CC1 |t:24|, CC(=O)N1CCN(CCOc2ccc(cc2)C2CCN(CC2)C2=Nn3c(CC2)nnc3C(F)(F)F)CC1 |t:24|, CC(=O)N1CCN(CCOc2ccc(cc2)C2CCN(CC2)C2=Nn3c(CC2)nnc3C(F)(F)F)CC1 |t:24|, CC(=O)N1CCN(CCOc2ccc(cc2)C2CCN(CC2)C2=Nn3c(CC2)nnc3C(F)(F)F)CC1 |t:24|, CC(=O)N1CCN(CCOc2ccc(cc2)C2CCN(CC2)C2=Nn3c(CC2)nnc3C(F)(F)F)CC1 |t:24|, CC(=O)N1CCN(CCOc2ccc(cc2)C2CCN(CC2)C2=Nn3c(CC2)nnc3C(F)(F)F)CC1 |t:24|, CC(=O)N1CCN(CCOc2ccc(cc2)C2CCN(CC2)C2=Nn3c(CC2)nnc3C(F)(F)F)CC1 |t:24|, CC(=O)N1CCN(CCOc2ccc(cc2)C2CCN(CC2)C2=Nn3c(CC2)nnc3C(F)(F)F)CC1 |t:24|","JMEYDSHPKCSIJC-UHFFFAOYSA-N, JMEYDSHPKCSIJC-UHFFFAOYSA-N, JMEYDSHPKCSIJC-UHFFFAOYSA-N, JMEYDSHPKCSIJC-UHFFFAOYSA-N, JMEYDSHPKCSIJC-UHFFFAOYSA-N, JMEYDSHPKCSIJC-UHFFFAOYSA-N, JMEYDSHPKCSIJC-UHFFFAOYSA-N, JMEYDSHPKCSIJC-UHFFFAOYSA-N",Phase 1
AZD3759,EGFR inhibitor,EGFR,,,MedChemEx,98.14,COc1cc2ncnc(Nc3cccc(Cl)c3F)c2cc1OC(=O)N1CCN(C)C[C@H]1C,MXDSJQHFFDGFDK-CYBMUJFWSA-N,Phase 2/Phase 3
AZD3839,beta-secretase inhibitor,BACE1,,,"MedChemEx, Selleck",98.3,"NC1=N[C@@](c2cccc(F)c12)(c1cccc(c1)-c1cncnc1)c1ccnc(c1)C(F)F |t:1|, NC1=N[C@@](c2cccc(F)c12)(c1cccc(c1)-c1cncnc1)c1ccnc(c1)C(F)F |t:1|","MRXBCEQZNKUUIP-DEOSSOPVSA-N, MRXBCEQZNKUUIP-DEOSSOPVSA-N",Phase 1
AZD3965,monocarboxylate transporter inhibitor,SLC16A1,,,MedChemEx,97.59,CC(C)n1c2sc(Cc3c(C)[nH]nc3C(F)(F)F)c(C(=O)N3C[C@](C)(O)CO3)c2c(=O)n(C)c1=O,PRNXOFBDXNTIFG-FQEVSTJZSA-N,Phase 1
AZD3988,diacylglycerol kinase inhibitor,DGAT1,,,"Tocris, Tocris",97.67,"OC(=O)C[C@H]1CC[C@@H](CC1)c1ccc(NC(=O)c2nnc(Nc3ccc(F)c(F)c3)o2)cc1 |r|, OC(=O)C[C@H]1CC[C@@H](CC1)c1ccc(NC(=O)c2nnc(Nc3ccc(F)c(F)c3)o2)cc1 |r|","NGEBYTLALFOQKI-HDJSIYSDSA-N, NGEBYTLALFOQKI-HDJSIYSDSA-N",Preclinical
AZD4282,glutamate receptor antagonist,"AGXT, AGXT2, ALAS1, ALAS2, BAAT, GARS, GATM, GCAT, GCSH, GLDC, GLRA1, GLRA2, GLRA3, GLRB, GLYAT, GLYATL1, GLYATL2, GNMT, GPR18, GPRC6A, GRIN1, GRIN2A, GRIN2B, GRIN2C, GRIN2D, GRIN3B, GSS, PIPOX, SHMT1, SHMT2, SLC32A1, SLC36A1, SLC6A5, SLC6A9",,,Enzo,0,NCC(O)=O,DHMQDGOQFOQNFH-UHFFFAOYSA-N,Phase 1
AZD4547,FGFR inhibitor,"FGFR1, FGFR2, FGFR3, FGFR4, IGF1R, KDR",,,"Selleck, Selleck",94.33,"COc1cc(CCc2cc(NC(=O)c3ccc(cc3)N3C[C@H](C)N[C@H](C)C3)[nH]n2)cc(OC)c1, COc1cc(CCc2cc(NC(=O)c3ccc(cc3)N3C[C@H](C)N[C@H](C)C3)[nH]n2)cc(OC)c1","VRQMAABPASPXMW-HDICACEKSA-N, InChI=1S/C26H33N5O3/c1-17-15-31(16-18(2)27-17)22-9-6-20(7-10-22)26(32)28-25-13-21(29-30-25)8-5-19-11-23(33-3)14-24(12-19)34-4/h6-7,9-14,17-18,27H,5,8,15-16H2,1-4H3,(H2,28,29,30,32)/t17-,18+",Phase 2/Phase 3
AZD4573,CDK9 inhibitor,,,,MedChemEx,95.42,CC(=O)N[C@@H]1CCC[C@@H](C1)C(=O)Nc1cc(-c2cnn3CC(C)(C)Cc23)c(Cl)cn1,AVIWDYSJSPOOAR-LSDHHAIUSA-N,Phase 1
AZD4635,adenosine receptor antagonist,,,,MedChemEx,96.52,Cc1cc(cc(Cl)n1)-c1nnc(N)nc1-c1ccc(F)cc1,NCWQLHHDGDXIJN-UHFFFAOYSA-N,Phase 1/Phase 2
AZD5069,CC chemokine receptor antagonist,CXCR2,,,MedChemEx,97.69,C[C@@H](Oc1cc(NS(=O)(=O)N2CCC2)nc(SCc2cccc(F)c2F)n1)[C@@H](O)CO,QZECRCLSIGFCIO-RISCZKNCSA-N,Phase 2
AZD5153,bromodomain inhibitor,,,,MedChemEx,92.79,[H][C@]1(C)N(CCOc2ccc(cc2)C2CCN(CC2)c2ccc3nnc(OC)n3n2)CCN(C)C1=O |r|,RSMYFSPOTCDHHJ-GOSISDBHSA-N,Phase 1
AZD5363,AKT inhibitor,"AKT1, AKT2, AKT3",,,"Selleck, Selleck, MedChemEx",97.69,"NC1(CCN(CC1)c1ncnc2[nH]ccc12)C(=O)N[C@@H](CCO)c1ccc(Cl)cc1, NC1(CCN(CC1)c1ncnc2[nH]ccc12)C(=O)N[C@@H](CCO)c1ccc(Cl)cc1, NC1(CCN(CC1)c1ncnc2[nH]ccc12)C(=O)N[C@@H](CCO)c1ccc(Cl)cc1","JDUBGYFRJFOXQC-KRWDZBQOSA-N, JDUBGYFRJFOXQC-KRWDZBQOSA-N, JDUBGYFRJFOXQC-KRWDZBQOSA-N",Phase 3
AZD5438,CDK inhibitor,KCNH2,,,"Selleck, Tocris, Tocris, Selleck, Selleck, Selleck, Selleck, Selleck, Selleck",97.1,"CC(C)n1c(C)ncc1-c1ccnc(Nc2ccc(cc2)S(C)(=O)=O)n1, CC(C)n1c(C)ncc1-c1ccnc(Nc2ccc(cc2)S(C)(=O)=O)n1, CC(C)n1c(C)ncc1-c1ccnc(Nc2ccc(cc2)S(C)(=O)=O)n1, CC(C)n1c(C)ncc1-c1ccnc(Nc2ccc(cc2)S(C)(=O)=O)n1, CC(C)n1c(C)ncc1-c1ccnc(Nc2ccc(cc2)S(C)(=O)=O)n1, CC(C)n1c(C)ncc1-c1ccnc(Nc2ccc(cc2)S(C)(=O)=O)n1, CC(C)n1c(C)ncc1-c1ccnc(Nc2ccc(cc2)S(C)(=O)=O)n1, CC(C)n1c(C)ncc1-c1ccnc(Nc2ccc(cc2)S(C)(=O)=O)n1, CC(C)n1c(C)ncc1-c1ccnc(Nc2ccc(cc2)S(C)(=O)=O)n1","WJRRGYBTGDJBFX-UHFFFAOYSA-N, WJRRGYBTGDJBFX-UHFFFAOYSA-N, WJRRGYBTGDJBFX-UHFFFAOYSA-N, WJRRGYBTGDJBFX-UHFFFAOYSA-N, WJRRGYBTGDJBFX-UHFFFAOYSA-N, WJRRGYBTGDJBFX-UHFFFAOYSA-N, WJRRGYBTGDJBFX-UHFFFAOYSA-N, InChI=1S/C18H21N5O2S/c1-12(2)23-13(3)20-11-17(23)16-9-10-19-18(22-16)21-14-5-7-15(8-6-14)26(4,24)25/h5-12H,1-4H3,(H,19,21,22), InChI=1S/C18H21N5O2S/c1-12(2)23-13(3)20-11-17(23)16-9-10-19-18(22-16)21-14-5-7-15(8-6-14)26(4,24)25/h5-12H,1-4H3,(H,19,21,22)",Phase 1
AZD5582,XIAP inhibitor,"BIRC2, BIRC3, XIAP",,,"MedChemEx, MedChemEx, MedChemEx, MedChemEx",93.19,"CN[C@@H](C)C(=O)N[C@@H](C1CCCCC1)C(=O)N1CCC[C@H]1C(=O)N[C@@H]1[C@@H](Cc2ccccc12)OCC#CC#CCO[C@@H]1Cc2ccccc2[C@@H]1NC(=O)[C@@H]1CCCN1C(=O)[C@@H](NC(=O)[C@H](C)NC)C1CCCCC1, CN[C@@H](C)C(=O)N[C@@H](C1CCCCC1)C(=O)N1CCC[C@H]1C(=O)N[C@@H]1[C@@H](Cc2ccccc12)OCC#CC#CCO[C@@H]1Cc2ccccc2[C@@H]1NC(=O)[C@@H]1CCCN1C(=O)[C@@H](NC(=O)[C@H](C)NC)C1CCCCC1, CN[C@@H](C)C(=O)N[C@@H](C1CCCCC1)C(=O)N1CCC[C@H]1C(=O)N[C@@H]1[C@@H](Cc2ccccc12)OCC#CC#CCO[C@@H]1Cc2ccccc2[C@@H]1NC(=O)[C@@H]1CCCN1C(=O)[C@@H](NC(=O)[C@H](C)NC)C1CCCCC1, CN[C@@H](C)C(=O)N[C@@H](C1CCCCC1)C(=O)N1CCC[C@H]1C(=O)N[C@@H]1[C@@H](Cc2ccccc12)OCC#CC#CCO[C@@H]1Cc2ccccc2[C@@H]1NC(=O)[C@@H]1CCCN1C(=O)[C@@H](NC(=O)[C@H](C)NC)C1CCCCC1","WLMCRYCCYXHPQF-ZVMUOSSASA-N, WLMCRYCCYXHPQF-ZVMUOSSASA-N, WLMCRYCCYXHPQF-ZVMUOSSASA-N, WLMCRYCCYXHPQF-ZVMUOSSASA-N",Preclinical
AZD5991,MCL1 inhibitor,,,,MedChemEx,97.34,Cc1c-2c(CSCc3cc(CSc4cc(OCCCc5c(C(O)=O)n(C)c6c-2c(Cl)ccc56)c2ccccc2c4)n(C)n3)nn1C,KBQCEQAXHPIRTF-UHFFFAOYSA-N,Phase 1
AZD6482,PI3K inhibitor,"PIK3CA, PIK3CB, PIK3CD, PIK3CG",,,"Tocris, Tocris, Tocris, Tocris, Selleck, Selleck, Selleck",99.6,"C[C@@H](Nc1ccccc1C(O)=O)c1cc(C)cn2c1nc(cc2=O)N1CCOCC1, C[C@@H](Nc1ccccc1C(O)=O)c1cc(C)cn2c1nc(cc2=O)N1CCOCC1, C[C@@H](Nc1ccccc1C(O)=O)c1cc(C)cn2c1nc(cc2=O)N1CCOCC1, C[C@@H](Nc1ccccc1C(O)=O)c1cc(C)cn2c1nc(cc2=O)N1CCOCC1, C[C@@H](Nc1ccccc1C(O)=O)c1cc(C)cn2c1nc(cc2=O)N1CCOCC1, C[C@@H](Nc1ccccc1C(O)=O)c1cc(C)cn2c1nc(cc2=O)N1CCOCC1, C[C@@H](Nc1ccccc1C(O)=O)c1cc(C)cn2c1nc(cc2=O)N1CCOCC1","IRTDIKMSKMREGO-OAHLLOKOSA-N, IRTDIKMSKMREGO-OAHLLOKOSA-N, IRTDIKMSKMREGO-OAHLLOKOSA-N, IRTDIKMSKMREGO-OAHLLOKOSA-N, IRTDIKMSKMREGO-OAHLLOKOSA-N, IRTDIKMSKMREGO-OAHLLOKOSA-N, IRTDIKMSKMREGO-OAHLLOKOSA-N",Phase 1
AZD6738,ATR kinase inhibitor,ATR,,,Selleck,97.61,"C[C@@H]1COCCN1c1cc(nc(n1)-c1ccnc2[nH]ccc12)C1(CC1)[S@@](C)(=N)=O |a:1,&1:25|",OHUHVTCQTUDPIJ-MUWSIPGASA-N,Phase 2
AZD6765,glutamate receptor antagonist,GRIN1,,,"Enamine, Enamine",84.3,"N[C@@H](Cc1ccccn1)c1ccccc1 |&1:1,r|, N[C@@H](Cc1ccccn1)c1ccccc1 |&1:1,r|","FWUQWDCOOWEXRY-ZDUSSCGKSA-N, FWUQWDCOOWEXRY-ZDUSSCGKSA-N",Phase 2
AZD7545,pyruvate dehydrogenase kinase inhibitor,PDK1,,,MedChemEx,96.52,CN(C)C(=O)c1ccc(cc1)S(=O)(=O)c1ccc(NC(=O)[C@@](C)(O)C(F)(F)F)c(Cl)c1,DTDZLJHKVNTQGZ-GOSISDBHSA-N,Phase 1
AZD7594,glucocorticoid receptor modulator,,,,MedChemEx,86.17,C[C@H](NC(=O)C(C)(F)F)[C@H](Oc1ccc2n(ncc2c1)-c1cccc(c1)C(=O)N[C@@H]1CCOC1)c1ccc2OCCOc2c1,ZZWJKLGCDHYVMB-BWGXUDETSA-N,Phase 2
AZD7687,diacylglycerol O acyltransferase inhibitor,DGAT1,,,"MedChemEx, MedChemEx",99.55,"Cc1nc(C)c(nc1C(N)=O)-c1ccc(cc1)[C@H]1CC[C@H](CC(O)=O)CC1 |r|, Cc1nc(C)c(nc1C(N)=O)-c1ccc(cc1)[C@H]1CC[C@H](CC(O)=O)CC1 |r|","YXFNPRHZMOGREC-SHTZXODSSA-N, YXFNPRHZMOGREC-SHTZXODSSA-N",Phase 1
AZD7762,CHK inhibitor,"CHEK1, CHEK2",,,"Tocris, Selleck, Selleck, Selleck, Tocris, Tocris, Tocris, Selleck, Selleck",94.21,"NC(=O)Nc1cc(sc1C(=O)N[C@H]1CCCNC1)-c1cccc(F)c1, NC(=O)Nc1cc(sc1C(=O)N[C@H]1CCCNC1)-c1cccc(F)c1, NC(=O)Nc1cc(sc1C(=O)N[C@H]1CCCNC1)-c1cccc(F)c1, NC(=O)Nc1cc(sc1C(=O)N[C@H]1CCCNC1)-c1cccc(F)c1, NC(=O)Nc1cc(sc1C(=O)N[C@H]1CCCNC1)-c1cccc(F)c1, NC(=O)Nc1cc(sc1C(=O)N[C@H]1CCCNC1)-c1cccc(F)c1, NC(=O)Nc1cc(sc1C(=O)N[C@H]1CCCNC1)-c1cccc(F)c1, NC(=O)Nc1cc(sc1C(=O)N[C@H]1CCCNC1)-c1cccc(F)c1, NC(=O)Nc1cc(sc1C(=O)N[C@H]1CCCNC1)-c1cccc(F)c1","IAYGCINLNONXHY-LBPRGKRZSA-N, IAYGCINLNONXHY-LBPRGKRZSA-N, IAYGCINLNONXHY-LBPRGKRZSA-N, IAYGCINLNONXHY-LBPRGKRZSA-N, IAYGCINLNONXHY-LBPRGKRZSA-N, IAYGCINLNONXHY-LBPRGKRZSA-N, IAYGCINLNONXHY-LBPRGKRZSA-N, IAYGCINLNONXHY-LBPRGKRZSA-N, IAYGCINLNONXHY-LBPRGKRZSA-N",Phase 1
AZD7986,dipeptidyl peptidase inhibitor,,,,MedChemEx,95.46,Cn1c2cc(ccc2oc1=O)-c1ccc(C[C@H](NC(=O)[C@@H]2CNCCCO2)C#N)cc1,AEXFXNFMSAAELR-RXVVDRJESA-N,Phase 1
AZD8055,mTOR inhibitor,MTOR,,,"Selleck, Selleck, Selleck, Selleck, Selleck, Selleck, Selleck, Focus",98.72,"COc1ccc(cc1CO)-c1ccc2c(nc(nc2n1)N1CCOC[C@@H]1C)N1CCOC[C@@H]1C, COc1ccc(cc1CO)-c1ccc2c(nc(nc2n1)N1CCOC[C@@H]1C)N1CCOC[C@@H]1C, COc1ccc(cc1CO)-c1ccc2c(nc(nc2n1)N1CCOC[C@@H]1C)N1CCOC[C@@H]1C, COc1ccc(cc1CO)-c1ccc2c(nc(nc2n1)N1CCOC[C@@H]1C)N1CCOC[C@@H]1C, COc1ccc(cc1CO)-c1ccc2c(nc(nc2n1)N1CCOC[C@@H]1C)N1CCOC[C@@H]1C, COc1ccc(cc1CO)-c1ccc2c(nc(nc2n1)N1CCOC[C@@H]1C)N1CCOC[C@@H]1C, COc1ccc(cc1CO)-c1ccc2c(nc(nc2n1)N1CCOC[C@@H]1C)N1CCOC[C@@H]1C, COc1ccc(cc1CO)-c1ccc2c(nc(nc2n1)N1CCOC[C@@H]1C)N1CCOC[C@@H]1C","KVLFRAWTRWDEDF-IRXDYDNUSA-N, KVLFRAWTRWDEDF-IRXDYDNUSA-N, KVLFRAWTRWDEDF-IRXDYDNUSA-N, KVLFRAWTRWDEDF-IRXDYDNUSA-N, KVLFRAWTRWDEDF-IRXDYDNUSA-N, KVLFRAWTRWDEDF-IRXDYDNUSA-N, KVLFRAWTRWDEDF-IRXDYDNUSA-N, KVLFRAWTRWDEDF-IRXDYDNUSA-N",Phase 1
AZD8186,PI3K inhibitor,"PIK3CB, PIK3CD",,,"Adooq, Adooq, Adooq, Selleck",99.82,"C[C@@H](Nc1cc(F)cc(F)c1)c1cc(cc2c1oc(cc2=O)N1CCOCC1)C(=O)N(C)C, C[C@@H](Nc1cc(F)cc(F)c1)c1cc(cc2c1oc(cc2=O)N1CCOCC1)C(=O)N(C)C, C[C@@H](Nc1cc(F)cc(F)c1)c1cc(cc2c1oc(cc2=O)N1CCOCC1)C(=O)N(C)C, C[C@@H](Nc1cc(F)cc(F)c1)c1cc(cc2c1oc(cc2=O)N1CCOCC1)C(=O)N(C)C","LMJFJIDLEAWOQJ-CQSZACIVSA-N, LMJFJIDLEAWOQJ-CQSZACIVSA-N, LMJFJIDLEAWOQJ-CQSZACIVSA-N, LMJFJIDLEAWOQJ-CQSZACIVSA-N",Phase 1
AZD8330,MEK inhibitor,MAP3K1,,,"Selleck, Selleck, Selleck, Selleck, Selleck",97.4,"Cc1cc(C(=O)NOCCO)c(Nc2ccc(I)cc2F)n(C)c1=O, Cc1cc(C(=O)NOCCO)c(Nc2ccc(I)cc2F)n(C)c1=O, Cc1cc(C(=O)NOCCO)c(Nc2ccc(I)cc2F)n(C)c1=O, Cc1cc(C(=O)NOCCO)c(Nc2ccc(I)cc2F)n(C)c1=O, Cc1cc(C(=O)NOCCO)c(Nc2ccc(I)cc2F)n(C)c1=O","RWEVIPRMPFNTLO-UHFFFAOYSA-N, RWEVIPRMPFNTLO-UHFFFAOYSA-N, RWEVIPRMPFNTLO-UHFFFAOYSA-N, RWEVIPRMPFNTLO-UHFFFAOYSA-N, RWEVIPRMPFNTLO-UHFFFAOYSA-N",Phase 1
AZD8797,CC chemokine receptor antagonist,,,,MedChemEx,94.44,CC(C)C[C@H](CO)Nc1nc(S[C@@H](C)c2ccccc2)nc2nc(N)sc12,ZMQSLMZOWVGBSM-GXTWGEPZSA-N,Preclinical
AZD8835,PI3K inhibitor,"PIK3CA, PIK3CD",,,"MedChemEx, MedChemEx, MedChemEx",97.11,"CCn1nc(nc1-c1cnc(N)c(n1)-c1nnc(o1)C(C)(C)C)C1CCN(CC1)C(=O)CCO, CCn1nc(nc1-c1cnc(N)c(n1)-c1nnc(o1)C(C)(C)C)C1CCN(CC1)C(=O)CCO, CCn1nc(nc1-c1cnc(N)c(n1)-c1nnc(o1)C(C)(C)C)C1CCN(CC1)C(=O)CCO","ZGRDYKFVDCFJCZ-UHFFFAOYSA-N, ZGRDYKFVDCFJCZ-UHFFFAOYSA-N, ZGRDYKFVDCFJCZ-UHFFFAOYSA-N",Phase 1
AZD8931,EGFR inhibitor,"EGFR, ERBB2, ERBB3",,,"MedChemEx, MedChemEx, Selleck, Selleck, Selleck",99.3,"CNC(=O)CN1CCC(CC1)Oc1cc2c(Nc3cccc(Cl)c3F)ncnc2cc1OC, CNC(=O)CN1CCC(CC1)Oc1cc2c(Nc3cccc(Cl)c3F)ncnc2cc1OC, CNC(=O)CN1CCC(CC1)Oc1cc2c(Nc3cccc(Cl)c3F)ncnc2cc1OC, CNC(=O)CN1CCC(CC1)Oc1cc2c(Nc3cccc(Cl)c3F)ncnc2cc1OC, CNC(=O)CN1CCC(CC1)Oc1cc2c(Nc3cccc(Cl)c3F)ncnc2cc1OC","DFJSJLGUIXFDJP-UHFFFAOYSA-N, DFJSJLGUIXFDJP-UHFFFAOYSA-N, DFJSJLGUIXFDJP-UHFFFAOYSA-N, DFJSJLGUIXFDJP-UHFFFAOYSA-N, DFJSJLGUIXFDJP-UHFFFAOYSA-N",Phase 2
AZD9056,purinergic receptor antagonist,,,,MedChemEx,95.95,OCCCNCCCc1ccc(Cl)c(c1)C(=O)NCC12CC3CC(CC(C3)C1)C2,HSQAARMBHJCUOK-UHFFFAOYSA-N,Phase 2
AZD9272,glutamate receptor antagonist,GRM5,,,"Tocris, Tocris, Tocris",97.51,"Fc1ccc(nc1)-c1noc(n1)-c1cc(F)cc(c1)C#N, Fc1ccc(nc1)-c1noc(n1)-c1cc(F)cc(c1)C#N, Fc1ccc(nc1)-c1noc(n1)-c1cc(F)cc(c1)C#N","RBSPCALDSNXWEP-UHFFFAOYSA-N, RBSPCALDSNXWEP-UHFFFAOYSA-N, RBSPCALDSNXWEP-UHFFFAOYSA-N",Preclinical
AZD9496,estrogen receptor agonist,ESR1,,,"MedChemEx, MedChemEx, MedChemEx",97.14,"C[C@@H]1Cc2c([nH]c3ccccc23)[C@H](N1CC(C)(C)F)c1c(F)cc(\C=C\C(O)=O)cc1F, C[C@@H]1Cc2c([nH]c3ccccc23)[C@H](N1CC(C)(C)F)c1c(F)cc(\C=C\C(O)=O)cc1F, C[C@@H]1Cc2c([nH]c3ccccc23)[C@H](N1CC(C)(C)F)c1c(F)cc(\C=C\C(O)=O)cc1F","DFBDRVGWBHBJNR-BBNFHIFMSA-N, DFBDRVGWBHBJNR-BBNFHIFMSA-N, DFBDRVGWBHBJNR-BBNFHIFMSA-N",Phase 1
AZD9668,elastase inhibitor,ELANE,,,"MedChemEx, MedChemEx, MedChemEx",98.48,"Cc1c(cc(C(=O)NCc2ccc(cn2)S(C)(=O)=O)c(=O)n1-c1cccc(c1)C(F)(F)F)-c1ccnn1C, Cc1c(cc(C(=O)NCc2ccc(cn2)S(C)(=O)=O)c(=O)n1-c1cccc(c1)C(F)(F)F)-c1ccnn1C, Cc1c(cc(C(=O)NCc2ccc(cn2)S(C)(=O)=O)c(=O)n1-c1cccc(c1)C(F)(F)F)-c1ccnn1C","QNQZWEGMKJBHEM-UHFFFAOYSA-N, QNQZWEGMKJBHEM-UHFFFAOYSA-N, QNQZWEGMKJBHEM-UHFFFAOYSA-N",Phase 2
azelaic-acid,tyrosinase inhibitor,"AKR1D1, SRD5A2, TYR",dermatology,rosacea,"MicroSource, MicroSource",97.8,"OC(=O)CCCCCCCC(O)=O, OC(=O)CCCCCCCC(O)=O","BDJRBEYXGGNYIS-UHFFFAOYSA-N, BDJRBEYXGGNYIS-UHFFFAOYSA-N",Launched
azelastine,histamine receptor antagonist,HRH1,ophthalmology,conjunctivitis,"MicroSource, Selleck, MedChemEx, MedChemEx",98,"CN1CCC[C@@H](CC1)n1nc(Cc2ccc(Cl)cc2)c2ccccc2c1=O |&1:5|, CN1CCC[C@@H](CC1)n1nc(Cc2ccc(Cl)cc2)c2ccccc2c1=O |&1:5|, CN1CCC[C@@H](CC1)n1nc(Cc2ccc(Cl)cc2)c2ccccc2c1=O |&1:5|, CN1CCC[C@@H](CC1)n1nc(Cc2ccc(Cl)cc2)c2ccccc2c1=O |&1:5|","MBUVEWMHONZEQD-SFHVURJKSA-N, MBUVEWMHONZEQD-SFHVURJKSA-N, MBUVEWMHONZEQD-SFHVURJKSA-N, MBUVEWMHONZEQD-SFHVURJKSA-N",Launched
azeliragon,RAGE receptor antagonist,AGER,,,"MedChemEx, MedChemEx, MedChemEx, MedChemEx, MedChemEx",90.27,"CCCCc1nc(cn1-c1ccc(Oc2ccc(Cl)cc2)cc1)-c1ccc(OCCCN(CC)CC)cc1, CCCCc1nc(cn1-c1ccc(Oc2ccc(Cl)cc2)cc1)-c1ccc(OCCCN(CC)CC)cc1, CCCCc1nc(cn1-c1ccc(Oc2ccc(Cl)cc2)cc1)-c1ccc(OCCCN(CC)CC)cc1, CCCCc1nc(cn1-c1ccc(Oc2ccc(Cl)cc2)cc1)-c1ccc(OCCCN(CC)CC)cc1, CCCCc1nc(cn1-c1ccc(Oc2ccc(Cl)cc2)cc1)-c1ccc(OCCCN(CC)CC)cc1","KJNNWYBAOPXVJY-UHFFFAOYSA-N, KJNNWYBAOPXVJY-UHFFFAOYSA-N, KJNNWYBAOPXVJY-UHFFFAOYSA-N, KJNNWYBAOPXVJY-UHFFFAOYSA-N, KJNNWYBAOPXVJY-UHFFFAOYSA-N",Phase 3
azelnidipine,calcium channel blocker,CACNA1C,cardiology,hypertension,"MedChemEx, MedChemEx, MedChemEx, MedChemEx, MedChemEx, Selleck, Selleck",97.13,"CC(C)OC(=O)C1=C(C)NC(N)=C([C@@H]1c1cccc(c1)[N+]([O-])=O)C(=O)OC1CN(C1)C(c1ccccc1)c1ccccc1 |r,c:6,11|, CC(C)OC(=O)C1=C(C)NC(N)=C([C@@H]1c1cccc(c1)[N+]([O-])=O)C(=O)OC1CN(C1)C(c1ccccc1)c1ccccc1 |r,c:6,11|, CC(C)OC(=O)C1=C(C)NC(N)=C([C@@H]1c1cccc(c1)[N+]([O-])=O)C(=O)OC1CN(C1)C(c1ccccc1)c1ccccc1 |r,c:6,11|, CC(C)OC(=O)C1=C(C)NC(N)=C([C@@H]1c1cccc(c1)[N+]([O-])=O)C(=O)OC1CN(C1)C(c1ccccc1)c1ccccc1 |r,c:6,11|, CC(C)OC(=O)C1=C(C)NC(N)=C([C@@H]1c1cccc(c1)[N+]([O-])=O)C(=O)OC1CN(C1)C(c1ccccc1)c1ccccc1 |r,c:6,11|, CC(C)OC(=O)C1=C(C)NC(N)=C([C@@H]1c1cccc(c1)[N+]([O-])=O)C(=O)OC1CN(C1)C(c1ccccc1)c1ccccc1 |r,c:6,11|, CC(C)OC(=O)C1=C(C)NC(N)=C([C@@H]1c1cccc(c1)[N+]([O-])=O)C(=O)OC1CN(C1)C(c1ccccc1)c1ccccc1 |r,c:6,11|","ZKFQEACEUNWPMT-MUUNZHRXSA-N, ZKFQEACEUNWPMT-MUUNZHRXSA-N, ZKFQEACEUNWPMT-MUUNZHRXSA-N, ZKFQEACEUNWPMT-MUUNZHRXSA-N, ZKFQEACEUNWPMT-MUUNZHRXSA-N, ZKFQEACEUNWPMT-MUUNZHRXSA-N, ZKFQEACEUNWPMT-MUUNZHRXSA-N",Launched
azilsartan,angiotensin receptor antagonist,"AGTR1, AGTR2",cardiology,hypertension,"Tocris, Tocris, Tocris, Selleck, Selleck",97.15,"CCOc1nc2cccc(C(O)=O)c2n1Cc1ccc(cc1)-c1ccccc1-c1nc(=O)o[nH]1, CCOc1nc2cccc(C(O)=O)c2n1Cc1ccc(cc1)-c1ccccc1-c1nc(=O)o[nH]1, CCOc1nc2cccc(C(O)=O)c2n1Cc1ccc(cc1)-c1ccccc1-c1nc(=O)o[nH]1, CCOc1nc2cccc(C(O)=O)c2n1Cc1ccc(cc1)-c1ccccc1-c1nc(=O)o[nH]1, CCOc1nc2cccc(C(O)=O)c2n1Cc1ccc(cc1)-c1ccccc1-c1nc(=O)o[nH]1","KGSXMPPBFPAXLY-UHFFFAOYSA-N, KGSXMPPBFPAXLY-UHFFFAOYSA-N, KGSXMPPBFPAXLY-UHFFFAOYSA-N, KGSXMPPBFPAXLY-UHFFFAOYSA-N, KGSXMPPBFPAXLY-UHFFFAOYSA-N",Launched
azilsartan-medoxomil,angiotensin receptor antagonist,"AGTR1, AGTR2",cardiology,hypertension,"MicroSource, Selleck, Selleck, Selleck, Selleck, Selleck, Selleck",97.22,"CCOc1nc2cccc(C(=O)OCc3oc(=O)oc3C)c2n1Cc1ccc(cc1)-c1ccccc1-c1nc(=O)o[nH]1, CCOc1nc2cccc(C(=O)OCc3oc(=O)oc3C)c2n1Cc1ccc(cc1)-c1ccccc1-c1nc(=O)o[nH]1, CCOc1nc2cccc(C(=O)OCc3oc(=O)oc3C)c2n1Cc1ccc(cc1)-c1ccccc1-c1nc(=O)o[nH]1, CCOc1nc2cccc(C(=O)OCc3oc(=O)oc3C)c2n1Cc1ccc(cc1)-c1ccccc1-c1nc(=O)o[nH]1, CCOc1nc2cccc(C(=O)OCc3oc(=O)oc3C)c2n1Cc1ccc(cc1)-c1ccccc1-c1nc(=O)o[nH]1, CCOc1nc2cccc(C(=O)OCc3oc(=O)oc3C)c2n1Cc1ccc(cc1)-c1ccccc1-c1nc(=O)o[nH]1, CCOc1nc2cccc(C(=O)OCc3oc(=O)oc3C)c2n1Cc1ccc(cc1)-c1ccccc1-c1nc(=O)o[nH]1","QJFSABGVXDWMIW-UHFFFAOYSA-N, QJFSABGVXDWMIW-UHFFFAOYSA-N, QJFSABGVXDWMIW-UHFFFAOYSA-N, QJFSABGVXDWMIW-UHFFFAOYSA-N, QJFSABGVXDWMIW-UHFFFAOYSA-N, QJFSABGVXDWMIW-UHFFFAOYSA-N, QJFSABGVXDWMIW-UHFFFAOYSA-N",Launched
azimilide,potassium channel blocker,KCNA5,,,"Tocris, MedChemEx, MedChemEx",97.19,"CN1CCN(CCCCN2C(=O)CN(\N=C\c3ccc(o3)-c3ccc(Cl)cc3)C2=O)CC1, CN1CCN(CCCCN2C(=O)CN(\N=C\c3ccc(o3)-c3ccc(Cl)cc3)C2=O)CC1, CN1CCN(CCCCN2C(=O)CN(\N=C\c3ccc(o3)-c3ccc(Cl)cc3)C2=O)CC1","MREBEPTUUMTTIA-PCLIKHOPSA-N, MREBEPTUUMTTIA-PCLIKHOPSA-N, MREBEPTUUMTTIA-PCLIKHOPSA-N",Phase 3
azithromycin,bacterial 50S ribosomal subunit inhibitor,MLNR,infectious disease,"pelvic inflammatory disease, pneumonia","Tocris, Tocris, MicroSource, Selleck, Tocris, Selleck, Selleck",100,"CC[C@H]1OC(=O)[C@H](C)[C@@H](O[C@H]2C[C@@](C)(OC)[C@@H](O)[C@H](C)O2)[C@H](C)[C@@H](O[C@@H]2O[C@H](C)C[C@@H]([C@H]2O)N(C)C)[C@](C)(O)C[C@@H](C)CN(C)[C@H](C)[C@@H](O)[C@]1(C)O, CC[C@H]1OC(=O)[C@H](C)[C@@H](O[C@H]2C[C@@](C)(OC)[C@@H](O)[C@H](C)O2)[C@H](C)[C@@H](O[C@@H]2O[C@H](C)C[C@@H]([C@H]2O)N(C)C)[C@](C)(O)C[C@@H](C)CN(C)[C@H](C)[C@@H](O)[C@]1(C)O, CC[C@H]1OC(=O)[C@H](C)[C@@H](O[C@H]2C[C@@](C)(OC)[C@@H](O)[C@H](C)O2)[C@H](C)[C@@H](O[C@@H]2O[C@H](C)C[C@@H]([C@H]2O)N(C)C)[C@](C)(O)C[C@@H](C)CN(C)[C@H](C)[C@@H](O)[C@]1(C)O, CC[C@H]1OC(=O)[C@H](C)[C@@H](O[C@H]2C[C@@](C)(OC)[C@@H](O)[C@H](C)O2)[C@H](C)[C@@H](O[C@@H]2O[C@H](C)C[C@@H]([C@H]2O)N(C)C)[C@](C)(O)C[C@@H](C)CN(C)[C@H](C)[C@@H](O)[C@]1(C)O, CC[C@H]1OC(=O)[C@H](C)[C@@H](O[C@H]2C[C@@](C)(OC)[C@@H](O)[C@H](C)O2)[C@H](C)[C@@H](O[C@@H]2O[C@H](C)C[C@@H]([C@H]2O)N(C)C)[C@](C)(O)C[C@@H](C)CN(C)[C@H](C)[C@@H](O)[C@]1(C)O, CC[C@H]1OC(=O)[C@H](C)[C@@H](O[C@H]2C[C@@](C)(OC)[C@@H](O)[C@H](C)O2)[C@H](C)[C@@H](O[C@@H]2O[C@H](C)C[C@@H]([C@H]2O)N(C)C)[C@](C)(O)C[C@@H](C)CN(C)[C@H](C)[C@@H](O)[C@]1(C)O, CC[C@H]1OC(=O)[C@H](C)[C@@H](O[C@H]2C[C@@](C)(OC)[C@@H](O)[C@H](C)O2)[C@H](C)[C@@H](O[C@@H]2O[C@H](C)C[C@@H]([C@H]2O)N(C)C)[C@](C)(O)C[C@@H](C)CN(C)[C@H](C)[C@@H](O)[C@]1(C)O","MQTOSJVFKKJCRP-CBLJCGFISA-N, MQTOSJVFKKJCRP-CBLJCGFISA-N, MQTOSJVFKKJCRP-CBLJCGFISA-N, MQTOSJVFKKJCRP-CBLJCGFISA-N, MQTOSJVFKKJCRP-CBLJCGFISA-N, MQTOSJVFKKJCRP-CBLJCGFISA-N, MQTOSJVFKKJCRP-CBLJCGFISA-N",Launched
azlocillin,bacterial cell wall synthesis inhibitor,,infectious disease,"gram-positive bacterial infections, gram-negative bacterial infections","MicroSource, MicroSource, MicroSource, Selleck, MedChemEx",85.42,"CC1(C)S[C@@H]2[C@H](NC(=O)[C@H](NC(=O)N3CCNC3=O)c3ccccc3)C(=O)N2[C@H]1C(O)=O, CC1(C)S[C@@H]2[C@H](NC(=O)[C@H](NC(=O)N3CCNC3=O)c3ccccc3)C(=O)N2[C@H]1C(O)=O, CC1(C)S[C@@H]2[C@H](NC(=O)[C@H](NC(=O)N3CCNC3=O)c3ccccc3)C(=O)N2[C@H]1C(O)=O, CC1(C)S[C@@H]2[C@H](NC(=O)[C@H](NC(=O)N3CCNC3=O)c3ccccc3)C(=O)N2[C@H]1C(O)=O, CC1(C)S[C@@H]2[C@H](NC(=O)[C@H](NC(=O)N3CCNC3=O)c3ccccc3)C(=O)N2[C@H]1C(O)=O","JTWOMNBEOCYFNV-NFFDBFGFSA-N, JTWOMNBEOCYFNV-NFFDBFGFSA-N, JTWOMNBEOCYFNV-NFFDBFGFSA-N, JTWOMNBEOCYFNV-NFFDBFGFSA-N, JTWOMNBEOCYFNV-NFFDBFGFSA-N",Launched
AZM-475271,SRC inhibitor,SRC,,,"Tocris, Tocris, Tocris, Tocris",98.3,"COc1ccc(Cl)c(Nc2ncnc3cc(OCC4CCN(C)CC4)c(OC)cc23)c1, COc1ccc(Cl)c(Nc2ncnc3cc(OCC4CCN(C)CC4)c(OC)cc23)c1, COc1ccc(Cl)c(Nc2ncnc3cc(OCC4CCN(C)CC4)c(OC)cc23)c1, COc1ccc(Cl)c(Nc2ncnc3cc(OCC4CCN(C)CC4)c(OC)cc23)c1","WPOXAFXHRJYEIC-UHFFFAOYSA-N, WPOXAFXHRJYEIC-UHFFFAOYSA-N, WPOXAFXHRJYEIC-UHFFFAOYSA-N, WPOXAFXHRJYEIC-UHFFFAOYSA-N",Preclinical
azodicarbonamide,DNA synthesis inhibitor,,,,"AMS, MatrixSci",0,"NC(=O)\N=N\C(N)=O, NC(=O)\N=N\C(N)=O","XOZUGNYVDXMRKW-AATRIKPKSA-N, XOZUGNYVDXMRKW-AATRIKPKSA-N",Phase 2
azomycin-(2-nitroimidazole),protein synthesis inhibitor,,,,"Selleck, Selleck",96.5,"[O-][N+](=O)c1ncc[nH]1, [O-][N+](=O)c1ncc[nH]1","YZEUHQHUFTYLPH-UHFFFAOYSA-N, YZEUHQHUFTYLPH-UHFFFAOYSA-N",Preclinical
azosemide,electrolyte reabsorption inhibitor,"SLC12A1, SLC12A2",cardiology,edema,"AKSci, AKSci, AKSci",96.43,"NS(=O)(=O)c1cc(-c2nn[nH]n2)c(NCc2cccs2)cc1Cl, NS(=O)(=O)c1cc(-c2nn[nH]n2)c(NCc2cccs2)cc1Cl, NS(=O)(=O)c1cc(-c2nn[nH]n2)c(NCc2cccs2)cc1Cl","HMEDEBAJARCKCT-UHFFFAOYSA-N, HMEDEBAJARCKCT-UHFFFAOYSA-N, HMEDEBAJARCKCT-UHFFFAOYSA-N",Launched
aztreonam,bacterial cell wall synthesis inhibitor,,infectious disease,"urinary tract infections, respiratory tract infections, bacterial septicemia, skin infections, intra-abdominal infections, gynecologic infections","MedChemEx, MicroSource, Selleck, Selleck, Selleck",100,"C[C@H]1[C@H](NC(=O)C(=N/OC(C)(C)C(O)=O)\c2csc(N)n2)C(=O)N1S(O)(=O)=O, C[C@H]1[C@H](NC(=O)C(=N/OC(C)(C)C(O)=O)\c2csc(N)n2)C(=O)N1S(O)(=O)=O, C[C@H]1[C@H](NC(=O)C(=N/OC(C)(C)C(O)=O)\c2csc(N)n2)C(=O)N1S(O)(=O)=O, C[C@H]1[C@H](NC(=O)C(=N/OC(C)(C)C(O)=O)\c2csc(N)n2)C(=O)N1S(O)(=O)=O, C[C@H]1[C@H](NC(=O)C(=N/OC(C)(C)C(O)=O)\c2csc(N)n2)C(=O)N1S(O)(=O)=O","WZPBZJONDBGPKJ-VEHQQRBSSA-N, WZPBZJONDBGPKJ-VEHQQRBSSA-N, WZPBZJONDBGPKJ-VEHQQRBSSA-N, WZPBZJONDBGPKJ-VEHQQRBSSA-N, WZPBZJONDBGPKJ-VEHQQRBSSA-N",Launched
AZ191,DYRK inhibitor,DYRK1B,,,"Tocris, Tocris, Tocris, Selleck, Selleck, Selleck",97.06,"COc1cc(ccc1Nc1nccc(n1)-c1cn(C)c2cnccc12)N1CCN(C)CC1, COc1cc(ccc1Nc1nccc(n1)-c1cn(C)c2cnccc12)N1CCN(C)CC1, COc1cc(ccc1Nc1nccc(n1)-c1cn(C)c2cnccc12)N1CCN(C)CC1, COc1cc(ccc1Nc1nccc(n1)-c1cn(C)c2cnccc12)N1CCN(C)CC1, COc1cc(ccc1Nc1nccc(n1)-c1cn(C)c2cnccc12)N1CCN(C)CC1, COc1cc(ccc1Nc1nccc(n1)-c1cn(C)c2cnccc12)N1CCN(C)CC1","ZYVXTMKTGDARKR-UHFFFAOYSA-N, ZYVXTMKTGDARKR-UHFFFAOYSA-N, ZYVXTMKTGDARKR-UHFFFAOYSA-N, ZYVXTMKTGDARKR-UHFFFAOYSA-N, ZYVXTMKTGDARKR-UHFFFAOYSA-N, ZYVXTMKTGDARKR-UHFFFAOYSA-N",Preclinical
AZ20,ATR kinase inhibitor,"ATR, MTOR",,,"Tocris, Selleck",98.44,"C[C@@H]1COCCN1c1cc(nc(n1)-c1cccc2[nH]ccc12)C1(CC1)S(C)(=O)=O, C[C@@H]1COCCN1c1cc(nc(n1)-c1cccc2[nH]ccc12)C1(CC1)S(C)(=O)=O","SCGCBAAYLFTIJU-CQSZACIVSA-N, SCGCBAAYLFTIJU-CQSZACIVSA-N",Preclinical
AZ3146,monopolar spindle 1 kinase inhibitor,,,,"Selleck, Selleck, Tocris, Tocris",94.31,"COc1cc(OC2CCN(C)CC2)ccc1Nc1ncc2n(C)c(=O)n(C3CCCC3)c2n1, COc1cc(OC2CCN(C)CC2)ccc1Nc1ncc2n(C)c(=O)n(C3CCCC3)c2n1, COc1cc(OC2CCN(C)CC2)ccc1Nc1ncc2n(C)c(=O)n(C3CCCC3)c2n1, COc1cc(OC2CCN(C)CC2)ccc1Nc1ncc2n(C)c(=O)n(C3CCCC3)c2n1","YUKWVHPTFRQHMF-UHFFFAOYSA-N, YUKWVHPTFRQHMF-UHFFFAOYSA-N, YUKWVHPTFRQHMF-UHFFFAOYSA-N, YUKWVHPTFRQHMF-UHFFFAOYSA-N",Preclinical
AZ505,histone lysine methyltransferase inhibitor,SMYD2,,,"MedChemEx, MedChemEx",97.71,"Oc1ccc(CCNCCN(C2CCCCC2)C(=O)CCNCCc2ccc(Cl)c(Cl)c2)c2OCC(=O)Nc12, Oc1ccc(CCNCCN(C2CCCCC2)C(=O)CCNCCc2ccc(Cl)c(Cl)c2)c2OCC(=O)Nc12","LIBVHXXKHSODII-UHFFFAOYSA-N, LIBVHXXKHSODII-UHFFFAOYSA-N",Preclinical
AZ5104,EGFR inhibitor,EGFR,,,Selleck,79.95,COc1cc(N(C)CCN(C)C)c(NC(=O)C=C)cc1Nc1nccc(n1)-c1c[nH]c2ccccc12,IQNVEOMHJHBNHC-UHFFFAOYSA-N,Preclinical
AZ7550,insulin growth factor receptor inhibitor,,,,MedChemEx,95.84,CNCCN(C)c1cc(OC)c(Nc2nccc(n2)-c2cn(C)c3ccccc23)cc1NC(=O)C=C,ZROCWKZRGJYPTG-UHFFFAOYSA-N,Phase 1
AZ960,JAK inhibitor,JAK2,,,"MedChemEx, Selleck, Selleck, Selleck, Selleck, Selleck, Selleck, Selleck, Selleck, Selleck",94.9,"C[C@H](Nc1nc(Nc2cc(C)n[nH]2)c(F)cc1C#N)c1ccc(F)cc1, C[C@H](Nc1nc(Nc2cc(C)n[nH]2)c(F)cc1C#N)c1ccc(F)cc1, C[C@H](Nc1nc(Nc2cc(C)n[nH]2)c(F)cc1C#N)c1ccc(F)cc1, C[C@H](Nc1nc(Nc2cc(C)n[nH]2)c(F)cc1C#N)c1ccc(F)cc1, C[C@H](Nc1nc(Nc2cc(C)n[nH]2)c(F)cc1C#N)c1ccc(F)cc1, C[C@H](Nc1nc(Nc2cc(C)n[nH]2)c(F)cc1C#N)c1ccc(F)cc1, C[C@H](Nc1nc(Nc2cc(C)n[nH]2)c(F)cc1C#N)c1ccc(F)cc1, C[C@H](Nc1nc(Nc2cc(C)n[nH]2)c(F)cc1C#N)c1ccc(F)cc1, C[C@H](Nc1nc(Nc2cc(C)n[nH]2)c(F)cc1C#N)c1ccc(F)cc1, C[C@H](Nc1nc(Nc2cc(C)n[nH]2)c(F)cc1C#N)c1ccc(F)cc1","SUNXHXDJOIXABJ-NSHDSACASA-N, SUNXHXDJOIXABJ-NSHDSACASA-N, SUNXHXDJOIXABJ-NSHDSACASA-N, SUNXHXDJOIXABJ-NSHDSACASA-N, SUNXHXDJOIXABJ-NSHDSACASA-N, SUNXHXDJOIXABJ-NSHDSACASA-N, SUNXHXDJOIXABJ-NSHDSACASA-N, SUNXHXDJOIXABJ-NSHDSACASA-N, SUNXHXDJOIXABJ-NSHDSACASA-N, SUNXHXDJOIXABJ-NSHDSACASA-N",Preclinical
A0001,,,,,"Sigma, Enzo",40.81,"CC(C)CCC[C@@H](C)CCC[C@@H](C)CCC[C@@](C)(O)CCC1=C(C)C(=O)C(C)=C(C)C1=O |c:21,t:27|, CC(C)CCC[C@@H](C)CCC[C@@H](C)CCC[C@@](C)(O)CCC1=C(C)C(=O)C(C)=C(C)C1=O |c:21,t:27|","LTVDFSLWFKLJDQ-IEOSBIPESA-N, LTVDFSLWFKLJDQ-IEOSBIPESA-N",Phase 2
A12B4C3,polynucleotide kinase/phosphatase inhibitor,PNKP,,,"Tocris, Tocris",90.41,"CCCCCCCCCC[C@@H](O)[C@H]1C=C[C@H]2[C@@H](N1Nc1ccc(cc1)[N+]([O-])=O)C(=O)N(C2=O)c1ccccc1 |&1:10,&2:12,r,c:13|, CCCCCCCCCC[C@@H](O)[C@H]1C=C[C@H]2[C@@H](N1Nc1ccc(cc1)[N+]([O-])=O)C(=O)N(C2=O)c1ccccc1 |&1:10,&2:12,r,c:13|","KVHGJAKTBPFFNV-KUXCXQDQSA-N, KVHGJAKTBPFFNV-KUXCXQDQSA-N",Preclinical
A205804,ICAM1 expression inhibitor,"ICAM1, SELE",,,"Tocris, Tocris, Tocris, Tocris, Tocris, Tocris, Selleck",98.68,"Cc1ccc(Sc2cncc3sc(cc23)C(N)=O)cc1, Cc1ccc(Sc2cncc3sc(cc23)C(N)=O)cc1, Cc1ccc(Sc2cncc3sc(cc23)C(N)=O)cc1, Cc1ccc(Sc2cncc3sc(cc23)C(N)=O)cc1, Cc1ccc(Sc2cncc3sc(cc23)C(N)=O)cc1, Cc1ccc(Sc2cncc3sc(cc23)C(N)=O)cc1, Cc1ccc(Sc2cncc3sc(cc23)C(N)=O)cc1","QQGWEXFLMJGCAL-UHFFFAOYSA-N, QQGWEXFLMJGCAL-UHFFFAOYSA-N, QQGWEXFLMJGCAL-UHFFFAOYSA-N, QQGWEXFLMJGCAL-UHFFFAOYSA-N, QQGWEXFLMJGCAL-UHFFFAOYSA-N, QQGWEXFLMJGCAL-UHFFFAOYSA-N, QQGWEXFLMJGCAL-UHFFFAOYSA-N",Preclinical
A61603,adrenergic receptor agonist,ADRA1A,,,"Tocris, Tocris",96.39,"CS(=O)(=O)Nc1c(O)ccc2[C@@H](CCCc12)C1=NCCN1 |r,t:18|, CS(=O)(=O)Nc1c(O)ccc2[C@@H](CCCc12)C1=NCCN1 |r,t:18|","OQFCXJDXHCDLHX-LLVKDONJSA-N, OQFCXJDXHCDLHX-LLVKDONJSA-N",Preclinical
A66,PI3K inhibitor,PIK3CA,,,"Selleck, Selleck, Tocris",94.01,"Cc1nc(NC(=O)N2CCC[C@H]2C(N)=O)sc1-c1csc(n1)C(C)(C)C, Cc1nc(NC(=O)N2CCC[C@H]2C(N)=O)sc1-c1csc(n1)C(C)(C)C, Cc1nc(NC(=O)N2CCC[C@H]2C(N)=O)sc1-c1csc(n1)C(C)(C)C","HBPXWEPKNBHKAX-NSHDSACASA-N, HBPXWEPKNBHKAX-NSHDSACASA-N, HBPXWEPKNBHKAX-NSHDSACASA-N",Preclinical
A740003,purinergic receptor antagonist,P2RX7,,,"Tocris, Tocris, Tocris, Tocris, Tocris, Tocris, Tocris",97.5,"COc1ccc(CC(=O)N[C@@H](N\C(Nc2cccc3ncccc23)=N\C#N)C(C)(C)C)cc1OC |&1:10,r|, COc1ccc(CC(=O)N[C@@H](N\C(Nc2cccc3ncccc23)=N\C#N)C(C)(C)C)cc1OC |&1:10,r|, COc1ccc(CC(=O)N[C@@H](N\C(Nc2cccc3ncccc23)=N\C#N)C(C)(C)C)cc1OC |&1:10,r|, COc1ccc(CC(=O)N[C@@H](N\C(Nc2cccc3ncccc23)=N\C#N)C(C)(C)C)cc1OC |&1:10,r|, COc1ccc(CC(=O)N[C@@H](N\C(Nc2cccc3ncccc23)=N\C#N)C(C)(C)C)cc1OC |&1:10,r|, COc1ccc(CC(=O)N[C@@H](N\C(Nc2cccc3ncccc23)=N\C#N)C(C)(C)C)cc1OC |&1:10,r|, COc1ccc(CC(=O)N[C@@H](N\C(Nc2cccc3ncccc23)=N\C#N)C(C)(C)C)cc1OC |&1:10,r|","PUHSRMSFDASMAE-DEOSSOPVSA-N, PUHSRMSFDASMAE-DEOSSOPVSA-N, PUHSRMSFDASMAE-DEOSSOPVSA-N, PUHSRMSFDASMAE-DEOSSOPVSA-N, PUHSRMSFDASMAE-DEOSSOPVSA-N, PUHSRMSFDASMAE-DEOSSOPVSA-N, PUHSRMSFDASMAE-DEOSSOPVSA-N",Preclinical
A77636,dopamine receptor agonist,CALY,,,"Tocris, Tocris, Tocris",89.2,"NC[C@@H]1O[C@@H](Cc2c(O)c(O)ccc12)[C@@]12CC3CC(CC(C3)C1)C2, NC[C@@H]1O[C@@H](Cc2c(O)c(O)ccc12)[C@@]12CC3CC(CC(C3)C1)C2, NC[C@@H]1O[C@@H](Cc2c(O)c(O)ccc12)[C@@]12CC3CC(CC(C3)C1)C2","QLJOSZATCBCBDR-KLONBWLYSA-N, QLJOSZATCBCBDR-KLONBWLYSA-N, QLJOSZATCBCBDR-KLONBWLYSA-N",Preclinical
A922500,diacylglycerol O acyltransferase inhibitor,DGAT1,,,Selleck,92.69,OC(=O)[C@H]1CCC[C@H]1C(=O)c1ccc(cc1)-c1ccc(NC(=O)Nc2ccccc2)cc1,BOZRFEQDOFSZBV-PKTZIBPZSA-N,Preclinical
bacampicillin,bacterial cell wall synthesis inhibitor,,infectious disease,"gram-positive bacterial infections, gram-negative bacterial infections","MicroSource, Sigma, MedChemEx",81.26,"CCOC(=O)O[C@@H](C)OC(=O)[C@@H]1N2[C@H](SC1(C)C)[C@H](NC(=O)[C@H](N)c1ccccc1)C2=O |a:11,13,18,22,&1:6|, CCOC(=O)O[C@@H](C)OC(=O)[C@@H]1N2[C@H](SC1(C)C)[C@H](NC(=O)[C@H](N)c1ccccc1)C2=O |a:11,13,18,22,&1:6|, CCOC(=O)O[C@@H](C)OC(=O)[C@@H]1N2[C@H](SC1(C)C)[C@H](NC(=O)[C@H](N)c1ccccc1)C2=O |a:11,13,18,22,&1:6|","PFOLLRNADZZWEX-XIJZRVNUSA-N, PFOLLRNADZZWEX-XIJZRVNUSA-N, PFOLLRNADZZWEX-XIJZRVNUSA-N",Launched
bacitracin,bacterial cell wall synthesis inhibitor,IDE,infectious disease,first-aid antibiotic,Selleck,43.52,CC[C@H](C)[C@H](N)C1=N[C@@H](CS1)C(=O)N[C@@H](CC(C)C)C(=O)N[C@H](CCC(O)=O)C(=O)N[C@@H]([C@@H](C)CC)C(=O)N[C@H]1CCCCNC(=O)[C@H](CC(N)=O)NC(=O)[C@@H](CC(O)=O)NC(=O)[C@H](Cc2cnc[nH]2)NC(=O)[C@@H](Cc2ccccc2)NC(=O)[C@@H](NC(=O)[C@@H](CCCN)NC1=O)[C@@H](C)CC |t:6|,CLKOFPXJLQSYAH-BBLSSJOMSA-N,Launched
bacitracin-zinc,bacterial cell wall synthesis inhibitor,,infectious disease,first-aid antibiotic,MedChemEx,51.16,CC[C@H](C)[C@H](N)C1=N[C@@H](CS1)C(=O)N[C@@H](CC(C)C)C(=O)N[C@@H]1CCC(=O)O[Zn]OC(=O)C[C@H]2NC(=O)[C@H](Cc3c[nH]cn3)NC(=O)[C@@H](Cc3ccccc3)NC(=O)[C@@H](NC(=O)[C@@H](CCCN)NC(=O)[C@H](CCCCNC(=O)[C@H](CC(N)=O)NC2=O)NC(=O)[C@@H](NC1=O)[C@@H](C)CC)[C@@H](C)CC |t:6|,UCRLQOPRDMGYOA-PIGMFEANSA-L,Launched
baclofen,benzodiazepine receptor agonist,"GABBR1, GABBR2, KCTD12, KCTD16, KCTD8",neurology/psychiatry,"multiple sclerosis, spasms","Tocris, MicroSource",47.4,"NC[C@@H](CC(O)=O)c1ccc(Cl)cc1 |&1:2|, NC[C@@H](CC(O)=O)c1ccc(Cl)cc1 |&1:2|","KPYSYYIEGFHWSV-MRVPVSSYSA-N, KPYSYYIEGFHWSV-MRVPVSSYSA-N",Launched
BADGE,PPAR receptor antagonist,PPARG,,,"Sigma, Tocris",94.12,"CC(C)(c1ccc(OC[C@H]2CO2)cc1)c1ccc(OC[C@H]2CO2)cc1 |&1:9,&2:20,r|, CC(C)(c1ccc(OC[C@H]2CO2)cc1)c1ccc(OC[C@H]2CO2)cc1 |&1:9,&2:20,r|","LCFVJGUPQDGYKZ-PMACEKPBSA-N, LCFVJGUPQDGYKZ-PMACEKPBSA-N",Preclinical
bafetinib,"Bcr-Abl kinase inhibitor, LYN tyrosine kinase inhibitor","ABL1, BCR, LYN",,,"Selleck, Selleck, Selleck, Selleck, MedChemEx, MedChemEx",93.85,"CN(C)[C@H]1CCN(Cc2ccc(cc2C(F)(F)F)C(=O)Nc2ccc(C)c(Nc3nccc(n3)-c3cncnc3)c2)C1, CN(C)[C@H]1CCN(Cc2ccc(cc2C(F)(F)F)C(=O)Nc2ccc(C)c(Nc3nccc(n3)-c3cncnc3)c2)C1, CN(C)[C@H]1CCN(Cc2ccc(cc2C(F)(F)F)C(=O)Nc2ccc(C)c(Nc3nccc(n3)-c3cncnc3)c2)C1, CN(C)[C@H]1CCN(Cc2ccc(cc2C(F)(F)F)C(=O)Nc2ccc(C)c(Nc3nccc(n3)-c3cncnc3)c2)C1, CN(C)[C@H]1CCN(Cc2ccc(cc2C(F)(F)F)C(=O)Nc2ccc(C)c(Nc3nccc(n3)-c3cncnc3)c2)C1, CN(C)[C@H]1CCN(Cc2ccc(cc2C(F)(F)F)C(=O)Nc2ccc(C)c(Nc3nccc(n3)-c3cncnc3)c2)C1","ZGBAJMQHJDFTQJ-DEOSSOPVSA-N, ZGBAJMQHJDFTQJ-DEOSSOPVSA-N, ZGBAJMQHJDFTQJ-DEOSSOPVSA-N, ZGBAJMQHJDFTQJ-DEOSSOPVSA-N, ZGBAJMQHJDFTQJ-DEOSSOPVSA-N, ZGBAJMQHJDFTQJ-DEOSSOPVSA-N",Phase 2
bafilomycin-a1,ATPase inhibitor,,,,"MedChemEx, MedChemEx",87.42,"[H][C@@]1(OC(=O)\C(OC)=C\C(\C)=C/[C@@H](C)[C@@H](O)[C@@H](C)C\C(C)=C\C=C\[C@@H]1OC)[C@@H](C)[C@@H](O)[C@H](C)[C@@]1(O)C[C@@H](O)[C@H](C)[C@H](O1)C(C)C |c:10,t:7,20,22|, [H][C@@]1(OC(=O)\C(OC)=C\C(\C)=C/[C@@H](C)[C@@H](O)[C@@H](C)C\C(C)=C\C=C\[C@@H]1OC)[C@@H](C)[C@@H](O)[C@H](C)[C@@]1(O)C[C@@H](O)[C@H](C)[C@H](O1)C(C)C |c:10,t:7,20,22|","XDHNQDDQEHDUTM-UTRUWJARSA-N, XDHNQDDQEHDUTM-UTRUWJARSA-N",Preclinical
BAG-956,phosphoinositide dependent kinase inhibitor,PIK3CG,,,"Tocris, Tocris, Tocris",97.92,"Cc1nc2cnc3ccc(cc3c2n1-c1ccc(cc1)C(C)(C)C#N)C#Cc1cccnc1, Cc1nc2cnc3ccc(cc3c2n1-c1ccc(cc1)C(C)(C)C#N)C#Cc1cccnc1, Cc1nc2cnc3ccc(cc3c2n1-c1ccc(cc1)C(C)(C)C#N)C#Cc1cccnc1","GVPAGJWVBUZHNQ-UHFFFAOYSA-N, GVPAGJWVBUZHNQ-UHFFFAOYSA-N, GVPAGJWVBUZHNQ-UHFFFAOYSA-N",Preclinical
baicalein,lipoxygenase inhibitor,"ALOX5, GLO1, PREP, SELL, SELP, TNF, XDH",,,"Selleck, Selleck, Selleck, Selleck, Selleck, Tocris",97.14,"Oc1cc2oc(cc(O)c2c(=O)c1O)-c1ccccc1, Oc1cc2oc(cc(O)c2c(=O)c1O)-c1ccccc1, Oc1cc2oc(cc(O)c2c(=O)c1O)-c1ccccc1, Oc1cc2oc(cc(O)c2c(=O)c1O)-c1ccccc1, Oc1cc2oc(cc(O)c2c(=O)c1O)-c1ccccc1, Oc1cc2oc(cc(O)c2c(=O)c1O)-c1ccccc1","WTNAEULBGCSUSK-UHFFFAOYSA-N, WTNAEULBGCSUSK-UHFFFAOYSA-N, WTNAEULBGCSUSK-UHFFFAOYSA-N, WTNAEULBGCSUSK-UHFFFAOYSA-N, WTNAEULBGCSUSK-UHFFFAOYSA-N, WTNAEULBGCSUSK-UHFFFAOYSA-N",Preclinical
baicalin,beta glucuronidase inhibitor,PREP,neurology/psychiatry,anxiety,"MedChemEx, MedChemEx, Selleck, Selleck, Selleck",96.64,"O[C@H]1[C@H](Oc2cc3oc(cc(O)c3c(=O)c2O)-c2ccccc2)O[C@@H]([C@@H](O)[C@@H]1O)C(O)=O, O[C@H]1[C@H](Oc2cc3oc(cc(O)c3c(=O)c2O)-c2ccccc2)O[C@@H]([C@@H](O)[C@@H]1O)C(O)=O, O[C@H]1[C@H](Oc2cc3oc(cc(O)c3c(=O)c2O)-c2ccccc2)O[C@@H]([C@@H](O)[C@@H]1O)C(O)=O, O[C@H]1[C@H](Oc2cc3oc(cc(O)c3c(=O)c2O)-c2ccccc2)O[C@@H]([C@@H](O)[C@@H]1O)C(O)=O, O[C@H]1[C@H](Oc2cc3oc(cc(O)c3c(=O)c2O)-c2ccccc2)O[C@@H]([C@@H](O)[C@@H]1O)C(O)=O","DAIGSUHCWOZEQG-ZFORQUDYSA-N, DAIGSUHCWOZEQG-ZFORQUDYSA-N, DAIGSUHCWOZEQG-ZFORQUDYSA-N, DAIGSUHCWOZEQG-ZFORQUDYSA-N, DAIGSUHCWOZEQG-ZFORQUDYSA-N",Launched
bakuchiol,DNA polymerase inhibitor,HIF1A,,,"MedChemEx, MedChemEx, MedChemEx, Enzo",90.88,"CC(C)=CCC[C@@](C)(C=C)\C=C\c1ccc(O)cc1, CC(C)=CCC[C@@](C)(C=C)\C=C\c1ccc(O)cc1, CC(C)=CCC[C@@](C)(C=C)\C=C\c1ccc(O)cc1, CC(C)=CCC[C@@](C)(C=C)\C=C\c1ccc(O)cc1","LFYJSSARVMHQJB-QIXNEVBVSA-N, LFYJSSARVMHQJB-QIXNEVBVSA-N, LFYJSSARVMHQJB-QIXNEVBVSA-N, LFYJSSARVMHQJB-QIXNEVBVSA-N",Phase 2
balaglitazone,"insulin sensitizer, PPAR receptor partial agonist",PPARG,,,"MedChemEx, MedChemEx",98.36,"Cn1c(COc2ccc(C[C@H]3SC(=O)NC3=O)cc2)nc2ccccc2c1=O |r|, Cn1c(COc2ccc(C[C@H]3SC(=O)NC3=O)cc2)nc2ccccc2c1=O |r|","IETKPTYAGKZLKY-MRXNPFEDSA-N, IETKPTYAGKZLKY-MRXNPFEDSA-N",Phase 3
balapiravir,RNA polymerase inhibitor,,,,"MedChemEx, MedChemEx, MedChemEx, MedChemEx",95.37,"CC(C)C(=O)OC[C@]1(O[C@H]([C@H](OC(=O)C(C)C)[C@@H]1OC(=O)C(C)C)n1ccc(N)nc1=O)N=[N+]=[N-], CC(C)C(=O)OC[C@]1(O[C@H]([C@H](OC(=O)C(C)C)[C@@H]1OC(=O)C(C)C)n1ccc(N)nc1=O)N=[N+]=[N-], CC(C)C(=O)OC[C@]1(O[C@H]([C@H](OC(=O)C(C)C)[C@@H]1OC(=O)C(C)C)n1ccc(N)nc1=O)N=[N+]=[N-], CC(C)C(=O)OC[C@]1(O[C@H]([C@H](OC(=O)C(C)C)[C@@H]1OC(=O)C(C)C)n1ccc(N)nc1=O)N=[N+]=[N-]","VKXWOLCNTHXCLF-DXEZIKHYSA-N, VKXWOLCNTHXCLF-DXEZIKHYSA-N, VKXWOLCNTHXCLF-DXEZIKHYSA-N, VKXWOLCNTHXCLF-DXEZIKHYSA-N",Phase 2
balicatib,cathepsin inhibitor,CTSK,,,"Tocris, Tocris, MedChemEx, MedChemEx, MedChemEx",97.04,"CCCN1CCN(CC1)c1ccc(cc1)C(=O)NC1(CCCCC1)C(=O)NCC#N, CCCN1CCN(CC1)c1ccc(cc1)C(=O)NC1(CCCCC1)C(=O)NCC#N, CCCN1CCN(CC1)c1ccc(cc1)C(=O)NC1(CCCCC1)C(=O)NCC#N, CCCN1CCN(CC1)c1ccc(cc1)C(=O)NC1(CCCCC1)C(=O)NCC#N, CCCN1CCN(CC1)c1ccc(cc1)C(=O)NC1(CCCCC1)C(=O)NCC#N","LLCRBOWRJOUJAE-UHFFFAOYSA-N, LLCRBOWRJOUJAE-UHFFFAOYSA-N, LLCRBOWRJOUJAE-UHFFFAOYSA-N, LLCRBOWRJOUJAE-UHFFFAOYSA-N, LLCRBOWRJOUJAE-UHFFFAOYSA-N",Phase 2
balofloxacin,bacterial DNA gyrase inhibitor,,infectious disease,gram-negative bacterial infections,"Selleck, MedChemEx, Selleck",97.5,"CN[C@H]1CCCN(C1)c1c(F)cc2c(c1OC)n(cc(C(O)=O)c2=O)C1CC1 |&1:2,r|, CN[C@H]1CCCN(C1)c1c(F)cc2c(c1OC)n(cc(C(O)=O)c2=O)C1CC1 |&1:2,r|, CN[C@H]1CCCN(C1)c1c(F)cc2c(c1OC)n(cc(C(O)=O)c2=O)C1CC1 |&1:2,r|","MGQLHRYJBWGORO-NSHDSACASA-N, MGQLHRYJBWGORO-NSHDSACASA-N, MGQLHRYJBWGORO-NSHDSACASA-N",Launched
baloxavir,endonuclease inhibitor,,,,MedChemEx,98.4,[H][C@@]12COCCN1C(=O)c1c(O)c(=O)ccn1N2[C@@H]1c2ccccc2SCc2c(F)c(F)ccc12,FIDLLEYNNRGVFR-CTNGQTDRSA-N,Phase 3
baloxavir-marboxil,endonuclease inhibitor,,infectious disease,influenza A virus infection,MedChemEx,98.17,[H][C@@]12COCCN1C(=O)c1c(OCOC(=O)OC)c(=O)ccn1N2[C@H]1c2ccc(F)c(F)c2CSc2ccccc12,RZVPBGBYGMDSBG-GGAORHGYSA-N,Launched
balsalazide,cyclooxygenase inhibitor,"ALOX5, PPARG, PTGS1, PTGS2",gastroenterology,ulcerative colitis,MedChemEx,86.18,OC(=O)CCNC(=O)c1ccc(cc1)\N=N\c1ccc(O)c(c1)C(O)=O,IPOKCKJONYRRHP-FMQUCBEESA-N,Launched
bamaquimast,proton pump inhibitor,,,,MedChemEx,97.09,CCCn1c2ccccc2nc(CCCOC(=O)NC)c1=O,HNQSZPBGDAJIJO-UHFFFAOYSA-N,Preclinical
bambuterol,adrenergic receptor agonist,"ADRB2, BCHE",pulmonary,asthma,MicroSource,97.14,CN(C)C(=O)Oc1cc(OC(=O)N(C)C)cc(c1)C(O)CNC(C)(C)C,ANZXOIAKUNOVQU-UHFFFAOYSA-N,Launched
BAM7,BAX activator,BAX,,,"Selleck, Selleck, Selleck, Selleck, Selleck, MedChemEx",97.46,"CCOc1ccccc1N\N=C1/C(C)=NN(C1=O)c1nc(cs1)-c1ccccc1 |c:14|, CCOc1ccccc1N\N=C1/C(C)=NN(C1=O)c1nc(cs1)-c1ccccc1 |c:14|, CCOc1ccccc1N\N=C1/C(C)=NN(C1=O)c1nc(cs1)-c1ccccc1 |c:14|, CCOc1ccccc1N\N=C1/C(C)=NN(C1=O)c1nc(cs1)-c1ccccc1 |c:14|, CCOc1ccccc1N\N=C1/C(C)=NN(C1=O)c1nc(cs1)-c1ccccc1 |c:14|, CCOc1ccccc1N\N=C1/C(C)=NN(C1=O)c1nc(cs1)-c1ccccc1 |c:14|","KOCVKGYKBLJEPK-LYBHJNIJSA-N, KOCVKGYKBLJEPK-LYBHJNIJSA-N, KOCVKGYKBLJEPK-LYBHJNIJSA-N, KOCVKGYKBLJEPK-LYBHJNIJSA-N, KOCVKGYKBLJEPK-LYBHJNIJSA-N, KOCVKGYKBLJEPK-LYBHJNIJSA-N",Preclinical
BAN-ORL-24,nociceptin/orphanin FQ receptor antagonist,OPRL1,,,"Tocris, MedChemEx, MedChemEx, Tocris",84.22,"O=C(NCCCN1CCC2(CC1)OCc1ccccc21)[C@H]1CCCN1Cc1ccccc1, O=C(NCCCN1CCC2(CC1)OCc1ccccc21)[C@H]1CCCN1Cc1ccccc1, O=C(NCCCN1CCC2(CC1)OCc1ccccc21)[C@H]1CCCN1Cc1ccccc1, O=C(NCCCN1CCC2(CC1)OCc1ccccc21)[C@H]1CCCN1Cc1ccccc1","MAKMQGKJURAJEN-RUZDIDTESA-N, MAKMQGKJURAJEN-RUZDIDTESA-N, MAKMQGKJURAJEN-RUZDIDTESA-N, MAKMQGKJURAJEN-RUZDIDTESA-N",Preclinical
banoxantrone,topoisomerase inhibitor,TOP2A,,,MedChemEx,80.96,C[N+](C)([O-])CCNc1ccc(NCC[N+](C)(C)[O-])c2C(=O)c3c(O)ccc(O)c3C(=O)c12,YZBAXVICWUUHGG-UHFFFAOYSA-N,Phase 1/Phase 2
barasertib,Aurora kinase inhibitor,"AURKA, AURKB",,,"MedChemEx, MedChemEx, MedChemEx",89.07,"CCN(CCCOc1ccc2c(Nc3cc(CC(=O)Nc4cccc(F)c4)n[nH]3)ncnc2c1)CCOP(O)(O)=O, CCN(CCCOc1ccc2c(Nc3cc(CC(=O)Nc4cccc(F)c4)n[nH]3)ncnc2c1)CCOP(O)(O)=O, CCN(CCCOc1ccc2c(Nc3cc(CC(=O)Nc4cccc(F)c4)n[nH]3)ncnc2c1)CCOP(O)(O)=O","GBJVVSCPOBPEIT-UHFFFAOYSA-N, GBJVVSCPOBPEIT-UHFFFAOYSA-N, GBJVVSCPOBPEIT-UHFFFAOYSA-N",Phase 2/Phase 3
barasertib-HQPA,Aurora kinase inhibitor,AURKB,,,"Selleck, Selleck, Selleck, Selleck, Selleck, Selleck, Selleck, Selleck, Selleck",96.94,"CCN(CCO)CCCOc1ccc2c(Nc3cc(CC(=O)Nc4cccc(F)c4)n[nH]3)ncnc2c1, CCN(CCO)CCCOc1ccc2c(Nc3cc(CC(=O)Nc4cccc(F)c4)n[nH]3)ncnc2c1, CCN(CCO)CCCOc1ccc2c(Nc3cc(CC(=O)Nc4cccc(F)c4)n[nH]3)ncnc2c1, CCN(CCO)CCCOc1ccc2c(Nc3cc(CC(=O)Nc4cccc(F)c4)n[nH]3)ncnc2c1, CCN(CCO)CCCOc1ccc2c(Nc3cc(CC(=O)Nc4cccc(F)c4)n[nH]3)ncnc2c1, CCN(CCO)CCCOc1ccc2c(Nc3cc(CC(=O)Nc4cccc(F)c4)n[nH]3)ncnc2c1, CCN(CCO)CCCOc1ccc2c(Nc3cc(CC(=O)Nc4cccc(F)c4)n[nH]3)ncnc2c1, CCN(CCO)CCCOc1ccc2c(Nc3cc(CC(=O)Nc4cccc(F)c4)n[nH]3)ncnc2c1, CCN(CCO)CCCOc1ccc2c(Nc3cc(CC(=O)Nc4cccc(F)c4)n[nH]3)ncnc2c1","QYZOGCMHVIGURT-UHFFFAOYSA-N, QYZOGCMHVIGURT-UHFFFAOYSA-N, QYZOGCMHVIGURT-UHFFFAOYSA-N, QYZOGCMHVIGURT-UHFFFAOYSA-N, QYZOGCMHVIGURT-UHFFFAOYSA-N, QYZOGCMHVIGURT-UHFFFAOYSA-N, QYZOGCMHVIGURT-UHFFFAOYSA-N, QYZOGCMHVIGURT-UHFFFAOYSA-N, InChI=1S/C26H30FN7O3/c1-2-34(10-11-35)9-4-12-37-21-7-8-22-23(16-21)28-17-29-26(22)31-24-14-20(32-33-24)15-25(36)30-19-6-3-5-18(27)13-19/h3,5-8,13-14,16-17,35H,2,4,9-12,15H2,1H3,(H,30,36)(H2,28,29,31,32,33)",Phase 2/Phase 3
bardoxolone,"nuclear factor erythroid derived, like (NRF2) activator","NOS2, PPARG",,,"MedChemEx, MedChemEx, MedChemEx, MedChemEx, MedChemEx",85.92,"CC1(C)CC[C@@]2(CC[C@]3(C)[C@@H]([C@@H]2C1)C(=O)C=C1[C@@]2(C)C=C(C#N)C(=O)C(C)(C)[C@@H]2CC[C@@]31C)C(O)=O |t:17,21|, CC1(C)CC[C@@]2(CC[C@]3(C)[C@@H]([C@@H]2C1)C(=O)C=C1[C@@]2(C)C=C(C#N)C(=O)C(C)(C)[C@@H]2CC[C@@]31C)C(O)=O |t:17,21|, CC1(C)CC[C@@]2(CC[C@]3(C)[C@@H]([C@@H]2C1)C(=O)C=C1[C@@]2(C)C=C(C#N)C(=O)C(C)(C)[C@@H]2CC[C@@]31C)C(O)=O |t:17,21|, CC1(C)CC[C@@]2(CC[C@]3(C)[C@@H]([C@@H]2C1)C(=O)C=C1[C@@]2(C)C=C(C#N)C(=O)C(C)(C)[C@@H]2CC[C@@]31C)C(O)=O |t:17,21|, CC1(C)CC[C@@]2(CC[C@]3(C)[C@@H]([C@@H]2C1)C(=O)C=C1[C@@]2(C)C=C(C#N)C(=O)C(C)(C)[C@@H]2CC[C@@]31C)C(O)=O |t:17,21|","TXGZJQLMVSIZEI-UQMAOPSPSA-N, TXGZJQLMVSIZEI-UQMAOPSPSA-N, TXGZJQLMVSIZEI-UQMAOPSPSA-N, TXGZJQLMVSIZEI-UQMAOPSPSA-N, TXGZJQLMVSIZEI-UQMAOPSPSA-N",Phase 1
bardoxolone-methyl,"nuclear factor erythroid derived, like (NRF2) activator","PPARG, STAT3",,,"Selleck, Selleck, Selleck, MedChemEx",96.2,"COC(=O)[C@]12CCC(C)(C)C[C@H]1[C@H]1C(=O)C=C3[C@@]4(C)C=C(C#N)C(=O)C(C)(C)[C@@H]4CC[C@@]3(C)[C@]1(C)CC2 |t:16,20|, COC(=O)[C@]12CCC(C)(C)C[C@H]1[C@H]1C(=O)C=C3[C@@]4(C)C=C(C#N)C(=O)C(C)(C)[C@@H]4CC[C@@]3(C)[C@]1(C)CC2 |t:16,20|, COC(=O)[C@]12CCC(C)(C)C[C@H]1[C@H]1C(=O)C=C3[C@@]4(C)C=C(C#N)C(=O)C(C)(C)[C@@H]4CC[C@@]3(C)[C@]1(C)CC2 |t:16,20|, COC(=O)[C@]12CCC(C)(C)C[C@H]1[C@H]1C(=O)C=C3[C@@]4(C)C=C(C#N)C(=O)C(C)(C)[C@@H]4CC[C@@]3(C)[C@]1(C)CC2 |t:16,20|","WPTTVJLTNAWYAO-KPOXMGGZSA-N, WPTTVJLTNAWYAO-KPOXMGGZSA-N, WPTTVJLTNAWYAO-KPOXMGGZSA-N, InChI=1S/C32H43NO4/c1-27(2)11-13-32(26(36)37-8)14-12-31(7)24(20(32)17-27)21(34)15-23-29(5)16-19(18-33)25(35)28(3,4)22(29)9-10-30(23,31)6/h15-16,20,22,24H,9-14,17H2,1-8H3/t20-,22-,24-,29-,30+,31+,32-/m0/s1",Phase 3
baricitinib,JAK inhibitor,"JAK1, JAK2",rheumatology,rheumatoid arthritis,"Selleck, Selleck, Selleck, Selleck",97.36,"CCS(=O)(=O)N1CC(CC#N)(C1)n1cc(cn1)-c1ncnc2[nH]ccc12, CCS(=O)(=O)N1CC(CC#N)(C1)n1cc(cn1)-c1ncnc2[nH]ccc12, CCS(=O)(=O)N1CC(CC#N)(C1)n1cc(cn1)-c1ncnc2[nH]ccc12, CCS(=O)(=O)N1CC(CC#N)(C1)n1cc(cn1)-c1ncnc2[nH]ccc12","XUZMWHLSFXCVMG-UHFFFAOYSA-N, XUZMWHLSFXCVMG-UHFFFAOYSA-N, XUZMWHLSFXCVMG-UHFFFAOYSA-N, XUZMWHLSFXCVMG-UHFFFAOYSA-N",Launched
barium-6-O-phosphonato-D-glucose,,,,,TCI,0,O[C@H](COP(O)(O)=O)[C@@H](O)[C@H](O)[C@@H](O)C=O,VFRROHXSMXFLSN-SLPGGIOYSA-N,Preclinical
barnidipine,calcium channel blocker,,cardiology,hypertension,"AKSci, AKSci",96.4,"COC(=O)C1=C(C)NC(C)=C([C@H]1c1cccc(c1)[N+]([O-])=O)C(=O)O[C@H]1CCN(Cc2ccccc2)C1 |c:4,9|, COC(=O)C1=C(C)NC(C)=C([C@H]1c1cccc(c1)[N+]([O-])=O)C(=O)O[C@H]1CCN(Cc2ccccc2)C1 |c:4,9|","VXMOONUMYLCFJD-DHLKQENFSA-N, VXMOONUMYLCFJD-DHLKQENFSA-N",Launched
basic-fuchsin,,,,,SantaCruz,0,"CC1=CC(C=CC1=N)=C(c1ccc(N)cc1)c1ccc(N)cc1 |c:4,t:1|",YDCMWLQSPFTWCS-UHFFFAOYSA-N,Preclinical
basimglurant,glutamate receptor antagonist,GRM5,,,MedChemEx,99.2,Cc1nc(C#Cc2ccnc(Cl)c2)c(C)n1-c1ccc(F)cc1,UPZWINBEAHDTLA-UHFFFAOYSA-N,Phase 2
basmisanil,GABA receptor inverse agonist,,,,MedChemEx,98.76,Cc1onc(c1COc1ccc(cn1)C(=O)N1CCS(=O)(=O)CC1)-c1ccc(F)cc1,VCGRFBXVSFAGGA-UHFFFAOYSA-N,Phase 2
batefenterol,"acetylcholine receptor antagonist, adrenergic receptor agonist",,,,MedChemEx,90.34,COc1cc(NC(=O)CCN2CCC(CC2)OC(=O)Nc2ccccc2-c2ccccc2)c(Cl)cc1CNC[C@H](O)c1ccc(O)c2nc(O)ccc12,URWYQGVSPQJGGB-DHUJRADRSA-N,Phase 2
batimastat,matrix metalloprotease inhibitor,"ADAM28, ADAMTS5, MMP12, MMP16, MMP2, MMP8",,,"Selleck, Selleck, Selleck, Selleck, Selleck, Selleck, Selleck, Tocris, Selleck, Selleck, Selleck, Selleck",95.3,"CNC(=O)[C@H](Cc1ccccc1)NC(=O)[C@H](CC(C)C)[C@H](CSc1cccs1)C(=O)NO, CNC(=O)[C@H](Cc1ccccc1)NC(=O)[C@H](CC(C)C)[C@H](CSc1cccs1)C(=O)NO, CNC(=O)[C@H](Cc1ccccc1)NC(=O)[C@H](CC(C)C)[C@H](CSc1cccs1)C(=O)NO, CNC(=O)[C@H](Cc1ccccc1)NC(=O)[C@H](CC(C)C)[C@H](CSc1cccs1)C(=O)NO, CNC(=O)[C@H](Cc1ccccc1)NC(=O)[C@H](CC(C)C)[C@H](CSc1cccs1)C(=O)NO, CNC(=O)[C@H](Cc1ccccc1)NC(=O)[C@H](CC(C)C)[C@H](CSc1cccs1)C(=O)NO, CNC(=O)[C@H](Cc1ccccc1)NC(=O)[C@H](CC(C)C)[C@H](CSc1cccs1)C(=O)NO, CNC(=O)[C@H](Cc1ccccc1)NC(=O)[C@H](CC(C)C)[C@H](CSc1cccs1)C(=O)NO, CNC(=O)[C@H](Cc1ccccc1)NC(=O)[C@H](CC(C)C)[C@H](CSc1cccs1)C(=O)NO, CNC(=O)[C@H](Cc1ccccc1)NC(=O)[C@H](CC(C)C)[C@H](CSc1cccs1)C(=O)NO, CNC(=O)[C@H](Cc1ccccc1)NC(=O)[C@H](CC(C)C)[C@H](CSc1cccs1)C(=O)NO, CNC(=O)[C@H](Cc1ccccc1)NC(=O)[C@H](CC(C)C)[C@H](CSc1cccs1)C(=O)NO","XFILPEOLDIKJHX-QYZOEREBSA-N, XFILPEOLDIKJHX-QYZOEREBSA-N, XFILPEOLDIKJHX-QYZOEREBSA-N, XFILPEOLDIKJHX-QYZOEREBSA-N, XFILPEOLDIKJHX-QYZOEREBSA-N, XFILPEOLDIKJHX-QYZOEREBSA-N, XFILPEOLDIKJHX-QYZOEREBSA-N, XFILPEOLDIKJHX-QYZOEREBSA-N, XFILPEOLDIKJHX-QYZOEREBSA-N, XFILPEOLDIKJHX-QYZOEREBSA-N, XFILPEOLDIKJHX-QYZOEREBSA-N, XFILPEOLDIKJHX-QYZOEREBSA-N",Phase 3
bavisant,histamine receptor antagonist,HRH3,,,"MedChemEx, MedChemEx, MedChemEx",99.79,"O=C(N1CCN(CC1)C1CC1)c1ccc(CN2CCOCC2)cc1, O=C(N1CCN(CC1)C1CC1)c1ccc(CN2CCOCC2)cc1, O=C(N1CCN(CC1)C1CC1)c1ccc(CN2CCOCC2)cc1","BGBVSGSIXIIREO-UHFFFAOYSA-N, BGBVSGSIXIIREO-UHFFFAOYSA-N, BGBVSGSIXIIREO-UHFFFAOYSA-N",Phase 2
BAX-channel-blocker,cytochrome C release inhibitor,BAX,,,Tocris,90.53,O[C@@H](CN1CCNCC1)Cn1c2ccc(Br)cc2c2cc(Br)ccc12 |&1:1|,KUUJEXLRLIPQQJ-HNNXBMFYSA-N,Preclinical
BAY-K-8644-(+/-),L-type calcium channel blocker,,,,"Tocris, Tocris, Tocris",94.2,"COC(=O)C1=C(C)NC(C)=C([C@@H]1c1ccccc1C(F)(F)F)[N+]([O-])=O |r,c:4,9|, COC(=O)C1=C(C)NC(C)=C([C@@H]1c1ccccc1C(F)(F)F)[N+]([O-])=O |r,c:4,9|, COC(=O)C1=C(C)NC(C)=C([C@@H]1c1ccccc1C(F)(F)F)[N+]([O-])=O |r,c:4,9|","ZFLWDHHVRRZMEI-CYBMUJFWSA-N, ZFLWDHHVRRZMEI-CYBMUJFWSA-N, ZFLWDHHVRRZMEI-CYBMUJFWSA-N",Preclinical
BAY-K-8644-(s)-(-),L-type calcium channel activator,CACNA1C,,,Tocris,90.62,"COC(=O)C1=C(C)NC(C)=C([C@H]1c1ccccc1C(F)(F)F)[N+]([O-])=O |c:4,9|",ZFLWDHHVRRZMEI-ZDUSSCGKSA-N,Preclinical
BAY-W-9798,antioxidant,,,,Vitas-M,98.03,"COC(=O)C1=C(C)N(C)C(C)=C(C1c1ccc(cc1)C(F)(F)F)C(=O)OC |c:4,10|",AVFYPHPSIBAAME-UHFFFAOYSA-N,Phase 2
BAY-11-7082,NFkB pathway inhibitor,RELA,,,"Tocris, Tocris, Tocris, Tocris, Selleck, Selleck, Selleck, Selleck, Selleck, Selleck, Selleck, Selleck, Selleck",100,"Cc1ccc(cc1)S(=O)(=O)\C=C\C#N, Cc1ccc(cc1)S(=O)(=O)\C=C\C#N, Cc1ccc(cc1)S(=O)(=O)\C=C\C#N, Cc1ccc(cc1)S(=O)(=O)\C=C\C#N, Cc1ccc(cc1)S(=O)(=O)\C=C\C#N, Cc1ccc(cc1)S(=O)(=O)\C=C\C#N, Cc1ccc(cc1)S(=O)(=O)\C=C\C#N, Cc1ccc(cc1)S(=O)(=O)\C=C\C#N, Cc1ccc(cc1)S(=O)(=O)\C=C\C#N, Cc1ccc(cc1)S(=O)(=O)\C=C\C#N, Cc1ccc(cc1)S(=O)(=O)\C=C\C#N, Cc1ccc(cc1)S(=O)(=O)\C=C\C#N, Cc1ccc(cc1)S(=O)(=O)\C=C\C#N","DOEWDSDBFRHVAP-KRXBUXKQSA-N, DOEWDSDBFRHVAP-KRXBUXKQSA-N, DOEWDSDBFRHVAP-KRXBUXKQSA-N, DOEWDSDBFRHVAP-KRXBUXKQSA-N, DOEWDSDBFRHVAP-KRXBUXKQSA-N, DOEWDSDBFRHVAP-KRXBUXKQSA-N, DOEWDSDBFRHVAP-KRXBUXKQSA-N, DOEWDSDBFRHVAP-KRXBUXKQSA-N, DOEWDSDBFRHVAP-KRXBUXKQSA-N, DOEWDSDBFRHVAP-KRXBUXKQSA-N, DOEWDSDBFRHVAP-KRXBUXKQSA-N, DOEWDSDBFRHVAP-KRXBUXKQSA-N, DOEWDSDBFRHVAP-KRXBUXKQSA-N",Preclinical
BAY-11-7085,NFkB pathway inhibitor,NFKBIA,,,"Tocris, Tocris",91.4,"CC(C)(C)c1ccc(cc1)S(=O)(=O)\C=C\C#N, CC(C)(C)c1ccc(cc1)S(=O)(=O)\C=C\C#N","VHKZGNPOHPFPER-ONNFQVAWSA-N, VHKZGNPOHPFPER-ONNFQVAWSA-N",Preclinical
BAY-1251152,CDK9 inhibitor,,,,MedChemEx,97.4,COc1cc(F)ccc1-c1cc(Nc2cc(C[S@](C)(=N)=O)ccn2)ncc1F |r|,YZCUMZWULWOUMD-MUUNZHRXSA-N,Phase 1
BAY-1436032,isocitrate dehydrogenase inhibitor,,,,MedChemEx,97.89,C[C@H]1C[C@H](CC(C)(C)C1)n1c(Nc2ccc(OC(F)(F)F)cc2)nc2cc(CCC(O)=O)ccc12,RNMAUIMMNAHKQR-QFBILLFUSA-N,Phase 1
BAY-1895344,ATR kinase inhibitor,,,,MedChemEx,91.76,C[C@@H]1COCCN1c1cc(-c2ccnn2C)c2ccnc(-c3ccn[nH]3)c2n1,YBXRSCXGRPSTMW-CYBMUJFWSA-N,Phase 1
BAY-2402234,dihydroorotate dehydrogenase inhibitor,,,,"MedChemEx, MedChemEx",95.83,"CCn1c(CO)nn(-c2cc(O[C@@H](C)C(F)(F)F)c(cc2F)C(=O)Nc2c(F)cccc2Cl)c1=O, CCn1c(CO)nn(-c2cc(O[C@@H](C)C(F)(F)F)c(cc2F)C(=O)Nc2c(F)cccc2Cl)c1=O","KNVJMHHAXCPZHF-JTQLQIEISA-N, KNVJMHHAXCPZHF-JTQLQIEISA-N",Phase 1
BAY-41-2272,guanylyl cyclase activator,"GUCY1A3, GUCY1B3",,,"Tocris, Tocris, Tocris, Tocris",99.07,"Nc1nc(ncc1C1CC1)-c1nn(Cc2ccccc2F)c2ncccc12, Nc1nc(ncc1C1CC1)-c1nn(Cc2ccccc2F)c2ncccc12, Nc1nc(ncc1C1CC1)-c1nn(Cc2ccccc2F)c2ncccc12, Nc1nc(ncc1C1CC1)-c1nn(Cc2ccccc2F)c2ncccc12","ATOAHNRJAXSBOR-UHFFFAOYSA-N, ATOAHNRJAXSBOR-UHFFFAOYSA-N, ATOAHNRJAXSBOR-UHFFFAOYSA-N, ATOAHNRJAXSBOR-UHFFFAOYSA-N",Preclinical
BAY-60-6583,adenosine receptor agonist,"ADORA1, ADORA2A, ADORA2B, ADORA3",,,"Tocris, Tocris",96.22,"NC(=O)CSc1nc(N)c(C#N)c(-c2ccc(OCC3CC3)cc2)c1C#N, NC(=O)CSc1nc(N)c(C#N)c(-c2ccc(OCC3CC3)cc2)c1C#N","ZTYHZMAZUWOXNC-UHFFFAOYSA-N, ZTYHZMAZUWOXNC-UHFFFAOYSA-N",Preclinical
BAY-60-7550,phosphodiesterase inhibitor,PDE2A,,,MedChemEx,93.86,COc1ccc(Cc2nc(=O)c3c(C)nc([C@@H](CCCc4ccccc4)[C@@H](C)O)n3[nH]2)cc1OC,MYTWFJKBZGMYCS-NQIIRXRSSA-N,Preclinical
BAY-61-3606,SYK inhibitor,SYK,,,"MedChemEx, MedChemEx, MedChemEx, MedChemEx, MedChemEx",93.77,"COc1ccc(cc1OC)-c1cc2nccn2c(Nc2ncccc2C(N)=O)n1, COc1ccc(cc1OC)-c1cc2nccn2c(Nc2ncccc2C(N)=O)n1, COc1ccc(cc1OC)-c1cc2nccn2c(Nc2ncccc2C(N)=O)n1, COc1ccc(cc1OC)-c1cc2nccn2c(Nc2ncccc2C(N)=O)n1, COc1ccc(cc1OC)-c1cc2nccn2c(Nc2ncccc2C(N)=O)n1","JWQOJVOKBAAAAR-UHFFFAOYSA-N, JWQOJVOKBAAAAR-UHFFFAOYSA-N, JWQOJVOKBAAAAR-UHFFFAOYSA-N, JWQOJVOKBAAAAR-UHFFFAOYSA-N, JWQOJVOKBAAAAR-UHFFFAOYSA-N",Preclinical
BAY-8002,monocarboxylate transporter inhibitor,,,,MedChemEx,91.78,OC(=O)c1ccccc1NC(=O)c1cc(ccc1Cl)S(=O)(=O)c1ccccc1,CLAUJSRBKSRTGQ-UHFFFAOYSA-N,Preclinical
BAY-85-8050,,,,,AlfaAesar,100,"N[C@@H](C[C@@H](F)C(O)=O)C(O)=O |&1:1,&2:3,r|",JPSHPWJJSVEEAX-GBXIJSLDSA-N,Phase 1
BAY-87-2243,hypoxia inducible factor inhibitor,HIF1A,,,"MedChemEx, MedChemEx, MedChemEx, MedChemEx, MedChemEx, MedChemEx, MedChemEx",96.05,"Cc1cc(nn1Cc1ccnc(c1)N1CCN(CC1)C1CC1)-c1nc(no1)-c1ccc(OC(F)(F)F)cc1, Cc1cc(nn1Cc1ccnc(c1)N1CCN(CC1)C1CC1)-c1nc(no1)-c1ccc(OC(F)(F)F)cc1, Cc1cc(nn1Cc1ccnc(c1)N1CCN(CC1)C1CC1)-c1nc(no1)-c1ccc(OC(F)(F)F)cc1, Cc1cc(nn1Cc1ccnc(c1)N1CCN(CC1)C1CC1)-c1nc(no1)-c1ccc(OC(F)(F)F)cc1, Cc1cc(nn1Cc1ccnc(c1)N1CCN(CC1)C1CC1)-c1nc(no1)-c1ccc(OC(F)(F)F)cc1, Cc1cc(nn1Cc1ccnc(c1)N1CCN(CC1)C1CC1)-c1nc(no1)-c1ccc(OC(F)(F)F)cc1, Cc1cc(nn1Cc1ccnc(c1)N1CCN(CC1)C1CC1)-c1nc(no1)-c1ccc(OC(F)(F)F)cc1","CDJNNOJINJAXPV-UHFFFAOYSA-N, CDJNNOJINJAXPV-UHFFFAOYSA-N, CDJNNOJINJAXPV-UHFFFAOYSA-N, CDJNNOJINJAXPV-UHFFFAOYSA-N, CDJNNOJINJAXPV-UHFFFAOYSA-N, CDJNNOJINJAXPV-UHFFFAOYSA-N, CDJNNOJINJAXPV-UHFFFAOYSA-N",Phase 1
BAY1125976,AKT inhibitor,,,,MedChemEx,93.59,NC(=O)c1ccc2nc(c(-c3ccccc3)n2n1)-c1ccc(cc1)C1(N)CCC1,JBGYKRAZYDNCNV-UHFFFAOYSA-N,Phase 1
BAY1217389,kinase inhibitor,,,,MedChemEx,97.87,COc1ccc(Oc2cc(NCCC(F)(F)F)c3ncc(-c4ccc(C(=O)NC5CC5)c(C)c4)n3n2)c(F)c1F,WNEILUNVMHVMPH-UHFFFAOYSA-N,Phase 1
bazedoxifene,selective estrogen receptor modulator (SERM),"ESR1, ESR2","orthopedics, endocrinology","osteoporosis, menopause","Tocris, Tocris, Tocris, Tocris, Selleck, Selleck, Selleck, Selleck, Selleck, Selleck, Selleck, Selleck, Selleck, Selleck",95.6,"Cc1c(-c2ccc(O)cc2)n(Cc2ccc(OCCN3CCCCCC3)cc2)c2ccc(O)cc12, Cc1c(-c2ccc(O)cc2)n(Cc2ccc(OCCN3CCCCCC3)cc2)c2ccc(O)cc12, Cc1c(-c2ccc(O)cc2)n(Cc2ccc(OCCN3CCCCCC3)cc2)c2ccc(O)cc12, Cc1c(-c2ccc(O)cc2)n(Cc2ccc(OCCN3CCCCCC3)cc2)c2ccc(O)cc12, Cc1c(-c2ccc(O)cc2)n(Cc2ccc(OCCN3CCCCCC3)cc2)c2ccc(O)cc12, Cc1c(-c2ccc(O)cc2)n(Cc2ccc(OCCN3CCCCCC3)cc2)c2ccc(O)cc12, Cc1c(-c2ccc(O)cc2)n(Cc2ccc(OCCN3CCCCCC3)cc2)c2ccc(O)cc12, Cc1c(-c2ccc(O)cc2)n(Cc2ccc(OCCN3CCCCCC3)cc2)c2ccc(O)cc12, Cc1c(-c2ccc(O)cc2)n(Cc2ccc(OCCN3CCCCCC3)cc2)c2ccc(O)cc12, Cc1c(-c2ccc(O)cc2)n(Cc2ccc(OCCN3CCCCCC3)cc2)c2ccc(O)cc12, Cc1c(-c2ccc(O)cc2)n(Cc2ccc(OCCN3CCCCCC3)cc2)c2ccc(O)cc12, Cc1c(-c2ccc(O)cc2)n(Cc2ccc(OCCN3CCCCCC3)cc2)c2ccc(O)cc12, Cc1c(-c2ccc(O)cc2)n(Cc2ccc(OCCN3CCCCCC3)cc2)c2ccc(O)cc12, Cc1c(-c2ccc(O)cc2)n(Cc2ccc(OCCN3CCCCCC3)cc2)c2ccc(O)cc12","UCJGJABZCDBEDK-UHFFFAOYSA-N, UCJGJABZCDBEDK-UHFFFAOYSA-N, UCJGJABZCDBEDK-UHFFFAOYSA-N, UCJGJABZCDBEDK-UHFFFAOYSA-N, UCJGJABZCDBEDK-UHFFFAOYSA-N, UCJGJABZCDBEDK-UHFFFAOYSA-N, UCJGJABZCDBEDK-UHFFFAOYSA-N, UCJGJABZCDBEDK-UHFFFAOYSA-N, UCJGJABZCDBEDK-UHFFFAOYSA-N, UCJGJABZCDBEDK-UHFFFAOYSA-N, UCJGJABZCDBEDK-UHFFFAOYSA-N, UCJGJABZCDBEDK-UHFFFAOYSA-N, UCJGJABZCDBEDK-UHFFFAOYSA-N, UCJGJABZCDBEDK-UHFFFAOYSA-N",Launched
BAZ2-ICR,bromodomain inhibitor,ZNF215,,,"Tocris, Tocris, Tocris",98.89,"Cn1cc(CCn2cnc(-c3cnn(C)c3)c2-c2ccc(cc2)C#N)cn1, Cn1cc(CCn2cnc(-c3cnn(C)c3)c2-c2ccc(cc2)C#N)cn1, Cn1cc(CCn2cnc(-c3cnn(C)c3)c2-c2ccc(cc2)C#N)cn1","RRZVGDGTWNQAPW-UHFFFAOYSA-N, RRZVGDGTWNQAPW-UHFFFAOYSA-N, RRZVGDGTWNQAPW-UHFFFAOYSA-N",Preclinical
BC-11,urokinase inhibitor,PLAU,,,"Tocris, Tocris",95.59,"NC(=N)SCc1ccc(cc1)B(O)O, NC(=N)SCc1ccc(cc1)B(O)O","KDQVMGQHPAKJAN-UHFFFAOYSA-N, KDQVMGQHPAKJAN-UHFFFAOYSA-N",Preclinical
BCI-540,glutamate receptor agonist,,,,"MedChemEx, MedChemEx, MedChemEx",99.63,"Cc1oc2nc3CCCCc3c(NC(=O)CN3CCCC3=O)c2c1C, Cc1oc2nc3CCCCc3c(NC(=O)CN3CCCC3=O)c2c1C, Cc1oc2nc3CCCCc3c(NC(=O)CN3CCCC3=O)c2c1C","PSPGQHXMUKWNDI-UHFFFAOYSA-N, PSPGQHXMUKWNDI-UHFFFAOYSA-N, PSPGQHXMUKWNDI-UHFFFAOYSA-N",Phase 2
BCTC,TRPV antagonist,TRPV1,,,"Tocris, Tocris",93.69,"CC(C)(C)c1ccc(NC(=O)N2CCN(CC2)c2ncccc2Cl)cc1, CC(C)(C)c1ccc(NC(=O)N2CCN(CC2)c2ncccc2Cl)cc1","ROGUAPYLUCHQGK-UHFFFAOYSA-N, ROGUAPYLUCHQGK-UHFFFAOYSA-N",Preclinical
BCX-1470,"complement inhibitor, serine protease inhibitor",CFD,,,"MedChemEx, MedChemEx",94.08,"NC(=N)c1cc2ccc(OC(=O)c3cccs3)cc2s1, NC(=N)c1cc2ccc(OC(=O)c3cccs3)cc2s1","OTGQTQBPQCRNRG-UHFFFAOYSA-N, OTGQTQBPQCRNRG-UHFFFAOYSA-N",Phase 1
BD-1008,sigma receptor antagonist,,,,"Tocris, Tocris",91,"CN(CCN1CCCC1)CCc1ccc(Cl)c(Cl)c1, CN(CCN1CCCC1)CCc1ccc(Cl)c(Cl)c1","ASGIQUHBAVIOTI-UHFFFAOYSA-N, ASGIQUHBAVIOTI-UHFFFAOYSA-N",Preclinical
BD-1047,adrenergic receptor antagonist,SIGMAR1,,,"Tocris, Tocris, Tocris",94.48,"CN(C)CCN(C)CCc1ccc(Cl)c(Cl)c1, CN(C)CCN(C)CCc1ccc(Cl)c(Cl)c1, CN(C)CCN(C)CCc1ccc(Cl)c(Cl)c1","MGVRNMUKTZOQOW-UHFFFAOYSA-N, MGVRNMUKTZOQOW-UHFFFAOYSA-N, MGVRNMUKTZOQOW-UHFFFAOYSA-N",Preclinical
BD-1063,sigma receptor antagonist,SIGMAR1,,,Tocris,96.05,CN1CCN(CCc2ccc(Cl)c(Cl)c2)CC1,SUIZRDJCBVPASY-UHFFFAOYSA-N,Preclinical
BE-2254,adrenergic receptor antagonist,ADRA1A,,,"Biotrend, Tocris",32.4,"Oc1ccc(CCNC[C@H]2CCc3ccccc3C2=O)cc1 |r|, Oc1ccc(CCNC[C@H]2CCc3ccccc3C2=O)cc1 |r|","PZZOEXPDTYIBPI-MRXNPFEDSA-N, PZZOEXPDTYIBPI-MRXNPFEDSA-N",Phase 2
BEBT-908,PI3K inhibitor,,,,MedChemEx,92.39,CNc1ccc(cn1)-c1nc(N2CCOCC2)c2sc(CN(C)c3ncc(cn3)C(=O)NO)cc2n1,TWJZFXHSPBBPNI-UHFFFAOYSA-N,Preclinical
beclabuvir,antiviral,,,,MedChemEx,95.47,COc1ccc2-c3c(C4CCCCC4)c4ccc(cc4n3C[C@]3(C[C@H]3c2c1)C(=O)N1[C@H]2CC[C@@H]1CN(C)C2)C(=O)NS(=O)(=O)N(C)C |THB:27:29:31.32:34.35.37|,ZTTKEBYSXUCBSE-QDFUAKMASA-N,Phase 2
beclamide,anticonvulsant,,neurology/psychiatry,"sedative, seizures","MedChemEx, MicroSource",96.76,"ClCCC(=O)NCc1ccccc1, ClCCC(=O)NCc1ccccc1","JPYQFYIEOUVJDU-UHFFFAOYSA-N, JPYQFYIEOUVJDU-UHFFFAOYSA-N",Launched
beclomethasone,glucocorticoid receptor agonist,"NR3C1, SERPINA6",allergy,allergic rhinitis,"AvaChem, AvaChem, AvaChem",92.3,"C[C@H]1C[C@H]2[C@H]3CCC4=CC(=O)C=C[C@@]4(C)[C@@]3(Cl)[C@@H](O)C[C@@]2(C)[C@@]1(O)C(=O)CO |&1:1,&2:3,&3:4,&4:13,&5:15,&6:17,&7:20,&8:22,r,c:11,t:7|, C[C@H]1C[C@H]2[C@H]3CCC4=CC(=O)C=C[C@@]4(C)[C@@]3(Cl)[C@@H](O)C[C@@]2(C)[C@@]1(O)C(=O)CO |&1:1,&2:3,&3:4,&4:13,&5:15,&6:17,&7:20,&8:22,r,c:11,t:7|, C[C@H]1C[C@H]2[C@H]3CCC4=CC(=O)C=C[C@@]4(C)[C@@]3(Cl)[C@@H](O)C[C@@]2(C)[C@@]1(O)C(=O)CO |&1:1,&2:3,&3:4,&4:13,&5:15,&6:17,&7:20,&8:22,r,c:11,t:7|","NBMKJKDGKREAPL-DGLOSGAVSA-N, NBMKJKDGKREAPL-DGLOSGAVSA-N, NBMKJKDGKREAPL-DGLOSGAVSA-N",Launched
beclomethasone-dipropionate,glucocorticoid receptor agonist,"GPR97, NR3C1",allergy,allergic rhinitis,"MicroSource, MedChemEx, MedChemEx, Selleck, Selleck, Selleck",98.04,"CCC(=O)OCC(=O)[C@@]1(OC(=O)CC)[C@@H](C)C[C@H]2[C@@H]3CCC4=CC(=O)C=C[C@]4(C)[C@@]3(Cl)[C@@H](O)C[C@]12C |c:25,t:21|, CCC(=O)OCC(=O)[C@@]1(OC(=O)CC)[C@@H](C)C[C@H]2[C@@H]3CCC4=CC(=O)C=C[C@]4(C)[C@@]3(Cl)[C@@H](O)C[C@]12C |c:25,t:21|, CCC(=O)OCC(=O)[C@@]1(OC(=O)CC)[C@@H](C)C[C@H]2[C@@H]3CCC4=CC(=O)C=C[C@]4(C)[C@@]3(Cl)[C@@H](O)C[C@]12C |c:25,t:21|, CCC(=O)OCC(=O)[C@@]1(OC(=O)CC)[C@@H](C)C[C@H]2[C@@H]3CCC4=CC(=O)C=C[C@]4(C)[C@@]3(Cl)[C@@H](O)C[C@]12C |c:25,t:21|, CCC(=O)OCC(=O)[C@@]1(OC(=O)CC)[C@@H](C)C[C@H]2[C@@H]3CCC4=CC(=O)C=C[C@]4(C)[C@@]3(Cl)[C@@H](O)C[C@]12C |c:25,t:21|, CCC(=O)OCC(=O)[C@@]1(OC(=O)CC)[C@@H](C)C[C@H]2[C@@H]3CCC4=CC(=O)C=C[C@]4(C)[C@@]3(Cl)[C@@H](O)C[C@]12C |c:25,t:21|","KUVIULQEHSCUHY-XYWKZLDCSA-N, KUVIULQEHSCUHY-XYWKZLDCSA-N, KUVIULQEHSCUHY-XYWKZLDCSA-N, KUVIULQEHSCUHY-XYWKZLDCSA-N, KUVIULQEHSCUHY-XYWKZLDCSA-N, KUVIULQEHSCUHY-XYWKZLDCSA-N",Launched
bedaquiline,ATPase inhibitor,,infectious disease,tuberculosis,"MedChemEx, MedChemEx, MedChemEx, MedChemEx",92.56,"COc1nc2ccc(Br)cc2cc1[C@@H](c1ccccc1)[C@@](O)(CCN(C)C)c1cccc2ccccc12, COc1nc2ccc(Br)cc2cc1[C@@H](c1ccccc1)[C@@](O)(CCN(C)C)c1cccc2ccccc12, COc1nc2ccc(Br)cc2cc1[C@@H](c1ccccc1)[C@@](O)(CCN(C)C)c1cccc2ccccc12, COc1nc2ccc(Br)cc2cc1[C@@H](c1ccccc1)[C@@](O)(CCN(C)C)c1cccc2ccccc12","QUIJNHUBAXPXFS-XLJNKUFUSA-N, QUIJNHUBAXPXFS-XLJNKUFUSA-N, QUIJNHUBAXPXFS-XLJNKUFUSA-N, QUIJNHUBAXPXFS-XLJNKUFUSA-N",Launched
befuraline,,,,,Enamine,96.8,O=C(N1CCN(Cc2ccccc2)CC1)c1cc2ccccc2o1,SRIJFPBZWUFLFD-UHFFFAOYSA-N,Phase 2
begacestat,gamma secretase inhibitor,PSEN1,,,"Tocris, Sigma, Sigma",89.43,"OC[C@@H](NS(=O)(=O)c1ccc(Cl)s1)C(C(F)(F)F)C(F)(F)F, OC[C@@H](NS(=O)(=O)c1ccc(Cl)s1)C(C(F)(F)F)C(F)(F)F, OC[C@@H](NS(=O)(=O)c1ccc(Cl)s1)C(C(F)(F)F)C(F)(F)F","PSXOKXJMVRSARX-SCSAIBSYSA-N, PSXOKXJMVRSARX-SCSAIBSYSA-N, PSXOKXJMVRSARX-SCSAIBSYSA-N",Phase 1
bekanamycin,bacterial 30S ribosomal subunit inhibitor,,infectious disease,gram-negative bacterial infections,"MedChemEx, Selleck, MicroSource, MicroSource",100,"NC[C@H]1O[C@H](O[C@@H]2[C@@H](N)C[C@@H](N)[C@H](O[C@H]3O[C@H](CO)[C@@H](O)[C@H](N)[C@H]3O)[C@H]2O)[C@H](N)[C@@H](O)[C@@H]1O, NC[C@H]1O[C@H](O[C@@H]2[C@@H](N)C[C@@H](N)[C@H](O[C@H]3O[C@H](CO)[C@@H](O)[C@H](N)[C@H]3O)[C@H]2O)[C@H](N)[C@@H](O)[C@@H]1O, NC[C@H]1O[C@H](O[C@@H]2[C@@H](N)C[C@@H](N)[C@H](O[C@H]3O[C@H](CO)[C@@H](O)[C@H](N)[C@H]3O)[C@H]2O)[C@H](N)[C@@H](O)[C@@H]1O, NC[C@H]1O[C@H](O[C@@H]2[C@@H](N)C[C@@H](N)[C@H](O[C@H]3O[C@H](CO)[C@@H](O)[C@H](N)[C@H]3O)[C@H]2O)[C@H](N)[C@@H](O)[C@@H]1O","SKKLOUVUUNMCJE-FQSMHNGLSA-N, SKKLOUVUUNMCJE-FQSMHNGLSA-N, SKKLOUVUUNMCJE-FQSMHNGLSA-N, SKKLOUVUUNMCJE-FQSMHNGLSA-N",Launched
belinostat,HDAC inhibitor,"HDAC1, HDAC10, HDAC11, HDAC2, HDAC3, HDAC4, HDAC5, HDAC6, HDAC7, HDAC8, HDAC9",hematologic malignancy,peripheral T-cell lymphoma (PTCL),"Selleck, Selleck, Selleck, Selleck, CMLD/Broad, CMLD/Broad, CMLD/Broad",94.73,"ONC(=O)\C=C\c1cccc(c1)S(=O)(=O)Nc1ccccc1, ONC(=O)\C=C\c1cccc(c1)S(=O)(=O)Nc1ccccc1, ONC(=O)\C=C\c1cccc(c1)S(=O)(=O)Nc1ccccc1, ONC(=O)\C=C\c1cccc(c1)S(=O)(=O)Nc1ccccc1, ONC(=O)\C=C\c1cccc(c1)S(=O)(=O)Nc1ccccc1, ONC(=O)\C=C\c1cccc(c1)S(=O)(=O)Nc1ccccc1, ONC(=O)\C=C\c1cccc(c1)S(=O)(=O)Nc1ccccc1","NCNRHFGMJRPRSK-MDZDMXLPSA-N, NCNRHFGMJRPRSK-MDZDMXLPSA-N, NCNRHFGMJRPRSK-MDZDMXLPSA-N, NCNRHFGMJRPRSK-MDZDMXLPSA-N, InChI=1S/C15H14N2O4S/c18-15(16-19)10-9-12-5-4-8-14(11-12)22(20,21)17-13-6-2-1-3-7-13/h1-11,17,19H,(H,16,18)/b10-9+, InChI=1S/C15H14N2O4S/c18-15(16-19)10-9-12-5-4-8-14(11-12)22(20,21)17-13-6-2-1-3-7-13/h1-11,17,19H,(H,16,18)/b10-9+, InChI=1S/C15H14N2O4S/c18-15(16-19)10-9-12-5-4-8-14(11-12)22(20,21)17-13-6-2-1-3-7-13/h1-11,17,19H,(H,16,18)/b10-9+",Launched
belizatinib,receptor tyrosine protein kinase inhibitor,,,,MedChemEx,95.9,CC(C)NC(=O)[C@H]1CC[C@H](CC1)n1c(NC(=O)c2ccc(F)cc2)nc2ccc(CN3CCC(CC3)C(C)(C)O)cc12 |r|,WSTUJEXAPHIEIM-FEGDYQJNSA-N,Preclinical
belotecan,topoisomerase inhibitor,,,,MedChemEx,97.3,CC[C@@]1(O)C(=O)OCc2c1cc1-c3nc4ccccc4c(CCNC(C)C)c3Cn1c2=O,LNHWXBUNXOXMRL-VWLOTQADSA-N,Phase 3
bemegride,chemoreceptor agonist,GABRA1,critical care,poison antidote,"MedChemEx, Selleck, Selleck",90.86,"CCC1(C)CC(=O)NC(=O)C1, CCC1(C)CC(=O)NC(=O)C1, CCC1(C)CC(=O)NC(=O)C1","ORRZGUBHBVWWOP-UHFFFAOYSA-N, ORRZGUBHBVWWOP-UHFFFAOYSA-N, ORRZGUBHBVWWOP-UHFFFAOYSA-N",Launched
bemesetron,serotonin receptor antagonist,"HTR3A, HTR3B",,,Tocris,95.61,"CN1[C@H]2CC[C@@H]1C[C@@H](C2)OC(=O)c1cc(Cl)cc(Cl)c1 |r,THB:0:1:3.4:6.7.8|",MNJNPLVXBISNSX-WDNDVIMCSA-N,Phase 3
bemotrizinol,,,dermatology,sunscreen lotion,"MicroSource, Sigma",0,"CCCC[C@H](CC)COc1ccc(c(O)c1)-c1nc(nc(n1)-c1ccc(OC[C@H](CC)CCCC)cc1O)-c1ccc(OC)cc1 |&1:28,&2:4|, CCCC[C@H](CC)COc1ccc(c(O)c1)-c1nc(nc(n1)-c1ccc(OC[C@H](CC)CCCC)cc1O)-c1ccc(OC)cc1 |&1:28,&2:4|","XVAMCHGMPYWHNL-MKPDMIMOSA-N, XVAMCHGMPYWHNL-MKPDMIMOSA-N",Launched
bempedoic-acid,AMPK inhibitor,ACLY,,,MedChemEx,98.6,CC(C)(CCCCCC(O)CCCCCC(C)(C)C(O)=O)C(O)=O,HYHMLYSLQUKXKP-UHFFFAOYSA-N,Launched
benactyzine,butyrylcholinesterase inhibitor,,,,MedChemEx,93.3,CCN(CC)CCOC(=O)C(O)(c1ccccc1)c1ccccc1,IVQOFBKHQCTVQV-UHFFFAOYSA-N,Preclinical
benaxibine,,,,,Labotest,100,OC[C@H]1O[C@@H](Nc2ccc(cc2)C(O)=O)[C@H](O)[C@@H](O)[C@@H]1O,VXMVXDITZWJXJN-RMPHRYRLSA-N,Phase 1
benazepril,angiotensin converting enzyme inhibitor,ACE,cardiology,hypertension,"MicroSource, Tocris, Tocris, Selleck, Tocris, Tocris",98.86,"CCOC(=O)[C@H](CCc1ccccc1)N[C@H]1CCc2ccccc2N(CC(O)=O)C1=O, CCOC(=O)[C@H](CCc1ccccc1)N[C@H]1CCc2ccccc2N(CC(O)=O)C1=O, CCOC(=O)[C@H](CCc1ccccc1)N[C@H]1CCc2ccccc2N(CC(O)=O)C1=O, CCOC(=O)[C@H](CCc1ccccc1)N[C@H]1CCc2ccccc2N(CC(O)=O)C1=O, CCOC(=O)[C@H](CCc1ccccc1)N[C@H]1CCc2ccccc2N(CC(O)=O)C1=O, CCOC(=O)[C@H](CCc1ccccc1)N[C@H]1CCc2ccccc2N(CC(O)=O)C1=O","XPCFTKFZXHTYIP-PMACEKPBSA-N, XPCFTKFZXHTYIP-PMACEKPBSA-N, XPCFTKFZXHTYIP-PMACEKPBSA-N, XPCFTKFZXHTYIP-PMACEKPBSA-N, XPCFTKFZXHTYIP-PMACEKPBSA-N, XPCFTKFZXHTYIP-PMACEKPBSA-N",Launched
bendamustine,DNA inhibitor,,hematologic malignancy,"chronic lymphocytic leukemia (CLL), non-Hodgkin lymphoma (NHL)","Selleck, Selleck, Selleck",95.54,"Cn1c(CCCC(O)=O)nc2cc(ccc12)N(CCCl)CCCl, Cn1c(CCCC(O)=O)nc2cc(ccc12)N(CCCl)CCCl, Cn1c(CCCC(O)=O)nc2cc(ccc12)N(CCCl)CCCl","YTKUWDBFDASYHO-UHFFFAOYSA-N, YTKUWDBFDASYHO-UHFFFAOYSA-N, YTKUWDBFDASYHO-UHFFFAOYSA-N",Launched
bendazac,cyclooxygenase inhibitor,"PTGS1, PTGS2","neurology/psychiatry, rheumatology","muscle pain, joint pain",Key,97.29,OC(=O)COc1nn(Cc2ccccc2)c2ccccc12,BYFMCKSPFYVMOU-UHFFFAOYSA-N,Launched
bendazol,nitric oxide synthase stimulant,,,,MedChemEx,98.22,C(c1nc2ccccc2[nH]1)c1ccccc1,YTLQFZVCLXFFRK-UHFFFAOYSA-N,Launched
bendroflumethiazide,sodium/potassium/chloride transporter inhibitor,"SLC12A1, SLC12A3",cardiology,hypertension,"MicroSource, Selleck, Selleck, Selleck",98.93,"NS(=O)(=O)c1cc2c(N[C@@H](Cc3ccccc3)NS2(=O)=O)cc1C(F)(F)F |&1:9,r|, NS(=O)(=O)c1cc2c(N[C@@H](Cc3ccccc3)NS2(=O)=O)cc1C(F)(F)F |&1:9,r|, NS(=O)(=O)c1cc2c(N[C@@H](Cc3ccccc3)NS2(=O)=O)cc1C(F)(F)F |&1:9,r|, NS(=O)(=O)c1cc2c(N[C@@H](Cc3ccccc3)NS2(=O)=O)cc1C(F)(F)F |&1:9,r|","HDWIHXWEUNVBIY-CQSZACIVSA-N, HDWIHXWEUNVBIY-CQSZACIVSA-N, HDWIHXWEUNVBIY-CQSZACIVSA-N, HDWIHXWEUNVBIY-CQSZACIVSA-N",Launched
benethamine,,,,,Enamine,99.27,C(Cc1ccccc1)NCc1ccccc1,UPABQMWFWCMOFV-UHFFFAOYSA-N,Preclinical
benfluorex,gluconeogenesis inhibitor,HMGCR,,,MedChemEx,96.62,C[C@@H](Cc1cccc(c1)C(F)(F)F)NCCOC(=O)c1ccccc1 |r|,CJAVTWRYCDNHSM-AWEZNQCLSA-N,Withdrawn
benfluralin,,"CYP1A1, CYP1A2, CYP2B6, CYP3A4, ESR1, MMP1, SULT2A1, UGT1A1",,,"Sigma, Sigma",97.41,"CCCCN(CC)c1c(cc(cc1[N+]([O-])=O)C(F)(F)F)[N+]([O-])=O, CCCCN(CC)c1c(cc(cc1[N+]([O-])=O)C(F)(F)F)[N+]([O-])=O","SMDHCQAYESWHAE-UHFFFAOYSA-N, SMDHCQAYESWHAE-UHFFFAOYSA-N",Phase 3
benfotiamine,antioxidant,AGER,rheumatology,lumbago,"MicroSource, Selleck, MedChemEx, Selleck",93.58,"C\C(N(Cc1cnc(C)nc1N)C=O)=C(/CCOP(O)(O)=O)SC(=O)c1ccccc1, C\C(N(Cc1cnc(C)nc1N)C=O)=C(/CCOP(O)(O)=O)SC(=O)c1ccccc1, C\C(N(Cc1cnc(C)nc1N)C=O)=C(/CCOP(O)(O)=O)SC(=O)c1ccccc1, C\C(N(Cc1cnc(C)nc1N)C=O)=C(/CCOP(O)(O)=O)SC(=O)c1ccccc1","BTNNPSLJPBRMLZ-LGMDPLHJSA-N, BTNNPSLJPBRMLZ-LGMDPLHJSA-N, BTNNPSLJPBRMLZ-LGMDPLHJSA-N, BTNNPSLJPBRMLZ-LGMDPLHJSA-N",Launched
benidipine,calcium channel blocker,"CACNA1C, CACNA1G",cardiology,hypertension,"Selleck, Selleck, Selleck, Selleck, Selleck, Selleck, Selleck",99.21,"COC(=O)C1=C(C)NC(C)=C([C@@H]1c1cccc(c1)[N+]([O-])=O)C(=O)O[C@@H]1CCCN(Cc2ccccc2)C1, COC(=O)C1=C(C)NC(C)=C([C@@H]1c1cccc(c1)[N+]([O-])=O)C(=O)O[C@@H]1CCCN(Cc2ccccc2)C1, COC(=O)C1=C(C)NC(C)=C([C@@H]1c1cccc(c1)[N+]([O-])=O)C(=O)O[C@@H]1CCCN(Cc2ccccc2)C1, COC(=O)C1=C(C)NC(C)=C([C@@H]1c1cccc(c1)[N+]([O-])=O)C(=O)O[C@@H]1CCCN(Cc2ccccc2)C1, COC(=O)C1=C(C)NC(C)=C([C@@H]1c1cccc(c1)[N+]([O-])=O)C(=O)O[C@@H]1CCCN(Cc2ccccc2)C1, COC(=O)C1=C(C)NC(C)=C([C@@H]1c1cccc(c1)[N+]([O-])=O)C(=O)O[C@@H]1CCCN(Cc2ccccc2)C1, COC(=O)C1=C(C)NC(C)=C([C@@H]1c1cccc(c1)[N+]([O-])=O)C(=O)O[C@@H]1CCCN(Cc2ccccc2)C1","QZVNQOLPLYWLHQ-ZEQKJWHPSA-N, QZVNQOLPLYWLHQ-ZEQKJWHPSA-N, QZVNQOLPLYWLHQ-ZEQKJWHPSA-N, QZVNQOLPLYWLHQ-ZEQKJWHPSA-N, QZVNQOLPLYWLHQ-ZEQKJWHPSA-N, QZVNQOLPLYWLHQ-ZEQKJWHPSA-N, QZVNQOLPLYWLHQ-ZEQKJWHPSA-N",Launched
benperidol,dopamine receptor antagonist,DRD2,neurology/psychiatry,schizophrenia,"Sigma, Prestwick",96.81,"Fc1ccc(cc1)C(=O)CCCN1CCC(CC1)n1c2ccccc2[nH]c1=O, Fc1ccc(cc1)C(=O)CCCN1CCC(CC1)n1c2ccccc2[nH]c1=O","FEBOTPHFXYHVPL-UHFFFAOYSA-N, FEBOTPHFXYHVPL-UHFFFAOYSA-N",Launched
benproperine,antitussive,SCN5A,pulmonary,cough suppressant,AvaChem,97.04,"C[C@@H](COc1ccccc1Cc1ccccc1)N1CCCCC1 |&1:1,r|",JTUQXGZRVLWBCR-SFHVURJKSA-N,Launched
benserazide,DOPA decarboxylase inhibitor,DDC,neurology/psychiatry,Parkinson's Disease,"MicroSource, Selleck",93.52,"NC(CO)C(=O)NNCc1ccc(O)c(O)c1O, NC(CO)C(=O)NNCc1ccc(O)c(O)c1O","BNQDCRGUHNALGH-UHFFFAOYSA-N, BNQDCRGUHNALGH-UHFFFAOYSA-N",Launched
bentiromide,,HPN,gastroenterology,pancreas diagnostic agent,"Selleck, Selleck, Selleck",98.07,"OC(=O)c1ccc(NC(=O)[C@H](Cc2ccc(O)cc2)NC(=O)c2ccccc2)cc1, OC(=O)c1ccc(NC(=O)[C@H](Cc2ccc(O)cc2)NC(=O)c2ccccc2)cc1, OC(=O)c1ccc(NC(=O)[C@H](Cc2ccc(O)cc2)NC(=O)c2ccccc2)cc1","SPPTWHFVYKCNNK-FQEVSTJZSA-N, SPPTWHFVYKCNNK-FQEVSTJZSA-N, SPPTWHFVYKCNNK-FQEVSTJZSA-N",Launched
benurestat,urease inhibitor,,,,"MicroSource, LifeChem",94.64,"ONC(=O)CNC(=O)c1ccc(Cl)cc1, ONC(=O)CNC(=O)c1ccc(Cl)cc1","JFZGBMJPJZDNNT-UHFFFAOYSA-N, JFZGBMJPJZDNNT-UHFFFAOYSA-N",Phase 1
benzalkonium,cationic surfactant,,dermatology,"abrasions, superficial cuts","MicroSource, Selleck",0,"CCCCCCCCCCCCC[N+](C)(C)Cc1ccccc1, CCCCCCCCCCCCC[N+](C)(C)Cc1ccccc1","VVZBFOKBSDGVGZ-UHFFFAOYSA-N, VVZBFOKBSDGVGZ-UHFFFAOYSA-N",Launched
benzamil,sodium channel blocker,"ASIC1, PKD2L1, SCNN1A, SCNN1B, SCNN1D, SCNN1G, SLC8A1",,,"Tocris, Enzo, Tocris",97.72,"NC(NCc1ccccc1)=NC(=O)c1nc(Cl)c(N)nc1N, NC(NCc1ccccc1)=NC(=O)c1nc(Cl)c(N)nc1N, NC(NCc1ccccc1)=NC(=O)c1nc(Cl)c(N)nc1N","KXDROGADUISDGY-UHFFFAOYSA-N, KXDROGADUISDGY-UHFFFAOYSA-N, KXDROGADUISDGY-UHFFFAOYSA-N",Phase 2
benzbromarone,chloride channel blocker,ABCC1,rheumatology,gout,"Tocris, MicroSource, Selleck",96.33,"CCc1oc2ccccc2c1C(=O)c1cc(Br)c(O)c(Br)c1, CCc1oc2ccccc2c1C(=O)c1cc(Br)c(O)c(Br)c1, CCc1oc2ccccc2c1C(=O)c1cc(Br)c(O)c(Br)c1","WHQCHUCQKNIQEC-UHFFFAOYSA-N, WHQCHUCQKNIQEC-UHFFFAOYSA-N, WHQCHUCQKNIQEC-UHFFFAOYSA-N",Launched
"benzenemethanol,-2,5-dimethyl-[[(1-methylethyl)amino]methyl]",,,,,Enamine,83.87,"CC(C)NC[C@@H](O)c1cc(C)ccc1C |&1:5,r|",PHFWPIKQCFQPJY-CYBMUJFWSA-N,Preclinical
benzethonium,sodium channel blocker,SCN10A,infectious disease,first-aid antiseptic,"MicroSource, MicroSource, MicroSource, MicroSource, MicroSource, MedChemEx, MedChemEx, MedChemEx, MedChemEx, MedChemEx, MedChemEx, Selleck, Selleck",99.48,"CC(C)(C)CC(C)(C)c1ccc(OCCOCC[N+](C)(C)Cc2ccccc2)cc1, CC(C)(C)CC(C)(C)c1ccc(OCCOCC[N+](C)(C)Cc2ccccc2)cc1, CC(C)(C)CC(C)(C)c1ccc(OCCOCC[N+](C)(C)Cc2ccccc2)cc1, CC(C)(C)CC(C)(C)c1ccc(OCCOCC[N+](C)(C)Cc2ccccc2)cc1, CC(C)(C)CC(C)(C)c1ccc(OCCOCC[N+](C)(C)Cc2ccccc2)cc1, CC(C)(C)CC(C)(C)c1ccc(OCCOCC[N+](C)(C)Cc2ccccc2)cc1, CC(C)(C)CC(C)(C)c1ccc(OCCOCC[N+](C)(C)Cc2ccccc2)cc1, CC(C)(C)CC(C)(C)c1ccc(OCCOCC[N+](C)(C)Cc2ccccc2)cc1, CC(C)(C)CC(C)(C)c1ccc(OCCOCC[N+](C)(C)Cc2ccccc2)cc1, CC(C)(C)CC(C)(C)c1ccc(OCCOCC[N+](C)(C)Cc2ccccc2)cc1, CC(C)(C)CC(C)(C)c1ccc(OCCOCC[N+](C)(C)Cc2ccccc2)cc1, CC(C)(C)CC(C)(C)c1ccc(OCCOCC[N+](C)(C)Cc2ccccc2)cc1, CC(C)(C)CC(C)(C)c1ccc(OCCOCC[N+](C)(C)Cc2ccccc2)cc1","SIYLLGKDQZGJHK-UHFFFAOYSA-N, SIYLLGKDQZGJHK-UHFFFAOYSA-N, SIYLLGKDQZGJHK-UHFFFAOYSA-N, SIYLLGKDQZGJHK-UHFFFAOYSA-N, SIYLLGKDQZGJHK-UHFFFAOYSA-N, SIYLLGKDQZGJHK-UHFFFAOYSA-N, SIYLLGKDQZGJHK-UHFFFAOYSA-N, SIYLLGKDQZGJHK-UHFFFAOYSA-N, SIYLLGKDQZGJHK-UHFFFAOYSA-N, SIYLLGKDQZGJHK-UHFFFAOYSA-N, SIYLLGKDQZGJHK-UHFFFAOYSA-N, SIYLLGKDQZGJHK-UHFFFAOYSA-N, SIYLLGKDQZGJHK-UHFFFAOYSA-N",Launched
benznidazole,DNA synthesis inhibitor,,infectious disease,Chagas disease,Toronto,86.94,[O-][N+](=O)c1nccn1CC(=O)NCc1ccccc1,CULUWZNBISUWAS-UHFFFAOYSA-N,Launched
benzo[d]thiazole-2(3H)-thione,,,,,Ark,95.36,S=c1[nH]c2ccccc2s1,YXIWHUQXZSMYRE-UHFFFAOYSA-N,Phase 1
benzocaine,sodium channel blocker,SCN10A,infectious disease,first-aid antiseptic,"MicroSource, MedChemEx, MedChemEx, Selleck",99.51,"CCOC(=O)c1ccc(N)cc1, CCOC(=O)c1ccc(N)cc1, CCOC(=O)c1ccc(N)cc1, CCOC(=O)c1ccc(N)cc1","BLFLLBZGZJTVJG-UHFFFAOYSA-N, BLFLLBZGZJTVJG-UHFFFAOYSA-N, BLFLLBZGZJTVJG-UHFFFAOYSA-N, BLFLLBZGZJTVJG-UHFFFAOYSA-N",Launched
benzoclidine,,,,,MicroSource,35.21,"O=C(O[C@H]1CN2CCC1CC2)c1ccccc1 |&1:3,r|",AHKAOMZZTQULDS-ZDUSSCGKSA-N,Preclinical
benzofenac,,,,,"Sigma, Sigma, Sigma",99.01,"OC(=O)Cc1ccc(OCc2ccccc2)c(Cl)c1, OC(=O)Cc1ccc(OCc2ccccc2)c(Cl)c1, OC(=O)Cc1ccc(OCc2ccccc2)c(Cl)c1","DFHBBMJTBBLQSA-UHFFFAOYSA-N, DFHBBMJTBBLQSA-UHFFFAOYSA-N, DFHBBMJTBBLQSA-UHFFFAOYSA-N",Phase 1
benzoic-acid,food preservative,"DAO, HRSP12, PRDX5, RAB9A",infectious disease,tinea pedis,"MicroSource, MicroSource, Selleck, Selleck",98.16,"OC(=O)c1ccccc1, OC(=O)c1ccccc1, OC(=O)c1ccccc1, OC(=O)c1ccccc1","WPYMKLBDIGXBTP-UHFFFAOYSA-N, WPYMKLBDIGXBTP-UHFFFAOYSA-N, WPYMKLBDIGXBTP-UHFFFAOYSA-N, WPYMKLBDIGXBTP-UHFFFAOYSA-N",Launched
benzoin,,CES1,,,"Enamine, MedChemEx",99.28,"O[C@@H](C(=O)c1ccccc1)c1ccccc1 |&1:1,r|, O[C@@H](C(=O)c1ccccc1)c1ccccc1 |&1:1,r|","ISAOCJYIOMOJEB-CYBMUJFWSA-N, ISAOCJYIOMOJEB-CYBMUJFWSA-N",Preclinical
benzonatate,local anesthetic,SCN5A,pulmonary,cough suppressant,MicroSource,99.74,CCCCNc1ccc(cc1)C(=O)OCCOCCOCCOCCOCCOCCOCCOCCOCCOC,MAFMQEKGGFWBAB-UHFFFAOYSA-N,Launched
benzoquinonium-dibromide,cholinergic receptor antagonist,CHRNA1,,,"Tocris, Tocris, Tocris",92.73,"CC[N+](CC)(CCCNC1=CC(=O)C(NCCC[N+](CC)(CC)Cc2ccccc2)=CC1=O)Cc1ccccc1 |c:30,t:9|, CC[N+](CC)(CCCNC1=CC(=O)C(NCCC[N+](CC)(CC)Cc2ccccc2)=CC1=O)Cc1ccccc1 |c:30,t:9|, CC[N+](CC)(CCCNC1=CC(=O)C(NCCC[N+](CC)(CC)Cc2ccccc2)=CC1=O)Cc1ccccc1 |c:30,t:9|","YERABYSOHUZTPQ-UHFFFAOYSA-P, YERABYSOHUZTPQ-UHFFFAOYSA-P, YERABYSOHUZTPQ-UHFFFAOYSA-P",Preclinical
benzotript,CCK receptor antagonist,"CCKAR, CCKBR",,,Vitas-M,97.86,OC(=O)[C@H](Cc1c[nH]c2ccccc12)NC(=O)c1ccc(Cl)cc1,QJERBBQXOMUURJ-INIZCTEOSA-N,Phase 1
benzoxiquine,antiinfective drug,,,,MicroSource,99.67,O=C(Oc1cccc2cccnc12)c1ccccc1,BHKPHCKISVSDGV-UHFFFAOYSA-N,Preclinical
benzoyl-peroxide,oxidizing agent,,dermatology,acne vulgaris (AV),"MicroSource, Sigma",0,"O=C(OOC(=O)c1ccccc1)c1ccccc1, O=C(OOC(=O)c1ccccc1)c1ccccc1","OMPJBNCRMGITSC-UHFFFAOYSA-N, OMPJBNCRMGITSC-UHFFFAOYSA-N",Launched
benzoylpas,,,,,"MicroSource, Vitas-M, Vitas-M",97.57,"OC(=O)c1ccc(NC(=O)c2ccccc2)cc1O, OC(=O)c1ccc(NC(=O)c2ccccc2)cc1O, OC(=O)c1ccc(NC(=O)c2ccccc2)cc1O","GNZCRYWFWKFIDM-UHFFFAOYSA-N, GNZCRYWFWKFIDM-UHFFFAOYSA-N, GNZCRYWFWKFIDM-UHFFFAOYSA-N",Preclinical
benzthiazide,carbonic anhydrase inhibitor,CA2,cardiology,"hypertension, edema","MicroSource, MicroSource, MicroSource, MicroSource, Selleck, Selleck, Selleck",99.29,"NS(=O)(=O)c1cc2c(NC(NS2(=O)=O)=CSCc2ccccc2)cc1Cl, NS(=O)(=O)c1cc2c(NC(NS2(=O)=O)=CSCc2ccccc2)cc1Cl, NS(=O)(=O)c1cc2c(NC(NS2(=O)=O)=CSCc2ccccc2)cc1Cl, NS(=O)(=O)c1cc2c(NC(NS2(=O)=O)=CSCc2ccccc2)cc1Cl, NS(=O)(=O)c1cc2c(NC(NS2(=O)=O)=CSCc2ccccc2)cc1Cl, NS(=O)(=O)c1cc2c(NC(NS2(=O)=O)=CSCc2ccccc2)cc1Cl, NS(=O)(=O)c1cc2c(NC(NS2(=O)=O)=CSCc2ccccc2)cc1Cl","MQMCZGVMQZPYQA-UHFFFAOYSA-N, MQMCZGVMQZPYQA-UHFFFAOYSA-N, MQMCZGVMQZPYQA-UHFFFAOYSA-N, MQMCZGVMQZPYQA-UHFFFAOYSA-N, MQMCZGVMQZPYQA-UHFFFAOYSA-N, MQMCZGVMQZPYQA-UHFFFAOYSA-N, MQMCZGVMQZPYQA-UHFFFAOYSA-N",Launched
benztropine-mesylate,acetylcholine receptor antagonist,"CHRM1, HRH1, SLC6A3",neurology/psychiatry,"extrapyramidal symptoms (EPS), Parkinson's Disease",MedChemEx,94.73,CN1[C@H]2CC[C@@H]1C[C@@H](C2)OC(c1ccccc1)c1ccccc1,GIJXKZJWITVLHI-PMOLBWCYSA-N,Launched
benzydamine,prostanoid receptor antagonist,,"dental, otolaryngology","mouth inflammation, throat inflammation","MicroSource, Selleck",98.35,"CN(C)CCCOc1nn(Cc2ccccc2)c2ccccc12, CN(C)CCCOc1nn(Cc2ccccc2)c2ccccc12","CNBGNNVCVSKAQZ-UHFFFAOYSA-N, CNBGNNVCVSKAQZ-UHFFFAOYSA-N",Launched
benzyl-alcohol,local anesthetic,,infectious disease,virus herpes simplex (HSV),"MicroSource, Sigma",0,"OCc1ccccc1, OCc1ccccc1","WVDDGKGOMKODPV-UHFFFAOYSA-N, WVDDGKGOMKODPV-UHFFFAOYSA-N",Launched
benzyl-benzoate,lipase inhibitor,LIPE,allergy,sweet itch,"MicroSource, MedChemEx, Sigma",0,"O=C(OCc1ccccc1)c1ccccc1, O=C(OCc1ccccc1)c1ccccc1, O=C(OCc1ccccc1)c1ccccc1","SESFRYSPDFLNCH-UHFFFAOYSA-N, SESFRYSPDFLNCH-UHFFFAOYSA-N, SESFRYSPDFLNCH-UHFFFAOYSA-N",Launched
benzyl-isothiocyanate,methylazoxymethanol acetate inhibitor,,,,"MicroSource, CombiBlocks",2.87,"S=C=NCc1ccccc1, S=C=NCc1ccccc1","MDKCFLQDBWCQCV-UHFFFAOYSA-N, MDKCFLQDBWCQCV-UHFFFAOYSA-N",Preclinical
benzyldimethylhexadecylammonium,cationic surfactant,,,,"Acros, Acros, Acros",98.49,"CCCCCCCCCCCCCCCC[N+](C)(C)Cc1ccccc1, CCCCCCCCCCCCCCCC[N+](C)(C)Cc1ccccc1, CCCCCCCCCCCCCCCC[N+](C)(C)Cc1ccccc1","QDYLMAYUEZBUFO-UHFFFAOYSA-N, QDYLMAYUEZBUFO-UHFFFAOYSA-N, QDYLMAYUEZBUFO-UHFFFAOYSA-N",Preclinical
benzyldimethyloctylammonium,,,,,Sigma,96.76,CCCCCCCC[N+](C)(C)Cc1ccccc1,SHFLYPPECXRCFO-UHFFFAOYSA-N,Preclinical
benzylpenicillin,penicillin binding protein inhibitor,,infectious disease,"celluitis, meningitis, endocarditis, syphilis, pneumonia, bacterial septicemia","Selleck, MicroSource, Selleck",97.54,"CC1(C)S[C@@H]2[C@H](NC(=O)Cc3ccccc3)C(=O)N2[C@H]1C(O)=O, CC1(C)S[C@@H]2[C@H](NC(=O)Cc3ccccc3)C(=O)N2[C@H]1C(O)=O, CC1(C)S[C@@H]2[C@H](NC(=O)Cc3ccccc3)C(=O)N2[C@H]1C(O)=O","JGSARLDLIJGVTE-MBNYWOFBSA-N, JGSARLDLIJGVTE-MBNYWOFBSA-N, JGSARLDLIJGVTE-MBNYWOFBSA-N",Launched
bephenium-hydroxynaphthoate,anthelmintic agent,,infectious disease,ascariasis,"MedChemEx, MicroSource, Selleck, Selleck",97.09,"C[N+](C)(CCOc1ccccc1)Cc1ccccc1, C[N+](C)(CCOc1ccccc1)Cc1ccccc1, C[N+](C)(CCOc1ccccc1)Cc1ccccc1, C[N+](C)(CCOc1ccccc1)Cc1ccccc1","AVWWVJUMXRXPNF-UHFFFAOYSA-N, AVWWVJUMXRXPNF-UHFFFAOYSA-N, AVWWVJUMXRXPNF-UHFFFAOYSA-N, AVWWVJUMXRXPNF-UHFFFAOYSA-N",Launched
bepotastine,histamine receptor antagonist,HRH1,ophthalmology,conjunctivitis,"Selleck, Selleck, Selleck",99.09,"OC(=O)CCCN1CCC(CC1)O[C@@H](c1ccc(Cl)cc1)c1ccccn1, OC(=O)CCCN1CCC(CC1)O[C@@H](c1ccc(Cl)cc1)c1ccccn1, OC(=O)CCCN1CCC(CC1)O[C@@H](c1ccc(Cl)cc1)c1ccccn1","YWGDOWXRIALTES-NRFANRHFSA-N, YWGDOWXRIALTES-NRFANRHFSA-N, YWGDOWXRIALTES-NRFANRHFSA-N",Launched
bepridil,calcium channel blocker,KCNQ4,cardiology,angina pectoris,"MicroSource, MicroSource, Tocris, Sigma, Sigma",96.17,"CC(C)COCC(CN(Cc1ccccc1)c1ccccc1)N1CCCC1, CC(C)COCC(CN(Cc1ccccc1)c1ccccc1)N1CCCC1, CC(C)COCC(CN(Cc1ccccc1)c1ccccc1)N1CCCC1, CC(C)COCC(CN(Cc1ccccc1)c1ccccc1)N1CCCC1, CC(C)COCC(CN(Cc1ccccc1)c1ccccc1)N1CCCC1","UIEATEWHFDRYRU-UHFFFAOYSA-N, UIEATEWHFDRYRU-UHFFFAOYSA-N, UIEATEWHFDRYRU-UHFFFAOYSA-N, UIEATEWHFDRYRU-UHFFFAOYSA-N, UIEATEWHFDRYRU-UHFFFAOYSA-N",Launched
berberine,LDL receptor activator,LDLR,,,"MedChemEx, MedChemEx, MicroSource, MicroSource, Selleck",95.66,"COc1ccc2cc3-c4cc5OCOc5cc4CC[n+]3cc2c1OC, COc1ccc2cc3-c4cc5OCOc5cc4CC[n+]3cc2c1OC, COc1ccc2cc3-c4cc5OCOc5cc4CC[n+]3cc2c1OC, COc1ccc2cc3-c4cc5OCOc5cc4CC[n+]3cc2c1OC, COc1ccc2cc3-c4cc5OCOc5cc4CC[n+]3cc2c1OC","YBHILYKTIRIUTE-UHFFFAOYSA-N, YBHILYKTIRIUTE-UHFFFAOYSA-N, YBHILYKTIRIUTE-UHFFFAOYSA-N, YBHILYKTIRIUTE-UHFFFAOYSA-N, YBHILYKTIRIUTE-UHFFFAOYSA-N",Launched
bergapten,,,,,"MicroSource, MedChemEx, Selleck",98.83,"COc1c2ccoc2cc2oc(=O)ccc12, COc1c2ccoc2cc2oc(=O)ccc12, COc1c2ccoc2cc2oc(=O)ccc12","BGEBZHIAGXMEMV-UHFFFAOYSA-N, BGEBZHIAGXMEMV-UHFFFAOYSA-N, BGEBZHIAGXMEMV-UHFFFAOYSA-N",Phase 3
bergenin,interleukin inhibitor,"IL1B, TNF",,,"MicroSource, MedChemEx, Selleck",97.98,"COc1c(O)cc2C(=O)O[C@@H]3[C@@H](O)[C@H](O)[C@@H](CO)O[C@H]3c2c1O, COc1c(O)cc2C(=O)O[C@@H]3[C@@H](O)[C@H](O)[C@@H](CO)O[C@H]3c2c1O, COc1c(O)cc2C(=O)O[C@@H]3[C@@H](O)[C@H](O)[C@@H](CO)O[C@H]3c2c1O","YWJXCIXBAKGUKZ-HJJNZUOJSA-N, YWJXCIXBAKGUKZ-HJJNZUOJSA-N, YWJXCIXBAKGUKZ-HJJNZUOJSA-N",Preclinical
besifloxacin,bacterial DNA gyrase inhibitor,,ophthalmology,conjunctivitis,"Selleck, MedChemEx",93.81,"N[C@@H]1CCCCN(C1)c1c(F)cc2c(c1Cl)n(cc(C(O)=O)c2=O)C1CC1, N[C@@H]1CCCCN(C1)c1c(F)cc2c(c1Cl)n(cc(C(O)=O)c2=O)C1CC1","QFFGVLORLPOAEC-SNVBAGLBSA-N, QFFGVLORLPOAEC-SNVBAGLBSA-N",Launched
BET-BAY-002,bromodomain inhibitor,,,,"MedChemEx, MedChemEx, MedChemEx, MedChemEx, MedChemEx, MedChemEx",98.81,"Cc1nnc(C[C@@H]2C=C(c3ccc(Cl)cc3)c3ccccc3-n3c(C)nnc23)o1 |t:7|, Cc1nnc(C[C@@H]2C=C(c3ccc(Cl)cc3)c3ccccc3-n3c(C)nnc23)o1 |t:7|, Cc1nnc(C[C@@H]2C=C(c3ccc(Cl)cc3)c3ccccc3-n3c(C)nnc23)o1 |t:7|, Cc1nnc(C[C@@H]2C=C(c3ccc(Cl)cc3)c3ccccc3-n3c(C)nnc23)o1 |t:7|, Cc1nnc(C[C@@H]2C=C(c3ccc(Cl)cc3)c3ccccc3-n3c(C)nnc23)o1 |t:7|, Cc1nnc(C[C@@H]2C=C(c3ccc(Cl)cc3)c3ccccc3-n3c(C)nnc23)o1 |t:7|","AGYIAWHWIUZNSD-INIZCTEOSA-N, AGYIAWHWIUZNSD-INIZCTEOSA-N, AGYIAWHWIUZNSD-INIZCTEOSA-N, AGYIAWHWIUZNSD-INIZCTEOSA-N, AGYIAWHWIUZNSD-INIZCTEOSA-N, AGYIAWHWIUZNSD-INIZCTEOSA-N",Preclinical
beta-amyloid-synthesis-inhibitor,beta amyloid synthesis inhibitor,APP,,,Maybridge,94.44,Oc1cccc(Nc2ccc(Nc3cccc(O)c3)nn2)c1,GYNDFOLSPPBBIK-UHFFFAOYSA-N,Preclinical
beta-carotene,,,,,"Selleck, Selleck, MedChemEx, MicroSource",0,"C\C(\C=C\C=C(/C)\C=C\C1=C(C)CCCC1(C)C)=C/C=C/C=C(\C)/C=C/C=C(\C)/C=C/C1=C(C)CCCC1(C)C |c:9,32|, C\C(\C=C\C=C(/C)\C=C\C1=C(C)CCCC1(C)C)=C/C=C/C=C(\C)/C=C/C=C(\C)/C=C/C1=C(C)CCCC1(C)C |c:9,32|, C\C(\C=C\C=C(/C)\C=C\C1=C(C)CCCC1(C)C)=C/C=C/C=C(\C)/C=C/C=C(\C)/C=C/C1=C(C)CCCC1(C)C |c:9,32|, C\C(\C=C\C=C(/C)\C=C\C1=C(C)CCCC1(C)C)=C/C=C/C=C(\C)/C=C/C=C(\C)/C=C/C1=C(C)CCCC1(C)C |c:9,32|","OENHQHLEOONYIE-JLTXGRSLSA-N, OENHQHLEOONYIE-JLTXGRSLSA-N, OENHQHLEOONYIE-JLTXGRSLSA-N, OENHQHLEOONYIE-JLTXGRSLSA-N",Launched
beta-CCB,benzodiazepine receptor ligand,"GABRA1, GABRG2",,,"Tocris, Tocris",98.04,"CCCCOC(=O)c1cc2c(cn1)[nH]c1ccccc21, CCCCOC(=O)c1cc2c(cn1)[nH]c1ccccc21","WGNGIELOOKACSB-UHFFFAOYSA-N, WGNGIELOOKACSB-UHFFFAOYSA-N",Launched
beta-elemene,apoptosis stimulant,"MMP2, MMP9",,,Sigma,0,CC(=C)[C@@H]1CC[C@@](C)(C=C)[C@@H](C1)C(C)=C,OPFTUNCRGUEPRZ-QLFBSQMISA-N,Launched
beta-funaltrexamine,opioid receptor antagonist,"OPRD1, OPRK1, OPRM1",,,"Tocris, Tocris, Tocris, Tocris, Tocris",95.83,"COC(=O)\C=C\C(=O)N[C@@H]1CC[C@@]2(O)[C@H]3Cc4ccc(O)c5O[C@@H]1[C@]2(CCN3CC1CC1)c45, COC(=O)\C=C\C(=O)N[C@@H]1CC[C@@]2(O)[C@H]3Cc4ccc(O)c5O[C@@H]1[C@]2(CCN3CC1CC1)c45, COC(=O)\C=C\C(=O)N[C@@H]1CC[C@@]2(O)[C@H]3Cc4ccc(O)c5O[C@@H]1[C@]2(CCN3CC1CC1)c45, COC(=O)\C=C\C(=O)N[C@@H]1CC[C@@]2(O)[C@H]3Cc4ccc(O)c5O[C@@H]1[C@]2(CCN3CC1CC1)c45, COC(=O)\C=C\C(=O)N[C@@H]1CC[C@@]2(O)[C@H]3Cc4ccc(O)c5O[C@@H]1[C@]2(CCN3CC1CC1)c45","PQKHESYTSKMWFP-WZJCLRDWSA-N, PQKHESYTSKMWFP-WZJCLRDWSA-N, PQKHESYTSKMWFP-WZJCLRDWSA-N, PQKHESYTSKMWFP-WZJCLRDWSA-N, PQKHESYTSKMWFP-WZJCLRDWSA-N",Preclinical
beta-glycerophosphoric-acid,,,,,Vitas-M,0,OCC(CO)OP(O)(O)=O,DHCLVCXQIBBOPH-UHFFFAOYSA-N,Preclinical
beta-hydroxy-beta-methylbutyrate,protein synthesis stimulant,MTOR,,,CombiBlocks,97.1,CC(C)(O)CC(O)=O.CC(C)(O)CC(O)=O,KORPMXSVHOHPMS-UHFFFAOYSA-N,Launched
beta-hydroxybutyrate,,HCAR2,,,Vitas-M,0,CC(O)CC(O)=O,WHBMMWSBFZVSSR-UHFFFAOYSA-N,Phase 1
beta-lapachone,topoisomerase inhibitor,TOP1,,,"MedChemEx, MedChemEx, Selleck, Selleck, Selleck, Selleck, Selleck",82.91,"CC1(C)CCC2=C(O1)c1ccccc1C(=O)C2=O |c:5|, CC1(C)CCC2=C(O1)c1ccccc1C(=O)C2=O |c:5|, CC1(C)CCC2=C(O1)c1ccccc1C(=O)C2=O |c:5|, CC1(C)CCC2=C(O1)c1ccccc1C(=O)C2=O |c:5|, CC1(C)CCC2=C(O1)c1ccccc1C(=O)C2=O |c:5|, CC1(C)CCC2=C(O1)c1ccccc1C(=O)C2=O |c:5|, CC1(C)CCC2=C(O1)c1ccccc1C(=O)C2=O |c:5|","QZPQTZZNNJUOLS-UHFFFAOYSA-N, QZPQTZZNNJUOLS-UHFFFAOYSA-N, QZPQTZZNNJUOLS-UHFFFAOYSA-N, QZPQTZZNNJUOLS-UHFFFAOYSA-N, QZPQTZZNNJUOLS-UHFFFAOYSA-N, QZPQTZZNNJUOLS-UHFFFAOYSA-N, QZPQTZZNNJUOLS-UHFFFAOYSA-N",Phase 2
beta-naphthol,,,,,MicroSource,90.98,Oc1ccc2ccccc2c1,JWAZRIHNYRIHIV-UHFFFAOYSA-N,Preclinical
betahistine,"histamine receptor agonist, histamine receptor antagonist","HRH1, HRH3",neurology/psychiatry,Meniere's disease,"MedChemEx, MicroSource, Selleck",100,"CNCCc1ccccn1, CNCCc1ccccn1, CNCCc1ccccn1","UUQMNUMQCIQDMZ-UHFFFAOYSA-N, UUQMNUMQCIQDMZ-UHFFFAOYSA-N, UUQMNUMQCIQDMZ-UHFFFAOYSA-N",Launched
betaine,nitric oxide donor,,metabolism,homocystinuria,MicroSource,0,C[N+](C)(C)CC(O)=O,KWIUHFFTVRNATP-UHFFFAOYSA-O,Launched
betamethasone,glucocorticoid receptor agonist,NR3C1,dermatology,corticosteroid-responsive dermatoses,MedChemEx,93.39,"C[C@H]1C[C@H]2[C@@H]3CCC4=CC(=O)C=C[C@]4(C)[C@@]3(F)[C@@H](O)C[C@]2(C)[C@@]1(O)C(=O)CO |c:11,t:7|",UREBDLICKHMUKA-DVTGEIKXSA-N,Launched
betamethasone-acetate,glucocorticoid receptor agonist,NR3C1,dermatology,corticosteroid-responsive dermatoses,TCI,93.74,"C[C@H]1C[C@H]2[C@@H]3CCC4=CC(=O)C=C[C@]4(C)[C@@]3(F)[C@@H](O)C[C@]2(C)[C@@]1(O)C(=O)COC(C)=O |c:11,t:7|",AKUJBENLRBOFTD-QZIXMDIESA-N,Launched
betamethasone-butyrate-propionate,,,rheumatology,rheumatoid arthritis,MedChemEx,81.08,"CCCC(=O)O[C@@]1([C@@H](C)C[C@H]2[C@@H]3CCC4=CC(=O)C=C[C@]4(C)[C@@]3(F)[C@@H](O)C[C@]12C)C(=O)COC(=O)CC |c:18,t:14|",VXOWJCTXWVWLLC-REGDIAEZSA-N,Launched
betamethasone-dipropionate,anti-inflammatory agent,NR3C1,dermatology,corticosteroid-responsive dermatoses,"MicroSource, MedChemEx, Selleck, Selleck",96.86,"CCC(=O)OCC(=O)[C@@]1(OC(=O)CC)[C@@H](C)C[C@H]2[C@@H]3CCC4=CC(=O)C=C[C@]4(C)[C@@]3(F)[C@@H](O)C[C@]12C |c:25,t:21|, CCC(=O)OCC(=O)[C@@]1(OC(=O)CC)[C@@H](C)C[C@H]2[C@@H]3CCC4=CC(=O)C=C[C@]4(C)[C@@]3(F)[C@@H](O)C[C@]12C |c:25,t:21|, CCC(=O)OCC(=O)[C@@]1(OC(=O)CC)[C@@H](C)C[C@H]2[C@@H]3CCC4=CC(=O)C=C[C@]4(C)[C@@]3(F)[C@@H](O)C[C@]12C |c:25,t:21|, CCC(=O)OCC(=O)[C@@]1(OC(=O)CC)[C@@H](C)C[C@H]2[C@@H]3CCC4=CC(=O)C=C[C@]4(C)[C@@]3(F)[C@@H](O)C[C@]12C |c:25,t:21|","CIWBQSYVNNPZIQ-XYWKZLDCSA-N, CIWBQSYVNNPZIQ-XYWKZLDCSA-N, CIWBQSYVNNPZIQ-XYWKZLDCSA-N, CIWBQSYVNNPZIQ-XYWKZLDCSA-N",Launched
betamethasone-phosphate,,,rheumatology,rheumatoid arthritis,Toronto,88.21,"C[C@H]1C[C@H]2[C@@H]3CCC4=CC(=O)C=C[C@]4(C)[C@@]3(F)[C@@H](O)C[C@]2(C)[C@@]1(O)C(=O)COP(O)(O)=O |c:11,t:7|",VQODGRNSFPNSQE-DVTGEIKXSA-N,Launched
betamethasone-valerate,glucocorticoid receptor agonist,NR3C1,dermatology,corticosteroid-responsive dermatoses,"MicroSource, Selleck, Selleck, Selleck",94.78,"CCCCC(=O)O[C@@]1([C@@H](C)C[C@H]2[C@@H]3CCC4=CC(=O)C=C[C@]4(C)[C@@]3(F)[C@@H](O)C[C@]12C)C(=O)CO |c:19,t:15|, CCCCC(=O)O[C@@]1([C@@H](C)C[C@H]2[C@@H]3CCC4=CC(=O)C=C[C@]4(C)[C@@]3(F)[C@@H](O)C[C@]12C)C(=O)CO |c:19,t:15|, CCCCC(=O)O[C@@]1([C@@H](C)C[C@H]2[C@@H]3CCC4=CC(=O)C=C[C@]4(C)[C@@]3(F)[C@@H](O)C[C@]12C)C(=O)CO |c:19,t:15|, CCCCC(=O)O[C@@]1([C@@H](C)C[C@H]2[C@@H]3CCC4=CC(=O)C=C[C@]4(C)[C@@]3(F)[C@@H](O)C[C@]12C)C(=O)CO |c:19,t:15|","SNHRLVCMMWUAJD-SUYDQAKGSA-N, SNHRLVCMMWUAJD-SUYDQAKGSA-N, SNHRLVCMMWUAJD-SUYDQAKGSA-N, SNHRLVCMMWUAJD-SUYDQAKGSA-N",Launched
betamipron,panipenem uptake inhibitor,,nephrology,renal toxicity,"MedChemEx, MicroSource, Selleck",96.28,"OC(=O)CCNC(=O)c1ccccc1, OC(=O)CCNC(=O)c1ccccc1, OC(=O)CCNC(=O)c1ccccc1","CWXYHOHYCJXYFQ-UHFFFAOYSA-N, CWXYHOHYCJXYFQ-UHFFFAOYSA-N, CWXYHOHYCJXYFQ-UHFFFAOYSA-N",Launched
betaxolol,adrenergic receptor antagonist,"ADRB1, ADRB2",ophthalmology,"intraocular pressure, glaucoma, ocular hypertension","Selleck, Selleck",95.61,"CC(C)NC[C@@H](O)COc1ccc(CCOCC2CC2)cc1 |&1:5,r|, CC(C)NC[C@@H](O)COc1ccc(CCOCC2CC2)cc1 |&1:5,r|","NWIUTZDMDHAVTP-QGZVFWFLSA-N, NWIUTZDMDHAVTP-QGZVFWFLSA-N",Launched
betazole,histamine receptor agonist,HRH2,gastroenterology,gastric hypersecretion diagnostic,Prestwick,97.19,NCCc1ccn[nH]1,JXDFEQONERDKSS-UHFFFAOYSA-N,Launched
bethanechol,acetylcholine receptor agonist,"CHRM1, CHRM2, CHRM3, CHRM4",urology,urinary retention,MedChemEx,68.7,C[C@@H](C[N+](C)(C)C)OC(N)=O |r|,NZUPCNDJBJXXRF-LURJTMIESA-O,Launched
BETP,GLP receptor positive allosteric modulator,GLP1R,,,Tocris,96.39,"CC[S@](=O)c1nc(cc(n1)C(F)(F)F)-c1cccc(OCc2ccccc2)c1 |&1:2,r|",NTDFYGSSDDMNHI-NDEPHWFRSA-N,Preclinical
betrixaban,coagulation factor inhibitor,KCNH2,hematology,deep vein thrombosis (DVT),"MedChemEx, MedChemEx, MedChemEx, MedChemEx",94.98,"COc1ccc(NC(=O)c2ccc(cc2)C(=N)N(C)C)c(c1)C(=O)Nc1ccc(Cl)cn1, COc1ccc(NC(=O)c2ccc(cc2)C(=N)N(C)C)c(c1)C(=O)Nc1ccc(Cl)cn1, COc1ccc(NC(=O)c2ccc(cc2)C(=N)N(C)C)c(c1)C(=O)Nc1ccc(Cl)cn1, COc1ccc(NC(=O)c2ccc(cc2)C(=N)N(C)C)c(c1)C(=O)Nc1ccc(Cl)cn1","XHOLNRLADUSQLD-UHFFFAOYSA-N, XHOLNRLADUSQLD-UHFFFAOYSA-N, XHOLNRLADUSQLD-UHFFFAOYSA-N, XHOLNRLADUSQLD-UHFFFAOYSA-N",Launched
betulinic-acid,"apoptosis stimulant, NFkB pathway inhibitor",GPBAR1,,,"Tocris, Selleck, Selleck",96.07,"CC(=C)[C@@H]1CC[C@@]2(CC[C@]3(C)[C@H](CC[C@@H]4[C@@]5(C)CC[C@H](O)C(C)(C)[C@@H]5CC[C@@]34C)[C@@H]12)C(O)=O, CC(=C)[C@@H]1CC[C@@]2(CC[C@]3(C)[C@H](CC[C@@H]4[C@@]5(C)CC[C@H](O)C(C)(C)[C@@H]5CC[C@@]34C)[C@@H]12)C(O)=O, CC(=C)[C@@H]1CC[C@@]2(CC[C@]3(C)[C@H](CC[C@@H]4[C@@]5(C)CC[C@H](O)C(C)(C)[C@@H]5CC[C@@]34C)[C@@H]12)C(O)=O","QGJZLNKBHJESQX-FZFNOLFKSA-N, QGJZLNKBHJESQX-FZFNOLFKSA-N, QGJZLNKBHJESQX-FZFNOLFKSA-N",Phase 1/Phase 2
bevantolol,adrenergic receptor antagonist,,cardiology,"angina pectoris, hypertension","AKSci, AKSci",94.05,"COc1ccc(CCNC[C@@H](O)COc2cccc(C)c2)cc1OC |&1:10|, COc1ccc(CCNC[C@@H](O)COc2cccc(C)c2)cc1OC |&1:10|","HXLAFSUPPDYFEO-QGZVFWFLSA-N, HXLAFSUPPDYFEO-QGZVFWFLSA-N",Launched
bevenopran,opioid receptor antagonist,,,,AMS,96.99,COc1cc(CNCCC2CCOCC2)ccc1Oc1cnc(cn1)C(N)=O,ZGCYVRNZWGUXNQ-UHFFFAOYSA-N,Phase 1
bevirimat-dimeglumine,HIV capsid assembly inhibitor,,,,"MedChemEx, MedChemEx, MedChemEx",87.82,"CC(=C)[C@@H]1CC[C@@]2(CC[C@]3(C)[C@H](CC[C@@H]4[C@@]5(C)CC[C@H](OC(=O)CC(C)(C)C(O)=O)C(C)(C)[C@@H]5CC[C@@]34C)[C@@H]12)C(O)=O, CC(=C)[C@@H]1CC[C@@]2(CC[C@]3(C)[C@H](CC[C@@H]4[C@@]5(C)CC[C@H](OC(=O)CC(C)(C)C(O)=O)C(C)(C)[C@@H]5CC[C@@]34C)[C@@H]12)C(O)=O, CC(=C)[C@@H]1CC[C@@]2(CC[C@]3(C)[C@H](CC[C@@H]4[C@@]5(C)CC[C@H](OC(=O)CC(C)(C)C(O)=O)C(C)(C)[C@@H]5CC[C@@]34C)[C@@H]12)C(O)=O","YJEJKUQEXFSVCJ-WRFMNRASSA-N, YJEJKUQEXFSVCJ-WRFMNRASSA-N, YJEJKUQEXFSVCJ-WRFMNRASSA-N",Phase 2
bexagliflozin,solute carrier family member inhibitor,,,,MedChemEx,97.26,OC[C@H]1O[C@H]([C@H](O)[C@@H](O)[C@@H]1O)c1ccc(Cl)c(Cc2ccc(OCCOC3CC3)cc2)c1,BTCRKOKVYTVOLU-SJSRKZJXSA-N,Phase 3
bexarotene,retinoid receptor agonist,"RXRA, RXRB, RXRG",hematologic malignancy,cutaneous T-cell lymphoma (CTCL),"Tocris, Selleck, Selleck, Selleck",98.35,"Cc1cc2c(cc1C(=C)c1ccc(cc1)C(O)=O)C(C)(C)CCC2(C)C, Cc1cc2c(cc1C(=C)c1ccc(cc1)C(O)=O)C(C)(C)CCC2(C)C, Cc1cc2c(cc1C(=C)c1ccc(cc1)C(O)=O)C(C)(C)CCC2(C)C, Cc1cc2c(cc1C(=C)c1ccc(cc1)C(O)=O)C(C)(C)CCC2(C)C","NAVMQTYZDKMPEU-UHFFFAOYSA-N, NAVMQTYZDKMPEU-UHFFFAOYSA-N, NAVMQTYZDKMPEU-UHFFFAOYSA-N, NAVMQTYZDKMPEU-UHFFFAOYSA-N",Launched
bezafibrate,PPAR receptor agonist,"PPARA, PPARD, PPARG",cardiology,cholesterol,"MedChemEx, MedChemEx, MicroSource, Selleck",99.25,"CC(C)(Oc1ccc(CCNC(=O)c2ccc(Cl)cc2)cc1)C(O)=O, CC(C)(Oc1ccc(CCNC(=O)c2ccc(Cl)cc2)cc1)C(O)=O, CC(C)(Oc1ccc(CCNC(=O)c2ccc(Cl)cc2)cc1)C(O)=O, CC(C)(Oc1ccc(CCNC(=O)c2ccc(Cl)cc2)cc1)C(O)=O","IIBYAHWJQTYFKB-UHFFFAOYSA-N, IIBYAHWJQTYFKB-UHFFFAOYSA-N, IIBYAHWJQTYFKB-UHFFFAOYSA-N, IIBYAHWJQTYFKB-UHFFFAOYSA-N",Launched
BFH772,VEGFR inhibitor,,,,MedChemEx,93.37,OCc1cc(Oc2ccc3c(cccc3c2)C(=O)Nc2cccc(c2)C(F)(F)F)ncn1,JNLSTLQFDDAULK-UHFFFAOYSA-N,Phase 2
BGP-15,PARP inhibitor,,,,MedChemEx,97.8,"O[C@H](CONC(=N)c1cccnc1)CN1CCCCC1 |&1:1,r|",MVLOQULXIYSERZ-ZDUSSCGKSA-N,Phase 2
BGT226,PI3K inhibitor,"MTOR, PIK3CA, PIK3CB, PIK3CG",,,"Selleck, Selleck, Selleck, Selleck, Selleck, Selleck",98.31,"COc1ccc(cn1)-c1ccc2ncc3n(C)c(=O)n(-c4ccc(N5CCNCC5)c(c4)C(F)(F)F)c3c2c1, COc1ccc(cn1)-c1ccc2ncc3n(C)c(=O)n(-c4ccc(N5CCNCC5)c(c4)C(F)(F)F)c3c2c1, COc1ccc(cn1)-c1ccc2ncc3n(C)c(=O)n(-c4ccc(N5CCNCC5)c(c4)C(F)(F)F)c3c2c1, COc1ccc(cn1)-c1ccc2ncc3n(C)c(=O)n(-c4ccc(N5CCNCC5)c(c4)C(F)(F)F)c3c2c1, COc1ccc(cn1)-c1ccc2ncc3n(C)c(=O)n(-c4ccc(N5CCNCC5)c(c4)C(F)(F)F)c3c2c1, COc1ccc(cn1)-c1ccc2ncc3n(C)c(=O)n(-c4ccc(N5CCNCC5)c(c4)C(F)(F)F)c3c2c1","BMMXYEBLEBULND-UHFFFAOYSA-N, BMMXYEBLEBULND-UHFFFAOYSA-N, BMMXYEBLEBULND-UHFFFAOYSA-N, BMMXYEBLEBULND-UHFFFAOYSA-N, BMMXYEBLEBULND-UHFFFAOYSA-N, BMMXYEBLEBULND-UHFFFAOYSA-N",Phase 1/Phase 2
BHQ,ATPase inhibitor,ATP2A1,,,"Tocris, Tocris",100,"CC(C)(C)c1cc(O)c(cc1O)C(C)(C)C, CC(C)(C)c1cc(O)c(cc1O)C(C)(C)C","JZODKRWQWUWGCD-UHFFFAOYSA-N, JZODKRWQWUWGCD-UHFFFAOYSA-N",Preclinical
BI-D1870,ribosomal protein inhibitor,"RPS6KA1, RPS6KA2, RPS6KA3, RPS6KA6",,,"MedChemEx, MedChemEx, MedChemEx, MedChemEx, MedChemEx, MedChemEx, Selleck, Selleck",93.8,"CC(C)CCN1[C@@H](C)C(=O)N(C)c2cnc(Nc3cc(F)c(O)c(F)c3)nc12 |&1:6,r|, CC(C)CCN1[C@@H](C)C(=O)N(C)c2cnc(Nc3cc(F)c(O)c(F)c3)nc12 |&1:6,r|, CC(C)CCN1[C@@H](C)C(=O)N(C)c2cnc(Nc3cc(F)c(O)c(F)c3)nc12 |&1:6,r|, CC(C)CCN1[C@@H](C)C(=O)N(C)c2cnc(Nc3cc(F)c(O)c(F)c3)nc12 |&1:6,r|, CC(C)CCN1[C@@H](C)C(=O)N(C)c2cnc(Nc3cc(F)c(O)c(F)c3)nc12 |&1:6,r|, CC(C)CCN1[C@@H](C)C(=O)N(C)c2cnc(Nc3cc(F)c(O)c(F)c3)nc12 |&1:6,r|, CC(C)CCN1[C@@H](C)C(=O)N(C)c2cnc(Nc3cc(F)c(O)c(F)c3)nc12 |&1:6,r|, CC(C)CCN1[C@@H](C)C(=O)N(C)c2cnc(Nc3cc(F)c(O)c(F)c3)nc12 |&1:6,r|","DTEKTGDVSARYDS-NSHDSACASA-N, DTEKTGDVSARYDS-NSHDSACASA-N, DTEKTGDVSARYDS-NSHDSACASA-N, DTEKTGDVSARYDS-NSHDSACASA-N, DTEKTGDVSARYDS-NSHDSACASA-N, DTEKTGDVSARYDS-NSHDSACASA-N, DTEKTGDVSARYDS-NSHDSACASA-N, DTEKTGDVSARYDS-NSHDSACASA-N",Preclinical
BI-224436,HIV integrase inhibitor,,,,"MedChemEx, MedChemEx",93.15,"Cc1nc2ccccc2c(-c2ccc3OCCc4ccnc2c34)c1[C@H](OC(C)(C)C)C(O)=O, Cc1nc2ccccc2c(-c2ccc3OCCc4ccnc2c34)c1[C@H](OC(C)(C)C)C(O)=O","MIXIIJCBELCMCZ-VWLOTQADSA-N, MIXIIJCBELCMCZ-VWLOTQADSA-N",Phase 1
BI-2536,PLK inhibitor,"BRD4, PLK1, PLK2, PLK3",,,"Selleck, Selleck, Selleck, Selleck, Selleck, Axon, Axon, Axon, Axon",98.47,"CC[C@H]1N(C2CCCC2)c2nc(Nc3ccc(cc3OC)C(=O)NC3CCN(C)CC3)ncc2N(C)C1=O, CC[C@H]1N(C2CCCC2)c2nc(Nc3ccc(cc3OC)C(=O)NC3CCN(C)CC3)ncc2N(C)C1=O, CC[C@H]1N(C2CCCC2)c2nc(Nc3ccc(cc3OC)C(=O)NC3CCN(C)CC3)ncc2N(C)C1=O, CC[C@H]1N(C2CCCC2)c2nc(Nc3ccc(cc3OC)C(=O)NC3CCN(C)CC3)ncc2N(C)C1=O, CC[C@H]1N(C2CCCC2)c2nc(Nc3ccc(cc3OC)C(=O)NC3CCN(C)CC3)ncc2N(C)C1=O, CC[C@H]1N(C2CCCC2)c2nc(Nc3ccc(cc3OC)C(=O)NC3CCN(C)CC3)ncc2N(C)C1=O, CC[C@H]1N(C2CCCC2)c2nc(Nc3ccc(cc3OC)C(=O)NC3CCN(C)CC3)ncc2N(C)C1=O, CC[C@H]1N(C2CCCC2)c2nc(Nc3ccc(cc3OC)C(=O)NC3CCN(C)CC3)ncc2N(C)C1=O, CC[C@H]1N(C2CCCC2)c2nc(Nc3ccc(cc3OC)C(=O)NC3CCN(C)CC3)ncc2N(C)C1=O","XQVVPGYIWAGRNI-JOCHJYFZSA-N, XQVVPGYIWAGRNI-JOCHJYFZSA-N, XQVVPGYIWAGRNI-JOCHJYFZSA-N, XQVVPGYIWAGRNI-JOCHJYFZSA-N, XQVVPGYIWAGRNI-JOCHJYFZSA-N, InChI=1S/C28H39N7O3/c1-5-22-27(37)34(3)23-17-29-28(32-25(23)35(22)20-8-6-7-9-20)31-21-11-10-18(16-24(21)38-4)26(36)30-19-12-14-33(2)15-13-19/h10-11,16-17,19-20,22H,5-9,12-15H2,1-4H3,(H,30,36)(H,29,31,32)/t22-/m1/s1, InChI=1S/C28H39N7O3/c1-5-22-27(37)34(3)23-17-29-28(32-25(23)35(22)20-8-6-7-9-20)31-21-11-10-18(16-24(21)38-4)26(36)30-19-12-14-33(2)15-13-19/h10-11,16-17,19-20,22H,5-9,12-15H2,1-4H3,(H,30,36)(H,29,31,32)/t22-/m1/s1, InChI=1S/C28H39N7O3/c1-5-22-27(37)34(3)23-17-29-28(32-25(23)35(22)20-8-6-7-9-20)31-21-11-10-18(16-24(21)38-4)26(36)30-19-12-14-33(2)15-13-19/h10-11,16-17,19-20,22H,5-9,12-15H2,1-4H3,(H,30,36)(H,29,31,32)/t22-/m1/s1, InChI=1S/C28H39N7O3/c1-5-22-27(37)34(3)23-17-29-28(32-25(23)35(22)20-8-6-7-9-20)31-21-11-10-18(16-24(21)38-4)26(36)30-19-12-14-33(2)15-13-19/h10-11,16-17,19-20,22H,5-9,12-15H2,1-4H3,(H,30,36)(H,29,31,32)/t22-/m1/s1",Phase 2
BI-409306,phosphodiesterase inhibitor,,,,MedChemEx,98.6,Oc1nc(Cc2ccccn2)nc2n(ncc12)C1CCOCC1,BZTIJCSHNVZMES-UHFFFAOYSA-N,Phase 1
BI-78D3,JNK inhibitor,MAPK8,,,"Tocris, Tocris, Tocris, Tocris, Sigma, Sigma, Sigma, Sigma, Sigma",98.15,"[O-][N+](=O)c1cnc(Sc2n[nH]c(=O)n2-c2ccc3OCCOc3c2)s1, [O-][N+](=O)c1cnc(Sc2n[nH]c(=O)n2-c2ccc3OCCOc3c2)s1, [O-][N+](=O)c1cnc(Sc2n[nH]c(=O)n2-c2ccc3OCCOc3c2)s1, [O-][N+](=O)c1cnc(Sc2n[nH]c(=O)n2-c2ccc3OCCOc3c2)s1, [O-][N+](=O)c1cnc(Sc2n[nH]c(=O)n2-c2ccc3OCCOc3c2)s1, [O-][N+](=O)c1cnc(Sc2n[nH]c(=O)n2-c2ccc3OCCOc3c2)s1, [O-][N+](=O)c1cnc(Sc2n[nH]c(=O)n2-c2ccc3OCCOc3c2)s1, [O-][N+](=O)c1cnc(Sc2n[nH]c(=O)n2-c2ccc3OCCOc3c2)s1, [O-][N+](=O)c1cnc(Sc2n[nH]c(=O)n2-c2ccc3OCCOc3c2)s1","QFRLDZGQEZCCJZ-UHFFFAOYSA-N, QFRLDZGQEZCCJZ-UHFFFAOYSA-N, QFRLDZGQEZCCJZ-UHFFFAOYSA-N, QFRLDZGQEZCCJZ-UHFFFAOYSA-N, QFRLDZGQEZCCJZ-UHFFFAOYSA-N, QFRLDZGQEZCCJZ-UHFFFAOYSA-N, QFRLDZGQEZCCJZ-UHFFFAOYSA-N, QFRLDZGQEZCCJZ-UHFFFAOYSA-N, QFRLDZGQEZCCJZ-UHFFFAOYSA-N",Preclinical
BI-847325,"Aurora kinase inhibitor, MEK inhibitor","AURKA, AURKB, AURKC, MAP2K1, MAP2K2",,,"Selleck, Selleck, Selleck, Selleck, Selleck",93.58,"CCNC(=O)C#Cc1ccc2\C(=C(/Nc3ccc(CN(C)C)cc3)c3ccccc3)C(=O)Nc2c1, CCNC(=O)C#Cc1ccc2\C(=C(/Nc3ccc(CN(C)C)cc3)c3ccccc3)C(=O)Nc2c1, CCNC(=O)C#Cc1ccc2\C(=C(/Nc3ccc(CN(C)C)cc3)c3ccccc3)C(=O)Nc2c1, CCNC(=O)C#Cc1ccc2\C(=C(/Nc3ccc(CN(C)C)cc3)c3ccccc3)C(=O)Nc2c1, CCNC(=O)C#Cc1ccc2\C(=C(/Nc3ccc(CN(C)C)cc3)c3ccccc3)C(=O)Nc2c1","FLBNLJLONKAPLR-BYYHNAKLSA-N, FLBNLJLONKAPLR-BYYHNAKLSA-N, FLBNLJLONKAPLR-BYYHNAKLSA-N, FLBNLJLONKAPLR-BYYHNAKLSA-N, FLBNLJLONKAPLR-BYYHNAKLSA-N",Phase 1
BIA-10-2474,Fatty acid hydrolase inhibitor,,,,MedChemEx,94.87,CN(C1CCCCC1)C(=O)n1cnc(c1)-c1ccc[n+]([O-])c1,DOWVMJFBDGWVML-UHFFFAOYSA-N,Preclinical
biapenem,bacterial cell wall synthesis inhibitor,,infectious disease,"bacterial septicemia, pneumonia, urinary tract infections","MedChemEx, Sigma, MedChemEx, MedChemEx, Selleck, Selleck, Selleck",74.7,"C[C@@H](O)[C@@H]1[C@H]2[C@@H](C)C(SC3Cn4cnc[n+]4C3)=C(N2C1=O)C(O)=O |a:1,3,4,5,&1:9,c:18|, C[C@@H](O)[C@@H]1[C@H]2[C@@H](C)C(SC3Cn4cnc[n+]4C3)=C(N2C1=O)C(O)=O |a:1,3,4,5,&1:9,c:18|, C[C@@H](O)[C@@H]1[C@H]2[C@@H](C)C(SC3Cn4cnc[n+]4C3)=C(N2C1=O)C(O)=O |a:1,3,4,5,&1:9,c:18|, C[C@@H](O)[C@@H]1[C@H]2[C@@H](C)C(SC3Cn4cnc[n+]4C3)=C(N2C1=O)C(O)=O |a:1,3,4,5,&1:9,c:18|, C[C@@H](O)[C@@H]1[C@H]2[C@@H](C)C(SC3Cn4cnc[n+]4C3)=C(N2C1=O)C(O)=O |a:1,3,4,5,&1:9,c:18|, C[C@@H](O)[C@@H]1[C@H]2[C@@H](C)C(SC3Cn4cnc[n+]4C3)=C(N2C1=O)C(O)=O |a:1,3,4,5,&1:9,c:18|, C[C@@H](O)[C@@H]1[C@H]2[C@@H](C)C(SC3Cn4cnc[n+]4C3)=C(N2C1=O)C(O)=O |a:1,3,4,5,&1:9,c:18|","MRMBZHPJVKCOMA-YJFSRANCSA-O, MRMBZHPJVKCOMA-YJFSRANCSA-O, MRMBZHPJVKCOMA-YJFSRANCSA-O, MRMBZHPJVKCOMA-YJFSRANCSA-O, MRMBZHPJVKCOMA-YJFSRANCSA-O, MRMBZHPJVKCOMA-YJFSRANCSA-O, MRMBZHPJVKCOMA-YJFSRANCSA-O",Launched
BIBN4096,calcitonin antagonist,"CALCA, CALCRL, RAMP1",,,"MedChemEx, MedChemEx, MedChemEx, MedChemEx",86.32,"NCCCC[C@H](NC(=O)[C@@H](Cc1cc(Br)c(O)c(Br)c1)NC(=O)N1CCC(CC1)N1Cc2ccccc2NC1=O)C(=O)N1CCN(CC1)c1ccncc1, NCCCC[C@H](NC(=O)[C@@H](Cc1cc(Br)c(O)c(Br)c1)NC(=O)N1CCC(CC1)N1Cc2ccccc2NC1=O)C(=O)N1CCN(CC1)c1ccncc1, NCCCC[C@H](NC(=O)[C@@H](Cc1cc(Br)c(O)c(Br)c1)NC(=O)N1CCC(CC1)N1Cc2ccccc2NC1=O)C(=O)N1CCN(CC1)c1ccncc1, NCCCC[C@H](NC(=O)[C@@H](Cc1cc(Br)c(O)c(Br)c1)NC(=O)N1CCC(CC1)N1Cc2ccccc2NC1=O)C(=O)N1CCN(CC1)c1ccncc1","ITIXDWVDFFXNEG-JHOUSYSJSA-N, ITIXDWVDFFXNEG-JHOUSYSJSA-N, ITIXDWVDFFXNEG-JHOUSYSJSA-N, ITIXDWVDFFXNEG-JHOUSYSJSA-N",Phase 2
BIBR-1532,telomerase inhibitor,TERT,,,"Tocris, Selleck, Selleck, Selleck, Selleck",94.94,"C\C(=C/C(=O)Nc1ccccc1C(O)=O)c1ccc2ccccc2c1, C\C(=C/C(=O)Nc1ccccc1C(O)=O)c1ccc2ccccc2c1, C\C(=C/C(=O)Nc1ccccc1C(O)=O)c1ccc2ccccc2c1, C\C(=C/C(=O)Nc1ccccc1C(O)=O)c1ccc2ccccc2c1, C\C(=C/C(=O)Nc1ccccc1C(O)=O)c1ccc2ccccc2c1","PGFQXGLPJUCTOI-WYMLVPIESA-N, PGFQXGLPJUCTOI-WYMLVPIESA-N, PGFQXGLPJUCTOI-WYMLVPIESA-N, PGFQXGLPJUCTOI-WYMLVPIESA-N, PGFQXGLPJUCTOI-WYMLVPIESA-N",Preclinical
BIBU-1361,EGFR inhibitor,EGFR,,,"Tocris, Tocris, Tocris",96.69,"CCN(CC)CC1CCN(CC1)c1ncc2ncnc(Nc3ccc(F)c(Cl)c3)c2n1, CCN(CC)CC1CCN(CC1)c1ncc2ncnc(Nc3ccc(F)c(Cl)c3)c2n1, CCN(CC)CC1CCN(CC1)c1ncc2ncnc(Nc3ccc(F)c(Cl)c3)c2n1","JUGSLZCFNSTKBN-UHFFFAOYSA-N, JUGSLZCFNSTKBN-UHFFFAOYSA-N, JUGSLZCFNSTKBN-UHFFFAOYSA-N",Preclinical
BIBX-1382,EGFR inhibitor,"EGFR, ERBB2",,,"Tocris, Tocris, Tocris",94.76,"CN1CCC(CC1)Nc1ncc2ncnc(Nc3ccc(F)c(Cl)c3)c2n1, CN1CCC(CC1)Nc1ncc2ncnc(Nc3ccc(F)c(Cl)c3)c2n1, CN1CCC(CC1)Nc1ncc2ncnc(Nc3ccc(F)c(Cl)c3)c2n1","FTFRZXFNZVCRSK-UHFFFAOYSA-N, FTFRZXFNZVCRSK-UHFFFAOYSA-N, FTFRZXFNZVCRSK-UHFFFAOYSA-N",Phase 1
bicalutamide,androgen receptor antagonist,AR,oncology,prostate cancer,"Tocris, MicroSource, Selleck",98.74,"CC(O)(CS(=O)(=O)c1ccc(F)cc1)C(=O)Nc1ccc(C#N)c(c1)C(F)(F)F |&1:1|, CC(O)(CS(=O)(=O)c1ccc(F)cc1)C(=O)Nc1ccc(C#N)c(c1)C(F)(F)F |&1:1|, CC(O)(CS(=O)(=O)c1ccc(F)cc1)C(=O)Nc1ccc(C#N)c(c1)C(F)(F)F |&1:1|","LKJPYSCBVHEWIU-UHFFFAOYSA-N, LKJPYSCBVHEWIU-UHFFFAOYSA-N, LKJPYSCBVHEWIU-UHFFFAOYSA-N",Launched
bicifadine,"dopamine reuptake inhibitor, serotonin receptor antagonist",,,,Tocris,83.5,"[H][C@@]12C[C@@]1(CNC2)c1ccc(C)cc1 |&1:1,3,r|",OFYVIGTWSQPCLF-NWDGAFQWSA-N,Phase 3
bictegravir,HIV integrase inhibitor,,infectious disease,human immunodeficiency virus (HIV-1),MedChemEx,100,[H][C@@]12CC[C@@]([H])(C1)N1C(=O)c3c(O)c(=O)c(cn3C[C@@]1([H])O2)C(=O)NCc1c(F)cc(F)cc1F,SOLUWJRYJLAZCX-LYOVBCGYSA-N,Launched
bicuculline-(+),GABA receptor antagonist,"GABRA1, GABRA2, GABRA3, GABRA4, GABRA5, GABRA6, KCNN1",,,Tocris,97.87,CN1CCc2cc3OCOc3cc2[C@H]1[C@@H]1OC(=O)c2c1ccc1OCOc21,IYGYMKDQCDOMRE-ZWKOTPCHSA-N,Preclinical
bicuculline-methochloride-(-),GABA receptor antagonist,,,,Tocris,97.01,C[N+]1(C)CCc2cc3OCOc3cc2[C@H]1[C@@H]1OC(=O)c2c1ccc1OCOc21,WDIQXKYUSINZME-RBUKOAKNSA-N,Preclinical
bicyclol,NFkB pathway inhibitor,"HSPA1A, HSPB1",infectious disease,"hepatitis B, hepatitis C",Sigma,98.42,COC(=O)c1cc(OC)c2OCOc2c1-c1c2OCOc2c(OC)cc1CO,KXMTXZACPVCDMH-UHFFFAOYSA-N,Launched
bifemelane,acetylcholine release enhancer,"MAOA, MAOB","ophthalmology, neurology/psychiatry","glaucoma, senile dementia","Tocris, Tocris, Tocris",96.76,"CNCCCCOc1ccccc1Cc1ccccc1, CNCCCCOc1ccccc1Cc1ccccc1, CNCCCCOc1ccccc1Cc1ccccc1","QSQQPMHPCBLLGX-UHFFFAOYSA-N, QSQQPMHPCBLLGX-UHFFFAOYSA-N, QSQQPMHPCBLLGX-UHFFFAOYSA-N",Launched
bifendate,,,infectious disease,"hepatitis B, hepatitis C","AKSci, AKSci",99.86,"COC(=O)c1cc(OC)c2OCOc2c1-c1c2OCOc2c(OC)cc1C(=O)OC, COC(=O)c1cc(OC)c2OCOc2c1-c1c2OCOc2c(OC)cc1C(=O)OC","JMZOMFYRADAWOG-UHFFFAOYSA-N, JMZOMFYRADAWOG-UHFFFAOYSA-N",Launched
bifonazole,sterol demethylase inhibitor,,infectious disease,"tinea pedis, tinea cruris","MicroSource, MicroSource, MicroSource, MicroSource, Selleck, MedChemEx",99.27,"c1cn(cn1)[C@@H](c1ccccc1)c1ccc(cc1)-c1ccccc1 |&1:5,r|, c1cn(cn1)[C@@H](c1ccccc1)c1ccc(cc1)-c1ccccc1 |&1:5,r|, c1cn(cn1)[C@@H](c1ccccc1)c1ccc(cc1)-c1ccccc1 |&1:5,r|, c1cn(cn1)[C@@H](c1ccccc1)c1ccc(cc1)-c1ccccc1 |&1:5,r|, c1cn(cn1)[C@@H](c1ccccc1)c1ccc(cc1)-c1ccccc1 |&1:5,r|, c1cn(cn1)[C@@H](c1ccccc1)c1ccc(cc1)-c1ccccc1 |&1:5,r|","OCAPBUJLXMYKEJ-QFIPXVFZSA-N, OCAPBUJLXMYKEJ-QFIPXVFZSA-N, OCAPBUJLXMYKEJ-QFIPXVFZSA-N, OCAPBUJLXMYKEJ-QFIPXVFZSA-N, OCAPBUJLXMYKEJ-QFIPXVFZSA-N, OCAPBUJLXMYKEJ-QFIPXVFZSA-N",Launched
BIIB021,HSP inhibitor,HSP90AA1,,,"Tocris, Tocris, Tocris, Selleck, Selleck",97.64,"COc1c(C)cnc(Cn2cnc3c(Cl)nc(N)nc23)c1C, COc1c(C)cnc(Cn2cnc3c(Cl)nc(N)nc23)c1C, COc1c(C)cnc(Cn2cnc3c(Cl)nc(N)nc23)c1C, COc1c(C)cnc(Cn2cnc3c(Cl)nc(N)nc23)c1C, COc1c(C)cnc(Cn2cnc3c(Cl)nc(N)nc23)c1C","QULDDKSCVCJTPV-UHFFFAOYSA-N, QULDDKSCVCJTPV-UHFFFAOYSA-N, QULDDKSCVCJTPV-UHFFFAOYSA-N, QULDDKSCVCJTPV-UHFFFAOYSA-N, QULDDKSCVCJTPV-UHFFFAOYSA-N",Phase 2
bilastine,histamine receptor antagonist,HRH1,ophthalmology,conjunctivitis,"MedChemEx, MedChemEx",99.77,"CCOCCn1c(nc2ccccc12)C1CCN(CCc2ccc(cc2)C(C)(C)C(O)=O)CC1, CCOCCn1c(nc2ccccc12)C1CCN(CCc2ccc(cc2)C(C)(C)C(O)=O)CC1","ACCMWZWAEFYUGZ-UHFFFAOYSA-N, ACCMWZWAEFYUGZ-UHFFFAOYSA-N",Launched
bilobalide,GABA receptor modulator,"GLRA1, GLRA2, GLRB, HTR3A, HTR3B",,,MedChemEx,100,CC(C)(C)[C@]1(O)C[C@@H]2OC(=O)C[C@@]22C(=O)O[C@@H]3OC(=O)[C@H](O)[C@]123,MOLPUWBMSBJXER-YDGSQGCISA-N,Preclinical
bimatoprost,prostanoid receptor agonist,"AKR1C3, PTGER1, PTGER3, PTGFR",ophthalmology,"intraocular pressure, glaucoma, ocular hypertension",MedChemEx,96.15,CCNC(=O)CCC\C=C/C[C@H]1[C@@H](O)C[C@@H](O)[C@@H]1\C=C\[C@@H](O)CCc1ccccc1,AQOKCDNYWBIDND-FTOWTWDKSA-N,Launched
BIMU-8,serotonin receptor agonist,HTR4,,,Tocris,97.3,"CC(C)n1c2ccccc2n(C(=O)N[C@@H]2C[C@@H]3CC[C@H](C2)N3C)c1=O |&1:14,16,19|",AFOFVIBWSLOHFR-QDMKHBRRSA-N,Preclinical
BINA,glutamate receptor positive allosteric modulator,GRM2,,,Tocris,98.64,"Cc1c2C(=O)[C@H](Cc2cc(OCc2cccc(c2)-c2ccc(cc2)C(O)=O)c1C)C1CCCC1 |&1:5,r|",KMKBEESNZAPKMP-AREMUKBSSA-N,Preclinical
bindarit,NFkB pathway inhibitor,"CCL2, CCL7, CCL8",,,"MedChemEx, Selleck",97.84,"CC(C)(OCc1nn(Cc2ccccc2)c2ccccc12)C(O)=O, CC(C)(OCc1nn(Cc2ccccc2)c2ccccc12)C(O)=O","MTHORRSSURHQPZ-UHFFFAOYSA-N, MTHORRSSURHQPZ-UHFFFAOYSA-N",Phase 2
binimetinib,MEK inhibitor,"MAP2K1, MAP2K2",oncology,melanoma,"MedChemEx, MedChemEx, Selleck, Selleck, Selleck",97.48,"Cn1cnc2c(F)c(Nc3ccc(Br)cc3F)c(cc12)C(=O)NOCCO, Cn1cnc2c(F)c(Nc3ccc(Br)cc3F)c(cc12)C(=O)NOCCO, Cn1cnc2c(F)c(Nc3ccc(Br)cc3F)c(cc12)C(=O)NOCCO, Cn1cnc2c(F)c(Nc3ccc(Br)cc3F)c(cc12)C(=O)NOCCO, Cn1cnc2c(F)c(Nc3ccc(Br)cc3F)c(cc12)C(=O)NOCCO","ACWZRVQXLIRSDF-UHFFFAOYSA-N, ACWZRVQXLIRSDF-UHFFFAOYSA-N, ACWZRVQXLIRSDF-UHFFFAOYSA-N, ACWZRVQXLIRSDF-UHFFFAOYSA-N, ACWZRVQXLIRSDF-UHFFFAOYSA-N",Launched
BIO-1211,integrin antagonist,"ITGA4, ITGB1",,,"Tocris, Tocris",93.1,"CC(C)C[C@H](NC(=O)Cc1ccc(NC(=O)Nc2ccccc2C)cc1)C(=O)N[C@@H](CC(O)=O)C(=O)N[C@@H](C(C)C)C(=O)N1CCC[C@H]1C(O)=O, CC(C)C[C@H](NC(=O)Cc1ccc(NC(=O)Nc2ccccc2C)cc1)C(=O)N[C@@H](CC(O)=O)C(=O)N[C@@H](C(C)C)C(=O)N1CCC[C@H]1C(O)=O","NVVGCQABIHSJSQ-KFZSMJGVSA-N, NVVGCQABIHSJSQ-KFZSMJGVSA-N",Phase 2
BIO-5192,integrin inhibitor,"ITGA4, ITGB1",,,"Tocris, Tocris, Tocris",98.15,"CC(C)C[C@H](N(C)C(=O)Cc1ccc(NC(=O)Nc2ccccc2C)cc1)C(=O)NCC[C@H](NC(=O)[C@@H]1CCCN1S(=O)(=O)c1cc(Cl)cc(Cl)c1)C(O)=O, CC(C)C[C@H](N(C)C(=O)Cc1ccc(NC(=O)Nc2ccccc2C)cc1)C(=O)NCC[C@H](NC(=O)[C@@H]1CCCN1S(=O)(=O)c1cc(Cl)cc(Cl)c1)C(O)=O, CC(C)C[C@H](N(C)C(=O)Cc1ccc(NC(=O)Nc2ccccc2C)cc1)C(=O)NCC[C@H](NC(=O)[C@@H]1CCCN1S(=O)(=O)c1cc(Cl)cc(Cl)c1)C(O)=O","MNQBPRHHZPXCKZ-ZDCRTTOTSA-N, MNQBPRHHZPXCKZ-ZDCRTTOTSA-N, MNQBPRHHZPXCKZ-ZDCRTTOTSA-N",Preclinical
biotin,vitamin B,"ACACA, ACACB, HLCS, MCCC1, MCCC2, PC, PCCA, PCCB, SLC5A6",,,"MicroSource, MedChemEx, Selleck",100,"OC(=O)CCCC[C@@H]1SC[C@@H]2NC(=O)N[C@H]12, OC(=O)CCCC[C@@H]1SC[C@@H]2NC(=O)N[C@H]12, OC(=O)CCCC[C@@H]1SC[C@@H]2NC(=O)N[C@H]12","YBJHBAHKTGYVGT-ZKWXMUAHSA-N, YBJHBAHKTGYVGT-ZKWXMUAHSA-N, YBJHBAHKTGYVGT-ZKWXMUAHSA-N",Launched
bipenamol,dipeptidyl peptidase inhibitor,CTSC,,,"Sigma, Sigma",81.11,"NCc1ccccc1Sc1ccccc1CO, NCc1ccccc1Sc1ccccc1CO","HLAFSNJRKZLMPT-UHFFFAOYSA-N, HLAFSNJRKZLMPT-UHFFFAOYSA-N",Phase 2
biperiden,acetylcholine receptor antagonist,"CHRM1, CHRM2, CHRM3, CHRM4, CHRM5",neurology/psychiatry,Parkinson's Disease,"MicroSource, MicroSource, Tocris",97.94,"O[C@@](CCN1CCCCC1)([C@@H]1C[C@@H]2C[C@H]1C=C2)c1ccccc1 |&1:12,14,&2:10,&3:1,c:17|, O[C@@](CCN1CCCCC1)([C@@H]1C[C@@H]2C[C@H]1C=C2)c1ccccc1 |&1:12,14,&2:10,&3:1,c:17|, O[C@@](CCN1CCCCC1)([C@@H]1C[C@@H]2C[C@H]1C=C2)c1ccccc1 |&1:12,14,&2:10,&3:1,c:17|","YSXKPIUOCJLQIE-UYWIDEMCSA-N, YSXKPIUOCJLQIE-UYWIDEMCSA-N, YSXKPIUOCJLQIE-UYWIDEMCSA-N",Launched
birinapant,XIAP inhibitor,"BIRC2, XIAP",,,"Selleck, Selleck, Selleck, Selleck, Selleck, Selleck, Selleck, Selleck, Selleck",97.74,"CC[C@H](NC(=O)[C@H](C)NC)C(=O)N1C[C@@H](O)C[C@H]1Cc1c([nH]c2cc(F)ccc12)-c1[nH]c2cc(F)ccc2c1C[C@@H]1C[C@H](O)CN1C(=O)[C@H](CC)NC(=O)[C@H](C)NC, CC[C@H](NC(=O)[C@H](C)NC)C(=O)N1C[C@@H](O)C[C@H]1Cc1c([nH]c2cc(F)ccc12)-c1[nH]c2cc(F)ccc2c1C[C@@H]1C[C@H](O)CN1C(=O)[C@H](CC)NC(=O)[C@H](C)NC, CC[C@H](NC(=O)[C@H](C)NC)C(=O)N1C[C@@H](O)C[C@H]1Cc1c([nH]c2cc(F)ccc12)-c1[nH]c2cc(F)ccc2c1C[C@@H]1C[C@H](O)CN1C(=O)[C@H](CC)NC(=O)[C@H](C)NC, CC[C@H](NC(=O)[C@H](C)NC)C(=O)N1C[C@@H](O)C[C@H]1Cc1c([nH]c2cc(F)ccc12)-c1[nH]c2cc(F)ccc2c1C[C@@H]1C[C@H](O)CN1C(=O)[C@H](CC)NC(=O)[C@H](C)NC, CC[C@H](NC(=O)[C@H](C)NC)C(=O)N1C[C@@H](O)C[C@H]1Cc1c([nH]c2cc(F)ccc12)-c1[nH]c2cc(F)ccc2c1C[C@@H]1C[C@H](O)CN1C(=O)[C@H](CC)NC(=O)[C@H](C)NC, CC[C@H](NC(=O)[C@H](C)NC)C(=O)N1C[C@@H](O)C[C@H]1Cc1c([nH]c2cc(F)ccc12)-c1[nH]c2cc(F)ccc2c1C[C@@H]1C[C@H](O)CN1C(=O)[C@H](CC)NC(=O)[C@H](C)NC, CC[C@H](NC(=O)[C@H](C)NC)C(=O)N1C[C@@H](O)C[C@H]1Cc1c([nH]c2cc(F)ccc12)-c1[nH]c2cc(F)ccc2c1C[C@@H]1C[C@H](O)CN1C(=O)[C@H](CC)NC(=O)[C@H](C)NC, CC[C@H](NC(=O)[C@H](C)NC)C(=O)N1C[C@@H](O)C[C@H]1Cc1c([nH]c2cc(F)ccc12)-c1[nH]c2cc(F)ccc2c1C[C@@H]1C[C@H](O)CN1C(=O)[C@H](CC)NC(=O)[C@H](C)NC, CC[C@H](NC(=O)[C@H](C)NC)C(=O)N1C[C@@H](O)C[C@H]1Cc1c([nH]c2cc(F)ccc12)-c1[nH]c2cc(F)ccc2c1C[C@@H]1C[C@H](O)CN1C(=O)[C@H](CC)NC(=O)[C@H](C)NC","PKWRMUKBEYJEIX-DXXQBUJASA-N, PKWRMUKBEYJEIX-DXXQBUJASA-N, PKWRMUKBEYJEIX-DXXQBUJASA-N, PKWRMUKBEYJEIX-DXXQBUJASA-N, PKWRMUKBEYJEIX-DXXQBUJASA-N, PKWRMUKBEYJEIX-DXXQBUJASA-N, PKWRMUKBEYJEIX-DXXQBUJASA-N, InChI=1S/C42H56F2N8O6/c1-7-33(49-39(55)21(3)45-5)41(57)51-19-27(53)15-25(51)17-31-29-11-9-23(43)13-35(29)47-37(31)38-32(30-12-10-24(44)14-36(30)48-38)18-26-16-28(54)20-52(26)42(58)34(8-2)50-40(56)22(4)46-6/h9-14,21-22,25-28,33-34,45-48,53-54H,7-8,15-20H2,1-6H3,(H,49,55)(H,50,56)/t21-,22-,25-,26-,27-,28-,33-,34-/m0/s1, InChI=1S/C42H56F2N8O6/c1-7-33(49-39(55)21(3)45-5)41(57)51-19-27(53)15-25(51)17-31-29-11-9-23(43)13-35(29)47-37(31)38-32(30-12-10-24(44)14-36(30)48-38)18-26-16-28(54)20-52(26)42(58)34(8-2)50-40(56)22(4)46-6/h9-14,21-22,25-28,33-34,45-48,53-54H,7-8,15-20H2,1-6H3,(H,49,55)(H,50,56)/t21-,22-,25-,26-,27-,28-,33-,34-/m0/s1",Phase 2
BIRT-377,lymphocyte function-associated antigen negative modulator,ICAM1,,,"Tocris, Stanley",99.01,"CN1C(=O)N(C(=O)[C@@]1(C)Cc1ccc(Br)cc1)c1cc(Cl)cc(Cl)c1, CN1C(=O)N(C(=O)[C@@]1(C)Cc1ccc(Br)cc1)c1cc(Cl)cc(Cl)c1","FJNJHZQMQRVZEE-GOSISDBHSA-N, FJNJHZQMQRVZEE-GOSISDBHSA-N",Preclinical
bis(maltolato)oxovanadium(IV),tyrosine phosphatase inhibitor,PTPN1,,,"Carbosynth, Carbosynth, Carbosynth, Carbosynth",79.05,"Cc1occc(=O)c1O[V](=O)Oc1c(C)occc1=O, Cc1occc(=O)c1O[V](=O)Oc1c(C)occc1=O, Cc1occc(=O)c1O[V](=O)Oc1c(C)occc1=O, Cc1occc(=O)c1O[V](=O)Oc1c(C)occc1=O","XUOLEICXAPEOSI-UHFFFAOYSA-L, XUOLEICXAPEOSI-UHFFFAOYSA-L, XUOLEICXAPEOSI-UHFFFAOYSA-L, XUOLEICXAPEOSI-UHFFFAOYSA-L",Phase 2
bisacodyl,laxative,,gastroenterology,constipation,"MicroSource, MedChemEx, Selleck",96.97,"CC(=O)Oc1ccc(cc1)C(c1ccc(OC(C)=O)cc1)c1ccccn1, CC(=O)Oc1ccc(cc1)C(c1ccc(OC(C)=O)cc1)c1ccccn1, CC(=O)Oc1ccc(cc1)C(c1ccc(OC(C)=O)cc1)c1ccccn1","KHOITXIGCFIULA-UHFFFAOYSA-N, KHOITXIGCFIULA-UHFFFAOYSA-N, KHOITXIGCFIULA-UHFFFAOYSA-N",Launched
bisantrene,topoisomerase inhibitor,,,,MedChemEx,44.78,"C1CN=C(N\N=C\c2c3ccccc3c(\C=N\NC3=NCCN3)c3ccccc23)N1 |t:2,19|",NJSMWLQOCQIOPE-OCHFTUDZSA-N,Phase 2
bisindolylmaleimide-IX,PKC inhibitor,"AKT1, GSK3B, LCK, MAPK1, MAPK11, MAPK12, MAPK14, MAPK8, PRKCA, ROCK1, RPS6KB1, SIRT1",,,"Selleck, Tocris, Tocris, Selleck",95.99,"Cn1cc(C2=C(C(=O)NC2=O)c2cn(CCCSC(N)=N)c3ccccc23)c2ccccc12 |t:4|, Cn1cc(C2=C(C(=O)NC2=O)c2cn(CCCSC(N)=N)c3ccccc23)c2ccccc12 |t:4|, Cn1cc(C2=C(C(=O)NC2=O)c2cn(CCCSC(N)=N)c3ccccc23)c2ccccc12 |t:4|, Cn1cc(C2=C(C(=O)NC2=O)c2cn(CCCSC(N)=N)c3ccccc23)c2ccccc12 |t:4|","DSXXEELGXBCYNQ-UHFFFAOYSA-N, DSXXEELGXBCYNQ-UHFFFAOYSA-N, DSXXEELGXBCYNQ-UHFFFAOYSA-N, DSXXEELGXBCYNQ-UHFFFAOYSA-N",Preclinical
bismuth(III)-trifluoromethanesulfonate,direct substitution catalyst,,,,AlfaAesar,99.14,[Bi].OS(=O)(=O)C(F)(F)F.OS(=O)(=O)C(F)(F)F.OS(=O)(=O)C(F)(F)F,BQFARKYNYLKHRD-UHFFFAOYSA-N,Preclinical
bismuth-oxalate,,,,,MPBio,0,[Bi].[Bi].OC(=O)C(O)=O.OC(=O)C(O)=O.OC(=O)C(O)=O,PEBMBOMJLWXKFI-UHFFFAOYSA-N,Preclinical
bismuth-subcitrate-potassium,,,gastroenterology,duodenal ulcer disease,Selleck,0,"OC(=O)C[C@](O)(CC(=O)O[Bi]1OC(=O)C[C@@](O)(CC(O)=O)C(=O)O1)C(O)=O |&1:4,&2:15|",KNOSZBQOKCZXTI-UHFFFAOYSA-K,Launched
bismuth-subgallate,nitric oxide synthase inhibitor,NOS1,gastroenterology,internal deoderant,Sigma,0,O[Bi]1Oc2cc(cc(O)c2O1)C(O)=O,JAONZGLTYYUPCT-UHFFFAOYSA-K,Launched
bismuth-subsalicylate,antacid,,gastroenterology,diarrhea,"MicroSource, MedChemEx, Selleck, MedChemEx, Selleck",5.83,"O[Bi]1OC(=O)c2ccccc2O1, O[Bi]1OC(=O)c2ccccc2O1, O[Bi]1OC(=O)c2ccccc2O1, O[Bi]1OC(=O)c2ccccc2O1, O[Bi]1OC(=O)c2ccccc2O1","ZREIPSZUJIFJNP-UHFFFAOYSA-K, ZREIPSZUJIFJNP-UHFFFAOYSA-K, ZREIPSZUJIFJNP-UHFFFAOYSA-K, ZREIPSZUJIFJNP-UHFFFAOYSA-K, ZREIPSZUJIFJNP-UHFFFAOYSA-K",Launched
bisoctrizole,,,,,"MedChemEx, MicroSource",0,"CC(C)(C)CC(C)(C)c1cc(Cc2cc(cc(c2O)-n2nc3ccccc3n2)C(C)(C)CC(C)(C)C)c(O)c(c1)-n1nc2ccccc2n1, CC(C)(C)CC(C)(C)c1cc(Cc2cc(cc(c2O)-n2nc3ccccc3n2)C(C)(C)CC(C)(C)C)c(O)c(c1)-n1nc2ccccc2n1","FQUNFJULCYSSOP-UHFFFAOYSA-N, FQUNFJULCYSSOP-UHFFFAOYSA-N",Phase 2
bisoprolol,adrenergic receptor antagonist,ADRB1,cardiology,hypertension,"MicroSource, Tocris, Selleck, Selleck, Selleck",95.41,"CC(C)NC[C@@H](O)COc1ccc(COCCOC(C)C)cc1 |&1:5|, CC(C)NC[C@@H](O)COc1ccc(COCCOC(C)C)cc1 |&1:5|, CC(C)NC[C@@H](O)COc1ccc(COCCOC(C)C)cc1 |&1:5|, CC(C)NC[C@@H](O)COc1ccc(COCCOC(C)C)cc1 |&1:5|, CC(C)NC[C@@H](O)COc1ccc(COCCOC(C)C)cc1 |&1:5|","VHYCDWMUTMEGQY-QGZVFWFLSA-N, VHYCDWMUTMEGQY-QGZVFWFLSA-N, VHYCDWMUTMEGQY-QGZVFWFLSA-N, VHYCDWMUTMEGQY-QGZVFWFLSA-N, VHYCDWMUTMEGQY-QGZVFWFLSA-N",Launched
bisphenol-A,synthetic estrogen,"AR, ESR1, ESR2, ESRRG, PPARG",,,"Sigma, Sigma",95.98,"CC(C)(c1ccc(O)cc1)c1ccc(O)cc1, CC(C)(c1ccc(O)cc1)c1ccc(O)cc1","IISBACLAFKSPIT-UHFFFAOYSA-N, IISBACLAFKSPIT-UHFFFAOYSA-N",Phase 1
bithionol,autotaxin inhibitor,"ESR1, ESR2, MCL1",,,"MicroSource, MicroSource, MicroSource, MicroSource, MicroSource, MicroSource, MicroSource, MicroSource",97.59,"Oc1c(Cl)cc(Cl)cc1Sc1cc(Cl)cc(Cl)c1O, Oc1c(Cl)cc(Cl)cc1Sc1cc(Cl)cc(Cl)c1O, Oc1c(Cl)cc(Cl)cc1Sc1cc(Cl)cc(Cl)c1O, Oc1c(Cl)cc(Cl)cc1Sc1cc(Cl)cc(Cl)c1O, Oc1c(Cl)cc(Cl)cc1Sc1cc(Cl)cc(Cl)c1O, Oc1c(Cl)cc(Cl)cc1Sc1cc(Cl)cc(Cl)c1O, Oc1c(Cl)cc(Cl)cc1Sc1cc(Cl)cc(Cl)c1O, Oc1c(Cl)cc(Cl)cc1Sc1cc(Cl)cc(Cl)c1O","JFIOVJDNOJYLKP-UHFFFAOYSA-N, JFIOVJDNOJYLKP-UHFFFAOYSA-N, JFIOVJDNOJYLKP-UHFFFAOYSA-N, JFIOVJDNOJYLKP-UHFFFAOYSA-N, JFIOVJDNOJYLKP-UHFFFAOYSA-N, JFIOVJDNOJYLKP-UHFFFAOYSA-N, JFIOVJDNOJYLKP-UHFFFAOYSA-N, InChI=1S/C12H6Cl4O2S/c13-5-1-7(15)11(17)9(3-5)19-10-4-6(14)2-8(16)12(10)18/h1-4,17-18H",Withdrawn
bitopertin,glycine transporter inhibitor,"SLC6A5, SLC6A9",,,"MedChemEx, MedChemEx",99.57,"C[C@H](Oc1ccc(cc1C(=O)N1CCN(CC1)c1ncc(cc1F)C(F)(F)F)S(C)(=O)=O)C(F)(F)F, C[C@H](Oc1ccc(cc1C(=O)N1CCN(CC1)c1ncc(cc1F)C(F)(F)F)S(C)(=O)=O)C(F)(F)F","YUUGYIUSCYNSQR-LBPRGKRZSA-N, YUUGYIUSCYNSQR-LBPRGKRZSA-N",Phase 3
bitoscanate,anthelmintic agent,,,,"MedChemEx, MicroSource",0,"S=C=Nc1ccc(cc1)N=C=S, S=C=Nc1ccc(cc1)N=C=S","OMWQUXGVXQELIX-UHFFFAOYSA-N, OMWQUXGVXQELIX-UHFFFAOYSA-N",Preclinical
bivalirudin,thrombin inhibitor,F2,cardiology,angina pectoris,"MedChemEx, Key, Key, MedChemEx, MedChemEx, MedChemEx",93.05,"CC[C@H](C)[C@H](NC(=O)[C@H](CCC(O)=O)NC(=O)[C@H](CCC(O)=O)NC(=O)[C@H](Cc1ccccc1)NC(=O)[C@H](CC(O)=O)NC(=O)CNC(=O)[C@H](CC(N)=O)NC(=O)CNC(=O)CNC(=O)CNC(=O)CNC(=O)[C@@H]1CCCN1C(=O)[C@H](CCCNC(N)=N)NC(=O)[C@@H]1CCCN1C(=O)[C@H](N)Cc1ccccc1)C(=O)N1CCC[C@H]1C(=O)N[C@@H](CCC(O)=O)C(=O)N[C@@H](CCC(O)=O)C(=O)N[C@@H](Cc1ccc(O)cc1)C(=O)N[C@@H](CC(C)C)C(O)=O, CC[C@H](C)[C@H](NC(=O)[C@H](CCC(O)=O)NC(=O)[C@H](CCC(O)=O)NC(=O)[C@H](Cc1ccccc1)NC(=O)[C@H](CC(O)=O)NC(=O)CNC(=O)[C@H](CC(N)=O)NC(=O)CNC(=O)CNC(=O)CNC(=O)CNC(=O)[C@@H]1CCCN1C(=O)[C@H](CCCNC(N)=N)NC(=O)[C@@H]1CCCN1C(=O)[C@H](N)Cc1ccccc1)C(=O)N1CCC[C@H]1C(=O)N[C@@H](CCC(O)=O)C(=O)N[C@@H](CCC(O)=O)C(=O)N[C@@H](Cc1ccc(O)cc1)C(=O)N[C@@H](CC(C)C)C(O)=O, CC[C@H](C)[C@H](NC(=O)[C@H](CCC(O)=O)NC(=O)[C@H](CCC(O)=O)NC(=O)[C@H](Cc1ccccc1)NC(=O)[C@H](CC(O)=O)NC(=O)CNC(=O)[C@H](CC(N)=O)NC(=O)CNC(=O)CNC(=O)CNC(=O)CNC(=O)[C@@H]1CCCN1C(=O)[C@H](CCCNC(N)=N)NC(=O)[C@@H]1CCCN1C(=O)[C@H](N)Cc1ccccc1)C(=O)N1CCC[C@H]1C(=O)N[C@@H](CCC(O)=O)C(=O)N[C@@H](CCC(O)=O)C(=O)N[C@@H](Cc1ccc(O)cc1)C(=O)N[C@@H](CC(C)C)C(O)=O, CC[C@H](C)[C@H](NC(=O)[C@H](CCC(O)=O)NC(=O)[C@H](CCC(O)=O)NC(=O)[C@H](Cc1ccccc1)NC(=O)[C@H](CC(O)=O)NC(=O)CNC(=O)[C@H](CC(N)=O)NC(=O)CNC(=O)CNC(=O)CNC(=O)CNC(=O)[C@@H]1CCCN1C(=O)[C@H](CCCNC(N)=N)NC(=O)[C@@H]1CCCN1C(=O)[C@H](N)Cc1ccccc1)C(=O)N1CCC[C@H]1C(=O)N[C@@H](CCC(O)=O)C(=O)N[C@@H](CCC(O)=O)C(=O)N[C@@H](Cc1ccc(O)cc1)C(=O)N[C@@H](CC(C)C)C(O)=O, CC[C@H](C)[C@H](NC(=O)[C@H](CCC(O)=O)NC(=O)[C@H](CCC(O)=O)NC(=O)[C@H](Cc1ccccc1)NC(=O)[C@H](CC(O)=O)NC(=O)CNC(=O)[C@H](CC(N)=O)NC(=O)CNC(=O)CNC(=O)CNC(=O)CNC(=O)[C@@H]1CCCN1C(=O)[C@H](CCCNC(N)=N)NC(=O)[C@@H]1CCCN1C(=O)[C@H](N)Cc1ccccc1)C(=O)N1CCC[C@H]1C(=O)N[C@@H](CCC(O)=O)C(=O)N[C@@H](CCC(O)=O)C(=O)N[C@@H](Cc1ccc(O)cc1)C(=O)N[C@@H](CC(C)C)C(O)=O, CC[C@H](C)[C@H](NC(=O)[C@H](CCC(O)=O)NC(=O)[C@H](CCC(O)=O)NC(=O)[C@H](Cc1ccccc1)NC(=O)[C@H](CC(O)=O)NC(=O)CNC(=O)[C@H](CC(N)=O)NC(=O)CNC(=O)CNC(=O)CNC(=O)CNC(=O)[C@@H]1CCCN1C(=O)[C@H](CCCNC(N)=N)NC(=O)[C@@H]1CCCN1C(=O)[C@H](N)Cc1ccccc1)C(=O)N1CCC[C@H]1C(=O)N[C@@H](CCC(O)=O)C(=O)N[C@@H](CCC(O)=O)C(=O)N[C@@H](Cc1ccc(O)cc1)C(=O)N[C@@H](CC(C)C)C(O)=O","OIRCOABEOLEUMC-GEJPAHFPSA-N, OIRCOABEOLEUMC-GEJPAHFPSA-N, OIRCOABEOLEUMC-GEJPAHFPSA-N, OIRCOABEOLEUMC-GEJPAHFPSA-N, OIRCOABEOLEUMC-GEJPAHFPSA-N, OIRCOABEOLEUMC-GEJPAHFPSA-N",Launched
BIX-01294,histone lysine methyltransferase inhibitor,"EHMT1, EHMT2",,,"MedChemEx, MedChemEx, MedChemEx, MedChemEx, Tocris, Selleck, Selleck, Selleck, Selleck, Selleck, Selleck, Selleck",98.04,"COc1cc2nc(nc(NC3CCN(Cc4ccccc4)CC3)c2cc1OC)N1CCCN(C)CC1, COc1cc2nc(nc(NC3CCN(Cc4ccccc4)CC3)c2cc1OC)N1CCCN(C)CC1, COc1cc2nc(nc(NC3CCN(Cc4ccccc4)CC3)c2cc1OC)N1CCCN(C)CC1, COc1cc2nc(nc(NC3CCN(Cc4ccccc4)CC3)c2cc1OC)N1CCCN(C)CC1, COc1cc2nc(nc(NC3CCN(Cc4ccccc4)CC3)c2cc1OC)N1CCCN(C)CC1, COc1cc2nc(nc(NC3CCN(Cc4ccccc4)CC3)c2cc1OC)N1CCCN(C)CC1, COc1cc2nc(nc(NC3CCN(Cc4ccccc4)CC3)c2cc1OC)N1CCCN(C)CC1, COc1cc2nc(nc(NC3CCN(Cc4ccccc4)CC3)c2cc1OC)N1CCCN(C)CC1, COc1cc2nc(nc(NC3CCN(Cc4ccccc4)CC3)c2cc1OC)N1CCCN(C)CC1, COc1cc2nc(nc(NC3CCN(Cc4ccccc4)CC3)c2cc1OC)N1CCCN(C)CC1, COc1cc2nc(nc(NC3CCN(Cc4ccccc4)CC3)c2cc1OC)N1CCCN(C)CC1, COc1cc2nc(nc(NC3CCN(Cc4ccccc4)CC3)c2cc1OC)N1CCCN(C)CC1","OSXFATOLZGZLSK-UHFFFAOYSA-N, OSXFATOLZGZLSK-UHFFFAOYSA-N, OSXFATOLZGZLSK-UHFFFAOYSA-N, OSXFATOLZGZLSK-UHFFFAOYSA-N, OSXFATOLZGZLSK-UHFFFAOYSA-N, OSXFATOLZGZLSK-UHFFFAOYSA-N, OSXFATOLZGZLSK-UHFFFAOYSA-N, OSXFATOLZGZLSK-UHFFFAOYSA-N, OSXFATOLZGZLSK-UHFFFAOYSA-N, OSXFATOLZGZLSK-UHFFFAOYSA-N, OSXFATOLZGZLSK-UHFFFAOYSA-N, OSXFATOLZGZLSK-UHFFFAOYSA-N",Preclinical
BIX-02188,MEK inhibitor,MAP2K5,,,"Selleck, Selleck, MedChemEx, MedChemEx, Selleck, Selleck",96.97,"CN(C)Cc1cccc(N\C(=C2/C(=O)Nc3cc(ccc23)C(N)=O)c2ccccc2)c1, CN(C)Cc1cccc(N\C(=C2/C(=O)Nc3cc(ccc23)C(N)=O)c2ccccc2)c1, CN(C)Cc1cccc(N\C(=C2/C(=O)Nc3cc(ccc23)C(N)=O)c2ccccc2)c1, CN(C)Cc1cccc(N\C(=C2/C(=O)Nc3cc(ccc23)C(N)=O)c2ccccc2)c1, CN(C)Cc1cccc(N\C(=C2/C(=O)Nc3cc(ccc23)C(N)=O)c2ccccc2)c1, CN(C)Cc1cccc(N\C(=C2/C(=O)Nc3cc(ccc23)C(N)=O)c2ccccc2)c1","FSZPIAXLCCQFCM-FCQUAONHSA-N, FSZPIAXLCCQFCM-FCQUAONHSA-N, FSZPIAXLCCQFCM-FCQUAONHSA-N, FSZPIAXLCCQFCM-FCQUAONHSA-N, FSZPIAXLCCQFCM-FCQUAONHSA-N, FSZPIAXLCCQFCM-FCQUAONHSA-N",Preclinical
BIX-02189,MEK inhibitor,"MAP2K5, MAPK7",,,"Tocris, Selleck, Selleck",98.67,"CN(C)Cc1cccc(N\C(=C2/C(=O)Nc3cc(ccc23)C(=O)N(C)C)c2ccccc2)c1, CN(C)Cc1cccc(N\C(=C2/C(=O)Nc3cc(ccc23)C(=O)N(C)C)c2ccccc2)c1, CN(C)Cc1cccc(N\C(=C2/C(=O)Nc3cc(ccc23)C(=O)N(C)C)c2ccccc2)c1","HOMJAAIVTDVQJA-IZHYLOQSSA-N, HOMJAAIVTDVQJA-IZHYLOQSSA-N, HOMJAAIVTDVQJA-IZHYLOQSSA-N",Preclinical
BL-5583,hypercalcaemic agent,,,,"Enamine, Enamine, Enamine, Enamine",99.35,"OC(=O)c1cc2ccccc2s1, OC(=O)c1cc2ccccc2s1, OC(=O)c1cc2ccccc2s1, OC(=O)c1cc2ccccc2s1","DYSJMQABFPKAQM-UHFFFAOYSA-N, DYSJMQABFPKAQM-UHFFFAOYSA-N, DYSJMQABFPKAQM-UHFFFAOYSA-N, DYSJMQABFPKAQM-UHFFFAOYSA-N",Preclinical
blebbistatin-(+/-),ATPase inhibitor,"MYH14, MYH2",,,Tocris,98.19,"Cc1ccc2N=C3N(CC[C@@]3(O)C(=O)c2c1)c1ccccc1 |&1:10,r,t:5|",LZAXPYOBKSJSEX-GOSISDBHSA-N,Preclinical
blebbistatin-(-),ATPase inhibitor,,,,"Selleck, Selleck",94.77,"Cc1ccc2N=C3N(CC[C@@]3(O)C(=O)c2c1)c1ccccc1 |t:5|, Cc1ccc2N=C3N(CC[C@@]3(O)C(=O)c2c1)c1ccccc1 |t:5|","LZAXPYOBKSJSEX-GOSISDBHSA-N, LZAXPYOBKSJSEX-GOSISDBHSA-N",Preclinical
bleomycetin,EGFR expression inhibitor,,,,InterBioScreen,69.56,C[C@@H](O)[C@H](NC(=O)[C@@H](C)[C@H](O)[C@@H](C)NC(=O)[C@@H](NC(=O)c1nc(nc(N)c1C)[C@H](CC(N)=O)NC[C@H](N)C(N)=O)[C@@H](O[C@@H]1O[C@@H](CO)[C@@H](O)[C@H](O)[C@@H]1O[C@@H]1O[C@H](CO)[C@@H](O)[C@H](OC(N)=O)[C@@H]1O)c1c[nH]cn1)C(=O)NCCc1nc(cs1)-c1nc(cs1)C(=O)NCCCNCCCCN,QYOAUOAXCQAEMW-DDZPZTJXSA-N,Launched
bleomycin,DNA synthesis inhibitor,,"hematologic malignancy, pulmonary, oncology","non-Hodgkin lymphoma (NHL), Hodgkin's lymphoma, pleural effusion, testicular carcinoma, squamous cell carcinoma",MedChemEx,0,[H][C@]1(O[C@H]2O[C@H](CO)[C@@H](O)[C@H](OC(N)=O)[C@@H]2O)[C@@H](O[C@H]([C@H](NC(=O)c2nc(nc(N)c2C)[C@H](CC(N)=O)NC[C@@H](N)C(N)=O)C(=O)N[C@@H](C)[C@H](O)[C@@H](C)C(=O)N[C@H]([C@@H](C)O)C(=O)NCCc2nc(cs2)-c2nc(cs2)C(=O)NCCC[S+](C)C)c2c[nH]cn2)O[C@H](CO)[C@H](O)[C@H]1O,OYVAGSVQBOHSSS-WMBAVFRVSA-O,Launched
blonanserin,"dopamine receptor antagonist, serotonin receptor antagonist","DRD2, HTR2A",neurology/psychiatry,schizophrenia,"MedChemEx, Selleck, Selleck, Selleck",98.16,"CCN1CCN(CC1)c1cc(-c2ccc(F)cc2)c2CCCCCCc2n1, CCN1CCN(CC1)c1cc(-c2ccc(F)cc2)c2CCCCCCc2n1, CCN1CCN(CC1)c1cc(-c2ccc(F)cc2)c2CCCCCCc2n1, CCN1CCN(CC1)c1cc(-c2ccc(F)cc2)c2CCCCCCc2n1","XVGOZDAJGBALKS-UHFFFAOYSA-N, XVGOZDAJGBALKS-UHFFFAOYSA-N, XVGOZDAJGBALKS-UHFFFAOYSA-N, XVGOZDAJGBALKS-UHFFFAOYSA-N",Launched
BLU9931,FGFR inhibitor,FGFR4,,,"MedChemEx, MedChemEx, MedChemEx, MedChemEx",94.1,"COc1cc(OC)c(Cl)c(c1Cl)-c1ccc2nc(Nc3c(C)cccc3NC(=O)C=C)ncc2c1, COc1cc(OC)c(Cl)c(c1Cl)-c1ccc2nc(Nc3c(C)cccc3NC(=O)C=C)ncc2c1, COc1cc(OC)c(Cl)c(c1Cl)-c1ccc2nc(Nc3c(C)cccc3NC(=O)C=C)ncc2c1, COc1cc(OC)c(Cl)c(c1Cl)-c1ccc2nc(Nc3c(C)cccc3NC(=O)C=C)ncc2c1","TXEBNKKOLVBTFK-UHFFFAOYSA-N, TXEBNKKOLVBTFK-UHFFFAOYSA-N, TXEBNKKOLVBTFK-UHFFFAOYSA-N, TXEBNKKOLVBTFK-UHFFFAOYSA-N",Preclinical
BLZ945,CSF1R inhibitor,,,,MedChemEx,88.61,CNC(=O)c1cc(Oc2ccc3nc(N[C@@H]4CCCC[C@H]4O)sc3c2)ccn1,ADZBMFGQQWPHMJ-RHSMWYFYSA-N,Phase 1/Phase 2
BML-190,cannabinoid receptor inverse agonist,CNR2,,,"Selleck, MedChemEx, MedChemEx, MedChemEx, Tocris",98.01,"COc1ccc2n(C(=O)c3ccc(Cl)cc3)c(C)c(CC(=O)N3CCOCC3)c2c1, COc1ccc2n(C(=O)c3ccc(Cl)cc3)c(C)c(CC(=O)N3CCOCC3)c2c1, COc1ccc2n(C(=O)c3ccc(Cl)cc3)c(C)c(CC(=O)N3CCOCC3)c2c1, COc1ccc2n(C(=O)c3ccc(Cl)cc3)c(C)c(CC(=O)N3CCOCC3)c2c1, COc1ccc2n(C(=O)c3ccc(Cl)cc3)c(C)c(CC(=O)N3CCOCC3)c2c1","BJSDNVVWJYDOLK-UHFFFAOYSA-N, BJSDNVVWJYDOLK-UHFFFAOYSA-N, BJSDNVVWJYDOLK-UHFFFAOYSA-N, BJSDNVVWJYDOLK-UHFFFAOYSA-N, BJSDNVVWJYDOLK-UHFFFAOYSA-N",Preclinical
BML-284,WNT agonist,,,,"MedChemEx, MedChemEx, MedChemEx",97.93,"COc1cccc(c1)-c1cc(NCc2ccc3OCOc3c2)nc(N)n1, COc1cccc(c1)-c1cc(NCc2ccc3OCOc3c2)nc(N)n1, COc1cccc(c1)-c1cc(NCc2ccc3OCOc3c2)nc(N)n1","FABQUVYDAXWUQP-UHFFFAOYSA-N, FABQUVYDAXWUQP-UHFFFAOYSA-N, FABQUVYDAXWUQP-UHFFFAOYSA-N",Preclinical
BMS-CCR2-22,CC chemokine receptor antagonist,CCR2,,,"Tocris, Tocris, Tocris, Tocris",98.82,"CSc1ccc(cc1)C(=O)N[C@@H]1CCCC[C@@H]1NC(=O)CNC(=O)c1cc(ccc1NC(=O)NC(C)C)C(F)(F)F, CSc1ccc(cc1)C(=O)N[C@@H]1CCCC[C@@H]1NC(=O)CNC(=O)c1cc(ccc1NC(=O)NC(C)C)C(F)(F)F, CSc1ccc(cc1)C(=O)N[C@@H]1CCCC[C@@H]1NC(=O)CNC(=O)c1cc(ccc1NC(=O)NC(C)C)C(F)(F)F, CSc1ccc(cc1)C(=O)N[C@@H]1CCCC[C@@H]1NC(=O)CNC(=O)c1cc(ccc1NC(=O)NC(C)C)C(F)(F)F","IBPXYDUJQWENPM-XZOQPEGZSA-N, IBPXYDUJQWENPM-XZOQPEGZSA-N, IBPXYDUJQWENPM-XZOQPEGZSA-N, IBPXYDUJQWENPM-XZOQPEGZSA-N",Preclinical
BMS-182874,endothelin receptor antagonist,EDNRA,,,"Tocris, Tocris, Tocris",97.09,"CN(C)c1cccc2c(cccc12)S(=O)(=O)Nc1onc(C)c1C, CN(C)c1cccc2c(cccc12)S(=O)(=O)Nc1onc(C)c1C, CN(C)c1cccc2c(cccc12)S(=O)(=O)Nc1onc(C)c1C","MJRGSRRZKSJHOE-UHFFFAOYSA-N, MJRGSRRZKSJHOE-UHFFFAOYSA-N, MJRGSRRZKSJHOE-UHFFFAOYSA-N",Phase 2
BMS-191011,potassium channel activator,KCNMA1,,,"Tocris, Tocris, Tocris, Tocris, Tocris",96.1,"Oc1ccc(Cl)cc1Cn1nc(oc1=O)-c1ccc(cc1)C(F)(F)F, Oc1ccc(Cl)cc1Cn1nc(oc1=O)-c1ccc(cc1)C(F)(F)F, Oc1ccc(Cl)cc1Cn1nc(oc1=O)-c1ccc(cc1)C(F)(F)F, Oc1ccc(Cl)cc1Cn1nc(oc1=O)-c1ccc(cc1)C(F)(F)F, Oc1ccc(Cl)cc1Cn1nc(oc1=O)-c1ccc(cc1)C(F)(F)F","QKOWACXSXTXRKA-UHFFFAOYSA-N, QKOWACXSXTXRKA-UHFFFAOYSA-N, QKOWACXSXTXRKA-UHFFFAOYSA-N, QKOWACXSXTXRKA-UHFFFAOYSA-N, QKOWACXSXTXRKA-UHFFFAOYSA-N",Preclinical
BMS-191095,"KATP activator, potassium channel agonist",,,,"MedChemEx, MedChemEx",96.19,"CC1(C)Oc2ccc(cc2[C@@H]([C@H]1O)N(Cc1ncc[nH]1)c1ccc(Cl)cc1)C#N, CC1(C)Oc2ccc(cc2[C@@H]([C@H]1O)N(Cc1ncc[nH]1)c1ccc(Cl)cc1)C#N","SMIKIPXIDLITMP-LEWJYISDSA-N, SMIKIPXIDLITMP-LEWJYISDSA-N",Phase 1
BMS-207940,endothelin receptor antagonist,,,,Sigma,96.67,CN(Cc1cc(ccc1-c1ccccc1S(=O)(=O)Nc1noc(C)c1C)-c1ncco1)C(=O)CC(C)(C)C,ORJRYNKVKJAJPY-UHFFFAOYSA-N,Preclinical
BMS-214662,farnesyltransferase inhibitor,,,,MedChemEx,98.26,O=S(=O)(N1Cc2cc(ccc2N(Cc2cnc[nH]2)C[C@H]1Cc1ccccc1)C#N)c1cccs1,OLCWFLWEHWLBTO-HSZRJFAPSA-N,Phase 1
BMS-265246,CDK inhibitor,"CDK1, CDK2",,,"MedChemEx, MedChemEx, MedChemEx, MedChemEx, MedChemEx, MedChemEx, MedChemEx, Selleck, Selleck, Selleck",97.16,"CCCCOc1c(cnc2n[nH]cc12)C(=O)c1c(F)cc(C)cc1F, CCCCOc1c(cnc2n[nH]cc12)C(=O)c1c(F)cc(C)cc1F, CCCCOc1c(cnc2n[nH]cc12)C(=O)c1c(F)cc(C)cc1F, CCCCOc1c(cnc2n[nH]cc12)C(=O)c1c(F)cc(C)cc1F, CCCCOc1c(cnc2n[nH]cc12)C(=O)c1c(F)cc(C)cc1F, CCCCOc1c(cnc2n[nH]cc12)C(=O)c1c(F)cc(C)cc1F, CCCCOc1c(cnc2n[nH]cc12)C(=O)c1c(F)cc(C)cc1F, CCCCOc1c(cnc2n[nH]cc12)C(=O)c1c(F)cc(C)cc1F, CCCCOc1c(cnc2n[nH]cc12)C(=O)c1c(F)cc(C)cc1F, CCCCOc1c(cnc2n[nH]cc12)C(=O)c1c(F)cc(C)cc1F","SCFMWQIQBVZOQR-UHFFFAOYSA-N, SCFMWQIQBVZOQR-UHFFFAOYSA-N, SCFMWQIQBVZOQR-UHFFFAOYSA-N, SCFMWQIQBVZOQR-UHFFFAOYSA-N, SCFMWQIQBVZOQR-UHFFFAOYSA-N, SCFMWQIQBVZOQR-UHFFFAOYSA-N, SCFMWQIQBVZOQR-UHFFFAOYSA-N, SCFMWQIQBVZOQR-UHFFFAOYSA-N, SCFMWQIQBVZOQR-UHFFFAOYSA-N, SCFMWQIQBVZOQR-UHFFFAOYSA-N",Preclinical
BMS-299897,gamma secretase inhibitor,,,,"EMDBio, EMDBio, EMDBio, EMDBio",97.26,"C[C@@H](N(c1cc(F)ccc1F)S(=O)(=O)c1ccc(Cl)cc1)c1ccc(F)cc1CCCC(O)=O, C[C@@H](N(c1cc(F)ccc1F)S(=O)(=O)c1ccc(Cl)cc1)c1ccc(F)cc1CCCC(O)=O, C[C@@H](N(c1cc(F)ccc1F)S(=O)(=O)c1ccc(Cl)cc1)c1ccc(F)cc1CCCC(O)=O, C[C@@H](N(c1cc(F)ccc1F)S(=O)(=O)c1ccc(Cl)cc1)c1ccc(F)cc1CCCC(O)=O","IZAOBRWCUGOKNH-OAHLLOKOSA-N, IZAOBRWCUGOKNH-OAHLLOKOSA-N, IZAOBRWCUGOKNH-OAHLLOKOSA-N, IZAOBRWCUGOKNH-OAHLLOKOSA-N",Phase 1
BMS-309403,fatty acid binding protein inhibitor,FABP4,,,"Tocris, Tocris",96.68,"CCc1c(c(nn1-c1ccccc1-c1cccc(OCC(O)=O)c1)-c1ccccc1)-c1ccccc1, CCc1c(c(nn1-c1ccccc1-c1cccc(OCC(O)=O)c1)-c1ccccc1)-c1ccccc1","SJRVJRYZAQYCEE-UHFFFAOYSA-N, SJRVJRYZAQYCEE-UHFFFAOYSA-N",Preclinical
BMS-345541,IKK inhibitor,"CHUK, IKBKB",,,"Tocris, Selleck, Selleck, Selleck, Selleck, Tocris, Tocris",98.32,"Cc1cnc2c(NCCN)nc3ccc(C)cc3n12, Cc1cnc2c(NCCN)nc3ccc(C)cc3n12, Cc1cnc2c(NCCN)nc3ccc(C)cc3n12, Cc1cnc2c(NCCN)nc3ccc(C)cc3n12, Cc1cnc2c(NCCN)nc3ccc(C)cc3n12, Cc1cnc2c(NCCN)nc3ccc(C)cc3n12, Cc1cnc2c(NCCN)nc3ccc(C)cc3n12","PSPFQEBFYXJZEV-UHFFFAOYSA-N, PSPFQEBFYXJZEV-UHFFFAOYSA-N, PSPFQEBFYXJZEV-UHFFFAOYSA-N, PSPFQEBFYXJZEV-UHFFFAOYSA-N, PSPFQEBFYXJZEV-UHFFFAOYSA-N, PSPFQEBFYXJZEV-UHFFFAOYSA-N, PSPFQEBFYXJZEV-UHFFFAOYSA-N",Preclinical
BMS-387032,"CDK inhibitor, cell cycle inhibitor, MCL1 inhibitor","CDK2, CDK7, CDK9",,,"Selleck, Selleck, Selleck, Selleck",92.86,"CC(C)(C)c1cnc(CSc2cnc(NC(=O)C3CCNCC3)s2)o1, CC(C)(C)c1cnc(CSc2cnc(NC(=O)C3CCNCC3)s2)o1, CC(C)(C)c1cnc(CSc2cnc(NC(=O)C3CCNCC3)s2)o1, CC(C)(C)c1cnc(CSc2cnc(NC(=O)C3CCNCC3)s2)o1","OUSFTKFNBAZUKL-UHFFFAOYSA-N, OUSFTKFNBAZUKL-UHFFFAOYSA-N, OUSFTKFNBAZUKL-UHFFFAOYSA-N, OUSFTKFNBAZUKL-UHFFFAOYSA-N",Phase 1
BMS-470539,melanocortin receptor agonist,MC1R,,,"Tocris, Tocris",93.85,"CCCC(=O)C1(CCN(CC1)C(=O)[C@@H](Cc1ccc(OC)cc1)NC(=O)[C@@H](N)Cc1cncn1C)c1ccccc1, CCCC(=O)C1(CCN(CC1)C(=O)[C@@H](Cc1ccc(OC)cc1)NC(=O)[C@@H](N)Cc1cncn1C)c1ccccc1","GULVVTHHUIIMRL-WUFINQPMSA-N, GULVVTHHUIIMRL-WUFINQPMSA-N",Preclinical
BMS-536924,IGF-1 inhibitor,"AKT1, CCNE1, CDK2, CYP3A4, ERBB2, IGF1R, KDR, LCK, MAPK1, MET, PDGFRA, PDGFRB",,,"MedChemEx, MedChemEx, MedChemEx, Tocris, Tocris",96.98,"Cc1cc(cc2[nH]c(nc12)-c1c(NC[C@@H](O)c2cccc(Cl)c2)cc[nH]c1=O)N1CCOCC1, Cc1cc(cc2[nH]c(nc12)-c1c(NC[C@@H](O)c2cccc(Cl)c2)cc[nH]c1=O)N1CCOCC1, Cc1cc(cc2[nH]c(nc12)-c1c(NC[C@@H](O)c2cccc(Cl)c2)cc[nH]c1=O)N1CCOCC1, Cc1cc(cc2[nH]c(nc12)-c1c(NC[C@@H](O)c2cccc(Cl)c2)cc[nH]c1=O)N1CCOCC1, Cc1cc(cc2[nH]c(nc12)-c1c(NC[C@@H](O)c2cccc(Cl)c2)cc[nH]c1=O)N1CCOCC1","ZWVZORIKUNOTCS-OAQYLSRUSA-N, ZWVZORIKUNOTCS-OAQYLSRUSA-N, ZWVZORIKUNOTCS-OAQYLSRUSA-N, ZWVZORIKUNOTCS-OAQYLSRUSA-N, ZWVZORIKUNOTCS-OAQYLSRUSA-N",Preclinical
BMS-566419,inosine monophosphate dehydrogenase inhibitor,"IMPDH1, IMPDH2",,,"Tocris, Tocris, Tocris, Tocris, Tocris",97.46,"CCN1CCN(CC1)c1ccc(cn1)C(C)(C)NC(=O)c1cc2[nH]c3ccccc3c(=O)c2cc1F, CCN1CCN(CC1)c1ccc(cn1)C(C)(C)NC(=O)c1cc2[nH]c3ccccc3c(=O)c2cc1F, CCN1CCN(CC1)c1ccc(cn1)C(C)(C)NC(=O)c1cc2[nH]c3ccccc3c(=O)c2cc1F, CCN1CCN(CC1)c1ccc(cn1)C(C)(C)NC(=O)c1cc2[nH]c3ccccc3c(=O)c2cc1F, CCN1CCN(CC1)c1ccc(cn1)C(C)(C)NC(=O)c1cc2[nH]c3ccccc3c(=O)c2cc1F","XEVJUIZOZCFECP-UHFFFAOYSA-N, XEVJUIZOZCFECP-UHFFFAOYSA-N, XEVJUIZOZCFECP-UHFFFAOYSA-N, XEVJUIZOZCFECP-UHFFFAOYSA-N, XEVJUIZOZCFECP-UHFFFAOYSA-N",Preclinical
BMS-582949,p38 MAPK inhibitor,,,,MedChemEx,96.9,CCCNC(=O)c1cn2ncnc(Nc3cc(ccc3C)C(=O)NC3CC3)c2c1C,GDTQLZHHDRRBEB-UHFFFAOYSA-N,Phase 2
BMS-587101,integrin antagonist,"ITGAL, ITGB2",,,Key,92.65,CN1C(=O)N(C(=O)[C@]11CN(Cc2cc(cs2)C(O)=O)C[C@H]1c1ccc(cc1)C#N)c1cc(Cl)cc(Cl)c1,NXNKJLOEGWSJGI-BKMJKUGQSA-N,Phase 2
BMS-599626,"EGFR inhibitor, protein tyrosine kinase inhibitor","EGFR, ERBB2, ERBB4",,,"Tocris, Selleck, Selleck",97.06,"Cc1c(NC(=O)OC[C@@H]2COCCN2)cn2ncnc(Nc3ccc4n(Cc5cccc(F)c5)ncc4c3)c12, Cc1c(NC(=O)OC[C@@H]2COCCN2)cn2ncnc(Nc3ccc4n(Cc5cccc(F)c5)ncc4c3)c12, Cc1c(NC(=O)OC[C@@H]2COCCN2)cn2ncnc(Nc3ccc4n(Cc5cccc(F)c5)ncc4c3)c12","LUJZZYWHBDHDQX-QFIPXVFZSA-N, LUJZZYWHBDHDQX-QFIPXVFZSA-N, LUJZZYWHBDHDQX-QFIPXVFZSA-N",Phase 1
BMS-626529,HIV attachment inhibitor,,,,"MedChemEx, MedChemEx",98.85,"COc1cnc(-n2cnc(C)n2)c2[nH]cc(C(=O)C(=O)N3CCN(CC3)C(=O)c3ccccc3)c12, COc1cnc(-n2cnc(C)n2)c2[nH]cc(C(=O)C(=O)N3CCN(CC3)C(=O)c3ccccc3)c12","QRPZBKAMSFHVRW-UHFFFAOYSA-N, QRPZBKAMSFHVRW-UHFFFAOYSA-N",Phase 3
BMS-626531,p38 MAPK inhibitor,,,,Sigma,85.26,Cc1c(cnn1-c1ncccc1C(F)(F)F)C(=O)Nc1cc(ccc1C)C(=O)NC1CC1,ZZZJRULMCGMYRH-UHFFFAOYSA-N,Phase 1
BMS-649,retinoid receptor agonist,RXRA,,,"Tocris, Tocris, Tocris, Tocris, Tocris",99.1,"CC1(C)CCC(C)(C)c2cc(ccc12)C1(OCCO1)c1ccc(cc1)C(O)=O, CC1(C)CCC(C)(C)c2cc(ccc12)C1(OCCO1)c1ccc(cc1)C(O)=O, CC1(C)CCC(C)(C)c2cc(ccc12)C1(OCCO1)c1ccc(cc1)C(O)=O, CC1(C)CCC(C)(C)c2cc(ccc12)C1(OCCO1)c1ccc(cc1)C(O)=O, CC1(C)CCC(C)(C)c2cc(ccc12)C1(OCCO1)c1ccc(cc1)C(O)=O","ZZUKALQMHNSWTK-UHFFFAOYSA-N, ZZUKALQMHNSWTK-UHFFFAOYSA-N, ZZUKALQMHNSWTK-UHFFFAOYSA-N, ZZUKALQMHNSWTK-UHFFFAOYSA-N, ZZUKALQMHNSWTK-UHFFFAOYSA-N",Preclinical
BMS-688521,"ICAM1 antagonist, leukocyte function-associated antigen receptor antagonist",ICAM1,,,Key,99.64,CN1C(=O)N(C(=O)[C@]11CN(C[C@H]1c1ccc(cc1)C#N)c1ccc(cn1)C(O)=O)c1cc(Cl)cc(Cl)c1,LILGMDXLRPEBNH-HFZDXXHNSA-N,Preclinical
BMS-690514,"EGFR inhibitor, VEGFR inhibitor","EGFR, ERBB2, FLT3, KDR",,,"MedChemEx, MedChemEx, MedChemEx, MedChemEx, MedChemEx, MedChemEx",94.87,"COc1cccc(Nc2ncnn3ccc(CN4CC[C@@H](N)[C@H](O)C4)c23)c1, COc1cccc(Nc2ncnn3ccc(CN4CC[C@@H](N)[C@H](O)C4)c23)c1, COc1cccc(Nc2ncnn3ccc(CN4CC[C@@H](N)[C@H](O)C4)c23)c1, COc1cccc(Nc2ncnn3ccc(CN4CC[C@@H](N)[C@H](O)C4)c23)c1, COc1cccc(Nc2ncnn3ccc(CN4CC[C@@H](N)[C@H](O)C4)c23)c1, COc1cccc(Nc2ncnn3ccc(CN4CC[C@@H](N)[C@H](O)C4)c23)c1","CSGQVNMSRKWUSH-IAGOWNOFSA-N, CSGQVNMSRKWUSH-IAGOWNOFSA-N, CSGQVNMSRKWUSH-IAGOWNOFSA-N, CSGQVNMSRKWUSH-IAGOWNOFSA-N, CSGQVNMSRKWUSH-IAGOWNOFSA-N, CSGQVNMSRKWUSH-IAGOWNOFSA-N",Phase 2
BMS-707035,HIV integrase inhibitor,,,,Selleck,96.62,Cn1c(nc(C(=O)NCc2ccc(F)cc2)c(O)c1=O)N1CCCCS1(=O)=O,VNIWZCGZPBJWBI-UHFFFAOYSA-N,Phase 2
BMS-754807,IGF-1 inhibitor,"AKT1, IGF1R",,,"MedChemEx, MedChemEx, MedChemEx, MedChemEx, Selleck, Selleck, Selleck, Selleck, Selleck, Selleck, Selleck",96.93,"C[C@]1(CCCN1c1nc(Nc2cc(n[nH]2)C2CC2)c2cccn2n1)C(=O)Nc1ccc(F)nc1, C[C@]1(CCCN1c1nc(Nc2cc(n[nH]2)C2CC2)c2cccn2n1)C(=O)Nc1ccc(F)nc1, C[C@]1(CCCN1c1nc(Nc2cc(n[nH]2)C2CC2)c2cccn2n1)C(=O)Nc1ccc(F)nc1, C[C@]1(CCCN1c1nc(Nc2cc(n[nH]2)C2CC2)c2cccn2n1)C(=O)Nc1ccc(F)nc1, C[C@]1(CCCN1c1nc(Nc2cc(n[nH]2)C2CC2)c2cccn2n1)C(=O)Nc1ccc(F)nc1, C[C@]1(CCCN1c1nc(Nc2cc(n[nH]2)C2CC2)c2cccn2n1)C(=O)Nc1ccc(F)nc1, C[C@]1(CCCN1c1nc(Nc2cc(n[nH]2)C2CC2)c2cccn2n1)C(=O)Nc1ccc(F)nc1, C[C@]1(CCCN1c1nc(Nc2cc(n[nH]2)C2CC2)c2cccn2n1)C(=O)Nc1ccc(F)nc1, C[C@]1(CCCN1c1nc(Nc2cc(n[nH]2)C2CC2)c2cccn2n1)C(=O)Nc1ccc(F)nc1, C[C@]1(CCCN1c1nc(Nc2cc(n[nH]2)C2CC2)c2cccn2n1)C(=O)Nc1ccc(F)nc1, C[C@]1(CCCN1c1nc(Nc2cc(n[nH]2)C2CC2)c2cccn2n1)C(=O)Nc1ccc(F)nc1","LQVXSNNAFNGRAH-QHCPKHFHSA-N, LQVXSNNAFNGRAH-QHCPKHFHSA-N, LQVXSNNAFNGRAH-QHCPKHFHSA-N, LQVXSNNAFNGRAH-QHCPKHFHSA-N, LQVXSNNAFNGRAH-QHCPKHFHSA-N, LQVXSNNAFNGRAH-QHCPKHFHSA-N, LQVXSNNAFNGRAH-QHCPKHFHSA-N, LQVXSNNAFNGRAH-QHCPKHFHSA-N, LQVXSNNAFNGRAH-QHCPKHFHSA-N, LQVXSNNAFNGRAH-QHCPKHFHSA-N, LQVXSNNAFNGRAH-QHCPKHFHSA-N",Phase 2
BMS-770767,11-beta-HSD1 inhibitor,,,,Sigma,94.62,O[C@@]12CC[C@@](CC1)(C2)c1nnc2c(Oc3ccccc3Cl)cccn12 |r|,HNXGIFYHJKEXNA-KDURUIRLSA-N,Phase 2
BMS-777607,"AXL kinase inhibitor, c-Met inhibitor, FLT3 inhibitor, hepatocyte growth factor receptor inhibitor, macrophage migration inhibiting factor inhibitor, tyrosine kinase inhibitor","AXL, MERTK, MET, MST1R, TYRO3",,,"Selleck, MedChemEx",98.03,"CCOc1ccn(-c2ccc(F)cc2)c(=O)c1C(=O)Nc1ccc(Oc2ccnc(N)c2Cl)c(F)c1, CCOc1ccn(-c2ccc(F)cc2)c(=O)c1C(=O)Nc1ccc(Oc2ccnc(N)c2Cl)c(F)c1","VNBRGSXVFBYQNN-UHFFFAOYSA-N, VNBRGSXVFBYQNN-UHFFFAOYSA-N",Phase 1/Phase 2
BMS-779788,LXR agonist,,,,MedChemEx,88.43,CC(C)(O)c1cn(c(n1)C(C)(C)c1ccccc1Cl)-c1ccc(cc1)-c1cccc(c1)S(C)(=O)=O,JLPURTXCSILYLW-UHFFFAOYSA-N,Phase 1
BMS-806,HIV attachment inhibitor,,,,"Selleck, MedChemEx, Selleck",97.51,"COc1ccnc2[nH]cc(C(=O)C(=O)N3CCN(C[C@H]3C)C(=O)c3ccccc3)c12, COc1ccnc2[nH]cc(C(=O)C(=O)N3CCN(C[C@H]3C)C(=O)c3ccccc3)c12, COc1ccnc2[nH]cc(C(=O)C(=O)N3CCN(C[C@H]3C)C(=O)c3ccccc3)c12","OKGPFTLYBPQBIX-CQSZACIVSA-N, OKGPFTLYBPQBIX-CQSZACIVSA-N, OKGPFTLYBPQBIX-CQSZACIVSA-N",Phase 1
BMS-813160,CC chemokine receptor antagonist,,,,MedChemEx,96.58,CC(=O)N[C@@H]1C[C@@H](CC[C@@H]1N1CC[C@H](Nc2ncnc3cc(nn23)C(C)(C)C)C1=O)NC(C)(C)C,CMVHFGNTABZQJU-HCXYKTFWSA-N,Phase 2
BMS-817378,"c-Met inhibitor, VEGFR inhibitor","KDR, MET",,,MedChemEx,96.68,Nc1nccc(Oc2ccc(NC(=O)c3cn(COP(O)(O)=O)cc(-c4ccc(F)cc4)c3=O)cc2F)c1Cl,KXDZWUPUSDCGDD-UHFFFAOYSA-N,Phase 1
BMS-833923,smoothened receptor antagonist,SMO,,,"MedChemEx, MedChemEx, MedChemEx, MedChemEx, MedChemEx, Selleck, Selleck",94.83,"CNCc1ccc(C)c(NC(=O)c2ccc(Nc3nc(-c4ccccc4)c4ccccc4n3)cc2)c1, CNCc1ccc(C)c(NC(=O)c2ccc(Nc3nc(-c4ccccc4)c4ccccc4n3)cc2)c1, CNCc1ccc(C)c(NC(=O)c2ccc(Nc3nc(-c4ccccc4)c4ccccc4n3)cc2)c1, CNCc1ccc(C)c(NC(=O)c2ccc(Nc3nc(-c4ccccc4)c4ccccc4n3)cc2)c1, CNCc1ccc(C)c(NC(=O)c2ccc(Nc3nc(-c4ccccc4)c4ccccc4n3)cc2)c1, CNCc1ccc(C)c(NC(=O)c2ccc(Nc3nc(-c4ccccc4)c4ccccc4n3)cc2)c1, CNCc1ccc(C)c(NC(=O)c2ccc(Nc3nc(-c4ccccc4)c4ccccc4n3)cc2)c1","KLRRGBHZCJLIEL-UHFFFAOYSA-N, KLRRGBHZCJLIEL-UHFFFAOYSA-N, KLRRGBHZCJLIEL-UHFFFAOYSA-N, KLRRGBHZCJLIEL-UHFFFAOYSA-N, KLRRGBHZCJLIEL-UHFFFAOYSA-N, KLRRGBHZCJLIEL-UHFFFAOYSA-N, KLRRGBHZCJLIEL-UHFFFAOYSA-N",Phase 2
BMS-863233,CDC inhibitor,"CDC7, PIM1",,,"MedChemEx, MedChemEx, MedChemEx, MedChemEx, MedChemEx",98.12,"Clc1ccc2oc3c(nc([nH]c3=O)[C@@H]3CCCN3)c2c1, Clc1ccc2oc3c(nc([nH]c3=O)[C@@H]3CCCN3)c2c1, Clc1ccc2oc3c(nc([nH]c3=O)[C@@H]3CCCN3)c2c1, Clc1ccc2oc3c(nc([nH]c3=O)[C@@H]3CCCN3)c2c1, Clc1ccc2oc3c(nc([nH]c3=O)[C@@H]3CCCN3)c2c1","JJWLXRKVUJDJKG-VIFPVBQESA-N, JJWLXRKVUJDJKG-VIFPVBQESA-N, JJWLXRKVUJDJKG-VIFPVBQESA-N, JJWLXRKVUJDJKG-VIFPVBQESA-N, JJWLXRKVUJDJKG-VIFPVBQESA-N",Phase 1/Phase 2
BMS-906024,gamma secretase inhibitor,,,,Sigma,96.07,CN1c2ccccc2C(=N[C@H](NC(=O)[C@H](CCC(F)(F)F)[C@H](CCC(F)(F)F)C(N)=O)C1=O)c1ccccc1 |c:9|,AYOUDDAETNMCBW-GSHUGGBRSA-N,Phase 1
BMS-911543,JAK inhibitor,,,,MedChemEx,92.83,CCn1c(cc2c1nc(Nc1cc(C)n(C)n1)c1ncn(C)c21)C(=O)N(C1CC1)C1CC1,JCINBYQJBYJGDM-UHFFFAOYSA-N,Phase 1/Phase 2
BMS-935177,Bruton's tyrosine kinase (BTK) inhibitor,,,,MedChemEx,97.18,Cc1c(cccc1-n1cnc2ccccc2c1=O)-c1ccc(C(N)=O)c2[nH]c3cc(ccc3c12)C(C)(C)O,TVJRDCQUZMGBAB-UHFFFAOYSA-N,Preclinical
BMS-983970,notch signaling inhibitor,,,,"MedChemEx, MedChemEx, MedChemEx, MedChemEx",97.52,"NC(=O)[C@@H](CC1CC1)[C@@H](CCC(F)(F)F)C(=O)N[C@H]1N=C(c2ccccc2)c2cccc(F)c2NC1=O |t:20|, NC(=O)[C@@H](CC1CC1)[C@@H](CCC(F)(F)F)C(=O)N[C@H]1N=C(c2ccccc2)c2cccc(F)c2NC1=O |t:20|, NC(=O)[C@@H](CC1CC1)[C@@H](CCC(F)(F)F)C(=O)N[C@H]1N=C(c2ccccc2)c2cccc(F)c2NC1=O |t:20|, NC(=O)[C@@H](CC1CC1)[C@@H](CCC(F)(F)F)C(=O)N[C@H]1N=C(c2ccccc2)c2cccc(F)c2NC1=O |t:20|","RANYIWAZSQWERN-WLENULPWSA-N, RANYIWAZSQWERN-WLENULPWSA-N, RANYIWAZSQWERN-WLENULPWSA-N, RANYIWAZSQWERN-WLENULPWSA-N",Phase 1
BMS-986020,lysophosphatidic acid receptor antagonist,LPAR1,,,MedChemEx,86.34,C[C@@H](OC(=O)Nc1c(C)noc1-c1ccc(cc1)-c1ccc(cc1)C1(CC1)C(O)=O)c1ccccc1,GQBRZBHEPUQRPL-LJQANCHMSA-N,Phase 2
BMS-986142,Bruton's tyrosine kinase (BTK) inhibitor,,,,MedChemEx,96.95,Cc1c(cccc1-n1c(=O)n(C)c2c(F)cccc2c1=O)-c1c(F)cc(C(N)=O)c2[nH]c3C[C@H](CCc3c12)C(C)(C)O,ZRYMMWAJAFUANM-INIZCTEOSA-N,Phase 2
BMS-986158,bromodomain inhibitor,,,,"MedChemEx, MedChemEx",94.64,"Cc1nnn(C)c1-c1cnc2c(c1)n([C@@H](C1CCOCC1)c1ccccc1)c1cc(ccc21)C(C)(C)O, Cc1nnn(C)c1-c1cnc2c(c1)n([C@@H](C1CCOCC1)c1ccccc1)c1cc(ccc21)C(C)(C)O","KGERZPVQIRYWRK-GDLZYMKVSA-N, KGERZPVQIRYWRK-GDLZYMKVSA-N",Phase 1/Phase 2
BMS-986195,Bruton's tyrosine kinase (BTK) inhibitor,,,,MedChemEx,95.18,CC#CC(=O)N[C@H]1CCCN(C1)c1c(F)cc(C(N)=O)c2[nH]c(C)c(C)c12,VJPPLCNBDLZIFG-ZDUSSCGKSA-N,Phase 1
BMS-986205,"indoleamine 2,3-dioxygenase inhibitor",,,,MedChemEx,95.85,[H][C@]1(CC[C@@H](CC1)c1ccnc2ccc(F)cc12)[C@@H](C)C(=O)Nc1ccc(Cl)cc1,KRTIYQIPSAGSBP-ZACQAIPSSA-N,Phase 3
BMY-14802,sigma receptor antagonist,HTR1A,,,"Tocris, Tocris, Tocris, Tocris, Tocris, Tocris",95.41,"O[C@@H](CCCN1CCN(CC1)c1ncc(F)cn1)c1ccc(F)cc1 |&1:1|, O[C@@H](CCCN1CCN(CC1)c1ncc(F)cn1)c1ccc(F)cc1 |&1:1|, O[C@@H](CCCN1CCN(CC1)c1ncc(F)cn1)c1ccc(F)cc1 |&1:1|, O[C@@H](CCCN1CCN(CC1)c1ncc(F)cn1)c1ccc(F)cc1 |&1:1|, O[C@@H](CCCN1CCN(CC1)c1ncc(F)cn1)c1ccc(F)cc1 |&1:1|, O[C@@H](CCCN1CCN(CC1)c1ncc(F)cn1)c1ccc(F)cc1 |&1:1|","ZXUYYZPJUGQHLQ-KRWDZBQOSA-N, ZXUYYZPJUGQHLQ-KRWDZBQOSA-N, ZXUYYZPJUGQHLQ-KRWDZBQOSA-N, ZXUYYZPJUGQHLQ-KRWDZBQOSA-N, ZXUYYZPJUGQHLQ-KRWDZBQOSA-N, ZXUYYZPJUGQHLQ-KRWDZBQOSA-N",Phase 2
BMY-45778,IP1 prostacyclin receptor agonist,PTGIR,,,"Tocris, Tocris",97.74,"OC(=O)COc1cccc(c1)-c1ocnc1-c1nc(c(o1)-c1ccccc1)-c1ccccc1, OC(=O)COc1cccc(c1)-c1ocnc1-c1nc(c(o1)-c1ccccc1)-c1ccccc1","DSRSEEYZGWTODH-UHFFFAOYSA-N, DSRSEEYZGWTODH-UHFFFAOYSA-N",Preclinical
BMY-7378,"adrenergic receptor antagonist, serotonin receptor antagonist","ADRA1A, ADRA1B, ADRA1D, HTR1A",,,"Tocris, Selleck, Tocris, Tocris",97.71,"COc1ccccc1N1CCN(CCN2C(=O)CC3(CCCC3)CC2=O)CC1, COc1ccccc1N1CCN(CCN2C(=O)CC3(CCCC3)CC2=O)CC1, COc1ccccc1N1CCN(CCN2C(=O)CC3(CCCC3)CC2=O)CC1, COc1ccccc1N1CCN(CCN2C(=O)CC3(CCCC3)CC2=O)CC1","AYYCFGDXLUPJAQ-UHFFFAOYSA-N, AYYCFGDXLUPJAQ-UHFFFAOYSA-N, AYYCFGDXLUPJAQ-UHFFFAOYSA-N, AYYCFGDXLUPJAQ-UHFFFAOYSA-N",Preclinical
BNC105,tubulin polymerization inhibitor,,,,"MedChemEx, MedChemEx, MedChemEx, MedChemEx",94.71,"COc1ccc2c(C(=O)c3cc(OC)c(OC)c(OC)c3)c(C)oc2c1O, COc1ccc2c(C(=O)c3cc(OC)c(OC)c(OC)c3)c(C)oc2c1O, COc1ccc2c(C(=O)c3cc(OC)c(OC)c(OC)c3)c(C)oc2c1O, COc1ccc2c(C(=O)c3cc(OC)c(OC)c(OC)c3)c(C)oc2c1O","RADMJHVVIZTENA-UHFFFAOYSA-N, RADMJHVVIZTENA-UHFFFAOYSA-N, RADMJHVVIZTENA-UHFFFAOYSA-N, RADMJHVVIZTENA-UHFFFAOYSA-N",Phase 2
BNTX,opioid receptor antagonist,"OPRD1, OPRK1, OPRM1",,,,0,,,Preclinical
boceprevir,HCV inhibitor,"CMA1, CTSA, CTSF, CTSK, CTSL, CTSS",infectious disease,hepatitis C,"MedChemEx, MedChemEx, MedChemEx, MedChemEx",82.09,"CC(C)(C)NC(=O)N[C@H](C(=O)N1C[C@H]2[C@@H]([C@H]1C(=O)N[C@@H](CC1CCC1)C(=O)C(N)=O)C2(C)C)C(C)(C)C |a:8,13,14,15,&1:19|, CC(C)(C)NC(=O)N[C@H](C(=O)N1C[C@H]2[C@@H]([C@H]1C(=O)N[C@@H](CC1CCC1)C(=O)C(N)=O)C2(C)C)C(C)(C)C |a:8,13,14,15,&1:19|, CC(C)(C)NC(=O)N[C@H](C(=O)N1C[C@H]2[C@@H]([C@H]1C(=O)N[C@@H](CC1CCC1)C(=O)C(N)=O)C2(C)C)C(C)(C)C |a:8,13,14,15,&1:19|, CC(C)(C)NC(=O)N[C@H](C(=O)N1C[C@H]2[C@@H]([C@H]1C(=O)N[C@@H](CC1CCC1)C(=O)C(N)=O)C2(C)C)C(C)(C)C |a:8,13,14,15,&1:19|","LHHCSNFAOIFYRV-ZYNAIFEFSA-N, LHHCSNFAOIFYRV-ZYNAIFEFSA-N, LHHCSNFAOIFYRV-ZYNAIFEFSA-N, LHHCSNFAOIFYRV-ZYNAIFEFSA-N",Launched
bonaphthone,,,,,"Vitas-M, AMS",14.06,"Brc1ccc2C(=O)C(=O)C=Cc2c1 |c:9|, Brc1ccc2C(=O)C(=O)C=Cc2c1 |c:9|","MXWZRRPNVLCHMY-UHFFFAOYSA-N, MXWZRRPNVLCHMY-UHFFFAOYSA-N",Phase 3
bopindolol,adrenergic receptor antagonist,,cardiology,"hypertension, coronary artery disease (CAD)","Enzo, Enzo",91.96,"Cc1cc2c(OC[C@@H](CNC(C)(C)C)OC(=O)c3ccccc3)cccc2[nH]1 |&1:7|, Cc1cc2c(OC[C@@H](CNC(C)(C)C)OC(=O)c3ccccc3)cccc2[nH]1 |&1:7|","UUOJIACWOAYWEZ-GOSISDBHSA-N, UUOJIACWOAYWEZ-GOSISDBHSA-N",Launched
bornyl-acetate,,,,,"Vitas-M, MicroSource",0,"CC(=O)O[C@H]1C[C@H]2CC[C@@]1(C)C2(C)C |&1:4,&2:6,&3:9,r,TLB:3:4:7.8:11|, CC(=O)O[C@H]1C[C@H]2CC[C@@]1(C)C2(C)C |&1:4,&2:6,&3:9,r,TLB:3:4:7.8:11|","KGEKLUUHTZCSIP-JFGNBEQYSA-N, KGEKLUUHTZCSIP-JFGNBEQYSA-N",Preclinical
boronophenylalanine,,,,,"Sigma, Acros",99.4,"N[C@@H](Cc1ccc(cc1)B(O)O)C(O)=O, N[C@@H](Cc1ccc(cc1)B(O)O)C(O)=O","NFIVJOSXJDORSP-QMMMGPOBSA-N, NFIVJOSXJDORSP-QMMMGPOBSA-N",Phase 2
bortezomib,"NFkB pathway inhibitor, proteasome inhibitor","PSMA1, PSMA2, PSMA3, PSMA4, PSMA5, PSMA6, PSMA7, PSMA8, PSMB1, PSMB10, PSMB11, PSMB2, PSMB3, PSMB4, PSMB5, PSMB6, PSMB7, PSMB8, PSMB9, PSMD1, PSMD2, RELA",hematologic malignancy,"multiple myeloma, mantle cell lymphoma (MCL)","MedChemEx, MedChemEx, MedChemEx, MedChemEx, MedChemEx, MedChemEx, MedChemEx, Selleck, Selleck, Selleck, Selleck, Selleck, Selleck, Selleck, Selleck, Selleck, Selleck",98.4,"CC(C)C[C@H](NC(=O)[C@H](Cc1ccccc1)NC(=O)c1cnccn1)B(O)O, CC(C)C[C@H](NC(=O)[C@H](Cc1ccccc1)NC(=O)c1cnccn1)B(O)O, CC(C)C[C@H](NC(=O)[C@H](Cc1ccccc1)NC(=O)c1cnccn1)B(O)O, CC(C)C[C@H](NC(=O)[C@H](Cc1ccccc1)NC(=O)c1cnccn1)B(O)O, CC(C)C[C@H](NC(=O)[C@H](Cc1ccccc1)NC(=O)c1cnccn1)B(O)O, CC(C)C[C@H](NC(=O)[C@H](Cc1ccccc1)NC(=O)c1cnccn1)B(O)O, CC(C)C[C@H](NC(=O)[C@H](Cc1ccccc1)NC(=O)c1cnccn1)B(O)O, CC(C)C[C@H](NC(=O)[C@H](Cc1ccccc1)NC(=O)c1cnccn1)B(O)O, CC(C)C[C@H](NC(=O)[C@H](Cc1ccccc1)NC(=O)c1cnccn1)B(O)O, CC(C)C[C@H](NC(=O)[C@H](Cc1ccccc1)NC(=O)c1cnccn1)B(O)O, CC(C)C[C@H](NC(=O)[C@H](Cc1ccccc1)NC(=O)c1cnccn1)B(O)O, CC(C)C[C@H](NC(=O)[C@H](Cc1ccccc1)NC(=O)c1cnccn1)B(O)O, CC(C)C[C@H](NC(=O)[C@H](Cc1ccccc1)NC(=O)c1cnccn1)B(O)O, CC(C)C[C@H](NC(=O)[C@H](Cc1ccccc1)NC(=O)c1cnccn1)B(O)O, CC(C)C[C@H](NC(=O)[C@H](Cc1ccccc1)NC(=O)c1cnccn1)B(O)O, CC(C)C[C@H](NC(=O)[C@H](Cc1ccccc1)NC(=O)c1cnccn1)B(O)O, CC(C)C[C@H](NC(=O)[C@H](Cc1ccccc1)NC(=O)c1cnccn1)B(O)O","GXJABQQUPOEUTA-RDJZCZTQSA-N, GXJABQQUPOEUTA-RDJZCZTQSA-N, GXJABQQUPOEUTA-RDJZCZTQSA-N, GXJABQQUPOEUTA-RDJZCZTQSA-N, GXJABQQUPOEUTA-RDJZCZTQSA-N, GXJABQQUPOEUTA-RDJZCZTQSA-N, GXJABQQUPOEUTA-RDJZCZTQSA-N, GXJABQQUPOEUTA-RDJZCZTQSA-N, GXJABQQUPOEUTA-RDJZCZTQSA-N, GXJABQQUPOEUTA-RDJZCZTQSA-N, GXJABQQUPOEUTA-RDJZCZTQSA-N, GXJABQQUPOEUTA-RDJZCZTQSA-N, GXJABQQUPOEUTA-RDJZCZTQSA-N, GXJABQQUPOEUTA-RDJZCZTQSA-N, GXJABQQUPOEUTA-RDJZCZTQSA-N, GXJABQQUPOEUTA-RDJZCZTQSA-N, GXJABQQUPOEUTA-RDJZCZTQSA-N",Launched
BOS-172722,monopolar spindle 1 kinase inhibitor,,,,MedChemEx,92.49,CCOc1cc(ccc1Nc1ncc2cc(C)nc(NCC(C)(C)C)c2n1)-c1nncn1C,SGWLRDAOCLITOM-UHFFFAOYSA-N,Phase 1
bosentan,endothelin receptor antagonist,"EDNRA, EDNRB",pulmonary,pulmonary arterial hypertension (PAH),Selleck,97.9,COc1ccccc1Oc1c(NS(=O)(=O)c2ccc(cc2)C(C)(C)C)nc(nc1OCCO)-c1ncccn1,GJPICJJJRGTNOD-UHFFFAOYSA-N,Launched
bosutinib,"Abl kinase inhibitor, Bcr-Abl kinase inhibitor, SRC inhibitor","ABL1, BCR, CAMK1D, CAMK2G, CDK2, FRK, FYN, HCK, LYN, MAP2K1, MAP2K2, MAP3K2, MAP4K5, SRC, STK10, STK24, STK4, TNK2, TXK",hematologic malignancy,chronic myeloid leukemia (CML),"Tocris, Tocris, Tocris, Selleck, Selleck, Selleck, Selleck",99.19,"COc1cc(Nc2c(cnc3cc(OCCCN4CCN(C)CC4)c(OC)cc23)C#N)c(Cl)cc1Cl, COc1cc(Nc2c(cnc3cc(OCCCN4CCN(C)CC4)c(OC)cc23)C#N)c(Cl)cc1Cl, COc1cc(Nc2c(cnc3cc(OCCCN4CCN(C)CC4)c(OC)cc23)C#N)c(Cl)cc1Cl, COc1cc(Nc2c(cnc3cc(OCCCN4CCN(C)CC4)c(OC)cc23)C#N)c(Cl)cc1Cl, COc1cc(Nc2c(cnc3cc(OCCCN4CCN(C)CC4)c(OC)cc23)C#N)c(Cl)cc1Cl, COc1cc(Nc2c(cnc3cc(OCCCN4CCN(C)CC4)c(OC)cc23)C#N)c(Cl)cc1Cl, COc1cc(Nc2c(cnc3cc(OCCCN4CCN(C)CC4)c(OC)cc23)C#N)c(Cl)cc1Cl","UBPYILGKFZZVDX-UHFFFAOYSA-N, UBPYILGKFZZVDX-UHFFFAOYSA-N, UBPYILGKFZZVDX-UHFFFAOYSA-N, UBPYILGKFZZVDX-UHFFFAOYSA-N, UBPYILGKFZZVDX-UHFFFAOYSA-N, UBPYILGKFZZVDX-UHFFFAOYSA-N, UBPYILGKFZZVDX-UHFFFAOYSA-N",Launched
BP-554,serotonin receptor agonist,HTR1A,,,"Tocris, Tocris, Tocris, Tocris, Tocris",94.59,"C(COc1ccc2OCOc2c1)CN1CCN(CC1)c1ccccc1, C(COc1ccc2OCOc2c1)CN1CCN(CC1)c1ccccc1, C(COc1ccc2OCOc2c1)CN1CCN(CC1)c1ccccc1, C(COc1ccc2OCOc2c1)CN1CCN(CC1)c1ccccc1, C(COc1ccc2OCOc2c1)CN1CCN(CC1)c1ccccc1","VUSNBQDZGKZEDL-UHFFFAOYSA-N, VUSNBQDZGKZEDL-UHFFFAOYSA-N, VUSNBQDZGKZEDL-UHFFFAOYSA-N, VUSNBQDZGKZEDL-UHFFFAOYSA-N, VUSNBQDZGKZEDL-UHFFFAOYSA-N",Preclinical
BP-897,dopamine receptor agonist,"ADRA1A, ADRA1D, ADRA2A, DRD1, DRD2, DRD3, DRD4, HTR1A, HTR2B",,,"Sigma, Prestwick",98.77,"COc1ccccc1N1CCN(CCCCNC(=O)c2ccc3ccccc3c2)CC1, COc1ccccc1N1CCN(CCCCNC(=O)c2ccc3ccccc3c2)CC1","MNHDKMDLOJSCGN-UHFFFAOYSA-N, MNHDKMDLOJSCGN-UHFFFAOYSA-N",Phase 2
BQ-123,endothelin receptor antagonist,EDNRA,,,MedChemEx,83.68,[H][C@@]12CCCN1C(=O)[C@@]([H])(CC(O)=O)NC(=O)[C@@H](Cc1c[nH]c3ccccc13)NC(=O)[C@H](CC(C)C)NC(=O)[C@H](NC2=O)C(C)C,VYCMAAOURFJIHD-PJNXIOHISA-N,Phase 2
BQ-788,endothelin receptor antagonist,EDNRB,,,"MedChemEx, MedChemEx, MedChemEx",87.22,"CCCC[C@@H](NC(=O)[C@@H](Cc1cn(C(=O)OC)c2ccccc12)NC(=O)[C@H](CC(C)(C)C)NC(=O)N1[C@@H](C)CCC[C@H]1C)C(O)=O, CCCC[C@@H](NC(=O)[C@@H](Cc1cn(C(=O)OC)c2ccccc12)NC(=O)[C@H](CC(C)(C)C)NC(=O)N1[C@@H](C)CCC[C@H]1C)C(O)=O, CCCC[C@@H](NC(=O)[C@@H](Cc1cn(C(=O)OC)c2ccccc12)NC(=O)[C@H](CC(C)(C)C)NC(=O)N1[C@@H](C)CCC[C@H]1C)C(O)=O","LPAHKJMGDSJDRG-DJYQTOCQSA-N, LPAHKJMGDSJDRG-DJYQTOCQSA-N, LPAHKJMGDSJDRG-DJYQTOCQSA-N",Phase 1
BQU57,Ras GTPase inhibitor,"RALA, RALB",,,"MedChemEx, MedChemEx",91.26,"Cc1nn(C)c2OC(=N)C(C#N)[C@@H](c12)c1ccc(cc1)C(F)(F)F |&1:12,r|, Cc1nn(C)c2OC(=N)C(C#N)[C@@H](c12)c1ccc(cc1)C(F)(F)F |&1:12,r|","QFUFJOJDXRWBNA-YUZLPWPTSA-N, QFUFJOJDXRWBNA-YUZLPWPTSA-N",Preclinical
BRD4770,histone lysine methyltransferase inhibitor,EHMT2,,,"MedChemEx, MedChemEx, MedChemEx",99.57,"COC(=O)c1ccc2n(CCCc3ccccc3)c(NC(=O)c3ccccc3)nc2c1, COC(=O)c1ccc2n(CCCc3ccccc3)c(NC(=O)c3ccccc3)nc2c1, COC(=O)c1ccc2n(CCCc3ccccc3)c(NC(=O)c3ccccc3)nc2c1","UCGWYCMPZXDHNR-UHFFFAOYSA-N, UCGWYCMPZXDHNR-UHFFFAOYSA-N, UCGWYCMPZXDHNR-UHFFFAOYSA-N",Preclinical
BRD7389,ribosomal protein inhibitor,"RPS6KA1, RPS6KA2, RPS6KA3",,,"Tocris, Aurora, Aurora, Aurora",89.01,"O=C1c2ccccc2-c2c(NCCc3ccccc3)c(=O)[nH]c3cccc1c23, O=C1c2ccccc2-c2c(NCCc3ccccc3)c(=O)[nH]c3cccc1c23, O=C1c2ccccc2-c2c(NCCc3ccccc3)c(=O)[nH]c3cccc1c23, O=C1c2ccccc2-c2c(NCCc3ccccc3)c(=O)[nH]c3cccc1c23","XASCINRGTHLHGM-UHFFFAOYSA-N, InChI=1S/C24H18N2O2/c27-23-17-10-5-4-9-16(17)21-20-18(23)11-6-12-19(20)26-24(28)22(21)25-14-13-15-7-2-1-3-8-15/h1-12,25H,13-14H2,(H,26,28), InChI=1S/C24H18N2O2/c27-23-17-10-5-4-9-16(17)21-20-18(23)11-6-12-19(20)26-24(28)22(21)25-14-13-15-7-2-1-3-8-15/h1-12,25H,13-14H2,(H,26,28), InChI=1S/C24H18N2O2/c27-23-17-10-5-4-9-16(17)21-20-18(23)11-6-12-19(20)26-24(28)22(21)25-14-13-15-7-2-1-3-8-15/h1-12,25H,13-14H2,(H,26,28)",Preclinical
BRD9876,kinesin inhibitor,KIF11,,,"Tocris, Tocris",90.59,"CC(C)(C)c1ccc2cc(C#N)c(cc2c1)C#N, CC(C)(C)c1ccc2cc(C#N)c(cc2c1)C#N","MKILROQBJOOZKC-UHFFFAOYSA-N, MKILROQBJOOZKC-UHFFFAOYSA-N",Preclinical
brefeldin-A,protein synthesis inhibitor,"ARF1, CYTH2",,,"Tocris, Tocris, Tocris, Selleck, Selleck, Tocris",97.85,"C[C@H]1CCC\C=C\[C@@H]2C[C@H](O)C[C@H]2[C@H](O)\C=C\C(=O)O1 |t:5,16|, C[C@H]1CCC\C=C\[C@@H]2C[C@H](O)C[C@H]2[C@H](O)\C=C\C(=O)O1 |t:5,16|, C[C@H]1CCC\C=C\[C@@H]2C[C@H](O)C[C@H]2[C@H](O)\C=C\C(=O)O1 |t:5,16|, C[C@H]1CCC\C=C\[C@@H]2C[C@H](O)C[C@H]2[C@H](O)\C=C\C(=O)O1 |t:5,16|, C[C@H]1CCC\C=C\[C@@H]2C[C@H](O)C[C@H]2[C@H](O)\C=C\C(=O)O1 |t:5,16|, C[C@H]1CCC\C=C\[C@@H]2C[C@H](O)C[C@H]2[C@H](O)\C=C\C(=O)O1 |t:5,16|","KQNZDYYTLMIZCT-KQPMLPITSA-N, KQNZDYYTLMIZCT-KQPMLPITSA-N, KQNZDYYTLMIZCT-KQPMLPITSA-N, KQNZDYYTLMIZCT-KQPMLPITSA-N, KQNZDYYTLMIZCT-KQPMLPITSA-N, KQNZDYYTLMIZCT-KQPMLPITSA-N",Preclinical
bremelanotide,melanocortin receptor agonist,"MC1R, MC2R, MC3R, MC4R, MC5R",neurology/psychiatry,hypoactive sexual desire disorder,"MedChemEx, MedChemEx",91.49,"CCCC[C@H](NC(C)=O)C(=O)N[C@H]1CC(=O)NCCCC[C@H](NC(=O)[C@H](Cc2c[nH]c3ccccc23)NC(=O)[C@H](CCCNC(N)=N)NC(=O)[C@@H](Cc2ccccc2)NC(=O)[C@H](Cc2cnc[nH]2)NC1=O)C(O)=O, CCCC[C@H](NC(C)=O)C(=O)N[C@H]1CC(=O)NCCCC[C@H](NC(=O)[C@H](Cc2c[nH]c3ccccc23)NC(=O)[C@H](CCCNC(N)=N)NC(=O)[C@@H](Cc2ccccc2)NC(=O)[C@H](Cc2cnc[nH]2)NC1=O)C(O)=O","FFHBJDQSGDNCIV-VEUPWBLKSA-N, FFHBJDQSGDNCIV-VEUPWBLKSA-N",Launched
brequinar,dihydroorotate dehydrogenase inhibitor,DHODH,,,"EMDBio, EMDBio, EMDBio",98.43,"Cc1c(nc2ccc(F)cc2c1C(O)=O)-c1ccc(cc1)-c1ccccc1F, Cc1c(nc2ccc(F)cc2c1C(O)=O)-c1ccc(cc1)-c1ccccc1F, Cc1c(nc2ccc(F)cc2c1C(O)=O)-c1ccc(cc1)-c1ccccc1F","PHEZJEYUWHETKO-UHFFFAOYSA-N, PHEZJEYUWHETKO-UHFFFAOYSA-N, PHEZJEYUWHETKO-UHFFFAOYSA-N",Phase 2
bretazenil,GABA benzodiazepine site receptor partial agonist,"GABRA1, GABRA2, GABRA3, GABRA4, GABRA5, GABRA6",,,"Tocris, Tocris, Tocris",98.49,"CC(C)(C)OC(=O)c1ncn-2c1[C@@H]1CCCN1C(=O)c1c(Br)cccc-21, CC(C)(C)OC(=O)c1ncn-2c1[C@@H]1CCCN1C(=O)c1c(Br)cccc-21, CC(C)(C)OC(=O)c1ncn-2c1[C@@H]1CCCN1C(=O)c1c(Br)cccc-21","LWUDDYHYYNNIQI-ZDUSSCGKSA-N, LWUDDYHYYNNIQI-ZDUSSCGKSA-N, LWUDDYHYYNNIQI-ZDUSSCGKSA-N",Phase 2
bretylium,norepinephrine inhibitor,ATP1A1,cardiology,"ventricular arrhythmias, ventricular fibrillation (VF), ventricular tachycardia (VT)","Sigma, MicroSource, MedChemEx, MedChemEx",49.99,"CC[N+](C)(C)Cc1ccccc1Br, CC[N+](C)(C)Cc1ccccc1Br, CC[N+](C)(C)Cc1ccccc1Br, CC[N+](C)(C)Cc1ccccc1Br","AAQOQKQBGPPFNS-UHFFFAOYSA-N, AAQOQKQBGPPFNS-UHFFFAOYSA-N, AAQOQKQBGPPFNS-UHFFFAOYSA-N, AAQOQKQBGPPFNS-UHFFFAOYSA-N",Launched
brexpiprazole,dopamine receptor partial agonist,DRD2,neurology/psychiatry,"depression, schizophrenia","MedChemEx, MedChemEx, MedChemEx, MedChemEx, MedChemEx, MedChemEx",95.38,"O=c1ccc2ccc(OCCCCN3CCN(CC3)c3cccc4sccc34)cc2[nH]1, O=c1ccc2ccc(OCCCCN3CCN(CC3)c3cccc4sccc34)cc2[nH]1, O=c1ccc2ccc(OCCCCN3CCN(CC3)c3cccc4sccc34)cc2[nH]1, O=c1ccc2ccc(OCCCCN3CCN(CC3)c3cccc4sccc34)cc2[nH]1, O=c1ccc2ccc(OCCCCN3CCN(CC3)c3cccc4sccc34)cc2[nH]1, O=c1ccc2ccc(OCCCCN3CCN(CC3)c3cccc4sccc34)cc2[nH]1","ZKIAIYBUSXZPLP-UHFFFAOYSA-N, ZKIAIYBUSXZPLP-UHFFFAOYSA-N, ZKIAIYBUSXZPLP-UHFFFAOYSA-N, ZKIAIYBUSXZPLP-UHFFFAOYSA-N, ZKIAIYBUSXZPLP-UHFFFAOYSA-N, ZKIAIYBUSXZPLP-UHFFFAOYSA-N",Launched
briciclib,cyclin D inhibitor,CCND1,,,"MedChemEx, MedChemEx, MedChemEx",94.31,"COc1cc(OC)c(\C=C\S(=O)(=O)Cc2ccc(OC)c(OP(O)(O)=O)c2)c(OC)c1, COc1cc(OC)c(\C=C\S(=O)(=O)Cc2ccc(OC)c(OP(O)(O)=O)c2)c(OC)c1, COc1cc(OC)c(\C=C\S(=O)(=O)Cc2ccc(OC)c(OP(O)(O)=O)c2)c(OC)c1","LXENKEWVEVKKGV-BQYQJAHWSA-N, LXENKEWVEVKKGV-BQYQJAHWSA-N, LXENKEWVEVKKGV-BQYQJAHWSA-N",Phase 1
brigatinib,"ALK tyrosine kinase receptor inhibitor, EGFR inhibitor","ALK, EGFR",oncology,non-small cell lung cancer (NSCLC),"MedChemEx, MedChemEx, MedChemEx, MedChemEx, MedChemEx, MedChemEx, MedChemEx, MedChemEx",93.99,"COc1cc(ccc1Nc1ncc(Cl)c(Nc2ccccc2P(C)(C)=O)n1)N1CCC(CC1)N1CCN(C)CC1, COc1cc(ccc1Nc1ncc(Cl)c(Nc2ccccc2P(C)(C)=O)n1)N1CCC(CC1)N1CCN(C)CC1, COc1cc(ccc1Nc1ncc(Cl)c(Nc2ccccc2P(C)(C)=O)n1)N1CCC(CC1)N1CCN(C)CC1, COc1cc(ccc1Nc1ncc(Cl)c(Nc2ccccc2P(C)(C)=O)n1)N1CCC(CC1)N1CCN(C)CC1, COc1cc(ccc1Nc1ncc(Cl)c(Nc2ccccc2P(C)(C)=O)n1)N1CCC(CC1)N1CCN(C)CC1, COc1cc(ccc1Nc1ncc(Cl)c(Nc2ccccc2P(C)(C)=O)n1)N1CCC(CC1)N1CCN(C)CC1, COc1cc(ccc1Nc1ncc(Cl)c(Nc2ccccc2P(C)(C)=O)n1)N1CCC(CC1)N1CCN(C)CC1, COc1cc(ccc1Nc1ncc(Cl)c(Nc2ccccc2P(C)(C)=O)n1)N1CCC(CC1)N1CCN(C)CC1","AILRADAXUVEEIR-UHFFFAOYSA-N, AILRADAXUVEEIR-UHFFFAOYSA-N, AILRADAXUVEEIR-UHFFFAOYSA-N, AILRADAXUVEEIR-UHFFFAOYSA-N, AILRADAXUVEEIR-UHFFFAOYSA-N, AILRADAXUVEEIR-UHFFFAOYSA-N, AILRADAXUVEEIR-UHFFFAOYSA-N, AILRADAXUVEEIR-UHFFFAOYSA-N",Launched
brilliant-green,,,infectious disease,antiseptic,"Acros, Acros, Acros, Acros",91.76,"CCN(CC)c1ccc(cc1)[C+](c1ccccc1)c1ccc(cc1)N(CC)CC, CCN(CC)c1ccc(cc1)[C+](c1ccccc1)c1ccc(cc1)N(CC)CC, CCN(CC)c1ccc(cc1)[C+](c1ccccc1)c1ccc(cc1)N(CC)CC, CCN(CC)c1ccc(cc1)[C+](c1ccccc1)c1ccc(cc1)N(CC)CC","HXCILVUBKWANLN-UHFFFAOYSA-N, HXCILVUBKWANLN-UHFFFAOYSA-N, HXCILVUBKWANLN-UHFFFAOYSA-N, HXCILVUBKWANLN-UHFFFAOYSA-N",Launched
brimonidine,adrenergic receptor agonist,"ADRA2A, ADRA2B, ADRA2C",ophthalmology,"intraocular pressure, glaucoma, ocular hypertension","Tocris, Tocris, Tocris, Tocris, Selleck, Selleck",99,"Brc1c(NC2=NCCN2)ccc2nccnc12 |t:4|, Brc1c(NC2=NCCN2)ccc2nccnc12 |t:4|, Brc1c(NC2=NCCN2)ccc2nccnc12 |t:4|, Brc1c(NC2=NCCN2)ccc2nccnc12 |t:4|, Brc1c(NC2=NCCN2)ccc2nccnc12 |t:4|, Brc1c(NC2=NCCN2)ccc2nccnc12 |t:4|","XYLJNLCSTIOKRM-UHFFFAOYSA-N, XYLJNLCSTIOKRM-UHFFFAOYSA-N, XYLJNLCSTIOKRM-UHFFFAOYSA-N, XYLJNLCSTIOKRM-UHFFFAOYSA-N, XYLJNLCSTIOKRM-UHFFFAOYSA-N, XYLJNLCSTIOKRM-UHFFFAOYSA-N",Launched
brincidofovir,antiviral,,,,Adooq,10.93,CCCCCCCCCCCCCCCCOCCCOP(O)(=O)CO[C@H](CO)Cn1ccc(N)nc1=O,WXJFKKQWPMNTIM-VWLOTQADSA-N,Phase 3
brinzolamide,carbonic anhydrase inhibitor,"CA1, CA12, CA14, CA2, CA4, CA5A, CA7",ophthalmology,"intraocular pressure, glaucoma, ocular hypertension","MicroSource, MedChemEx, Selleck, Selleck",99.04,"CCN[C@H]1CN(CCCOC)S(=O)(=O)c2sc(cc12)S(N)(=O)=O, CCN[C@H]1CN(CCCOC)S(=O)(=O)c2sc(cc12)S(N)(=O)=O, CCN[C@H]1CN(CCCOC)S(=O)(=O)c2sc(cc12)S(N)(=O)=O, CCN[C@H]1CN(CCCOC)S(=O)(=O)c2sc(cc12)S(N)(=O)=O","HCRKCZRJWPKOAR-JTQLQIEISA-N, HCRKCZRJWPKOAR-JTQLQIEISA-N, HCRKCZRJWPKOAR-JTQLQIEISA-N, HCRKCZRJWPKOAR-JTQLQIEISA-N",Launched
brivanib,"FGFR inhibitor, VEGFR inhibitor","CYP3A4, FGFR1, FLT1, KCNH2, KDR",,,"Selleck, Selleck, Selleck, Selleck",97.4,"C[C@@H](O)COc1cn2ncnc(Oc3ccc4[nH]c(C)cc4c3F)c2c1C, C[C@@H](O)COc1cn2ncnc(Oc3ccc4[nH]c(C)cc4c3F)c2c1C, C[C@@H](O)COc1cn2ncnc(Oc3ccc4[nH]c(C)cc4c3F)c2c1C, C[C@@H](O)COc1cn2ncnc(Oc3ccc4[nH]c(C)cc4c3F)c2c1C","WCWUXEGQKLTGDX-LLVKDONJSA-N, WCWUXEGQKLTGDX-LLVKDONJSA-N, WCWUXEGQKLTGDX-LLVKDONJSA-N, WCWUXEGQKLTGDX-LLVKDONJSA-N",Phase 3
brivanib-alaninate,"FGFR inhibitor, VEGFR inhibitor",FGFR3,,,"MedChemEx, MedChemEx, Selleck, Selleck, Selleck, Selleck",73.46,"C[C@H](COc1cn2ncnc(Oc3ccc4[nH]c(C)cc4c3F)c2c1C)OC(=O)[C@H](C)N, C[C@H](COc1cn2ncnc(Oc3ccc4[nH]c(C)cc4c3F)c2c1C)OC(=O)[C@H](C)N, C[C@H](COc1cn2ncnc(Oc3ccc4[nH]c(C)cc4c3F)c2c1C)OC(=O)[C@H](C)N, C[C@H](COc1cn2ncnc(Oc3ccc4[nH]c(C)cc4c3F)c2c1C)OC(=O)[C@H](C)N, C[C@H](COc1cn2ncnc(Oc3ccc4[nH]c(C)cc4c3F)c2c1C)OC(=O)[C@H](C)N, C[C@H](COc1cn2ncnc(Oc3ccc4[nH]c(C)cc4c3F)c2c1C)OC(=O)[C@H](C)N","LTEJRLHKIYCEOX-OCCSQVGLSA-N, LTEJRLHKIYCEOX-OCCSQVGLSA-N, LTEJRLHKIYCEOX-OCCSQVGLSA-N, LTEJRLHKIYCEOX-OCCSQVGLSA-N, LTEJRLHKIYCEOX-OCCSQVGLSA-N, LTEJRLHKIYCEOX-OCCSQVGLSA-N",Phase 3
brivudine,DNA directed DNA polymerase inhibitor,,infectious disease,shingles,TCI,95.52,"OC[C@H]1O[C@H](C[C@@H]1O)n1cc(\C=C\Br)c(=O)[nH]c1=O |a:2,4,&1:6|",ODZBBRURCPAEIQ-PIXDULNESA-N,Launched
BRL-15572,serotonin receptor antagonist,"HTR1A, HTR1B, HTR1D, HTR1E, HTR1F, HTR2A, HTR2B, HTR2C, HTR6",,,"Tocris, Tocris, Tocris, Tocris",98.84,"O[C@@H](CN1CCN(CC1)c1cccc(Cl)c1)C(c1ccccc1)c1ccccc1 |&1:1|, O[C@@H](CN1CCN(CC1)c1cccc(Cl)c1)C(c1ccccc1)c1ccccc1 |&1:1|, O[C@@H](CN1CCN(CC1)c1cccc(Cl)c1)C(c1ccccc1)c1ccccc1 |&1:1|, O[C@@H](CN1CCN(CC1)c1cccc(Cl)c1)C(c1ccccc1)c1ccccc1 |&1:1|","QJHCTHPYUOXOGM-DEOSSOPVSA-N, QJHCTHPYUOXOGM-DEOSSOPVSA-N, QJHCTHPYUOXOGM-DEOSSOPVSA-N, QJHCTHPYUOXOGM-DEOSSOPVSA-N",Preclinical
BRL-26314,cholesterol inhibitor,LPL,,,"Sigma, Sigma, Sigma",97.68,"OC(=O)[C@@H](Cc1ccccc1)NCc1ccc(Cl)cc1 |&1:3,r|, OC(=O)[C@@H](Cc1ccccc1)NCc1ccc(Cl)cc1 |&1:3,r|, OC(=O)[C@@H](Cc1ccccc1)NCc1ccc(Cl)cc1 |&1:3,r|","SAOHCSVJQIAGDD-OAHLLOKOSA-N, SAOHCSVJQIAGDD-OAHLLOKOSA-N, SAOHCSVJQIAGDD-OAHLLOKOSA-N",Phase 1
BRL-37344,adrenergic receptor agonist,"ADRB1, ADRB2, ADRB3",,,"Tocris, Tocris, Tocris, Tocris",92.21,"C[C@H](Cc1ccc(OCC(O)=O)cc1)NC[C@H](O)c1cccc(Cl)c1, C[C@H](Cc1ccc(OCC(O)=O)cc1)NC[C@H](O)c1cccc(Cl)c1, C[C@H](Cc1ccc(OCC(O)=O)cc1)NC[C@H](O)c1cccc(Cl)c1, C[C@H](Cc1ccc(OCC(O)=O)cc1)NC[C@H](O)c1cccc(Cl)c1","ZGGNJJJYUVRADP-ACJLOTCBSA-N, ZGGNJJJYUVRADP-ACJLOTCBSA-N, ZGGNJJJYUVRADP-ACJLOTCBSA-N, ZGGNJJJYUVRADP-ACJLOTCBSA-N",Phase 2
BRL-44408,adrenergic receptor antagonist,"ADRA2A, ADRA2B, ADRA2C",,,"Tocris, Tocris",95.6,"C[C@H]1N(CC2=NCCN2)Cc2ccccc12 |&1:1,t:4|, C[C@H]1N(CC2=NCCN2)Cc2ccccc12 |&1:1,t:4|","SGOFAUSEYBZKDQ-SNVBAGLBSA-N, SGOFAUSEYBZKDQ-SNVBAGLBSA-N",Preclinical
BRL-50481,phosphodiesterase inhibitor,"PDE7A, PDE7B",,,"Tocris, Tocris, Tocris, Tocris",98.33,"CN(C)S(=O)(=O)c1cc(ccc1C)[N+]([O-])=O, CN(C)S(=O)(=O)c1cc(ccc1C)[N+]([O-])=O, CN(C)S(=O)(=O)c1cc(ccc1C)[N+]([O-])=O, CN(C)S(=O)(=O)c1cc(ccc1C)[N+]([O-])=O","IFIUFCJFLGCQPH-UHFFFAOYSA-N, IFIUFCJFLGCQPH-UHFFFAOYSA-N, IFIUFCJFLGCQPH-UHFFFAOYSA-N, IFIUFCJFLGCQPH-UHFFFAOYSA-N",Preclinical
BRL-52537,opioid receptor agonist,OPRK1,,,"Tocris, Tocris, Tocris",95.52,"Clc1ccc(CC(=O)N2CCCC[C@@H]2CN2CCCC2)cc1Cl |&1:13|, Clc1ccc(CC(=O)N2CCCC[C@@H]2CN2CCCC2)cc1Cl |&1:13|, Clc1ccc(CC(=O)N2CCCC[C@@H]2CN2CCCC2)cc1Cl |&1:13|","GHCCBWMZKJQGLS-OAHLLOKOSA-N, GHCCBWMZKJQGLS-OAHLLOKOSA-N, GHCCBWMZKJQGLS-OAHLLOKOSA-N",Preclinical
BRL-54443,serotonin receptor agonist,"HTR1E, HTR1F",,,"Selleck, Tocris, Tocris, Tocris",96.5,"CN1CCC(CC1)c1c[nH]c2ccc(O)cc12, CN1CCC(CC1)c1c[nH]c2ccc(O)cc12, CN1CCC(CC1)c1c[nH]c2ccc(O)cc12, CN1CCC(CC1)c1c[nH]c2ccc(O)cc12","WKNFADCGOAHBPG-UHFFFAOYSA-N, WKNFADCGOAHBPG-UHFFFAOYSA-N, WKNFADCGOAHBPG-UHFFFAOYSA-N, WKNFADCGOAHBPG-UHFFFAOYSA-N",Preclinical
brolitene,muscle relaxant,RYR1,rheumatology,lumbago,"Vitas-M, ChemBridge",0,"OCCNC(=O)\C=C\c1ccccc1, OCCNC(=O)\C=C\c1ccccc1","OSCTXCOERRNGLW-VOTSOKGWSA-N, OSCTXCOERRNGLW-VOTSOKGWSA-N",Launched
bromantan,"dopamine reuptake inhibitor, serotonin reuptake inhibitor",,neurology/psychiatry,neurasthenia,"Enamine, Enamine, Enamine, Enamine",93.06,"Brc1ccc(NC2C3CC4CC(C3)CC2C4)cc1, Brc1ccc(NC2C3CC4CC(C3)CC2C4)cc1, Brc1ccc(NC2C3CC4CC(C3)CC2C4)cc1, Brc1ccc(NC2C3CC4CC(C3)CC2C4)cc1","LWJALJDRFBXHKX-UHFFFAOYSA-N, LWJALJDRFBXHKX-UHFFFAOYSA-N, LWJALJDRFBXHKX-UHFFFAOYSA-N, LWJALJDRFBXHKX-UHFFFAOYSA-N",Launched
bromebric-acid,"DNA synthesis inhibitor, purine antagonist",,,,Sigma,91.08,COc1ccc(cc1)C(=O)C(\Br)=C\C(O)=O,UPZFHUODAYGHDZ-TWGQIWQCSA-N,Preclinical
bromfenac,cyclooxygenase inhibitor,"PTGS1, PTGS2",,,Selleck,96.65,Nc1c(CC(O)=O)cccc1C(=O)c1ccc(Br)cc1,ZBPLOVFIXSTCRZ-UHFFFAOYSA-N,Withdrawn
bromhexine,mucolytic agent,,pulmonary,chest congestion,"MedChemEx, MicroSource, Selleck, Selleck, Selleck, Selleck",99.28,"CN(Cc1cc(Br)cc(Br)c1N)C1CCCCC1, CN(Cc1cc(Br)cc(Br)c1N)C1CCCCC1, CN(Cc1cc(Br)cc(Br)c1N)C1CCCCC1, CN(Cc1cc(Br)cc(Br)c1N)C1CCCCC1, CN(Cc1cc(Br)cc(Br)c1N)C1CCCCC1, CN(Cc1cc(Br)cc(Br)c1N)C1CCCCC1","OJGDCBLYJGHCIH-UHFFFAOYSA-N, OJGDCBLYJGHCIH-UHFFFAOYSA-N, OJGDCBLYJGHCIH-UHFFFAOYSA-N, OJGDCBLYJGHCIH-UHFFFAOYSA-N, OJGDCBLYJGHCIH-UHFFFAOYSA-N, OJGDCBLYJGHCIH-UHFFFAOYSA-N",Launched
bromindione,anticoagulant,,,,"MicroSource, Sigma",93.64,"Brc1ccc(cc1)C1C(=O)c2ccccc2C1=O, Brc1ccc(cc1)C1C(=O)c2ccccc2C1=O","NPUZIGSOEWMFKK-UHFFFAOYSA-N, NPUZIGSOEWMFKK-UHFFFAOYSA-N",Phase 2
bromisoval,anti-inflammatory agent,,,,MedChemEx,89.47,"CC(C)[C@@H](Br)C(=O)NC(N)=O |&1:3,r|",CMCCHHWTTBEZNM-SCSAIBSYSA-N,Preclinical
bromocriptine,dopamine receptor agonist,"ADRA1A, ADRA1B, ADRA1D, ADRA2A, ADRA2B, ADRA2C, DRD1, DRD2, DRD3, DRD4, DRD5, HTR1A, HTR1B, HTR1D, HTR2A, HTR2B, HTR2C, HTR6, HTR7","endocrinology, neurology/psychiatry","hyperprolactinemia, Parkinson's Disease, acromegaly","Tocris, MicroSource, Tocris, Tocris",94.85,"CC(C)C[C@@H]1N2C(=O)[C@](NC(=O)[C@H]3CN(C)[C@@H]4Cc5c(Br)[nH]c6cccc(C4=C3)c56)(O[C@@]2(O)[C@@H]2CCCN2C1=O)C(C)C |c:28|, CC(C)C[C@@H]1N2C(=O)[C@](NC(=O)[C@H]3CN(C)[C@@H]4Cc5c(Br)[nH]c6cccc(C4=C3)c56)(O[C@@]2(O)[C@@H]2CCCN2C1=O)C(C)C |c:28|, CC(C)C[C@@H]1N2C(=O)[C@](NC(=O)[C@H]3CN(C)[C@@H]4Cc5c(Br)[nH]c6cccc(C4=C3)c56)(O[C@@]2(O)[C@@H]2CCCN2C1=O)C(C)C |c:28|, CC(C)C[C@@H]1N2C(=O)[C@](NC(=O)[C@H]3CN(C)[C@@H]4Cc5c(Br)[nH]c6cccc(C4=C3)c56)(O[C@@]2(O)[C@@H]2CCCN2C1=O)C(C)C |c:28|","OZVBMTJYIDMWIL-AYFBDAFISA-N, OZVBMTJYIDMWIL-AYFBDAFISA-N, OZVBMTJYIDMWIL-AYFBDAFISA-N, OZVBMTJYIDMWIL-AYFBDAFISA-N",Launched
bromopride,dopamine receptor antagonist,DRD2,gastroenterology,"nausea, vomiting, gastroesophageal reflux disease (GERD)","MicroSource, MicroSource, Key",97.86,"CCN(CC)CCNC(=O)c1cc(Br)c(N)cc1OC, CCN(CC)CCNC(=O)c1cc(Br)c(N)cc1OC, CCN(CC)CCNC(=O)c1cc(Br)c(N)cc1OC","GIYAQDDTCWHPPL-UHFFFAOYSA-N, GIYAQDDTCWHPPL-UHFFFAOYSA-N, GIYAQDDTCWHPPL-UHFFFAOYSA-N",Launched
bromosporine,bromodomain inhibitor,,,,"Tocris, Tocris, Tocris, Selleck, Selleck, Selleck, Selleck",98.35,"CCOC(=O)Nc1cc(nn2c(C)nnc12)-c1ccc(C)c(NS(C)(=O)=O)c1, CCOC(=O)Nc1cc(nn2c(C)nnc12)-c1ccc(C)c(NS(C)(=O)=O)c1, CCOC(=O)Nc1cc(nn2c(C)nnc12)-c1ccc(C)c(NS(C)(=O)=O)c1, CCOC(=O)Nc1cc(nn2c(C)nnc12)-c1ccc(C)c(NS(C)(=O)=O)c1, CCOC(=O)Nc1cc(nn2c(C)nnc12)-c1ccc(C)c(NS(C)(=O)=O)c1, CCOC(=O)Nc1cc(nn2c(C)nnc12)-c1ccc(C)c(NS(C)(=O)=O)c1, CCOC(=O)Nc1cc(nn2c(C)nnc12)-c1ccc(C)c(NS(C)(=O)=O)c1","UYBRROMMFMPJAN-UHFFFAOYSA-N, UYBRROMMFMPJAN-UHFFFAOYSA-N, UYBRROMMFMPJAN-UHFFFAOYSA-N, UYBRROMMFMPJAN-UHFFFAOYSA-N, UYBRROMMFMPJAN-UHFFFAOYSA-N, UYBRROMMFMPJAN-UHFFFAOYSA-N, UYBRROMMFMPJAN-UHFFFAOYSA-N",Preclinical
bromperidol,dopamine receptor antagonist,DRD2,neurology/psychiatry,schizophrenia,"MicroSource, MicroSource, MedChemEx, MedChemEx",98.85,"OC1(CCN(CCCC(=O)c2ccc(F)cc2)CC1)c1ccc(Br)cc1, OC1(CCN(CCCC(=O)c2ccc(F)cc2)CC1)c1ccc(Br)cc1, OC1(CCN(CCCC(=O)c2ccc(F)cc2)CC1)c1ccc(Br)cc1, OC1(CCN(CCCC(=O)c2ccc(F)cc2)CC1)c1ccc(Br)cc1","RKLNONIVDFXQRX-UHFFFAOYSA-N, RKLNONIVDFXQRX-UHFFFAOYSA-N, RKLNONIVDFXQRX-UHFFFAOYSA-N, RKLNONIVDFXQRX-UHFFFAOYSA-N",Launched
brompheniramine,histamine receptor antagonist,HRH1,"allergy, otolaryngology","allergic rhinitis, common cold",MedChemEx,85.77,CN(C)CC[C@@H](c1ccc(Br)cc1)c1ccccn1 |&1:5|,ZDIGNSYAACHWNL-HNNXBMFYSA-N,Launched
bronopol,,,obstetrics/gynecology,mastitis,"MedChemEx, MicroSource",90.31,"OCC(Br)(CO)[N+]([O-])=O, OCC(Br)(CO)[N+]([O-])=O","LVDKZNITIUWNER-UHFFFAOYSA-N, LVDKZNITIUWNER-UHFFFAOYSA-N",Launched
bropirimine,interferon inducer,,,,"Sigma, LifeChem, Sigma",99.22,"Nc1nc(=O)c(Br)c([nH]1)-c1ccccc1, Nc1nc(=O)c(Br)c([nH]1)-c1ccccc1, Nc1nc(=O)c(Br)c([nH]1)-c1ccccc1","CIUUIPMOFZIWIZ-UHFFFAOYSA-N, CIUUIPMOFZIWIZ-UHFFFAOYSA-N, CIUUIPMOFZIWIZ-UHFFFAOYSA-N",Phase 3
broxaldine,,,,,"MedChemEx, MicroSource, MicroSource",98.61,"Cc1ccc2c(Br)cc(Br)c(OC(=O)c3ccccc3)c2n1, Cc1ccc2c(Br)cc(Br)c(OC(=O)c3ccccc3)c2n1, Cc1ccc2c(Br)cc(Br)c(OC(=O)c3ccccc3)c2n1","IJTPLVAAROHGGB-UHFFFAOYSA-N, IJTPLVAAROHGGB-UHFFFAOYSA-N, IJTPLVAAROHGGB-UHFFFAOYSA-N",Preclinical
broxaterol,adrenergic receptor agonist,ADRB2,,,Enamine,98.05,"CC(C)(C)NC[C@@H](O)c1cc(Br)no1 |&1:6,r|",JBRBWHCVRGURBA-ZCFIWIBFSA-N,Phase 3
broxuridine,antimetabolite,,,,"Tocris, MedChemEx",94.39,"OC[C@H]1O[C@H](C[C@@H]1O)n1cc(Br)c(=O)[nH]c1=O, OC[C@H]1O[C@H](C[C@@H]1O)n1cc(Br)c(=O)[nH]c1=O","WOVKYSAHUYNSMH-RRKCRQDMSA-N, WOVKYSAHUYNSMH-RRKCRQDMSA-N",Phase 2
broxyquinoline,antiprotozoal agent,,,,"MedChemEx, MicroSource, Selleck, Selleck",99.49,"Oc1c(Br)cc(Br)c2cccnc12, Oc1c(Br)cc(Br)c2cccnc12, Oc1c(Br)cc(Br)c2cccnc12, Oc1c(Br)cc(Br)c2cccnc12","ZDASUJMDVPTNTF-UHFFFAOYSA-N, ZDASUJMDVPTNTF-UHFFFAOYSA-N, ZDASUJMDVPTNTF-UHFFFAOYSA-N, ZDASUJMDVPTNTF-UHFFFAOYSA-N",Phase 1
bruceantin,protein synthesis inhibitor,,,,"MedChemEx, MedChemEx, MedChemEx, MedChemEx, MedChemEx",94.27,"COC(=O)[C@]12OC[C@@]34[C@H]1[C@@H](OC(=O)\C=C(/C)C(C)C)C(=O)O[C@@H]3C[C@H]1[C@@H](C)C(=O)C(=O)C[C@]1(C)[C@H]4[C@@H](O)[C@@H]2O |a:4,7,8,9,22,24,32,34,35,37,&1:25|, COC(=O)[C@]12OC[C@@]34[C@H]1[C@@H](OC(=O)\C=C(/C)C(C)C)C(=O)O[C@@H]3C[C@H]1[C@@H](C)C(=O)C(=O)C[C@]1(C)[C@H]4[C@@H](O)[C@@H]2O |a:4,7,8,9,22,24,32,34,35,37,&1:25|, COC(=O)[C@]12OC[C@@]34[C@H]1[C@@H](OC(=O)\C=C(/C)C(C)C)C(=O)O[C@@H]3C[C@H]1[C@@H](C)C(=O)C(=O)C[C@]1(C)[C@H]4[C@@H](O)[C@@H]2O |a:4,7,8,9,22,24,32,34,35,37,&1:25|, COC(=O)[C@]12OC[C@@]34[C@H]1[C@@H](OC(=O)\C=C(/C)C(C)C)C(=O)O[C@@H]3C[C@H]1[C@@H](C)C(=O)C(=O)C[C@]1(C)[C@H]4[C@@H](O)[C@@H]2O |a:4,7,8,9,22,24,32,34,35,37,&1:25|, COC(=O)[C@]12OC[C@@]34[C@H]1[C@@H](OC(=O)\C=C(/C)C(C)C)C(=O)O[C@@H]3C[C@H]1[C@@H](C)C(=O)C(=O)C[C@]1(C)[C@H]4[C@@H](O)[C@@H]2O |a:4,7,8,9,22,24,32,34,35,37,&1:25|","KMCZIPGKKBSLEX-AOHBHZTBSA-N, KMCZIPGKKBSLEX-AOHBHZTBSA-N, KMCZIPGKKBSLEX-AOHBHZTBSA-N, KMCZIPGKKBSLEX-AOHBHZTBSA-N, KMCZIPGKKBSLEX-AOHBHZTBSA-N",Phase 2
brucine,glycine receptor antagonist,"CHRM1, CHRM2, CHRM3, CHRM4, CHRM5",,,Selleck,97.56,COc1cc2N3[C@H]4[C@@H]5[C@H](CC3=O)OCC=C3CN6CC[C@]4([C@@H]6C[C@H]53)c2cc1OC |t:15|,RRKTZKIUPZVBMF-IBTVXLQLSA-N,Preclinical
BS-181,CDK inhibitor,CDK7,,,"Tocris, Tocris, Selleck, Selleck, Selleck, Selleck, Selleck",96.53,"CC(C)c1cnn2c(NCc3ccccc3)cc(NCCCCCCN)nc12, CC(C)c1cnn2c(NCc3ccccc3)cc(NCCCCCCN)nc12, CC(C)c1cnn2c(NCc3ccccc3)cc(NCCCCCCN)nc12, CC(C)c1cnn2c(NCc3ccccc3)cc(NCCCCCCN)nc12, CC(C)c1cnn2c(NCc3ccccc3)cc(NCCCCCCN)nc12, CC(C)c1cnn2c(NCc3ccccc3)cc(NCCCCCCN)nc12, CC(C)c1cnn2c(NCc3ccccc3)cc(NCCCCCCN)nc12","DNYBIOICMDTDAP-UHFFFAOYSA-N, DNYBIOICMDTDAP-UHFFFAOYSA-N, DNYBIOICMDTDAP-UHFFFAOYSA-N, DNYBIOICMDTDAP-UHFFFAOYSA-N, DNYBIOICMDTDAP-UHFFFAOYSA-N, DNYBIOICMDTDAP-UHFFFAOYSA-N, DNYBIOICMDTDAP-UHFFFAOYSA-N",Preclinical
BT-11,cAMP stimulant,,,,MedChemEx,92.84,O=C(N1CCN(CC1)C(=O)c1cccc(n1)-c1nc2ccccc2[nH]1)c1cccc(n1)-c1nc2ccccc2[nH]1,MVHWZNBAQIGPOQ-UHFFFAOYSA-N,Phase 2
BTB06584,ATPase inhibitor,ATP5F1,,,"Selleck, Selleck, MedChemEx",82.92,"[O-][N+](=O)c1ccc(cc1OC(=O)c1ccc(Cl)cc1)S(=O)(=O)c1ccccc1, [O-][N+](=O)c1ccc(cc1OC(=O)c1ccc(Cl)cc1)S(=O)(=O)c1ccccc1, [O-][N+](=O)c1ccc(cc1OC(=O)c1ccc(Cl)cc1)S(=O)(=O)c1ccccc1","WNDWKKPBLAKXMI-UHFFFAOYSA-N, WNDWKKPBLAKXMI-UHFFFAOYSA-N, WNDWKKPBLAKXMI-UHFFFAOYSA-N",Preclinical
BTB1,mitotic kinesin inhibitor,KIF18A,,,"Tocris, Tocris, Tocris",95.75,"[O-][N+](=O)c1cc(Cl)ccc1S(=O)(=O)c1ccccc1, [O-][N+](=O)c1cc(Cl)ccc1S(=O)(=O)c1ccccc1, [O-][N+](=O)c1cc(Cl)ccc1S(=O)(=O)c1ccccc1","VZDUQPHKUBZMLW-UHFFFAOYSA-N, VZDUQPHKUBZMLW-UHFFFAOYSA-N, VZDUQPHKUBZMLW-UHFFFAOYSA-N",Preclinical
BTK-IN-1,Bruton's tyrosine kinase (BTK) inhibitor,,,,MedChemEx,93.86,"Clc1cccc(NCC(=O)N[C@@H]2CCCN(C2)c2ncnc3[nH]ccc23)c1 |&1:11,r|",SPSNKQVUYDXOGY-OAHLLOKOSA-N,Preclinical
BTS,,,,,"Tocris, Tocris, Tocris",98.75,"Cc1ccc(cc1)S(=O)(=O)NCc1ccccc1, Cc1ccc(cc1)S(=O)(=O)NCc1ccccc1, Cc1ccc(cc1)S(=O)(=O)NCc1ccccc1","WTHKAJZQYNKTCJ-UHFFFAOYSA-N, WTHKAJZQYNKTCJ-UHFFFAOYSA-N, WTHKAJZQYNKTCJ-UHFFFAOYSA-N",Preclinical
BTS-54505,dopamine reuptake inhibitor,"SLC6A2, SLC6A3, SLC6A4",,,"Tocris, Tocris, Tocris, Tocris, Tocris",94.8,"CC(C)C[C@@H](N)C1(CCC1)c1ccc(Cl)cc1 |&1:4|, CC(C)C[C@@H](N)C1(CCC1)c1ccc(Cl)cc1 |&1:4|, CC(C)C[C@@H](N)C1(CCC1)c1ccc(Cl)cc1 |&1:4|, CC(C)C[C@@H](N)C1(CCC1)c1ccc(Cl)cc1 |&1:4|, CC(C)C[C@@H](N)C1(CCC1)c1ccc(Cl)cc1 |&1:4|","WQSACWZKKZPCHN-CQSZACIVSA-N, WQSACWZKKZPCHN-CQSZACIVSA-N, WQSACWZKKZPCHN-CQSZACIVSA-N, WQSACWZKKZPCHN-CQSZACIVSA-N, WQSACWZKKZPCHN-CQSZACIVSA-N",Withdrawn
BTS-71321,,,,,Enamine,92.03,CC(C)(NCCCn1ccnc1)c1ccc(Cl)cc1,GRKYRJREJPZXIU-UHFFFAOYSA-N,Phase 2
BTS-72664,GABA receptor antagonist,GABBR1,,,Key,98.2,"C[C@@H](Oc1ccc(Cl)cc1)c1ccnc2ncnn12 |&1:1,r|",FCEPUTGEUCVRRI-SECBINFHSA-N,Phase 1
BTT-3033,integrin inhibitor,"ITGA2, ITGB1",,,"Tocris, Tocris, Tocris",98.48,"CN(c1ccc(NC(=O)Nc2ccccc2)cc1)S(=O)(=O)c1cnn(c1)-c1ccc(F)cc1, CN(c1ccc(NC(=O)Nc2ccccc2)cc1)S(=O)(=O)c1cnn(c1)-c1ccc(F)cc1, CN(c1ccc(NC(=O)Nc2ccccc2)cc1)S(=O)(=O)c1cnn(c1)-c1ccc(F)cc1","NSLIQOPYDUKWTA-UHFFFAOYSA-N, NSLIQOPYDUKWTA-UHFFFAOYSA-N, NSLIQOPYDUKWTA-UHFFFAOYSA-N",Preclinical
BTZ043-racemate,DPRE1 inhibitor,,,,"MedChemEx, Selleck",98.56,"C[C@H]1COC2(CCN(CC2)c2nc(=O)c3cc(cc([N+]([O-])=O)c3s2)C(F)(F)F)O1 |&1:1,r|, C[C@H]1COC2(CCN(CC2)c2nc(=O)c3cc(cc([N+]([O-])=O)c3s2)C(F)(F)F)O1 |&1:1,r|","GTUIRORNXIOHQR-VIFPVBQESA-N, GTUIRORNXIOHQR-VIFPVBQESA-N",Phase 1/Phase 2
BU-224,imidazoline receptor ligand,"MAOA, MAOB",,,"Tocris, Tocris, Tocris",98.23,"C1CN=C(N1)c1ccc2ccccc2n1 |c:2|, C1CN=C(N1)c1ccc2ccccc2n1 |c:2|, C1CN=C(N1)c1ccc2ccccc2n1 |c:2|","OSUVWJGCKQEMHK-UHFFFAOYSA-N, OSUVWJGCKQEMHK-UHFFFAOYSA-N, OSUVWJGCKQEMHK-UHFFFAOYSA-N",Preclinical
BU-239,"imidazoline receptor agonist, imidazoline receptor ligand",,,,"Tocris, Tocris, Tocris, Tocris, Tocris, Tocris, Tocris",97.33,"C1CN=C(N1)c1cnc2ccccc2n1 |c:2|, C1CN=C(N1)c1cnc2ccccc2n1 |c:2|, C1CN=C(N1)c1cnc2ccccc2n1 |c:2|, C1CN=C(N1)c1cnc2ccccc2n1 |c:2|, C1CN=C(N1)c1cnc2ccccc2n1 |c:2|, C1CN=C(N1)c1cnc2ccccc2n1 |c:2|, C1CN=C(N1)c1cnc2ccccc2n1 |c:2|","MQSSFHXQKUSFIW-UHFFFAOYSA-N, MQSSFHXQKUSFIW-UHFFFAOYSA-N, MQSSFHXQKUSFIW-UHFFFAOYSA-N, MQSSFHXQKUSFIW-UHFFFAOYSA-N, MQSSFHXQKUSFIW-UHFFFAOYSA-N, MQSSFHXQKUSFIW-UHFFFAOYSA-N, InChI=1S/C11H10N4/c1-2-4-9-8(3-1)14-7-10(15-9)11-12-5-6-13-11/h1-4,7H,5-6H2,(H,12,13)",Preclinical
bucetin,analgesic agent,,,,"MicroSource, MedChemEx",98.09,"CCOc1ccc(NC(=O)C[C@@H](C)O)cc1 |&1:11,r|, CCOc1ccc(NC(=O)C[C@@H](C)O)cc1 |&1:11,r|","LIAWQASKBFCRNR-SECBINFHSA-N, LIAWQASKBFCRNR-SECBINFHSA-N",Withdrawn
bucillamine,immunosuppressant,,rheumatology,rheumatoid arthritis,"Kemprotec, AKSci",96.91,"CC(C)(S)C(=O)N[C@@H](CS)C(O)=O, CC(C)(S)C(=O)N[C@@H](CS)C(O)=O","VUAFHZCUKUDDBC-BYPYZUCNSA-N, VUAFHZCUKUDDBC-BYPYZUCNSA-N",Launched
bucladesine,"adenosine receptor agonist, cAMP stimulant",PRKACA,dermatology,skin ulcer,"Tocris, Tocris, Tocris, Tocris, MicroSource, MicroSource",98.02,"CCCC(=O)Nc1ncnc2n(cnc12)[C@@H]1O[C@@H]2CO[P@](O)(=O)O[C@H]2[C@H]1OC(=O)CCC |a:15,17,24,25,&1:20|, CCCC(=O)Nc1ncnc2n(cnc12)[C@@H]1O[C@@H]2CO[P@](O)(=O)O[C@H]2[C@H]1OC(=O)CCC |a:15,17,24,25,&1:20|, CCCC(=O)Nc1ncnc2n(cnc12)[C@@H]1O[C@@H]2CO[P@](O)(=O)O[C@H]2[C@H]1OC(=O)CCC |a:15,17,24,25,&1:20|, CCCC(=O)Nc1ncnc2n(cnc12)[C@@H]1O[C@@H]2CO[P@](O)(=O)O[C@H]2[C@H]1OC(=O)CCC |a:15,17,24,25,&1:20|, CCCC(=O)Nc1ncnc2n(cnc12)[C@@H]1O[C@@H]2CO[P@](O)(=O)O[C@H]2[C@H]1OC(=O)CCC |a:15,17,24,25,&1:20|, CCCC(=O)Nc1ncnc2n(cnc12)[C@@H]1O[C@@H]2CO[P@](O)(=O)O[C@H]2[C@H]1OC(=O)CCC |a:15,17,24,25,&1:20|","CJGYSWNGNKCJSB-YVLZZHOMSA-N, CJGYSWNGNKCJSB-YVLZZHOMSA-N, CJGYSWNGNKCJSB-YVLZZHOMSA-N, CJGYSWNGNKCJSB-YVLZZHOMSA-N, CJGYSWNGNKCJSB-YVLZZHOMSA-N, CJGYSWNGNKCJSB-YVLZZHOMSA-N",Launched
buclizine,histamine receptor antagonist,HRH1,neurology/psychiatry,migraine headache,"Key, Key",99.32,"CC(C)(C)c1ccc(CN2CCN(CC2)[C@@H](c2ccccc2)c2ccc(Cl)cc2)cc1 |&1:15|, CC(C)(C)c1ccc(CN2CCN(CC2)[C@@H](c2ccccc2)c2ccc(Cl)cc2)cc1 |&1:15|","MOYGZHXDRJNJEP-MHZLTWQESA-N, MOYGZHXDRJNJEP-MHZLTWQESA-N",Launched
budesonide,glucocorticoid receptor agonist,NR3C1,gastroenterology,Crohn's disease,"Sigma, Tocris, MedChemEx, MedChemEx, Selleck, Selleck, Tocris, MicroSource, Selleck",54.98,"CCC[C@H]1O[C@@H]2C[C@H]3[C@@H]4CCC5=CC(=O)C=C[C@]5(C)[C@H]4[C@@H](O)C[C@]3(C)[C@@]2(O1)C(=O)CO |a:5,7,8,17,19,20,23,25,&1:3,c:15,t:11|, CCC[C@H]1O[C@@H]2C[C@H]3[C@@H]4CCC5=CC(=O)C=C[C@]5(C)[C@H]4[C@@H](O)C[C@]3(C)[C@@]2(O1)C(=O)CO |a:5,7,8,17,19,20,23,25,&1:3,c:15,t:11|, CCC[C@H]1O[C@@H]2C[C@H]3[C@@H]4CCC5=CC(=O)C=C[C@]5(C)[C@H]4[C@@H](O)C[C@]3(C)[C@@]2(O1)C(=O)CO |a:5,7,8,17,19,20,23,25,&1:3,c:15,t:11|, CCC[C@H]1O[C@@H]2C[C@H]3[C@@H]4CCC5=CC(=O)C=C[C@]5(C)[C@H]4[C@@H](O)C[C@]3(C)[C@@]2(O1)C(=O)CO |a:5,7,8,17,19,20,23,25,&1:3,c:15,t:11|, CCC[C@H]1O[C@@H]2C[C@H]3[C@@H]4CCC5=CC(=O)C=C[C@]5(C)[C@H]4[C@@H](O)C[C@]3(C)[C@@]2(O1)C(=O)CO |a:5,7,8,17,19,20,23,25,&1:3,c:15,t:11|, CCC[C@H]1O[C@@H]2C[C@H]3[C@@H]4CCC5=CC(=O)C=C[C@]5(C)[C@H]4[C@@H](O)C[C@]3(C)[C@@]2(O1)C(=O)CO |a:5,7,8,17,19,20,23,25,&1:3,c:15,t:11|, CCC[C@H]1O[C@@H]2C[C@H]3[C@@H]4CCC5=CC(=O)C=C[C@]5(C)[C@H]4[C@@H](O)C[C@]3(C)[C@@]2(O1)C(=O)CO |a:5,7,8,17,19,20,23,25,&1:3,c:15,t:11|, CCC[C@H]1O[C@@H]2C[C@H]3[C@@H]4CCC5=CC(=O)C=C[C@]5(C)[C@H]4[C@@H](O)C[C@]3(C)[C@@]2(O1)C(=O)CO |a:5,7,8,17,19,20,23,25,&1:3,c:15,t:11|, CCC[C@H]1O[C@@H]2C[C@H]3[C@@H]4CCC5=CC(=O)C=C[C@]5(C)[C@H]4[C@@H](O)C[C@]3(C)[C@@]2(O1)C(=O)CO |a:5,7,8,17,19,20,23,25,&1:3,c:15,t:11|","VOVIALXJUBGFJZ-AMTWPJRWSA-N, VOVIALXJUBGFJZ-AMTWPJRWSA-N, VOVIALXJUBGFJZ-AMTWPJRWSA-N, VOVIALXJUBGFJZ-AMTWPJRWSA-N, VOVIALXJUBGFJZ-AMTWPJRWSA-N, VOVIALXJUBGFJZ-AMTWPJRWSA-N, VOVIALXJUBGFJZ-AMTWPJRWSA-N, VOVIALXJUBGFJZ-AMTWPJRWSA-N, VOVIALXJUBGFJZ-AMTWPJRWSA-N",Launched
budipine,glutamate receptor antagonist,GRIN1,neurology/psychiatry,Parkinson's Disease,"AQBioPharma, AQBioPharma",94.36,"CC(C)(C)N1CCC(CC1)(c1ccccc1)c1ccccc1, CC(C)(C)N1CCC(CC1)(c1ccccc1)c1ccccc1","QIHLUZAFSSMXHQ-UHFFFAOYSA-N, QIHLUZAFSSMXHQ-UHFFFAOYSA-N",Launched
bufexamac,cyclooxygenase inhibitor,"HDAC10, HDAC6",,,"MedChemEx, MedChemEx, MicroSource, Selleck",98.93,"CCCCOc1ccc(CC(=O)NO)cc1, CCCCOc1ccc(CC(=O)NO)cc1, CCCCOc1ccc(CC(=O)NO)cc1, CCCCOc1ccc(CC(=O)NO)cc1","MXJWRABVEGLYDG-UHFFFAOYSA-N, MXJWRABVEGLYDG-UHFFFAOYSA-N, MXJWRABVEGLYDG-UHFFFAOYSA-N, MXJWRABVEGLYDG-UHFFFAOYSA-N",Withdrawn
buflomedil,"adrenergic receptor antagonist, calcium channel blocker",ADRA1A,cardiology,peripheral artery disease (PAD),"MedChemEx, MedChemEx, MedChemEx, MedChemEx, MicroSource, Selleck",98.69,"COc1cc(OC)c(C(=O)CCCN2CCCC2)c(OC)c1, COc1cc(OC)c(C(=O)CCCN2CCCC2)c(OC)c1, COc1cc(OC)c(C(=O)CCCN2CCCC2)c(OC)c1, COc1cc(OC)c(C(=O)CCCN2CCCC2)c(OC)c1, COc1cc(OC)c(C(=O)CCCN2CCCC2)c(OC)c1, COc1cc(OC)c(C(=O)CCCN2CCCC2)c(OC)c1","OWYLAEYXIQKAOL-UHFFFAOYSA-N, OWYLAEYXIQKAOL-UHFFFAOYSA-N, OWYLAEYXIQKAOL-UHFFFAOYSA-N, OWYLAEYXIQKAOL-UHFFFAOYSA-N, OWYLAEYXIQKAOL-UHFFFAOYSA-N, OWYLAEYXIQKAOL-UHFFFAOYSA-N",Launched
bumetanide,solute carrier family member inhibitor,"CFTR, GPR35, SLC12A1, SLC12A2, SLC12A4, SLC12A5",cardiology,"edema, congestive heart failure","Tocris, MicroSource, Tocris, Tocris, Selleck",99.54,"CCCCNc1cc(cc(c1Oc1ccccc1)S(N)(=O)=O)C(O)=O, CCCCNc1cc(cc(c1Oc1ccccc1)S(N)(=O)=O)C(O)=O, CCCCNc1cc(cc(c1Oc1ccccc1)S(N)(=O)=O)C(O)=O, CCCCNc1cc(cc(c1Oc1ccccc1)S(N)(=O)=O)C(O)=O, CCCCNc1cc(cc(c1Oc1ccccc1)S(N)(=O)=O)C(O)=O","MAEIEVLCKWDQJH-UHFFFAOYSA-N, MAEIEVLCKWDQJH-UHFFFAOYSA-N, MAEIEVLCKWDQJH-UHFFFAOYSA-N, MAEIEVLCKWDQJH-UHFFFAOYSA-N, MAEIEVLCKWDQJH-UHFFFAOYSA-N",Launched
bunazosin,adrenergic receptor antagonist,ADRA1A,ophthalmology,"glaucoma, intraocular pressure","Enamine, Toronto",97.77,"CCCC(=O)N1CCCN(CC1)c1nc(N)c2cc(OC)c(OC)cc2n1, CCCC(=O)N1CCCN(CC1)c1nc(N)c2cc(OC)c(OC)cc2n1","RHLJLALHBZGAFM-UHFFFAOYSA-N, RHLJLALHBZGAFM-UHFFFAOYSA-N",Launched
buparlisib,PI3K inhibitor,"PIK3CA, PIK3CG",,,"Selleck, Selleck, Selleck",98.65,"Nc1cc(c(cn1)-c1cc(nc(n1)N1CCOCC1)N1CCOCC1)C(F)(F)F, Nc1cc(c(cn1)-c1cc(nc(n1)N1CCOCC1)N1CCOCC1)C(F)(F)F, Nc1cc(c(cn1)-c1cc(nc(n1)N1CCOCC1)N1CCOCC1)C(F)(F)F","CWHUFRVAEUJCEF-UHFFFAOYSA-N, CWHUFRVAEUJCEF-UHFFFAOYSA-N, CWHUFRVAEUJCEF-UHFFFAOYSA-N",Phase 3
buparvaquone,antiprotozoal agent,,infectious disease,protozoan infection,"MedChemEx, MedChemEx",96.77,"CC(C)(C)C1CCC(C[C@H]2C(=O)C(=O)c3ccccc3C2=O)CC1 |&1:9,r|, CC(C)(C)C1CCC(C[C@H]2C(=O)C(=O)c3ccccc3C2=O)CC1 |&1:9,r|","OMMKCJLAGTXGLC-MQBCKMQZSA-N, OMMKCJLAGTXGLC-MQBCKMQZSA-N",Launched
buphenine,adrenergic receptor agonist,ADRB2,rheumatology,Raynaud's disease,"MedChemEx, MicroSource",89.35,"CC(CCc1ccccc1)NC(C)C(O)c1ccc(O)cc1, CC(CCc1ccccc1)NC(C)C(O)c1ccc(O)cc1","PTGXAUBQBSGPKF-UHFFFAOYSA-N, PTGXAUBQBSGPKF-UHFFFAOYSA-N",Launched
bupicomide,adrenergic receptor antagonist,ADRB1,,,"Enamine, Enamine",95.4,"CCCCc1ccc(nc1)C(N)=O, CCCCc1ccc(nc1)C(N)=O","VKSPIPWLHGKJQO-UHFFFAOYSA-N, VKSPIPWLHGKJQO-UHFFFAOYSA-N",Phase 1
bupivacaine,sodium channel blocker,"KCNA5, SCN10A",neurology/psychiatry,"peripheral nerve block, caudal epidural block, lumbar epidural block",MedChemEx,98.85,"CCCCN1CCCC[C@H]1C(=O)Nc1c(C)cccc1C |&1:9,r|",LEBVLXFERQHONN-INIZCTEOSA-N,Launched
bupranolol,adrenergic receptor antagonist,"ADRB1, ADRB2, ADRB3","cardiology, ophthalmology","hypertension, glaucoma","Enamine, Enamine, Enamine, Toronto, Toronto",97.52,"Cc1ccc(Cl)c(OC[C@@H](O)CNC(C)(C)C)c1 |&1:9,r|, Cc1ccc(Cl)c(OC[C@@H](O)CNC(C)(C)C)c1 |&1:9,r|, Cc1ccc(Cl)c(OC[C@@H](O)CNC(C)(C)C)c1 |&1:9,r|, Cc1ccc(Cl)c(OC[C@@H](O)CNC(C)(C)C)c1 |&1:9,r|, Cc1ccc(Cl)c(OC[C@@H](O)CNC(C)(C)C)c1 |&1:9,r|","HQIRNZOQPUAHHV-NSHDSACASA-N, HQIRNZOQPUAHHV-NSHDSACASA-N, HQIRNZOQPUAHHV-NSHDSACASA-N, HQIRNZOQPUAHHV-NSHDSACASA-N, HQIRNZOQPUAHHV-NSHDSACASA-N",Launched
bupropion,dopamine reuptake inhibitor,"SLC6A2, SLC6A3",neurology/psychiatry,depression,Tocris,94.45,"C[C@@H](NC(C)(C)C)C(=O)c1cccc(Cl)c1 |&1:1,r|",SNPPWIUOZRMYNY-SECBINFHSA-N,Launched
buramate,antiepileptic,,,,"MicroSource, Enamine",89.56,"OCCOC(=O)NCc1ccccc1, OCCOC(=O)NCc1ccccc1","YFLRYAVDPKONNX-UHFFFAOYSA-N, YFLRYAVDPKONNX-UHFFFAOYSA-N",Preclinical
buserelin,gonadotropin releasing factor hormone receptor agonist,,"oncology, obstetrics/gynecology","prostate cancer, endometriosis",MedChemEx,98.16,CCNC(=O)[C@@H]1CCCN1C(=O)[C@H](CCCN=C(N)N)NC(=O)[C@H](CC(C)C)NC(=O)[C@@H](COC(C)(C)C)NC(=O)[C@H](Cc1ccc(O)cc1)NC(=O)[C@H](CO)NC(=O)[C@H](Cc1c[nH]c2ccccc12)NC(=O)[C@H](Cc1c[nH]cn1)NC(=O)[C@@H]1CCC(=O)N1,CUWODFFVMXJOKD-UVLQAERKSA-N,Launched
buspirone,serotonin receptor agonist,"DRD2, HTR1A",neurology/psychiatry,generalized anxiety disorder (GAD),"MicroSource, Selleck, Tocris, Tocris",99.45,"O=C1CC2(CCCC2)CC(=O)N1CCCCN1CCN(CC1)c1ncccn1, O=C1CC2(CCCC2)CC(=O)N1CCCCN1CCN(CC1)c1ncccn1, O=C1CC2(CCCC2)CC(=O)N1CCCCN1CCN(CC1)c1ncccn1, O=C1CC2(CCCC2)CC(=O)N1CCCCN1CCN(CC1)c1ncccn1","QWCRAEMEVRGPNT-UHFFFAOYSA-N, QWCRAEMEVRGPNT-UHFFFAOYSA-N, QWCRAEMEVRGPNT-UHFFFAOYSA-N, QWCRAEMEVRGPNT-UHFFFAOYSA-N",Launched
busulfan,DNA inhibitor,,hematologic malignancy,chronic myeloid leukemia (CML),"MicroSource, Selleck, Selleck",89.78,"CS(=O)(=O)OCCCCOS(C)(=O)=O, CS(=O)(=O)OCCCCOS(C)(=O)=O, CS(=O)(=O)OCCCCOS(C)(=O)=O","COVZYZSDYWQREU-UHFFFAOYSA-N, COVZYZSDYWQREU-UHFFFAOYSA-N, COVZYZSDYWQREU-UHFFFAOYSA-N",Launched
butabindide,tripeptidyl peptidase inhibitor,TPP2,,,"Tocris, Tocris",90.73,"CCCCNC(=O)[C@@H]1Cc2ccccc2N1C(=O)[C@@H](N)CC, CCCCNC(=O)[C@@H]1Cc2ccccc2N1C(=O)[C@@H](N)CC","HAQIRIMIVLFYIX-ZFWWWQNUSA-N, HAQIRIMIVLFYIX-ZFWWWQNUSA-N",Preclinical
butacaine,local anesthetic,,neurology/psychiatry,local anesthetic,"MicroSource, Selleck, Selleck",95.48,"CCCCN(CCCC)CCCOC(=O)c1ccc(N)cc1, CCCCN(CCCC)CCCOC(=O)c1ccc(N)cc1, CCCCN(CCCC)CCCOC(=O)c1ccc(N)cc1","HQFWVSGBVLEQGA-UHFFFAOYSA-N, HQFWVSGBVLEQGA-UHFFFAOYSA-N, HQFWVSGBVLEQGA-UHFFFAOYSA-N",Launched
butaclamol,dopamine receptor antagonist,"DRD1, DRD2, DRD3, DRD4, DRD5, HTR1A, HTR2A",,,Sigma,97.77,CC(C)(C)[C@]1(O)CCN2C[C@H]3c4ccccc4CCc4cccc([C@@H]2C1)c34,ZZJYIKPMDIWRSN-HWBMXIPRSA-N,Phase 2
butalbital,GABA receptor antagonist,"CHRNA4, CHRNA7, GABRA1, GABRA2, GABRA3, GABRA4, GABRA5, GABRA6, GABRB1, GABRB2, GABRB3, GABRD, GABRE, GABRG1, GABRG2, GABRG3, GABRP, GABRQ, GRIA2, GRIK2",neurology/psychiatry,"headache, muscle relaxant","Prestwick, Prestwick",98.11,"CC(C)CC1(CC=C)C(=O)NC(=O)NC1=O, CC(C)CC1(CC=C)C(=O)NC(=O)NC1=O","UZVHFVZFNXBMQJ-UHFFFAOYSA-N, UZVHFVZFNXBMQJ-UHFFFAOYSA-N",Launched
butamben,sodium channel blocker,,,,"MedChemEx, MicroSource, MicroSource",99.12,"CCCCOC(=O)c1ccc(N)cc1, CCCCOC(=O)c1ccc(N)cc1, CCCCOC(=O)c1ccc(N)cc1","IUWVALYLNVXWKX-UHFFFAOYSA-N, IUWVALYLNVXWKX-UHFFFAOYSA-N, IUWVALYLNVXWKX-UHFFFAOYSA-N",Withdrawn
butaprost,prostaglandin receptor agonist,,,,Sigma,100,CCCC1(CCC1)[C@H](O)C\C=C\[C@H]1[C@H](O)CC(=O)[C@@H]1CCCCCCC(=O)OC,XRISENIKJUKIHD-LHQZMKCDSA-N,Preclinical
butein,"EGFR inhibitor, SRC inhibitor",ACE,,,"Selleck, Selleck, Selleck, Selleck",92.44,"Oc1ccc(C(=O)\C=C\c2ccc(O)c(O)c2)c(O)c1, Oc1ccc(C(=O)\C=C\c2ccc(O)c(O)c2)c(O)c1, Oc1ccc(C(=O)\C=C\c2ccc(O)c(O)c2)c(O)c1, Oc1ccc(C(=O)\C=C\c2ccc(O)c(O)c2)c(O)c1","AYMYWHCQALZEGT-ORCRQEGFSA-N, AYMYWHCQALZEGT-ORCRQEGFSA-N, AYMYWHCQALZEGT-ORCRQEGFSA-N, AYMYWHCQALZEGT-ORCRQEGFSA-N",Preclinical
butenafine,fungal squalene epoxidase inhibitor,SQLE,infectious disease,"tinea pedis, tinea cruris, tinea corporis","Selleck, Selleck, Selleck, MedChemEx",99.5,"CN(Cc1ccc(cc1)C(C)(C)C)Cc1cccc2ccccc12, CN(Cc1ccc(cc1)C(C)(C)C)Cc1cccc2ccccc12, CN(Cc1ccc(cc1)C(C)(C)C)Cc1cccc2ccccc12, CN(Cc1ccc(cc1)C(C)(C)C)Cc1cccc2ccccc12","ABJKWBDEJIDSJZ-UHFFFAOYSA-N, ABJKWBDEJIDSJZ-UHFFFAOYSA-N, ABJKWBDEJIDSJZ-UHFFFAOYSA-N, ABJKWBDEJIDSJZ-UHFFFAOYSA-N",Launched
buthionine-sulfoximine,glutathione transferase inhibitor,GCLM,,,Enzo,94.36,"CCCCS(=N)(=O)CC[C@H](N)C(O)=O |a:9,&1:4|",KJQFBVYMGADDTQ-CVSPRKDYSA-N,Phase 1
butibufen,cyclooxygenase inhibitor,,,,"Carbosynth, Carbosynth, Toronto",95.48,"CC[C@@H](C(O)=O)c1ccc(CC(C)C)cc1 |&1:2,r|, CC[C@@H](C(O)=O)c1ccc(CC(C)C)cc1 |&1:2,r|, CC[C@@H](C(O)=O)c1ccc(CC(C)C)cc1 |&1:2,r|","UULSXYSSHHRCQK-CYBMUJFWSA-N, UULSXYSSHHRCQK-CYBMUJFWSA-N, UULSXYSSHHRCQK-CYBMUJFWSA-N",Withdrawn
butoconazole,bacterial cell wall synthesis inhibitor,,infectious disease,vulvovaginal candidiasis,"MedChemEx, MicroSource",99.34,"Clc1ccc(CC[C@@H](Cn2ccnc2)Sc2c(Cl)cccc2Cl)cc1 |&1:7,r|, Clc1ccc(CC[C@@H](Cn2ccnc2)Sc2c(Cl)cccc2Cl)cc1 |&1:7,r|","SWLMUYACZKCSHZ-INIZCTEOSA-N, SWLMUYACZKCSHZ-INIZCTEOSA-N",Launched
butofilolol,adrenergic receptor antagonist,,,,Sigma,96.62,"CCCC(=O)c1cc(F)ccc1OC[C@@H](O)CNC(C)(C)C |&1:14,r|",NMBNQRJDEPOXCP-ZDUSSCGKSA-N,Phase 2
butyl-paraben,DNA synthesis inhibitor,,,,"MicroSource, MicroSource",98.43,"CCCCOC(=O)c1ccc(O)cc1, CCCCOC(=O)c1ccc(O)cc1","QFOHBWFCKVYLES-UHFFFAOYSA-N, QFOHBWFCKVYLES-UHFFFAOYSA-N",Preclinical
butylated-hydroxyanisole,antioxidant,,,,"MicroSource, Sigma",88.92,"COc1ccc(O)c(c1)C(C)(C)C, COc1ccc(O)c(c1)C(C)(C)C","MRBKEAMVRSLQPH-UHFFFAOYSA-N, MRBKEAMVRSLQPH-UHFFFAOYSA-N",Preclinical
butylated-hydroxytoluene,carbonic anhydrase inhibitor,CA2,,,"MicroSource, MicroSource, MedChemEx",97.99,"Cc1cc(c(O)c(c1)C(C)(C)C)C(C)(C)C, Cc1cc(c(O)c(c1)C(C)(C)C)C(C)(C)C, Cc1cc(c(O)c(c1)C(C)(C)C)C(C)(C)C","NLZUEZXRPGMBCV-UHFFFAOYSA-N, NLZUEZXRPGMBCV-UHFFFAOYSA-N, NLZUEZXRPGMBCV-UHFFFAOYSA-N",Phase 1
butylidenephthalide,cyclooxygenase inhibitor,,,,Sigma,0,CCC\C=C1/OC(=O)c2ccccc12,WMBOCUXXNSOQHM-FLIBITNWSA-N,Phase 1/Phase 2
butylphthalide,potassium channel antagonist,KCNK2,neurology/psychiatry,stroke,MedChemEx,94.43,"CCCC[C@H]1OC(=O)c2ccccc12 |&1:4,r|",HJXMNVQARNZTEE-LLVKDONJSA-N,Launched
butylscopolamine-bromide,cholinergic receptor antagonist,,gastroenterology,abdominal pain,MedChemEx,97.31,"CCCC[N@@+]1(C)[C@H]2C[C@@H](C[C@@H]1[C@H]1O[C@@H]21)OC(=O)[C@H](CO)c1ccccc1 |a:6,8,10,11,13,17,&1:4,TLB:3:4:7.8.9:11.13,12:11:4:7.8.9,12:13:4:7.8.9,THB:5:4:7.8.9:11.13,14:8:4:11.13|",YBCNXCRZPWQOBR-FRNBUXIHSA-N,Launched
BU226,imidazoline receptor ligand,,,,"Tocris, Tocris, Tocris, Tocris",97.75,"C1CN=C(N1)c1cc2ccccc2cn1 |c:2|, C1CN=C(N1)c1cc2ccccc2cn1 |c:2|, C1CN=C(N1)c1cc2ccccc2cn1 |c:2|, C1CN=C(N1)c1cc2ccccc2cn1 |c:2|","ZXRSVNHYTSSFMN-UHFFFAOYSA-N, ZXRSVNHYTSSFMN-UHFFFAOYSA-N, ZXRSVNHYTSSFMN-UHFFFAOYSA-N, ZXRSVNHYTSSFMN-UHFFFAOYSA-N",Preclinical
BVD-523,MAP kinase inhibitor,,,,"MedChemEx, MedChemEx, MedChemEx",99.21,"CC(C)Nc1cc(-c2c[nH]c(c2)C(=O)N[C@H](CO)c2cccc(Cl)c2)c(Cl)cn1, CC(C)Nc1cc(-c2c[nH]c(c2)C(=O)N[C@H](CO)c2cccc(Cl)c2)c(Cl)cn1, CC(C)Nc1cc(-c2c[nH]c(c2)C(=O)N[C@H](CO)c2cccc(Cl)c2)c(Cl)cn1","KSERXGMCDHOLSS-LJQANCHMSA-N, KSERXGMCDHOLSS-LJQANCHMSA-N, KSERXGMCDHOLSS-LJQANCHMSA-N",Phase 2
BVT-2733,11-beta hydroxysteroid dehydrogenase inhibitor,HSD17B1,,,MedChemEx,96.59,CN1CCN(CC1)C(=O)Cc1csc(NS(=O)(=O)c2cccc(Cl)c2C)n1,YDPRNGAPPNPYQQ-UHFFFAOYSA-N,Preclinical
BVT-948,tyrosine phosphatase inhibitor,"PTPN1, PTPN11, PTPN2",,,"Tocris, Tocris",90.36,"CC1(C)C(=O)NC2=C1C(=O)C(=O)c1ccccc21 |c:6|, CC1(C)C(=O)NC2=C1C(=O)C(=O)c1ccccc21 |c:6|","LLPBUXODFQZPFH-UHFFFAOYSA-N, LLPBUXODFQZPFH-UHFFFAOYSA-N",Preclinical
BW-A4C,lipoxygenase inhibitor,ALOX5,,,"Sigma, Sigma",87.05,"CC(=O)N(O)C\C=C\c1cccc(Oc2ccccc2)c1, CC(=O)N(O)C\C=C\c1cccc(Oc2ccccc2)c1","CEUDWZXMLMKPNN-SOFGYWHQSA-N, CEUDWZXMLMKPNN-SOFGYWHQSA-N",Phase 1
BW-B70C,lipoxygenase inhibitor,ALOX5,,,"Sigma, Tocris",86.91,"C[C@@H](\C=C\c1cccc(Oc2ccc(F)cc2)c1)N(O)C(N)=O |&1:1,r|, C[C@@H](\C=C\c1cccc(Oc2ccc(F)cc2)c1)N(O)C(N)=O |&1:1,r|","UAIYNMRLUHHRMF-FYJFLYSWSA-N, UAIYNMRLUHHRMF-FYJFLYSWSA-N",Preclinical
BW-180C,opioid receptor agonist,"OPRD1, OPRM1",,,MedChemEx,89.9,CC(C)C[C@@H](NC(=O)[C@H](Cc1ccccc1)NC(=O)CNC(=O)[C@@H](C)NC(=O)[C@@H](N)Cc1ccc(O)cc1)C(O)=O,ZHUJMSMQIPIPTF-IBURTVSXSA-N,Phase 2
BW-348U87,antiviral,,,,Key,82.15,C\C(=N/NC(=S)NNC(=S)Nc1ccccc1Cl)c1ccccn1,YYLKOELWSMRYHV-VXLYETTFSA-N,Preclinical
BW-373U86,opioid receptor agonist,OPRD1,,,"Tocris, Tocris, Tocris",97.24,"CCN(CC)C(=O)c1ccc(cc1)[C@@H](N1C[C@@H](C)N(CC=C)C[C@@H]1C)c1cccc(O)c1, CCN(CC)C(=O)c1ccc(cc1)[C@@H](N1C[C@@H](C)N(CC=C)C[C@@H]1C)c1cccc(O)c1, CCN(CC)C(=O)c1ccc(cc1)[C@@H](N1C[C@@H](C)N(CC=C)C[C@@H]1C)c1cccc(O)c1","LBLDMHBSVIVJPM-YZIHRLCOSA-N, LBLDMHBSVIVJPM-YZIHRLCOSA-N, LBLDMHBSVIVJPM-YZIHRLCOSA-N",Preclinical
BW-616U,monoamine oxidase inhibitor,MAOA,,,"Enamine, Enamine",97.3,"CNC(=O)c1ccc2C(=O)c3ccccc3S(=O)(=O)c2c1, CNC(=O)c1ccc2C(=O)c3ccccc3S(=O)(=O)c2c1","MLPSDBJCWIYSEA-UHFFFAOYSA-N, MLPSDBJCWIYSEA-UHFFFAOYSA-N",Preclinical
BW-723C86,serotonin receptor agonist,"HTR2A, HTR2B, HTR2C",,,"Tocris, Tocris, Tocris",90.04,"C[C@@H](N)Cc1c[nH]c2ccc(OCc3cccs3)cc12 |&1:1|, C[C@@H](N)Cc1c[nH]c2ccc(OCc3cccs3)cc12 |&1:1|, C[C@@H](N)Cc1c[nH]c2ccc(OCc3cccs3)cc12 |&1:1|","ALFGDCNSEBJYSP-LLVKDONJSA-N, ALFGDCNSEBJYSP-LLVKDONJSA-N, ALFGDCNSEBJYSP-LLVKDONJSA-N",Preclinical
BX-795,IKK inhibitor,"CDK2, CHEK1, GSK3B, KDR, PDK1, PDPK1",,,"MedChemEx, Selleck, Selleck, MedChemEx",94.52,"Ic1cnc(Nc2cccc(NC(=O)N3CCCC3)c2)nc1NCCCNC(=O)c1cccs1, Ic1cnc(Nc2cccc(NC(=O)N3CCCC3)c2)nc1NCCCNC(=O)c1cccs1, Ic1cnc(Nc2cccc(NC(=O)N3CCCC3)c2)nc1NCCCNC(=O)c1cccs1, Ic1cnc(Nc2cccc(NC(=O)N3CCCC3)c2)nc1NCCCNC(=O)c1cccs1","VAVXGGRQQJZYBL-UHFFFAOYSA-N, VAVXGGRQQJZYBL-UHFFFAOYSA-N, VAVXGGRQQJZYBL-UHFFFAOYSA-N, VAVXGGRQQJZYBL-UHFFFAOYSA-N",Preclinical
BX-912,pyruvate dehydrogenase kinase inhibitor,"CDK2, CHEK1, GSK3B, KDR, PDK1, PDPK1",,,"Selleck, Selleck",95.26,"Brc1cnc(Nc2cccc(NC(=O)N3CCCC3)c2)nc1NCCc1cnc[nH]1, Brc1cnc(Nc2cccc(NC(=O)N3CCCC3)c2)nc1NCCc1cnc[nH]1","DMMILYKXNCVKOJ-UHFFFAOYSA-N, DMMILYKXNCVKOJ-UHFFFAOYSA-N",Preclinical
BYK-204165,PARP inhibitor,PARP1,,,"Tocris, Tocris, Tocris, Tocris, Tocris, Tocris, Tocris",98.46,"Cn1cccc1\C=C1/C(=O)NC(=O)c2ccccc12, Cn1cccc1\C=C1/C(=O)NC(=O)c2ccccc12, Cn1cccc1\C=C1/C(=O)NC(=O)c2ccccc12, Cn1cccc1\C=C1/C(=O)NC(=O)c2ccccc12, Cn1cccc1\C=C1/C(=O)NC(=O)c2ccccc12, Cn1cccc1\C=C1/C(=O)NC(=O)c2ccccc12, Cn1cccc1\C=C1/C(=O)NC(=O)c2ccccc12","BTYSIDSTHDDAJW-LCYFTJDESA-N, BTYSIDSTHDDAJW-LCYFTJDESA-N, BTYSIDSTHDDAJW-LCYFTJDESA-N, BTYSIDSTHDDAJW-LCYFTJDESA-N, BTYSIDSTHDDAJW-LCYFTJDESA-N, BTYSIDSTHDDAJW-LCYFTJDESA-N, BTYSIDSTHDDAJW-LCYFTJDESA-N",Preclinical
C-021,CC chemokine receptor antagonist,CCR4,,,"Tocris, Tocris, Tocris, Tocris, Tocris, Tocris",97.39,"COc1cc2nc(nc(NC3CCCCCC3)c2cc1OC)N1CCC(CC1)N1CCCCC1, COc1cc2nc(nc(NC3CCCCCC3)c2cc1OC)N1CCC(CC1)N1CCCCC1, COc1cc2nc(nc(NC3CCCCCC3)c2cc1OC)N1CCC(CC1)N1CCCCC1, COc1cc2nc(nc(NC3CCCCCC3)c2cc1OC)N1CCC(CC1)N1CCCCC1, COc1cc2nc(nc(NC3CCCCCC3)c2cc1OC)N1CCC(CC1)N1CCCCC1, COc1cc2nc(nc(NC3CCCCCC3)c2cc1OC)N1CCC(CC1)N1CCCCC1","WYVBISCFCHREDA-UHFFFAOYSA-N, WYVBISCFCHREDA-UHFFFAOYSA-N, WYVBISCFCHREDA-UHFFFAOYSA-N, WYVBISCFCHREDA-UHFFFAOYSA-N, WYVBISCFCHREDA-UHFFFAOYSA-N, WYVBISCFCHREDA-UHFFFAOYSA-N",Preclinical
C-1,protein kinase inhibitor,PRKCA,,,"Tocris, Tocris, Tocris, Tocris",98.34,"O=S(=O)(N1CCNCC1)c1cccc2cnccc12, O=S(=O)(N1CCNCC1)c1cccc2cnccc12, O=S(=O)(N1CCNCC1)c1cccc2cnccc12, O=S(=O)(N1CCNCC1)c1cccc2cnccc12","UPTYCYWTFGTCCG-UHFFFAOYSA-N, UPTYCYWTFGTCCG-UHFFFAOYSA-N, UPTYCYWTFGTCCG-UHFFFAOYSA-N, UPTYCYWTFGTCCG-UHFFFAOYSA-N",Preclinical
C-751,,,,,Key,98.92,CCOC(=O)c1cnc[nH]1,KLWYPRNPRNPORS-UHFFFAOYSA-N,Preclinical
CA-4948,kinase inhibitor,,,,MedChemEx,95.81,Nc1ccc(cn1)-c1cccc(n1)C(=O)Nc1cnc2nc(oc2c1)N1CCOCC1,RWIMETUXCNDSLE-UHFFFAOYSA-N,Phase 1
cabagin,,,gastroenterology,dyspepsia,"AlfaAesar, Toronto",100,"C[S+](C)CC[C@H](N)C(O)=O, C[S+](C)CC[C@H](N)C(O)=O","YDBYJHTYSHBBAU-YFKPBYRVSA-O, YDBYJHTYSHBBAU-YFKPBYRVSA-O",Launched
cabaletta,pharmacological chaperone,,,,Enzo,97.42,OC[C@H]1O[C@H](O[C@H]2O[C@H](CO)[C@@H](O)[C@H](O)[C@H]2O)[C@H](O)[C@@H](O)[C@@H]1O,HDTRYLNUVZCQOY-LIZSDCNHSA-N,Phase 2
cabazitaxel,microtubule inhibitor,"TUBA1A, TUBA1B, TUBA1C, TUBA3C, TUBA3D, TUBA3E, TUBA4A, TUBB, TUBB1, TUBB2A, TUBB2B, TUBB3, TUBB4A, TUBB4B, TUBB6, TUBB8",oncology,prostate cancer,MedChemEx,95.83,CO[C@H]1C[C@H]2OC[C@@]2(OC(C)=O)[C@H]2[C@H](OC(=O)c3ccccc3)[C@]3(O)C[C@H](OC(=O)[C@H](O)[C@@H](NC(=O)OC(C)(C)C)c4ccccc4)C(C)=C([C@@H](OC)C(=O)[C@]12C)C3(C)C |t:51|,BMQGVNUXMIRLCK-OAGWZNDDSA-N,Launched
cabergoline,dopamine receptor agonist,"ADRA1A, ADRA1B, ADRA1D, ADRA2A, ADRA2B, ADRA2C, ADRB1, ADRB2, DRD1, DRD2, DRD3, DRD4, DRD5, HTR1A, HTR1B, HTR1D, HTR2A, HTR2B, HTR2C, HTR7",endocrinology,hyperprolactinemia,"Tocris, Tocris, Enzo, Enzo, Enzo, Tocris",94.48,"CCNC(=O)N(CCCN(C)C)C(=O)[C@@H]1C[C@H]2[C@@H](Cc3c[nH]c4cccc2c34)N(CC=C)C1, CCNC(=O)N(CCCN(C)C)C(=O)[C@@H]1C[C@H]2[C@@H](Cc3c[nH]c4cccc2c34)N(CC=C)C1, CCNC(=O)N(CCCN(C)C)C(=O)[C@@H]1C[C@H]2[C@@H](Cc3c[nH]c4cccc2c34)N(CC=C)C1, CCNC(=O)N(CCCN(C)C)C(=O)[C@@H]1C[C@H]2[C@@H](Cc3c[nH]c4cccc2c34)N(CC=C)C1, CCNC(=O)N(CCCN(C)C)C(=O)[C@@H]1C[C@H]2[C@@H](Cc3c[nH]c4cccc2c34)N(CC=C)C1, CCNC(=O)N(CCCN(C)C)C(=O)[C@@H]1C[C@H]2[C@@H](Cc3c[nH]c4cccc2c34)N(CC=C)C1","KORNTPPJEAJQIU-KJXAQDMKSA-N, KORNTPPJEAJQIU-KJXAQDMKSA-N, KORNTPPJEAJQIU-KJXAQDMKSA-N, KORNTPPJEAJQIU-KJXAQDMKSA-N, KORNTPPJEAJQIU-KJXAQDMKSA-N, KORNTPPJEAJQIU-KJXAQDMKSA-N",Launched
cabotegravir,HIV integrase inhibitor,,,,"MedChemEx, Selleck",97.41,"C[C@H]1CO[C@@H]2Cn3cc(C(=O)NCc4ccc(F)cc4F)c(=O)c(O)c3C(=O)N12, C[C@H]1CO[C@@H]2Cn3cc(C(=O)NCc4ccc(F)cc4F)c(=O)c(O)c3C(=O)N12","WCWSTNLSLKSJPK-LKFCYVNXSA-N, WCWSTNLSLKSJPK-LKFCYVNXSA-N",Phase 3
cabozantinib,"RET tyrosine kinase inhibitor, VEGFR inhibitor","KDR, MET, RET",oncology,medullary thyroid cancer (MTC),"Tocris, Selleck, Selleck, Selleck, Selleck, Selleck, Selleck, Selleck, Selleck, Selleck",99.56,"COc1cc2nccc(Oc3ccc(NC(=O)C4(CC4)C(=O)Nc4ccc(F)cc4)cc3)c2cc1OC, COc1cc2nccc(Oc3ccc(NC(=O)C4(CC4)C(=O)Nc4ccc(F)cc4)cc3)c2cc1OC, COc1cc2nccc(Oc3ccc(NC(=O)C4(CC4)C(=O)Nc4ccc(F)cc4)cc3)c2cc1OC, COc1cc2nccc(Oc3ccc(NC(=O)C4(CC4)C(=O)Nc4ccc(F)cc4)cc3)c2cc1OC, COc1cc2nccc(Oc3ccc(NC(=O)C4(CC4)C(=O)Nc4ccc(F)cc4)cc3)c2cc1OC, COc1cc2nccc(Oc3ccc(NC(=O)C4(CC4)C(=O)Nc4ccc(F)cc4)cc3)c2cc1OC, COc1cc2nccc(Oc3ccc(NC(=O)C4(CC4)C(=O)Nc4ccc(F)cc4)cc3)c2cc1OC, COc1cc2nccc(Oc3ccc(NC(=O)C4(CC4)C(=O)Nc4ccc(F)cc4)cc3)c2cc1OC, COc1cc2nccc(Oc3ccc(NC(=O)C4(CC4)C(=O)Nc4ccc(F)cc4)cc3)c2cc1OC, COc1cc2nccc(Oc3ccc(NC(=O)C4(CC4)C(=O)Nc4ccc(F)cc4)cc3)c2cc1OC","ONIQOQHATWINJY-UHFFFAOYSA-N, ONIQOQHATWINJY-UHFFFAOYSA-N, ONIQOQHATWINJY-UHFFFAOYSA-N, ONIQOQHATWINJY-UHFFFAOYSA-N, ONIQOQHATWINJY-UHFFFAOYSA-N, ONIQOQHATWINJY-UHFFFAOYSA-N, InChI=1S/C28H24FN3O5/c1-35-24-15-21-22(16-25(24)36-2)30-14-11-23(21)37-20-9-7-19(8-10-20)32-27(34)28(12-13-28)26(33)31-18-5-3-17(29)4-6-18/h3-11,14-16H,12-13H2,1-2H3,(H,31,33)(H,32,34), InChI=1S/C28H24FN3O5/c1-35-24-15-21-22(16-25(24)36-2)30-14-11-23(21)37-20-9-7-19(8-10-20)32-27(34)28(12-13-28)26(33)31-18-5-3-17(29)4-6-18/h3-11,14-16H,12-13H2,1-2H3,(H,31,33)(H,32,34), InChI=1S/C28H24FN3O5/c1-35-24-15-21-22(16-25(24)36-2)30-14-11-23(21)37-20-9-7-19(8-10-20)32-27(34)28(12-13-28)26(33)31-18-5-3-17(29)4-6-18/h3-11,14-16H,12-13H2,1-2H3,(H,31,33)(H,32,34), InChI=1S/C28H24FN3O5/c1-35-24-15-21-22(16-25(24)36-2)30-14-11-23(21)37-20-9-7-19(8-10-20)32-27(34)28(12-13-28)26(33)31-18-5-3-17(29)4-6-18/h3-11,14-16H,12-13H2,1-2H3,(H,31,33)(H,32,34)",Launched
CaCCinh-A01,calcium-activated chloride channel inhibitor,CLCA1,,,"Tocris, Tocris",95.53,"CC(C)(C)[C@H]1CCc2c(C1)sc(NC(=O)c1ccco1)c2C(O)=O |&1:4,r|, CC(C)(C)[C@H]1CCc2c(C1)sc(NC(=O)c1ccco1)c2C(O)=O |&1:4,r|","ACLUEOBQFRYTQS-JTQLQIEISA-N, ACLUEOBQFRYTQS-JTQLQIEISA-N",Preclinical
cadazolid,antibacterial ,,,,MedChemEx,91.31,OC[C@H]1CN(C(=O)O1)c1ccc(OCC2(O)CCN(CC2)c2cc3n(cc(C(O)=O)c(=O)c3cc2F)C2CC2)c(F)c1,XWFCFMXQTBGXQW-GOSISDBHSA-N,Phase 3
cadralazine,adrenergic receptor antagonist,,cardiology,hypertension,"Key, Key",57.47,"CCOC(=O)NNc1ccc(nn1)N(CC)C[C@@H](C)O |&1:17,r|, CCOC(=O)NNc1ccc(nn1)N(CC)C[C@@H](C)O |&1:17,r|","QLTVVOATEHFXLT-SECBINFHSA-N, QLTVVOATEHFXLT-SECBINFHSA-N",Launched
cafestol,pregnane X receptor agonist,,,,Enzo,95.32,C[C@@]12CCc3occc3[C@H]1CC[C@@]13C[C@@H](CC[C@@H]21)[C@@](O)(CO)C3,DNJVYWXIDISQRD-HWUKTEKMSA-N,Launched
caffeic-acid,"HIV integrase inhibitor, lipoxygenase inhibitor, nitric oxide production inhibitor, tumor necrosis factor production inhibitor","ALOX5, MIF",,,"MedChemEx, MedChemEx, Selleck, Selleck",95.21,"OC(=O)\C=C\c1ccc(O)c(O)c1, OC(=O)\C=C\c1ccc(O)c(O)c1, OC(=O)\C=C\c1ccc(O)c(O)c1, OC(=O)\C=C\c1ccc(O)c(O)c1","QAIPRVGONGVQAS-DUXPYHPUSA-N, QAIPRVGONGVQAS-DUXPYHPUSA-N, QAIPRVGONGVQAS-DUXPYHPUSA-N, QAIPRVGONGVQAS-DUXPYHPUSA-N",Preclinical
caffeic-acid-phenethyl-ester,HIV integrase inhibitor,RELA,,,"Tocris, Tocris, Selleck",97.3,"Oc1ccc(\C=C\C(=O)OCCc2ccccc2)cc1O, Oc1ccc(\C=C\C(=O)OCCc2ccccc2)cc1O, Oc1ccc(\C=C\C(=O)OCCc2ccccc2)cc1O","SWUARLUWKZWEBQ-VQHVLOKHSA-N, SWUARLUWKZWEBQ-VQHVLOKHSA-N, SWUARLUWKZWEBQ-VQHVLOKHSA-N",Preclinical
caffeine,"adenosine receptor antagonist, phosphodiesterase inhibitor","ADORA1, ADORA2A, ADORA2B, ADORA3, ATM, ITPR1, ITPR2, ITPR3, PDE10A, PDE11A, PDE1A, PDE1B, PDE1C, PDE2A, PDE3A, PDE3B, PDE4A, PDE4B, PDE4C, PDE4D, PDE5A, PDE6A, PDE6B, PDE6C, PDE7A, PDE7B, PDE8A, PDE8B, PDE9A, PIK3CA, PIK3CB, PIK3CD, PRKDC, RYR1, RYR2, RYR3",neurology/psychiatry,"fatigue, drowsiness","MicroSource, MicroSource, MicroSource",99.15,"Cn1cnc2n(C)c(=O)n(C)c(=O)c12, Cn1cnc2n(C)c(=O)n(C)c(=O)c12, Cn1cnc2n(C)c(=O)n(C)c(=O)c12","RYYVLZVUVIJVGH-UHFFFAOYSA-N, RYYVLZVUVIJVGH-UHFFFAOYSA-N, RYYVLZVUVIJVGH-UHFFFAOYSA-N",Launched
calcifediol,vitamin D receptor agonist,VDR,endocrinology,hyperparathyroidism,"Adooq, Adooq, MedChemEx, MedChemEx, Selleck, Selleck",93.66,"C[C@H](CCCC(C)(C)O)[C@H]1CC[C@H]2\C(CCC[C@]12C)=C\C=C1\C[C@@H](O)CCC1=C, C[C@H](CCCC(C)(C)O)[C@H]1CC[C@H]2\C(CCC[C@]12C)=C\C=C1\C[C@@H](O)CCC1=C, C[C@H](CCCC(C)(C)O)[C@H]1CC[C@H]2\C(CCC[C@]12C)=C\C=C1\C[C@@H](O)CCC1=C, C[C@H](CCCC(C)(C)O)[C@H]1CC[C@H]2\C(CCC[C@]12C)=C\C=C1\C[C@@H](O)CCC1=C, C[C@H](CCCC(C)(C)O)[C@H]1CC[C@H]2\C(CCC[C@]12C)=C\C=C1\C[C@@H](O)CCC1=C, C[C@H](CCCC(C)(C)O)[C@H]1CC[C@H]2\C(CCC[C@]12C)=C\C=C1\C[C@@H](O)CCC1=C","JWUBBDSIWDLEOM-DTOXIADCSA-N, JWUBBDSIWDLEOM-DTOXIADCSA-N, JWUBBDSIWDLEOM-DTOXIADCSA-N, JWUBBDSIWDLEOM-DTOXIADCSA-N, JWUBBDSIWDLEOM-DTOXIADCSA-N, JWUBBDSIWDLEOM-DTOXIADCSA-N",Launched
calcipotriol,vitamin D receptor agonist,VDR,dermatology,psoriasis,"MedChemEx, MedChemEx, MedChemEx, MedChemEx, MedChemEx, MedChemEx, MedChemEx, Tocris",92.24,"C[C@H](\C=C\[C@@H](O)C1CC1)[C@H]1CC[C@H]2\C(CCC[C@]12C)=C\C=C1\C[C@@H](O)C[C@H](O)C1=C, C[C@H](\C=C\[C@@H](O)C1CC1)[C@H]1CC[C@H]2\C(CCC[C@]12C)=C\C=C1\C[C@@H](O)C[C@H](O)C1=C, C[C@H](\C=C\[C@@H](O)C1CC1)[C@H]1CC[C@H]2\C(CCC[C@]12C)=C\C=C1\C[C@@H](O)C[C@H](O)C1=C, C[C@H](\C=C\[C@@H](O)C1CC1)[C@H]1CC[C@H]2\C(CCC[C@]12C)=C\C=C1\C[C@@H](O)C[C@H](O)C1=C, C[C@H](\C=C\[C@@H](O)C1CC1)[C@H]1CC[C@H]2\C(CCC[C@]12C)=C\C=C1\C[C@@H](O)C[C@H](O)C1=C, C[C@H](\C=C\[C@@H](O)C1CC1)[C@H]1CC[C@H]2\C(CCC[C@]12C)=C\C=C1\C[C@@H](O)C[C@H](O)C1=C, C[C@H](\C=C\[C@@H](O)C1CC1)[C@H]1CC[C@H]2\C(CCC[C@]12C)=C\C=C1\C[C@@H](O)C[C@H](O)C1=C, C[C@H](\C=C\[C@@H](O)C1CC1)[C@H]1CC[C@H]2\C(CCC[C@]12C)=C\C=C1\C[C@@H](O)C[C@H](O)C1=C","LWQQLNNNIPYSNX-UROSTWAQSA-N, LWQQLNNNIPYSNX-UROSTWAQSA-N, LWQQLNNNIPYSNX-UROSTWAQSA-N, LWQQLNNNIPYSNX-UROSTWAQSA-N, LWQQLNNNIPYSNX-UROSTWAQSA-N, LWQQLNNNIPYSNX-UROSTWAQSA-N, LWQQLNNNIPYSNX-UROSTWAQSA-N, LWQQLNNNIPYSNX-UROSTWAQSA-N",Launched
calcitonin,calcitonin agonist,,orthopedics,osteoporosis,MedChemEx,93.78,[H]N[C@H]1CSSC[C@H](NC(=O)[C@@H](NC(=O)[C@H](CO)NC(=O)[C@H](CC(C)C)NC(=O)[C@H](CC(N)=O)NC(=O)[C@H](CO)NC1=O)[C@@H](C)O)C(=O)N[C@@H](C(C)C)C(=O)N[C@@H](CC(C)C)C(=O)NCC(=O)N[C@@H](CCCCN)C(=O)N[C@@H](CC(C)C)C(=O)N[C@@H](CO)C(=O)N[C@@H](CCC(N)=O)C(=O)N[C@@H](CCC(O)=O)C(=O)N[C@@H](CC(C)C)C(=O)N[C@@H](Cc1c[nH]cn1)C(=O)N[C@@H](CCCCN)C(=O)N[C@@H](CC(C)C)C(=O)N[C@@H](CCC(N)=O)C(=O)N[C@@H]([C@@H](C)O)C(=O)N[C@@H](Cc1ccc(O)cc1)C(=O)N1CCC[C@H]1C(=O)N[C@@H](CCCNC(N)=N)C(=O)N[C@@H]([C@@H](C)O)C(=O)N[C@@H](CC(O)=O)C(=O)N[C@@H](C(C)C)C(=O)NCC(=O)N[C@@H](C)C(=O)NCC(=O)N[C@@H]([C@@H](C)O)C(=O)N1CCC[C@H]1C(N)=O |r|,JDJALSWDQPEHEJ-XXZWWZJQSA-N,Launched
calcitriol,vitamin D receptor agonist,VDR,"endocrinology, orthopedics","hypocalcemia, hypoparathyroidism, osteoporosis","Selleck, Selleck, Selleck, Selleck, Selleck, Selleck, Selleck, Selleck, Selleck, Selleck",96.4,"C[C@H](CCCC(C)(C)O)[C@H]1CC[C@H]2\C(CCC[C@]12C)=C\C=C1\C[C@@H](O)C[C@H](O)C1=C, C[C@H](CCCC(C)(C)O)[C@H]1CC[C@H]2\C(CCC[C@]12C)=C\C=C1\C[C@@H](O)C[C@H](O)C1=C, C[C@H](CCCC(C)(C)O)[C@H]1CC[C@H]2\C(CCC[C@]12C)=C\C=C1\C[C@@H](O)C[C@H](O)C1=C, C[C@H](CCCC(C)(C)O)[C@H]1CC[C@H]2\C(CCC[C@]12C)=C\C=C1\C[C@@H](O)C[C@H](O)C1=C, C[C@H](CCCC(C)(C)O)[C@H]1CC[C@H]2\C(CCC[C@]12C)=C\C=C1\C[C@@H](O)C[C@H](O)C1=C, C[C@H](CCCC(C)(C)O)[C@H]1CC[C@H]2\C(CCC[C@]12C)=C\C=C1\C[C@@H](O)C[C@H](O)C1=C, C[C@H](CCCC(C)(C)O)[C@H]1CC[C@H]2\C(CCC[C@]12C)=C\C=C1\C[C@@H](O)C[C@H](O)C1=C, C[C@H](CCCC(C)(C)O)[C@H]1CC[C@H]2\C(CCC[C@]12C)=C\C=C1\C[C@@H](O)C[C@H](O)C1=C, C[C@H](CCCC(C)(C)O)[C@H]1CC[C@H]2\C(CCC[C@]12C)=C\C=C1\C[C@@H](O)C[C@H](O)C1=C, C[C@H](CCCC(C)(C)O)[C@H]1CC[C@H]2\C(CCC[C@]12C)=C\C=C1\C[C@@H](O)C[C@H](O)C1=C","GMRQFYUYWCNGIN-NKMMMXOESA-N, GMRQFYUYWCNGIN-NKMMMXOESA-N, GMRQFYUYWCNGIN-NKMMMXOESA-N, GMRQFYUYWCNGIN-NKMMMXOESA-N, GMRQFYUYWCNGIN-NKMMMXOESA-N, GMRQFYUYWCNGIN-NKMMMXOESA-N, GMRQFYUYWCNGIN-NKMMMXOESA-N, GMRQFYUYWCNGIN-NKMMMXOESA-N, GMRQFYUYWCNGIN-NKMMMXOESA-N, GMRQFYUYWCNGIN-NKMMMXOESA-N",Launched
calcium-gluceptate,,,,,"MicroSource, MicroSource, TCI, TCI, Selleck",100,"OC[C@@H](O)[C@@H](O)[C@H](O)[C@@H](O)[C@@H](O)C(O)=O, OC[C@@H](O)[C@@H](O)[C@H](O)[C@@H](O)[C@@H](O)C(O)=O, OC[C@@H](O)[C@@H](O)[C@H](O)[C@@H](O)[C@@H](O)C(O)=O, OC[C@@H](O)[C@@H](O)[C@H](O)[C@@H](O)[C@@H](O)C(O)=O, OC[C@@H](O)[C@@H](O)[C@H](O)[C@@H](O)[C@@H](O)C(O)=O","KWMLJOLKUYYJFJ-VFUOTHLCSA-N, KWMLJOLKUYYJFJ-VFUOTHLCSA-N, KWMLJOLKUYYJFJ-VFUOTHLCSA-N, KWMLJOLKUYYJFJ-VFUOTHLCSA-N, KWMLJOLKUYYJFJ-VFUOTHLCSA-N",Launched
calcium-levofolinate,,,,,"MedChemEx, Selleck, Selleck, Selleck",100,"Nc1nc(=O)c2N(C=O)[C@@H](CNc3ccc(cc3)C(=O)N[C@@H](CCC(O)=O)C(O)=O)CNc2[nH]1, Nc1nc(=O)c2N(C=O)[C@@H](CNc3ccc(cc3)C(=O)N[C@@H](CCC(O)=O)C(O)=O)CNc2[nH]1, Nc1nc(=O)c2N(C=O)[C@@H](CNc3ccc(cc3)C(=O)N[C@@H](CCC(O)=O)C(O)=O)CNc2[nH]1, Nc1nc(=O)c2N(C=O)[C@@H](CNc3ccc(cc3)C(=O)N[C@@H](CCC(O)=O)C(O)=O)CNc2[nH]1","VVIAGPKUTFNRDU-STQMWFEESA-N, VVIAGPKUTFNRDU-STQMWFEESA-N, VVIAGPKUTFNRDU-STQMWFEESA-N, VVIAGPKUTFNRDU-STQMWFEESA-N",Launched
Calhex-231,calcium sensing receptor negative allosteric modulator,CASR,,,"Tocris, Tocris, Tocris",97.6,"C[C@@H](N[C@H]1CCCC[C@@H]1NC(=O)c1ccc(Cl)cc1)c1cccc2ccccc12, C[C@@H](N[C@H]1CCCC[C@@H]1NC(=O)c1ccc(Cl)cc1)c1cccc2ccccc12, C[C@@H](N[C@H]1CCCC[C@@H]1NC(=O)c1ccc(Cl)cc1)c1cccc2ccccc12","YTFUQWWKTIWYEY-CQLNOVPUSA-N, YTFUQWWKTIWYEY-CQLNOVPUSA-N, YTFUQWWKTIWYEY-CQLNOVPUSA-N",Preclinical
calpeptin,calpain inhibitor,,,,"Tocris, Tocris, Tocris, Tocris, Tocris, Tocris, Tocris, Tocris",100,"CCCC[C@H](NC(=O)[C@H](CC(C)C)NC(=O)OCc1ccccc1)C=O, CCCC[C@H](NC(=O)[C@H](CC(C)C)NC(=O)OCc1ccccc1)C=O, CCCC[C@H](NC(=O)[C@H](CC(C)C)NC(=O)OCc1ccccc1)C=O, CCCC[C@H](NC(=O)[C@H](CC(C)C)NC(=O)OCc1ccccc1)C=O, CCCC[C@H](NC(=O)[C@H](CC(C)C)NC(=O)OCc1ccccc1)C=O, CCCC[C@H](NC(=O)[C@H](CC(C)C)NC(=O)OCc1ccccc1)C=O, CCCC[C@H](NC(=O)[C@H](CC(C)C)NC(=O)OCc1ccccc1)C=O, CCCC[C@H](NC(=O)[C@H](CC(C)C)NC(=O)OCc1ccccc1)C=O","PGGUOGKHUUUWAF-ROUUACIJSA-N, PGGUOGKHUUUWAF-ROUUACIJSA-N, PGGUOGKHUUUWAF-ROUUACIJSA-N, PGGUOGKHUUUWAF-ROUUACIJSA-N, PGGUOGKHUUUWAF-ROUUACIJSA-N, PGGUOGKHUUUWAF-ROUUACIJSA-N, PGGUOGKHUUUWAF-ROUUACIJSA-N, PGGUOGKHUUUWAF-ROUUACIJSA-N",Preclinical
camicinal,motilin receptor agonist,MLNR,,,"MedChemEx, MedChemEx, MedChemEx",85.54,"C[C@H]1CN(Cc2ccc(CC(=O)N3CCC(CC3)Nc3cccc(F)c3)cc2)CCN1, C[C@H]1CN(Cc2ccc(CC(=O)N3CCC(CC3)Nc3cccc(F)c3)cc2)CCN1, C[C@H]1CN(Cc2ccc(CC(=O)N3CCC(CC3)Nc3cccc(F)c3)cc2)CCN1","RZKDEGZIFSJVNA-IBGZPJMESA-N, RZKDEGZIFSJVNA-IBGZPJMESA-N, RZKDEGZIFSJVNA-IBGZPJMESA-N",Phase 2
CaMKII-IN-1,calcium/calmodulin dependent protein kinase inhibitor,"AKT1, CAMK2A, CAMK4, MYLK",,,"MedChemEx, MedChemEx",96.28,"Cc1c(Cl)cccc1S(=O)(=O)Nc1nc(NCCc2ccccc2)nc2CCN(Cc3ccccc3)Cc12, Cc1c(Cl)cccc1S(=O)(=O)Nc1nc(NCCc2ccccc2)nc2CCN(Cc3ccccc3)Cc12","LGUUETDTMQTHML-UHFFFAOYSA-N, LGUUETDTMQTHML-UHFFFAOYSA-N",Preclinical
camobucol,anti-inflammatory agent,,,,MedChemEx,99.03,CC(C)(C)c1cc(SC(C)(C)Sc2cc(c(OCC(O)=O)c(c2)C(C)(C)C)C(C)(C)C)cc(c1O)C(C)(C)C,FGBGXESDYFKUFX-UHFFFAOYSA-N,Preclinical
camostat-mesilate,protease inhibitor,PRSS1,gastroenterology,pancreatitis,"Tocris, Tocris, Selleck",96.48,"CN(C)C(=O)COC(=O)Cc1ccc(OC(=O)c2ccc(NC(N)=N)cc2)cc1, CN(C)C(=O)COC(=O)Cc1ccc(OC(=O)c2ccc(NC(N)=N)cc2)cc1, CN(C)C(=O)COC(=O)Cc1ccc(OC(=O)c2ccc(NC(N)=N)cc2)cc1","XASIMHXSUQUHLV-UHFFFAOYSA-N, XASIMHXSUQUHLV-UHFFFAOYSA-N, XASIMHXSUQUHLV-UHFFFAOYSA-N",Launched
camphor-(+),,,,,"MedChemEx, MedChemEx",0,"CC1(C)[C@@H]2CC[C@@]1(C)C(=O)C2, CC1(C)[C@@H]2CC[C@@]1(C)C(=O)C2","DSSYKIVIOFKYAU-XCBNKYQSSA-N, DSSYKIVIOFKYAU-XCBNKYQSSA-N",Phase 2
camphor-(1R),TRPV activator,TRPV1,,,MicroSource,0,CC1(C)[C@@H]2CC[C@]1(C)C(=O)C2,DSSYKIVIOFKYAU-GMSGAONNSA-N,Phase 1
camptothecin,topoisomerase inhibitor,TOP1,,,"Selleck, Selleck, Selleck, Selleck, Selleck, Tocris",90.8,"CC[C@@]1(O)C(=O)OCc2c1cc1-c3nc4ccccc4cc3Cn1c2=O, CC[C@@]1(O)C(=O)OCc2c1cc1-c3nc4ccccc4cc3Cn1c2=O, CC[C@@]1(O)C(=O)OCc2c1cc1-c3nc4ccccc4cc3Cn1c2=O, CC[C@@]1(O)C(=O)OCc2c1cc1-c3nc4ccccc4cc3Cn1c2=O, CC[C@@]1(O)C(=O)OCc2c1cc1-c3nc4ccccc4cc3Cn1c2=O, CC[C@@]1(O)C(=O)OCc2c1cc1-c3nc4ccccc4cc3Cn1c2=O","VSJKWCGYPAHWDS-FQEVSTJZSA-N, VSJKWCGYPAHWDS-FQEVSTJZSA-N, VSJKWCGYPAHWDS-FQEVSTJZSA-N, VSJKWCGYPAHWDS-FQEVSTJZSA-N, VSJKWCGYPAHWDS-FQEVSTJZSA-N, VSJKWCGYPAHWDS-FQEVSTJZSA-N",Phase 3
camylofine-chlorhydrate,,,gastroenterology,abdominal pain,"Selleck, MicroSource, Selleck",96.03,"CCN(CC)CCN[C@@H](C(=O)OCCC(C)C)c1ccccc1 |&1:8|, CCN(CC)CCN[C@@H](C(=O)OCCC(C)C)c1ccccc1 |&1:8|, CCN(CC)CCN[C@@H](C(=O)OCCC(C)C)c1ccccc1 |&1:8|","RYOOHIUJEJZCFT-GOSISDBHSA-N, RYOOHIUJEJZCFT-GOSISDBHSA-N, RYOOHIUJEJZCFT-GOSISDBHSA-N",Launched
canagliflozin,sodium/glucose cotransporter inhibitor,"SLC5A1, SLC5A2",endocrinology,diabetes mellitus,"MedChemEx, MicroSource, Selleck",98.9,"Cc1ccc(cc1Cc1ccc(s1)-c1ccc(F)cc1)[C@@H]1O[C@H](CO)[C@@H](O)[C@H](O)[C@H]1O, Cc1ccc(cc1Cc1ccc(s1)-c1ccc(F)cc1)[C@@H]1O[C@H](CO)[C@@H](O)[C@H](O)[C@H]1O, Cc1ccc(cc1Cc1ccc(s1)-c1ccc(F)cc1)[C@@H]1O[C@H](CO)[C@@H](O)[C@H](O)[C@H]1O","XTNGUQKDFGDXSJ-ZXGKGEBGSA-N, XTNGUQKDFGDXSJ-ZXGKGEBGSA-N, XTNGUQKDFGDXSJ-ZXGKGEBGSA-N",Launched
candesartan,angiotensin receptor antagonist,AGTR1,cardiology,"hypertension, congestive heart failure","Tocris, Tocris, Tocris, MicroSource, Selleck, Selleck",98.75,"CCOc1nc2cccc(C(O)=O)c2n1Cc1ccc(cc1)-c1ccccc1-c1nn[nH]n1, CCOc1nc2cccc(C(O)=O)c2n1Cc1ccc(cc1)-c1ccccc1-c1nn[nH]n1, CCOc1nc2cccc(C(O)=O)c2n1Cc1ccc(cc1)-c1ccccc1-c1nn[nH]n1, CCOc1nc2cccc(C(O)=O)c2n1Cc1ccc(cc1)-c1ccccc1-c1nn[nH]n1, CCOc1nc2cccc(C(O)=O)c2n1Cc1ccc(cc1)-c1ccccc1-c1nn[nH]n1, CCOc1nc2cccc(C(O)=O)c2n1Cc1ccc(cc1)-c1ccccc1-c1nn[nH]n1","HTQMVQVXFRQIKW-UHFFFAOYSA-N, HTQMVQVXFRQIKW-UHFFFAOYSA-N, HTQMVQVXFRQIKW-UHFFFAOYSA-N, HTQMVQVXFRQIKW-UHFFFAOYSA-N, HTQMVQVXFRQIKW-UHFFFAOYSA-N, HTQMVQVXFRQIKW-UHFFFAOYSA-N",Launched
candesartan-cilexetil,angiotensin receptor antagonist,,cardiology,"hypertension, congestive heart failure, hypertension","MicroSource, Selleck, Selleck, Selleck, Selleck, MedChemEx, MedChemEx",98.63,"CCOc1nc2cccc(C(=O)O[C@@H](C)OC(=O)OC3CCCCC3)c2n1Cc1ccc(cc1)-c1ccccc1-c1nn[nH]n1 |&1:13,r|, CCOc1nc2cccc(C(=O)O[C@@H](C)OC(=O)OC3CCCCC3)c2n1Cc1ccc(cc1)-c1ccccc1-c1nn[nH]n1 |&1:13,r|, CCOc1nc2cccc(C(=O)O[C@@H](C)OC(=O)OC3CCCCC3)c2n1Cc1ccc(cc1)-c1ccccc1-c1nn[nH]n1 |&1:13,r|, CCOc1nc2cccc(C(=O)O[C@@H](C)OC(=O)OC3CCCCC3)c2n1Cc1ccc(cc1)-c1ccccc1-c1nn[nH]n1 |&1:13,r|, CCOc1nc2cccc(C(=O)O[C@@H](C)OC(=O)OC3CCCCC3)c2n1Cc1ccc(cc1)-c1ccccc1-c1nn[nH]n1 |&1:13,r|, CCOc1nc2cccc(C(=O)O[C@@H](C)OC(=O)OC3CCCCC3)c2n1Cc1ccc(cc1)-c1ccccc1-c1nn[nH]n1 |&1:13,r|, CCOc1nc2cccc(C(=O)O[C@@H](C)OC(=O)OC3CCCCC3)c2n1Cc1ccc(cc1)-c1ccccc1-c1nn[nH]n1 |&1:13,r|","GHOSNRCGJFBJIB-OAQYLSRUSA-N, GHOSNRCGJFBJIB-OAQYLSRUSA-N, GHOSNRCGJFBJIB-OAQYLSRUSA-N, GHOSNRCGJFBJIB-OAQYLSRUSA-N, GHOSNRCGJFBJIB-OAQYLSRUSA-N, GHOSNRCGJFBJIB-OAQYLSRUSA-N, GHOSNRCGJFBJIB-OAQYLSRUSA-N",Launched
candicidin,fungal ergosterol inhibitor,,infectious disease,vulvovaginal candidiasis,MicroSource,0,"C[C@@H](C[C@@H](C)[C@H]1OC(=O)CC(=O)CCCC(=O)C[C@@H](O)C[C@@H](O)C[C@@H](O)CC(=O)C[C@@H](O)[C@@H]([C@@H](O)C[C@@H](O[C@@H]2O[C@H](C)[C@H](O)[C@@H](O)[C@@H]2N)\C=C\C=C\C=C\C=C\C=C\C=C\C=C\[C@@H]1C)C(O)=O)[C@@H](O)CC(=O)c1ccc(N)cc1 |a:38,40,42,44,46,&1:1,&2:3,&3:5,&4:18,&5:21,&6:24,&7:30,&8:32,&9:33,&10:36,&11:62,&12:67,t:49,51,53,55,57,59,61|",HYIZCDMXFDRDFE-RGXQRFNASA-N,Launched
canertinib,EGFR inhibitor,"AKT1, EGFR, ERBB2, ERBB4",,,"Selleck, Selleck, Selleck, Selleck, Selleck, Selleck, Selleck",96.46,"Fc1ccc(Nc2ncnc3cc(OCCCN4CCOCC4)c(NC(=O)C=C)cc23)cc1Cl, Fc1ccc(Nc2ncnc3cc(OCCCN4CCOCC4)c(NC(=O)C=C)cc23)cc1Cl, Fc1ccc(Nc2ncnc3cc(OCCCN4CCOCC4)c(NC(=O)C=C)cc23)cc1Cl, Fc1ccc(Nc2ncnc3cc(OCCCN4CCOCC4)c(NC(=O)C=C)cc23)cc1Cl, Fc1ccc(Nc2ncnc3cc(OCCCN4CCOCC4)c(NC(=O)C=C)cc23)cc1Cl, Fc1ccc(Nc2ncnc3cc(OCCCN4CCOCC4)c(NC(=O)C=C)cc23)cc1Cl, Fc1ccc(Nc2ncnc3cc(OCCCN4CCOCC4)c(NC(=O)C=C)cc23)cc1Cl","OMZCMEYTWSXEPZ-UHFFFAOYSA-N, OMZCMEYTWSXEPZ-UHFFFAOYSA-N, OMZCMEYTWSXEPZ-UHFFFAOYSA-N, OMZCMEYTWSXEPZ-UHFFFAOYSA-N, InChI=1S/C24H25ClFN5O3/c1-2-23(32)30-21-13-17-20(14-22(21)34-9-3-6-31-7-10-33-11-8-31)27-15-28-24(17)29-16-4-5-19(26)18(25)12-16/h2,4-5,12-15H,1,3,6-11H2,(H,30,32)(H,27,28,29), InChI=1S/C24H25ClFN5O3/c1-2-23(32)30-21-13-17-20(14-22(21)34-9-3-6-31-7-10-33-11-8-31)27-15-28-24(17)29-16-4-5-19(26)18(25)12-16/h2,4-5,12-15H,1,3,6-11H2,(H,30,32)(H,27,28,29), InChI=1S/C24H25ClFN5O3/c1-2-23(32)30-21-13-17-20(14-22(21)34-9-3-6-31-7-10-33-11-8-31)27-15-28-24(17)29-16-4-5-19(26)18(25)12-16/h2,4-5,12-15H,1,3,6-11H2,(H,30,32)(H,27,28,29)",Phase 3
cangrelor,purinergic receptor antagonist,,cardiology,myocardial infarction,Adooq,94.41,CSCCNc1nc(SCCC(F)(F)F)nc2n(cnc12)[C@@H]1O[C@H](COP(O)(=O)OP(O)(=O)C(Cl)(Cl)P(O)(O)=O)[C@@H](O)[C@H]1O,PAEBIVWUMLRPSK-IDTAVKCVSA-N,Launched
canrenone,mineralocorticoid receptor antagonist,NR3C2,,,Tocris,100,"C[C@]12CC[C@H]3[C@@H](C=CC4=CC(=O)CC[C@]34C)[C@@H]1CC[C@@]21CCC(=O)O1 |c:6,t:8|",UJVLDDZCTMKXJK-WNHSNXHDSA-N,Withdrawn
cantharidin,protein phosphatase inhibitor,,dermatology,blisters,"MedChemEx, MedChemEx, Sigma, Tocris",47.3,"C[C@]12[C@@H]3CC[C@@H](O3)[C@@]1(C)C(=O)OC2=O, C[C@]12[C@@H]3CC[C@@H](O3)[C@@]1(C)C(=O)OC2=O, C[C@]12[C@@H]3CC[C@@H](O3)[C@@]1(C)C(=O)OC2=O, C[C@]12[C@@H]3CC[C@@H](O3)[C@@]1(C)C(=O)OC2=O","DHZBEENLJMYSHQ-XCVPVQRUSA-N, DHZBEENLJMYSHQ-XCVPVQRUSA-N, DHZBEENLJMYSHQ-XCVPVQRUSA-N, DHZBEENLJMYSHQ-XCVPVQRUSA-N",Launched
capadenoson,adenosine receptor agonist,ADORA1,,,"MedChemEx, MedChemEx, MedChemEx",99.55,"Nc1nc(SCc2csc(n2)-c2ccc(Cl)cc2)c(C#N)c(-c2ccc(OCCO)cc2)c1C#N, Nc1nc(SCc2csc(n2)-c2ccc(Cl)cc2)c(C#N)c(-c2ccc(OCCO)cc2)c1C#N, Nc1nc(SCc2csc(n2)-c2ccc(Cl)cc2)c(C#N)c(-c2ccc(OCCO)cc2)c1C#N","CITWCLNVRIKQAF-UHFFFAOYSA-N, CITWCLNVRIKQAF-UHFFFAOYSA-N, CITWCLNVRIKQAF-UHFFFAOYSA-N",Phase 2
capecitabine,"DNA synthesis inhibitor, thymidylate synthase inhibitor",TYMS,oncology,"breast cancer, colorectal cancer","Tocris, MicroSource, MicroSource, MicroSource, Selleck, Selleck, Selleck",97.88,"CCCCCOC(=O)Nc1nc(=O)n(cc1F)[C@@H]1O[C@H](C)[C@@H](O)[C@H]1O, CCCCCOC(=O)Nc1nc(=O)n(cc1F)[C@@H]1O[C@H](C)[C@@H](O)[C@H]1O, CCCCCOC(=O)Nc1nc(=O)n(cc1F)[C@@H]1O[C@H](C)[C@@H](O)[C@H]1O, CCCCCOC(=O)Nc1nc(=O)n(cc1F)[C@@H]1O[C@H](C)[C@@H](O)[C@H]1O, CCCCCOC(=O)Nc1nc(=O)n(cc1F)[C@@H]1O[C@H](C)[C@@H](O)[C@H]1O, CCCCCOC(=O)Nc1nc(=O)n(cc1F)[C@@H]1O[C@H](C)[C@@H](O)[C@H]1O, CCCCCOC(=O)Nc1nc(=O)n(cc1F)[C@@H]1O[C@H](C)[C@@H](O)[C@H]1O","GAGWJHPBXLXJQN-UORFTKCHSA-N, GAGWJHPBXLXJQN-UORFTKCHSA-N, GAGWJHPBXLXJQN-UORFTKCHSA-N, GAGWJHPBXLXJQN-UORFTKCHSA-N, GAGWJHPBXLXJQN-UORFTKCHSA-N, GAGWJHPBXLXJQN-UORFTKCHSA-N, GAGWJHPBXLXJQN-UORFTKCHSA-N",Launched
capobenic-acid,,,,,MicroSource,52.98,COc1cc(cc(OC)c1OC)C(=O)NCCCCCC(O)=O,MPTXLVRHYGBOQY-UHFFFAOYSA-N,Preclinical
capreomycin,protein synthesis inhibitor,,infectious disease,tuberculosis,MedChemEx,0,C[C@@H]1NC(=O)[C@@H](N)CNC(=O)[C@@H](NC(=O)\C(NC(=O)[C@H](CNC(=O)C[C@@H](N)CCCN)NC1=O)=C/NC(N)=O)[C@H]1CCN=C(N)N1 |t:43|,FRXNXDHFQYZYNA-GJTMSUEESA-N,Launched
capromorelin,growth hormone secretagogue receptor agonist,,,,MedChemEx,89.29,CN1N=C2CCN(C[C@@]2(Cc2ccccc2)C1=O)C(=O)[C@@H](COCc1ccccc1)NC(=O)C(C)(C)N |t:2|,KVLLHLWBPNCVNR-SKCUWOTOSA-N,Preclinical
caprylic-acid,,,,,"Enamine, Enamine",8.98,"CCCCCCCC(O)=O, CCCCCCCC(O)=O","WWZKQHOCKIZLMA-UHFFFAOYSA-N, WWZKQHOCKIZLMA-UHFFFAOYSA-N",Launched
capsaicin,TRPV agonist,"CFTR, TRPV1","neurology/psychiatry, rheumatology","muscle pain, rheumatoid arthritis","MicroSource, Tocris",95.04,"COc1cc(CNC(=O)CCCC\C=C\C(C)C)ccc1O, COc1cc(CNC(=O)CCCC\C=C\C(C)C)ccc1O","YKPUWZUDDOIDPM-SOFGYWHQSA-N, YKPUWZUDDOIDPM-SOFGYWHQSA-N",Launched
capsazepine,TRPV agonist,"TRPV1, TRPV4",,,"Tocris, Tocris, Tocris, Tocris",98,"Oc1cc2CCCN(Cc2cc1O)C(=S)NCCc1ccc(Cl)cc1, Oc1cc2CCCN(Cc2cc1O)C(=S)NCCc1ccc(Cl)cc1, Oc1cc2CCCN(Cc2cc1O)C(=S)NCCc1ccc(Cl)cc1, Oc1cc2CCCN(Cc2cc1O)C(=S)NCCc1ccc(Cl)cc1","DRCMAZOSEIMCHM-UHFFFAOYSA-N, DRCMAZOSEIMCHM-UHFFFAOYSA-N, DRCMAZOSEIMCHM-UHFFFAOYSA-N, DRCMAZOSEIMCHM-UHFFFAOYSA-N",Preclinical
captamine,,,,,"MicroSource, SantaCruz",62.6,"CN(C)CCS, CN(C)CCS","DENMGZODXQRYAR-UHFFFAOYSA-N, DENMGZODXQRYAR-UHFFFAOYSA-N",Preclinical
captan,,,,,AKSci,0,"ClC(Cl)(Cl)SN1C(=O)[C@H]2CC=CC[C@@H]2C1=O |r,c:10|",LDVVMCZRFWMZSG-WDSKDSINSA-N,Phase 1
captopril,angiotensin converting enzyme inhibitor,"ACE, LTA4H, MMP2, MMP9","cardiology, endocrinology, nephrology","hypertension, congestive heart failure, myocardial infarction, diabetes mellitus, diabetic nephropathy","MicroSource, Selleck, Selleck, Selleck, Selleck",100,"C[C@H](CS)C(=O)N1CCC[C@H]1C(O)=O, C[C@H](CS)C(=O)N1CCC[C@H]1C(O)=O, C[C@H](CS)C(=O)N1CCC[C@H]1C(O)=O, C[C@H](CS)C(=O)N1CCC[C@H]1C(O)=O, C[C@H](CS)C(=O)N1CCC[C@H]1C(O)=O","FAKRSMQSSFJEIM-RQJHMYQMSA-N, FAKRSMQSSFJEIM-RQJHMYQMSA-N, FAKRSMQSSFJEIM-RQJHMYQMSA-N, FAKRSMQSSFJEIM-RQJHMYQMSA-N, FAKRSMQSSFJEIM-RQJHMYQMSA-N",Launched
caracemide,ribonucleotide reductase inhibitor,RRM1,,,"Enamine, Enamine",41.64,"CNC(=O)ON(C(C)=O)C(=O)NC, CNC(=O)ON(C(C)=O)C(=O)NC","JURAJLFHWXNPHG-UHFFFAOYSA-N, JURAJLFHWXNPHG-UHFFFAOYSA-N",Phase 2
caramiphen,cholinergic receptor antagonist,"CHRM1, CHRM2",neurology/psychiatry,Parkinson's Disease,"ChemDiv, ChemDiv",87.71,"CCN(CC)CCOC(=O)C1(CCCC1)c1ccccc1, CCN(CC)CCOC(=O)C1(CCCC1)c1ccccc1","OFAIGZWCDGNZGT-UHFFFAOYSA-N, OFAIGZWCDGNZGT-UHFFFAOYSA-N",Launched
carazolol,adrenergic receptor antagonist,"ADRB1, ADRB2, ADRB3",cardiology,"angina pectoris, cardiac arrythmia, hypertension, myocardial infarction","Cayman, Cayman",95.74,"CC(C)NC[C@@H](O)COc1cccc2[nH]c3ccccc3c12 |&1:5,r|, CC(C)NC[C@@H](O)COc1cccc2[nH]c3ccccc3c12 |&1:5,r|","BQXQGZPYHWWCEB-CYBMUJFWSA-N, BQXQGZPYHWWCEB-CYBMUJFWSA-N",Launched
carbachol,cholinergic receptor agonist,"CHRM1, CHRM2, CHRM3, CHRM4, CHRM5, CHRNA2",ophthalmology,intraocular pressure,"MicroSource, MedChemEx, Selleck",100,"C[N+](C)(C)CCOC(N)=O, C[N+](C)(C)CCOC(N)=O, C[N+](C)(C)CCOC(N)=O","VPJXQGSRWJZDOB-UHFFFAOYSA-O, VPJXQGSRWJZDOB-UHFFFAOYSA-O, VPJXQGSRWJZDOB-UHFFFAOYSA-O",Launched
carbadox,other antibiotic,,"infectious disease, gastroenterology","dysentry, enteritis","MicroSource, MedChemEx, MedChemEx, Selleck, Selleck, Selleck",99.18,"COC(=O)N\N=C\c1c[n+]([O-])c2ccccc2[n+]1[O-], COC(=O)N\N=C\c1c[n+]([O-])c2ccccc2[n+]1[O-], COC(=O)N\N=C\c1c[n+]([O-])c2ccccc2[n+]1[O-], COC(=O)N\N=C\c1c[n+]([O-])c2ccccc2[n+]1[O-], COC(=O)N\N=C\c1c[n+]([O-])c2ccccc2[n+]1[O-], COC(=O)N\N=C\c1c[n+]([O-])c2ccccc2[n+]1[O-]","OVGGLBAWFMIPPY-WUXMJOGZSA-N, OVGGLBAWFMIPPY-WUXMJOGZSA-N, OVGGLBAWFMIPPY-WUXMJOGZSA-N, OVGGLBAWFMIPPY-WUXMJOGZSA-N, OVGGLBAWFMIPPY-WUXMJOGZSA-N, OVGGLBAWFMIPPY-WUXMJOGZSA-N",Launched
carbamazepine,carboxamide antiepileptic,"SCN10A, SCN11A, SCN1A, SCN2A, SCN3A, SCN4A, SCN5A, SCN7A, SCN8A, SCN9A",neurology/psychiatry,seizures,"Tocris, Tocris, MicroSource, Selleck",99.2,"NC(=O)N1c2ccccc2C=Cc2ccccc12 |c:11|, NC(=O)N1c2ccccc2C=Cc2ccccc12 |c:11|, NC(=O)N1c2ccccc2C=Cc2ccccc12 |c:11|, NC(=O)N1c2ccccc2C=Cc2ccccc12 |c:11|","FFGPTBGBLSHEPO-UHFFFAOYSA-N, FFGPTBGBLSHEPO-UHFFFAOYSA-N, FFGPTBGBLSHEPO-UHFFFAOYSA-N, FFGPTBGBLSHEPO-UHFFFAOYSA-N",Launched
carbaril,acetylcholinesterase inhibitor,,,,"MicroSource, Sigma",94.61,"CNC(=O)Oc1cccc2ccccc12, CNC(=O)Oc1cccc2ccccc12","CVXBEEMKQHEXEN-UHFFFAOYSA-N, CVXBEEMKQHEXEN-UHFFFAOYSA-N",Launched
carbarsone,antiprotozoal agent,,infectious disease,amebiasis,"MicroSource, FrontierSci",100,"NC(=O)Nc1ccc(cc1)[As](O)(O)=O, NC(=O)Nc1ccc(cc1)[As](O)(O)=O","WWXBHTZSYYGCSG-UHFFFAOYSA-N, WWXBHTZSYYGCSG-UHFFFAOYSA-N",Launched
carbazochrome,,,hematology,hemorrhage,"Selleck, MedChemEx, MedChemEx",97.8,"CN1[C@@H](CC2=C\C(=N\NC(N)=O)C(=O)C=C12)S(O)(=O)=O |&1:2,t:4,14|, CN1[C@@H](CC2=C\C(=N\NC(N)=O)C(=O)C=C12)S(O)(=O)=O |&1:2,t:4,14|, CN1[C@@H](CC2=C\C(=N\NC(N)=O)C(=O)C=C12)S(O)(=O)=O |&1:2,t:4,14|","OZCACMPSTYQSMM-DKBJHAQFSA-N, OZCACMPSTYQSMM-DKBJHAQFSA-N, OZCACMPSTYQSMM-DKBJHAQFSA-N",Launched
carbendazim,"microtubule inhibitor, tubulin polymerization inhibitor","TP53, TUBB",infectious disease,fungicide,"Sigma, Sigma",98.32,"COC(=O)Nc1nc2ccccc2[nH]1, COC(=O)Nc1nc2ccccc2[nH]1","TWFZGCMQGLPBSX-UHFFFAOYSA-N, TWFZGCMQGLPBSX-UHFFFAOYSA-N",Launched
carbenicillin,bacterial cell wall synthesis inhibitor,,infectious disease,gram-negative bacterial infections,"MedChemEx, MicroSource, MedChemEx, Selleck, Selleck",0,"CC1(C)S[C@@H]2[C@H](NC(=O)[C@@H](C(O)=O)c3ccccc3)C(=O)N2[C@H]1C(O)=O |a:4,5,22,&1:9|, CC1(C)S[C@@H]2[C@H](NC(=O)[C@@H](C(O)=O)c3ccccc3)C(=O)N2[C@H]1C(O)=O |a:4,5,22,&1:9|, CC1(C)S[C@@H]2[C@H](NC(=O)[C@@H](C(O)=O)c3ccccc3)C(=O)N2[C@H]1C(O)=O |a:4,5,22,&1:9|, CC1(C)S[C@@H]2[C@H](NC(=O)[C@@H](C(O)=O)c3ccccc3)C(=O)N2[C@H]1C(O)=O |a:4,5,22,&1:9|, CC1(C)S[C@@H]2[C@H](NC(=O)[C@@H](C(O)=O)c3ccccc3)C(=O)N2[C@H]1C(O)=O |a:4,5,22,&1:9|","FPPNZSSZRUTDAP-BBGACYKPSA-N, FPPNZSSZRUTDAP-BBGACYKPSA-N, FPPNZSSZRUTDAP-BBGACYKPSA-N, FPPNZSSZRUTDAP-BBGACYKPSA-N, FPPNZSSZRUTDAP-BBGACYKPSA-N",Launched
carbenoxolone,11-beta hydroxysteroid dehydrogenase inhibitor,"GJA1, GJA10, GJA3, GJA4, GJA5, GJA8, GJA9, GJB1, GJB2, GJB3, GJB4, GJB5, GJB6, GJB7, GJC1, GJC2, GJC3, GJD2, GJD3, GJD4, GJE1, HSD11B1, PANX1, PANX2, PANX3","gastroenterology, dental","peptic ulcer disease (PUD), mouth inflammation",Tocris,95,CC1(C)[C@H](CC[C@@]2(C)[C@H]1CC[C@]1(C)[C@@H]2C(=O)C=C2[C@@H]3C[C@](C)(CC[C@]3(C)CC[C@@]12C)C(O)=O)OC(=O)CCC(O)=O |t:18|,OBZHEBDUNPOCJG-WBXJDKIVSA-N,Launched
carbetapentane,acetylcholine receptor antagonist,CHRM2,"otolaryngology, pulmonary","common cold, nasal congestion, bronchitis","MicroSource, Tocris",93.21,"CCN(CC)CCOCCOC(=O)C1(CCCC1)c1ccccc1, CCN(CC)CCOCCOC(=O)C1(CCCC1)c1ccccc1","CFJMRBQWBDQYMK-UHFFFAOYSA-N, CFJMRBQWBDQYMK-UHFFFAOYSA-N",Launched
carbetocin,oxytocin receptor agonist,OXTR,hematology,hemorrhage,MedChemEx,93.12,CC[C@H](C)[C@@H]1NC(=O)[C@H](Cc2ccc(OC)cc2)NC(=O)CCCSC[C@H](NC(=O)[C@H](CC(N)=O)NC(=O)[C@H](CCC(N)=O)NC1=O)C(=O)N1CCC[C@H]1C(=O)N[C@@H](CC(C)C)C(=O)NCC(N)=O,NSTRIRCPWQHTIA-CPWZVOFUSA-N,Launched
carbidopa,aromatic L-amino acid decarboxylase inhibitor,DDC,neurology/psychiatry,Parkinson's Disease,"MicroSource, Selleck, Selleck, MedChemEx, Tocris",0,"C[C@@](Cc1ccc(O)c(O)c1)(NN)C(O)=O, C[C@@](Cc1ccc(O)c(O)c1)(NN)C(O)=O, C[C@@](Cc1ccc(O)c(O)c1)(NN)C(O)=O, C[C@@](Cc1ccc(O)c(O)c1)(NN)C(O)=O, C[C@@](Cc1ccc(O)c(O)c1)(NN)C(O)=O","TZFNLOMSOLWIDK-JTQLQIEISA-N, TZFNLOMSOLWIDK-JTQLQIEISA-N, TZFNLOMSOLWIDK-JTQLQIEISA-N, TZFNLOMSOLWIDK-JTQLQIEISA-N, TZFNLOMSOLWIDK-JTQLQIEISA-N",Launched
carbimazole,antithyroid agent,TPO,endocrinology,hyperthyroidism,"MedChemEx, Selleck, MicroSource, Selleck",94.34,"CCOC(=O)n1ccn(C)c1=S, CCOC(=O)n1ccn(C)c1=S, CCOC(=O)n1ccn(C)c1=S, CCOC(=O)n1ccn(C)c1=S","CFOYWRHIYXMDOT-UHFFFAOYSA-N, CFOYWRHIYXMDOT-UHFFFAOYSA-N, CFOYWRHIYXMDOT-UHFFFAOYSA-N, CFOYWRHIYXMDOT-UHFFFAOYSA-N",Launched
carbinoxamine,histamine receptor antagonist,HRH1,"allergy, ophthalmology, otolaryngology, dermatology","allergic rhinitis, conjunctivitis, vasomotor rhinitis, dermatographism",MedChemEx,94.11,CN(C)CCO[C@@H](c1ccc(Cl)cc1)c1ccccn1 |&1:6|,OJFSXZCBGQGRNV-INIZCTEOSA-N,Launched
carboplatin,"DNA alkylating agent, DNA inhibitor",,oncology,ovarian cancer,"MicroSource, Selleck, Tocris, Tocris, Tocris, Tocris, Selleck",71.13,"N[Pt]1(N)OC(=O)C2(CCC2)C(=O)O1, N[Pt]1(N)OC(=O)C2(CCC2)C(=O)O1, N[Pt]1(N)OC(=O)C2(CCC2)C(=O)O1, N[Pt]1(N)OC(=O)C2(CCC2)C(=O)O1, N[Pt]1(N)OC(=O)C2(CCC2)C(=O)O1, N[Pt]1(N)OC(=O)C2(CCC2)C(=O)O1, N[Pt]1(N)OC(=O)C2(CCC2)C(=O)O1","YAYRGNWWLMLWJE-UHFFFAOYSA-L, YAYRGNWWLMLWJE-UHFFFAOYSA-L, YAYRGNWWLMLWJE-UHFFFAOYSA-L, YAYRGNWWLMLWJE-UHFFFAOYSA-L, YAYRGNWWLMLWJE-UHFFFAOYSA-L, YAYRGNWWLMLWJE-UHFFFAOYSA-L, YAYRGNWWLMLWJE-UHFFFAOYSA-L",Launched
carboxyamidotriazole,calcium channel blocker,CXCL8,,,"Sigma, Sigma, Sigma, Tocris",99.81,"NC(=O)c1nnn(Cc2cc(Cl)c(C(=O)c3ccc(Cl)cc3)c(Cl)c2)c1N, NC(=O)c1nnn(Cc2cc(Cl)c(C(=O)c3ccc(Cl)cc3)c(Cl)c2)c1N, NC(=O)c1nnn(Cc2cc(Cl)c(C(=O)c3ccc(Cl)cc3)c(Cl)c2)c1N, NC(=O)c1nnn(Cc2cc(Cl)c(C(=O)c3ccc(Cl)cc3)c(Cl)c2)c1N","WNRZHQBJSXRYJK-UHFFFAOYSA-N, WNRZHQBJSXRYJK-UHFFFAOYSA-N, WNRZHQBJSXRYJK-UHFFFAOYSA-N, WNRZHQBJSXRYJK-UHFFFAOYSA-N",Phase 3
carboxylosartan,angiotensin antagonist,AGTR1,,,Cayman,98.87,CCCCc1nc(Cl)c(C(O)=O)n1Cc1ccc(cc1)-c1ccccc1-c1nn[nH]n1,ZEUXAIYYDDCIRX-UHFFFAOYSA-N,Phase 1
carboxypyridine-disulfide,,,,,"Sigma, Sigma, Sigma",98.3,"OC(=O)c1ccc(SSc2ccc(cn2)C(O)=O)nc1, OC(=O)c1ccc(SSc2ccc(cn2)C(O)=O)nc1, OC(=O)c1ccc(SSc2ccc(cn2)C(O)=O)nc1","GSASOFRDSIKDSN-UHFFFAOYSA-N, GSASOFRDSIKDSN-UHFFFAOYSA-N, GSASOFRDSIKDSN-UHFFFAOYSA-N",Phase 2
cardiogenol-C,cardiomyogenesis inducer,,,,"Tocris, Tocris, Tocris",95.96,"COc1ccc(Nc2nccc(NCCO)n2)cc1, COc1ccc(Nc2nccc(NCCO)n2)cc1, COc1ccc(Nc2nccc(NCCO)n2)cc1","LKBSMPFEKIBRGC-UHFFFAOYSA-N, LKBSMPFEKIBRGC-UHFFFAOYSA-N, LKBSMPFEKIBRGC-UHFFFAOYSA-N",Preclinical
cardionogen-1,WNT signaling inhibitor,CTNNB1,,,"Tocris, Tocris",93.1,"C1CCC(CC1)c1nn2c(nnc2s1)-c1ccco1, C1CCC(CC1)c1nn2c(nnc2s1)-c1ccco1","SWTUPSNBTSPBIH-UHFFFAOYSA-N, SWTUPSNBTSPBIH-UHFFFAOYSA-N",Preclinical
carebastine,histamine receptor antagonist,HRH1,,,ChemImpex,98.51,CC(C)(C(O)=O)c1ccc(cc1)C(=O)CCCN1CCC(CC1)OC(c1ccccc1)c1ccccc1,XGHOVGYJHWQGCC-UHFFFAOYSA-N,Phase 1
carfilzomib,proteasome inhibitor,"PSMA1, PSMA2, PSMA3, PSMA4, PSMA5, PSMA6, PSMA7, PSMA8, PSMB1, PSMB10, PSMB11, PSMB2, PSMB3, PSMB4, PSMB5, PSMB6, PSMB7, PSMB8, PSMB9",hematologic malignancy,multiple myeloma,"MedChemEx, MedChemEx, Selleck, Selleck, Selleck, Selleck, Selleck, Selleck",98.07,"CC(C)C[C@H](NC(=O)[C@H](CCc1ccccc1)NC(=O)CN1CCOCC1)C(=O)N[C@@H](Cc1ccccc1)C(=O)N[C@@H](CC(C)C)C(=O)[C@@]1(C)CO1, CC(C)C[C@H](NC(=O)[C@H](CCc1ccccc1)NC(=O)CN1CCOCC1)C(=O)N[C@@H](Cc1ccccc1)C(=O)N[C@@H](CC(C)C)C(=O)[C@@]1(C)CO1, CC(C)C[C@H](NC(=O)[C@H](CCc1ccccc1)NC(=O)CN1CCOCC1)C(=O)N[C@@H](Cc1ccccc1)C(=O)N[C@@H](CC(C)C)C(=O)[C@@]1(C)CO1, CC(C)C[C@H](NC(=O)[C@H](CCc1ccccc1)NC(=O)CN1CCOCC1)C(=O)N[C@@H](Cc1ccccc1)C(=O)N[C@@H](CC(C)C)C(=O)[C@@]1(C)CO1, CC(C)C[C@H](NC(=O)[C@H](CCc1ccccc1)NC(=O)CN1CCOCC1)C(=O)N[C@@H](Cc1ccccc1)C(=O)N[C@@H](CC(C)C)C(=O)[C@@]1(C)CO1, CC(C)C[C@H](NC(=O)[C@H](CCc1ccccc1)NC(=O)CN1CCOCC1)C(=O)N[C@@H](Cc1ccccc1)C(=O)N[C@@H](CC(C)C)C(=O)[C@@]1(C)CO1, CC(C)C[C@H](NC(=O)[C@H](CCc1ccccc1)NC(=O)CN1CCOCC1)C(=O)N[C@@H](Cc1ccccc1)C(=O)N[C@@H](CC(C)C)C(=O)[C@@]1(C)CO1, CC(C)C[C@H](NC(=O)[C@H](CCc1ccccc1)NC(=O)CN1CCOCC1)C(=O)N[C@@H](Cc1ccccc1)C(=O)N[C@@H](CC(C)C)C(=O)[C@@]1(C)CO1","BLMPQMFVWMYDKT-NZTKNTHTSA-N, BLMPQMFVWMYDKT-NZTKNTHTSA-N, BLMPQMFVWMYDKT-NZTKNTHTSA-N, BLMPQMFVWMYDKT-NZTKNTHTSA-N, BLMPQMFVWMYDKT-NZTKNTHTSA-N, BLMPQMFVWMYDKT-NZTKNTHTSA-N, BLMPQMFVWMYDKT-NZTKNTHTSA-N, BLMPQMFVWMYDKT-NZTKNTHTSA-N",Launched
carglumic-acid,carbamoyl phosphate synthase activator,CPS1,metabolism,hyperammonemia,"MedChemEx, MicroSource",100,"NC(=O)N[C@@H](CCC(O)=O)C(O)=O, NC(=O)N[C@@H](CCC(O)=O)C(O)=O","LCQLHJZYVOQKHU-VKHMYHEASA-N, LCQLHJZYVOQKHU-VKHMYHEASA-N",Launched
caricotamide,NADPH quinone oxidoreductase inhibitor,NQO2,,,Enamine,0,"NC(=O)CN1C=CCC(=C1)C(N)=O |c:5,8|",WEJRSYKFMCUCRQ-UHFFFAOYSA-N,Phase 2
cariporide,sodium/hydrogen exchanger inhibitor,SLC9A1,,,SantaCruz,97.4,CC(C)c1ccc(cc1S(C)(=O)=O)C(=O)N=C(N)N,IWXNYAIICFKCTM-UHFFFAOYSA-N,Phase 3
cariprazine,dopamine receptor antagonist,"DRD2, DRD3",neurology/psychiatry,schizophrenia,"MedChemEx, MedChemEx",98.9,"CN(C)C(=O)N[C@H]1CC[C@H](CCN2CCN(CC2)c2cccc(Cl)c2Cl)CC1 |r|, CN(C)C(=O)N[C@H]1CC[C@H](CCN2CCN(CC2)c2cccc(Cl)c2Cl)CC1 |r|","KPWSJANDNDDRMB-QAQDUYKDSA-N, KPWSJANDNDDRMB-QAQDUYKDSA-N",Launched
carmofur,thymidylate synthase inhibitor,TYMS,oncology,"breast cancer, colorectal cancer","MicroSource, Selleck, Selleck, Selleck",86.52,"CCCCCCNC(=O)n1cc(F)c(=O)[nH]c1=O, CCCCCCNC(=O)n1cc(F)c(=O)[nH]c1=O, CCCCCCNC(=O)n1cc(F)c(=O)[nH]c1=O, CCCCCCNC(=O)n1cc(F)c(=O)[nH]c1=O","AOCCBINRVIKJHY-UHFFFAOYSA-N, AOCCBINRVIKJHY-UHFFFAOYSA-N, AOCCBINRVIKJHY-UHFFFAOYSA-N, AOCCBINRVIKJHY-UHFFFAOYSA-N",Launched
carmoterol,adrenergic receptor agonist,ADRB2,,,BidePharm,24.66,COc1ccc(C[C@@H](C)NC[C@H](O)c2ccc(O)c3[nH]c(=O)ccc23)cc1,IHOXNOQMRZISPV-YJYMSZOUSA-N,Phase 2
carmoxirole,dopamine receptor agonist,DRD2,,,"Tocris, Tocris, Tocris",91.82,"OC(=O)c1ccc2[nH]cc(CCCCN3CCC(=CC3)c3ccccc3)c2c1 |c:17|, OC(=O)c1ccc2[nH]cc(CCCCN3CCC(=CC3)c3ccccc3)c2c1 |c:17|, OC(=O)c1ccc2[nH]cc(CCCCN3CCC(=CC3)c3ccccc3)c2c1 |c:17|","AFSOIHMEOKEZJF-UHFFFAOYSA-N, AFSOIHMEOKEZJF-UHFFFAOYSA-N, AFSOIHMEOKEZJF-UHFFFAOYSA-N",Phase 2
carmustine,"DNA alkylating agent, DNA inhibitor",GSR,"hematologic malignancy, oncology","non-Hodgkin lymphoma (NHL), Hodgkin's lymphoma, multiple myeloma, glioblastoma, brainstem glioma, medulloblastoma, astrocytoma, ependymoma","MicroSource, MicroSource",24.61,"[O-][NH2+]N(CCCl)C(=O)NCCCl, [O-][NH2+]N(CCCl)C(=O)NCCCl","IIJOAQBKDPUMEO-UHFFFAOYSA-N, IIJOAQBKDPUMEO-UHFFFAOYSA-N",Launched
carnitine-(D/L),,,,,"MicroSource, Selleck, Selleck, Selleck",100,"C[N+](C)(C)C[C@@H](O)CC(O)=O |&1:5|, C[N+](C)(C)C[C@@H](O)CC(O)=O |&1:5|, C[N+](C)(C)C[C@@H](O)CC(O)=O |&1:5|, C[N+](C)(C)C[C@@H](O)CC(O)=O |&1:5|","PHIQHXFUZVPYII-LURJTMIESA-O, PHIQHXFUZVPYII-LURJTMIESA-O, PHIQHXFUZVPYII-LURJTMIESA-O, PHIQHXFUZVPYII-LURJTMIESA-O",Phase 3
carnosine,antiglycating agent,,,,SantaCruz,0,"NCCC(=O)N[C@@H](Cc1cnc[nH]1)C(O)=O |&1:6,r|",CQOVPNPJLQNMDC-ZETCQYMHSA-N,Phase 2
caroverin,cytochrome P450 inhibitor,,,,"Sigma, AMS",92.73,"CCN(CC)CCn1c2ccccc2nc(Cc2ccc(OC)cc2)c1=O, CCN(CC)CCn1c2ccccc2nc(Cc2ccc(OC)cc2)c1=O","MSPRUJDUTKRMLM-UHFFFAOYSA-N, MSPRUJDUTKRMLM-UHFFFAOYSA-N",Phase 3
caroxazone,monoamine oxidase inhibitor,"MAOA, MAOB",,,"Enamine, Enamine, Enamine",97.63,"NC(=O)CN1Cc2ccccc2OC1=O, NC(=O)CN1Cc2ccccc2OC1=O, NC(=O)CN1Cc2ccccc2OC1=O","KYCBWEZLKCTALM-UHFFFAOYSA-N, KYCBWEZLKCTALM-UHFFFAOYSA-N, KYCBWEZLKCTALM-UHFFFAOYSA-N",Withdrawn
carprofen,cyclooxygenase inhibitor,PTGS2,rheumatology,osteoarthritis,"MicroSource, Selleck, MedChemEx",98.72,"C[C@@H](C(O)=O)c1ccc2c(c1)[nH]c1ccc(Cl)cc21 |&1:1,r|, C[C@@H](C(O)=O)c1ccc2c(c1)[nH]c1ccc(Cl)cc21 |&1:1,r|, C[C@@H](C(O)=O)c1ccc2c(c1)[nH]c1ccc(Cl)cc21 |&1:1,r|","PUXBGTOOZJQSKH-MRVPVSSYSA-N, PUXBGTOOZJQSKH-MRVPVSSYSA-N, PUXBGTOOZJQSKH-MRVPVSSYSA-N",Launched
carsalam,analgesic agent,,,,"MedChemEx, MicroSource",99.02,"O=c1[nH]c(=O)c2ccccc2o1, O=c1[nH]c(=O)c2ccccc2o1","OAYRYNVEFFWSHK-UHFFFAOYSA-N, OAYRYNVEFFWSHK-UHFFFAOYSA-N",Preclinical
carteolol,adrenergic receptor antagonist,"ADRB1, ADRB2, ADRB3",ophthalmology,"intraocular pressure, glaucoma, ocular hypertension",MedChemEx,98.62,CC(C)(C)NCC(O)COc1cccc2NC(=O)CCc12,LWAFSWPYPHEXKX-UHFFFAOYSA-N,Launched
carumonam,bacterial cell wall synthesis inhibitor,,infectious disease,"urinary tract infections, gram-negative bacterial infections",Sigma,97.4,NC(=O)OC[C@@H]1[C@H](NC(=O)C(=N/OCC(O)=O)\c2csc(N)n2)C(=O)N1S(O)(=O)=O,UIMOJFJSJSIGLV-JNHMLNOCSA-N,Launched
carvedilol,adrenergic receptor antagonist,"ADRB1, ADRB2, ADRB3",cardiology,"myocardial infarction, hypertension","Tocris, Tocris",98.37,"COc1ccccc1OCCNC[C@@H](O)COc1cccc2[nH]c3ccccc3c12 |&1:13|, COc1ccccc1OCCNC[C@@H](O)COc1cccc2[nH]c3ccccc3c12 |&1:13|","OGHNVEJMJSYVRP-QGZVFWFLSA-N, OGHNVEJMJSYVRP-QGZVFWFLSA-N",Launched
carzenide,,"CA1, CA12, CA14, CA2, CA6, CA9",,,MicroSource,92.92,NS(=O)(=O)c1ccc(cc1)C(O)=O,UCAGLBKTLXCODC-UHFFFAOYSA-N,Preclinical
casanthranol-variant,,,gastroenterology,constipation,"MicroSource, Selleck",0,"OC[C@H]1O[C@@H](Oc2c3cccc(O)c3c(O)c3c(O)cc(CO)cc23)[C@H](O)[C@H](O)[C@H]1O, OC[C@H]1O[C@@H](Oc2c3cccc(O)c3c(O)c3c(O)cc(CO)cc23)[C@H](O)[C@H](O)[C@H]1O","XMCJWIFCIIXRGI-BAEVKLAGSA-N, XMCJWIFCIIXRGI-BAEVKLAGSA-N",Launched
casin,GTPase inhibitor,CDC42,,,"Tocris, Tocris",89.58,"OCCN[C@H]1CCCc2c1[nH]c1ccc(cc21)-c1ccccc1 |&1:4,r|, OCCN[C@H]1CCCc2c1[nH]c1ccc(cc21)-c1ccccc1 |&1:4,r|","RXIUMAOXORBRCY-IBGZPJMESA-N, RXIUMAOXORBRCY-IBGZPJMESA-N",Preclinical
caspofungin,"bacterial cell wall synthesis inhibitor, fungal 1,3-beta-D-glucan synthase inhibitor",,infectious disease,"candidemia, esophageal candidiasis, aspergillosis, peritonitis, fungal infection",MedChemEx,100,[H][C@@]12C[C@@H](O)CN1C(=O)[C@@H](NC(=O)[C@H](C[C@@H](O)[C@@H](NCCN)NC(=O)[C@@H]1[C@@H](O)CCN1C(=O)[C@@H](NC(=O)[C@@H](NC2=O)[C@H](O)[C@@H](O)c1ccc(O)cc1)[C@H](O)CCN)NC(=O)CCCCCCCC[C@@H](C)C[C@@H](C)CC)[C@@H](C)O,JYIKNQVWKBUSNH-WVDDFWQHSA-N,Launched
castanospermine,glucosidase inhibitor,"GAA, GBA",,,"Tocris, Tocris",100,"O[C@H]1CCN2C[C@H](O)[C@@H](O)[C@H](O)[C@@H]12, O[C@H]1CCN2C[C@H](O)[C@@H](O)[C@H](O)[C@@H]12","JDVVGAQPNNXQDW-TVNFTVLESA-N, JDVVGAQPNNXQDW-TVNFTVLESA-N",Phase 2
catharanthine,tubulin polymerization inhibitor,,,,"MedChemEx, Selleck, Selleck",82.42,"CCC1=C[C@@H]2CN3CCc4c([nH]c5ccccc45)[C@@](C2)([C@@H]13)C(=O)OC |t:2|, CCC1=C[C@@H]2CN3CCc4c([nH]c5ccccc45)[C@@](C2)([C@@H]13)C(=O)OC |t:2|, CCC1=C[C@@H]2CN3CCc4c([nH]c5ccccc45)[C@@](C2)([C@@H]13)C(=O)OC |t:2|","CMKFQVZJOWHHDV-NQZBTDCJSA-N, CMKFQVZJOWHHDV-NQZBTDCJSA-N, CMKFQVZJOWHHDV-NQZBTDCJSA-N",Preclinical
cathepsin-inhibitor-1,cathepsin inhibitor,"CTSB, CTSL, CTSV",,,"Selleck, Selleck",98.4,"Cn1nc(cc1C(=O)N[C@@H](Cc1cccc(Cl)c1)C(=O)NCC#N)C(C)(C)C, Cn1nc(cc1C(=O)N[C@@H](Cc1cccc(Cl)c1)C(=O)NCC#N)C(C)(C)C","MZRVIHRERYCHBL-HNNXBMFYSA-N, MZRVIHRERYCHBL-HNNXBMFYSA-N",Preclinical
CAY10505,PI3K inhibitor,PIK3CG,,,"MedChemEx, MedChemEx, Selleck, Selleck",92.14,"Fc1ccc(cc1)-c1ccc(\C=C2\SC(=O)NC2=O)o1, Fc1ccc(cc1)-c1ccc(\C=C2\SC(=O)NC2=O)o1, Fc1ccc(cc1)-c1ccc(\C=C2\SC(=O)NC2=O)o1, Fc1ccc(cc1)-c1ccc(\C=C2\SC(=O)NC2=O)o1","UFBTYTGRUBUUIL-KPKJPENVSA-N, UFBTYTGRUBUUIL-KPKJPENVSA-N, UFBTYTGRUBUUIL-KPKJPENVSA-N, UFBTYTGRUBUUIL-KPKJPENVSA-N",Preclinical
CB-03-01,androgen receptor antagonist,AR,,,"MedChemEx, MedChemEx, MedChemEx, MedChemEx, MedChemEx",85.64,"CCC(=O)O[C@@]1(CC[C@H]2[C@@H]3CCC4=CC(=O)CC[C@]4(C)[C@H]3CC[C@]12C)C(=O)CO |t:12|, CCC(=O)O[C@@]1(CC[C@H]2[C@@H]3CCC4=CC(=O)CC[C@]4(C)[C@H]3CC[C@]12C)C(=O)CO |t:12|, CCC(=O)O[C@@]1(CC[C@H]2[C@@H]3CCC4=CC(=O)CC[C@]4(C)[C@H]3CC[C@]12C)C(=O)CO |t:12|, CCC(=O)O[C@@]1(CC[C@H]2[C@@H]3CCC4=CC(=O)CC[C@]4(C)[C@H]3CC[C@]12C)C(=O)CO |t:12|, CCC(=O)O[C@@]1(CC[C@H]2[C@@H]3CCC4=CC(=O)CC[C@]4(C)[C@H]3CC[C@]12C)C(=O)CO |t:12|","GPNHMOZDMYNCPO-PDUMRIMRSA-N, GPNHMOZDMYNCPO-PDUMRIMRSA-N, GPNHMOZDMYNCPO-PDUMRIMRSA-N, GPNHMOZDMYNCPO-PDUMRIMRSA-N, GPNHMOZDMYNCPO-PDUMRIMRSA-N",Phase 3
CB-10-277,DNA synthesis inhibitor,,,,"Labotest, Vitas-M, Vitas-M",99.53,"CN(C)\N=N\c1ccc(cc1)C(O)=O, CN(C)\N=N\c1ccc(cc1)C(O)=O, CN(C)\N=N\c1ccc(cc1)C(O)=O","GUAZPUYTLMUTMA-ZHACJKMWSA-N, GUAZPUYTLMUTMA-ZHACJKMWSA-N, GUAZPUYTLMUTMA-ZHACJKMWSA-N",Phase 1
CB-5083,valosin-containing protein inhibitor,VCP,,,"MedChemEx, ApexBio, ApexBio",96.62,"Cc1cc2c(cccc2n1-c1nc2CCOCc2c(NCc2ccccc2)n1)C(N)=O, Cc1cc2c(cccc2n1-c1nc2CCOCc2c(NCc2ccccc2)n1)C(N)=O, Cc1cc2c(cccc2n1-c1nc2CCOCc2c(NCc2ccccc2)n1)C(N)=O","RDALZZCKQFLGJP-UHFFFAOYSA-N, RDALZZCKQFLGJP-UHFFFAOYSA-N, RDALZZCKQFLGJP-UHFFFAOYSA-N",Phase 1
CB-839,glutaminase inhibitor,GLS,,,"Broad Institute, Broad Institute, Broad Institute, Broad Institute, MedChemEx",94.65,"FC(F)(F)Oc1cccc(CC(=O)Nc2ccc(CCCCc3nnc(NC(=O)Cc4ccccn4)s3)nn2)c1, FC(F)(F)Oc1cccc(CC(=O)Nc2ccc(CCCCc3nnc(NC(=O)Cc4ccccn4)s3)nn2)c1, FC(F)(F)Oc1cccc(CC(=O)Nc2ccc(CCCCc3nnc(NC(=O)Cc4ccccn4)s3)nn2)c1, FC(F)(F)Oc1cccc(CC(=O)Nc2ccc(CCCCc3nnc(NC(=O)Cc4ccccn4)s3)nn2)c1, FC(F)(F)Oc1cccc(CC(=O)Nc2ccc(CCCCc3nnc(NC(=O)Cc4ccccn4)s3)nn2)c1","PRAAPINBUWJLGA-UHFFFAOYSA-N, PRAAPINBUWJLGA-UHFFFAOYSA-N, PRAAPINBUWJLGA-UHFFFAOYSA-N, PRAAPINBUWJLGA-UHFFFAOYSA-N, PRAAPINBUWJLGA-UHFFFAOYSA-N",Phase 2
CBiPES,glutamate receptor positive allosteric modulator,GRM2,,,"Tocris, Tocris, Tocris",98.08,"CCS(=O)(=O)N(Cc1cccnc1)c1cccc(c1)-c1ccc(cc1)C#N, CCS(=O)(=O)N(Cc1cccnc1)c1cccc(c1)-c1ccc(cc1)C#N, CCS(=O)(=O)N(Cc1cccnc1)c1cccc(c1)-c1ccc(cc1)C#N","HDVYXILCBYGKGU-UHFFFAOYSA-N, HDVYXILCBYGKGU-UHFFFAOYSA-N, HDVYXILCBYGKGU-UHFFFAOYSA-N",Preclinical
cbl0137,histone chaperone inhibitor,,,,MedChemEx,94.17,CC(C)NCCn1c2ccc(cc2c2cc(ccc12)C(C)=O)C(C)=O,JKCSODVERGVDLT-UHFFFAOYSA-N,Phase 1
CBS-1114,lipoxygenase inhibitor,ALOX5,,,Vitas-M,50.58,NC(=NNc1ccccc1)c1ccccc1,ZOBKPJRHDMKXQG-UHFFFAOYSA-N,Phase 1
CC-115,"DNA protein kinase inhibitor, mTOR inhibitor",MTOR,,,"MedChemEx, MedChemEx, MedChemEx, MedChemEx",93.43,"CCN1C(=O)CN=C2NC=C(N=C12)c1ccc(nc1C)-c1nnc[nH]1 |c:9,t:6,11|, CCN1C(=O)CN=C2NC=C(N=C12)c1ccc(nc1C)-c1nnc[nH]1 |c:9,t:6,11|, CCN1C(=O)CN=C2NC=C(N=C12)c1ccc(nc1C)-c1nnc[nH]1 |c:9,t:6,11|, CCN1C(=O)CN=C2NC=C(N=C12)c1ccc(nc1C)-c1nnc[nH]1 |c:9,t:6,11|","GMYLVKUGJMYTFB-UHFFFAOYSA-N, GMYLVKUGJMYTFB-UHFFFAOYSA-N, GMYLVKUGJMYTFB-UHFFFAOYSA-N, GMYLVKUGJMYTFB-UHFFFAOYSA-N",Phase 2
CC-223,mTOR inhibitor,MTOR,,,"MedChemEx, MedChemEx",84.46,"CO[C@H]1CC[C@@H](CC1)N1C(=O)CNc2ncc(nc12)-c1ccc(nc1)C(C)(C)O |r|, CO[C@H]1CC[C@@H](CC1)N1C(=O)CNc2ncc(nc12)-c1ccc(nc1)C(C)(C)O |r|","UFKLYTOEMRFKAD-SHTZXODSSA-N, UFKLYTOEMRFKAD-SHTZXODSSA-N",Phase 2
CC-401,JNK inhibitor,MAPK8,,,Tocris,97.22,C(CN1CCCCC1)Oc1cccc(c1)-c1n[nH]c2ccc(cc12)-c1nnc[nH]1,XDJCLCLBSGGNKS-UHFFFAOYSA-N,Phase 1
CC-90003,MAP kinase inhibitor,,,,MedChemEx,98.09,COc1cc(Nc2ncc(c(Nc3ccc(C)cc3NC(=O)C=C)n2)C(F)(F)F)c(C)cn1,ILUKRINUNLAVMH-UHFFFAOYSA-N,Phase 1
CC-930,JNK inhibitor,,,,"MedChemEx, MedChemEx, MedChemEx, MedChemEx, MedChemEx",94.72,"O[C@H]1CC[C@@H](CC1)Nc1ncc2nc(Nc3c(F)cc(F)cc3F)n([C@H]3CCOC3)c2n1, O[C@H]1CC[C@@H](CC1)Nc1ncc2nc(Nc3c(F)cc(F)cc3F)n([C@H]3CCOC3)c2n1, O[C@H]1CC[C@@H](CC1)Nc1ncc2nc(Nc3c(F)cc(F)cc3F)n([C@H]3CCOC3)c2n1, O[C@H]1CC[C@@H](CC1)Nc1ncc2nc(Nc3c(F)cc(F)cc3F)n([C@H]3CCOC3)c2n1, O[C@H]1CC[C@@H](CC1)Nc1ncc2nc(Nc3c(F)cc(F)cc3F)n([C@H]3CCOC3)c2n1","IBGLGMOPHJQDJB-IHRRRGAJSA-N, IBGLGMOPHJQDJB-IHRRRGAJSA-N, IBGLGMOPHJQDJB-IHRRRGAJSA-N, IBGLGMOPHJQDJB-IHRRRGAJSA-N, IBGLGMOPHJQDJB-IHRRRGAJSA-N",Phase 2
CCG-1423,apoptosis stimulant,"RHOC, SRF",,,"Tocris, Tocris",94.04,"C[C@@H](ONC(=O)c1cc(cc(c1)C(F)(F)F)C(F)(F)F)C(=O)Nc1ccc(Cl)cc1 |&1:1,r|, C[C@@H](ONC(=O)c1cc(cc(c1)C(F)(F)F)C(F)(F)F)C(=O)Nc1ccc(Cl)cc1 |&1:1,r|","DSMXVSGJIDFLKP-SECBINFHSA-N, DSMXVSGJIDFLKP-SECBINFHSA-N",Preclinical
CCG-50014,G protein signaling inhibitor,"RGS4, RGS8",,,"Tocris, Tocris, Selleck, Selleck, Selleck, Selleck",97.23,"Cc1ccc(cc1)-n1sc(=O)n(Cc2ccc(F)cc2)c1=O, Cc1ccc(cc1)-n1sc(=O)n(Cc2ccc(F)cc2)c1=O, Cc1ccc(cc1)-n1sc(=O)n(Cc2ccc(F)cc2)c1=O, Cc1ccc(cc1)-n1sc(=O)n(Cc2ccc(F)cc2)c1=O, Cc1ccc(cc1)-n1sc(=O)n(Cc2ccc(F)cc2)c1=O, Cc1ccc(cc1)-n1sc(=O)n(Cc2ccc(F)cc2)c1=O","QUIIIYITNGOFEI-UHFFFAOYSA-N, QUIIIYITNGOFEI-UHFFFAOYSA-N, QUIIIYITNGOFEI-UHFFFAOYSA-N, QUIIIYITNGOFEI-UHFFFAOYSA-N, QUIIIYITNGOFEI-UHFFFAOYSA-N, QUIIIYITNGOFEI-UHFFFAOYSA-N",Preclinical
CCG-63802,G protein signaling inhibitor,RGS4,,,"MedChemEx, MedChemEx",3.27,"Cc1cccc(Oc2nc3c(C)cccn3c(=O)c2\C=C(/C#N)c2nc3ccccc3s2)c1, Cc1cccc(Oc2nc3c(C)cccn3c(=O)c2\C=C(/C#N)c2nc3ccccc3s2)c1","VFSVKVQMZDJFQX-NBVRZTHBSA-N, VFSVKVQMZDJFQX-NBVRZTHBSA-N",Preclinical
CCG-63808,G protein signaling inhibitor,RGS4,,,"MedChemEx, MedChemEx",8.02,"Cc1cccn2c1nc(Oc1ccc(F)cc1)c(\C=C(/C#N)c1nc3ccccc3s1)c2=O, Cc1cccn2c1nc(Oc1ccc(F)cc1)c(\C=C(/C#N)c1nc3ccccc3s1)c2=O","IPZHFKHGSYRBNT-DTQAZKPQSA-N, IPZHFKHGSYRBNT-DTQAZKPQSA-N",Preclinical
CCMI,acetylcholine receptor allosteric modulator,CHRNA7,,,"Tocris, Tocris, Tocris, Tocris, Tocris",93.64,"Cc1cc(on1)C(=CNc1ccc(Cl)cc1)C(=O)Nc1ccc(Cl)cc1, Cc1cc(on1)C(=CNc1ccc(Cl)cc1)C(=O)Nc1ccc(Cl)cc1, Cc1cc(on1)C(=CNc1ccc(Cl)cc1)C(=O)Nc1ccc(Cl)cc1, Cc1cc(on1)C(=CNc1ccc(Cl)cc1)C(=O)Nc1ccc(Cl)cc1, Cc1cc(on1)C(=CNc1ccc(Cl)cc1)C(=O)Nc1ccc(Cl)cc1","VMAKIACTLSBBIY-UHFFFAOYSA-N, VMAKIACTLSBBIY-UHFFFAOYSA-N, VMAKIACTLSBBIY-UHFFFAOYSA-N, VMAKIACTLSBBIY-UHFFFAOYSA-N, VMAKIACTLSBBIY-UHFFFAOYSA-N",Preclinical
CCMQ,homoquinolinic acid binding inhibitor,,,,"Tocris, Tocris",97.59,"OC(=O)Cc1cc2ccccc2nc1C(O)=O, OC(=O)Cc1cc2ccccc2nc1C(O)=O","IFXJDEHFADWURH-UHFFFAOYSA-N, IFXJDEHFADWURH-UHFFFAOYSA-N",Preclinical
CCT-031374,WNT signaling inhibitor,CTNNB1,,,"Tocris, Tocris",97.42,"O=C(CN1C2=NCCN2c2ccccc12)c1ccc(cc1)-c1ccccc1 |t:4|, O=C(CN1C2=NCCN2c2ccccc12)c1ccc(cc1)-c1ccccc1 |t:4|","JPCYSKNELCOPKJ-UHFFFAOYSA-N, JPCYSKNELCOPKJ-UHFFFAOYSA-N",Preclinical
CCT018159,HSP inhibitor,"HSP90AA1, HSP90AB1",,,"Tocris, Tocris, Tocris",97.39,"CCc1cc(-c2n[nH]c(C)c2-c2ccc3OCCOc3c2)c(O)cc1O, CCc1cc(-c2n[nH]c(C)c2-c2ccc3OCCOc3c2)c(O)cc1O, CCc1cc(-c2n[nH]c(C)c2-c2ccc3OCCOc3c2)c(O)cc1O","OWPMENVYXDJDOW-UHFFFAOYSA-N, OWPMENVYXDJDOW-UHFFFAOYSA-N, OWPMENVYXDJDOW-UHFFFAOYSA-N",Preclinical
CCT128930,AKT inhibitor,,,,"Selleck, Selleck, Selleck, Selleck, MedChemEx",96.82,"NC1(Cc2ccc(Cl)cc2)CCN(CC1)c1ncnc2[nH]ccc12, NC1(Cc2ccc(Cl)cc2)CCN(CC1)c1ncnc2[nH]ccc12, NC1(Cc2ccc(Cl)cc2)CCN(CC1)c1ncnc2[nH]ccc12, NC1(Cc2ccc(Cl)cc2)CCN(CC1)c1ncnc2[nH]ccc12, NC1(Cc2ccc(Cl)cc2)CCN(CC1)c1ncnc2[nH]ccc12","RZIDZIGAXXNODG-UHFFFAOYSA-N, RZIDZIGAXXNODG-UHFFFAOYSA-N, RZIDZIGAXXNODG-UHFFFAOYSA-N, RZIDZIGAXXNODG-UHFFFAOYSA-N, RZIDZIGAXXNODG-UHFFFAOYSA-N",Preclinical
CCT129202,Aurora kinase inhibitor,"AURKA, AURKB, AURKC",,,"Selleck, Selleck, MedChemEx",92.03,"CN(C)c1ccc(cc1)-c1nc2ncc(Cl)c(N3CCN(CC(=O)Nc4nccs4)CC3)c2[nH]1, CN(C)c1ccc(cc1)-c1nc2ncc(Cl)c(N3CCN(CC(=O)Nc4nccs4)CC3)c2[nH]1, CN(C)c1ccc(cc1)-c1nc2ncc(Cl)c(N3CCN(CC(=O)Nc4nccs4)CC3)c2[nH]1","QYKHWEFPFAGNEV-UHFFFAOYSA-N, QYKHWEFPFAGNEV-UHFFFAOYSA-N, QYKHWEFPFAGNEV-UHFFFAOYSA-N",Preclinical
CCT137690,Aurora kinase inhibitor,"AURKA, AURKB, AURKC",,,"Selleck, Selleck, Tocris, Tocris",97.74,"CN1CCN(CC1)c1ccc(cc1)-c1nc2ncc(Br)c(N3CCN(Cc4cc(C)on4)CC3)c2[nH]1, CN1CCN(CC1)c1ccc(cc1)-c1nc2ncc(Br)c(N3CCN(Cc4cc(C)on4)CC3)c2[nH]1, CN1CCN(CC1)c1ccc(cc1)-c1nc2ncc(Br)c(N3CCN(Cc4cc(C)on4)CC3)c2[nH]1, CN1CCN(CC1)c1ccc(cc1)-c1nc2ncc(Br)c(N3CCN(Cc4cc(C)on4)CC3)c2[nH]1","GFLQCBTXTRCREJ-UHFFFAOYSA-N, GFLQCBTXTRCREJ-UHFFFAOYSA-N, GFLQCBTXTRCREJ-UHFFFAOYSA-N, GFLQCBTXTRCREJ-UHFFFAOYSA-N",Preclinical
CCT196969,RAF inhibitor,,,,"MedChemEx, MedChemEx",90.52,"CC(C)(C)c1cc(NC(=O)Nc2ccc(Oc3ccnc4nc(O)cnc34)cc2F)n(n1)-c1ccccc1, CC(C)(C)c1cc(NC(=O)Nc2ccc(Oc3ccnc4nc(O)cnc34)cc2F)n(n1)-c1ccccc1","KYYKGSDLXXKQCR-UHFFFAOYSA-N, KYYKGSDLXXKQCR-UHFFFAOYSA-N",Preclinical
CCT245737,kinase inhibitor,,,,MedChemEx,89.88,FC(F)(F)c1cnc(Nc2cnc(cn2)C#N)cc1NC[C@H]1CNCCO1,YBYYWUUUGCNAHQ-LLVKDONJSA-N,Preclinical
CC4,nicotinic receptor agonist,CHRNB2,,,"Tocris, Tocris",89.23,"O=c1cccc2[C@@H]3C[C@@H](CN(CCN4C[C@@H]5C[C@H](C4)c4cccc(=O)n4C5)C3)Cn12, O=c1cccc2[C@@H]3C[C@@H](CN(CCN4C[C@@H]5C[C@H](C4)c4cccc(=O)n4C5)C3)Cn12","LEXDAVFCJPDCNA-VNTMZGSJSA-N, LEXDAVFCJPDCNA-VNTMZGSJSA-N",Preclinical
CD-1530,retinoid receptor agonist,RARG,,,"Tocris, Tocris, Tocris, Tocris, Tocris, Tocris",93.52,"OC(=O)c1ccc(cc1)-c1ccc2cc(O)c(cc2c1)C12CC3CC(CC(C3)C1)C2, OC(=O)c1ccc(cc1)-c1ccc2cc(O)c(cc2c1)C12CC3CC(CC(C3)C1)C2, OC(=O)c1ccc(cc1)-c1ccc2cc(O)c(cc2c1)C12CC3CC(CC(C3)C1)C2, OC(=O)c1ccc(cc1)-c1ccc2cc(O)c(cc2c1)C12CC3CC(CC(C3)C1)C2, OC(=O)c1ccc(cc1)-c1ccc2cc(O)c(cc2c1)C12CC3CC(CC(C3)C1)C2, OC(=O)c1ccc(cc1)-c1ccc2cc(O)c(cc2c1)C12CC3CC(CC(C3)C1)C2","VCQGNUWOMLYNNG-UHFFFAOYSA-N, VCQGNUWOMLYNNG-UHFFFAOYSA-N, VCQGNUWOMLYNNG-UHFFFAOYSA-N, VCQGNUWOMLYNNG-UHFFFAOYSA-N, VCQGNUWOMLYNNG-UHFFFAOYSA-N, VCQGNUWOMLYNNG-UHFFFAOYSA-N",Preclinical
CD-437,retinoid receptor agonist,RARG,,,"Tocris, Tocris, Tocris, Tocris, Tocris, Tocris, Tocris",96.59,"OC(=O)c1ccc2cc(ccc2c1)-c1ccc(O)c(c1)C12CC3CC(CC(C3)C1)C2, OC(=O)c1ccc2cc(ccc2c1)-c1ccc(O)c(c1)C12CC3CC(CC(C3)C1)C2, OC(=O)c1ccc2cc(ccc2c1)-c1ccc(O)c(c1)C12CC3CC(CC(C3)C1)C2, OC(=O)c1ccc2cc(ccc2c1)-c1ccc(O)c(c1)C12CC3CC(CC(C3)C1)C2, OC(=O)c1ccc2cc(ccc2c1)-c1ccc(O)c(c1)C12CC3CC(CC(C3)C1)C2, OC(=O)c1ccc2cc(ccc2c1)-c1ccc(O)c(c1)C12CC3CC(CC(C3)C1)C2, OC(=O)c1ccc2cc(ccc2c1)-c1ccc(O)c(c1)C12CC3CC(CC(C3)C1)C2","LDGIHZJOIQSHPB-UHFFFAOYSA-N, LDGIHZJOIQSHPB-UHFFFAOYSA-N, LDGIHZJOIQSHPB-UHFFFAOYSA-N, LDGIHZJOIQSHPB-UHFFFAOYSA-N, LDGIHZJOIQSHPB-UHFFFAOYSA-N, LDGIHZJOIQSHPB-UHFFFAOYSA-N, LDGIHZJOIQSHPB-UHFFFAOYSA-N",Preclinical
CDBA,,,,,"EMDBio, EMDBio, EMDBio",97.04,"OC[C@H]1O[C@H]2O[C@H]3[C@@H](CO)O[C@@H](O[C@H]4[C@@H](CO)O[C@@H](O[C@H]5[C@@H](CO)O[C@@H](O[C@H]6[C@@H](CO)O[C@@H](O[C@H]7[C@@H](CO)O[C@@H](O[C@H]8[C@@H](CO)O[C@@H](O[C@@H]1[C@@H](O)[C@@H]2O)[C@@H](O)[C@@H]8O)[C@@H](O)[C@@H]7O)[C@@H](O)[C@@H]6O)[C@@H](O)[C@@H]5O)[C@@H](O)[C@@H]4O)[C@@H](O)[C@@H]3O |&1:2,&2:4,&3:6,&4:7,&5:11,&6:13,&7:14,&8:18,&9:20,&10:21,&11:25,&12:27,&13:28,&14:32,&15:34,&16:35,&17:39,&18:41,&19:42,&20:46,&21:48,&22:49,&23:51,&24:53,&25:55,&26:57,&27:59,&28:61,&29:63,&30:65,&31:67,&32:69,&33:71,&34:73,&35:75,r|, OC[C@H]1O[C@H]2O[C@H]3[C@@H](CO)O[C@@H](O[C@H]4[C@@H](CO)O[C@@H](O[C@H]5[C@@H](CO)O[C@@H](O[C@H]6[C@@H](CO)O[C@@H](O[C@H]7[C@@H](CO)O[C@@H](O[C@H]8[C@@H](CO)O[C@@H](O[C@@H]1[C@@H](O)[C@@H]2O)[C@@H](O)[C@@H]8O)[C@@H](O)[C@@H]7O)[C@@H](O)[C@@H]6O)[C@@H](O)[C@@H]5O)[C@@H](O)[C@@H]4O)[C@@H](O)[C@@H]3O |&1:2,&2:4,&3:6,&4:7,&5:11,&6:13,&7:14,&8:18,&9:20,&10:21,&11:25,&12:27,&13:28,&14:32,&15:34,&16:35,&17:39,&18:41,&19:42,&20:46,&21:48,&22:49,&23:51,&24:53,&25:55,&26:57,&27:59,&28:61,&29:63,&30:65,&31:67,&32:69,&33:71,&34:73,&35:75,r|, OC[C@H]1O[C@H]2O[C@H]3[C@@H](CO)O[C@@H](O[C@H]4[C@@H](CO)O[C@@H](O[C@H]5[C@@H](CO)O[C@@H](O[C@H]6[C@@H](CO)O[C@@H](O[C@H]7[C@@H](CO)O[C@@H](O[C@H]8[C@@H](CO)O[C@@H](O[C@@H]1[C@@H](O)[C@@H]2O)[C@@H](O)[C@@H]8O)[C@@H](O)[C@@H]7O)[C@@H](O)[C@@H]6O)[C@@H](O)[C@@H]5O)[C@@H](O)[C@@H]4O)[C@@H](O)[C@@H]3O |&1:2,&2:4,&3:6,&4:7,&5:11,&6:13,&7:14,&8:18,&9:20,&10:21,&11:25,&12:27,&13:28,&14:32,&15:34,&16:35,&17:39,&18:41,&19:42,&20:46,&21:48,&22:49,&23:51,&24:53,&25:55,&26:57,&27:59,&28:61,&29:63,&30:65,&31:67,&32:69,&33:71,&34:73,&35:75,r|","WHGYBXFWUBPSRW-GUJBRCDDSA-N, WHGYBXFWUBPSRW-GUJBRCDDSA-N, WHGYBXFWUBPSRW-GUJBRCDDSA-N",Phase 3
CDK1-5-inhibitor,"CDK inhibitor, glycogen synthase kinase inhibitor","CDK1, CDK5, GSK3B",,,"Tocris, Tocris, Tocris, Tocris",97.23,"Nc1[nH]nc2nc3ccccc3nc12, Nc1[nH]nc2nc3ccccc3nc12, Nc1[nH]nc2nc3ccccc3nc12, Nc1[nH]nc2nc3ccccc3nc12","DWHVZCLBMTZRQM-UHFFFAOYSA-N, DWHVZCLBMTZRQM-UHFFFAOYSA-N, DWHVZCLBMTZRQM-UHFFFAOYSA-N, DWHVZCLBMTZRQM-UHFFFAOYSA-N",Preclinical
CDK9-IN-6,CDK inhibitor,CDK9,,,"MedChemEx, MedChemEx, MedChemEx",96.73,"COC[C@H](C)N[C@H]1CC[C@@H](CC1)Nc1cc(c(Cl)cn1)-c1cccc(NCC2(CCOCC2)C#N)n1, COC[C@H](C)N[C@H]1CC[C@@H](CC1)Nc1cc(c(Cl)cn1)-c1cccc(NCC2(CCOCC2)C#N)n1, COC[C@H](C)N[C@H]1CC[C@@H](CC1)Nc1cc(c(Cl)cn1)-c1cccc(NCC2(CCOCC2)C#N)n1","XWQVQSXLXAXOPJ-ACRUOGEOSA-N, XWQVQSXLXAXOPJ-ACRUOGEOSA-N, XWQVQSXLXAXOPJ-ACRUOGEOSA-N",Preclinical
CDPPB,glutamate receptor positive allosteric modulator,GRM5,,,"Tocris, Tocris",96.95,"O=C(Nc1cc(nn1-c1ccccc1)-c1ccccc1)c1cccc(c1)C#N, O=C(Nc1cc(nn1-c1ccccc1)-c1ccccc1)c1cccc(c1)C#N","BKUIZWILNWHFHD-UHFFFAOYSA-N, BKUIZWILNWHFHD-UHFFFAOYSA-N",Preclinical
cebranopadol,opioid receptor agonist,"OPRL1, OPRM1",,,"MedChemEx, MedChemEx, MedChemEx",95.64,"CN(C)[C@]1(CC[C@@]2(CC1)OCCc1c2[nH]c2ccc(F)cc12)c1ccccc1 |r|, CN(C)[C@]1(CC[C@@]2(CC1)OCCc1c2[nH]c2ccc(F)cc12)c1ccccc1 |r|, CN(C)[C@]1(CC[C@@]2(CC1)OCCc1c2[nH]c2ccc(F)cc12)c1ccccc1 |r|","CSMVOZKEWSOFER-RQNOJGIXSA-N, CSMVOZKEWSOFER-RQNOJGIXSA-N, CSMVOZKEWSOFER-RQNOJGIXSA-N",Phase 3
cediranib,"KIT inhibitor, VEGFR inhibitor","CSF1R, FLT1, FLT3, FLT4, KDR, KIT, PDGFRA, PDGFRB",,,"MedChemEx, Selleck, Selleck, Selleck, Selleck",96.62,"COc1cc2c(Oc3ccc4[nH]c(C)cc4c3F)ncnc2cc1OCCCN1CCCC1, COc1cc2c(Oc3ccc4[nH]c(C)cc4c3F)ncnc2cc1OCCCN1CCCC1, COc1cc2c(Oc3ccc4[nH]c(C)cc4c3F)ncnc2cc1OCCCN1CCCC1, COc1cc2c(Oc3ccc4[nH]c(C)cc4c3F)ncnc2cc1OCCCN1CCCC1, COc1cc2c(Oc3ccc4[nH]c(C)cc4c3F)ncnc2cc1OCCCN1CCCC1","XXJWYDDUDKYVKI-UHFFFAOYSA-N, XXJWYDDUDKYVKI-UHFFFAOYSA-N, XXJWYDDUDKYVKI-UHFFFAOYSA-N, XXJWYDDUDKYVKI-UHFFFAOYSA-N, XXJWYDDUDKYVKI-UHFFFAOYSA-N",Phase 3
cedrol,,,,,Vitas-M,0,"C[C@H]1CC[C@H]2C(C)(C)[C@H]3C[C@@]12CC[C@@]3(C)O |&1:1,&2:4,&3:8,&4:10,&5:13,r|",SVURIXNDRWRAFU-OBORUHMCSA-N,Phase 2
cedrol-(+),sedative,,,,"Sigma, Vitas-M",0,"C[C@@H]1CC[C@H]2C(C)(C)[C@H]3C[C@@]12CC[C@@]3(C)O, C[C@@H]1CC[C@H]2C(C)(C)[C@H]3C[C@@]12CC[C@@]3(C)O","SVURIXNDRWRAFU-OGMFBOKVSA-N, SVURIXNDRWRAFU-OGMFBOKVSA-N",Phase 2
cefaclor,bacterial cell wall synthesis inhibitor,,"infectious disease, otolaryngology","pneumonia, skin infections, urinary tract infections, respiratory tract infections, tonsillitis, pharyngitis","MedChemEx, Selleck, MicroSource, Selleck",89.07,"N[C@@H](C(=O)N[C@H]1[C@H]2SCC(Cl)=C(N2C1=O)C(O)=O)c1ccccc1 |c:10|, N[C@@H](C(=O)N[C@H]1[C@H]2SCC(Cl)=C(N2C1=O)C(O)=O)c1ccccc1 |c:10|, N[C@@H](C(=O)N[C@H]1[C@H]2SCC(Cl)=C(N2C1=O)C(O)=O)c1ccccc1 |c:10|, N[C@@H](C(=O)N[C@H]1[C@H]2SCC(Cl)=C(N2C1=O)C(O)=O)c1ccccc1 |c:10|","QYIYFLOTGYLRGG-GPCCPHFNSA-N, QYIYFLOTGYLRGG-GPCCPHFNSA-N, QYIYFLOTGYLRGG-GPCCPHFNSA-N, QYIYFLOTGYLRGG-GPCCPHFNSA-N",Launched
cefadroxil,bacterial cell wall synthesis inhibitor,"SLC15A1, SLC15A2, SLC22A6, SLC22A8","infectious disease, otolaryngology","urinary tract infections, skin infections, tonsillitis, pharyngitis",MedChemEx,70,CC1=C(N2[C@H](SC1)[C@H](NC(=O)[C@H](N)c1ccc(O)cc1)C2=O)C(O)=O |t:1|,BOEGTKLJZSQCCD-UEKVPHQBSA-N,Launched
cefalonium,bacterial cell wall synthesis inhibitor,,infectious disease,gram-positive bacterial infections,"MicroSource, Toronto",58.98,"NC(=O)c1cc[n+](CC2=C(N3[C@H](SC2)[C@H](NC(=O)Cc2cccs2)C3=O)C(O)=O)cc1 |t:8|, NC(=O)c1cc[n+](CC2=C(N3[C@H](SC2)[C@H](NC(=O)Cc2cccs2)C3=O)C(O)=O)cc1 |t:8|","FMZXNVLFJHCSAF-DNVCBOLYSA-O, FMZXNVLFJHCSAF-DNVCBOLYSA-O",Launched
cefamandole,bacterial cell wall synthesis inhibitor,,infectious disease,"skin infections, urinary tract infections, respiratory tract infections","Sigma, MicroSource",32.02,"Cn1nnnc1SCC1=C(N2[C@H](SC1)[C@H](NC(=O)[C@H](O)c1ccccc1)C2=O)C(O)=O |t:9|, Cn1nnnc1SCC1=C(N2[C@H](SC1)[C@H](NC(=O)[C@H](O)c1ccccc1)C2=O)C(O)=O |t:9|","OLVCFLKTBJRLHI-AXAPSJFSSA-N, OLVCFLKTBJRLHI-AXAPSJFSSA-N",Launched
cefamandole-nafate,bacterial cell wall synthesis inhibitor,,infectious disease,"skin infections, urinary tract infections, respiratory tract infections","MedChemEx, MedChemEx, MicroSource",43.32,"Cn1nnnc1SCC1=C(N2[C@H](SC1)[C@H](NC(=O)[C@H](OC=O)c1ccccc1)C2=O)C(O)=O |t:9|, Cn1nnnc1SCC1=C(N2[C@H](SC1)[C@H](NC(=O)[C@H](OC=O)c1ccccc1)C2=O)C(O)=O |t:9|, Cn1nnnc1SCC1=C(N2[C@H](SC1)[C@H](NC(=O)[C@H](OC=O)c1ccccc1)C2=O)C(O)=O |t:9|","RRJHESVQVSRQEX-SUYBPPKGSA-N, RRJHESVQVSRQEX-SUYBPPKGSA-N, RRJHESVQVSRQEX-SUYBPPKGSA-N",Launched
cefathiamidine,bacterial cell wall synthesis inhibitor,,infectious disease,gram-positive bacterial infections,AKSci,68.39,CC(C)N\C(SCC(=O)N[C@H]1[C@H]2SCC(COC(C)=O)=C(N2C1=O)C(O)=O)=N/C(C)C |c:19|,JYXACOFERDBGGQ-RHSMWYFYSA-N,Launched
cefazolin,bacterial cell wall synthesis inhibitor,PON1,infectious disease,"urinary tract infections, skin infections, bacterial septicemia, endocarditis, surgical prophylaxis, bone and joint infections","MedChemEx, MicroSource, MedChemEx",87.37,"Cc1nnc(SCC2=C(N3[C@H](SC2)[C@H](NC(=O)Cn2cnnn2)C3=O)C(O)=O)s1 |t:7|, Cc1nnc(SCC2=C(N3[C@H](SC2)[C@H](NC(=O)Cn2cnnn2)C3=O)C(O)=O)s1 |t:7|, Cc1nnc(SCC2=C(N3[C@H](SC2)[C@H](NC(=O)Cn2cnnn2)C3=O)C(O)=O)s1 |t:7|","MLYYVTUWGNIJIB-BXKDBHETSA-N, MLYYVTUWGNIJIB-BXKDBHETSA-N, MLYYVTUWGNIJIB-BXKDBHETSA-N",Launched
cefcapene-pivoxil,bacterial cell wall synthesis inhibitor,,infectious disease,"skin infections, pneumonia, urinary tract infections","Sigma, Sigma, Astatech, AKSci",90.61,"CC\C=C(/C(=O)N[C@H]1[C@H]2SCC(COC(N)=O)=C(N2C1=O)C(=O)OCOC(=O)C(C)(C)C)c1csc(N)n1 |c:16|, CC\C=C(/C(=O)N[C@H]1[C@H]2SCC(COC(N)=O)=C(N2C1=O)C(=O)OCOC(=O)C(C)(C)C)c1csc(N)n1 |c:16|, CC\C=C(/C(=O)N[C@H]1[C@H]2SCC(COC(N)=O)=C(N2C1=O)C(=O)OCOC(=O)C(C)(C)C)c1csc(N)n1 |c:16|, CC\C=C(/C(=O)N[C@H]1[C@H]2SCC(COC(N)=O)=C(N2C1=O)C(=O)OCOC(=O)C(C)(C)C)c1csc(N)n1 |c:16|","WVPAABNYMHNFJG-QDVBXLKVSA-N, WVPAABNYMHNFJG-QDVBXLKVSA-N, WVPAABNYMHNFJG-QDVBXLKVSA-N, WVPAABNYMHNFJG-QDVBXLKVSA-N",Launched
cefdinir,bacterial cell wall synthesis inhibitor,MPO,"infectious disease, otolaryngology, pulmonary","pneumonia, tonsillitis, pharyngitis, bronchitis, skin infections, otitis, sinusitis","MicroSource, MicroSource, Selleck, Selleck",87.42,"Nc1nc(cs1)C(=N\O)\C(=O)N[C@H]1[C@H]2SCC(C=C)=C(N2C1=O)C(O)=O |c:19|, Nc1nc(cs1)C(=N\O)\C(=O)N[C@H]1[C@H]2SCC(C=C)=C(N2C1=O)C(O)=O |c:19|, Nc1nc(cs1)C(=N\O)\C(=O)N[C@H]1[C@H]2SCC(C=C)=C(N2C1=O)C(O)=O |c:19|, Nc1nc(cs1)C(=N\O)\C(=O)N[C@H]1[C@H]2SCC(C=C)=C(N2C1=O)C(O)=O |c:19|","RTXOFQZKPXMALH-GHXIOONMSA-N, RTXOFQZKPXMALH-GHXIOONMSA-N, RTXOFQZKPXMALH-GHXIOONMSA-N, RTXOFQZKPXMALH-GHXIOONMSA-N",Launched
cefditoren-pivoxil,bacterial cell wall synthesis inhibitor,,"infectious disease, pulmonary, otolaryngology","pneumonia, bronchitis, skin infections, tonsillitis, pharyngitis","MicroSource, Selleck, Selleck, MedChemEx",90.31,"CO\N=C(/C(=O)N[C@H]1[C@H]2SCC(\C=C/c3scnc3C)=C(N2C1=O)C(=O)OCOC(=O)C(C)(C)C)c1csc(N)n1 |c:20|, CO\N=C(/C(=O)N[C@H]1[C@H]2SCC(\C=C/c3scnc3C)=C(N2C1=O)C(=O)OCOC(=O)C(C)(C)C)c1csc(N)n1 |c:20|, CO\N=C(/C(=O)N[C@H]1[C@H]2SCC(\C=C/c3scnc3C)=C(N2C1=O)C(=O)OCOC(=O)C(C)(C)C)c1csc(N)n1 |c:20|, CO\N=C(/C(=O)N[C@H]1[C@H]2SCC(\C=C/c3scnc3C)=C(N2C1=O)C(=O)OCOC(=O)C(C)(C)C)c1csc(N)n1 |c:20|","AFZFFLVORLEPPO-UVYJNCLZSA-N, AFZFFLVORLEPPO-UVYJNCLZSA-N, AFZFFLVORLEPPO-UVYJNCLZSA-N, AFZFFLVORLEPPO-UVYJNCLZSA-N",Launched
cefepime,bacterial cell wall synthesis inhibitor,,infectious disease,"pneumonia, urinary tract infections, skin infections, intra-abdominal infections",MicroSource,96.32,"CO\N=C(\C(=O)N[C@H]1[C@H]2SCC(C[N+]3(C)CCCC3)=C(N2C1=O)C(O)=O)c1csc(N)n1 |&1:7,&2:8,c:19|",HVFLCNVBZFFHBT-FKULVZFESA-O,Launched
cefetamet,bacterial cell wall synthesis inhibitor,,"infectious disease, otolaryngology, pulmonary","ear infections, pneumonia, otitis, sinusitis, bronchitis, urinary tract infections","Sigma, Sigma",94.12,"CO\N=C(/C(=O)N[C@H]1[C@H]2SCC(C)=C(N2C1=O)C(O)=O)c1csc(N)n1 |c:12|, CO\N=C(/C(=O)N[C@H]1[C@H]2SCC(C)=C(N2C1=O)C(O)=O)c1csc(N)n1 |c:12|","MQLRYUCJDNBWMV-GHXIOONMSA-N, MQLRYUCJDNBWMV-GHXIOONMSA-N",Launched
cefetamet-pivoxil,bacterial cell wall synthesis inhibitor,,infectious disease,gram-positive bacterial infections,"AvaChem, AKSci, MedChemEx",87.11,"CO\N=C(/C(=O)N[C@H]1[C@H]2SCC(C)=C(N2C1=O)C(=O)OCOC(=O)C(C)(C)C)c1csc(N)n1 |c:12|, CO\N=C(/C(=O)N[C@H]1[C@H]2SCC(C)=C(N2C1=O)C(=O)OCOC(=O)C(C)(C)C)c1csc(N)n1 |c:12|, CO\N=C(/C(=O)N[C@H]1[C@H]2SCC(C)=C(N2C1=O)C(=O)OCOC(=O)C(C)(C)C)c1csc(N)n1 |c:12|","DASYMCLQENWCJG-XUKDPADISA-N, DASYMCLQENWCJG-XUKDPADISA-N, DASYMCLQENWCJG-XUKDPADISA-N",Launched
cefiderocol,antibacterial ,,,,MedChemEx,62.5,[H][C@]12SCC(C[N+]3(CCNC(=O)c4ccc(O)c(O)c4Cl)CCCC3)=C(N1C(=O)[C@H]2NC(=O)C(=N/OC(C)(C)C(O)=O)\c1csc(N)n1)C(O)=O |c:26|,DBPPRLRVDVJOCL-FQRUVTKNSA-O,Launched
cefixime,bacterial cell wall synthesis inhibitor,,"infectious disease, otolaryngology, pulmonary","urinary tract infections, otitis, pharyngitis, tonsillitis, gonorrhea, bronchitis","Sigma, Enzo, MedChemEx",93.65,"Nc1nc(cs1)C(=N\OCC(O)=O)\C(=O)N[C@H]1[C@H]2SCC(C=C)=C(N2C1=O)C(O)=O |c:23|, Nc1nc(cs1)C(=N\OCC(O)=O)\C(=O)N[C@H]1[C@H]2SCC(C=C)=C(N2C1=O)C(O)=O |c:23|, Nc1nc(cs1)C(=N\OCC(O)=O)\C(=O)N[C@H]1[C@H]2SCC(C=C)=C(N2C1=O)C(O)=O |c:23|","OKBVVJOGVLARMR-QSWIMTSFSA-N, OKBVVJOGVLARMR-QSWIMTSFSA-N, OKBVVJOGVLARMR-QSWIMTSFSA-N",Launched
cefmenoxime,bacterial cell wall synthesis inhibitor,,infectious disease,gram-negative bacterial infections,MedChemEx,90.8,[H][C@]12SCC(CSc3nnnn3C)=C(N1C(=O)[C@H]2NC(=O)C(=N/OC)\c1csc(N)n1)C(O)=O |c:13|,HJJDBAOLQAWBMH-YCRCPZNHSA-N,Launched
cefmetazole,bacterial cell wall synthesis inhibitor,,infectious disease,"urinary tract infections, skin infections","MedChemEx, MedChemEx, MicroSource",89.48,"CO[C@]1(NC(=O)CSCC#N)[C@H]2SCC(CSc3nnnn3C)=C(N2C1=O)C(O)=O |c:23|, CO[C@]1(NC(=O)CSCC#N)[C@H]2SCC(CSc3nnnn3C)=C(N2C1=O)C(O)=O |c:23|, CO[C@]1(NC(=O)CSCC#N)[C@H]2SCC(CSc3nnnn3C)=C(N2C1=O)C(O)=O |c:23|","SNBUBQHDYVFSQF-HIFRSBDPSA-N, SNBUBQHDYVFSQF-HIFRSBDPSA-N, SNBUBQHDYVFSQF-HIFRSBDPSA-N",Launched
cefminox,bacterial cell wall synthesis inhibitor,,infectious disease,gram-negative bacterial infections,"Key, Toronto",83.7,"CO[C@]1(NC(=O)CSC[C@@H](N)C(O)=O)[C@H]2SCC(CSc3nnnn3C)=C(N2C1=O)C(O)=O |c:26|, CO[C@]1(NC(=O)CSC[C@@H](N)C(O)=O)[C@H]2SCC(CSc3nnnn3C)=C(N2C1=O)C(O)=O |c:26|","JSDXOWVAHXDYCU-VXSYNFHWSA-N, JSDXOWVAHXDYCU-VXSYNFHWSA-N",Launched
cefodizime,bacterial cell wall synthesis inhibitor,,infectious disease,"respiratory tract infections, skin infections, gonorrhea","Kemprotec, Kemprotec, AKSci",73.75,"CO\N=C(/C(=O)N[C@H]1[C@H]2SCC(CSc3nc(C)c(CC(O)=O)s3)=C(N2C1=O)C(O)=O)c1csc(N)n1 |c:24|, CO\N=C(/C(=O)N[C@H]1[C@H]2SCC(CSc3nc(C)c(CC(O)=O)s3)=C(N2C1=O)C(O)=O)c1csc(N)n1 |c:24|, CO\N=C(/C(=O)N[C@H]1[C@H]2SCC(CSc3nc(C)c(CC(O)=O)s3)=C(N2C1=O)C(O)=O)c1csc(N)n1 |c:24|","XDZKBRJLTGRPSS-BGZQYGJUSA-N, XDZKBRJLTGRPSS-BGZQYGJUSA-N, XDZKBRJLTGRPSS-BGZQYGJUSA-N",Launched
cefonicid,bacterial cell wall synthesis inhibitor,,infectious disease,gram-positive bacterial infections,"MicroSource, MedChemEx, MedChemEx",83.1,"O[C@@H](C(=O)N[C@H]1[C@H]2SCC(CSc3nnnn3CS(O)(=O)=O)=C(N2C1=O)C(O)=O)c1ccccc1 |c:22|, O[C@@H](C(=O)N[C@H]1[C@H]2SCC(CSc3nnnn3CS(O)(=O)=O)=C(N2C1=O)C(O)=O)c1ccccc1 |c:22|, O[C@@H](C(=O)N[C@H]1[C@H]2SCC(CSc3nnnn3CS(O)(=O)=O)=C(N2C1=O)C(O)=O)c1ccccc1 |c:22|","DYAIAHUQIPBDIP-AXAPSJFSSA-N, DYAIAHUQIPBDIP-AXAPSJFSSA-N, DYAIAHUQIPBDIP-AXAPSJFSSA-N",Launched
cefoperazone,bacterial cell wall synthesis inhibitor,,infectious disease,gram-negative bacterial infections,"MedChemEx, MicroSource, Selleck",97.29,"CCN1CCN(C(=O)N[C@@H](C(=O)N[C@H]2[C@H]3SCC(CSc4nnnn4C)=C(N3C2=O)C(O)=O)c2ccc(O)cc2)C(=O)C1=O |c:26|, CCN1CCN(C(=O)N[C@@H](C(=O)N[C@H]2[C@H]3SCC(CSc4nnnn4C)=C(N3C2=O)C(O)=O)c2ccc(O)cc2)C(=O)C1=O |c:26|, CCN1CCN(C(=O)N[C@@H](C(=O)N[C@H]2[C@H]3SCC(CSc4nnnn4C)=C(N3C2=O)C(O)=O)c2ccc(O)cc2)C(=O)C1=O |c:26|","GCFBRXLSHGKWDP-XCGNWRKASA-N, GCFBRXLSHGKWDP-XCGNWRKASA-N, GCFBRXLSHGKWDP-XCGNWRKASA-N",Launched
ceforanide,penicillin binding protein inhibitor,,infectious disease,gram-negative bacterial infections,"MicroSource, AvaChem, AvaChem",90.8,"NCc1ccccc1CC(=O)N[C@H]1[C@H]2SCC(CSc3nnnn3CC(O)=O)=C(N2C1=O)C(O)=O |c:29|, NCc1ccccc1CC(=O)N[C@H]1[C@H]2SCC(CSc3nnnn3CC(O)=O)=C(N2C1=O)C(O)=O |c:29|, NCc1ccccc1CC(=O)N[C@H]1[C@H]2SCC(CSc3nnnn3CC(O)=O)=C(N2C1=O)C(O)=O |c:29|","SLAYUXIURFNXPG-CRAIPNDOSA-N, SLAYUXIURFNXPG-CRAIPNDOSA-N, SLAYUXIURFNXPG-CRAIPNDOSA-N",Launched
cefoselis,bacterial cell wall synthesis inhibitor,,infectious disease,"gram-negative bacterial infections, gram-positive bacterial infections","Selleck, MedChemEx, AKSci, Selleck",99.54,"CO\N=C(/C(=O)N[C@H]1[C@H]2SCC(Cn3ccc(=N)n3CCO)=C(N2C1=O)C(O)=O)c1csc(N)n1 |c:22|, CO\N=C(/C(=O)N[C@H]1[C@H]2SCC(Cn3ccc(=N)n3CCO)=C(N2C1=O)C(O)=O)c1csc(N)n1 |c:22|, CO\N=C(/C(=O)N[C@H]1[C@H]2SCC(Cn3ccc(=N)n3CCO)=C(N2C1=O)C(O)=O)c1csc(N)n1 |c:22|, CO\N=C(/C(=O)N[C@H]1[C@H]2SCC(Cn3ccc(=N)n3CCO)=C(N2C1=O)C(O)=O)c1csc(N)n1 |c:22|","ZINFAXPQMLDEEJ-GFVOIPPFSA-N, ZINFAXPQMLDEEJ-GFVOIPPFSA-N, ZINFAXPQMLDEEJ-GFVOIPPFSA-N, ZINFAXPQMLDEEJ-GFVOIPPFSA-N",Launched
cefotaxime,bacterial cell wall synthesis inhibitor,,infectious disease,"respiratory tract infections, bone and joint infections, pelvic inflammatory disease, intra-abdominal infections, skin infections, meningitis, urinary tract infections, bacterial septicemia, gynecologic infections","MedChemEx, MicroSource, MedChemEx, Sigma",95.77,"CO\N=C(/C(=O)N[C@H]1[C@H]2SCC(COC(C)=O)=C(N2C1=O)C(O)=O)c1csc(N)n1 |c:16|, CO\N=C(/C(=O)N[C@H]1[C@H]2SCC(COC(C)=O)=C(N2C1=O)C(O)=O)c1csc(N)n1 |c:16|, CO\N=C(/C(=O)N[C@H]1[C@H]2SCC(COC(C)=O)=C(N2C1=O)C(O)=O)c1csc(N)n1 |c:16|, CO\N=C(/C(=O)N[C@H]1[C@H]2SCC(COC(C)=O)=C(N2C1=O)C(O)=O)c1csc(N)n1 |c:16|","GPRBEKHLDVQUJE-QSWIMTSFSA-N, GPRBEKHLDVQUJE-QSWIMTSFSA-N, GPRBEKHLDVQUJE-QSWIMTSFSA-N, GPRBEKHLDVQUJE-QSWIMTSFSA-N",Launched
cefotetan,bacterial cell wall synthesis inhibitor,,infectious disease,"urinary tract infections, respiratory tract infections, skin infections, gynecologic infections, chlamydia, intra-abdominal infections, bone and joint infections, surgical prophylaxis","MicroSource, MicroSource",88.4,"CO[C@]1(NC(=O)C2SC(S2)=C(C(N)=O)C(O)=O)[C@H]2SCC(CSc3nnnn3C)=C(N2C1=O)C(O)=O |a:2,&1:17,c:30|, CO[C@]1(NC(=O)C2SC(S2)=C(C(N)=O)C(O)=O)[C@H]2SCC(CSc3nnnn3C)=C(N2C1=O)C(O)=O |a:2,&1:17,c:30|","SRZNHPXWXCNNDU-IXOPCIAXSA-N, SRZNHPXWXCNNDU-IXOPCIAXSA-N",Launched
cefotiam,bacterial cell wall synthesis inhibitor,,infectious disease,"bacterial septicemia, bone and joint infections, respiratory tract infections, skin infections, urinary tract infections","Prestwick, MedChemEx",88.63,"CN(C)CCn1nnnc1SCC1=C(N2[C@H](SC1)[C@H](NC(=O)Cc1csc(N)n1)C2=O)C(O)=O |t:13|, CN(C)CCn1nnnc1SCC1=C(N2[C@H](SC1)[C@H](NC(=O)Cc1csc(N)n1)C2=O)C(O)=O |t:13|","QYQDKDWGWDOFFU-IUODEOHRSA-N, QYQDKDWGWDOFFU-IUODEOHRSA-N",Launched
cefotiam-cilexetil,bacterial cell wall synthesis inhibitor,,infectious disease,"gram-negative bacterial infections, gram-positive bacterial infections","SantaCruz, SantaCruz",23.99,"C[C@@H](OC(=O)OC1CCCCC1)OC(=O)C1=C(CSc2nnnn2CCN(C)C)CS[C@H]2[C@@H](NC(=O)Cc3csc(N)n3)C(=O)N12 |&1:1,&2:31,&3:32,c:16|, C[C@@H](OC(=O)OC1CCCCC1)OC(=O)C1=C(CSc2nnnn2CCN(C)C)CS[C@H]2[C@@H](NC(=O)Cc3csc(N)n3)C(=O)N12 |&1:1,&2:31,&3:32,c:16|","VVFDMWZLBPUKTD-XLHILCRZSA-N, VVFDMWZLBPUKTD-XLHILCRZSA-N",Launched
cefoxitin,bacterial cell wall synthesis inhibitor,,infectious disease,"respiratory tract infections, urinary tract infections, intra-abdominal infections, gynecologic infections, bacterial septicemia, bone and joint infections, skin infections","MedChemEx, MicroSource, MedChemEx, MedChemEx",98.36,"CO[C@]1(NC(=O)Cc2cccs2)[C@H]2SCC(COC(N)=O)=C(N2C1=O)C(O)=O |c:21|, CO[C@]1(NC(=O)Cc2cccs2)[C@H]2SCC(COC(N)=O)=C(N2C1=O)C(O)=O |c:21|, CO[C@]1(NC(=O)Cc2cccs2)[C@H]2SCC(COC(N)=O)=C(N2C1=O)C(O)=O |c:21|, CO[C@]1(NC(=O)Cc2cccs2)[C@H]2SCC(COC(N)=O)=C(N2C1=O)C(O)=O |c:21|","WZOZEZRFJCJXNZ-ZBFHGGJFSA-N, WZOZEZRFJCJXNZ-ZBFHGGJFSA-N, WZOZEZRFJCJXNZ-ZBFHGGJFSA-N, WZOZEZRFJCJXNZ-ZBFHGGJFSA-N",Launched
cefozopran,bacterial cell wall synthesis inhibitor,,infectious disease,"gram-negative bacterial infections, gram-positive bacterial infections","MedChemEx, MedChemEx, MedChemEx",90.83,"CO\N=C(/C(=O)N[C@H]1[C@H]2SCC(C[n+]3ccn4ncccc34)=C(N2C1=O)C(O)=O)c1nsc(N)n1 |c:23|, CO\N=C(/C(=O)N[C@H]1[C@H]2SCC(C[n+]3ccn4ncccc34)=C(N2C1=O)C(O)=O)c1nsc(N)n1 |c:23|, CO\N=C(/C(=O)N[C@H]1[C@H]2SCC(C[n+]3ccn4ncccc34)=C(N2C1=O)C(O)=O)c1nsc(N)n1 |c:23|","QDUIJCOKQCCXQY-WHJQOFBOSA-O, QDUIJCOKQCCXQY-WHJQOFBOSA-O, QDUIJCOKQCCXQY-WHJQOFBOSA-O",Launched
cefpiramide,bacterial cell wall synthesis inhibitor,,infectious disease,gram-negative bacterial infections,"MicroSource, Sigma, MedChemEx",86.38,"Cc1cc(=O)c(c[nH]1)C(=O)N[C@@H](C(=O)N[C@H]1[C@H]2SCC(CSc3nnnn3C)=C(N2C1=O)C(O)=O)c1ccc(O)cc1 |c:29|, Cc1cc(=O)c(c[nH]1)C(=O)N[C@@H](C(=O)N[C@H]1[C@H]2SCC(CSc3nnnn3C)=C(N2C1=O)C(O)=O)c1ccc(O)cc1 |c:29|, Cc1cc(=O)c(c[nH]1)C(=O)N[C@@H](C(=O)N[C@H]1[C@H]2SCC(CSc3nnnn3C)=C(N2C1=O)C(O)=O)c1ccc(O)cc1 |c:29|","PWAUCHMQEXVFJR-PMAPCBKXSA-N, PWAUCHMQEXVFJR-PMAPCBKXSA-N, PWAUCHMQEXVFJR-PMAPCBKXSA-N",Launched
cefpirome,bacterial cell wall synthesis inhibitor,,infectious disease,gram-negative bacterial infections,"ChemImpex, ChemImpex, ChemImpex",91.01,"CO\N=C(\C(=O)N[C@H]1[C@H]2SCC(C[n+]3cccc4CCCc34)=C(N2C1=O)C(O)=O)c1csc(N)n1 |c:23|, CO\N=C(\C(=O)N[C@H]1[C@H]2SCC(C[n+]3cccc4CCCc34)=C(N2C1=O)C(O)=O)c1csc(N)n1 |c:23|, CO\N=C(\C(=O)N[C@H]1[C@H]2SCC(C[n+]3cccc4CCCc34)=C(N2C1=O)C(O)=O)c1csc(N)n1 |c:23|","DKOQGJHPHLTOJR-PUIFZAHNSA-O, DKOQGJHPHLTOJR-PUIFZAHNSA-O, DKOQGJHPHLTOJR-PUIFZAHNSA-O",Launched
cefpodoxime,bacterial cell wall synthesis inhibitor,,"otolaryngology, infectious disease, pulmonary","pharyngitis, pneumonia, bronchitis, gonorrhea, skin infections, urinary tract infections, sinusitis, tonsillitis","Key, Key, MicroSource",49.13,"COCC1=C(N2[C@H](SC1)[C@H](NC(=O)C(=N/OC)\c1csc(N)n1)C2=O)C(=O)O[C@@H](C)OC(=O)OC(C)C |a:6,9,&1:28,t:3|, COCC1=C(N2[C@H](SC1)[C@H](NC(=O)C(=N/OC)\c1csc(N)n1)C2=O)C(=O)O[C@@H](C)OC(=O)OC(C)C |a:6,9,&1:28,t:3|, COCC1=C(N2[C@H](SC1)[C@H](NC(=O)C(=N/OC)\c1csc(N)n1)C2=O)C(=O)O[C@@H](C)OC(=O)OC(C)C |a:6,9,&1:28,t:3|","LTINZAODLRIQIX-OLEGMKQCSA-N, LTINZAODLRIQIX-OLEGMKQCSA-N, LTINZAODLRIQIX-OLEGMKQCSA-N",Launched
cefprozil,bacterial cell wall synthesis inhibitor,,"otolaryngology, infectious disease, pulmonary","pharyngitis, tonsillitis, otitis, sinusitis, respiratory tract infections, skin infections, bronchitis","MicroSource, Selleck, MedChemEx, MedChemEx, Selleck",76.4,"C\C=C\C1=C(N2[C@H](SC1)[C@H](NC(=O)[C@H](N)c1ccc(O)cc1)C2=O)C(O)=O |t:3|, C\C=C\C1=C(N2[C@H](SC1)[C@H](NC(=O)[C@H](N)c1ccc(O)cc1)C2=O)C(O)=O |t:3|, C\C=C\C1=C(N2[C@H](SC1)[C@H](NC(=O)[C@H](N)c1ccc(O)cc1)C2=O)C(O)=O |t:3|, C\C=C\C1=C(N2[C@H](SC1)[C@H](NC(=O)[C@H](N)c1ccc(O)cc1)C2=O)C(O)=O |t:3|, C\C=C\C1=C(N2[C@H](SC1)[C@H](NC(=O)[C@H](N)c1ccc(O)cc1)C2=O)C(O)=O |t:3|","WDLWHQDACQUCJR-ZAMMOSSLSA-N, WDLWHQDACQUCJR-ZAMMOSSLSA-N, WDLWHQDACQUCJR-ZAMMOSSLSA-N, WDLWHQDACQUCJR-ZAMMOSSLSA-N, WDLWHQDACQUCJR-ZAMMOSSLSA-N",Launched
cefradine,bacterial cell wall synthesis inhibitor,CYP3A4,"infectious disease, otolaryngology","respiratory tract infections, otitis, skin infections, urinary tract infections, tonsillitis, pharyngitis, pneumonia","MedChemEx, MedChemEx, MedChemEx",65.46,"CC1=C(N2[C@H](SC1)[C@H](NC(=O)[C@H](N)C1=CCC=CC1)C2=O)C(O)=O |c:17,t:1,14|, CC1=C(N2[C@H](SC1)[C@H](NC(=O)[C@H](N)C1=CCC=CC1)C2=O)C(O)=O |c:17,t:1,14|, CC1=C(N2[C@H](SC1)[C@H](NC(=O)[C@H](N)C1=CCC=CC1)C2=O)C(O)=O |c:17,t:1,14|","RDLPVSKMFDYCOR-UEKVPHQBSA-N, RDLPVSKMFDYCOR-UEKVPHQBSA-N, RDLPVSKMFDYCOR-UEKVPHQBSA-N",Launched
cefsulodin,bacterial cell wall synthesis inhibitor,,infectious disease,gram-negative bacterial infections,"MedChemEx, MedChemEx, Sigma, MicroSource",29.68,"NC(=O)c1cc[n+](CC2=C(N3[C@H](SC2)[C@H](NC(=O)[C@@H](c2ccccc2)S(O)(=O)=O)C3=O)C(O)=O)cc1 |t:8|, NC(=O)c1cc[n+](CC2=C(N3[C@H](SC2)[C@H](NC(=O)[C@@H](c2ccccc2)S(O)(=O)=O)C3=O)C(O)=O)cc1 |t:8|, NC(=O)c1cc[n+](CC2=C(N3[C@H](SC2)[C@H](NC(=O)[C@@H](c2ccccc2)S(O)(=O)=O)C3=O)C(O)=O)cc1 |t:8|, NC(=O)c1cc[n+](CC2=C(N3[C@H](SC2)[C@H](NC(=O)[C@@H](c2ccccc2)S(O)(=O)=O)C3=O)C(O)=O)cc1 |t:8|","SYLKGLMBLAAGSC-QLVMHMETSA-O, SYLKGLMBLAAGSC-QLVMHMETSA-O, SYLKGLMBLAAGSC-QLVMHMETSA-O, SYLKGLMBLAAGSC-QLVMHMETSA-O",Launched
ceftaroline-fosamil,bacterial cell wall synthesis inhibitor,,infectious disease,"skin infections, pneumonia",GLSyntech,63.93,CCO\N=C(\C(=O)N[C@H]1[C@H]2SCC(Sc3nc(cs3)-c3cc[n+](C)cc3)=C(N2C1=O)C(O)=O)c1nc(=NP(O)(O)=O)s[nH]1 |c:27|,ZCCUWMICIWSJIX-XHNDKCDBSA-O,Launched
ceftazidime,bacterial cell wall synthesis inhibitor,,infectious disease,"respiratory tract infections, skin infections, bacterial septicemia, bone and joint infections, gynecologic infections, intra-abdominal infections, meningitis","Sigma, MedChemEx, MicroSource, MedChemEx, Selleck",78.15,"CC(C)(O\N=C(/C(=O)N[C@H]1[C@H]2SCC(C[n+]3ccccc3)=C(N2C1=O)C(O)=O)c1csc(N)n1)C(O)=O |c:21|, CC(C)(O\N=C(/C(=O)N[C@H]1[C@H]2SCC(C[n+]3ccccc3)=C(N2C1=O)C(O)=O)c1csc(N)n1)C(O)=O |c:21|, CC(C)(O\N=C(/C(=O)N[C@H]1[C@H]2SCC(C[n+]3ccccc3)=C(N2C1=O)C(O)=O)c1csc(N)n1)C(O)=O |c:21|, CC(C)(O\N=C(/C(=O)N[C@H]1[C@H]2SCC(C[n+]3ccccc3)=C(N2C1=O)C(O)=O)c1csc(N)n1)C(O)=O |c:21|, CC(C)(O\N=C(/C(=O)N[C@H]1[C@H]2SCC(C[n+]3ccccc3)=C(N2C1=O)C(O)=O)c1csc(N)n1)C(O)=O |c:21|","ORFOPKXBNMVMKC-DWVKKRMSSA-O, ORFOPKXBNMVMKC-DWVKKRMSSA-O, ORFOPKXBNMVMKC-DWVKKRMSSA-O, ORFOPKXBNMVMKC-DWVKKRMSSA-O, ORFOPKXBNMVMKC-DWVKKRMSSA-O",Launched
ceftibuten,bacterial cell wall synthesis inhibitor,,"pulmonary, otolaryngology","bronchitis, otitis, pharyngitis, tonsillitis","MicroSource, MedChemEx, MedChemEx, MedChemEx, Sigma",95.4,"Nc1nc(cs1)C(=C\CC(O)=O)\C(=O)N[C@H]1[C@H]2SCC=C(N2C1=O)C(O)=O |c:20|, Nc1nc(cs1)C(=C\CC(O)=O)\C(=O)N[C@H]1[C@H]2SCC=C(N2C1=O)C(O)=O |c:20|, Nc1nc(cs1)C(=C\CC(O)=O)\C(=O)N[C@H]1[C@H]2SCC=C(N2C1=O)C(O)=O |c:20|, Nc1nc(cs1)C(=C\CC(O)=O)\C(=O)N[C@H]1[C@H]2SCC=C(N2C1=O)C(O)=O |c:20|, Nc1nc(cs1)C(=C\CC(O)=O)\C(=O)N[C@H]1[C@H]2SCC=C(N2C1=O)C(O)=O |c:20|","UNJFKXSSGBWRBZ-BJCIPQKHSA-N, UNJFKXSSGBWRBZ-BJCIPQKHSA-N, UNJFKXSSGBWRBZ-BJCIPQKHSA-N, UNJFKXSSGBWRBZ-BJCIPQKHSA-N, UNJFKXSSGBWRBZ-BJCIPQKHSA-N",Launched
ceftiofur,bacterial cell wall synthesis inhibitor,,infectious disease,"pneumonia, respiratory tract infections","MicroSource, MedChemEx, Selleck, Selleck",93.8,"CO\N=C(/C(=O)N[C@H]1[C@H]2SCC(CSC(=O)c3ccco3)=C(N2C1=O)C(O)=O)c1csc(N)n1 |c:21|, CO\N=C(/C(=O)N[C@H]1[C@H]2SCC(CSC(=O)c3ccco3)=C(N2C1=O)C(O)=O)c1csc(N)n1 |c:21|, CO\N=C(/C(=O)N[C@H]1[C@H]2SCC(CSC(=O)c3ccco3)=C(N2C1=O)C(O)=O)c1csc(N)n1 |c:21|, CO\N=C(/C(=O)N[C@H]1[C@H]2SCC(CSC(=O)c3ccco3)=C(N2C1=O)C(O)=O)c1csc(N)n1 |c:21|","ZBHXIWJRIFEVQY-IHMPYVIRSA-N, ZBHXIWJRIFEVQY-IHMPYVIRSA-N, ZBHXIWJRIFEVQY-IHMPYVIRSA-N, ZBHXIWJRIFEVQY-IHMPYVIRSA-N",Launched
ceftizoxim,bacterial cell wall synthesis inhibitor,,infectious disease,"respiratory tract infections, urinary tract infections, gonorrhea, pelvic inflammatory disease, intra-abdominal infections, bacterial septicemia, skin infections, bone and joint infections, meningitis","MedChemEx, Enzo, MedChemEx",88.85,"CO\N=C(/C(=O)N[C@H]1[C@H]2SCC=C(N2C1=O)C(O)=O)c1csc(N)n1 |c:11|, CO\N=C(/C(=O)N[C@H]1[C@H]2SCC=C(N2C1=O)C(O)=O)c1csc(N)n1 |c:11|, CO\N=C(/C(=O)N[C@H]1[C@H]2SCC=C(N2C1=O)C(O)=O)c1csc(N)n1 |c:11|","NNULBSISHYWZJU-LLKWHZGFSA-N, NNULBSISHYWZJU-LLKWHZGFSA-N, NNULBSISHYWZJU-LLKWHZGFSA-N",Launched
ceftobiprole,antiinfective drug,,,,MedChemEx,79,[H][C@]12SCC(\C=C3/CCN([C@@H]4CCNC4)C3=O)=C(N1C(=O)[C@H]2NC(=O)C(=N/O)\c1nsc(N)n1)C(O)=O |c:18|,VOAZJEPQLGBXGO-SDAWRPRTSA-N,Phase 3
ceftriaxone,bacterial cell wall synthesis inhibitor,,"infectious disease, otolaryngology","gonorrhea, pneumonia, otitis, skin infections, urinary tract infections, pelvic inflammatory disease, bacterial septicemia, bone and joint infections, intra-abdominal infections, meningitis, surgical prophylaxis","MicroSource, MedChemEx",85.48,"CO\N=C(/C(=O)N[C@H]1[C@H]2SCC(CSc3nc(=O)c(O)nn3C)=C(N2C1=O)C(O)=O)c1csc(N)n1 |c:23|, CO\N=C(/C(=O)N[C@H]1[C@H]2SCC(CSc3nc(=O)c(O)nn3C)=C(N2C1=O)C(O)=O)c1csc(N)n1 |c:23|","VAAUVRVFOQPIGI-SPQHTLEESA-N, VAAUVRVFOQPIGI-SPQHTLEESA-N",Launched
cefuroxime,bacterial cell wall synthesis inhibitor,,infectious disease,gram-negative bacterial infections,"MedChemEx, MicroSource, MedChemEx",86.53,"CO\N=C(/C(=O)N[C@H]1[C@H]2SCC(COC(N)=O)=C(N2C1=O)C(O)=O)c1ccco1 |c:16|, CO\N=C(/C(=O)N[C@H]1[C@H]2SCC(COC(N)=O)=C(N2C1=O)C(O)=O)c1ccco1 |c:16|, CO\N=C(/C(=O)N[C@H]1[C@H]2SCC(COC(N)=O)=C(N2C1=O)C(O)=O)c1ccco1 |c:16|","JFPVXVDWJQMJEE-IZRZKJBUSA-N, JFPVXVDWJQMJEE-IZRZKJBUSA-N, JFPVXVDWJQMJEE-IZRZKJBUSA-N",Launched
cefuroxime-axetil,bacterial cell wall synthesis inhibitor,,otolaryngology,"pharyngitis, tonsillitis, otitis, sinusitis","Sigma, MicroSource, Sigma",56.52,"CO\N=C(/C(=O)N[C@H]1[C@H]2SCC(COC(N)=O)=C(N2C1=O)C(=O)O[C@@H](C)OC(C)=O)c1ccco1 |a:7,8,&1:24,c:16|, CO\N=C(/C(=O)N[C@H]1[C@H]2SCC(COC(N)=O)=C(N2C1=O)C(=O)O[C@@H](C)OC(C)=O)c1ccco1 |a:7,8,&1:24,c:16|, CO\N=C(/C(=O)N[C@H]1[C@H]2SCC(COC(N)=O)=C(N2C1=O)C(=O)O[C@@H](C)OC(C)=O)c1ccco1 |a:7,8,&1:24,c:16|","KEJCWVGMRLCZQQ-QFDKGRJDSA-N, KEJCWVGMRLCZQQ-QFDKGRJDSA-N, KEJCWVGMRLCZQQ-QFDKGRJDSA-N",Launched
celecoxib,cyclooxygenase inhibitor,"CA12, PDPK1, PTGS2","rheumatology, endocrinology","osteoarthritis, rheumatoid arthritis, ankylosing spondylitis, primary dysmenorrhea (PD)","Tocris, MicroSource, Selleck",99.47,"Cc1ccc(cc1)-c1cc(nn1-c1ccc(cc1)S(N)(=O)=O)C(F)(F)F, Cc1ccc(cc1)-c1cc(nn1-c1ccc(cc1)S(N)(=O)=O)C(F)(F)F, Cc1ccc(cc1)-c1cc(nn1-c1ccc(cc1)S(N)(=O)=O)C(F)(F)F","RZEKVGVHFLEQIL-UHFFFAOYSA-N, RZEKVGVHFLEQIL-UHFFFAOYSA-N, RZEKVGVHFLEQIL-UHFFFAOYSA-N",Launched
celgosivir,glucosidase inhibitor,,,,MedChemEx,98.4,[H][C@]12[C@@H](O)CCN1C[C@H](OC(=O)CCC)[C@@H](O)[C@@H]2O,HTJGLYIJVSDQAE-VWNXEWBOSA-N,Phase 2
celiprolol,adrenergic receptor antagonist,"ADRA2A, ADRB1, ADRB2",genetics,Ehlers-Danlos syndrome (EDS),"Prestwick, WuXi",97.27,"CCN(CC)C(=O)Nc1ccc(OC[C@@H](O)CNC(C)(C)C)c(c1)C(C)=O |&1:14|, CCN(CC)C(=O)Nc1ccc(OC[C@@H](O)CNC(C)(C)C)c(c1)C(C)=O |&1:14|","JOATXPAWOHTVSZ-INIZCTEOSA-N, JOATXPAWOHTVSZ-INIZCTEOSA-N",Launched
cenerimod,sphingosine 1-phosphate receptor modulator,,,,MedChemEx,90.19,CCc1cc(cc(C)c1OC[C@@H](O)CO)-c1noc(n1)-c1cc(OC)nc(c1)C1CCCC1,KJKKMMMRWISKRF-FQEVSTJZSA-N,Phase 2
cenicriviroc,CC chemokine receptor antagonist,,,,MedChemEx,78.24,CCCCOCCOc1ccc(cc1)-c1ccc2N(CC(C)C)CCC\C(=C/c2c1)C(=O)Nc1ccc(cc1)[S@@](=O)Cc1cncn1CCC |c:27|,PNDKCRDVVKJPKG-WHERJAGFSA-N,Phase 3
cenobamate,"GABA receptor modulator, voltage-gated sodium channel blocker",,,,MedChemEx,100,NC(=O)O[C@@H](Cn1ncnn1)c1ccccc1Cl,GFHAXPJGXSQLPT-VIFPVBQESA-N,Launched
centanafadine,dopamine reuptake inhibitor,,,,AMS,97.44,C1[C@@H]2CNC[C@]12c1ccc2ccccc2c1,HKHCSWPSUSWGLI-CABCVRRESA-N,Phase 3
centazolone,monoamine oxidase inhibitor,,,,"Enamine, Enamine, Enamine",95.67,"Nn1cnc2cc3ccccc3cc2c1=O, Nn1cnc2cc3ccccc3cc2c1=O, Nn1cnc2cc3ccccc3cc2c1=O","CZXUQBVMAUWSBX-UHFFFAOYSA-N, CZXUQBVMAUWSBX-UHFFFAOYSA-N, CZXUQBVMAUWSBX-UHFFFAOYSA-N",Phase 1
centhaquin,analgesic agent,,,,Sigma,96.94,Cc1cccc(c1)N1CCN(CCc2ccc3ccccc3n2)CC1,UJNWGFBJUHIJKK-UHFFFAOYSA-N,Phase 1
centpropazine,inositol monophosphatase inhibitor,,,,"Enamine, Enamine, Enamine, Enamine",97.67,"CCC(=O)c1ccc(OC[C@@H](O)CN2CCN(CC2)c2ccccc2)cc1 |&1:10,r|, CCC(=O)c1ccc(OC[C@@H](O)CN2CCN(CC2)c2ccccc2)cc1 |&1:10,r|, CCC(=O)c1ccc(OC[C@@H](O)CN2CCN(CC2)c2ccccc2)cc1 |&1:10,r|, CCC(=O)c1ccc(OC[C@@H](O)CN2CCN(CC2)c2ccccc2)cc1 |&1:10,r|","ZQPXSRTZFYHSFB-FQEVSTJZSA-N, ZQPXSRTZFYHSFB-FQEVSTJZSA-N, ZQPXSRTZFYHSFB-FQEVSTJZSA-N, ZQPXSRTZFYHSFB-FQEVSTJZSA-N",Phase 3
CEP-32496,RAF inhibitor,"BRAF, RAF1",,,"Selleck, Selleck, Selleck, Selleck, Selleck, Selleck, MedChemEx",98.02,"COc1cc2ncnc(Oc3cccc(NC(=O)Nc4cc(on4)C(C)(C)C(F)(F)F)c3)c2cc1OC, COc1cc2ncnc(Oc3cccc(NC(=O)Nc4cc(on4)C(C)(C)C(F)(F)F)c3)c2cc1OC, COc1cc2ncnc(Oc3cccc(NC(=O)Nc4cc(on4)C(C)(C)C(F)(F)F)c3)c2cc1OC, COc1cc2ncnc(Oc3cccc(NC(=O)Nc4cc(on4)C(C)(C)C(F)(F)F)c3)c2cc1OC, COc1cc2ncnc(Oc3cccc(NC(=O)Nc4cc(on4)C(C)(C)C(F)(F)F)c3)c2cc1OC, COc1cc2ncnc(Oc3cccc(NC(=O)Nc4cc(on4)C(C)(C)C(F)(F)F)c3)c2cc1OC, COc1cc2ncnc(Oc3cccc(NC(=O)Nc4cc(on4)C(C)(C)C(F)(F)F)c3)c2cc1OC","DKNUPRMJNUQNHR-UHFFFAOYSA-N, DKNUPRMJNUQNHR-UHFFFAOYSA-N, DKNUPRMJNUQNHR-UHFFFAOYSA-N, DKNUPRMJNUQNHR-UHFFFAOYSA-N, DKNUPRMJNUQNHR-UHFFFAOYSA-N, DKNUPRMJNUQNHR-UHFFFAOYSA-N, DKNUPRMJNUQNHR-UHFFFAOYSA-N",Phase 1/Phase 2
CEP-33779,JAK inhibitor,JAK2,,,"Selleck, Selleck, Selleck, Selleck, Selleck, MedChemEx, MedChemEx",97,"CN1CCN(CC1)c1cccc(Nc2nc3c(cccn3n2)-c2ccc(cc2)S(C)(=O)=O)c1, CN1CCN(CC1)c1cccc(Nc2nc3c(cccn3n2)-c2ccc(cc2)S(C)(=O)=O)c1, CN1CCN(CC1)c1cccc(Nc2nc3c(cccn3n2)-c2ccc(cc2)S(C)(=O)=O)c1, CN1CCN(CC1)c1cccc(Nc2nc3c(cccn3n2)-c2ccc(cc2)S(C)(=O)=O)c1, CN1CCN(CC1)c1cccc(Nc2nc3c(cccn3n2)-c2ccc(cc2)S(C)(=O)=O)c1, CN1CCN(CC1)c1cccc(Nc2nc3c(cccn3n2)-c2ccc(cc2)S(C)(=O)=O)c1, CN1CCN(CC1)c1cccc(Nc2nc3c(cccn3n2)-c2ccc(cc2)S(C)(=O)=O)c1","RFZKSQIFOZZIAQ-UHFFFAOYSA-N, RFZKSQIFOZZIAQ-UHFFFAOYSA-N, RFZKSQIFOZZIAQ-UHFFFAOYSA-N, RFZKSQIFOZZIAQ-UHFFFAOYSA-N, RFZKSQIFOZZIAQ-UHFFFAOYSA-N, RFZKSQIFOZZIAQ-UHFFFAOYSA-N, RFZKSQIFOZZIAQ-UHFFFAOYSA-N",Preclinical
CEP-37440,ALK tyrosine kinase receptor inhibitor,ALK,,,"MedChemEx, MedChemEx, MedChemEx, MedChemEx, MedChemEx, MedChemEx",97.19,"CNC(=O)c1ccccc1Nc1nc(Nc2ccc3C[C@H](CCCc3c2OC)N2CCN(CCO)CC2)ncc1Cl, CNC(=O)c1ccccc1Nc1nc(Nc2ccc3C[C@H](CCCc3c2OC)N2CCN(CCO)CC2)ncc1Cl, CNC(=O)c1ccccc1Nc1nc(Nc2ccc3C[C@H](CCCc3c2OC)N2CCN(CCO)CC2)ncc1Cl, CNC(=O)c1ccccc1Nc1nc(Nc2ccc3C[C@H](CCCc3c2OC)N2CCN(CCO)CC2)ncc1Cl, CNC(=O)c1ccccc1Nc1nc(Nc2ccc3C[C@H](CCCc3c2OC)N2CCN(CCO)CC2)ncc1Cl, CNC(=O)c1ccccc1Nc1nc(Nc2ccc3C[C@H](CCCc3c2OC)N2CCN(CCO)CC2)ncc1Cl","BCSHRERPHLTPEE-NRFANRHFSA-N, BCSHRERPHLTPEE-NRFANRHFSA-N, BCSHRERPHLTPEE-NRFANRHFSA-N, BCSHRERPHLTPEE-NRFANRHFSA-N, InChI=1S/C30H38ClN7O3/c1-32-29(40)23-7-3-4-9-25(23)34-28-24(31)19-33-30(36-28)35-26-11-10-20-18-21(6-5-8-22(20)27(26)41-2)38-14-12-37(13-15-38)16-17-39/h3-4,7,9-11,19,21,39H,5-6,8,12-18H2,1-2H3,(H,32,40)(H2,33,34,35,36)/t21-/m0/s1, InChI=1S/C30H38ClN7O3/c1-32-29(40)23-7-3-4-9-25(23)34-28-24(31)19-33-30(36-28)35-26-11-10-20-18-21(6-5-8-22(20)27(26)41-2)38-14-12-37(13-15-38)16-17-39/h3-4,7,9-11,19,21,39H,5-6,8,12-18H2,1-2H3,(H,32,40)(H2,33,34,35,36)/t21-/m0/s1",Phase 1
CEP-40783,AXL kinase inhibitor,,,,MedChemEx,96.21,COc1cc2nccc(Oc3ccc(NC(=O)c4cn(C(C)C)c(=O)n(-c5ccc(F)cc5)c4=O)cc3F)c2cc1OC,FKCWHHYUMFGOPY-UHFFFAOYSA-N,Preclinical
cephalexin,bacterial cell wall synthesis inhibitor,,"infectious disease, otolaryngology","respiratory tract infections, otitis, skin infections, bone and joint infections, genitourinary tract infections","MedChemEx, MedChemEx, Sigma, MicroSource, Selleck, Selleck",75.26,"CC1=C(N2[C@H](SC1)[C@H](NC(=O)[C@H](N)c1ccccc1)C2=O)C(O)=O |t:1|, CC1=C(N2[C@H](SC1)[C@H](NC(=O)[C@H](N)c1ccccc1)C2=O)C(O)=O |t:1|, CC1=C(N2[C@H](SC1)[C@H](NC(=O)[C@H](N)c1ccccc1)C2=O)C(O)=O |t:1|, CC1=C(N2[C@H](SC1)[C@H](NC(=O)[C@H](N)c1ccccc1)C2=O)C(O)=O |t:1|, CC1=C(N2[C@H](SC1)[C@H](NC(=O)[C@H](N)c1ccccc1)C2=O)C(O)=O |t:1|, CC1=C(N2[C@H](SC1)[C@H](NC(=O)[C@H](N)c1ccccc1)C2=O)C(O)=O |t:1|","ZAIPMKNFIOOWCQ-UEKVPHQBSA-N, ZAIPMKNFIOOWCQ-UEKVPHQBSA-N, ZAIPMKNFIOOWCQ-UEKVPHQBSA-N, ZAIPMKNFIOOWCQ-UEKVPHQBSA-N, ZAIPMKNFIOOWCQ-UEKVPHQBSA-N, ZAIPMKNFIOOWCQ-UEKVPHQBSA-N",Launched
cephalomannine,DNA polymerase inhibitor,,,,"MedChemEx, Selleck, Selleck",94.06,"C\C=C(/C)C(=O)N[C@H]([C@@H](O)C(=O)O[C@H]1C[C@@]2(O)[C@@H](OC(=O)c3ccccc3)[C@@H]3[C@@]4(CO[C@@H]4C[C@H](O)[C@@]3(C)C(=O)[C@H](OC(C)=O)C(=C1C)C2(C)C)OC(C)=O)c1ccccc1 |t:47|, C\C=C(/C)C(=O)N[C@H]([C@@H](O)C(=O)O[C@H]1C[C@@]2(O)[C@@H](OC(=O)c3ccccc3)[C@@H]3[C@@]4(CO[C@@H]4C[C@H](O)[C@@]3(C)C(=O)[C@H](OC(C)=O)C(=C1C)C2(C)C)OC(C)=O)c1ccccc1 |t:47|, C\C=C(/C)C(=O)N[C@H]([C@@H](O)C(=O)O[C@H]1C[C@@]2(O)[C@@H](OC(=O)c3ccccc3)[C@@H]3[C@@]4(CO[C@@H]4C[C@H](O)[C@@]3(C)C(=O)[C@H](OC(C)=O)C(=C1C)C2(C)C)OC(C)=O)c1ccccc1 |t:47|","DBXFAPJCZABTDR-WBYYIXQISA-N, DBXFAPJCZABTDR-WBYYIXQISA-N, DBXFAPJCZABTDR-WBYYIXQISA-N",Preclinical
cephalosporin-c-zn,bacterial cell wall synthesis inhibitor,,,,CombiBlocks,0,CC(=O)OCC1=C2N3[C@H](SC1)[C@H](NC(=O)CCC[C@H](N)C(=O)O[Zn]OC2=O)C3=O |t:5|,TVMXJQZBKOMFQK-JFEXGKLBSA-L,Preclinical
cephalothin,bacterial cell wall synthesis inhibitor,,infectious disease,"skin infections, surgical prophylaxis","MicroSource, MedChemEx",92.86,"CC(=O)OCC1=C(N2[C@H](SC1)[C@H](NC(=O)Cc1cccs1)C2=O)C(O)=O |t:5|, CC(=O)OCC1=C(N2[C@H](SC1)[C@H](NC(=O)Cc1cccs1)C2=O)C(O)=O |t:5|","XIURVHNZVLADCM-IUODEOHRSA-N, XIURVHNZVLADCM-IUODEOHRSA-N",Launched
cephapirin,bacterial cell wall synthesis inhibitor,,obstetrics/gynecology,mastitis,"MicroSource, Selleck, Selleck",88.36,"CC(=O)OCC1=C(N2[C@H](SC1)[C@H](NC(=O)CSc1ccncc1)C2=O)C(O)=O |t:5|, CC(=O)OCC1=C(N2[C@H](SC1)[C@H](NC(=O)CSc1ccncc1)C2=O)C(O)=O |t:5|, CC(=O)OCC1=C(N2[C@H](SC1)[C@H](NC(=O)CSc1ccncc1)C2=O)C(O)=O |t:5|","UQLLWWBDSUHNEB-CZUORRHYSA-N, UQLLWWBDSUHNEB-CZUORRHYSA-N, UQLLWWBDSUHNEB-CZUORRHYSA-N",Launched
cepharanthine,NFkB pathway inhibitor,,,,"MicroSource, Selleck, Selleck, Selleck, Selleck, Selleck, Selleck",98.07,"COc1ccc2C[C@H]3N(C)CCc4cc(OC)c(Oc5c6OCOc6cc6CCN(C)[C@@H](Cc7ccc(Oc1c2)cc7)c56)cc34, COc1ccc2C[C@H]3N(C)CCc4cc(OC)c(Oc5c6OCOc6cc6CCN(C)[C@@H](Cc7ccc(Oc1c2)cc7)c56)cc34, COc1ccc2C[C@H]3N(C)CCc4cc(OC)c(Oc5c6OCOc6cc6CCN(C)[C@@H](Cc7ccc(Oc1c2)cc7)c56)cc34, COc1ccc2C[C@H]3N(C)CCc4cc(OC)c(Oc5c6OCOc6cc6CCN(C)[C@@H](Cc7ccc(Oc1c2)cc7)c56)cc34, COc1ccc2C[C@H]3N(C)CCc4cc(OC)c(Oc5c6OCOc6cc6CCN(C)[C@@H](Cc7ccc(Oc1c2)cc7)c56)cc34, COc1ccc2C[C@H]3N(C)CCc4cc(OC)c(Oc5c6OCOc6cc6CCN(C)[C@@H](Cc7ccc(Oc1c2)cc7)c56)cc34, COc1ccc2C[C@H]3N(C)CCc4cc(OC)c(Oc5c6OCOc6cc6CCN(C)[C@@H](Cc7ccc(Oc1c2)cc7)c56)cc34","YVPXVXANRNDGTA-WDYNHAJCSA-N, YVPXVXANRNDGTA-WDYNHAJCSA-N, YVPXVXANRNDGTA-WDYNHAJCSA-N, YVPXVXANRNDGTA-WDYNHAJCSA-N, YVPXVXANRNDGTA-WDYNHAJCSA-N, YVPXVXANRNDGTA-WDYNHAJCSA-N, YVPXVXANRNDGTA-WDYNHAJCSA-N",Phase 2
cephradine,bacterial cell wall synthesis inhibitor,,infectious disease,"skin infections, respiratory tract infections, urinary tract infections",MicroSource,5.47,"CC1=C(N2[C@@H](SC1)[C@H](NC(=O)[C@H](N)C1=CCC=CC1)C2=O)C(O)=O |a:7,11,&1:4,c:17,t:1,14|",RDLPVSKMFDYCOR-HFAKWTLXSA-N,Launched
ceramide,"phosphoenolpyruvate carboxylase activator, serine/threonine protein phosphatase activator",,dermatology,cosmetic,Tocris,100,CCCCCCCCCCCCC\C=C\[C@@H](O)[C@H](CO)NC(C)=O,BLTCBVOJNNKFKC-QUDYQQOWSA-N,Launched
ceritinib,ALK tyrosine kinase receptor inhibitor,"ALK, FLT3, IGF1R, INSR, TSSK1B",oncology,non-small cell lung cancer (NSCLC),"MedChemEx, MedChemEx, MedChemEx, MedChemEx, MedChemEx, MedChemEx, MedChemEx, MedChemEx, MedChemEx, MedChemEx, Selleck, Selleck, Selleck, Selleck, Selleck, Selleck",96.7,"CC(C)Oc1cc(C2CCNCC2)c(C)cc1Nc1ncc(Cl)c(Nc2ccccc2S(=O)(=O)C(C)C)n1, CC(C)Oc1cc(C2CCNCC2)c(C)cc1Nc1ncc(Cl)c(Nc2ccccc2S(=O)(=O)C(C)C)n1, CC(C)Oc1cc(C2CCNCC2)c(C)cc1Nc1ncc(Cl)c(Nc2ccccc2S(=O)(=O)C(C)C)n1, CC(C)Oc1cc(C2CCNCC2)c(C)cc1Nc1ncc(Cl)c(Nc2ccccc2S(=O)(=O)C(C)C)n1, CC(C)Oc1cc(C2CCNCC2)c(C)cc1Nc1ncc(Cl)c(Nc2ccccc2S(=O)(=O)C(C)C)n1, CC(C)Oc1cc(C2CCNCC2)c(C)cc1Nc1ncc(Cl)c(Nc2ccccc2S(=O)(=O)C(C)C)n1, CC(C)Oc1cc(C2CCNCC2)c(C)cc1Nc1ncc(Cl)c(Nc2ccccc2S(=O)(=O)C(C)C)n1, CC(C)Oc1cc(C2CCNCC2)c(C)cc1Nc1ncc(Cl)c(Nc2ccccc2S(=O)(=O)C(C)C)n1, CC(C)Oc1cc(C2CCNCC2)c(C)cc1Nc1ncc(Cl)c(Nc2ccccc2S(=O)(=O)C(C)C)n1, CC(C)Oc1cc(C2CCNCC2)c(C)cc1Nc1ncc(Cl)c(Nc2ccccc2S(=O)(=O)C(C)C)n1, CC(C)Oc1cc(C2CCNCC2)c(C)cc1Nc1ncc(Cl)c(Nc2ccccc2S(=O)(=O)C(C)C)n1, CC(C)Oc1cc(C2CCNCC2)c(C)cc1Nc1ncc(Cl)c(Nc2ccccc2S(=O)(=O)C(C)C)n1, CC(C)Oc1cc(C2CCNCC2)c(C)cc1Nc1ncc(Cl)c(Nc2ccccc2S(=O)(=O)C(C)C)n1, CC(C)Oc1cc(C2CCNCC2)c(C)cc1Nc1ncc(Cl)c(Nc2ccccc2S(=O)(=O)C(C)C)n1, CC(C)Oc1cc(C2CCNCC2)c(C)cc1Nc1ncc(Cl)c(Nc2ccccc2S(=O)(=O)C(C)C)n1, CC(C)Oc1cc(C2CCNCC2)c(C)cc1Nc1ncc(Cl)c(Nc2ccccc2S(=O)(=O)C(C)C)n1","VERWOWGGCGHDQE-UHFFFAOYSA-N, VERWOWGGCGHDQE-UHFFFAOYSA-N, VERWOWGGCGHDQE-UHFFFAOYSA-N, VERWOWGGCGHDQE-UHFFFAOYSA-N, VERWOWGGCGHDQE-UHFFFAOYSA-N, VERWOWGGCGHDQE-UHFFFAOYSA-N, VERWOWGGCGHDQE-UHFFFAOYSA-N, VERWOWGGCGHDQE-UHFFFAOYSA-N, VERWOWGGCGHDQE-UHFFFAOYSA-N, VERWOWGGCGHDQE-UHFFFAOYSA-N, VERWOWGGCGHDQE-UHFFFAOYSA-N, VERWOWGGCGHDQE-UHFFFAOYSA-N, VERWOWGGCGHDQE-UHFFFAOYSA-N, VERWOWGGCGHDQE-UHFFFAOYSA-N, VERWOWGGCGHDQE-UHFFFAOYSA-N, VERWOWGGCGHDQE-UHFFFAOYSA-N",Launched
cerulenin,fatty acid synthase inhibitor,FASN,infectious disease,fungal infection,"Enzo, Enzo, Enzo",41.25,"C\C=C\C\C=C\CCC(=O)[C@H]1O[C@H]1C(N)=O, C\C=C\C\C=C\CCC(=O)[C@H]1O[C@H]1C(N)=O, C\C=C\C\C=C\CCC(=O)[C@H]1O[C@H]1C(N)=O","GVEZIHKRYBHEFX-NQQPLRFYSA-N, GVEZIHKRYBHEFX-NQQPLRFYSA-N, GVEZIHKRYBHEFX-NQQPLRFYSA-N",Launched
ceruletide,CCK receptor agonist,CCKAR,,,MedChemEx,93.01,[H][C@](NC(=O)[C@H](Cc1ccc(OS(O)(=O)=O)cc1)NC(=O)[C@H](CC(O)=O)NC(=O)[C@H](CCC(N)=O)NC(=O)[C@@H]1CCC(=O)N1)([C@@H](C)O)C(=O)NCC(=O)N[C@@H](Cc1c[nH]c2ccccc12)C(=O)N[C@@H](CCSC)C(=O)N[C@@H](CC(O)=O)C(=O)N[C@@H](Cc1ccccc1)C(N)=O,YRALAIOMGQZKOW-HYAOXDFASA-N,Preclinical
cetaben,"ACAT inhibitor, cholesterol inhibitor",PPARA,,,"Adooq, Adooq, Adooq",81.99,"CCCCCCCCCCCCCCCCNc1ccc(cc1)C(O)=O, CCCCCCCCCCCCCCCCNc1ccc(cc1)C(O)=O, CCCCCCCCCCCCCCCCNc1ccc(cc1)C(O)=O","QXWKHSSBFQDQPR-UHFFFAOYSA-N, QXWKHSSBFQDQPR-UHFFFAOYSA-N, QXWKHSSBFQDQPR-UHFFFAOYSA-N",Phase 2
cetilistat,triacylglycerol lipase inhibitor,PNLIP,,,"Key, TCI",17.4,"CCCCCCCCCCCCCCCCOc1nc2ccc(C)cc2c(=O)o1, CCCCCCCCCCCCCCCCOc1nc2ccc(C)cc2c(=O)o1","MVCQKIKWYUURMU-UHFFFAOYSA-N, MVCQKIKWYUURMU-UHFFFAOYSA-N",Phase 3
cetirizine,histamine receptor antagonist,HRH1,allergy,allergic rhinitis,"Tocris, MicroSource, Selleck",98.06,"OC(=O)COCCN1CCN(CC1)[C@@H](c1ccccc1)c1ccc(Cl)cc1 |&1:13|, OC(=O)COCCN1CCN(CC1)[C@@H](c1ccccc1)c1ccc(Cl)cc1 |&1:13|, OC(=O)COCCN1CCN(CC1)[C@@H](c1ccccc1)c1ccc(Cl)cc1 |&1:13|","ZKLPARSLTMPFCP-NRFANRHFSA-N, ZKLPARSLTMPFCP-NRFANRHFSA-N, ZKLPARSLTMPFCP-NRFANRHFSA-N",Launched
cetrimonium,,,dermatology,cosmetic,"MedChemEx, MedChemEx, Selleck, Selleck, Selleck, Selleck, MicroSource",100,"CCCCCCCCCCCCCCCC[N+](C)(C)C, CCCCCCCCCCCCCCCC[N+](C)(C)C, CCCCCCCCCCCCCCCC[N+](C)(C)C, CCCCCCCCCCCCCCCC[N+](C)(C)C, CCCCCCCCCCCCCCCC[N+](C)(C)C, CCCCCCCCCCCCCCCC[N+](C)(C)C, CCCCCCCCCCCCCCCC[N+](C)(C)C","RLGQACBPNDBWTB-UHFFFAOYSA-N, RLGQACBPNDBWTB-UHFFFAOYSA-N, RLGQACBPNDBWTB-UHFFFAOYSA-N, RLGQACBPNDBWTB-UHFFFAOYSA-N, RLGQACBPNDBWTB-UHFFFAOYSA-N, RLGQACBPNDBWTB-UHFFFAOYSA-N, RLGQACBPNDBWTB-UHFFFAOYSA-N",Launched
cetrorelix,gonadotropin releasing factor hormone receptor antagonist,"GNRHR, LHCGR",endocrinology,premature luteinizing hormone surges,"Sigma, Sigma, MedChemEx",98.03,"CC(C)C[C@H](NC(=O)[C@@H](CCCNC(N)=O)NC(=O)[C@H](Cc1ccc(O)cc1)NC(=O)[C@H](CO)NC(=O)[C@@H](Cc1cccnc1)NC(=O)[C@@H](Cc1ccc(Cl)cc1)NC(=O)[C@@H](Cc1ccc2ccccc2c1)NC(C)=O)C(=O)N[C@@H](CCCNC(N)=N)C(=O)N1CCC[C@H]1C(=O)N[C@H](C)C(N)=O, CC(C)C[C@H](NC(=O)[C@@H](CCCNC(N)=O)NC(=O)[C@H](Cc1ccc(O)cc1)NC(=O)[C@H](CO)NC(=O)[C@@H](Cc1cccnc1)NC(=O)[C@@H](Cc1ccc(Cl)cc1)NC(=O)[C@@H](Cc1ccc2ccccc2c1)NC(C)=O)C(=O)N[C@@H](CCCNC(N)=N)C(=O)N1CCC[C@H]1C(=O)N[C@H](C)C(N)=O, CC(C)C[C@H](NC(=O)[C@@H](CCCNC(N)=O)NC(=O)[C@H](Cc1ccc(O)cc1)NC(=O)[C@H](CO)NC(=O)[C@@H](Cc1cccnc1)NC(=O)[C@@H](Cc1ccc(Cl)cc1)NC(=O)[C@@H](Cc1ccc2ccccc2c1)NC(C)=O)C(=O)N[C@@H](CCCNC(N)=N)C(=O)N1CCC[C@H]1C(=O)N[C@H](C)C(N)=O","SBNPWPIBESPSIF-MHWMIDJBSA-N, SBNPWPIBESPSIF-MHWMIDJBSA-N, SBNPWPIBESPSIF-MHWMIDJBSA-N",Launched
cetylpyridinium,,,dental,"gingivitis, mouth inflammation","MicroSource, MicroSource, MicroSource, MicroSource, MicroSource, MedChemEx, MedChemEx, MedChemEx, Selleck, Selleck",98.97,"CCCCCCCCCCCCCCCC[n+]1ccccc1, CCCCCCCCCCCCCCCC[n+]1ccccc1, CCCCCCCCCCCCCCCC[n+]1ccccc1, CCCCCCCCCCCCCCCC[n+]1ccccc1, CCCCCCCCCCCCCCCC[n+]1ccccc1, CCCCCCCCCCCCCCCC[n+]1ccccc1, CCCCCCCCCCCCCCCC[n+]1ccccc1, CCCCCCCCCCCCCCCC[n+]1ccccc1, CCCCCCCCCCCCCCCC[n+]1ccccc1, CCCCCCCCCCCCCCCC[n+]1ccccc1","NEUSVAOJNUQRTM-UHFFFAOYSA-N, NEUSVAOJNUQRTM-UHFFFAOYSA-N, NEUSVAOJNUQRTM-UHFFFAOYSA-N, NEUSVAOJNUQRTM-UHFFFAOYSA-N, NEUSVAOJNUQRTM-UHFFFAOYSA-N, NEUSVAOJNUQRTM-UHFFFAOYSA-N, NEUSVAOJNUQRTM-UHFFFAOYSA-N, NEUSVAOJNUQRTM-UHFFFAOYSA-N, NEUSVAOJNUQRTM-UHFFFAOYSA-N, NEUSVAOJNUQRTM-UHFFFAOYSA-N",Launched
cevimeline,acetylcholine receptor agonist,CHRM3,rheumatology,sjogren's syndrome,Tocris,100,"C[C@H]1O[C@]2(CS1)CN1CCC2CC1 |&1:1,3|",WUTYZMFRCNBCHQ-WPRPVWTQSA-N,Launched
cevipabulin,"microtubule stimulant, tubulin polymerization inhibitor",TUBB,,,MedChemEx,91.03,[H][C@@](C)(Nc1c(c(Cl)nc2ncnn12)-c1c(F)cc(OCCCNC)cc1F)C(F)(F)F,ZUZPCOQWSYNWLU-VIFPVBQESA-N,Phase 1
CE3F4,rap guanine nucleotide exchange factor inhibitor,RAPGEF3,,,"Tocris, Tocris",98.53,"C[C@H]1CCc2c(Br)c(F)c(Br)cc2N1C=O |&1:1,r|, C[C@H]1CCc2c(Br)c(F)c(Br)cc2N1C=O |&1:1,r|","ZZLQPWXVZCPUGC-LURJTMIESA-N, ZZLQPWXVZCPUGC-LURJTMIESA-N",Preclinical
CFI-400945,serine/threonine kinase inhibitor,,,,MedChemEx,95.21,COc1ccc2NC(=O)[C@@]3(C[C@H]3c3ccc4c(\C=C\c5ccc(CN6C[C@H](C)O[C@H](C)C6)cc5)[nH]nc4c3)c2c1,DADASRPKWOGKCU-FVTQAUBDSA-N,Phase 2
CFI-402257,dual specificity protein kinase inhibitor,,,,MedChemEx,95.05,Cc1cc(ccc1C(=O)NC1CC1)-c1cnn2c(NC[C@H]3C[C@@](C)(O)C3)cc(Oc3cccnc3)nc12 |r|,PMQUGSPFUBGJCZ-CHOKWEPUSA-N,Phase 1/Phase 2
CFM-1571,guanylate cyclase activator,,,,"Tocris, Tocris",95.4,"COc1ccc(NC(=O)c2cc(OCCCN(C)C)nn2Cc2ccccc2)cc1, COc1ccc(NC(=O)c2cc(OCCCN(C)C)nn2Cc2ccccc2)cc1","YZCSJBGQLATPMH-UHFFFAOYSA-N, YZCSJBGQLATPMH-UHFFFAOYSA-N",Preclinical
CFM-2,glutamate receptor antagonist,,,,"Tocris, Tocris",89.65,"COc1cc2CC(=O)NN=C(c3ccc(N)cc3)c2cc1OC |t:9|, COc1cc2CC(=O)NN=C(c3ccc(N)cc3)c2cc1OC |t:9|","MJKADKZSYQWGLL-UHFFFAOYSA-N, MJKADKZSYQWGLL-UHFFFAOYSA-N",Preclinical
CFTRinh-172,chloride channel blocker,CFTR,,,"Tocris, Tocris, Tocris, Selleck, Selleck",90.32,"OC(=O)c1ccc(\C=C2\SC(=S)N(C2=O)c2cccc(c2)C(F)(F)F)cc1, OC(=O)c1ccc(\C=C2\SC(=S)N(C2=O)c2cccc(c2)C(F)(F)F)cc1, OC(=O)c1ccc(\C=C2\SC(=S)N(C2=O)c2cccc(c2)C(F)(F)F)cc1, OC(=O)c1ccc(\C=C2\SC(=S)N(C2=O)c2cccc(c2)C(F)(F)F)cc1, OC(=O)c1ccc(\C=C2\SC(=S)N(C2=O)c2cccc(c2)C(F)(F)F)cc1","JIMHYXZZCWVCMI-RIYZIHGNSA-N, JIMHYXZZCWVCMI-RIYZIHGNSA-N, JIMHYXZZCWVCMI-RIYZIHGNSA-N, JIMHYXZZCWVCMI-RIYZIHGNSA-N, JIMHYXZZCWVCMI-RIYZIHGNSA-N",Preclinical
CF102,adenosine receptor agonist,"ADORA1, ADORA2A, ADORA2B, ADORA3",,,"Tocris, Tocris, Tocris, Tocris",98.78,"CNC(=O)[C@H]1O[C@H]([C@H](O)[C@@H]1O)n1cnc2c(NCc3cccc(I)c3)nc(Cl)nc12, CNC(=O)[C@H]1O[C@H]([C@H](O)[C@@H]1O)n1cnc2c(NCc3cccc(I)c3)nc(Cl)nc12, CNC(=O)[C@H]1O[C@H]([C@H](O)[C@@H]1O)n1cnc2c(NCc3cccc(I)c3)nc(Cl)nc12, CNC(=O)[C@H]1O[C@H]([C@H](O)[C@@H]1O)n1cnc2c(NCc3cccc(I)c3)nc(Cl)nc12","IPSYPUKKXMNCNQ-PFHKOEEOSA-N, IPSYPUKKXMNCNQ-PFHKOEEOSA-N, IPSYPUKKXMNCNQ-PFHKOEEOSA-N, IPSYPUKKXMNCNQ-PFHKOEEOSA-N",Phase 2
CG-400549,FABI inhibitor,,,,"Astatech, Astatech",95.34,"Cc1c(N)cccc1Cn1ccc(OCCc2cccs2)cc1=O, Cc1c(N)cccc1Cn1ccc(OCCc2cccs2)cc1=O","YCLREGRRHGLOAK-UHFFFAOYSA-N, YCLREGRRHGLOAK-UHFFFAOYSA-N",Phase 2
CGH2466,adenosine receptor antagonist,"ADORA1, ADORA2B, ADORA3",,,"Tocris, Tocris, Tocris, Tocris, Tocris",94.17,"Nc1nc(c(s1)-c1ccncc1)-c1ccc(Cl)c(Cl)c1, Nc1nc(c(s1)-c1ccncc1)-c1ccc(Cl)c(Cl)c1, Nc1nc(c(s1)-c1ccncc1)-c1ccc(Cl)c(Cl)c1, Nc1nc(c(s1)-c1ccncc1)-c1ccc(Cl)c(Cl)c1, Nc1nc(c(s1)-c1ccncc1)-c1ccc(Cl)c(Cl)c1","BEPGKLOHQTXUHX-UHFFFAOYSA-N, BEPGKLOHQTXUHX-UHFFFAOYSA-N, BEPGKLOHQTXUHX-UHFFFAOYSA-N, BEPGKLOHQTXUHX-UHFFFAOYSA-N, BEPGKLOHQTXUHX-UHFFFAOYSA-N",Preclinical
CGK-733,"ATM kinase inhibitor, ATR kinase inhibitor","ATM, ATR",,,"Tocris, Tocris, Tocris, Selleck, Selleck, Selleck",97.37,"[O-][N+](=O)c1cc(NC(=S)N[C@@H](NC(=O)C(c2ccccc2)c2ccccc2)C(Cl)(Cl)Cl)ccc1F |&1:10,r|, [O-][N+](=O)c1cc(NC(=S)N[C@@H](NC(=O)C(c2ccccc2)c2ccccc2)C(Cl)(Cl)Cl)ccc1F |&1:10,r|, [O-][N+](=O)c1cc(NC(=S)N[C@@H](NC(=O)C(c2ccccc2)c2ccccc2)C(Cl)(Cl)Cl)ccc1F |&1:10,r|, [O-][N+](=O)c1cc(NC(=S)N[C@@H](NC(=O)C(c2ccccc2)c2ccccc2)C(Cl)(Cl)Cl)ccc1F |&1:10,r|, [O-][N+](=O)c1cc(NC(=S)N[C@@H](NC(=O)C(c2ccccc2)c2ccccc2)C(Cl)(Cl)Cl)ccc1F |&1:10,r|, [O-][N+](=O)c1cc(NC(=S)N[C@@H](NC(=O)C(c2ccccc2)c2ccccc2)C(Cl)(Cl)Cl)ccc1F |&1:10,r|","HLCDNLNLQNYZTK-OAQYLSRUSA-N, HLCDNLNLQNYZTK-OAQYLSRUSA-N, HLCDNLNLQNYZTK-OAQYLSRUSA-N, HLCDNLNLQNYZTK-OAQYLSRUSA-N, HLCDNLNLQNYZTK-OAQYLSRUSA-N, HLCDNLNLQNYZTK-OAQYLSRUSA-N",Preclinical
CGM097,MDM inhibitor,MDM2,,,"MedChemEx, MedChemEx, MedChemEx, MedChemEx, MedChemEx, MedChemEx, MedChemEx",92.76,"COc1cc2CC(=O)N([C@@H](c3ccc(Cl)cc3)c2cc1OC(C)C)c1ccc(cc1)N(C)C[C@H]1CC[C@@H](CC1)N1CCN(C)C(=O)C1, COc1cc2CC(=O)N([C@@H](c3ccc(Cl)cc3)c2cc1OC(C)C)c1ccc(cc1)N(C)C[C@H]1CC[C@@H](CC1)N1CCN(C)C(=O)C1, COc1cc2CC(=O)N([C@@H](c3ccc(Cl)cc3)c2cc1OC(C)C)c1ccc(cc1)N(C)C[C@H]1CC[C@@H](CC1)N1CCN(C)C(=O)C1, COc1cc2CC(=O)N([C@@H](c3ccc(Cl)cc3)c2cc1OC(C)C)c1ccc(cc1)N(C)C[C@H]1CC[C@@H](CC1)N1CCN(C)C(=O)C1, COc1cc2CC(=O)N([C@@H](c3ccc(Cl)cc3)c2cc1OC(C)C)c1ccc(cc1)N(C)C[C@H]1CC[C@@H](CC1)N1CCN(C)C(=O)C1, COc1cc2CC(=O)N([C@@H](c3ccc(Cl)cc3)c2cc1OC(C)C)c1ccc(cc1)N(C)C[C@H]1CC[C@@H](CC1)N1CCN(C)C(=O)C1, COc1cc2CC(=O)N([C@@H](c3ccc(Cl)cc3)c2cc1OC(C)C)c1ccc(cc1)N(C)C[C@H]1CC[C@@H](CC1)N1CCN(C)C(=O)C1","CLRSLRWKONPSRQ-IIPSPAQQSA-N, CLRSLRWKONPSRQ-IIPSPAQQSA-N, CLRSLRWKONPSRQ-IIPSPAQQSA-N, CLRSLRWKONPSRQ-IIPSPAQQSA-N, CLRSLRWKONPSRQ-IIPSPAQQSA-N, CLRSLRWKONPSRQ-IIPSPAQQSA-N, CLRSLRWKONPSRQ-IIPSPAQQSA-N",Phase 1
CGP-12177,adrenergic receptor agonist,"ADRB1, ADRB2, ADRB3",,,"Tocris, Tocris",96.6,"CC(C)(C)NC[C@@H](O)COc1cccc2[nH]c(=O)[nH]c12 |&1:6|, CC(C)(C)NC[C@@H](O)COc1cccc2[nH]c(=O)[nH]c12 |&1:6|","UMQUQWCJKFOUGV-SECBINFHSA-N, UMQUQWCJKFOUGV-SECBINFHSA-N",Phase 1
CGP-13501,GABA receptor modulator,GABBR1,,,"Tocris, Tocris, Tocris, Tocris",96.2,"CC(C)(C)c1cc(CC(C)(C)C=O)cc(c1O)C(C)(C)C, CC(C)(C)c1cc(CC(C)(C)C=O)cc(c1O)C(C)(C)C, CC(C)(C)c1cc(CC(C)(C)C=O)cc(c1O)C(C)(C)C, CC(C)(C)c1cc(CC(C)(C)C=O)cc(c1O)C(C)(C)C","XGWATTXMMMANFJ-UHFFFAOYSA-N, XGWATTXMMMANFJ-UHFFFAOYSA-N, XGWATTXMMMANFJ-UHFFFAOYSA-N, XGWATTXMMMANFJ-UHFFFAOYSA-N",Preclinical
CGP-20712A,adrenergic receptor antagonist,"ADRB1, ADRB3",,,Sigma,97.65,"CS(O)(=O)=O.Cn1cc(nc1-c1ccc(OC[C@H](O)CNCCOc2ccc(O)c(c2)C(N)=O)cc1)C(F)(F)F |&1:17,r|",VFPOVCXWKBYDNF-XFULWGLBSA-N,Preclinical
CGP-25454A,dopamine receptor antagonist,,,,MedChemEx,97.68,CCN(CC)CCNC(=O)c1cc(C#N)c(Cl)cc1OC,JEMKCYHUYUPGFN-UHFFFAOYSA-N,Preclinical
CGP-37157,"mitochondrial Na+/Ca2+ exchanger antagonist, sodium/calcium exchange inhibitor",SLC8A1,,,"Tocris, Tocris, Tocris, Tocris, Tocris",99.24,"Clc1ccc2NC(=O)CS[C@@H](c3ccccc3Cl)c2c1 |&1:10,r|, Clc1ccc2NC(=O)CS[C@@H](c3ccccc3Cl)c2c1 |&1:10,r|, Clc1ccc2NC(=O)CS[C@@H](c3ccccc3Cl)c2c1 |&1:10,r|, Clc1ccc2NC(=O)CS[C@@H](c3ccccc3Cl)c2c1 |&1:10,r|, Clc1ccc2NC(=O)CS[C@@H](c3ccccc3Cl)c2c1 |&1:10,r|","KQEPIRKXSUIUTH-HNNXBMFYSA-N, KQEPIRKXSUIUTH-HNNXBMFYSA-N, KQEPIRKXSUIUTH-HNNXBMFYSA-N, KQEPIRKXSUIUTH-HNNXBMFYSA-N, KQEPIRKXSUIUTH-HNNXBMFYSA-N",Preclinical
CGP-37849,glutamate receptor antagonist,"GRIN2A, GRIN2B, GRIN2C, GRIN2D",,,"Tocris, EMDBio",0,"C\C(CP(O)(O)=O)=C/[C@@H](N)C(O)=O |&1:8,r|, C\C(CP(O)(O)=O)=C/[C@@H](N)C(O)=O |&1:8,r|","BDYHNCZIGYIOGJ-XWCPEMDWSA-N, BDYHNCZIGYIOGJ-XWCPEMDWSA-N",Phase 1
CGP-39551,NMDA receptor antagonist,,,,Sigma,0,"CCOC(=O)[C@H](N)\C=C(/C)CP(O)(O)=O |&1:5,r|",OKDOWCKDTWNRCB-PTYLAXBQSA-N,Preclinical
CGP-52411,EGFR inhibitor,EGFR,,,"Tocris, Tocris, Tocris, Tocris",94.94,"O=C1NC(=O)c2cc(Nc3ccccc3)c(Nc3ccccc3)cc12, O=C1NC(=O)c2cc(Nc3ccccc3)c(Nc3ccccc3)cc12, O=C1NC(=O)c2cc(Nc3ccccc3)c(Nc3ccccc3)cc12, O=C1NC(=O)c2cc(Nc3ccccc3)c(Nc3ccccc3)cc12","AAALVYBICLMAMA-UHFFFAOYSA-N, AAALVYBICLMAMA-UHFFFAOYSA-N, AAALVYBICLMAMA-UHFFFAOYSA-N, AAALVYBICLMAMA-UHFFFAOYSA-N",Preclinical
CGP-53353,"EGFR inhibitor, PKC inhibitor","EGFR, PRKCB",,,"Tocris, Tocris",94.62,"Fc1ccc(Nc2cc3C(=O)NC(=O)c3cc2Nc2ccc(F)cc2)cc1, Fc1ccc(Nc2cc3C(=O)NC(=O)c3cc2Nc2ccc(F)cc2)cc1","RONQPWQYDRPRGG-UHFFFAOYSA-N, RONQPWQYDRPRGG-UHFFFAOYSA-N",Preclinical
CGP-54626,GABA receptor antagonist,"GABBR1, GABBR2, KCTD12, KCTD16, KCTD8",,,"Tocris, Tocris, Tocris",93.07,"C[C@H](NC[C@H](O)CP(O)(=O)CC1CCCCC1)c1ccc(Cl)c(Cl)c1 |a:1,4,&1:7|, C[C@H](NC[C@H](O)CP(O)(=O)CC1CCCCC1)c1ccc(Cl)c(Cl)c1 |a:1,4,&1:7|, C[C@H](NC[C@H](O)CP(O)(=O)CC1CCCCC1)c1ccc(Cl)c(Cl)c1 |a:1,4,&1:7|","JGGVBBYJRQOPPA-BBRMVZONSA-N, JGGVBBYJRQOPPA-BBRMVZONSA-N, JGGVBBYJRQOPPA-BBRMVZONSA-N",Preclinical
CGP-55845,GABA receptor antagonist,"GABBR1, GABBR2, KCTD12, KCTD16, KCTD8",,,"Tocris, Tocris",97.18,"C[C@H](NC[C@H](O)CP(O)(=O)Cc1ccccc1)c1ccc(Cl)c(Cl)c1, C[C@H](NC[C@H](O)CP(O)(=O)Cc1ccccc1)c1ccc(Cl)c(Cl)c1","ZODSPDOOCZZEIM-BBRMVZONSA-N, ZODSPDOOCZZEIM-BBRMVZONSA-N",Preclinical
CGP-57380,MAP kinase inhibitor,"AURKB, LCK, MKNK1, MKNK2, SGK1",,,"Tocris, Selleck, Tocris",92.47,"Nc1ncnc2n[nH]c(Nc3ccc(F)cc3)c12, Nc1ncnc2n[nH]c(Nc3ccc(F)cc3)c12, Nc1ncnc2n[nH]c(Nc3ccc(F)cc3)c12","UQPMANVRZYYQMD-UHFFFAOYSA-N, UQPMANVRZYYQMD-UHFFFAOYSA-N, UQPMANVRZYYQMD-UHFFFAOYSA-N",Preclinical
CGP-60474,CDK inhibitor,"CDK1, CDK2",,,"Tocris, Tocris, Tocris, Tocris",98.36,"OCCCNc1cc(ccn1)-c1ccnc(Nc2cccc(Cl)c2)n1, OCCCNc1cc(ccn1)-c1ccnc(Nc2cccc(Cl)c2)n1, OCCCNc1cc(ccn1)-c1ccnc(Nc2cccc(Cl)c2)n1, OCCCNc1cc(ccn1)-c1ccnc(Nc2cccc(Cl)c2)n1","IYNDTACKOAXKBJ-UHFFFAOYSA-N, IYNDTACKOAXKBJ-UHFFFAOYSA-N, IYNDTACKOAXKBJ-UHFFFAOYSA-N, IYNDTACKOAXKBJ-UHFFFAOYSA-N",Preclinical
CGP-71683,neuropeptide receptor antagonist,NPY5R,,,"Tocris, Tocris, Tocris, Tocris",98.57,"Nc1nc(NC[C@H]2CC[C@H](CNS(=O)(=O)c3cccc4ccccc34)CC2)nc2ccccc12 |r|, Nc1nc(NC[C@H]2CC[C@H](CNS(=O)(=O)c3cccc4ccccc34)CC2)nc2ccccc12 |r|, Nc1nc(NC[C@H]2CC[C@H](CNS(=O)(=O)c3cccc4ccccc34)CC2)nc2ccccc12 |r|, Nc1nc(NC[C@H]2CC[C@H](CNS(=O)(=O)c3cccc4ccccc34)CC2)nc2ccccc12 |r|","UULIGRNKXHCLQN-WGSAOQKQSA-N, UULIGRNKXHCLQN-WGSAOQKQSA-N, UULIGRNKXHCLQN-WGSAOQKQSA-N, UULIGRNKXHCLQN-WGSAOQKQSA-N",Preclinical
CGP-74514,CDK inhibitor,CDK1,,,"Tocris, Tocris, Tocris, Tocris",96.7,"CCn1cnc2c(Nc3cccc(Cl)c3)nc(N[C@@H]3CCCC[C@@H]3N)nc12, CCn1cnc2c(Nc3cccc(Cl)c3)nc(N[C@@H]3CCCC[C@@H]3N)nc12, CCn1cnc2c(Nc3cccc(Cl)c3)nc(N[C@@H]3CCCC[C@@H]3N)nc12, CCn1cnc2c(Nc3cccc(Cl)c3)nc(N[C@@H]3CCCC[C@@H]3N)nc12","UTBSBSOBZHXMHI-LSDHHAIUSA-N, UTBSBSOBZHXMHI-LSDHHAIUSA-N, UTBSBSOBZHXMHI-LSDHHAIUSA-N, UTBSBSOBZHXMHI-LSDHHAIUSA-N",Preclinical
CGP-78608,glutamate receptor antagonist,,,,"Tocris, Tocris",97.3,"C[C@@H](NCc1cc(Br)cc2[nH]c(=O)c(=O)[nH]c12)P(O)(O)=O, C[C@@H](NCc1cc(Br)cc2[nH]c(=O)c(=O)[nH]c12)P(O)(O)=O","DPFHVUSPVHRVFL-YFKPBYRVSA-N, DPFHVUSPVHRVFL-YFKPBYRVSA-N",Preclinical
CGP-7930,GABA receptor modulator,GABBR1,,,"Tocris, Tocris, Tocris, Tocris, Tocris, Tocris, Tocris",96.35,"CC(C)(CO)Cc1cc(c(O)c(c1)C(C)(C)C)C(C)(C)C, CC(C)(CO)Cc1cc(c(O)c(c1)C(C)(C)C)C(C)(C)C, CC(C)(CO)Cc1cc(c(O)c(c1)C(C)(C)C)C(C)(C)C, CC(C)(CO)Cc1cc(c(O)c(c1)C(C)(C)C)C(C)(C)C, CC(C)(CO)Cc1cc(c(O)c(c1)C(C)(C)C)C(C)(C)C, CC(C)(CO)Cc1cc(c(O)c(c1)C(C)(C)C)C(C)(C)C, CC(C)(CO)Cc1cc(c(O)c(c1)C(C)(C)C)C(C)(C)C","XLWJPQQFJNGUPA-UHFFFAOYSA-N, XLWJPQQFJNGUPA-UHFFFAOYSA-N, XLWJPQQFJNGUPA-UHFFFAOYSA-N, XLWJPQQFJNGUPA-UHFFFAOYSA-N, XLWJPQQFJNGUPA-UHFFFAOYSA-N, XLWJPQQFJNGUPA-UHFFFAOYSA-N, XLWJPQQFJNGUPA-UHFFFAOYSA-N",Preclinical
CGS-15943,adenosine receptor antagonist,"ADORA1, ADORA2A, ADORA2B, ADORA3",,,"Tocris, Tocris, Tocris, Tocris, Tocris, Tocris, Tocris, WuXi, WuXi, WuXi, WuXi, WuXi, WuXi, WuXi, WuXi, WuXi, WuXi",98.6,"Nc1nc2ccc(Cl)cc2c2nc(nn12)-c1ccco1, Nc1nc2ccc(Cl)cc2c2nc(nn12)-c1ccco1, Nc1nc2ccc(Cl)cc2c2nc(nn12)-c1ccco1, Nc1nc2ccc(Cl)cc2c2nc(nn12)-c1ccco1, Nc1nc2ccc(Cl)cc2c2nc(nn12)-c1ccco1, Nc1nc2ccc(Cl)cc2c2nc(nn12)-c1ccco1, Nc1nc2ccc(Cl)cc2c2nc(nn12)-c1ccco1, Nc1nc2ccc(Cl)cc2c2nc(nn12)-c1ccco1, Nc1nc2ccc(Cl)cc2c2nc(nn12)-c1ccco1, Nc1nc2ccc(Cl)cc2c2nc(nn12)-c1ccco1, Nc1nc2ccc(Cl)cc2c2nc(nn12)-c1ccco1, Nc1nc2ccc(Cl)cc2c2nc(nn12)-c1ccco1, Nc1nc2ccc(Cl)cc2c2nc(nn12)-c1ccco1, Nc1nc2ccc(Cl)cc2c2nc(nn12)-c1ccco1, Nc1nc2ccc(Cl)cc2c2nc(nn12)-c1ccco1, Nc1nc2ccc(Cl)cc2c2nc(nn12)-c1ccco1, Nc1nc2ccc(Cl)cc2c2nc(nn12)-c1ccco1","MSJODEOZODDVGW-UHFFFAOYSA-N, MSJODEOZODDVGW-UHFFFAOYSA-N, MSJODEOZODDVGW-UHFFFAOYSA-N, MSJODEOZODDVGW-UHFFFAOYSA-N, MSJODEOZODDVGW-UHFFFAOYSA-N, MSJODEOZODDVGW-UHFFFAOYSA-N, MSJODEOZODDVGW-UHFFFAOYSA-N, MSJODEOZODDVGW-UHFFFAOYSA-N, MSJODEOZODDVGW-UHFFFAOYSA-N, MSJODEOZODDVGW-UHFFFAOYSA-N, MSJODEOZODDVGW-UHFFFAOYSA-N, MSJODEOZODDVGW-UHFFFAOYSA-N, MSJODEOZODDVGW-UHFFFAOYSA-N, MSJODEOZODDVGW-UHFFFAOYSA-N, MSJODEOZODDVGW-UHFFFAOYSA-N, MSJODEOZODDVGW-UHFFFAOYSA-N, MSJODEOZODDVGW-UHFFFAOYSA-N",Preclinical
CGS-20625,"benzodiazepine receptor agonist, GABA benzodiazepine site receptor partial agonist","GABRA1, GABRA2, GABRA3, GABRA4, GABRA5, GABRA6",,,"Tocris, Tocris, Tocris, Tocris, Tocris",95.6,"COc1ccc(cc1)-n1[nH]c2c3CCCCCc3ncc2c1=O, COc1ccc(cc1)-n1[nH]c2c3CCCCCc3ncc2c1=O, COc1ccc(cc1)-n1[nH]c2c3CCCCCc3ncc2c1=O, COc1ccc(cc1)-n1[nH]c2c3CCCCCc3ncc2c1=O, COc1ccc(cc1)-n1[nH]c2c3CCCCCc3ncc2c1=O","UBLXQFIFWUEVGJ-UHFFFAOYSA-N, UBLXQFIFWUEVGJ-UHFFFAOYSA-N, UBLXQFIFWUEVGJ-UHFFFAOYSA-N, UBLXQFIFWUEVGJ-UHFFFAOYSA-N, UBLXQFIFWUEVGJ-UHFFFAOYSA-N",Phase 1
CGS-21680,adenosine receptor agonist,"ADORA1, ADORA2A, ADORA2B, ADORA3",,,Tocris,93.52,CCNC(=O)[C@H]1O[C@H]([C@H](O)[C@@H]1O)n1cnc2c(N)nc(NCCc3ccc(CCC(O)=O)cc3)nc12,PAOANWZGLPPROA-RQXXJAGISA-N,Preclinical
CGS-9896,GABA receptor antagonist,"GABRA1, GABRB2, GABRG2",,,"ChemDiv, ChemDiv",96.33,"Clc1ccc(cc1)-n1[nH]c2c(cnc3ccccc23)c1=O, Clc1ccc(cc1)-n1[nH]c2c(cnc3ccccc23)c1=O","QCBUAKLOWCOUCR-UHFFFAOYSA-N, QCBUAKLOWCOUCR-UHFFFAOYSA-N",Preclinical
CH-170,,,,,Enamine,99.18,Cc1nc(Cn2cnc3n(C)c(=O)n(C)c(=O)c23)no1,JBXSBZBZASARMY-UHFFFAOYSA-N,Phase 1
CH-5183284,fibroblast growth factor inhibitor,"FGFR1, FGFR2, FGFR3",,,"Selleck, Selleck, Cayman",98.42,"Cc1nc2ccc(cc2[nH]1)-n1ncc(C(=O)c2cc3ccccc3[nH]2)c1N, Cc1nc2ccc(cc2[nH]1)-n1ncc(C(=O)c2cc3ccccc3[nH]2)c1N, Cc1nc2ccc(cc2[nH]1)-n1ncc(C(=O)c2cc3ccccc3[nH]2)c1N","BEMNJULZEQTDJY-UHFFFAOYSA-N, BEMNJULZEQTDJY-UHFFFAOYSA-N, BEMNJULZEQTDJY-UHFFFAOYSA-N",Phase 2
CHC,monocarboxylate transporter inhibitor,SLC16A1,,,"Tocris, MicroSource",97.89,"OC(=O)C(=C\c1ccc(O)cc1)\C#N, OC(=O)C(=C\c1ccc(O)cc1)\C#N","AFVLVVWMAFSXCK-VMPITWQZSA-N, InChI=1S/C10H7NO3/c11-6-8(10(13)14)5-7-1-3-9(12)4-2-7/h1-5,12H,(H,13,14)/b8-5+",Preclinical
chenodeoxycholic-acid,"11-beta hydroxysteroid dehydrogenase inhibitor, FXR agonist","HSD11B1, NR1H4","cardiology, gastroenterology","cerebral cholesterosis, gallstones","MicroSource, MicroSource, Selleck, Selleck, Selleck",100,"C[C@H](CCC(O)=O)[C@H]1CC[C@H]2[C@@H]3[C@H](O)C[C@@H]4C[C@H](O)CC[C@]4(C)[C@H]3CC[C@]12C, C[C@H](CCC(O)=O)[C@H]1CC[C@H]2[C@@H]3[C@H](O)C[C@@H]4C[C@H](O)CC[C@]4(C)[C@H]3CC[C@]12C, C[C@H](CCC(O)=O)[C@H]1CC[C@H]2[C@@H]3[C@H](O)C[C@@H]4C[C@H](O)CC[C@]4(C)[C@H]3CC[C@]12C, C[C@H](CCC(O)=O)[C@H]1CC[C@H]2[C@@H]3[C@H](O)C[C@@H]4C[C@H](O)CC[C@]4(C)[C@H]3CC[C@]12C, C[C@H](CCC(O)=O)[C@H]1CC[C@H]2[C@@H]3[C@H](O)C[C@@H]4C[C@H](O)CC[C@]4(C)[C@H]3CC[C@]12C","RUDATBOHQWOJDD-BSWAIDMHSA-N, RUDATBOHQWOJDD-BSWAIDMHSA-N, RUDATBOHQWOJDD-BSWAIDMHSA-N, RUDATBOHQWOJDD-BSWAIDMHSA-N, RUDATBOHQWOJDD-BSWAIDMHSA-N",Launched
CHF5074,gamma secretase modulator,PSEN1,,,MedChemEx,92.25,OC(=O)C1(CC1)c1ccc(c(F)c1)-c1ccc(Cl)c(Cl)c1,LIYLTQQDABRNRX-UHFFFAOYSA-N,Phase 2
chicago-sky-blue-6b,"glutamate inhibitor, macrophage migration inhibiting factor inhibitor",MIF,,,"Prestwick, Selleck",76.61,"COc1cc(ccc1NN=C1C=Cc2c(cc(c(N)c2C1=O)S(O)(=O)=O)S(O)(=O)=O)-c1ccc(NN=C2C=Cc3c(cc(c(N)c3C2=O)S(O)(=O)=O)S(O)(=O)=O)c(OC)c1 |c:12,40|, COc1cc(ccc1NN=C1C=Cc2c(cc(c(N)c2C1=O)S(O)(=O)=O)S(O)(=O)=O)-c1ccc(NN=C2C=Cc3c(cc(c(N)c3C2=O)S(O)(=O)=O)S(O)(=O)=O)c(OC)c1 |c:12,40|","BGULJNMSWJQIEK-UHFFFAOYSA-N, BGULJNMSWJQIEK-UHFFFAOYSA-N",Preclinical
chidamide,HDAC inhibitor,"HDAC10, HDAC3",hematologic malignancy,peripheral T-cell lymphoma (PTCL),"MedChemEx, MedChemEx, MedChemEx, MedChemEx",91.41,"Nc1ccc(F)cc1NC(=O)c1ccc(CNC(=O)\C=C\c2cccnc2)cc1, Nc1ccc(F)cc1NC(=O)c1ccc(CNC(=O)\C=C\c2cccnc2)cc1, Nc1ccc(F)cc1NC(=O)c1ccc(CNC(=O)\C=C\c2cccnc2)cc1, Nc1ccc(F)cc1NC(=O)c1ccc(CNC(=O)\C=C\c2cccnc2)cc1","WXHHICFWKXDFOW-BJMVGYQFSA-N, WXHHICFWKXDFOW-BJMVGYQFSA-N, WXHHICFWKXDFOW-BJMVGYQFSA-N, WXHHICFWKXDFOW-BJMVGYQFSA-N",Launched
chiniofon,antiprotozoal agent,,infectious disease,amebiasis,"MicroSource, Sigma",97.33,"Oc1c(I)cc(c2cccnc12)S(O)(=O)=O, Oc1c(I)cc(c2cccnc12)S(O)(=O)=O","ZBJWWKFMHOAPNS-UHFFFAOYSA-N, ZBJWWKFMHOAPNS-UHFFFAOYSA-N",Launched
CHIR-124,CHK inhibitor,CHEK1,,,"Selleck, Selleck, Selleck",95.19,"Clc1ccc2[nH]c(=O)c(-c3nc4ccccc4[nH]3)c(N[C@@H]3CN4CCC3CC4)c2c1, Clc1ccc2[nH]c(=O)c(-c3nc4ccccc4[nH]3)c(N[C@@H]3CN4CCC3CC4)c2c1, Clc1ccc2[nH]c(=O)c(-c3nc4ccccc4[nH]3)c(N[C@@H]3CN4CCC3CC4)c2c1","MOVBBVMDHIRCTG-LJQANCHMSA-N, MOVBBVMDHIRCTG-LJQANCHMSA-N, MOVBBVMDHIRCTG-LJQANCHMSA-N",Preclinical
CHIR-98014,glycogen synthase kinase inhibitor,"GSK3A, GSK3B",,,"MedChemEx, Selleck, Selleck, Selleck",94.71,"Nc1nc(NCCNc2ncc(c(n2)-c2ccc(Cl)cc2Cl)-n2ccnc2)ccc1[N+]([O-])=O, Nc1nc(NCCNc2ncc(c(n2)-c2ccc(Cl)cc2Cl)-n2ccnc2)ccc1[N+]([O-])=O, Nc1nc(NCCNc2ncc(c(n2)-c2ccc(Cl)cc2Cl)-n2ccnc2)ccc1[N+]([O-])=O, Nc1nc(NCCNc2ncc(c(n2)-c2ccc(Cl)cc2Cl)-n2ccnc2)ccc1[N+]([O-])=O","MDZCSIDIPDZWKL-UHFFFAOYSA-N, MDZCSIDIPDZWKL-UHFFFAOYSA-N, MDZCSIDIPDZWKL-UHFFFAOYSA-N, MDZCSIDIPDZWKL-UHFFFAOYSA-N",Preclinical
CHIR-99021,glycogen synthase kinase inhibitor,"CDK1, GSK3A, GSK3B, MAPK1",,,"Selleck, Selleck, Selleck, Tocris, Stanley, Stanley, Stanley, Stanley, Stanley, Stanley, Stanley, Stanley, Stanley, Stanley, Stanley, Stanley, Stanley, Stanley, Stanley, Stanley, Stanley, Stanley, Stanley, Stanley, Stanley, Stanley, Stanley, Stanley, Stanley, Stanley, Stanley, Stanley, Stanley, Stanley, Stanley, Stanley, Stanley, Stanley, Stanley, Stanley, Stanley, Stanley, Stanley, Stanley, Stanley, Stanley, Stanley, Stanley, Stanley, Stanley, Stanley, Stanley, Stanley, Stanley, Stanley, Stanley, Stanley, Stanley, Stanley, Stanley, Stanley, Stanley, Stanley, Stanley, Stanley, Stanley, Stanley, Stanley, Stanley, Stanley",98.29,"Cc1c[nH]c(n1)-c1cnc(NCCNc2ccc(cn2)C#N)nc1-c1ccc(Cl)cc1Cl, Cc1c[nH]c(n1)-c1cnc(NCCNc2ccc(cn2)C#N)nc1-c1ccc(Cl)cc1Cl, Cc1c[nH]c(n1)-c1cnc(NCCNc2ccc(cn2)C#N)nc1-c1ccc(Cl)cc1Cl, Cc1c[nH]c(n1)-c1cnc(NCCNc2ccc(cn2)C#N)nc1-c1ccc(Cl)cc1Cl, Cc1c[nH]c(n1)-c1cnc(NCCNc2ccc(cn2)C#N)nc1-c1ccc(Cl)cc1Cl, Cc1c[nH]c(n1)-c1cnc(NCCNc2ccc(cn2)C#N)nc1-c1ccc(Cl)cc1Cl, Cc1c[nH]c(n1)-c1cnc(NCCNc2ccc(cn2)C#N)nc1-c1ccc(Cl)cc1Cl, Cc1c[nH]c(n1)-c1cnc(NCCNc2ccc(cn2)C#N)nc1-c1ccc(Cl)cc1Cl, Cc1c[nH]c(n1)-c1cnc(NCCNc2ccc(cn2)C#N)nc1-c1ccc(Cl)cc1Cl, Cc1c[nH]c(n1)-c1cnc(NCCNc2ccc(cn2)C#N)nc1-c1ccc(Cl)cc1Cl, Cc1c[nH]c(n1)-c1cnc(NCCNc2ccc(cn2)C#N)nc1-c1ccc(Cl)cc1Cl, Cc1c[nH]c(n1)-c1cnc(NCCNc2ccc(cn2)C#N)nc1-c1ccc(Cl)cc1Cl, Cc1c[nH]c(n1)-c1cnc(NCCNc2ccc(cn2)C#N)nc1-c1ccc(Cl)cc1Cl, Cc1c[nH]c(n1)-c1cnc(NCCNc2ccc(cn2)C#N)nc1-c1ccc(Cl)cc1Cl, Cc1c[nH]c(n1)-c1cnc(NCCNc2ccc(cn2)C#N)nc1-c1ccc(Cl)cc1Cl, Cc1c[nH]c(n1)-c1cnc(NCCNc2ccc(cn2)C#N)nc1-c1ccc(Cl)cc1Cl, Cc1c[nH]c(n1)-c1cnc(NCCNc2ccc(cn2)C#N)nc1-c1ccc(Cl)cc1Cl, Cc1c[nH]c(n1)-c1cnc(NCCNc2ccc(cn2)C#N)nc1-c1ccc(Cl)cc1Cl, Cc1c[nH]c(n1)-c1cnc(NCCNc2ccc(cn2)C#N)nc1-c1ccc(Cl)cc1Cl, Cc1c[nH]c(n1)-c1cnc(NCCNc2ccc(cn2)C#N)nc1-c1ccc(Cl)cc1Cl, Cc1c[nH]c(n1)-c1cnc(NCCNc2ccc(cn2)C#N)nc1-c1ccc(Cl)cc1Cl, Cc1c[nH]c(n1)-c1cnc(NCCNc2ccc(cn2)C#N)nc1-c1ccc(Cl)cc1Cl, Cc1c[nH]c(n1)-c1cnc(NCCNc2ccc(cn2)C#N)nc1-c1ccc(Cl)cc1Cl, Cc1c[nH]c(n1)-c1cnc(NCCNc2ccc(cn2)C#N)nc1-c1ccc(Cl)cc1Cl, Cc1c[nH]c(n1)-c1cnc(NCCNc2ccc(cn2)C#N)nc1-c1ccc(Cl)cc1Cl, Cc1c[nH]c(n1)-c1cnc(NCCNc2ccc(cn2)C#N)nc1-c1ccc(Cl)cc1Cl, Cc1c[nH]c(n1)-c1cnc(NCCNc2ccc(cn2)C#N)nc1-c1ccc(Cl)cc1Cl, Cc1c[nH]c(n1)-c1cnc(NCCNc2ccc(cn2)C#N)nc1-c1ccc(Cl)cc1Cl, Cc1c[nH]c(n1)-c1cnc(NCCNc2ccc(cn2)C#N)nc1-c1ccc(Cl)cc1Cl, Cc1c[nH]c(n1)-c1cnc(NCCNc2ccc(cn2)C#N)nc1-c1ccc(Cl)cc1Cl, Cc1c[nH]c(n1)-c1cnc(NCCNc2ccc(cn2)C#N)nc1-c1ccc(Cl)cc1Cl, Cc1c[nH]c(n1)-c1cnc(NCCNc2ccc(cn2)C#N)nc1-c1ccc(Cl)cc1Cl, Cc1c[nH]c(n1)-c1cnc(NCCNc2ccc(cn2)C#N)nc1-c1ccc(Cl)cc1Cl, Cc1c[nH]c(n1)-c1cnc(NCCNc2ccc(cn2)C#N)nc1-c1ccc(Cl)cc1Cl, Cc1c[nH]c(n1)-c1cnc(NCCNc2ccc(cn2)C#N)nc1-c1ccc(Cl)cc1Cl, Cc1c[nH]c(n1)-c1cnc(NCCNc2ccc(cn2)C#N)nc1-c1ccc(Cl)cc1Cl, Cc1c[nH]c(n1)-c1cnc(NCCNc2ccc(cn2)C#N)nc1-c1ccc(Cl)cc1Cl, Cc1c[nH]c(n1)-c1cnc(NCCNc2ccc(cn2)C#N)nc1-c1ccc(Cl)cc1Cl, Cc1c[nH]c(n1)-c1cnc(NCCNc2ccc(cn2)C#N)nc1-c1ccc(Cl)cc1Cl, Cc1c[nH]c(n1)-c1cnc(NCCNc2ccc(cn2)C#N)nc1-c1ccc(Cl)cc1Cl, Cc1c[nH]c(n1)-c1cnc(NCCNc2ccc(cn2)C#N)nc1-c1ccc(Cl)cc1Cl, Cc1c[nH]c(n1)-c1cnc(NCCNc2ccc(cn2)C#N)nc1-c1ccc(Cl)cc1Cl, Cc1c[nH]c(n1)-c1cnc(NCCNc2ccc(cn2)C#N)nc1-c1ccc(Cl)cc1Cl, Cc1c[nH]c(n1)-c1cnc(NCCNc2ccc(cn2)C#N)nc1-c1ccc(Cl)cc1Cl, Cc1c[nH]c(n1)-c1cnc(NCCNc2ccc(cn2)C#N)nc1-c1ccc(Cl)cc1Cl, Cc1c[nH]c(n1)-c1cnc(NCCNc2ccc(cn2)C#N)nc1-c1ccc(Cl)cc1Cl, Cc1c[nH]c(n1)-c1cnc(NCCNc2ccc(cn2)C#N)nc1-c1ccc(Cl)cc1Cl, Cc1c[nH]c(n1)-c1cnc(NCCNc2ccc(cn2)C#N)nc1-c1ccc(Cl)cc1Cl, Cc1c[nH]c(n1)-c1cnc(NCCNc2ccc(cn2)C#N)nc1-c1ccc(Cl)cc1Cl, Cc1c[nH]c(n1)-c1cnc(NCCNc2ccc(cn2)C#N)nc1-c1ccc(Cl)cc1Cl, Cc1c[nH]c(n1)-c1cnc(NCCNc2ccc(cn2)C#N)nc1-c1ccc(Cl)cc1Cl, Cc1c[nH]c(n1)-c1cnc(NCCNc2ccc(cn2)C#N)nc1-c1ccc(Cl)cc1Cl, Cc1c[nH]c(n1)-c1cnc(NCCNc2ccc(cn2)C#N)nc1-c1ccc(Cl)cc1Cl, Cc1c[nH]c(n1)-c1cnc(NCCNc2ccc(cn2)C#N)nc1-c1ccc(Cl)cc1Cl, Cc1c[nH]c(n1)-c1cnc(NCCNc2ccc(cn2)C#N)nc1-c1ccc(Cl)cc1Cl, Cc1c[nH]c(n1)-c1cnc(NCCNc2ccc(cn2)C#N)nc1-c1ccc(Cl)cc1Cl, Cc1c[nH]c(n1)-c1cnc(NCCNc2ccc(cn2)C#N)nc1-c1ccc(Cl)cc1Cl, Cc1c[nH]c(n1)-c1cnc(NCCNc2ccc(cn2)C#N)nc1-c1ccc(Cl)cc1Cl, Cc1c[nH]c(n1)-c1cnc(NCCNc2ccc(cn2)C#N)nc1-c1ccc(Cl)cc1Cl, Cc1c[nH]c(n1)-c1cnc(NCCNc2ccc(cn2)C#N)nc1-c1ccc(Cl)cc1Cl, Cc1c[nH]c(n1)-c1cnc(NCCNc2ccc(cn2)C#N)nc1-c1ccc(Cl)cc1Cl, Cc1c[nH]c(n1)-c1cnc(NCCNc2ccc(cn2)C#N)nc1-c1ccc(Cl)cc1Cl, Cc1c[nH]c(n1)-c1cnc(NCCNc2ccc(cn2)C#N)nc1-c1ccc(Cl)cc1Cl, Cc1c[nH]c(n1)-c1cnc(NCCNc2ccc(cn2)C#N)nc1-c1ccc(Cl)cc1Cl, Cc1c[nH]c(n1)-c1cnc(NCCNc2ccc(cn2)C#N)nc1-c1ccc(Cl)cc1Cl, Cc1c[nH]c(n1)-c1cnc(NCCNc2ccc(cn2)C#N)nc1-c1ccc(Cl)cc1Cl, Cc1c[nH]c(n1)-c1cnc(NCCNc2ccc(cn2)C#N)nc1-c1ccc(Cl)cc1Cl, Cc1c[nH]c(n1)-c1cnc(NCCNc2ccc(cn2)C#N)nc1-c1ccc(Cl)cc1Cl, Cc1c[nH]c(n1)-c1cnc(NCCNc2ccc(cn2)C#N)nc1-c1ccc(Cl)cc1Cl, Cc1c[nH]c(n1)-c1cnc(NCCNc2ccc(cn2)C#N)nc1-c1ccc(Cl)cc1Cl","AQGNHMOJWBZFQQ-UHFFFAOYSA-N, AQGNHMOJWBZFQQ-UHFFFAOYSA-N, AQGNHMOJWBZFQQ-UHFFFAOYSA-N, AQGNHMOJWBZFQQ-UHFFFAOYSA-N, AQGNHMOJWBZFQQ-UHFFFAOYSA-N, AQGNHMOJWBZFQQ-UHFFFAOYSA-N, AQGNHMOJWBZFQQ-UHFFFAOYSA-N, AQGNHMOJWBZFQQ-UHFFFAOYSA-N, AQGNHMOJWBZFQQ-UHFFFAOYSA-N, AQGNHMOJWBZFQQ-UHFFFAOYSA-N, AQGNHMOJWBZFQQ-UHFFFAOYSA-N, AQGNHMOJWBZFQQ-UHFFFAOYSA-N, AQGNHMOJWBZFQQ-UHFFFAOYSA-N, AQGNHMOJWBZFQQ-UHFFFAOYSA-N, AQGNHMOJWBZFQQ-UHFFFAOYSA-N, AQGNHMOJWBZFQQ-UHFFFAOYSA-N, AQGNHMOJWBZFQQ-UHFFFAOYSA-N, AQGNHMOJWBZFQQ-UHFFFAOYSA-N, AQGNHMOJWBZFQQ-UHFFFAOYSA-N, AQGNHMOJWBZFQQ-UHFFFAOYSA-N, AQGNHMOJWBZFQQ-UHFFFAOYSA-N, AQGNHMOJWBZFQQ-UHFFFAOYSA-N, AQGNHMOJWBZFQQ-UHFFFAOYSA-N, AQGNHMOJWBZFQQ-UHFFFAOYSA-N, AQGNHMOJWBZFQQ-UHFFFAOYSA-N, AQGNHMOJWBZFQQ-UHFFFAOYSA-N, AQGNHMOJWBZFQQ-UHFFFAOYSA-N, AQGNHMOJWBZFQQ-UHFFFAOYSA-N, AQGNHMOJWBZFQQ-UHFFFAOYSA-N, AQGNHMOJWBZFQQ-UHFFFAOYSA-N, AQGNHMOJWBZFQQ-UHFFFAOYSA-N, AQGNHMOJWBZFQQ-UHFFFAOYSA-N, AQGNHMOJWBZFQQ-UHFFFAOYSA-N, AQGNHMOJWBZFQQ-UHFFFAOYSA-N, AQGNHMOJWBZFQQ-UHFFFAOYSA-N, AQGNHMOJWBZFQQ-UHFFFAOYSA-N, AQGNHMOJWBZFQQ-UHFFFAOYSA-N, AQGNHMOJWBZFQQ-UHFFFAOYSA-N, AQGNHMOJWBZFQQ-UHFFFAOYSA-N, AQGNHMOJWBZFQQ-UHFFFAOYSA-N, AQGNHMOJWBZFQQ-UHFFFAOYSA-N, AQGNHMOJWBZFQQ-UHFFFAOYSA-N, AQGNHMOJWBZFQQ-UHFFFAOYSA-N, AQGNHMOJWBZFQQ-UHFFFAOYSA-N, AQGNHMOJWBZFQQ-UHFFFAOYSA-N, AQGNHMOJWBZFQQ-UHFFFAOYSA-N, AQGNHMOJWBZFQQ-UHFFFAOYSA-N, AQGNHMOJWBZFQQ-UHFFFAOYSA-N, AQGNHMOJWBZFQQ-UHFFFAOYSA-N, AQGNHMOJWBZFQQ-UHFFFAOYSA-N, AQGNHMOJWBZFQQ-UHFFFAOYSA-N, AQGNHMOJWBZFQQ-UHFFFAOYSA-N, AQGNHMOJWBZFQQ-UHFFFAOYSA-N, AQGNHMOJWBZFQQ-UHFFFAOYSA-N, AQGNHMOJWBZFQQ-UHFFFAOYSA-N, AQGNHMOJWBZFQQ-UHFFFAOYSA-N, AQGNHMOJWBZFQQ-UHFFFAOYSA-N, AQGNHMOJWBZFQQ-UHFFFAOYSA-N, AQGNHMOJWBZFQQ-UHFFFAOYSA-N, AQGNHMOJWBZFQQ-UHFFFAOYSA-N, AQGNHMOJWBZFQQ-UHFFFAOYSA-N, AQGNHMOJWBZFQQ-UHFFFAOYSA-N, AQGNHMOJWBZFQQ-UHFFFAOYSA-N, AQGNHMOJWBZFQQ-UHFFFAOYSA-N, AQGNHMOJWBZFQQ-UHFFFAOYSA-N, AQGNHMOJWBZFQQ-UHFFFAOYSA-N, AQGNHMOJWBZFQQ-UHFFFAOYSA-N, AQGNHMOJWBZFQQ-UHFFFAOYSA-N, AQGNHMOJWBZFQQ-UHFFFAOYSA-N, AQGNHMOJWBZFQQ-UHFFFAOYSA-N",Preclinical
chloralose,,,,,MedChemEx,92.6,OC[C@@H](O)[C@H]1O[C@@H]2O[C@@H](O[C@@H]2[C@H]1O)C(Cl)(Cl)Cl,OJYGBLRPYBAHRT-IPQSZEQASA-N,Preclinical
chlorambucil,DNA inhibitor,,hematologic malignancy,"chronic lymphocytic leukemia (CLL), Hodgkin's lymphoma",MicroSource,94.93,OC(=O)CCCc1ccc(cc1)N(CCCl)CCCl,JCKYGMPEJWAADB-UHFFFAOYSA-N,Launched
chloramine-T,,,infectious disease,bacterial gill disease,"MicroSource, MedChemEx",69.13,"Cc1ccc(cc1)S(=O)(=O)NCl, Cc1ccc(cc1)S(=O)(=O)NCl","NXTVQNIVUKXOIL-UHFFFAOYSA-N, NXTVQNIVUKXOIL-UHFFFAOYSA-N",Launched
chloramphenicol,bacterial 50S ribosomal subunit inhibitor,CD55,"infectious disease, endocrinology","meningitis, fever, cholera","MicroSource, MicroSource, MicroSource, Selleck",99.59,"OC[C@@H](NC(=O)C(Cl)Cl)[C@H](O)c1ccc(cc1)[N+]([O-])=O, OC[C@@H](NC(=O)C(Cl)Cl)[C@H](O)c1ccc(cc1)[N+]([O-])=O, OC[C@@H](NC(=O)C(Cl)Cl)[C@H](O)c1ccc(cc1)[N+]([O-])=O, OC[C@@H](NC(=O)C(Cl)Cl)[C@H](O)c1ccc(cc1)[N+]([O-])=O","WIIZWVCIJKGZOK-RKDXNWHRSA-N, WIIZWVCIJKGZOK-RKDXNWHRSA-N, WIIZWVCIJKGZOK-RKDXNWHRSA-N, WIIZWVCIJKGZOK-RKDXNWHRSA-N",Launched
chloramphenicol-palmitate,protein synthesis inhibitor,,"infectious disease, endocrinology","meningitis, fever, cholera",TCI,96.32,CCCCCCCCCCCCCCCC(=O)OC[C@@H](NC(=O)C(Cl)Cl)[C@H](O)c1ccc(cc1)[N+]([O-])=O,PXKHGMGELZGJQE-ILBGXUMGSA-N,Launched
chloramphenicol-sodium-succinate,protein synthesis inhibitor,,infectious disease,gram-negative bacterial infections,MicroSource,31.43,O[C@@H]([C@@H](COC(=O)CCC(O)=O)NC(=O)C(Cl)Cl)c1ccc(cc1)[N+]([O-])=O,LIRCDOVJWUGTMW-ZWNOBZJWSA-N,Launched
chlorazanil,,,,,MicroSource,98.95,Nc1ncnc(Nc2ccc(Cl)cc2)n1,YRZQHIVOIFJEEE-UHFFFAOYSA-N,Preclinical
chlorcyclizine,histamine receptor antagonist,,allergy,allergic rhinitis,"MedChemEx, Enzo, Enzo",97.82,"CN1CCN(CC1)[C@@H](c1ccccc1)c1ccc(Cl)cc1 |&1:7|, CN1CCN(CC1)[C@@H](c1ccccc1)c1ccc(Cl)cc1 |&1:7|, CN1CCN(CC1)[C@@H](c1ccccc1)c1ccc(Cl)cc1 |&1:7|","WFNAKBGANONZEQ-SFHVURJKSA-N, WFNAKBGANONZEQ-SFHVURJKSA-N, WFNAKBGANONZEQ-SFHVURJKSA-N",Launched
chlorfenson,other antifungal,,,,Sigma,0,Clc1ccc(OS(=O)(=O)c2ccc(Cl)cc2)cc1,RZXLPPRPEOUENN-UHFFFAOYSA-N,Phase 2
chlorhexidine,membrane integrity inhibitor,,"dermatology, infectious disease, dental","cosmetic, skin infections, gingivitis","MicroSource, MicroSource, MicroSource, MicroSource, MicroSource, InterBioScreen, InterBioScreen",97.82,"NC(Nc1ccc(Cl)cc1)=NC(=N)NCCCCCCNC(=N)N=C(N)Nc1ccc(Cl)cc1, NC(Nc1ccc(Cl)cc1)=NC(=N)NCCCCCCNC(=N)N=C(N)Nc1ccc(Cl)cc1, NC(Nc1ccc(Cl)cc1)=NC(=N)NCCCCCCNC(=N)N=C(N)Nc1ccc(Cl)cc1, NC(Nc1ccc(Cl)cc1)=NC(=N)NCCCCCCNC(=N)N=C(N)Nc1ccc(Cl)cc1, NC(Nc1ccc(Cl)cc1)=NC(=N)NCCCCCCNC(=N)N=C(N)Nc1ccc(Cl)cc1, NC(Nc1ccc(Cl)cc1)=NC(=N)NCCCCCCNC(=N)N=C(N)Nc1ccc(Cl)cc1, NC(Nc1ccc(Cl)cc1)=NC(=N)NCCCCCCNC(=N)N=C(N)Nc1ccc(Cl)cc1","GHXZTYHSJHQHIJ-UHFFFAOYSA-N, GHXZTYHSJHQHIJ-UHFFFAOYSA-N, GHXZTYHSJHQHIJ-UHFFFAOYSA-N, GHXZTYHSJHQHIJ-UHFFFAOYSA-N, GHXZTYHSJHQHIJ-UHFFFAOYSA-N, InChI=1S/C22H30Cl2N10/c23-15-5-9-17(10-6-15)31-21(27)33-19(25)29-13-3-1-2-4-14-30-20(26)34-22(28)32-18-11-7-16(24)8-12-18/h5-12H,1-4,13-14H2,(H5,25,27,29,31,33)(H5,26,28,30,32,34), InChI=1S/C22H30Cl2N10/c23-15-5-9-17(10-6-15)31-21(27)33-19(25)29-13-3-1-2-4-14-30-20(26)34-22(28)32-18-11-7-16(24)8-12-18/h5-12H,1-4,13-14H2,(H5,25,27,29,31,33)(H5,26,28,30,32,34)",Launched
chlorindanol,,,,,"MicroSource, Sigma",94.71,"Oc1ccc(Cl)c2CCCc12, Oc1ccc(Cl)c2CCCc12","ATAJVFBUUIBIEO-UHFFFAOYSA-N, ATAJVFBUUIBIEO-UHFFFAOYSA-N",Preclinical
chlorindione,,,,,"MedChemEx, MicroSource",96.83,"Clc1ccc(cc1)C1C(=O)c2ccccc2C1=O, Clc1ccc(cc1)C1C(=O)c2ccccc2C1=O","NJDUWAXIURWWLN-UHFFFAOYSA-N, NJDUWAXIURWWLN-UHFFFAOYSA-N",Preclinical
chlorisondamine-diiodide,acetylcholine receptor antagonist,CHRNA1,,,"Tocris, Tocris",4.63,"C[N+](C)(C)CC[N+]1(C)Cc2c(C1)c(Cl)c(Cl)c(Cl)c2Cl, C[N+](C)(C)CC[N+]1(C)Cc2c(C1)c(Cl)c(Cl)c(Cl)c2Cl","IXWDUZLHWJKVPX-UHFFFAOYSA-N, IXWDUZLHWJKVPX-UHFFFAOYSA-N",Preclinical
chlormadinone-acetate,5 alpha reductase inhibitor,PGR,endocrinology,"hypermenorrhea, amenorrhea, oligomenorrhea, polymenorrhea",MedChemEx,93.83,"CC(=O)O[C@@]1(CC[C@H]2[C@@H]3C=C(Cl)C4=CC(=O)CC[C@]4(C)[C@H]3CC[C@]12C)C(C)=O |t:9,12|",QMBJSIBWORFWQT-DFXBJWIESA-N,Launched
chlormezanone,GABA receptor modulator,GABRA1,,,"MicroSource, MicroSource, Tocris, Tocris, Selleck",98.9,"CN1[C@@H](c2ccc(Cl)cc2)S(=O)(=O)CCC1=O |&1:2,r|, CN1[C@@H](c2ccc(Cl)cc2)S(=O)(=O)CCC1=O |&1:2,r|, CN1[C@@H](c2ccc(Cl)cc2)S(=O)(=O)CCC1=O |&1:2,r|, CN1[C@@H](c2ccc(Cl)cc2)S(=O)(=O)CCC1=O |&1:2,r|, CN1[C@@H](c2ccc(Cl)cc2)S(=O)(=O)CCC1=O |&1:2,r|","WEQAYVWKMWHEJO-LLVKDONJSA-N, WEQAYVWKMWHEJO-LLVKDONJSA-N, WEQAYVWKMWHEJO-LLVKDONJSA-N, WEQAYVWKMWHEJO-LLVKDONJSA-N, WEQAYVWKMWHEJO-LLVKDONJSA-N",Withdrawn
chlormidazole,fungal lanosterol demethylase inhibitor,,infectious disease,fungal infection,"MicroSource, MicroSource, MicroSource, Vitas-M",94.26,"Cc1nc2ccccc2n1Cc1ccc(Cl)cc1, Cc1nc2ccccc2n1Cc1ccc(Cl)cc1, Cc1nc2ccccc2n1Cc1ccc(Cl)cc1, Cc1nc2ccccc2n1Cc1ccc(Cl)cc1","WNAQOLSMVPFGTE-UHFFFAOYSA-N, WNAQOLSMVPFGTE-UHFFFAOYSA-N, WNAQOLSMVPFGTE-UHFFFAOYSA-N, WNAQOLSMVPFGTE-UHFFFAOYSA-N",Launched
chlorobutanol,,,neurology/psychiatry,"anesthetic, sedative","MicroSource, Enamine, Enamine",0,"CC(C)(O)C(Cl)(Cl)Cl, CC(C)(O)C(Cl)(Cl)Cl, CC(C)(O)C(Cl)(Cl)Cl","OSASVXMJTNOKOY-UHFFFAOYSA-N, OSASVXMJTNOKOY-UHFFFAOYSA-N, OSASVXMJTNOKOY-UHFFFAOYSA-N",Launched
chlorocresol,ryanodine receptor activator,,infectious disease,first-aid antiseptic,"MicroSource, Selleck, Selleck",94.58,"Cc1cc(O)ccc1Cl, Cc1cc(O)ccc1Cl, Cc1cc(O)ccc1Cl","CFKMVGJGLGKFKI-UHFFFAOYSA-N, CFKMVGJGLGKFKI-UHFFFAOYSA-N, CFKMVGJGLGKFKI-UHFFFAOYSA-N",Launched
chlorogenic-acid,antioxidant,SLC37A4,"neurology/psychiatry, pulmonary, allergy","headache, chest congestion, allergic rhinitis","MedChemEx, Selleck, Selleck, Selleck",95.33,"O[C@@H]1C[C@](O)(C[C@@H](OC(=O)\C=C\c2ccc(O)c(O)c2)[C@@H]1O)C(O)=O, O[C@@H]1C[C@](O)(C[C@@H](OC(=O)\C=C\c2ccc(O)c(O)c2)[C@@H]1O)C(O)=O, O[C@@H]1C[C@](O)(C[C@@H](OC(=O)\C=C\c2ccc(O)c(O)c2)[C@@H]1O)C(O)=O, O[C@@H]1C[C@](O)(C[C@@H](OC(=O)\C=C\c2ccc(O)c(O)c2)[C@@H]1O)C(O)=O","CWVRJTMFETXNAD-JUHZACGLSA-N, CWVRJTMFETXNAD-JUHZACGLSA-N, CWVRJTMFETXNAD-JUHZACGLSA-N, CWVRJTMFETXNAD-JUHZACGLSA-N",Launched
chlorophyllin,,,urology,urinary incontinence,Adooq,5.35,CCc1c(C)c2cc3nc(cc4[nH]c([C@@H](CCC(O)=O)[C@@H]4C)c(CC(O)=O)c4[nH]c(cc1n2)c(C)c4C(O)=O)c(C)c3C=C,HZDQUOWQHHSPIE-HASICPNOSA-N,Preclinical
chlorophyllin-copper,cytochrome P450 inhibitor,,,,"MedChemEx, Sigma",20.18,"CCC1=C(C)\C2=C\c3c(C=C)c(C)c4\C=C5/N=C([C@@H](CCC(O)=O)[C@@H]5C)/C(/CC(O)=O)=c5/c(C(O)=O)c(C)\c(=C\C1=N2)n5[Cu]n34 |&1:18,&2:24,r,c:2,14,16,42,t:5,31,39|, CCC1=C(C)\C2=C\c3c(C=C)c(C)c4\C=C5/N=C([C@@H](CCC(O)=O)[C@@H]5C)/C(/CC(O)=O)=c5/c(C(O)=O)c(C)\c(=C\C1=N2)n5[Cu]n34 |&1:18,&2:24,r,c:2,14,16,42,t:5,31,39|","ZDOYGJNADZJRFB-PVMVIUQGSA-L, ZDOYGJNADZJRFB-PVMVIUQGSA-L",Phase 1
chloroprocaine,sodium channel blocker,"ATP1A1, CHRNA10, GRIN3A, HTR3A, SCN10A, SLC6A3",neurology/psychiatry,local anesthetic,Enamine,88.33,CCN(CC)CCOC(=O)c1ccc(N)cc1Cl,VDANGULDQQJODZ-UHFFFAOYSA-N,Launched
chloropyramine,histamine receptor antagonist,HRH1,"cardiology, ophthalmology, allergy, pulmonary","edema, conjunctivitis, allergic rhinitis, asthma","MedChemEx, MedChemEx, MedChemEx, MicroSource, MicroSource, MicroSource",98.29,"CN(C)CCN(Cc1ccc(Cl)cc1)c1ccccn1, CN(C)CCN(Cc1ccc(Cl)cc1)c1ccccn1, CN(C)CCN(Cc1ccc(Cl)cc1)c1ccccn1, CN(C)CCN(Cc1ccc(Cl)cc1)c1ccccn1, CN(C)CCN(Cc1ccc(Cl)cc1)c1ccccn1, CN(C)CCN(Cc1ccc(Cl)cc1)c1ccccn1","ICKFFNBDFNZJSX-UHFFFAOYSA-N, ICKFFNBDFNZJSX-UHFFFAOYSA-N, ICKFFNBDFNZJSX-UHFFFAOYSA-N, ICKFFNBDFNZJSX-UHFFFAOYSA-N, ICKFFNBDFNZJSX-UHFFFAOYSA-N, ICKFFNBDFNZJSX-UHFFFAOYSA-N",Launched
chloroquine,antimalarial agent,MRGPRX1,infectious disease,"malaria, amebiasis","MicroSource, Selleck, Selleck, Selleck, Selleck, Selleck",98.06,"CCN(CC)CCC[C@@H](C)Nc1ccnc2cc(Cl)ccc12 |&1:8|, CCN(CC)CCC[C@@H](C)Nc1ccnc2cc(Cl)ccc12 |&1:8|, CCN(CC)CCC[C@@H](C)Nc1ccnc2cc(Cl)ccc12 |&1:8|, CCN(CC)CCC[C@@H](C)Nc1ccnc2cc(Cl)ccc12 |&1:8|, CCN(CC)CCC[C@@H](C)Nc1ccnc2cc(Cl)ccc12 |&1:8|, CCN(CC)CCC[C@@H](C)Nc1ccnc2cc(Cl)ccc12 |&1:8|","WHTVZRBIWZFKQO-CQSZACIVSA-N, WHTVZRBIWZFKQO-CQSZACIVSA-N, WHTVZRBIWZFKQO-CQSZACIVSA-N, WHTVZRBIWZFKQO-CQSZACIVSA-N, WHTVZRBIWZFKQO-CQSZACIVSA-N, WHTVZRBIWZFKQO-CQSZACIVSA-N",Launched
chlorothiazide,diuretic,"CA1, CA2, CA4, SLC12A3",cardiology,hypertension,"MicroSource, MedChemEx, MedChemEx, Selleck",97.48,"NS(=O)(=O)c1cc2c(cc1Cl)N=CNS2(=O)=O |c:12|, NS(=O)(=O)c1cc2c(cc1Cl)N=CNS2(=O)=O |c:12|, NS(=O)(=O)c1cc2c(cc1Cl)N=CNS2(=O)=O |c:12|, NS(=O)(=O)c1cc2c(cc1Cl)N=CNS2(=O)=O |c:12|","JBMKAUGHUNFTOL-UHFFFAOYSA-N, JBMKAUGHUNFTOL-UHFFFAOYSA-N, JBMKAUGHUNFTOL-UHFFFAOYSA-N, JBMKAUGHUNFTOL-UHFFFAOYSA-N",Launched
chlorothymol,,,,,"Sigma, Enamine",18.51,"CC(C)c1cc(Cl)c(C)cc1O, CC(C)c1cc(Cl)c(C)cc1O","KFZXVMNBUMVKLN-UHFFFAOYSA-N, KFZXVMNBUMVKLN-UHFFFAOYSA-N",Launched
chlorotrianisene,estrogenic hormone,"ESR1, ESR2","endocrinology, oncology","menopause, prostate cancer","Sigma, Prestwick, Prestwick, Prestwick",98.18,"COc1ccc(cc1)C(Cl)=C(c1ccc(OC)cc1)c1ccc(OC)cc1, COc1ccc(cc1)C(Cl)=C(c1ccc(OC)cc1)c1ccc(OC)cc1, COc1ccc(cc1)C(Cl)=C(c1ccc(OC)cc1)c1ccc(OC)cc1, COc1ccc(cc1)C(Cl)=C(c1ccc(OC)cc1)c1ccc(OC)cc1","BFPSDSIWYFKGBC-UHFFFAOYSA-N, BFPSDSIWYFKGBC-UHFFFAOYSA-N, BFPSDSIWYFKGBC-UHFFFAOYSA-N, BFPSDSIWYFKGBC-UHFFFAOYSA-N",Launched
chloroxine,opioid receptor antagonist,OPRK1,"gastroenterology, infectious disease, dermatology","diarrhea, inflammatory bowel disease, giardiasis, dandruff","MicroSource, MicroSource, MicroSource, MicroSource, MicroSource, Selleck, Selleck, Selleck",99.48,"Oc1c(Cl)cc(Cl)c2cccnc12, Oc1c(Cl)cc(Cl)c2cccnc12, Oc1c(Cl)cc(Cl)c2cccnc12, Oc1c(Cl)cc(Cl)c2cccnc12, Oc1c(Cl)cc(Cl)c2cccnc12, Oc1c(Cl)cc(Cl)c2cccnc12, Oc1c(Cl)cc(Cl)c2cccnc12, Oc1c(Cl)cc(Cl)c2cccnc12","WDFKMLRRRCGAKS-UHFFFAOYSA-N, WDFKMLRRRCGAKS-UHFFFAOYSA-N, WDFKMLRRRCGAKS-UHFFFAOYSA-N, WDFKMLRRRCGAKS-UHFFFAOYSA-N, WDFKMLRRRCGAKS-UHFFFAOYSA-N, WDFKMLRRRCGAKS-UHFFFAOYSA-N, WDFKMLRRRCGAKS-UHFFFAOYSA-N, WDFKMLRRRCGAKS-UHFFFAOYSA-N",Launched
chloroxoquinoline,,,,,Alinda,97.87,Clc1ccc2c(c1)[nH]ccc2=O,XMFXTXKSWIDMER-UHFFFAOYSA-N,Launched
chloroxylenol,ATP synthase inhibitor,,infectious disease,skin infections,"MedChemEx, MicroSource",95.32,"Cc1cc(O)cc(C)c1Cl, Cc1cc(O)cc(C)c1Cl","OSDLLIBGSJNGJE-UHFFFAOYSA-N, OSDLLIBGSJNGJE-UHFFFAOYSA-N",Launched
chlorphenamine,histamine receptor antagonist,,allergy,"allergic rhinitis, urticaria",MedChemEx,95.63,CN(C)CC[C@@H](c1ccc(Cl)cc1)c1ccccn1 |&1:5|,SOYKEARSMXGVTM-HNNXBMFYSA-N,Launched
chlorphenesin,muscle relaxant,,neurology/psychiatry,"muscle relaxant, sedative","Sigma, Enamine",98.16,"OC[C@@H](O)COc1ccc(Cl)cc1 |&1:2,r|, OC[C@@H](O)COc1ccc(Cl)cc1 |&1:2,r|","MXOAEAUPQDYUQM-MRVPVSSYSA-N, MXOAEAUPQDYUQM-MRVPVSSYSA-N",Launched
chlorphenoxamine,histamine receptor antagonist,,,,MedChemEx,90,CN(C)CCO[C@@](C)(c1ccccc1)c1ccc(Cl)cc1 |r|,KKHPNPMTPORSQE-SFHVURJKSA-N,Preclinical
chlorphensin-carbamate,muscle relaxant,,neurology/psychiatry,spasms,Prestwick,98.03,"NC(=O)OC[C@@H](O)COc1ccc(Cl)cc1 |&1:5,r|",SKPLBLUECSEIFO-QMMMGPOBSA-N,Launched
chlorproguanil,dihydrofolate reductase inhibitor,DHFR,infectious disease,malaria,"AMS, AMS",97.98,"CC(C)NC(=N)N=C(N)Nc1ccc(Cl)c(Cl)c1, CC(C)NC(=N)N=C(N)Nc1ccc(Cl)c(Cl)c1","ISZNZKHCRKXXAU-UHFFFAOYSA-N, ISZNZKHCRKXXAU-UHFFFAOYSA-N",Launched
chlorpromazine,dopamine receptor antagonist,"ADRA1A, ADRA1B, ADRA1D, ADRA2A, ADRA2B, ADRA2C, CALM1, CHRM1, CHRM3, DRD1, DRD2, DRD3, DRD4, DRD5, HRH1, HRH4, HTR1A, HTR2A, HTR2B, HTR2C, HTR6, HTR7, KCNH2, ORM1, ORM2, SMPD1, TRPC5","neurology/psychiatry, gastroenterology, hematology, infectious disease","schizophrenia, nausea, vomiting, acute intermittent porphyria (AIP), tetanus","MicroSource, MicroSource, Selleck, Selleck, Selleck",97.33,"CN(C)CCCN1c2ccccc2Sc2ccc(Cl)cc12, CN(C)CCCN1c2ccccc2Sc2ccc(Cl)cc12, CN(C)CCCN1c2ccccc2Sc2ccc(Cl)cc12, CN(C)CCCN1c2ccccc2Sc2ccc(Cl)cc12, CN(C)CCCN1c2ccccc2Sc2ccc(Cl)cc12","ZPEIMTDSQAKGNT-UHFFFAOYSA-N, ZPEIMTDSQAKGNT-UHFFFAOYSA-N, ZPEIMTDSQAKGNT-UHFFFAOYSA-N, ZPEIMTDSQAKGNT-UHFFFAOYSA-N, ZPEIMTDSQAKGNT-UHFFFAOYSA-N",Launched
chlorpropamide,ATP channel blocker,"ABCC8, KCNJ10",endocrinology,diabetes mellitus,"MedChemEx, MicroSource, Selleck, Selleck, Selleck",98.37,"CCCNC(=O)NS(=O)(=O)c1ccc(Cl)cc1, CCCNC(=O)NS(=O)(=O)c1ccc(Cl)cc1, CCCNC(=O)NS(=O)(=O)c1ccc(Cl)cc1, CCCNC(=O)NS(=O)(=O)c1ccc(Cl)cc1, CCCNC(=O)NS(=O)(=O)c1ccc(Cl)cc1","RKWGIWYCVPQPMF-UHFFFAOYSA-N, RKWGIWYCVPQPMF-UHFFFAOYSA-N, RKWGIWYCVPQPMF-UHFFFAOYSA-N, RKWGIWYCVPQPMF-UHFFFAOYSA-N, RKWGIWYCVPQPMF-UHFFFAOYSA-N",Launched
chlorpropham,antiviral,,,,"Sigma, Sigma",99.44,"CC(C)OC(=O)Nc1cccc(Cl)c1, CC(C)OC(=O)Nc1cccc(Cl)c1","CWJSHJJYOPWUGX-UHFFFAOYSA-N, CWJSHJJYOPWUGX-UHFFFAOYSA-N",Phase 1
chlorprothixene,dopamine receptor antagonist,"CHRM1, CHRM2, CHRM3, CHRM4, CHRM5, DRD1, DRD2, DRD3, HRH1, HTR2A, HTR2B, HTR2C",neurology/psychiatry,"schizophrenia, bipolar disorder","MedChemEx, MicroSource, Selleck, Selleck, Selleck, Selleck, Selleck",97.83,"CN(C)CC\C=C1\c2ccccc2Sc2ccc(Cl)cc12, CN(C)CC\C=C1\c2ccccc2Sc2ccc(Cl)cc12, CN(C)CC\C=C1\c2ccccc2Sc2ccc(Cl)cc12, CN(C)CC\C=C1\c2ccccc2Sc2ccc(Cl)cc12, CN(C)CC\C=C1\c2ccccc2Sc2ccc(Cl)cc12, CN(C)CC\C=C1\c2ccccc2Sc2ccc(Cl)cc12, CN(C)CC\C=C1\c2ccccc2Sc2ccc(Cl)cc12","WSPOMRSOLSGNFJ-AUWJEWJLSA-N, WSPOMRSOLSGNFJ-AUWJEWJLSA-N, WSPOMRSOLSGNFJ-AUWJEWJLSA-N, WSPOMRSOLSGNFJ-AUWJEWJLSA-N, WSPOMRSOLSGNFJ-AUWJEWJLSA-N, WSPOMRSOLSGNFJ-AUWJEWJLSA-N, WSPOMRSOLSGNFJ-AUWJEWJLSA-N",Launched
chlorpyrifos,acetylcholinesterase inhibitor,ACHE,,,"MicroSource, MicroSource, Astatech",89.93,"CCOP(=S)(OCC)Oc1nc(Cl)c(Cl)cc1Cl, CCOP(=S)(OCC)Oc1nc(Cl)c(Cl)cc1Cl, CCOP(=S)(OCC)Oc1nc(Cl)c(Cl)cc1Cl","SBPBAQFWLVIOKP-UHFFFAOYSA-N, SBPBAQFWLVIOKP-UHFFFAOYSA-N, SBPBAQFWLVIOKP-UHFFFAOYSA-N",Launched
chlorquinaldol,other antibiotic,,infectious disease,fungal infection,"MedChemEx, MedChemEx, MicroSource, Selleck, Selleck, Selleck, Selleck",96.93,"Cc1ccc2c(Cl)cc(Cl)c(O)c2n1, Cc1ccc2c(Cl)cc(Cl)c(O)c2n1, Cc1ccc2c(Cl)cc(Cl)c(O)c2n1, Cc1ccc2c(Cl)cc(Cl)c(O)c2n1, Cc1ccc2c(Cl)cc(Cl)c(O)c2n1, Cc1ccc2c(Cl)cc(Cl)c(O)c2n1, Cc1ccc2c(Cl)cc(Cl)c(O)c2n1","GPTXWRGISTZRIO-UHFFFAOYSA-N, GPTXWRGISTZRIO-UHFFFAOYSA-N, GPTXWRGISTZRIO-UHFFFAOYSA-N, GPTXWRGISTZRIO-UHFFFAOYSA-N, GPTXWRGISTZRIO-UHFFFAOYSA-N, GPTXWRGISTZRIO-UHFFFAOYSA-N, GPTXWRGISTZRIO-UHFFFAOYSA-N",Launched
chlortetracycline,protein synthesis inhibitor,,ophthalmology,conjunctivitis,"MedChemEx, MedChemEx",56.1,"[H][C@@]12C[C@@]3([H])[C@H](C(=O)c4c(O)ccc(Cl)c4[C@@]3(C)O)C(=O)[C@]1(O)C(=O)[C@H](C(N)=O)C(=O)[C@H]2N(C)C |&1:25,&2:5|, [H][C@@]12C[C@@]3([H])[C@H](C(=O)c4c(O)ccc(Cl)c4[C@@]3(C)O)C(=O)[C@]1(O)C(=O)[C@H](C(N)=O)C(=O)[C@H]2N(C)C |&1:25,&2:5|","RNPLSXLZRGPQCU-YPOKJENWSA-N, RNPLSXLZRGPQCU-YPOKJENWSA-N",Launched
chlorthalidone,carbonic anhydrase inhibitor,"CA1, CA12, CA14, CA2, CA4, CA7, SLC12A1","cardiology, gastroenterology, rheumatology, nephrology","hypertension, edema, congestive heart failure, hepatic cirrhosis, nephrotic syndrome, acute glomerulonephritis (AGN), chronic renal failure","MicroSource, MedChemEx, MedChemEx",98.01,"NS(=O)(=O)c1cc(ccc1Cl)[C@@]1(O)NC(=O)c2ccccc12 |&1:11,r|, NS(=O)(=O)c1cc(ccc1Cl)[C@@]1(O)NC(=O)c2ccccc12 |&1:11,r|, NS(=O)(=O)c1cc(ccc1Cl)[C@@]1(O)NC(=O)c2ccccc12 |&1:11,r|","JIVPVXMEBJLZRO-AWEZNQCLSA-N, JIVPVXMEBJLZRO-AWEZNQCLSA-N, JIVPVXMEBJLZRO-AWEZNQCLSA-N",Launched
chlorzoxazone,bacterial 30S ribosomal subunit inhibitor,"KCNMA1, KCNN4",neurology/psychiatry,muscle relaxant,"MedChemEx, MicroSource, Selleck",100,"Clc1ccc2oc(=O)[nH]c2c1, Clc1ccc2oc(=O)[nH]c2c1, Clc1ccc2oc(=O)[nH]c2c1","TZFWDZFKRBELIQ-UHFFFAOYSA-N, TZFWDZFKRBELIQ-UHFFFAOYSA-N, TZFWDZFKRBELIQ-UHFFFAOYSA-N",Launched
cholecalciferol,,VDR,endocrinology,vitamin D deficiency,"MicroSource, Selleck, Selleck, Selleck",92.35,"CC(C)CCC[C@@H](C)[C@H]1CC[C@H]2\C(CCC[C@]12C)=C\C=C1\C[C@@H](O)CCC1=C, CC(C)CCC[C@@H](C)[C@H]1CC[C@H]2\C(CCC[C@]12C)=C\C=C1\C[C@@H](O)CCC1=C, CC(C)CCC[C@@H](C)[C@H]1CC[C@H]2\C(CCC[C@]12C)=C\C=C1\C[C@@H](O)CCC1=C, CC(C)CCC[C@@H](C)[C@H]1CC[C@H]2\C(CCC[C@]12C)=C\C=C1\C[C@@H](O)CCC1=C","QYSXJUFSXHHAJI-YRZJJWOYSA-N, QYSXJUFSXHHAJI-YRZJJWOYSA-N, QYSXJUFSXHHAJI-YRZJJWOYSA-N, QYSXJUFSXHHAJI-YRZJJWOYSA-N",Launched
cholesterol,,RORA,,,MedChemEx,0,CC(C)CCC[C@@H](C)[C@H]1CC[C@H]2[C@@H]3CC=C4C[C@@H](O)CC[C@]4(C)[C@H]3CC[C@]12C |t:14|,HVYWMOMLDIMFJA-DPAQBDIFSA-N,Preclinical
cholic-acid,bile acid,"ADH1C, CES1, COX4I1, COX5A, COX5B, COX6A2, COX6B1, COX6C, COX7A1, COX7B, COX7C, COX8A, ESRRG, FABP6, FECH, GPBAR1, MT-CO1, MT-CO2, MT-CO3, PLA2G1B","gastroenterology, neurology/psychiatry, genetics","bile acid synthesis disorders, peroxisomal disorders, Zellweger syndrome","MedChemEx, Enzo",100,"C[C@H](CCC(O)=O)[C@H]1CC[C@H]2[C@@H]3[C@H](O)C[C@@H]4C[C@H](O)CC[C@]4(C)[C@H]3C[C@H](O)[C@]12C, C[C@H](CCC(O)=O)[C@H]1CC[C@H]2[C@@H]3[C@H](O)C[C@@H]4C[C@H](O)CC[C@]4(C)[C@H]3C[C@H](O)[C@]12C","BHQCQFFYRZLCQQ-OELDTZBJSA-N, BHQCQFFYRZLCQQ-OELDTZBJSA-N",Launched
choline,acetylcholine precursor,"ACHE, BCHE, CHRNA2, PCYT1A, PCYT1B, PHOSPHO1, PLD1, PLD2",,,"MicroSource, Selleck, MedChemEx",100,"C[N+](C)(C)CCO, C[N+](C)(C)CCO, C[N+](C)(C)CCO","OEYIOHPDSNJKLS-UHFFFAOYSA-N, OEYIOHPDSNJKLS-UHFFFAOYSA-N, OEYIOHPDSNJKLS-UHFFFAOYSA-N",Phase 3
choline-alfoscerate,acetylcholine precursor,,,,MedChemEx,100,C[N+](C)(C)CCOP(O)(=O)OC[C@H](O)CO,SUHOQUVVVLNYQR-MRVPVSSYSA-O,Launched
CHPG,glutamate receptor agonist,GRM5,,,"Tocris, Tocris, Tocris",1.5,"N[C@@H](C(O)=O)c1cc(O)ccc1Cl |&1:1,r|, N[C@@H](C(O)=O)c1cc(O)ccc1Cl |&1:1,r|, N[C@@H](C(O)=O)c1cc(O)ccc1Cl |&1:1,r|","UNIDAFCQFPGYJJ-SSDOTTSWSA-N, UNIDAFCQFPGYJJ-SSDOTTSWSA-N, UNIDAFCQFPGYJJ-SSDOTTSWSA-N",Preclinical
CHR-6494,serine/threonine kinase inhibitor,GSG2,,,"Tocris, Tocris, Tocris, MedChemEx, MedChemEx",99.14,"CCCNc1ccc2ncc(-c3ccc4n[nH]cc4c3)n2n1, CCCNc1ccc2ncc(-c3ccc4n[nH]cc4c3)n2n1, CCCNc1ccc2ncc(-c3ccc4n[nH]cc4c3)n2n1, CCCNc1ccc2ncc(-c3ccc4n[nH]cc4c3)n2n1, CCCNc1ccc2ncc(-c3ccc4n[nH]cc4c3)n2n1","CZZCAOGIEGXMBZ-UHFFFAOYSA-N, CZZCAOGIEGXMBZ-UHFFFAOYSA-N, CZZCAOGIEGXMBZ-UHFFFAOYSA-N, CZZCAOGIEGXMBZ-UHFFFAOYSA-N, CZZCAOGIEGXMBZ-UHFFFAOYSA-N",Preclinical
chromanol-(+/-),potassium channel blocker,,,,Tocris,98.74,CCS(=O)(=O)N(C)[C@@H]1[C@@H](O)C(C)(C)Oc2ccc(cc12)C#N.CCS(=O)(=O)N(C)[C@H]1[C@H](O)C(C)(C)Oc2ccc(cc12)C#N,VCIPBXUEKWCJAU-DZYJZKBLSA-N,Preclinical
"chromanol-293B-(-)-[3R,4S]",potassium channel blocker,,,,"Tocris, Tocris",99.19,"CCS(=O)(=O)N(C)[C@@H]1[C@@H](O)C(C)(C)Oc2ccc(cc12)C#N, CCS(=O)(=O)N(C)[C@@H]1[C@@H](O)C(C)(C)Oc2ccc(cc12)C#N","HVSJHHXUORMCGK-UONOGXRCSA-N, HVSJHHXUORMCGK-UONOGXRCSA-N",Preclinical
chromium-picolinate,insulin sensitizer,,endocrinology,diabetes mellitus,"Sigma, Vitas-M",99.23,"O=C(O[Cr](OC(=O)c1ccccn1)OC(=O)c1ccccn1)c1ccccn1, O=C(O[Cr](OC(=O)c1ccccn1)OC(=O)c1ccccn1)c1ccccn1","CBDQOLKNTOMMTL-UHFFFAOYSA-K, CBDQOLKNTOMMTL-UHFFFAOYSA-K",Launched
chromocarb,antispasmodic,,,,"MedChemEx, MicroSource, MicroSource, Selleck",97.98,"OC(=O)c1cc(=O)c2ccccc2o1, OC(=O)c1cc(=O)c2ccccc2o1, OC(=O)c1cc(=O)c2ccccc2o1, OC(=O)c1cc(=O)c2ccccc2o1","RVMGXWBCQGAWBR-UHFFFAOYSA-N, RVMGXWBCQGAWBR-UHFFFAOYSA-N, RVMGXWBCQGAWBR-UHFFFAOYSA-N, RVMGXWBCQGAWBR-UHFFFAOYSA-N",Launched
chrysin,breast cancer resistance protein inhibitor,"AKR1B1, CDK6, CYP19A1, CYP1B1",,,"MedChemEx, Selleck, Selleck, Selleck",99.22,"Oc1cc(O)c2c(c1)oc(cc2=O)-c1ccccc1, Oc1cc(O)c2c(c1)oc(cc2=O)-c1ccccc1, Oc1cc(O)c2c(c1)oc(cc2=O)-c1ccccc1, Oc1cc(O)c2c(c1)oc(cc2=O)-c1ccccc1","RTIXKCRFFJGDFG-UHFFFAOYSA-N, RTIXKCRFFJGDFG-UHFFFAOYSA-N, RTIXKCRFFJGDFG-UHFFFAOYSA-N, RTIXKCRFFJGDFG-UHFFFAOYSA-N",Phase 1
chrysophanic-acid,EGFR inhibitor,"EGFR, MTOR",,,"MedChemEx, Selleck",96.2,"Cc1cc(O)c2C(=O)c3c(O)cccc3C(=O)c2c1, Cc1cc(O)c2C(=O)c3c(O)cccc3C(=O)c2c1","LQGUBLBATBMXHT-UHFFFAOYSA-N, LQGUBLBATBMXHT-UHFFFAOYSA-N",Preclinical
chuanxiongzine,,,,,"MedChemEx, Enzo",97.8,"Cc1nc(C)c(C)nc1C, Cc1nc(C)c(C)nc1C","FINHMKGKINIASC-UHFFFAOYSA-N, FINHMKGKINIASC-UHFFFAOYSA-N",Phase 2
CH223191,aryl hydrocarbon receptor antagonist,AHR,,,Tocris,97.94,Cc1ccccc1\N=N\c1ccc(NC(=O)c2ccnn2C)c(C)c1,LKTNEXPODAWWFM-GHVJWSGMSA-N,Preclinical
CH5132799,PI3K inhibitor,"MTOR, PIK3CA, PIK3CB, PIK3CD, PIK3CG",,,"Selleck, Selleck, Selleck, MedChemEx",94.91,"CS(=O)(=O)N1CCc2c1nc(nc2-c1cnc(N)nc1)N1CCOCC1, CS(=O)(=O)N1CCc2c1nc(nc2-c1cnc(N)nc1)N1CCOCC1, CS(=O)(=O)N1CCc2c1nc(nc2-c1cnc(N)nc1)N1CCOCC1, CS(=O)(=O)N1CCc2c1nc(nc2-c1cnc(N)nc1)N1CCOCC1","JEGHXKRHKHPBJD-UHFFFAOYSA-N, JEGHXKRHKHPBJD-UHFFFAOYSA-N, JEGHXKRHKHPBJD-UHFFFAOYSA-N, JEGHXKRHKHPBJD-UHFFFAOYSA-N",Phase 1
CH55,retinoid receptor binder,"RARA, RARB",,,"Tocris, Tocris",92.13,"CC(C)(C)c1cc(cc(c1)C(C)(C)C)C(=O)\C=C\c1ccc(cc1)C(O)=O, CC(C)(C)c1cc(cc(c1)C(C)(C)C)C(=O)\C=C\c1ccc(cc1)C(O)=O","FOUVTBKPJRMLPE-FMIVXFBMSA-N, FOUVTBKPJRMLPE-FMIVXFBMSA-N",Preclinical
CI-844,,,,,ChemImpex,98.44,O(c1ccccc1)c1cccnc1,KDGUIKPOZGYLQJ-UHFFFAOYSA-N,Phase 2
CI-923,acetylcholine receptor antagonist,,,,"Sigma, Sigma",86.83,"CCN[C@@H](C)CN1CCc2c(C1)c(=O)oc1ccccc21 |&1:3,r|, CCN[C@@H](C)CN1CCc2c(C1)c(=O)oc1ccccc21 |&1:3,r|","MJRICTKAEYTJAV-LBPRGKRZSA-N, MJRICTKAEYTJAV-LBPRGKRZSA-N",Phase 1
CI-953,voltage-gated sodium channel blocker,,,,MedChemEx,96.48,Cc1cccc(Cl)c1NC(=O)Nc1ccncc1,ZSBWDKCIIZYQIR-UHFFFAOYSA-N,Phase 1
CI-966,GAT inhibitor,SLC6A1,,,"Tocris, Tocris, Tocris, Tocris",98.04,"OC(=O)C1=CCCN(CCOC(c2ccc(cc2)C(F)(F)F)c2ccc(cc2)C(F)(F)F)C1 |t:3|, OC(=O)C1=CCCN(CCOC(c2ccc(cc2)C(F)(F)F)c2ccc(cc2)C(F)(F)F)C1 |t:3|, OC(=O)C1=CCCN(CCOC(c2ccc(cc2)C(F)(F)F)c2ccc(cc2)C(F)(F)F)C1 |t:3|, OC(=O)C1=CCCN(CCOC(c2ccc(cc2)C(F)(F)F)c2ccc(cc2)C(F)(F)F)C1 |t:3|","CMHQDSBIBSKHFP-UHFFFAOYSA-N, CMHQDSBIBSKHFP-UHFFFAOYSA-N, CMHQDSBIBSKHFP-UHFFFAOYSA-N, CMHQDSBIBSKHFP-UHFFFAOYSA-N",Phase 1
CI-976,ACAT inhibitor,"ACAT1, CES1",,,"Tocris, Tocris, Tocris, Tocris, Tocris, Tocris, Tocris",98.4,"CCCCCCCCCCC(C)(C)C(=O)Nc1c(OC)cc(OC)cc1OC, CCCCCCCCCCC(C)(C)C(=O)Nc1c(OC)cc(OC)cc1OC, CCCCCCCCCCC(C)(C)C(=O)Nc1c(OC)cc(OC)cc1OC, CCCCCCCCCCC(C)(C)C(=O)Nc1c(OC)cc(OC)cc1OC, CCCCCCCCCCC(C)(C)C(=O)Nc1c(OC)cc(OC)cc1OC, CCCCCCCCCCC(C)(C)C(=O)Nc1c(OC)cc(OC)cc1OC, CCCCCCCCCCC(C)(C)C(=O)Nc1c(OC)cc(OC)cc1OC","WAFNZAURAWBNDZ-UHFFFAOYSA-N, WAFNZAURAWBNDZ-UHFFFAOYSA-N, WAFNZAURAWBNDZ-UHFFFAOYSA-N, WAFNZAURAWBNDZ-UHFFFAOYSA-N, WAFNZAURAWBNDZ-UHFFFAOYSA-N, WAFNZAURAWBNDZ-UHFFFAOYSA-N, WAFNZAURAWBNDZ-UHFFFAOYSA-N",Phase 1
ciaftalan-zinc,reactive oxygen species stimulant,,,,Sigma,22.93,"[Zn]1n2c3\N=C4/N=C(/N=c5\n1\c(=N/C1=N/C(=N\c2c2ccccc32)/c2ccccc12)c1ccccc51)c1ccccc41 |c:3,7,11,15,t:5,13|",PODBBOVVOGJETB-UHFFFAOYSA-N,Phase 1
cianidanol,fatty acid synthase inhibitor,PTGS1,,,"MicroSource, MedChemEx",99.09,"O[C@H]1Cc2c(O)cc(O)cc2O[C@@H]1c1ccc(O)c(O)c1, O[C@H]1Cc2c(O)cc(O)cc2O[C@@H]1c1ccc(O)c(O)c1","PFTAWBLQPZVEMU-DZGCQCFKSA-N, PFTAWBLQPZVEMU-DZGCQCFKSA-N",Withdrawn
cibenzoline,sodium channel blocker,,cardiology,cardiac arrythmia,"Sigma, Sigma, Sigma",98.93,"C1[C@@H](C2=NCCN2)C1(c1ccccc1)c1ccccc1 |r,t:2|, C1[C@@H](C2=NCCN2)C1(c1ccccc1)c1ccccc1 |r,t:2|, C1[C@@H](C2=NCCN2)C1(c1ccccc1)c1ccccc1 |r,t:2|","IPOBOOXFSRWSHL-INIZCTEOSA-N, IPOBOOXFSRWSHL-INIZCTEOSA-N, IPOBOOXFSRWSHL-INIZCTEOSA-N",Launched
ciclesonide,glucocorticoid receptor agonist,"NR3C1, SERPINA6",allergy,allergic rhinitis,"Tocris, Enzo, Enzo, Enzo",98.53,"CC(C)C(=O)OCC(=O)[C@@]12O[C@@H](O[C@@H]1C[C@H]1[C@@H]3CCC4=CC(=O)C=C[C@]4(C)[C@H]3[C@@H](O)C[C@]21C)C1CCCCC1 |c:24,t:20|, CC(C)C(=O)OCC(=O)[C@@]12O[C@@H](O[C@@H]1C[C@H]1[C@@H]3CCC4=CC(=O)C=C[C@]4(C)[C@H]3[C@@H](O)C[C@]21C)C1CCCCC1 |c:24,t:20|, CC(C)C(=O)OCC(=O)[C@@]12O[C@@H](O[C@@H]1C[C@H]1[C@@H]3CCC4=CC(=O)C=C[C@]4(C)[C@H]3[C@@H](O)C[C@]21C)C1CCCCC1 |c:24,t:20|, CC(C)C(=O)OCC(=O)[C@@]12O[C@@H](O[C@@H]1C[C@H]1[C@@H]3CCC4=CC(=O)C=C[C@]4(C)[C@H]3[C@@H](O)C[C@]21C)C1CCCCC1 |c:24,t:20|","LUKZNWIVRBCLON-GXOBDPJESA-N, LUKZNWIVRBCLON-GXOBDPJESA-N, LUKZNWIVRBCLON-GXOBDPJESA-N, LUKZNWIVRBCLON-GXOBDPJESA-N",Launched
ciclopirox,membrane integrity inhibitor,ATP1A1,infectious disease,onychomycosis,"MicroSource, Selleck, Sigma, Selleck, Selleck, Selleck, Selleck, Selleck, Selleck",93.13,"Cc1cc(C2CCCCC2)n(O)c(=O)c1, Cc1cc(C2CCCCC2)n(O)c(=O)c1, Cc1cc(C2CCCCC2)n(O)c(=O)c1, Cc1cc(C2CCCCC2)n(O)c(=O)c1, Cc1cc(C2CCCCC2)n(O)c(=O)c1, Cc1cc(C2CCCCC2)n(O)c(=O)c1, Cc1cc(C2CCCCC2)n(O)c(=O)c1, Cc1cc(C2CCCCC2)n(O)c(=O)c1, Cc1cc(C2CCCCC2)n(O)c(=O)c1","SCKYRAXSEDYPSA-UHFFFAOYSA-N, SCKYRAXSEDYPSA-UHFFFAOYSA-N, SCKYRAXSEDYPSA-UHFFFAOYSA-N, SCKYRAXSEDYPSA-UHFFFAOYSA-N, SCKYRAXSEDYPSA-UHFFFAOYSA-N, SCKYRAXSEDYPSA-UHFFFAOYSA-N, SCKYRAXSEDYPSA-UHFFFAOYSA-N, SCKYRAXSEDYPSA-UHFFFAOYSA-N, SCKYRAXSEDYPSA-UHFFFAOYSA-N",Launched
cicloprofen,cyclooxygenase inhibitor,"PTGS1, PTGS2",,,"Enamine, Enamine",95.97,"C[C@@H](C(O)=O)c1ccc-2c(Cc3ccccc-23)c1 |&1:1,r|, C[C@@H](C(O)=O)c1ccc-2c(Cc3ccccc-23)c1 |&1:1,r|","LRXFKKPEBXIPMW-SNVBAGLBSA-N, LRXFKKPEBXIPMW-SNVBAGLBSA-N",Preclinical
CID-16020046,G protein-coupled receptor antagonist,GPR55,,,Tocris,98.42,"Cc1ccc(cc1)-c1n[nH]c2C(=O)N([C@H](c12)c1cccc(O)c1)c1ccc(cc1)C(O)=O |&1:14,r|",VGUQVYZXABOXCX-QHCPKHFHSA-N,Preclinical
CID-2011756,protein kinase inhibitor,PKD1,,,"Tocris, Tocris",98.57,"Clc1cccc(c1)-c1ccc(o1)C(=O)Nc1ccc(CN2CCOCC2)cc1, Clc1cccc(c1)-c1ccc(o1)C(=O)Nc1ccc(CN2CCOCC2)cc1","XQJWTJLJEYIUDZ-UHFFFAOYSA-N, XQJWTJLJEYIUDZ-UHFFFAOYSA-N",Preclinical
CID-2745687,G protein-coupled receptor antagonist,GPR35,,,"Tocris, Tocris",95.19,"COC(=O)c1cnn(c1\C=N\NC(=S)NC(C)(C)C)-c1ccc(F)cc1F, COC(=O)c1cnn(c1\C=N\NC(=S)NC(C)(C)C)-c1ccc(F)cc1F","CYNLZIBKERMMOA-AWQFTUOYSA-N, CYNLZIBKERMMOA-AWQFTUOYSA-N",Preclinical
CID-5458317,MAP kinase phosphatase inhibitor,MAPK3,,,"EMDBio, EMDBio",96.86,"OC1=c2ccccc2=C(NC2CCCCC2)\C1=C/c1ccccc1 |c:1,t:8|, OC1=c2ccccc2=C(NC2CCCCC2)\C1=C/c1ccccc1 |c:1,t:8|","BJJVCNWHNQAAGB-HMMYKYKNSA-N, BJJVCNWHNQAAGB-HMMYKYKNSA-N",Preclinical
cidofovir,DNA polymerase inhibitor,,infectious disease,"acquired immunodeficiency syndrome (AIDS), cytomegalovirus retinitis","Selleck, Selleck, MedChemEx",100,"Nc1ccn(C[C@@H](CO)OCP(O)(O)=O)c(=O)n1, Nc1ccn(C[C@@H](CO)OCP(O)(O)=O)c(=O)n1, Nc1ccn(C[C@@H](CO)OCP(O)(O)=O)c(=O)n1","VWFCHDSQECPREK-LURJTMIESA-N, VWFCHDSQECPREK-LURJTMIESA-N, VWFCHDSQECPREK-LURJTMIESA-N",Launched
ciglitazone,PPAR receptor agonist,PPARG,,,"Tocris, Tocris, Tocris",96.7,"CC1(COc2ccc(C[C@H]3SC(=O)NC3=O)cc2)CCCCC1 |r|, CC1(COc2ccc(C[C@H]3SC(=O)NC3=O)cc2)CCCCC1 |r|, CC1(COc2ccc(C[C@H]3SC(=O)NC3=O)cc2)CCCCC1 |r|","YZFWTZACSRHJQD-OAHLLOKOSA-N, YZFWTZACSRHJQD-OAHLLOKOSA-N, YZFWTZACSRHJQD-OAHLLOKOSA-N",Phase 2
cilastatin,dehydropeptidase inhibitor,DPEP1,,,"AvaChem, Tocris",0,"CC1(C)C[C@@H]1C(=O)N\C(=C/CCCCSC[C@H](N)C(O)=O)C(O)=O, CC1(C)C[C@@H]1C(=O)N\C(=C/CCCCSC[C@H](N)C(O)=O)C(O)=O","DHSUYTOATWAVLW-WFVMDLQDSA-N, DHSUYTOATWAVLW-WFVMDLQDSA-N",Launched
cilazapril,angiotensin converting enzyme inhibitor,ACE,cardiology,"hypertension, congestive heart failure","MedChemEx, MedChemEx",97.44,"CCOC(=O)[C@H](CCc1ccccc1)N[C@H]1CCCN2CCC[C@H](N2C1=O)C(O)=O, CCOC(=O)[C@H](CCc1ccccc1)N[C@H]1CCCN2CCC[C@H](N2C1=O)C(O)=O","HHHKFGXWKKUNCY-FHWLQOOXSA-N, HHHKFGXWKKUNCY-FHWLQOOXSA-N",Launched
cilengitide,integrin antagonist,"ITGAV, ITGB3",,,"Selleck, Selleck, Selleck",96.22,"CC(C)[C@@H]1N(C)C(=O)[C@@H](Cc2ccccc2)NC(=O)[C@H](CC(O)=O)NC(=O)CNC(=O)[C@H](CCCNC(N)=N)NC1=O, CC(C)[C@@H]1N(C)C(=O)[C@@H](Cc2ccccc2)NC(=O)[C@H](CC(O)=O)NC(=O)CNC(=O)[C@H](CCCNC(N)=N)NC1=O, CC(C)[C@@H]1N(C)C(=O)[C@@H](Cc2ccccc2)NC(=O)[C@H](CC(O)=O)NC(=O)CNC(=O)[C@H](CCCNC(N)=N)NC1=O","AMLYAMJWYAIXIA-VWNVYAMZSA-N, AMLYAMJWYAIXIA-VWNVYAMZSA-N, AMLYAMJWYAIXIA-VWNVYAMZSA-N",Phase 3
cilnidipine,calcium channel blocker,CACNA1B,cardiology,hypertension,"Tocris, Tocris",98.22,"COCCOC(=O)C1=C(C)NC(C)=C([C@@H]1c1cccc(c1)[N+]([O-])=O)C(=O)OC\C=C\c1ccccc1 |&1:14,r,c:7,12|, COCCOC(=O)C1=C(C)NC(C)=C([C@@H]1c1cccc(c1)[N+]([O-])=O)C(=O)OC\C=C\c1ccccc1 |&1:14,r,c:7,12|","KJEBULYHNRNJTE-HGJFNOKFSA-N, KJEBULYHNRNJTE-HGJFNOKFSA-N",Launched
cilofexor,FXR agonist,,,,MedChemEx,94.88,OC(=O)c1ccnc(c1)N1CC(O)(C1)c1ccc(OCc2c(onc2-c2c(Cl)cccc2Cl)C2CC2)cc1Cl,KZSKGLFYQAYZCO-UHFFFAOYSA-N,Phase 3
cilomilast,phosphodiesterase inhibitor,"PDE4A, PDE4B, PDE4D",,,MedChemEx,89.36,COc1ccc(cc1OC1CCCC1)[C@]1(CC[C@@H](CC1)C(O)=O)C#N |r|,CFBUZOUXXHZCFB-OYOVHJISSA-N,Phase 3
cilostamide,phosphodiesterase inhibitor,"PDE3A, PDE3B",,,"Tocris, Tocris, Tocris",95.91,"CN(C1CCCCC1)C(=O)CCCOc1ccc2[nH]c(=O)ccc2c1, CN(C1CCCCC1)C(=O)CCCOc1ccc2[nH]c(=O)ccc2c1, CN(C1CCCCC1)C(=O)CCCOc1ccc2[nH]c(=O)ccc2c1","UIAYVIIHMORPSJ-UHFFFAOYSA-N, UIAYVIIHMORPSJ-UHFFFAOYSA-N, UIAYVIIHMORPSJ-UHFFFAOYSA-N",Preclinical
cilostazol,phosphodiesterase inhibitor,"PDE3A, PDE3B",cardiology,claudication,"MicroSource, MicroSource, Tocris, Selleck, Selleck, Tocris",98.71,"O=C1CCc2cc(OCCCCc3nnnn3C3CCCCC3)ccc2N1, O=C1CCc2cc(OCCCCc3nnnn3C3CCCCC3)ccc2N1, O=C1CCc2cc(OCCCCc3nnnn3C3CCCCC3)ccc2N1, O=C1CCc2cc(OCCCCc3nnnn3C3CCCCC3)ccc2N1, O=C1CCc2cc(OCCCCc3nnnn3C3CCCCC3)ccc2N1, O=C1CCc2cc(OCCCCc3nnnn3C3CCCCC3)ccc2N1","RRGUKTPIGVIEKM-UHFFFAOYSA-N, RRGUKTPIGVIEKM-UHFFFAOYSA-N, RRGUKTPIGVIEKM-UHFFFAOYSA-N, RRGUKTPIGVIEKM-UHFFFAOYSA-N, RRGUKTPIGVIEKM-UHFFFAOYSA-N, RRGUKTPIGVIEKM-UHFFFAOYSA-N",Launched
ciluprevir,serine protease inhibitor,,,,"Adooq, Adooq",0,"COc1ccc2c(O[C@@H]3C[C@@H]4N(C3)C(=O)[C@H](CCCCC\C=C/[C@@H]3C[C@]3(NC4=O)C(O)=O)NC(=O)OC3CCCC3)cc(nc2c1)-c1csc(NC(C)C)n1 |c:22|, COc1ccc2c(O[C@@H]3C[C@@H]4N(C3)C(=O)[C@H](CCCCC\C=C/[C@@H]3C[C@]3(NC4=O)C(O)=O)NC(=O)OC3CCCC3)cc(nc2c1)-c1csc(NC(C)C)n1 |c:22|","PJZPDFUUXKKDNB-KNINVFKUSA-N, PJZPDFUUXKKDNB-KNINVFKUSA-N",Preclinical
CIM-0216,transient receptor potential channel agonist,TRPM3,,,"Tocris, Tocris, Tocris",96.8,"Cc1cc(NC(=O)[C@@H](N2CCCc3ccccc23)c2ccccc2)no1 |&1:7,r|, Cc1cc(NC(=O)[C@@H](N2CCCc3ccccc23)c2ccccc2)no1 |&1:7,r|, Cc1cc(NC(=O)[C@@H](N2CCCc3ccccc23)c2ccccc2)no1 |&1:7,r|","KSEXDSJYVSEVGF-FQEVSTJZSA-N, KSEXDSJYVSEVGF-FQEVSTJZSA-N, KSEXDSJYVSEVGF-FQEVSTJZSA-N",Preclinical
cimaterol,adrenergic receptor agonist,"ADRB1, ADRB2, ADRB3",,,"Tocris, Tocris",96.13,"CC(C)NC[C@@H](O)c1ccc(N)c(c1)C#N |&1:5,r|, CC(C)NC[C@@H](O)c1ccc(N)c(c1)C#N |&1:5,r|","BUXRLJCGHZZYNE-GFCCVEGCSA-N, BUXRLJCGHZZYNE-GFCCVEGCSA-N",Preclinical
cimetidine,histamine receptor antagonist,"HRH2, SLC29A4, SLC47A1, SLC47A2","gastroenterology, hematologic malignancy, endocrinology","duodenal ulcer disease, peptic ulcer disease (PUD), gastroesophageal reflux disease (GERD), aggressive systemic mastocytosis (ASM), Zollinger-Ellison syndrome, endocrine adenoma","Tocris, Tocris, Selleck, Selleck, MicroSource",99.16,"CN\C(NCCSCc1[nH]cnc1C)=N/C#N, CN\C(NCCSCc1[nH]cnc1C)=N/C#N, CN\C(NCCSCc1[nH]cnc1C)=N/C#N, CN\C(NCCSCc1[nH]cnc1C)=N/C#N, CN\C(NCCSCc1[nH]cnc1C)=N/C#N","AQIXAKUUQRKLND-UHFFFAOYSA-N, AQIXAKUUQRKLND-UHFFFAOYSA-N, AQIXAKUUQRKLND-UHFFFAOYSA-N, AQIXAKUUQRKLND-UHFFFAOYSA-N, AQIXAKUUQRKLND-UHFFFAOYSA-N",Launched
cimetropium,acetylcholine receptor antagonist,CHRM1,gastroenterology,irritable bowel syndrome,Sigma,93.27,"C[N@@+]1(CC2CC2)[C@H]2C[C@@H](C[C@@H]1[C@H]1O[C@@H]21)OC(=O)[C@H](CO)c1ccccc1 |a:6,8,10,11,13,17,&1:1,TLB:0:1:7.8.9:11.13,THB:2:1:7.8.9:11.13,12:11:1:7.8.9,12:13:1:7.8.9,14:8:1:11.13|",QVVOZYKELHAIPX-IGDPVYPXSA-N,Launched
cinacalcet,calcium channel activator,CASR,"endocrinology, nephrology, oncology","hyperparathyroidism, chronic kidney disease (CKD), parathyroid carcinoma, hypercalcemia","Selleck, Selleck, Selleck, Selleck, Selleck, Selleck, Selleck",99.3,"C[C@@H](NCCCc1cccc(c1)C(F)(F)F)c1cccc2ccccc12, C[C@@H](NCCCc1cccc(c1)C(F)(F)F)c1cccc2ccccc12, C[C@@H](NCCCc1cccc(c1)C(F)(F)F)c1cccc2ccccc12, C[C@@H](NCCCc1cccc(c1)C(F)(F)F)c1cccc2ccccc12, C[C@@H](NCCCc1cccc(c1)C(F)(F)F)c1cccc2ccccc12, C[C@@H](NCCCc1cccc(c1)C(F)(F)F)c1cccc2ccccc12, C[C@@H](NCCCc1cccc(c1)C(F)(F)F)c1cccc2ccccc12","VDHAWDNDOKGFTD-MRXNPFEDSA-N, VDHAWDNDOKGFTD-MRXNPFEDSA-N, VDHAWDNDOKGFTD-MRXNPFEDSA-N, VDHAWDNDOKGFTD-MRXNPFEDSA-N, VDHAWDNDOKGFTD-MRXNPFEDSA-N, VDHAWDNDOKGFTD-MRXNPFEDSA-N, InChI=1S/C22H22F3N/c1-16(20-13-5-10-18-9-2-3-12-21(18)20)26-14-6-8-17-7-4-11-19(15-17)22(23,24)25/h2-5,7,9-13,15-16,26H,6,8,14H2,1H3/t16-/m1/s1",Launched
cinaciguat,guanylate cyclase activator,"GUCY1A3, GUCY1B3",,,"Tocris, MedChemEx, MedChemEx",97.86,"OC(=O)CCCCN(CCc1ccccc1OCc1ccc(CCc2ccccc2)cc1)Cc1ccc(cc1)C(O)=O, OC(=O)CCCCN(CCc1ccccc1OCc1ccc(CCc2ccccc2)cc1)Cc1ccc(cc1)C(O)=O, OC(=O)CCCCN(CCc1ccccc1OCc1ccc(CCc2ccccc2)cc1)Cc1ccc(cc1)C(O)=O","WPYWMXNXEZFMAK-UHFFFAOYSA-N, WPYWMXNXEZFMAK-UHFFFAOYSA-N, WPYWMXNXEZFMAK-UHFFFAOYSA-N",Phase 2
cinalukast,leukotriene receptor antagonist,CYSLTR1,,,"Tocris, Tocris, Tocris",92.06,"CCC(CC)(CC(=O)Nc1cccc(\C=C\c2nc(cs2)C2CCC2)c1)C(O)=O, CCC(CC)(CC(=O)Nc1cccc(\C=C\c2nc(cs2)C2CCC2)c1)C(O)=O, CCC(CC)(CC(=O)Nc1cccc(\C=C\c2nc(cs2)C2CCC2)c1)C(O)=O","BZMKNPGKXJAIDV-VAWYXSNFSA-N, BZMKNPGKXJAIDV-VAWYXSNFSA-N, BZMKNPGKXJAIDV-VAWYXSNFSA-N",Phase 2
cinanserin,serotonin receptor antagonist,HTR2A,,,"Tocris, Tocris",97.64,"CN(C)CCCSc1ccccc1NC(=O)\C=C\c1ccccc1, CN(C)CCCSc1ccccc1NC(=O)\C=C\c1ccccc1","RSUVYMGADVXGOU-BUHFOSPRSA-N, RSUVYMGADVXGOU-BUHFOSPRSA-N",Preclinical
cinchocaine,sodium channel blocker,"CALM1, SCN10A, SCN5A",neurology/psychiatry,local anesthetic,"MicroSource, MedChemEx, Selleck",97.32,"CCCCOc1cc(C(=O)NCCN(CC)CC)c2ccccc2n1, CCCCOc1cc(C(=O)NCCN(CC)CC)c2ccccc2n1, CCCCOc1cc(C(=O)NCCN(CC)CC)c2ccccc2n1","PUFQVTATUTYEAL-UHFFFAOYSA-N, PUFQVTATUTYEAL-UHFFFAOYSA-N, PUFQVTATUTYEAL-UHFFFAOYSA-N",Launched
cinchonidine,P glycoprotein inhibitor,,,,"MicroSource, MicroSource, MedChemEx, Selleck",93.36,"O[C@@H]([C@@H]1C[C@@H]2CC[N@]1C[C@@H]2C=C)c1ccnc2ccccc12, O[C@@H]([C@@H]1C[C@@H]2CC[N@]1C[C@@H]2C=C)c1ccnc2ccccc12, O[C@@H]([C@@H]1C[C@@H]2CC[N@]1C[C@@H]2C=C)c1ccnc2ccccc12, O[C@@H]([C@@H]1C[C@@H]2CC[N@]1C[C@@H]2C=C)c1ccnc2ccccc12","KMPWYEUPVWOPIM-KODHJQJWSA-N, KMPWYEUPVWOPIM-KODHJQJWSA-N, KMPWYEUPVWOPIM-KODHJQJWSA-N, KMPWYEUPVWOPIM-KODHJQJWSA-N",Phase 1
cinchonine,P glycoprotein inhibitor,CYP2D6,,,MedChemEx,85.43,O[C@H]([C@H]1C[C@@H]2CC[N@]1C[C@@H]2C=C)c1ccnc2ccccc12,KMPWYEUPVWOPIM-QAMTZSDWSA-N,Preclinical
cinchophen,analgesic agent,,rheumatology,gout,"MedChemEx, MicroSource, Selleck",99.45,"OC(=O)c1cc(nc2ccccc12)-c1ccccc1, OC(=O)c1cc(nc2ccccc12)-c1ccccc1, OC(=O)c1cc(nc2ccccc12)-c1ccccc1","YTRMTPPVNRALON-UHFFFAOYSA-N, YTRMTPPVNRALON-UHFFFAOYSA-N, YTRMTPPVNRALON-UHFFFAOYSA-N",Launched
cinepazet,vasodilator,,,,Sigma,95.1,CCOC(=O)CN1CCN(CC1)C(=O)\C=C\c1cc(OC)c(OC)c(OC)c1,XDUOTWNXVDBCDY-VOTSOKGWSA-N,Launched
cinepazide,calcium channel activator,,,,"MedChemEx, Selleck, Selleck",99.15,"COc1cc(\C=C\C(=O)N2CCN(CC(=O)N3CCCC3)CC2)cc(OC)c1OC, COc1cc(\C=C\C(=O)N2CCN(CC(=O)N3CCCC3)CC2)cc(OC)c1OC, COc1cc(\C=C\C(=O)N2CCN(CC(=O)N3CCCC3)CC2)cc(OC)c1OC","RCUDFXMNPQNBDU-VOTSOKGWSA-N, RCUDFXMNPQNBDU-VOTSOKGWSA-N, RCUDFXMNPQNBDU-VOTSOKGWSA-N",Withdrawn
cinflumide,muscle relaxant,,,,Enamine,89.23,Fc1cccc(\C=C\C(=O)NC2CC2)c1,NCOOUEIQXVWKTO-QPJJXVBHSA-N,Phase 2
cinnamaldehyde,"aldose reductase inhibitor, TRPV agonist",TRPA1,,,MedChemEx,86.3,O=C\C=C\c1ccccc1,KJPRLNWUNMBNBZ-QPJJXVBHSA-N,Preclinical
cinnarazine,calcium channel blocker,,"neurology/psychiatry, gastroenterology, ophthalmology","Meniere's disease, nausea, vomiting, Cogan's syndrome","MedChemEx, MicroSource, ChemDiv, ChemDiv",98.35,"C(\C=C\c1ccccc1)N1CCN(CC1)C(c1ccccc1)c1ccccc1, C(\C=C\c1ccccc1)N1CCN(CC1)C(c1ccccc1)c1ccccc1, C(\C=C\c1ccccc1)N1CCN(CC1)C(c1ccccc1)c1ccccc1, C(\C=C\c1ccccc1)N1CCN(CC1)C(c1ccccc1)c1ccccc1","DERZBLKQOCDDDZ-JLHYYAGUSA-N, DERZBLKQOCDDDZ-JLHYYAGUSA-N, DERZBLKQOCDDDZ-JLHYYAGUSA-N, DERZBLKQOCDDDZ-JLHYYAGUSA-N",Launched
cinobufotalin,anticancer agent,,,,MedChemEx,89.74,[H][C@@]12CC[C@]3(O)C[C@@H](O)CC[C@]3(C)[C@@]1([H])CC[C@]1(C)[C@H]([C@@H](OC(C)=O)[C@H]3O[C@@]213)c1ccc(=O)oc1,KBKUJJFDSHBPPA-ZNCGZLKOSA-N,Phase 1
cinoctramide,,,,,"MicroSource, MedChemEx",95.05,"COc1cc(\C=C\C(=O)N2CCCCCCC2)cc(OC)c1OC, COc1cc(\C=C\C(=O)N2CCCCCCC2)cc(OC)c1OC","MDGVCMGGLSOVIQ-MDZDMXLPSA-N, MDGVCMGGLSOVIQ-MDZDMXLPSA-N",Preclinical
cinoxacin,topoisomerase inhibitor,,infectious disease,urinary tract infections,"MicroSource, Selleck",93.53,"CCn1nc(C(O)=O)c(=O)c2cc3OCOc3cc12, CCn1nc(C(O)=O)c(=O)c2cc3OCOc3cc12","VDUWPHTZYNWKRN-UHFFFAOYSA-N, VDUWPHTZYNWKRN-UHFFFAOYSA-N",Launched
cinoxate,,,dermatology,sunscreen lotion,"Sigma, Enamine, Enamine",95.2,"CCOCCOC(=O)\C=C\c1ccc(OC)cc1, CCOCCOC(=O)\C=C\c1ccc(OC)cc1, CCOCCOC(=O)\C=C\c1ccc(OC)cc1","CMDKPGRTAQVGFQ-RMKNXTFCSA-N, CMDKPGRTAQVGFQ-RMKNXTFCSA-N, CMDKPGRTAQVGFQ-RMKNXTFCSA-N",Launched
CINPA-1,CAR antagonist,"NR1H4, NR1I3, PPARG",,,"Tocris, Tocris",94.15,"CCOC(=O)Nc1ccc2CCc3ccccc3N(C(=O)CN(CC)CC)c2c1, CCOC(=O)Nc1ccc2CCc3ccccc3N(C(=O)CN(CC)CC)c2c1","AYQBYSPEGRYKFA-UHFFFAOYSA-N, AYQBYSPEGRYKFA-UHFFFAOYSA-N",Preclinical
cinromide,,,,,"MicroSource, MedChemEx",99.12,"CCNC(=O)\C=C\c1cccc(Br)c1, CCNC(=O)\C=C\c1cccc(Br)c1","LDCXGZCEMNMWIL-VOTSOKGWSA-N, LDCXGZCEMNMWIL-VOTSOKGWSA-N",Phase 3
cintirorgon,ROR agonist,,,,MedChemEx,95.2,CC(C)(C[C@H]1CN(c2cc(ccc2O1)-c1cc(F)cc(OC(F)F)c1)S(=O)(=O)c1cccc(c1)C(F)(F)F)C(O)=O,GULSIMHVQYBADX-FQEVSTJZSA-N,Phase 1/Phase 2
cintriamide,,,,,MicroSource,97.46,COc1cc(\C=C\C(N)=O)cc(OC)c1OC,LRLKZVMLJBNNPE-SNAWJCMRSA-N,Preclinical
cipamfylline,phosphodiesterase inhibitor,,,,Sigma,85.94,Nc1nc2n(CC3CC3)c(=O)n(CC3CC3)c(=O)c2[nH]1,KSPYMJJKQMWWNB-UHFFFAOYSA-N,Phase 2
cipargamin,antimalarial agent,,,,MedChemEx,95.43,C[C@H]1Cc2c([nH]c3cc(Cl)c(F)cc23)[C@@]2(N1)C(=O)Nc1ccc(Cl)cc21,CKLPLPZSUQEDRT-WPCRTTGESA-N,Phase 2
cipemastat,metalloproteinase inhibitor,"ADAM17, MMP1, MMP13, MMP2, MMP3, MMP8, MMP9",,,Tocris,86.65,CN1C(=O)N(C[C@@H]([C@@H](CC2CCCC2)C(=O)N2CCCCC2)C(=O)NO)C(=O)C1(C)C,GFUITADOEPNRML-SJORKVTESA-N,Phase 3
ciprofibrate,PPAR receptor agonist,PPARA,endocrinology,hyperlipidemia,"MicroSource, MicroSource, Selleck",96.78,"CC(C)(Oc1ccc(cc1)[C@H]1CC1(Cl)Cl)C(O)=O |&1:10,r|, CC(C)(Oc1ccc(cc1)[C@H]1CC1(Cl)Cl)C(O)=O |&1:10,r|, CC(C)(Oc1ccc(cc1)[C@H]1CC1(Cl)Cl)C(O)=O |&1:10,r|","KPSRODZRAIWAKH-SNVBAGLBSA-N, KPSRODZRAIWAKH-SNVBAGLBSA-N, KPSRODZRAIWAKH-SNVBAGLBSA-N",Launched
ciprofloxacin,bacterial DNA gyrase inhibitor,TOP2A,otolaryngology,otitis,"MicroSource, Selleck, Selleck",98.2,"OC(=O)c1cn(C2CC2)c2cc(N3CCNCC3)c(F)cc2c1=O, OC(=O)c1cn(C2CC2)c2cc(N3CCNCC3)c(F)cc2c1=O, OC(=O)c1cn(C2CC2)c2cc(N3CCNCC3)c(F)cc2c1=O","MYSWGUAQZAJSOK-UHFFFAOYSA-N, MYSWGUAQZAJSOK-UHFFFAOYSA-N, MYSWGUAQZAJSOK-UHFFFAOYSA-N",Launched
ciproxifan,histamine receptor antagonist,"ADRA2A, ADRA2C, HRH3, HRH4, HTR3A",,,"MedChemEx, Selleck",98.18,"O=C(C1CC1)c1ccc(OCCCc2cnc[nH]2)cc1, O=C(C1CC1)c1ccc(OCCCc2cnc[nH]2)cc1","ACQBHJXEAYTHCY-UHFFFAOYSA-N, ACQBHJXEAYTHCY-UHFFFAOYSA-N",Preclinical
CIQ,glutamate receptor potentiator,"GRIN2C, GRIN2D",,,"Tocris, Sigma, Sigma",99.27,"COc1ccc(OC[C@H]2N(CCc3cc(OC)c(OC)cc23)C(=O)c2cccc(Cl)c2)cc1 |&1:8,r|, COc1ccc(OC[C@H]2N(CCc3cc(OC)c(OC)cc23)C(=O)c2cccc(Cl)c2)cc1 |&1:8,r|, COc1ccc(OC[C@H]2N(CCc3cc(OC)c(OC)cc23)C(=O)c2cccc(Cl)c2)cc1 |&1:8,r|","VYMILMYEENZHAR-HSZRJFAPSA-N, VYMILMYEENZHAR-HSZRJFAPSA-N, VYMILMYEENZHAR-HSZRJFAPSA-N",Preclinical
cirazoline,adrenergic receptor agonist,ADRA1A,,,"Tocris, Tocris",92.59,"C(Oc1ccccc1C1CC1)C1=NCCN1 |t:13|, C(Oc1ccccc1C1CC1)C1=NCCN1 |t:13|","YAORIDZYZDUZCM-UHFFFAOYSA-N, YAORIDZYZDUZCM-UHFFFAOYSA-N",Preclinical
cis-aconitic-acid,,ACO2,,,Enamine,0,OC(=O)C\C(=C\C(O)=O)C(O)=O,GTZCVFVGUGFEME-IWQZZHSRSA-N,Preclinical
cis-ACPD,glutamate receptor agonist,"GRM2, GRM3, GRM6, GRM7, GRM8",,,Tocris,100,"[H][C@]1(CC[C@@](N)(C1)C(O)=O)C(O)=O |&1:1,4,r|",YFYNOWXBIBKGHB-CLZZGJSISA-N,Preclinical
"cis-exo-camphanediol-2,3",nitric oxide stimulant,NOS3,,,Sigma,0,CC1(C)[C@H]2CC[C@]1(C)[C@@H](O)[C@H]2O,AYEOSGBMQHXVER-AZQAYCESSA-N,Phase 1
cis-urocanic-acid,serotonin receptor agonist,HTR2A,,,"Enamine, Enamine, Enamine, Sigma",100,"OC(=O)\C=C\c1cnc[nH]1, OC(=O)\C=C\c1cnc[nH]1, OC(=O)\C=C\c1cnc[nH]1, OC(=O)\C=C/c1cnc[nH]1","LOIYMIARKYCTBW-OWOJBTEDSA-N, LOIYMIARKYCTBW-OWOJBTEDSA-N, LOIYMIARKYCTBW-OWOJBTEDSA-N, LOIYMIARKYCTBW-UPHRSURJSA-N",Phase 2
"cis-9,trans-11-conjugated-linoleic-acid",,,,,"Enzo, Enzo, Sigma",96.37,"CCCCCC\C=C\C=C/CCCCCCCC(O)=O, CCCCCC\C=C\C=C/CCCCCCCC(O)=O, CCCCCC\C=C\C=C/CCCCCCCC(O)=O","JBYXPOFIGCOSSB-GOJKSUSPSA-N, JBYXPOFIGCOSSB-GOJKSUSPSA-N, JBYXPOFIGCOSSB-GOJKSUSPSA-N",Launched
cisapride,serotonin receptor agonist,"HTR2A, HTR3A, HTR4, KCNH2",,,"Tocris, Tocris, Tocris",98.57,"CO[C@H]1CN(CCCOc2ccc(F)cc2)CC[C@H]1NC(=O)c1cc(Cl)c(N)cc1OC, CO[C@H]1CN(CCCOc2ccc(F)cc2)CC[C@H]1NC(=O)c1cc(Cl)c(N)cc1OC, CO[C@H]1CN(CCCOc2ccc(F)cc2)CC[C@H]1NC(=O)c1cc(Cl)c(N)cc1OC","DCSUBABJRXZOMT-IRLDBZIGSA-N, DCSUBABJRXZOMT-IRLDBZIGSA-N, DCSUBABJRXZOMT-IRLDBZIGSA-N",Withdrawn
cisatracurium,acetylcholine receptor antagonist,CHRNA2,"neurology/psychiatry, critical care","muscle relaxant, endotracheal intubation","MedChemEx, Selleck, Selleck",88.16,"COc1ccc(C[C@@H]2c3cc(OC)c(OC)cc3CC[N@+]2(C)CCC(=O)OCCCCCOC(=O)CC[N@@+]2(C)CCc3cc(OC)c(OC)cc3[C@H]2Cc2ccc(OC)c(OC)c2)cc1OC, COc1ccc(C[C@@H]2c3cc(OC)c(OC)cc3CC[N@+]2(C)CCC(=O)OCCCCCOC(=O)CC[N@@+]2(C)CCc3cc(OC)c(OC)cc3[C@H]2Cc2ccc(OC)c(OC)c2)cc1OC, COc1ccc(C[C@@H]2c3cc(OC)c(OC)cc3CC[N@+]2(C)CCC(=O)OCCCCCOC(=O)CC[N@@+]2(C)CCc3cc(OC)c(OC)cc3[C@H]2Cc2ccc(OC)c(OC)c2)cc1OC","YXSLJKQTIDHPOT-LJCJQEJUSA-N, YXSLJKQTIDHPOT-LJCJQEJUSA-N, YXSLJKQTIDHPOT-LJCJQEJUSA-N",Launched
cisplatin,"DNA alkylating agent, DNA synthesis inhibitor",XIAP,oncology,"testicular carcinoma, ovarian cancer, bladder cancer","MicroSource, Selleck, Tocris, Selleck, Selleck",0,"N[Pt](N)(Cl)Cl, N[Pt](N)(Cl)Cl, N[Pt](N)(Cl)Cl, N[Pt](N)(Cl)Cl, N[Pt](N)(Cl)Cl","DQLATGHUWYMOKM-UHFFFAOYSA-L, DQLATGHUWYMOKM-UHFFFAOYSA-L, DQLATGHUWYMOKM-UHFFFAOYSA-L, DQLATGHUWYMOKM-UHFFFAOYSA-L, DQLATGHUWYMOKM-UHFFFAOYSA-L",Launched
citalopram,selective serotonin reuptake inhibitor (SSRI),"ADRA1A, CHRM1, HRH1, SLC6A2, SLC6A3, SLC6A4",neurology/psychiatry,depression,"MicroSource, Enamine, Tocris",97.27,"CN(C)CCC[C@]1(OCc2cc(ccc12)C#N)c1ccc(F)cc1 |&1:6|, CN(C)CCC[C@]1(OCc2cc(ccc12)C#N)c1ccc(F)cc1 |&1:6|, CN(C)CCC[C@]1(OCc2cc(ccc12)C#N)c1ccc(F)cc1 |&1:6|","WSEQXVZVJXJVFP-FQEVSTJZSA-N, WSEQXVZVJXJVFP-FQEVSTJZSA-N, WSEQXVZVJXJVFP-FQEVSTJZSA-N",Launched
citarinostat,HDAC inhibitor,,,,MedChemEx,96.59,ONC(=O)CCCCCCNC(=O)c1cnc(nc1)N(c1ccccc1)c1ccccc1Cl,VLIUIBXPEDFJRF-UHFFFAOYSA-N,Phase 1
CITCO,constitutive androstane receptor (CAR) agonist,NR1I3,,,"Tocris, Tocris, Tocris, Tocris",98.06,"Clc1ccc(cc1)-c1nc2sccn2c1\C=N\OCc1ccc(Cl)c(Cl)c1, Clc1ccc(cc1)-c1nc2sccn2c1\C=N\OCc1ccc(Cl)c(Cl)c1, Clc1ccc(cc1)-c1nc2sccn2c1\C=N\OCc1ccc(Cl)c(Cl)c1, Clc1ccc(cc1)-c1nc2sccn2c1\C=N\OCc1ccc(Cl)c(Cl)c1","ZQWBOKJVVYNKTL-AUEPDCJTSA-N, ZQWBOKJVVYNKTL-AUEPDCJTSA-N, ZQWBOKJVVYNKTL-AUEPDCJTSA-N, ZQWBOKJVVYNKTL-AUEPDCJTSA-N",Preclinical
citicoline,"glutathione transferase stimulant, membrane permeability enhancer","ACHE, SLC1A2","neurology/psychiatry, ophthalmology","stroke, Alzheimer's disease, senile dementia, Parkinson's Disease, attention-deficit/hyperactivity disorder (ADHD), glaucoma","MicroSource, MicroSource, Cayman",100,"C[N+](C)(C)CCOP(O)(=O)OP(O)(=O)OC[C@H]1O[C@H]([C@H](O)[C@@H]1O)n1ccc(N)nc1=O |a:16,18,19,21,&1:7,&2:11|, C[N+](C)(C)CCOP(O)(=O)OP(O)(=O)OC[C@H]1O[C@H]([C@H](O)[C@@H]1O)n1ccc(N)nc1=O |a:16,18,19,21,&1:7,&2:11|, C[N+](C)(C)CCOP(O)(=O)OP(O)(=O)OC[C@H]1O[C@H]([C@H](O)[C@@H]1O)n1ccc(N)nc1=O |a:16,18,19,21,&1:7,&2:11|","RZZPDXZPRHQOCG-OJAKKHQRSA-O, RZZPDXZPRHQOCG-OJAKKHQRSA-O, RZZPDXZPRHQOCG-OJAKKHQRSA-O",Launched
citiolone,"lipotropic, mucolytic agent",,,,MicroSource,94.67,"CC(=O)N[C@H]1CCSC1=O |&1:4,r|",NRFJZTXWLKPZAV-YFKPBYRVSA-N,Preclinical
citric-acid,coagulation factor inhibitor,"AKR1B1, ANG, APRT, BHMT, C8G, CA4, CPB1, CS, CTDSP1, GNMT, HGS, HS3ST3A1, IL4I1, ITPA, LSM6, MDH2, MIF, PDE5A, PKD2L1, PLEKHA1, RNASE1, RNASE3, SRC, TNFSF13B, UCK2",,,Sigma,0,OC(=O)CC(O)(CC(O)=O)C(O)=O,KRKNYBCHXYNGOX-UHFFFAOYSA-N,Preclinical
CJ-033466,serotonin receptor agonist,HTR4,,,"Tocris, Tocris",90.58,"CC(C)CN1CCC(CNC(=O)c2cc(Cl)c(N)n3cc(C)nc23)CC1, CC(C)CN1CCC(CNC(=O)c2cc(Cl)c(N)n3cc(C)nc23)CC1","ISKHMDNIWXPUGR-UHFFFAOYSA-N, ISKHMDNIWXPUGR-UHFFFAOYSA-N",Preclinical
CJ-13610,lipoxygenase inhibitor,,,,Sigma,96.54,Cc1nccn1-c1ccc(Sc2cccc(c2)C2(CCOCC2)C(N)=O)cc1,VPTONMHDLLMOOV-UHFFFAOYSA-N,Phase 2
CK-101,EGFR inhibitor,,,,MedChemEx,95.24,OCCN1CCN(CC1)c1ccc(Nc2ncc3cccc(-c4cccc(NC(=O)C=C)c4)c3n2)c(F)c1F,IDRGFNPZDVBSSE-UHFFFAOYSA-N,Preclinical
CK-636,actin related protein inhibitor,"ACTR2, ACTR3, ARPC1B, ARPC2, ARPC3, ARPC4, ARPC5",,,"Selleck, Selleck, MedChemEx",95.64,"Cc1[nH]c2ccccc2c1CCNC(=O)c1cccs1, Cc1[nH]c2ccccc2c1CCNC(=O)c1cccs1, Cc1[nH]c2ccccc2c1CCNC(=O)c1cccs1","ACAKNPKRLPMONU-UHFFFAOYSA-N, ACAKNPKRLPMONU-UHFFFAOYSA-N, ACAKNPKRLPMONU-UHFFFAOYSA-N",Preclinical
CKD-712,NFkB pathway inhibitor,"JAK2, STAT1",,,"MedChemEx, MedChemEx, MedChemEx",93.15,"Oc1cc2CCN[C@@H](Cc3cccc4ccccc34)c2cc1O |&1:7|, Oc1cc2CCN[C@@H](Cc3cccc4ccccc34)c2cc1O |&1:7|, Oc1cc2CCN[C@@H](Cc3cccc4ccccc34)c2cc1O |&1:7|","YGCQFKVNIBDJFW-SFHVURJKSA-N, YGCQFKVNIBDJFW-SFHVURJKSA-N, YGCQFKVNIBDJFW-SFHVURJKSA-N",Phase 1
CKI-7,casein kinase inhibitor,CSNK1G2,,,Tocris,93.33,NCCNS(=O)(=O)c1ccc(Cl)c2ccncc12,OGKYMFFYOWUTKV-UHFFFAOYSA-N,Preclinical
CL-218872,benzodiazepine receptor agonist,"GABRA1, GABRA2, GABRA3, GABRA5, GABRB2, GABRG2",,,"Tocris, Tocris, Tocris",98.21,"Cc1nnc2ccc(nn12)-c1cccc(c1)C(F)(F)F, Cc1nnc2ccc(nn12)-c1cccc(c1)C(F)(F)F, Cc1nnc2ccc(nn12)-c1cccc(c1)C(F)(F)F","GUOQUXNJZHGPQF-UHFFFAOYSA-N, GUOQUXNJZHGPQF-UHFFFAOYSA-N, GUOQUXNJZHGPQF-UHFFFAOYSA-N",Phase 1
CL-225385,,,,,Enamine,96.85,O=C(CC#N)c1ccccc1,ZJRCIQAMTAINCB-UHFFFAOYSA-N,Phase 2
cladribine,"adenosine deaminase inhibitor, ribonucleotide reductase inhibitor","ADA, PNP, POLA1, POLE, POLE2, POLE3, POLE4, RRM1, RRM2, RRM2B",hematologic malignancy,hairy cell leukemia,"Tocris, Selleck, Selleck, Selleck, Selleck, Selleck",98.23,"Nc1nc(Cl)nc2n(cnc12)[C@H]1C[C@H](O)[C@@H](CO)O1, Nc1nc(Cl)nc2n(cnc12)[C@H]1C[C@H](O)[C@@H](CO)O1, Nc1nc(Cl)nc2n(cnc12)[C@H]1C[C@H](O)[C@@H](CO)O1, Nc1nc(Cl)nc2n(cnc12)[C@H]1C[C@H](O)[C@@H](CO)O1, Nc1nc(Cl)nc2n(cnc12)[C@H]1C[C@H](O)[C@@H](CO)O1, Nc1nc(Cl)nc2n(cnc12)[C@H]1C[C@H](O)[C@@H](CO)O1","PTOAARAWEBMLNO-KVQBGUIXSA-N, PTOAARAWEBMLNO-KVQBGUIXSA-N, PTOAARAWEBMLNO-KVQBGUIXSA-N, PTOAARAWEBMLNO-KVQBGUIXSA-N, PTOAARAWEBMLNO-KVQBGUIXSA-N, PTOAARAWEBMLNO-KVQBGUIXSA-N",Launched
clamikalant,ATP-sensitive potassium channel antagonist,,,,Astatech,95.3,CNC(=S)NS(=O)(=O)c1cc(CCNC(=O)c2cc(Cl)ccc2OC)ccc1OC,VXTKXGKPBOLHRY-UHFFFAOYSA-N,Preclinical
clanfenur,anticancer agent,,,,AMS,91.68,CN(C)c1cccc(F)c1C(=O)NC(=O)Nc1ccc(Cl)cc1,SRLPZQAEBMZCIJ-UHFFFAOYSA-N,Preclinical
clarithromycin,bacterial 50S ribosomal subunit inhibitor,CYP3A4,"otolaryngology, pulmonary, infectious disease","pharyngitis, tonsillitis, sinusitis, bronchitis, pneumonia, skin infections, otitis","MicroSource, Selleck, Selleck, Selleck, MedChemEx",100,"CC[C@H]1OC(=O)[C@H](C)[C@@H](O[C@H]2C[C@@](C)(OC)[C@@H](O)[C@H](C)O2)[C@H](C)[C@@H](O[C@@H]2O[C@H](C)C[C@@H]([C@H]2O)N(C)C)[C@@](C)(C[C@@H](C)C(=O)[C@H](C)[C@@H](O)[C@]1(C)O)OC, CC[C@H]1OC(=O)[C@H](C)[C@@H](O[C@H]2C[C@@](C)(OC)[C@@H](O)[C@H](C)O2)[C@H](C)[C@@H](O[C@@H]2O[C@H](C)C[C@@H]([C@H]2O)N(C)C)[C@@](C)(C[C@@H](C)C(=O)[C@H](C)[C@@H](O)[C@]1(C)O)OC, CC[C@H]1OC(=O)[C@H](C)[C@@H](O[C@H]2C[C@@](C)(OC)[C@@H](O)[C@H](C)O2)[C@H](C)[C@@H](O[C@@H]2O[C@H](C)C[C@@H]([C@H]2O)N(C)C)[C@@](C)(C[C@@H](C)C(=O)[C@H](C)[C@@H](O)[C@]1(C)O)OC, CC[C@H]1OC(=O)[C@H](C)[C@@H](O[C@H]2C[C@@](C)(OC)[C@@H](O)[C@H](C)O2)[C@H](C)[C@@H](O[C@@H]2O[C@H](C)C[C@@H]([C@H]2O)N(C)C)[C@@](C)(C[C@@H](C)C(=O)[C@H](C)[C@@H](O)[C@]1(C)O)OC, CC[C@H]1OC(=O)[C@H](C)[C@@H](O[C@H]2C[C@@](C)(OC)[C@@H](O)[C@H](C)O2)[C@H](C)[C@@H](O[C@@H]2O[C@H](C)C[C@@H]([C@H]2O)N(C)C)[C@@](C)(C[C@@H](C)C(=O)[C@H](C)[C@@H](O)[C@]1(C)O)OC","AGOYDEPGAOXOCK-AAFHZFQRSA-N, AGOYDEPGAOXOCK-AAFHZFQRSA-N, AGOYDEPGAOXOCK-AAFHZFQRSA-N, AGOYDEPGAOXOCK-AAFHZFQRSA-N, AGOYDEPGAOXOCK-AAFHZFQRSA-N",Launched
clavulanate,beta lactamase inhibitor,,otolaryngology,otitis,"MicroSource, AvaChem",0,"OC\C=C1/O[C@@H]2CC(=O)N2[C@H]1C(O)=O, OC\C=C1/O[C@@H]2CC(=O)N2[C@H]1C(O)=O","HZZVJAQRINQKSD-PBFISZAISA-N, HZZVJAQRINQKSD-PBFISZAISA-N",Launched
clebopride,dopamine receptor antagonist,"ACHE, DRD2",gastroenterology,nausea,"Prestwick, Prestwick, MedChemEx",99.18,"COc1cc(N)c(Cl)cc1C(=O)NC1CCN(Cc2ccccc2)CC1, COc1cc(N)c(Cl)cc1C(=O)NC1CCN(Cc2ccccc2)CC1, COc1cc(N)c(Cl)cc1C(=O)NC1CCN(Cc2ccccc2)CC1","BVPWJMCABCPUQY-UHFFFAOYSA-N, BVPWJMCABCPUQY-UHFFFAOYSA-N, BVPWJMCABCPUQY-UHFFFAOYSA-N",Launched
clemastine,histamine receptor antagonist,HRH1,allergy,"allergic rhinitis, urticaria","Tocris, MicroSource, Tocris, Selleck, Tocris",96.36,"CN1CCC[C@@H]1CCO[C@](C)(c1ccccc1)c1ccc(Cl)cc1, CN1CCC[C@@H]1CCO[C@](C)(c1ccccc1)c1ccc(Cl)cc1, CN1CCC[C@@H]1CCO[C@](C)(c1ccccc1)c1ccc(Cl)cc1, CN1CCC[C@@H]1CCO[C@](C)(c1ccccc1)c1ccc(Cl)cc1, CN1CCC[C@@H]1CCO[C@](C)(c1ccccc1)c1ccc(Cl)cc1","YNNUSGIPVFPVBX-NHCUHLMSSA-N, YNNUSGIPVFPVBX-NHCUHLMSSA-N, YNNUSGIPVFPVBX-NHCUHLMSSA-N, YNNUSGIPVFPVBX-NHCUHLMSSA-N, YNNUSGIPVFPVBX-NHCUHLMSSA-N",Launched
clemizole,HCV inhibitor,,allergy,allergic rhinitis,"Tocris, Tocris, MicroSource, MicroSource",97.9,"Clc1ccc(Cn2c(CN3CCCC3)nc3ccccc23)cc1, Clc1ccc(Cn2c(CN3CCCC3)nc3ccccc23)cc1, Clc1ccc(Cn2c(CN3CCCC3)nc3ccccc23)cc1, Clc1ccc(Cn2c(CN3CCCC3)nc3ccccc23)cc1","CJXAEXPPLWQRFR-UHFFFAOYSA-N, CJXAEXPPLWQRFR-UHFFFAOYSA-N, CJXAEXPPLWQRFR-UHFFFAOYSA-N, CJXAEXPPLWQRFR-UHFFFAOYSA-N",Launched
clenbuterol,adrenergic receptor agonist,"ABCC8, ADRB2, KCNJ11",pulmonary,"chronic obstructive pulmonary disease (COPD), asthma",MedChemEx,98.15,CC(C)(C)NC[C@@H](O)c1cc(Cl)c(N)c(Cl)c1 |r|,STJMRWALKKWQGH-SNVBAGLBSA-N,Launched
cleviprex,calcium channel blocker,"CACNA1C, CACNA1D, CACNA1F, CACNA1S",cardiology,hypertension,"Selleck, MedChemEx, MedChemEx, MedChemEx",97.71,"CCCC(=O)OCOC(=O)C1=C(C)NC(C)=C([C@@H]1c1cccc(Cl)c1Cl)C(=O)OC |&1:17,r,c:10,15|, CCCC(=O)OCOC(=O)C1=C(C)NC(C)=C([C@@H]1c1cccc(Cl)c1Cl)C(=O)OC |&1:17,r,c:10,15|, CCCC(=O)OCOC(=O)C1=C(C)NC(C)=C([C@@H]1c1cccc(Cl)c1Cl)C(=O)OC |&1:17,r,c:10,15|, CCCC(=O)OCOC(=O)C1=C(C)NC(C)=C([C@@H]1c1cccc(Cl)c1Cl)C(=O)OC |&1:17,r,c:10,15|","KPBZROQVTHLCDU-SFHVURJKSA-N, KPBZROQVTHLCDU-SFHVURJKSA-N, KPBZROQVTHLCDU-SFHVURJKSA-N, KPBZROQVTHLCDU-SFHVURJKSA-N",Launched
clevudine,DNA polymerase inhibitor,,infectious disease,hepatitis B,MedChemEx,97.96,Cc1cn([C@H]2O[C@@H](CO)[C@H](O)[C@H]2F)c(=O)[nH]c1=O,GBBJCSTXCAQSSJ-XQXXSGGOSA-N,Launched
clidinium,acetylcholine receptor antagonist,"CHRM1, CHRM3",gastroenterology,"peptic ulcer disease (PUD), irritable bowel syndrome, enterocolitis","MicroSource, MicroSource, MicroSource, Selleck",99.37,"C[N+]12CCC(CC1)[C@@H](C2)OC(=O)C(O)(c1ccccc1)c1ccccc1 |&1:7,THB:9:7:2.3:5.6|, C[N+]12CCC(CC1)[C@@H](C2)OC(=O)C(O)(c1ccccc1)c1ccccc1 |&1:7,THB:9:7:2.3:5.6|, C[N+]12CCC(CC1)[C@@H](C2)OC(=O)C(O)(c1ccccc1)c1ccccc1 |&1:7,THB:9:7:2.3:5.6|, C[N+]12CCC(CC1)[C@@H](C2)OC(=O)C(O)(c1ccccc1)c1ccccc1 |&1:7,THB:9:7:2.3:5.6|","HOOSGZJRQIVJSZ-WEQDKIBNSA-N, HOOSGZJRQIVJSZ-WEQDKIBNSA-N, HOOSGZJRQIVJSZ-WEQDKIBNSA-N, HOOSGZJRQIVJSZ-WEQDKIBNSA-N",Launched
climbazole,enzyme inducer,,dermatology,"dandruff, eczema","MicroSource, Selleck",99.56,"CC(C)(C)C(=O)[C@@H](Oc1ccc(Cl)cc1)n1ccnc1 |&1:6,r|, CC(C)(C)C(=O)[C@@H](Oc1ccc(Cl)cc1)n1ccnc1 |&1:6,r|","OWEGWHBOCFMBLP-CQSZACIVSA-N, OWEGWHBOCFMBLP-CQSZACIVSA-N",Launched
clinafloxacin,bacterial DNA gyrase inhibitor,,,,"Selleck, MicroSource",98.71,"N[C@H]1CCN(C1)c1c(F)cc2c(c1Cl)n(cc(C(O)=O)c2=O)C1CC1 |&1:1|, N[C@H]1CCN(C1)c1c(F)cc2c(c1Cl)n(cc(C(O)=O)c2=O)C1CC1 |&1:1|","QGPKADBNRMWEQR-QMMMGPOBSA-N, QGPKADBNRMWEQR-QMMMGPOBSA-N",Phase 3
clindamycin,protein synthesis inhibitor,,infectious disease,"respiratory tract infections, pneumonia, skin infections, gynecologic infections, intra-abdominal infections, bacterial septicemia, bone and joint infections","Tocris, MicroSource, Selleck, Selleck, Selleck, Selleck",100,"CCC[C@@H]1C[C@H](N(C)C1)C(=O)N[C@H]([C@H](C)Cl)[C@H]1O[C@H](SC)[C@H](O)[C@@H](O)[C@H]1O, CCC[C@@H]1C[C@H](N(C)C1)C(=O)N[C@H]([C@H](C)Cl)[C@H]1O[C@H](SC)[C@H](O)[C@@H](O)[C@H]1O, CCC[C@@H]1C[C@H](N(C)C1)C(=O)N[C@H]([C@H](C)Cl)[C@H]1O[C@H](SC)[C@H](O)[C@@H](O)[C@H]1O, CCC[C@@H]1C[C@H](N(C)C1)C(=O)N[C@H]([C@H](C)Cl)[C@H]1O[C@H](SC)[C@H](O)[C@@H](O)[C@H]1O, CCC[C@@H]1C[C@H](N(C)C1)C(=O)N[C@H]([C@H](C)Cl)[C@H]1O[C@H](SC)[C@H](O)[C@@H](O)[C@H]1O, CCC[C@@H]1C[C@H](N(C)C1)C(=O)N[C@H]([C@H](C)Cl)[C@H]1O[C@H](SC)[C@H](O)[C@@H](O)[C@H]1O","KDLRVYVGXIQJDK-AWPVFWJPSA-N, KDLRVYVGXIQJDK-AWPVFWJPSA-N, KDLRVYVGXIQJDK-AWPVFWJPSA-N, KDLRVYVGXIQJDK-AWPVFWJPSA-N, KDLRVYVGXIQJDK-AWPVFWJPSA-N, KDLRVYVGXIQJDK-AWPVFWJPSA-N",Launched
clindamycin-palmitate,bacterial 50S ribosomal subunit inhibitor,,infectious disease,"intra-abdominal infections, skin infections, pneumonia, peritonitis, gynecologic infections",Selleck,98.5,CCCCCCCCCCCCCCCC(=O)O[C@@H]1[C@@H](O)[C@@H](O)[C@H](O[C@@H]1SC)[C@H](NC(=O)[C@@H]1C[C@@H](CCC)CN1C)[C@H](C)Cl,OYSKUZDIHNKWLV-PRUAPSLNSA-N,Launched
clindamycin-phosphate,protein synthesis inhibitor,,obstetrics/gynecology,bacterial vaginosis,"Selleck, Selleck",100,"CCC[C@@H]1C[C@H](N(C)C1)C(=O)N[C@H]([C@H](C)Cl)[C@H]1O[C@H](SC)[C@H](OP(O)(O)=O)[C@@H](O)[C@H]1O, CCC[C@@H]1C[C@H](N(C)C1)C(=O)N[C@H]([C@H](C)Cl)[C@H]1O[C@H](SC)[C@H](OP(O)(O)=O)[C@@H](O)[C@H]1O","UFUVLHLTWXBHGZ-MGZQPHGTSA-N, UFUVLHLTWXBHGZ-MGZQPHGTSA-N",Launched
clinofibrate,lipase clearing factor inhibitor,LPL,endocrinology,hypertriglyceridemia,"MedChemEx, Selleck",96.83,"CCC(C)(Oc1ccc(cc1)C1(CCCCC1)c1ccc(O[C@](C)(CC)C(O)=O)cc1)C(O)=O |&1:22,&2:2,r|, CCC(C)(Oc1ccc(cc1)C1(CCCCC1)c1ccc(O[C@](C)(CC)C(O)=O)cc1)C(O)=O |&1:22,&2:2,r|","BMOVQUBVGICXQN-AVJYQCBHSA-N, BMOVQUBVGICXQN-AVJYQCBHSA-N",Launched
clioquinol,chelating agent,OPRK1,,,"MicroSource, MicroSource, MicroSource",91.44,"Oc1c(I)cc(Cl)c2cccnc12, Oc1c(I)cc(Cl)c2cccnc12, Oc1c(I)cc(Cl)c2cccnc12","QCDFBFJGMNKBDO-UHFFFAOYSA-N, QCDFBFJGMNKBDO-UHFFFAOYSA-N, QCDFBFJGMNKBDO-UHFFFAOYSA-N",Withdrawn
clobenpropit,histamine receptor antagonist,"HRH1, HRH2, HRH3, HRH4",,,"Tocris, Tocris, Tocris, Tocris, Tocris",98.55,"Clc1ccc(CNC(=N)SCCCc2cnc[nH]2)cc1, Clc1ccc(CNC(=N)SCCCc2cnc[nH]2)cc1, Clc1ccc(CNC(=N)SCCCc2cnc[nH]2)cc1, Clc1ccc(CNC(=N)SCCCc2cnc[nH]2)cc1, Clc1ccc(CNC(=N)SCCCc2cnc[nH]2)cc1","UCAIEVHKDLMIFL-UHFFFAOYSA-N, UCAIEVHKDLMIFL-UHFFFAOYSA-N, UCAIEVHKDLMIFL-UHFFFAOYSA-N, UCAIEVHKDLMIFL-UHFFFAOYSA-N, UCAIEVHKDLMIFL-UHFFFAOYSA-N",Preclinical
clobetasol-propionate,glucocorticoid receptor agonist,"NR3C1, PLA2G1B",dermatology,corticosteroid-responsive dermatoses,"Sigma, MicroSource, Selleck, Selleck, Selleck",98.73,"CCC(=O)O[C@@]1([C@@H](C)C[C@H]2[C@@H]3CCC4=CC(=O)C=C[C@]4(C)[C@@]3(F)[C@@H](O)C[C@]12C)C(=O)CCl |c:17,t:13|, CCC(=O)O[C@@]1([C@@H](C)C[C@H]2[C@@H]3CCC4=CC(=O)C=C[C@]4(C)[C@@]3(F)[C@@H](O)C[C@]12C)C(=O)CCl |c:17,t:13|, CCC(=O)O[C@@]1([C@@H](C)C[C@H]2[C@@H]3CCC4=CC(=O)C=C[C@]4(C)[C@@]3(F)[C@@H](O)C[C@]12C)C(=O)CCl |c:17,t:13|, CCC(=O)O[C@@]1([C@@H](C)C[C@H]2[C@@H]3CCC4=CC(=O)C=C[C@]4(C)[C@@]3(F)[C@@H](O)C[C@]12C)C(=O)CCl |c:17,t:13|, CCC(=O)O[C@@]1([C@@H](C)C[C@H]2[C@@H]3CCC4=CC(=O)C=C[C@]4(C)[C@@]3(F)[C@@H](O)C[C@]12C)C(=O)CCl |c:17,t:13|","CBGUOGMQLZIXBE-XGQKBEPLSA-N, CBGUOGMQLZIXBE-XGQKBEPLSA-N, CBGUOGMQLZIXBE-XGQKBEPLSA-N, CBGUOGMQLZIXBE-XGQKBEPLSA-N, CBGUOGMQLZIXBE-XGQKBEPLSA-N",Launched
clobetasone-butyrate,corticosteroid agonist,NR3C1,dermatology,"eczema, psoriasis, dermatitis","Sigma, Sigma",93.44,"CCCC(=O)O[C@@]1([C@@H](C)C[C@H]2[C@@H]3CCC4=CC(=O)C=C[C@]4(C)[C@@]3(F)C(=O)C[C@]12C)C(=O)CCl |c:18,t:14|, CCCC(=O)O[C@@]1([C@@H](C)C[C@H]2[C@@H]3CCC4=CC(=O)C=C[C@]4(C)[C@@]3(F)C(=O)C[C@]12C)C(=O)CCl |c:18,t:14|","FBRAWBYQGRLCEK-AVVSTMBFSA-N, FBRAWBYQGRLCEK-AVVSTMBFSA-N",Launched
clobutinol,antitussive,,,,Prestwick,96.04,"C[C@@H](CN(C)C)C(C)(O)Cc1ccc(Cl)cc1 |&1:1,&2:6|",KVHHQGIIZCJATJ-ZSOXZCCMSA-N,Withdrawn
clocortolone-pivalate,steroid,"NR3C1, PLA2G1B",dermatology,corticosteroid-responsive dermatoses,"Prestwick, Prestwick, Prestwick, USP, USP",98.68,"C[C@@H]1C[C@H]2[C@@H]3C[C@H](F)C4=CC(=O)C=C[C@]4(C)[C@@]3(Cl)[C@@H](O)C[C@]2(C)[C@H]1C(=O)COC(=O)C(C)(C)C |c:12,t:8|, C[C@@H]1C[C@H]2[C@@H]3C[C@H](F)C4=CC(=O)C=C[C@]4(C)[C@@]3(Cl)[C@@H](O)C[C@]2(C)[C@H]1C(=O)COC(=O)C(C)(C)C |c:12,t:8|, C[C@@H]1C[C@H]2[C@@H]3C[C@H](F)C4=CC(=O)C=C[C@]4(C)[C@@]3(Cl)[C@@H](O)C[C@]2(C)[C@H]1C(=O)COC(=O)C(C)(C)C |c:12,t:8|, C[C@@H]1C[C@H]2[C@@H]3C[C@H](F)C4=CC(=O)C=C[C@]4(C)[C@@]3(Cl)[C@@H](O)C[C@]2(C)[C@H]1C(=O)COC(=O)C(C)(C)C |c:12,t:8|, C[C@@H]1C[C@H]2[C@@H]3C[C@H](F)C4=CC(=O)C=C[C@]4(C)[C@@]3(Cl)[C@@H](O)C[C@]2(C)[C@H]1C(=O)COC(=O)C(C)(C)C |c:12,t:8|","SXYZQZLHAIHKKY-GSTUPEFVSA-N, SXYZQZLHAIHKKY-GSTUPEFVSA-N, SXYZQZLHAIHKKY-GSTUPEFVSA-N, SXYZQZLHAIHKKY-GSTUPEFVSA-N, SXYZQZLHAIHKKY-GSTUPEFVSA-N",Launched
clodronic-acid,bone resorption inhibitor,"SLC25A4, SLC25A5, SLC25A6","orthopedics, endocrinology, hematologic malignancy","osteoporosis, hyperparathyroidism, hypercalcemia, multiple myeloma","Selleck, Selleck, Selleck",0,"OP(O)(=O)C(Cl)(Cl)P(O)(O)=O, OP(O)(=O)C(Cl)(Cl)P(O)(O)=O, OP(O)(=O)C(Cl)(Cl)P(O)(O)=O","ACSIXWWBWUQEHA-UHFFFAOYSA-N, ACSIXWWBWUQEHA-UHFFFAOYSA-N, ACSIXWWBWUQEHA-UHFFFAOYSA-N",Launched
clofarabine,ribonucleotide reductase inhibitor,"POLA1, POLD1, POLE, RRM1, RRM2, RRM2B",hematologic malignancy,acute lymphoblastic leukemia (ALL),"Tocris, Tocris, Tocris, Tocris, Tocris, Tocris, Tocris, Selleck",98.71,"Nc1nc(Cl)nc2n(cnc12)[C@@H]1O[C@H](CO)[C@@H](O)[C@@H]1F, Nc1nc(Cl)nc2n(cnc12)[C@@H]1O[C@H](CO)[C@@H](O)[C@@H]1F, Nc1nc(Cl)nc2n(cnc12)[C@@H]1O[C@H](CO)[C@@H](O)[C@@H]1F, Nc1nc(Cl)nc2n(cnc12)[C@@H]1O[C@H](CO)[C@@H](O)[C@@H]1F, Nc1nc(Cl)nc2n(cnc12)[C@@H]1O[C@H](CO)[C@@H](O)[C@@H]1F, Nc1nc(Cl)nc2n(cnc12)[C@@H]1O[C@H](CO)[C@@H](O)[C@@H]1F, Nc1nc(Cl)nc2n(cnc12)[C@@H]1O[C@H](CO)[C@@H](O)[C@@H]1F, Nc1nc(Cl)nc2n(cnc12)[C@@H]1O[C@H](CO)[C@@H](O)[C@@H]1F","WDDPHFBMKLOVOX-AYQXTPAHSA-N, WDDPHFBMKLOVOX-AYQXTPAHSA-N, WDDPHFBMKLOVOX-AYQXTPAHSA-N, WDDPHFBMKLOVOX-AYQXTPAHSA-N, WDDPHFBMKLOVOX-AYQXTPAHSA-N, WDDPHFBMKLOVOX-AYQXTPAHSA-N, WDDPHFBMKLOVOX-AYQXTPAHSA-N, WDDPHFBMKLOVOX-AYQXTPAHSA-N",Launched
clofazimine,GK0582 inhibitor,,infectious disease,leprosy,"MicroSource, Selleck, Selleck, Selleck",86.22,"CC(C)\N=c1/cc2n(-c3ccc(Cl)cc3)c3ccccc3nc2cc1Nc1ccc(Cl)cc1, CC(C)\N=c1/cc2n(-c3ccc(Cl)cc3)c3ccccc3nc2cc1Nc1ccc(Cl)cc1, CC(C)\N=c1/cc2n(-c3ccc(Cl)cc3)c3ccccc3nc2cc1Nc1ccc(Cl)cc1, CC(C)\N=c1/cc2n(-c3ccc(Cl)cc3)c3ccccc3nc2cc1Nc1ccc(Cl)cc1","WDQPAMHFFCXSNU-BGABXYSRSA-N, WDQPAMHFFCXSNU-BGABXYSRSA-N, WDQPAMHFFCXSNU-BGABXYSRSA-N, WDQPAMHFFCXSNU-BGABXYSRSA-N",Launched
clofedanol,histamine receptor antagonist,HRH1,pulmonary,cough suppressant,Sigma,97.05,"CN(C)CC[C@@](O)(c1ccccc1)c1ccccc1Cl |&1:5,r|",WRCHFMBCVFFYEQ-QGZVFWFLSA-N,Launched
clofibrate,PPAR receptor agonist,"LPL, PPARA","endocrinology, cardiology","hyperlipidemia, cholesterol","MicroSource, Selleck, Selleck, Selleck",99.05,"CCOC(=O)C(C)(C)Oc1ccc(Cl)cc1, CCOC(=O)C(C)(C)Oc1ccc(Cl)cc1, CCOC(=O)C(C)(C)Oc1ccc(Cl)cc1, CCOC(=O)C(C)(C)Oc1ccc(Cl)cc1","KNHUKKLJHYUCFP-UHFFFAOYSA-N, KNHUKKLJHYUCFP-UHFFFAOYSA-N, KNHUKKLJHYUCFP-UHFFFAOYSA-N, KNHUKKLJHYUCFP-UHFFFAOYSA-N",Launched
clofibric-acid,PPAR receptor agonist,PPARA,endocrinology,hyperlipidemia,"MicroSource, Tocris, Tocris, Selleck",98.95,"CC(C)(Oc1ccc(Cl)cc1)C(O)=O, CC(C)(Oc1ccc(Cl)cc1)C(O)=O, CC(C)(Oc1ccc(Cl)cc1)C(O)=O, CC(C)(Oc1ccc(Cl)cc1)C(O)=O","TXCGAZHTZHNUAI-UHFFFAOYSA-N, TXCGAZHTZHNUAI-UHFFFAOYSA-N, TXCGAZHTZHNUAI-UHFFFAOYSA-N, TXCGAZHTZHNUAI-UHFFFAOYSA-N",Launched
clofilium,potassium channel blocker,"KCNA5, KCNH1",,,"Sigma, Prestwick, Prestwick",46.21,"CCCCCCC[N+](CC)(CC)CCCCc1ccc(Cl)cc1, CCCCCCC[N+](CC)(CC)CCCCc1ccc(Cl)cc1, CCCCCCC[N+](CC)(CC)CCCCc1ccc(Cl)cc1","WPSYTTKBGAZSCX-UHFFFAOYSA-N, WPSYTTKBGAZSCX-UHFFFAOYSA-N, WPSYTTKBGAZSCX-UHFFFAOYSA-N",Phase 2
clofoctol,protein synthesis inhibitor,,infectious disease,gram-positive bacterial infections,"Selleck, Selleck, Selleck, MicroSource",97.9,"CC(C)(C)CC(C)(C)c1ccc(O)c(Cc2ccc(Cl)cc2Cl)c1, CC(C)(C)CC(C)(C)c1ccc(O)c(Cc2ccc(Cl)cc2Cl)c1, CC(C)(C)CC(C)(C)c1ccc(O)c(Cc2ccc(Cl)cc2Cl)c1, CC(C)(C)CC(C)(C)c1ccc(O)c(Cc2ccc(Cl)cc2Cl)c1","HQVZOORKDNCGCK-UHFFFAOYSA-N, HQVZOORKDNCGCK-UHFFFAOYSA-N, HQVZOORKDNCGCK-UHFFFAOYSA-N, HQVZOORKDNCGCK-UHFFFAOYSA-N",Launched
clomesone,DNA inhibitor,,,,Enamine,0,CS(=O)(=O)CS(=O)(=O)OCCCl,SEHSPJCWCBQHPF-UHFFFAOYSA-N,Phase 1
clomethiazole,"GABA receptor antagonist, GABA receptor modulator",GABRA1,neurology/psychiatry,"Parkinson's Disease, sedative, muscle relaxant","Tocris, Enamine, Enamine",94.39,"Cc1ncsc1CCCl, Cc1ncsc1CCCl, Cc1ncsc1CCCl","PCLITLDOTJTVDJ-UHFFFAOYSA-N, PCLITLDOTJTVDJ-UHFFFAOYSA-N, PCLITLDOTJTVDJ-UHFFFAOYSA-N",Launched
clomifene,estrogen receptor antagonist,ESR1,obstetrics/gynecology,infertility,"MicroSource, MicroSource, Selleck, Selleck, Selleck, Selleck, Selleck, Selleck, Selleck, Selleck",94.9,"CCN(CC)CCOc1ccc(cc1)C(=C(/Cl)c1ccccc1)\c1ccccc1, CCN(CC)CCOc1ccc(cc1)C(=C(/Cl)c1ccccc1)\c1ccccc1, CCN(CC)CCOc1ccc(cc1)C(=C(/Cl)c1ccccc1)\c1ccccc1, CCN(CC)CCOc1ccc(cc1)C(=C(/Cl)c1ccccc1)\c1ccccc1, CCN(CC)CCOc1ccc(cc1)C(=C(/Cl)c1ccccc1)\c1ccccc1, CCN(CC)CCOc1ccc(cc1)C(=C(/Cl)c1ccccc1)\c1ccccc1, CCN(CC)CCOc1ccc(cc1)C(=C(/Cl)c1ccccc1)\c1ccccc1, CCN(CC)CCOc1ccc(cc1)C(=C(/Cl)c1ccccc1)\c1ccccc1, CCN(CC)CCOc1ccc(cc1)C(=C(/Cl)c1ccccc1)\c1ccccc1, CCN(CC)CCOc1ccc(cc1)C(=C(/Cl)c1ccccc1)\c1ccccc1","GKIRPKYJQBWNGO-QPLCGJKRSA-N, GKIRPKYJQBWNGO-QPLCGJKRSA-N, GKIRPKYJQBWNGO-QPLCGJKRSA-N, GKIRPKYJQBWNGO-QPLCGJKRSA-N, GKIRPKYJQBWNGO-QPLCGJKRSA-N, GKIRPKYJQBWNGO-QPLCGJKRSA-N, GKIRPKYJQBWNGO-QPLCGJKRSA-N, GKIRPKYJQBWNGO-QPLCGJKRSA-N, GKIRPKYJQBWNGO-QPLCGJKRSA-N, GKIRPKYJQBWNGO-QPLCGJKRSA-N",Launched
clomipramine,serotonin transporter (SERT) inhibitor,"GSTP1, HTR2A, HTR2B, HTR2C, SLC6A2, SLC6A3, SLC6A4",neurology/psychiatry,obsessive compulsive disorder (OCD),"MicroSource, Tocris, Tocris, Selleck, Selleck",94.52,"CN(C)CCCN1c2ccccc2CCc2ccc(Cl)cc12, CN(C)CCCN1c2ccccc2CCc2ccc(Cl)cc12, CN(C)CCCN1c2ccccc2CCc2ccc(Cl)cc12, CN(C)CCCN1c2ccccc2CCc2ccc(Cl)cc12, CN(C)CCCN1c2ccccc2CCc2ccc(Cl)cc12","GDLIGKIOYRNHDA-UHFFFAOYSA-N, GDLIGKIOYRNHDA-UHFFFAOYSA-N, GDLIGKIOYRNHDA-UHFFFAOYSA-N, GDLIGKIOYRNHDA-UHFFFAOYSA-N, GDLIGKIOYRNHDA-UHFFFAOYSA-N",Launched
clonidine,adrenergic receptor agonist,"ADRA1A, ADRA1B, ADRA1D, ADRA2A, ADRA2B, ADRA2C","cardiology, neurology/psychiatry","hypertension, attention-deficit/hyperactivity disorder (ADHD)","MicroSource, Tocris, Tocris, Tocris, Selleck",99.61,"Clc1cccc(Cl)c1NC1=NCCN1 |t:10|, Clc1cccc(Cl)c1NC1=NCCN1 |t:10|, Clc1cccc(Cl)c1NC1=NCCN1 |t:10|, Clc1cccc(Cl)c1NC1=NCCN1 |t:10|, Clc1cccc(Cl)c1NC1=NCCN1 |t:10|","GJSURZIOUXUGAL-UHFFFAOYSA-N, GJSURZIOUXUGAL-UHFFFAOYSA-N, GJSURZIOUXUGAL-UHFFFAOYSA-N, GJSURZIOUXUGAL-UHFFFAOYSA-N, GJSURZIOUXUGAL-UHFFFAOYSA-N",Launched
clonixin,cyclooxygenase inhibitor,"PTGS1, PTGS2","rheumatology, infectious disease","rheumatoid arthritis, soft tissue infection",CombiBlocks,97.7,Cc1c(Cl)cccc1Nc1ncccc1C(O)=O,CLOMYZFHNHFSIQ-UHFFFAOYSA-N,Preclinical
clonixin-lysinate,cyclooxygenase inhibitor,,neurology/psychiatry,pain relief,"Sigma, Sigma, Prestwick",86.5,"NCCCC[C@H](N)C(O)=O.Cc1c(Cl)cccc1Nc1ncccc1C(O)=O, NCCCC[C@H](N)C(O)=O.Cc1c(Cl)cccc1Nc1ncccc1C(O)=O, NCCCC[C@H](N)C(O)=O.Cc1c(Cl)cccc1Nc1ncccc1C(O)=O","CVNFYQCHAWFYQI-ZSCHJXSPSA-N, CVNFYQCHAWFYQI-ZSCHJXSPSA-N, CVNFYQCHAWFYQI-ZSCHJXSPSA-N",Launched
clopamide,sodium/chloride cotransporter inhibitor,,cardiology,hypertension,"Selleck, Selleck",98.33,"C[C@H]1CCC[C@@H](C)N1NC(=O)c1ccc(Cl)c(c1)S(N)(=O)=O, C[C@H]1CCC[C@@H](C)N1NC(=O)c1ccc(Cl)c(c1)S(N)(=O)=O","LBXHRAWDUMTPSE-AOOOYVTPSA-N, LBXHRAWDUMTPSE-AOOOYVTPSA-N",Launched
cloperastine,antitussive,,pulmonary,cough suppressant,"MicroSource, Selleck",97.64,"Clc1ccc(cc1)[C@@H](OCCN1CCCCC1)c1ccccc1 |&1:7|, Clc1ccc(cc1)[C@@H](OCCN1CCCCC1)c1ccccc1 |&1:7|","FLNXBVJLPJNOSI-FQEVSTJZSA-N, FLNXBVJLPJNOSI-FQEVSTJZSA-N",Launched
cloperastine-fendizoate,potassium channel antagonist,,,,,0,,,Preclinical
clopidogrel,purinergic receptor antagonist,P2RY12,"cardiology, neurology/psychiatry","myocardial infarction, stroke, peripheral artery disease (PAD), acute coronary syndrome (ACS)","MicroSource, Selleck, Selleck, Selleck, Selleck, Selleck",99.2,"COC(=O)[C@@H](N1CCc2sccc2C1)c1ccccc1Cl, COC(=O)[C@@H](N1CCc2sccc2C1)c1ccccc1Cl, COC(=O)[C@@H](N1CCc2sccc2C1)c1ccccc1Cl, COC(=O)[C@@H](N1CCc2sccc2C1)c1ccccc1Cl, COC(=O)[C@@H](N1CCc2sccc2C1)c1ccccc1Cl, COC(=O)[C@@H](N1CCc2sccc2C1)c1ccccc1Cl","GKTWGGQPFAXNFI-HNNXBMFYSA-N, GKTWGGQPFAXNFI-HNNXBMFYSA-N, GKTWGGQPFAXNFI-HNNXBMFYSA-N, GKTWGGQPFAXNFI-HNNXBMFYSA-N, GKTWGGQPFAXNFI-HNNXBMFYSA-N, GKTWGGQPFAXNFI-HNNXBMFYSA-N",Launched
clopidol,,,infectious disease,coccidiosis,"MicroSource, MedChemEx",97.05,"Cc1[nH]c(C)c(Cl)c(=O)c1Cl, Cc1[nH]c(C)c(Cl)c(=O)c1Cl","ZDPIZLCVJAAHHR-UHFFFAOYSA-N, ZDPIZLCVJAAHHR-UHFFFAOYSA-N",Launched
cloprostenol-(+/-),prostaglandin receptor agonist,"PTGDR, PTGER1, PTGER3, PTGFR, TBXA2R",obstetrics/gynecology,endometriosis,Tocris,93.34,O[C@@H](COc1cccc(Cl)c1)\C=C\[C@H]1[C@H](O)C[C@H](O)[C@@H]1C\C=C/CCCC(O)=O,VJGGHXVGBSZVMZ-QIZQQNKQSA-N,Launched
cloranolol,adrenergic receptor antagonist,"ADRB1, ADRB2, ADRB3",cardiology,hypertension,Sigma,97.23,CC(C)(C)NC[C@@H](O)COc1cc(Cl)ccc1Cl |&1:6|,XYCMOTOFHFTUIU-SNVBAGLBSA-N,Launched
clorgiline,monoamine oxidase inhibitor,MAOA,,,"Selleck, MicroSource, MicroSource, MedChemEx",97.41,"CN(CCCOc1ccc(Cl)cc1Cl)CC#C, CN(CCCOc1ccc(Cl)cc1Cl)CC#C, CN(CCCOc1ccc(Cl)cc1Cl)CC#C, CN(CCCOc1ccc(Cl)cc1Cl)CC#C","BTFHLQRNAMSNLC-UHFFFAOYSA-N, BTFHLQRNAMSNLC-UHFFFAOYSA-N, BTFHLQRNAMSNLC-UHFFFAOYSA-N, BTFHLQRNAMSNLC-UHFFFAOYSA-N",Phase 2
clorotepine,"adrenergic receptor antagonist, dopamine receptor antagonist","ADRA1A, ADRA1B, ADRA1D, DRD2, HRH1, HTR2C, HTR6",neurology/psychiatry,psychosis,"Sigma, Sigma",99.23,"CN1CCN(CC1)[C@H]1Cc2ccccc2Sc2ccc(Cl)cc12 |&1:7|, CN1CCN(CC1)[C@H]1Cc2ccccc2Sc2ccc(Cl)cc12 |&1:7|","XRYLGRGAWQSVQW-KRWDZBQOSA-N, XRYLGRGAWQSVQW-KRWDZBQOSA-N",Launched
clorprenaline,adrenergic receptor agonist,"ADRB1, ADRB2",pulmonary,asthma,Selleck,95.94,CC(C)NC[C@@H](O)c1ccccc1Cl |&1:5|,SSMSBSWKLKKXGG-LLVKDONJSA-N,Launched
clorsulon,glycolysis inhibitor,,infectious disease,"gastrointestinal roundworms, lungworms, liver flukes, lice, mites","MicroSource, MedChemEx, Selleck",99.05,"Nc1cc(C(Cl)=C(Cl)Cl)c(cc1S(N)(=O)=O)S(N)(=O)=O, Nc1cc(C(Cl)=C(Cl)Cl)c(cc1S(N)(=O)=O)S(N)(=O)=O, Nc1cc(C(Cl)=C(Cl)Cl)c(cc1S(N)(=O)=O)S(N)(=O)=O","QOVTVIYTBRHADL-UHFFFAOYSA-N, QOVTVIYTBRHADL-UHFFFAOYSA-N, QOVTVIYTBRHADL-UHFFFAOYSA-N",Launched
closantel,"chitinase inhibitor, NFkB pathway inhibitor",,infectious disease,liver flukes,"MedChemEx, Selleck",98.84,"Cc1cc([C@@H](C#N)c2ccc(Cl)cc2)c(Cl)cc1NC(=O)c1cc(I)cc(I)c1O |&1:4|, Cc1cc([C@@H](C#N)c2ccc(Cl)cc2)c(Cl)cc1NC(=O)c1cc(I)cc(I)c1O |&1:4|","JMPFSEBWVLAJKM-KRWDZBQOSA-N, JMPFSEBWVLAJKM-KRWDZBQOSA-N",Launched
clotiapine,,,neurology/psychiatry,psychosis,"Enzo, Enzo",99.4,"CN1CCN(CC1)C1=Nc2ccccc2Sc2ccc(Cl)cc12 |t:8|, CN1CCN(CC1)C1=Nc2ccccc2Sc2ccc(Cl)cc12 |t:8|","KAAZGXDPUNNEFN-UHFFFAOYSA-N, KAAZGXDPUNNEFN-UHFFFAOYSA-N",Launched
clotrimazole,"cytochrome P450 inhibitor, imidazoline receptor ligand","CYP3A4, KCNN4, NR1I2, NR1I3, TRPM2, TRPM4, TRPM8",infectious disease,"vulvovaginal candidiasis, oropharyngeal candidiasis","Tocris, MicroSource, Selleck, Tocris",98.93,"Clc1ccccc1C(c1ccccc1)(c1ccccc1)n1ccnc1, Clc1ccccc1C(c1ccccc1)(c1ccccc1)n1ccnc1, Clc1ccccc1C(c1ccccc1)(c1ccccc1)n1ccnc1, Clc1ccccc1C(c1ccccc1)(c1ccccc1)n1ccnc1","VNFPBHJOKIVQEB-UHFFFAOYSA-N, VNFPBHJOKIVQEB-UHFFFAOYSA-N, VNFPBHJOKIVQEB-UHFFFAOYSA-N, VNFPBHJOKIVQEB-UHFFFAOYSA-N",Launched
cloxacillin,bacterial cell wall synthesis inhibitor,,infectious disease,gram-positive bacterial infections,"MicroSource, MicroSource, MedChemEx, Selleck, Selleck",94.98,"Cc1onc(c1C(=O)N[C@H]1[C@H]2SC(C)(C)[C@@H](N2C1=O)C(O)=O)-c1ccccc1Cl, Cc1onc(c1C(=O)N[C@H]1[C@H]2SC(C)(C)[C@@H](N2C1=O)C(O)=O)-c1ccccc1Cl, Cc1onc(c1C(=O)N[C@H]1[C@H]2SC(C)(C)[C@@H](N2C1=O)C(O)=O)-c1ccccc1Cl, Cc1onc(c1C(=O)N[C@H]1[C@H]2SC(C)(C)[C@@H](N2C1=O)C(O)=O)-c1ccccc1Cl, Cc1onc(c1C(=O)N[C@H]1[C@H]2SC(C)(C)[C@@H](N2C1=O)C(O)=O)-c1ccccc1Cl","LQOLIRLGBULYKD-JKIFEVAISA-N, LQOLIRLGBULYKD-JKIFEVAISA-N, LQOLIRLGBULYKD-JKIFEVAISA-N, LQOLIRLGBULYKD-JKIFEVAISA-N, LQOLIRLGBULYKD-JKIFEVAISA-N",Launched
cloxyquin,potassium channel activator,KCNK18,,,"MedChemEx, MedChemEx, MicroSource",98.46,"Oc1ccc(Cl)c2cccnc12, Oc1ccc(Cl)c2cccnc12, Oc1ccc(Cl)c2cccnc12","CTQMJYWDVABFRZ-UHFFFAOYSA-N, CTQMJYWDVABFRZ-UHFFFAOYSA-N, CTQMJYWDVABFRZ-UHFFFAOYSA-N",Preclinical
clozapine,"dopamine receptor antagonist, serotonin receptor antagonist","ADRA1A, ADRA1B, ADRA1D, ADRA2A, ADRA2B, ADRA2C, CALY, CHRM1, CHRM2, CHRM3, CHRM4, CHRM5, DRD1, DRD2, DRD3, DRD4, DRD5, HRH1, HRH4, HTR1A, HTR1B, HTR1D, HTR1E, HTR1F, HTR2A, HTR2B, HTR2C, HTR3A, HTR5A, HTR6, HTR7",neurology/psychiatry,schizophrenia,"MicroSource, Selleck, Tocris, Selleck",95.42,"CN1CCN(CC1)C1=Nc2cc(Cl)ccc2Nc2ccccc12 |t:8|, CN1CCN(CC1)C1=Nc2cc(Cl)ccc2Nc2ccccc12 |t:8|, CN1CCN(CC1)C1=Nc2cc(Cl)ccc2Nc2ccccc12 |t:8|, CN1CCN(CC1)C1=Nc2cc(Cl)ccc2Nc2ccccc12 |t:8|","QZUDBNBUXVUHMW-UHFFFAOYSA-N, QZUDBNBUXVUHMW-UHFFFAOYSA-N, QZUDBNBUXVUHMW-UHFFFAOYSA-N, QZUDBNBUXVUHMW-UHFFFAOYSA-N",Launched
CL316243,adrenergic receptor agonist,"ADRB3, UCP1, UCP2, UCP3",,,Tocris,96.36,C[C@H](Cc1ccc2OC(Oc2c1)(C(O)=O)C(O)=O)NC[C@H](O)c1cccc(Cl)c1,JEDJMKTVUPSHFW-ABAIWWIYSA-N,Phase 2
CM-4620,calcium release activated channel modulator,,,,MedChemEx,97.16,Cc1cccc(F)c1C(=O)Nc1cnc(cn1)-c1cc2OC(F)(F)Oc2cc1Cl,QQMKTHUGOQDEIL-UHFFFAOYSA-N,Phase 2
CMPD-1,p38 MAPK inhibitor,"GNRHR, MAPK14",,,"Tocris, Tocris, Tocris",96.43,"Oc1ccc(NC(=O)CCCc2ccc(cc2)-c2ccccc2F)cc1, Oc1ccc(NC(=O)CCCc2ccc(cc2)-c2ccccc2F)cc1, Oc1ccc(NC(=O)CCCc2ccc(cc2)-c2ccccc2F)cc1","ODYAQBDIXCVKAE-UHFFFAOYSA-N, ODYAQBDIXCVKAE-UHFFFAOYSA-N, ODYAQBDIXCVKAE-UHFFFAOYSA-N",Preclinical
CNQX,glutamate receptor antagonist,"GRIA1, GRIA2, GRIA3, GRIA4",,,"Tocris, Tocris, Tocris",97.7,"[O-][N+](=O)c1cc2[nH]c(=O)c(=O)[nH]c2cc1C#N, [O-][N+](=O)c1cc2[nH]c(=O)c(=O)[nH]c2cc1C#N, [O-][N+](=O)c1cc2[nH]c(=O)c(=O)[nH]c2cc1C#N","RPXVIAFEQBNEAX-UHFFFAOYSA-N, RPXVIAFEQBNEAX-UHFFFAOYSA-N, RPXVIAFEQBNEAX-UHFFFAOYSA-N",Phase 1
CNX-2006,EGFR inhibitor,EGFR,,,"MedChemEx, MedChemEx",95.62,"COc1cc(NC2CN(CCF)C2)ccc1Nc1ncc(c(Nc2cccc(NC(=O)C=C)c2)n1)C(F)(F)F, COc1cc(NC2CN(CCF)C2)ccc1Nc1ncc(c(Nc2cccc(NC(=O)C=C)c2)n1)C(F)(F)F","BFSRTTWIPACGMI-UHFFFAOYSA-N, BFSRTTWIPACGMI-UHFFFAOYSA-N",Preclinical
CNX-774,Bruton's tyrosine kinase (BTK) inhibitor,BTK,,,"MedChemEx, Selleck, Selleck, Selleck, Selleck",96.11,"CNC(=O)c1cc(Oc2ccc(Nc3ncc(F)c(Nc4cccc(NC(=O)C=C)c4)n3)cc2)ccn1, CNC(=O)c1cc(Oc2ccc(Nc3ncc(F)c(Nc4cccc(NC(=O)C=C)c4)n3)cc2)ccn1, CNC(=O)c1cc(Oc2ccc(Nc3ncc(F)c(Nc4cccc(NC(=O)C=C)c4)n3)cc2)ccn1, CNC(=O)c1cc(Oc2ccc(Nc3ncc(F)c(Nc4cccc(NC(=O)C=C)c4)n3)cc2)ccn1, CNC(=O)c1cc(Oc2ccc(Nc3ncc(F)c(Nc4cccc(NC(=O)C=C)c4)n3)cc2)ccn1","VVLHQJDAUIPZFH-UHFFFAOYSA-N, VVLHQJDAUIPZFH-UHFFFAOYSA-N, VVLHQJDAUIPZFH-UHFFFAOYSA-N, VVLHQJDAUIPZFH-UHFFFAOYSA-N, VVLHQJDAUIPZFH-UHFFFAOYSA-N",Preclinical
CO-101244,glutamate receptor antagonist,GRIN2B,,,"Tocris, Tocris, Tocris, Tocris",96.9,"Cc1ccc(CC2(O)CCN(CCOc3ccc(O)cc3)CC2)cc1, Cc1ccc(CC2(O)CCN(CCOc3ccc(O)cc3)CC2)cc1, Cc1ccc(CC2(O)CCN(CCOc3ccc(O)cc3)CC2)cc1, Cc1ccc(CC2(O)CCN(CCOc3ccc(O)cc3)CC2)cc1","VKMFDKYCIKEDMR-UHFFFAOYSA-N, VKMFDKYCIKEDMR-UHFFFAOYSA-N, VKMFDKYCIKEDMR-UHFFFAOYSA-N, VKMFDKYCIKEDMR-UHFFFAOYSA-N",Preclinical
CO-102862,sodium channel blocker,"SCN4A, SCN9A",,,"Tocris, Tocris, Tocris",97.69,"NC(=O)N\N=C\c1ccc(Oc2ccc(F)cc2)cc1, NC(=O)N\N=C\c1ccc(Oc2ccc(F)cc2)cc1, NC(=O)N\N=C\c1ccc(Oc2ccc(F)cc2)cc1","MHUUDVZSPFRUSK-RQZCQDPDSA-N, MHUUDVZSPFRUSK-RQZCQDPDSA-N, MHUUDVZSPFRUSK-RQZCQDPDSA-N",Phase 1
cobicistat,cytochrome P450 inhibitor,"CYP3A4, CYP3A43, CYP3A5, CYP3A7",infectious disease,human immunodeficiency virus (HIV-1),"MedChemEx, MedChemEx, Selleck, Selleck",97.7,"CC(C)c1nc(CN(C)C(=O)N[C@@H](CCN2CCOCC2)C(=O)N[C@H](CC[C@H](Cc2ccccc2)NC(=O)OCc2cncs2)Cc2ccccc2)cs1, CC(C)c1nc(CN(C)C(=O)N[C@@H](CCN2CCOCC2)C(=O)N[C@H](CC[C@H](Cc2ccccc2)NC(=O)OCc2cncs2)Cc2ccccc2)cs1, CC(C)c1nc(CN(C)C(=O)N[C@@H](CCN2CCOCC2)C(=O)N[C@H](CC[C@H](Cc2ccccc2)NC(=O)OCc2cncs2)Cc2ccccc2)cs1, CC(C)c1nc(CN(C)C(=O)N[C@@H](CCN2CCOCC2)C(=O)N[C@H](CC[C@H](Cc2ccccc2)NC(=O)OCc2cncs2)Cc2ccccc2)cs1","ZCIGNRJZKPOIKD-CQXVEOKZSA-N, ZCIGNRJZKPOIKD-CQXVEOKZSA-N, ZCIGNRJZKPOIKD-CQXVEOKZSA-N, ZCIGNRJZKPOIKD-CQXVEOKZSA-N",Launched
cobimetinib,MEK inhibitor,MAP2K1,oncology,melanoma,"MedChemEx, MedChemEx, MedChemEx, MedChemEx, MedChemEx, MedChemEx, MedChemEx, MedChemEx",96.09,"OC1(CN(C1)C(=O)c1ccc(F)c(F)c1Nc1ccc(I)cc1F)[C@@H]1CCCCN1, OC1(CN(C1)C(=O)c1ccc(F)c(F)c1Nc1ccc(I)cc1F)[C@@H]1CCCCN1, OC1(CN(C1)C(=O)c1ccc(F)c(F)c1Nc1ccc(I)cc1F)[C@@H]1CCCCN1, OC1(CN(C1)C(=O)c1ccc(F)c(F)c1Nc1ccc(I)cc1F)[C@@H]1CCCCN1, OC1(CN(C1)C(=O)c1ccc(F)c(F)c1Nc1ccc(I)cc1F)[C@@H]1CCCCN1, OC1(CN(C1)C(=O)c1ccc(F)c(F)c1Nc1ccc(I)cc1F)[C@@H]1CCCCN1, OC1(CN(C1)C(=O)c1ccc(F)c(F)c1Nc1ccc(I)cc1F)[C@@H]1CCCCN1, OC1(CN(C1)C(=O)c1ccc(F)c(F)c1Nc1ccc(I)cc1F)[C@@H]1CCCCN1","BSMCAPRUBJMWDF-KRWDZBQOSA-N, BSMCAPRUBJMWDF-KRWDZBQOSA-N, BSMCAPRUBJMWDF-KRWDZBQOSA-N, BSMCAPRUBJMWDF-KRWDZBQOSA-N, BSMCAPRUBJMWDF-KRWDZBQOSA-N, BSMCAPRUBJMWDF-KRWDZBQOSA-N, BSMCAPRUBJMWDF-KRWDZBQOSA-N, BSMCAPRUBJMWDF-KRWDZBQOSA-N",Launched
coenzyme-A,,"ACAT2, CRAT, CS, DBI, HMGCR, KAT2A, KAT2B, KAT5",,,ChemImpex,0,"CC(C)(COP(O)(=O)OP(O)(=O)OC[C@H]1O[C@H]([C@H](O)[C@@H]1OP(O)(O)=O)n1cnc2c(N)ncnc12)[C@@H](O)C(=O)NCCC(=O)NCCS |a:14,16,17,19,35,&1:5,&2:9|",RGJOEKWQDUBAIZ-IBOSZNHHSA-N,Launched
coenzyme-I,,"AASS, ACADS, ADH1A, ADH1B, ADH1C, ADH4, ADH5, ADH7, AKR1B1, AKR1C1, AKR1C2, AKR1C3, AKR1C4, ALDH1A1, ALDH1A2, ALDH1A3, ALDH1B1, ALDH2, ALDH3A1, ALDH3A2, ALDH3B1, ALDH3B2, ALDH4A1, ALDH5A1, ALDH6A1, ALDH7A1, ALDH9A1, AMT, BDH1, BLVRA, BLVRB, CDO1, CYB5R3, CYP17A1, CYP4A11, DHCR7, DHFR, DLAT, DLD, EHHADH, GAPDH, GAPDHS, GLUD1, GLUD2, GPD1, GSR, H6PD, HADH, HADHA, HIBADH, HMGCR, HMOX1, HMOX2, HPGD, HSD11B1, HSD11B2, HSD17B1, HSD17B10, HSD17B2, HSD17B3, HSD17B4, HSD17B7, HSD17B8, HSD3B1, HSD3B2, IDH3A, IDH3B, IDH3G, IMPDH1, IMPDH2, LDHA, LDHAL6A, LDHAL6B, LDHB, LDHC, MDH1, MDH2, ME1, ME2, ME3, MSMO1, MT-ND1, MT-ND2, MT-ND3, MT-ND4, MT-ND4L, MT-ND5, MT-ND6, MTHFD1, MTHFD2, NDUFA1, NDUFA10, NDUFA11, NDUFA12, NDUFA13, NDUFA2, NDUFA3, NDUFA4, NDUFA4L2, NDUFA5, NDUFA6, NDUFA7, NDUFA8, NDUFA9, NDUFAB1, NDUFB1, NDUFB10, NDUFB2, NDUFB3, NDUFB4, NDUFB5, NDUFB6, NDUFB7, NDUFB8, NDUFB9, NDUFC1, NDUFC2, NDUFS1, NDUFS2, NDUFS3, NDUFS4, NDUFS5, NDUFS6, NDUFS7, NDUFS8, NDUFV1, NDUFV2, NDUFV3, NNT, NQO2, NSDHL, OGDH, PDHA1, PDHA2, PDHB, PHGDH, PYCR1, PYCR2, QDPR, RDH5, SORD, TSTA3, TYR, UGDH",,,"Apollo, SantaCruz",0,"NC(=O)C1=CN(C=CC1)[C@@H]1O[C@H](COP(O)(=O)OP(O)(=O)OC[C@H]2O[C@H]([C@H](O)[C@@H]2O)n2cnc3c(N)ncnc23)[C@@H](O)[C@H]1O |a:9,11,23,25,26,28,40,42,&1:14,&2:18,c:6,t:3|, NC(=O)C1=CN(C=CC1)[C@@H]1O[C@H](COP(O)(=O)OP(O)(=O)OC[C@H]2O[C@H]([C@H](O)[C@@H]2O)n2cnc3c(N)ncnc23)[C@@H](O)[C@H]1O |a:9,11,23,25,26,28,40,42,&1:14,&2:18,c:6,t:3|","BOPGDPNILDQYTO-NNYOXOHSSA-N, BOPGDPNILDQYTO-NNYOXOHSSA-N",Phase 2
coenzyme-Q10,,,,,"Sigma, Selleck, Selleck",0,"COC1=C(OC)C(=O)C(C\C=C(/C)CC\C=C(/C)CC\C=C(/C)CC\C=C(/C)CC\C=C(/C)CC\C=C(/C)CC\C=C(/C)CC\C=C(/C)CC\C=C(/C)CCC=C(C)C)=C(C)C1=O |c:2,t:58|, COC1=C(OC)C(=O)C(C\C=C(/C)CC\C=C(/C)CC\C=C(/C)CC\C=C(/C)CC\C=C(/C)CC\C=C(/C)CC\C=C(/C)CC\C=C(/C)CC\C=C(/C)CCC=C(C)C)=C(C)C1=O |c:2,t:58|, COC1=C(OC)C(=O)C(C\C=C(/C)CC\C=C(/C)CC\C=C(/C)CC\C=C(/C)CC\C=C(/C)CC\C=C(/C)CC\C=C(/C)CC\C=C(/C)CC\C=C(/C)CCC=C(C)C)=C(C)C1=O |c:2,t:58|","ACTIUHUUMQJHFO-UPTCCGCDSA-N, ACTIUHUUMQJHFO-UPTCCGCDSA-N, ACTIUHUUMQJHFO-UPTCCGCDSA-N",Launched
COH29,ribonucleotide reductase inhibitor,,,,MedChemEx,74.48,Oc1ccc(cc1O)C(=O)Nc1nc(c(s1)-c1ccccc1)-c1ccc(O)c(O)c1,LGGDLPSXAGQFSG-UHFFFAOYSA-N,Phase 1
colchicine,microtubule inhibitor,"GLRA1, GLRA2, TUBA1A, TUBA1B, TUBA1C, TUBA3C, TUBA3D, TUBA3E, TUBA4A, TUBB, TUBB1, TUBB2A, TUBB2B, TUBB3, TUBB4A, TUBB4B, TUBB6, TUBB8","rheumatology, endocrinology","gout, fever","MicroSource, Tocris, Tocris",96.57,"COc1cc2CC[C@H](NC(C)=O)c3cc(=O)c(OC)ccc3-c2c(OC)c1OC, COc1cc2CC[C@H](NC(C)=O)c3cc(=O)c(OC)ccc3-c2c(OC)c1OC, COc1cc2CC[C@H](NC(C)=O)c3cc(=O)c(OC)ccc3-c2c(OC)c1OC","IAKHMKGGTNLKSZ-INIZCTEOSA-N, IAKHMKGGTNLKSZ-INIZCTEOSA-N, IAKHMKGGTNLKSZ-INIZCTEOSA-N",Launched
colforsin,adenylyl cyclase activator,"ADCY2, ADCY5",,,"MicroSource, MicroSource",100,"CC(=O)O[C@H]1[C@@H](O)[C@H]2C(C)(C)CC[C@H](O)[C@]2(C)[C@@]2(O)C(=O)C[C@@](C)(O[C@]12C)C=C |a:4,5,13,15,17,22,25,&1:7|, CC(=O)O[C@H]1[C@@H](O)[C@H]2C(C)(C)CC[C@H](O)[C@]2(C)[C@@]2(O)C(=O)C[C@@](C)(O[C@]12C)C=C |a:4,5,13,15,17,22,25,&1:7|","OHCQJHSOBUTRHG-KGGHGJDLSA-N, OHCQJHSOBUTRHG-KGGHGJDLSA-N",Phase 2
colforsin-daproate,adenylyl cyclase activator,,,,"EMDBio, EMDBio, EMDBio, EMDBio, EMDBio, EMDBio",100,"CN(C)CCC(=O)O[C@@H]1[C@H](OC(C)=O)[C@@]2(C)O[C@](C)(CC(=O)[C@]2(O)[C@@]2(C)[C@@H](O)CCC(C)(C)[C@H]12)C=C, CN(C)CCC(=O)O[C@@H]1[C@H](OC(C)=O)[C@@]2(C)O[C@](C)(CC(=O)[C@]2(O)[C@@]2(C)[C@@H](O)CCC(C)(C)[C@H]12)C=C, CN(C)CCC(=O)O[C@@H]1[C@H](OC(C)=O)[C@@]2(C)O[C@](C)(CC(=O)[C@]2(O)[C@@]2(C)[C@@H](O)CCC(C)(C)[C@H]12)C=C, CN(C)CCC(=O)O[C@@H]1[C@H](OC(C)=O)[C@@]2(C)O[C@](C)(CC(=O)[C@]2(O)[C@@]2(C)[C@@H](O)CCC(C)(C)[C@H]12)C=C, CN(C)CCC(=O)O[C@@H]1[C@H](OC(C)=O)[C@@]2(C)O[C@](C)(CC(=O)[C@]2(O)[C@@]2(C)[C@@H](O)CCC(C)(C)[C@H]12)C=C, CN(C)CCC(=O)O[C@@H]1[C@H](OC(C)=O)[C@@]2(C)O[C@](C)(CC(=O)[C@]2(O)[C@@]2(C)[C@@H](O)CCC(C)(C)[C@H]12)C=C","RSOZZQTUMVBTMR-XGUNBQNXSA-N, RSOZZQTUMVBTMR-XGUNBQNXSA-N, RSOZZQTUMVBTMR-XGUNBQNXSA-N, RSOZZQTUMVBTMR-XGUNBQNXSA-N, RSOZZQTUMVBTMR-XGUNBQNXSA-N, RSOZZQTUMVBTMR-XGUNBQNXSA-N",Launched
colfosceril-palmitate,pulmonary surfactant,,pulmonary,respiratory distress syndrome (RDS),"Acros, Sigma",0,"CCCCCCCCCCCCCCCC(=O)OC[C@H](CO[P@](O)(=O)OCC[N+](C)(C)C)OC(=O)CCCCCCCCCCCCCCC |a:19,&1:22|, CCCCCCCCCCCCCCCC(=O)OC[C@H](CO[P@](O)(=O)OCC[N+](C)(C)C)OC(=O)CCCCCCCCCCCCCCC |a:19,&1:22|","KILNVBDSWZSGLL-KXQOOQHDSA-O, KILNVBDSWZSGLL-KXQOOQHDSA-O",Launched
colistimethate,bacterial permeability inducer,,infectious disease,gram-negative bacterial infections,USP,0,[H][C@@](CCNCS(O)(=O)=O)(NC(=O)CCCC(C)C)C(=O)N[C@@]([H])([C@@H](C)O)C(=O)N[C@@]([H])(CCNCS(O)(=O)=O)C(=O)N[C@@]1([H])CCNC(=O)[C@@]([H])(NC(=O)[C@]([H])(CCNCS(O)(=O)=O)NC(=O)[C@]([H])(CCNCS(O)(=O)=O)NC(=O)[C@]([H])(CC(C)C)NC(=O)[C@]([H])(CC(C)C)NC(=O)[C@]([H])(CCNCS(O)(=O)=O)NC1=O)[C@@H](C)O,PTQGBRPUALXNCZ-INRRNNIXSA-N,Launched
colistin,bacterial permeability inducer,,infectious disease,"gram-negative bacterial infections, gram-negative bacterial infections","MedChemEx, Selleck",74.4,"CC[C@@H](C)CCCC(=O)N[C@@H](CCN)C(=O)N[C@@H]([C@@H](C)O)C(=O)N[C@@H](CCN)C(=O)N[C@H]1CCNC(=O)[C@@H](NC(=O)[C@H](CCN)NC(=O)[C@H](CCN)NC(=O)[C@H](CC(C)C)NC(=O)[C@@H](CC(C)C)NC(=O)[C@H](CCN)NC1=O)[C@@H](C)O |a:10,17,18,24,31,37,41,48,55,63,71,78,&1:2|, CC[C@@H](C)CCCC(=O)N[C@@H](CCN)C(=O)N[C@@H]([C@@H](C)O)C(=O)N[C@@H](CCN)C(=O)N[C@H]1CCNC(=O)[C@@H](NC(=O)[C@H](CCN)NC(=O)[C@H](CCN)NC(=O)[C@H](CC(C)C)NC(=O)[C@@H](CC(C)C)NC(=O)[C@H](CCN)NC1=O)[C@@H](C)O |a:10,17,18,24,31,37,41,48,55,63,71,78,&1:2|","YKQOSKADJPQZHB-TULBBYNTSA-N, YKQOSKADJPQZHB-TULBBYNTSA-N",Launched
combretastatin-A-4,tubulin polymerization inhibitor,,,,"MedChemEx, ChemDiv",97.9,"COc1ccc(\C=C/c2cc(OC)c(OC)c(OC)c2)cc1O, COc1ccc(\C=C/c2cc(OC)c(OC)c(OC)c2)cc1O","HVXBOLULGPECHP-WAYWQWQTSA-N, HVXBOLULGPECHP-WAYWQWQTSA-N",Phase 2
compound-w,beta-secretase inhibitor,BACE1,,,"Tocris, Tocris, Tocris",98.85,"OC(=O)c1cc(Oc2ccc(cc2)[N+]([O-])=O)cc(Oc2ccc(cc2)[N+]([O-])=O)c1, OC(=O)c1cc(Oc2ccc(cc2)[N+]([O-])=O)cc(Oc2ccc(cc2)[N+]([O-])=O)c1, OC(=O)c1cc(Oc2ccc(cc2)[N+]([O-])=O)cc(Oc2ccc(cc2)[N+]([O-])=O)c1","JOSXKPZXMVHRKU-UHFFFAOYSA-N, JOSXKPZXMVHRKU-UHFFFAOYSA-N, JOSXKPZXMVHRKU-UHFFFAOYSA-N",Preclinical
compound-401,DNA dependent protein kinase inhibitor,"MTOR, PRKDC",,,"Tocris, Tocris, Tocris",99.02,"O=c1cc(nc2c3ccccc3ccn12)N1CCOCC1, O=c1cc(nc2c3ccccc3ccn12)N1CCOCC1, O=c1cc(nc2c3ccccc3ccn12)N1CCOCC1","BVRDQVRQVGRNHG-UHFFFAOYSA-N, BVRDQVRQVGRNHG-UHFFFAOYSA-N, BVRDQVRQVGRNHG-UHFFFAOYSA-N",Preclinical
compound-58112,,,,,"Sigma, Sigma",97.83,"COc1cccc(CN2C[Si](C)(C)O[Si](C)(C)C2)c1, COc1cccc(CN2C[Si](C)(C)O[Si](C)(C)C2)c1","CUYLJVJMQPPTOS-UHFFFAOYSA-N, CUYLJVJMQPPTOS-UHFFFAOYSA-N",Preclinical
conivaptan,vasopressin receptor antagonist,"AVPR1A, AVPR2",endocrinology,hyponatremia,"MedChemEx, Selleck",99.33,"Cc1nc-2c(CCN(C(=O)c3ccc(NC(=O)c4ccccc4-c4ccccc4)cc3)c3ccccc-23)[nH]1, Cc1nc-2c(CCN(C(=O)c3ccc(NC(=O)c4ccccc4-c4ccccc4)cc3)c3ccccc-23)[nH]1","IKENVDNFQMCRTR-UHFFFAOYSA-N, IKENVDNFQMCRTR-UHFFFAOYSA-N",Launched
convallatoxin,cardiac glycoside,,,,Sigma,78.4,C[C@@H]1O[C@@H](O[C@H]2CC[C@]3(C=O)[C@H]4CC[C@]5(C)[C@H](CC[C@]5(O)[C@@H]4CC[C@]3(O)C2)C2=CC(=O)OC2)[C@H](O)[C@H](O)[C@H]1O |t:31|,HULMNSIAKWANQO-JQKSAQOKSA-N,Preclinical
copanlisib,PI3K inhibitor,"PIK3CA, PIK3CB, PIK3CD, PIK3CG",hematologic malignancy,follicular lymphoma,"MedChemEx, MedChemEx, MedChemEx, MedChemEx, MedChemEx, MedChemEx, MedChemEx",97.22,"COc1c(OCCCN2CCOCC2)ccc2C3=NCCN3C(NC(=O)c3cnc(N)nc3)=Nc12 |c:35,t:18|, COc1c(OCCCN2CCOCC2)ccc2C3=NCCN3C(NC(=O)c3cnc(N)nc3)=Nc12 |c:35,t:18|, COc1c(OCCCN2CCOCC2)ccc2C3=NCCN3C(NC(=O)c3cnc(N)nc3)=Nc12 |c:35,t:18|, COc1c(OCCCN2CCOCC2)ccc2C3=NCCN3C(NC(=O)c3cnc(N)nc3)=Nc12 |c:35,t:18|, COc1c(OCCCN2CCOCC2)ccc2C3=NCCN3C(NC(=O)c3cnc(N)nc3)=Nc12 |c:35,t:18|, COc1c(OCCCN2CCOCC2)ccc2C3=NCCN3C(NC(=O)c3cnc(N)nc3)=Nc12 |c:35,t:18|, COc1c(OCCCN2CCOCC2)ccc2C3=NCCN3C(NC(=O)c3cnc(N)nc3)=Nc12 |c:35,t:18|","PZBCKZWLPGJMAO-UHFFFAOYSA-N, PZBCKZWLPGJMAO-UHFFFAOYSA-N, PZBCKZWLPGJMAO-UHFFFAOYSA-N, PZBCKZWLPGJMAO-UHFFFAOYSA-N, PZBCKZWLPGJMAO-UHFFFAOYSA-N, PZBCKZWLPGJMAO-UHFFFAOYSA-N, PZBCKZWLPGJMAO-UHFFFAOYSA-N",Launched
copper-histidine,,"SLC15A3, SLC15A4, SLC38A5",,,"Enzo, Vitas-M",100,"N[C@H](Cc1cnc[nH]1)C(O)=O, N[C@H](Cc1cnc[nH]1)C(O)=O","HNDVDQJCIGZPNO-RXMQYKEDSA-N, HNDVDQJCIGZPNO-RXMQYKEDSA-N",Phase 3
COR-170,cannabinoid receptor inverse agonist,CNR2,,,"Tocris, Tocris",98.6,"CCCCCn1cc(C(=O)NC23CC4CC(CC(C4)C2)C3)c(=O)c2cc(ccc12)-c1ccccc1, CCCCCn1cc(C(=O)NC23CC4CC(CC(C4)C2)C3)c(=O)c2cc(ccc12)-c1ccccc1","MSJISJDTJJYBFT-UHFFFAOYSA-N, MSJISJDTJJYBFT-UHFFFAOYSA-N",Preclinical
cordycepin,DNA inhibitor,,,,"Tocris, Tocris, Tocris, Tocris",98.83,"Nc1ncnc2n(cnc12)[C@@H]1O[C@H](CO)C[C@H]1O, Nc1ncnc2n(cnc12)[C@@H]1O[C@H](CO)C[C@H]1O, Nc1ncnc2n(cnc12)[C@@H]1O[C@H](CO)C[C@H]1O, Nc1ncnc2n(cnc12)[C@@H]1O[C@H](CO)C[C@H]1O","OFEZSBMBBKLLBJ-BAJZRUMYSA-N, OFEZSBMBBKLLBJ-BAJZRUMYSA-N, OFEZSBMBBKLLBJ-BAJZRUMYSA-N, OFEZSBMBBKLLBJ-BAJZRUMYSA-N",Phase 1/Phase 2
corosolic-acid,"PKC inhibitor, protein tyrosine kinase inhibitor","HSD11B1, PTPN1",,,"MedChemEx, MedChemEx, MedChemEx",96.17,"C[C@@H]1CC[C@@]2(CC[C@]3(C)C(=CC[C@@H]4[C@@]5(C)C[C@@H](O)[C@H](O)C(C)(C)[C@@H]5CC[C@@]34C)[C@@H]2[C@H]1C)C(O)=O |c:9|, C[C@@H]1CC[C@@]2(CC[C@]3(C)C(=CC[C@@H]4[C@@]5(C)C[C@@H](O)[C@H](O)C(C)(C)[C@@H]5CC[C@@]34C)[C@@H]2[C@H]1C)C(O)=O |c:9|, C[C@@H]1CC[C@@]2(CC[C@]3(C)C(=CC[C@@H]4[C@@]5(C)C[C@@H](O)[C@H](O)C(C)(C)[C@@H]5CC[C@@]34C)[C@@H]2[C@H]1C)C(O)=O |c:9|","HFGSQOYIOKBQOW-ZSDYHTTISA-N, HFGSQOYIOKBQOW-ZSDYHTTISA-N, HFGSQOYIOKBQOW-ZSDYHTTISA-N",Phase 2
CORT-108297,glucocorticoid receptor antagonist,,,,AMS,79.93,CCOC[C@@]12CN(CCC1=Cc1c(C2)cnn1-c1ccc(F)cc1)S(=O)(=O)c1ccc(cc1)C(F)(F)F |c:10|,SLKURXRZHJOZOD-RUZDIDTESA-N,Preclinical
corticosterone,mineralocorticoid receptor agonist,"HSD11B1, NCOA1, NR3C2",,,"Tocris, Prestwick, Tocris",98.1,"C[C@]12C[C@H](O)[C@H]3[C@@H](CCC4=CC(=O)CC[C@]34C)[C@@H]1CC[C@@H]2C(=O)CO |t:9|, C[C@]12C[C@H](O)[C@H]3[C@@H](CCC4=CC(=O)CC[C@]34C)[C@@H]1CC[C@@H]2C(=O)CO |t:9|, C[C@]12C[C@H](O)[C@H]3[C@@H](CCC4=CC(=O)CC[C@]34C)[C@@H]1CC[C@@H]2C(=O)CO |t:9|","OMFXVFTZEKFJBZ-HJTSIMOOSA-N, OMFXVFTZEKFJBZ-HJTSIMOOSA-N, OMFXVFTZEKFJBZ-HJTSIMOOSA-N",Preclinical
cortisone,glucocorticoid receptor agonist,NR3C1,"gastroenterology, rheumatology, dermatology","ulcerative colitis, rheumatoid arthritis, psoriasis, joint inflammation, eczema",Sigma,93.34,C[C@]12CC(=O)[C@H]3[C@@H](CCC4=CC(=O)CC[C@]34C)[C@@H]1CC[C@]2(O)C(=O)CO |t:9|,MFYSYFVPBJMHGN-ZPOLXVRWSA-N,Launched
cortisone-acetate,glucocorticoid receptor agonist,NR3C1,"pulmonary, rheumatology, allergy, dermatology, ophthalmology, gastroenterology, infectious disease","asthma, rheumatoid arthritis, urticaria, osteoarthritis, psoriasis, allergic rhinitis, conjunctivitis, ulcerative colitis, meningitis","MicroSource, MicroSource, Selleck, Selleck, MedChemEx",94.14,"CC(=O)OCC(=O)[C@@]1(O)CC[C@H]2[C@@H]3CCC4=CC(=O)CC[C@]4(C)[C@H]3C(=O)C[C@]12C |t:15|, CC(=O)OCC(=O)[C@@]1(O)CC[C@H]2[C@@H]3CCC4=CC(=O)CC[C@]4(C)[C@H]3C(=O)C[C@]12C |t:15|, CC(=O)OCC(=O)[C@@]1(O)CC[C@H]2[C@@H]3CCC4=CC(=O)CC[C@]4(C)[C@H]3C(=O)C[C@]12C |t:15|, CC(=O)OCC(=O)[C@@]1(O)CC[C@H]2[C@@H]3CCC4=CC(=O)CC[C@]4(C)[C@H]3C(=O)C[C@]12C |t:15|, CC(=O)OCC(=O)[C@@]1(O)CC[C@H]2[C@@H]3CCC4=CC(=O)CC[C@]4(C)[C@H]3C(=O)C[C@]12C |t:15|","ITRJWOMZKQRYTA-RFZYENFJSA-N, ITRJWOMZKQRYTA-RFZYENFJSA-N, ITRJWOMZKQRYTA-RFZYENFJSA-N, ITRJWOMZKQRYTA-RFZYENFJSA-N, ITRJWOMZKQRYTA-RFZYENFJSA-N",Launched
