drug,MOA,Target,Disease Area,Indication,Vendor,Purity,SMILES,InChIKey,Phase
SX-011,MAP kinase inhibitor,MAPK14,,,"Tocris, Tocris, Tocris",97.88,"CN(C)C(=O)C(=O)c1cn(C)c2cc(Cl)c(cc12)C(=O)N1CCC(Cc2ccc(F)cc2)CC1, CN(C)C(=O)C(=O)c1cn(C)c2cc(Cl)c(cc12)C(=O)N1CCC(Cc2ccc(F)cc2)CC1, CN(C)C(=O)C(=O)c1cn(C)c2cc(Cl)c(cc12)C(=O)N1CCC(Cc2ccc(F)cc2)CC1","GUTYHDCSDBBMGW-UHFFFAOYSA-N, GUTYHDCSDBBMGW-UHFFFAOYSA-N, GUTYHDCSDBBMGW-UHFFFAOYSA-N",Preclinical
SY-640,,,,,Enamine,94.75,CN(Cc1ccc2OCOc2c1)C(C)=O,JIWDGIYBLGMPRV-UHFFFAOYSA-N,Phase 2
SYM-2081,kainate receptor antagonist,"GRIK1, GRIK2, GRIK3, GRIK4, GRIK5, SLC1A2",,,"Enzo, Tocris",70.5,"C[C@H](C[C@H](N)C(O)=O)C(O)=O, C[C@H](C[C@H](N)C(O)=O)C(O)=O","KRKRAOXTGDJWNI-DMTCNVIQSA-N, KRKRAOXTGDJWNI-DMTCNVIQSA-N",Preclinical
SYM-2206,glutamate receptor antagonist,"GRIA1, GRIA2, GRIA3, GRIA4",,,"Tocris, Tocris, Tocris",95.25,"CCCNC(=O)N1N=C(c2ccc(N)cc2)c2cc3OCOc3cc2[C@@H]1C |r,t:7|, CCCNC(=O)N1N=C(c2ccc(N)cc2)c2cc3OCOc3cc2[C@@H]1C |r,t:7|, CCCNC(=O)N1N=C(c2ccc(N)cc2)c2cc3OCOc3cc2[C@@H]1C |r,t:7|","OFUDZKKOKPGXOH-LBPRGKRZSA-N, OFUDZKKOKPGXOH-LBPRGKRZSA-N, OFUDZKKOKPGXOH-LBPRGKRZSA-N",Preclinical
symclosene,,,,,"MicroSource, Sigma",0,"Cln1c(=O)n(Cl)c(=O)n(Cl)c1=O, Cln1c(=O)n(Cl)c(=O)n(Cl)c1=O","YRIZYWQGELRKNT-UHFFFAOYSA-N, YRIZYWQGELRKNT-UHFFFAOYSA-N",Preclinical
synephrine,adrenergic receptor agonist,ADRA1A,otolaryngology,sinusitis,"Selleck, Selleck",100,"CNC[C@@H](O)c1ccc(O)cc1 |&1:3|, CNC[C@@H](O)c1ccc(O)cc1 |&1:3|","YRCWQPVGYLYSOX-SECBINFHSA-N, YRCWQPVGYLYSOX-SECBINFHSA-N",Launched
S1P1-agonist-III,sphingosine kinase inhibitor,S1PR1,,,"Tocris, MedChemEx, MedChemEx, MedChemEx",94.83,"COc1ccncc1C(=O)NC(=O)Nc1ccc(-c2ccccc2)c(c1)C(F)(F)F, COc1ccncc1C(=O)NC(=O)Nc1ccc(-c2ccccc2)c(c1)C(F)(F)F, COc1ccncc1C(=O)NC(=O)Nc1ccc(-c2ccccc2)c(c1)C(F)(F)F, COc1ccncc1C(=O)NC(=O)Nc1ccc(-c2ccccc2)c(c1)C(F)(F)F","MLDQTQOMWDNTNN-UHFFFAOYSA-N, MLDQTQOMWDNTNN-UHFFFAOYSA-N, MLDQTQOMWDNTNN-UHFFFAOYSA-N, MLDQTQOMWDNTNN-UHFFFAOYSA-N",Preclinical
S15535,serotonin receptor agonist,,,,Sigma,96.36,C1C(Cc2ccccc12)N1CCN(CC1)c1cccc2OCCOc12,QJPPEMXOOWNICQ-UHFFFAOYSA-N,Preclinical
S18986,glutamate receptor modulator,"GRIA1, GRIA2, GRIA3, GRIA4",,,"EMDBio, EMDBio",95.87,"O=S1(=O)N[C@H]2CCCN2c2ccccc12, O=S1(=O)N[C@H]2CCCN2c2ccccc12","MNTIJYGEITVWHU-SNVBAGLBSA-N, MNTIJYGEITVWHU-SNVBAGLBSA-N",Phase 2
S26948,PPAR receptor agonist,PPARG,,,"Tocris, Tocris, Tocris",98.35,"COC(=O)C(Cc1ccc(OCCn2c3ccc(cc3sc2=O)C(=O)c2ccccc2)cc1)C(=O)OC, COC(=O)C(Cc1ccc(OCCn2c3ccc(cc3sc2=O)C(=O)c2ccccc2)cc1)C(=O)OC, COC(=O)C(Cc1ccc(OCCn2c3ccc(cc3sc2=O)C(=O)c2ccccc2)cc1)C(=O)OC","NSMJEHGOMXSLCW-UHFFFAOYSA-N, NSMJEHGOMXSLCW-UHFFFAOYSA-N, NSMJEHGOMXSLCW-UHFFFAOYSA-N",Preclinical
S4,carbonic anhydrase inhibitor,"CA12, CA9",,,"Tocris, Tocris",91.97,"Cc1cc(C)cc(NC(=O)Nc2ccc(OS(N)(=O)=O)cc2)c1, Cc1cc(C)cc(NC(=O)Nc2ccc(OS(N)(=O)=O)cc2)c1","HGVHSNXRZYOTPD-UHFFFAOYSA-N, HGVHSNXRZYOTPD-UHFFFAOYSA-N",Preclinical
S49076,tyrosine kinase inhibitor,,,,MedChemEx,74.75,O=C1CSC(=O)N1Cc1ccc2NC(=O)\C(=C/c3cc(CN4CCOCC4)c[nH]3)c2c1,AREYWCZYVPSHGS-NVMNQCDNSA-N,Preclinical
S63845,MCL1 inhibitor,,,,"MedChemEx, MedChemEx",96.1,"CN1CCN(CCOc2ccc(-c3c(sc4ncnc(O[C@H](Cc5ccccc5OCc5ccnn5CC(F)(F)F)C(O)=O)c34)-c3ccc(F)o3)c(C)c2Cl)CC1, CN1CCN(CCOc2ccc(-c3c(sc4ncnc(O[C@H](Cc5ccccc5OCc5ccnn5CC(F)(F)F)C(O)=O)c34)-c3ccc(F)o3)c(C)c2Cl)CC1","ZFBHXVOCZBPADE-SSEXGKCCSA-N, ZFBHXVOCZBPADE-SSEXGKCCSA-N",Preclinical
T-0070907,PPAR receptor antagonist,PPARG,,,"Tocris, Tocris, Tocris, Tocris, Selleck",98.04,"[O-][N+](=O)c1ccc(Cl)c(c1)C(=O)Nc1ccncc1, [O-][N+](=O)c1ccc(Cl)c(c1)C(=O)Nc1ccncc1, [O-][N+](=O)c1ccc(Cl)c(c1)C(=O)Nc1ccncc1, [O-][N+](=O)c1ccc(Cl)c(c1)C(=O)Nc1ccncc1, [O-][N+](=O)c1ccc(Cl)c(c1)C(=O)Nc1ccncc1","FRPJSHKMZHWJBE-UHFFFAOYSA-N, FRPJSHKMZHWJBE-UHFFFAOYSA-N, FRPJSHKMZHWJBE-UHFFFAOYSA-N, FRPJSHKMZHWJBE-UHFFFAOYSA-N, FRPJSHKMZHWJBE-UHFFFAOYSA-N",Preclinical
T-0156,phosphodiesterase inhibitor,PDE5A,,,"Tocris, Tocris, Tocris, Tocris, Tocris",98.39,"COC(=O)c1c(-c2cc(OC)c(OC)c(OC)c2)c2ccnc(OCc3ncccn3)c2c(=O)n1Cc1ccnc(C)c1, COC(=O)c1c(-c2cc(OC)c(OC)c(OC)c2)c2ccnc(OCc3ncccn3)c2c(=O)n1Cc1ccnc(C)c1, COC(=O)c1c(-c2cc(OC)c(OC)c(OC)c2)c2ccnc(OCc3ncccn3)c2c(=O)n1Cc1ccnc(C)c1, COC(=O)c1c(-c2cc(OC)c(OC)c(OC)c2)c2ccnc(OCc3ncccn3)c2c(=O)n1Cc1ccnc(C)c1, COC(=O)c1c(-c2cc(OC)c(OC)c(OC)c2)c2ccnc(OCc3ncccn3)c2c(=O)n1Cc1ccnc(C)c1","JEMJAABFSYOLAP-UHFFFAOYSA-N, JEMJAABFSYOLAP-UHFFFAOYSA-N, JEMJAABFSYOLAP-UHFFFAOYSA-N, JEMJAABFSYOLAP-UHFFFAOYSA-N, JEMJAABFSYOLAP-UHFFFAOYSA-N",Preclinical
T-025,CLK inhibitor,,,,,0,,,Preclinical
T-0901317,LXR agonist,"NCOA1, NCOA2, NR1H2, NR1H3, NR1I2, RXRB",,,"Tocris, Tocris, Tocris, Tocris, Tocris, Tocris, Selleck, Tocris",96.75,"OC(c1ccc(cc1)N(CC(F)(F)F)S(=O)(=O)c1ccccc1)(C(F)(F)F)C(F)(F)F, OC(c1ccc(cc1)N(CC(F)(F)F)S(=O)(=O)c1ccccc1)(C(F)(F)F)C(F)(F)F, OC(c1ccc(cc1)N(CC(F)(F)F)S(=O)(=O)c1ccccc1)(C(F)(F)F)C(F)(F)F, OC(c1ccc(cc1)N(CC(F)(F)F)S(=O)(=O)c1ccccc1)(C(F)(F)F)C(F)(F)F, OC(c1ccc(cc1)N(CC(F)(F)F)S(=O)(=O)c1ccccc1)(C(F)(F)F)C(F)(F)F, OC(c1ccc(cc1)N(CC(F)(F)F)S(=O)(=O)c1ccccc1)(C(F)(F)F)C(F)(F)F, OC(c1ccc(cc1)N(CC(F)(F)F)S(=O)(=O)c1ccccc1)(C(F)(F)F)C(F)(F)F, OC(c1ccc(cc1)N(CC(F)(F)F)S(=O)(=O)c1ccccc1)(C(F)(F)F)C(F)(F)F","SGIWFELWJPNFDH-UHFFFAOYSA-N, SGIWFELWJPNFDH-UHFFFAOYSA-N, SGIWFELWJPNFDH-UHFFFAOYSA-N, SGIWFELWJPNFDH-UHFFFAOYSA-N, SGIWFELWJPNFDH-UHFFFAOYSA-N, SGIWFELWJPNFDH-UHFFFAOYSA-N, SGIWFELWJPNFDH-UHFFFAOYSA-N, SGIWFELWJPNFDH-UHFFFAOYSA-N",Preclinical
T-1095,sodium/glucose cotransporter inhibitor,,,,AMS,89.4,COC(=O)OC[C@H]1O[C@@H](Oc2cc(C)cc(O)c2C(=O)CCc2ccc3occc3c2)[C@H](O)[C@@H](O)[C@@H]1O,BXNCIERBDJYIQT-PRDVQWLOSA-N,Preclinical
T-5224,AP inhibitor,JUN,,,"MedChemEx, MedChemEx, MedChemEx",95.74,"OC(=O)CCc1cc(ccc1OCc1ccc2c(c1)o[nH]c2=O)C(=O)c1ccc(OC2CCCC2)cc1O, OC(=O)CCc1cc(ccc1OCc1ccc2c(c1)o[nH]c2=O)C(=O)c1ccc(OC2CCCC2)cc1O, OC(=O)CCc1cc(ccc1OCc1ccc2c(c1)o[nH]c2=O)C(=O)c1ccc(OC2CCCC2)cc1O","DALCQQSLNPLQFZ-UHFFFAOYSA-N, DALCQQSLNPLQFZ-UHFFFAOYSA-N, DALCQQSLNPLQFZ-UHFFFAOYSA-N",Phase 2
T-5601640,LIM kinase inhibitor,LIMK2,,,"Tocris, Tocris",99.12,"Cc1cc(on1)C(=O)Nc1cccc(c1)C(=O)Nc1cccc(c1)C(F)(F)F, Cc1cc(on1)C(=O)Nc1cccc(c1)C(=O)Nc1cccc(c1)C(F)(F)F","XVOKFRPKSAWELK-UHFFFAOYSA-N, XVOKFRPKSAWELK-UHFFFAOYSA-N",Preclinical
T-62,adenosine receptor modulator,ADORA2A,,,"Enamine, Enamine",63.41,"Nc1sc2CCCCc2c1C(=O)c1ccc(Cl)cc1, Nc1sc2CCCCc2c1C(=O)c1ccc(Cl)cc1","OTZVBZFYMFTYKH-UHFFFAOYSA-N, OTZVBZFYMFTYKH-UHFFFAOYSA-N",Phase 2
T-807,PET radiotracer,,,,MedChemEx,85.96,Fc1ccc(cn1)-c1ccc2c(c1)[nH]c1ccncc21,GETAAWDSFUCLBS-UHFFFAOYSA-N,Phase 2
TA-01,"casein kinase inhibitor, MAP kinase inhibitor","CSNK1D, CSNK1E, MAPK14",,,"MedChemEx, MedChemEx, MedChemEx, MedChemEx",98.14,"Fc1ccc(cc1)-c1[nH]c(nc1-c1ccncc1)-c1c(F)cccc1F, Fc1ccc(cc1)-c1[nH]c(nc1-c1ccncc1)-c1c(F)cccc1F, Fc1ccc(cc1)-c1[nH]c(nc1-c1ccncc1)-c1c(F)cccc1F, Fc1ccc(cc1)-c1[nH]c(nc1-c1ccncc1)-c1c(F)cccc1F","TWPJJJZCYVFUOA-UHFFFAOYSA-N, TWPJJJZCYVFUOA-UHFFFAOYSA-N, TWPJJJZCYVFUOA-UHFFFAOYSA-N, TWPJJJZCYVFUOA-UHFFFAOYSA-N",Preclinical
tabimorelin,growth hormone secretagogue receptor agonist,GHSR,,,"Tocris, Tocris, Tocris",96.19,"CNC(=O)[C@@H](Cc1ccccc1)N(C)C(=O)[C@@H](Cc1ccc2ccccc2c1)N(C)C(=O)\C=C\CC(C)(C)N, CNC(=O)[C@@H](Cc1ccccc1)N(C)C(=O)[C@@H](Cc1ccc2ccccc2c1)N(C)C(=O)\C=C\CC(C)(C)N, CNC(=O)[C@@H](Cc1ccccc1)N(C)C(=O)[C@@H](Cc1ccc2ccccc2c1)N(C)C(=O)\C=C\CC(C)(C)N","WURGZWOTGMLDJP-ZCYANPAGSA-N, WURGZWOTGMLDJP-ZCYANPAGSA-N, WURGZWOTGMLDJP-ZCYANPAGSA-N",Phase 2
tacalcitol,vitamin D receptor agonist,VDR,dermatology,"psoriasis, chapped lips","MedChemEx, MedChemEx, MedChemEx, MedChemEx, MedChemEx, MedChemEx, MedChemEx",93.65,"CC(C)[C@H](O)CC[C@@H](C)[C@H]1CC[C@H]2\C(CCC[C@]12C)=C\C=C1\C[C@@H](O)C[C@H](O)C1=C, CC(C)[C@H](O)CC[C@@H](C)[C@H]1CC[C@H]2\C(CCC[C@]12C)=C\C=C1\C[C@@H](O)C[C@H](O)C1=C, CC(C)[C@H](O)CC[C@@H](C)[C@H]1CC[C@H]2\C(CCC[C@]12C)=C\C=C1\C[C@@H](O)C[C@H](O)C1=C, CC(C)[C@H](O)CC[C@@H](C)[C@H]1CC[C@H]2\C(CCC[C@]12C)=C\C=C1\C[C@@H](O)C[C@H](O)C1=C, CC(C)[C@H](O)CC[C@@H](C)[C@H]1CC[C@H]2\C(CCC[C@]12C)=C\C=C1\C[C@@H](O)C[C@H](O)C1=C, CC(C)[C@H](O)CC[C@@H](C)[C@H]1CC[C@H]2\C(CCC[C@]12C)=C\C=C1\C[C@@H](O)C[C@H](O)C1=C, CC(C)[C@H](O)CC[C@@H](C)[C@H]1CC[C@H]2\C(CCC[C@]12C)=C\C=C1\C[C@@H](O)C[C@H](O)C1=C","BJYLYJCXYAMOFT-RSFVBTMBSA-N, BJYLYJCXYAMOFT-RSFVBTMBSA-N, BJYLYJCXYAMOFT-RSFVBTMBSA-N, BJYLYJCXYAMOFT-RSFVBTMBSA-N, BJYLYJCXYAMOFT-RSFVBTMBSA-N, BJYLYJCXYAMOFT-RSFVBTMBSA-N, BJYLYJCXYAMOFT-RSFVBTMBSA-N",Launched
tacedinaline,HDAC inhibitor,HDAC1,,,"Tocris, Tocris, Selleck, Selleck, Selleck, Selleck, Selleck",97.49,"CC(=O)Nc1ccc(cc1)C(=O)Nc1ccccc1N, CC(=O)Nc1ccc(cc1)C(=O)Nc1ccccc1N, CC(=O)Nc1ccc(cc1)C(=O)Nc1ccccc1N, CC(=O)Nc1ccc(cc1)C(=O)Nc1ccccc1N, CC(=O)Nc1ccc(cc1)C(=O)Nc1ccccc1N, CC(=O)Nc1ccc(cc1)C(=O)Nc1ccccc1N, CC(=O)Nc1ccc(cc1)C(=O)Nc1ccccc1N","VAZAPHZUAVEOMC-UHFFFAOYSA-N, VAZAPHZUAVEOMC-UHFFFAOYSA-N, VAZAPHZUAVEOMC-UHFFFAOYSA-N, VAZAPHZUAVEOMC-UHFFFAOYSA-N, VAZAPHZUAVEOMC-UHFFFAOYSA-N, VAZAPHZUAVEOMC-UHFFFAOYSA-N, VAZAPHZUAVEOMC-UHFFFAOYSA-N",Phase 3
tacrine,acetylcholinesterase inhibitor,"ACHE, BCHE",neurology/psychiatry,Alzheimer's disease,"Selleck, Selleck, Selleck, MicroSource, Tocris, Tocris",99.35,"Nc1c2CCCCc2nc2ccccc12, Nc1c2CCCCc2nc2ccccc12, Nc1c2CCCCc2nc2ccccc12, Nc1c2CCCCc2nc2ccccc12, Nc1c2CCCCc2nc2ccccc12, Nc1c2CCCCc2nc2ccccc12","YLJREFDVOIBQDA-UHFFFAOYSA-N, YLJREFDVOIBQDA-UHFFFAOYSA-N, YLJREFDVOIBQDA-UHFFFAOYSA-N, YLJREFDVOIBQDA-UHFFFAOYSA-N, YLJREFDVOIBQDA-UHFFFAOYSA-N, YLJREFDVOIBQDA-UHFFFAOYSA-N",Launched
tacrolimus,calcineurin inhibitor,FKBP1A,transplant,organ rejection,"MedChemEx, MicroSource, MicroSource, Selleck, Selleck, Selleck",97.24,"CO[C@@H]1C[C@@H](CC[C@H]1O)\C=C(/C)[C@H]1OC(=O)[C@@H]2CCCCN2C(=O)C(=O)[C@]2(O)O[C@@H]([C@H](C[C@H]2C)OC)[C@H](C[C@@H](C)C\C(C)=C\[C@@H](CC=C)C(=O)C[C@H](O)[C@H]1C)OC |t:45|, CO[C@@H]1C[C@@H](CC[C@H]1O)\C=C(/C)[C@H]1OC(=O)[C@@H]2CCCCN2C(=O)C(=O)[C@]2(O)O[C@@H]([C@H](C[C@H]2C)OC)[C@H](C[C@@H](C)C\C(C)=C\[C@@H](CC=C)C(=O)C[C@H](O)[C@H]1C)OC |t:45|, CO[C@@H]1C[C@@H](CC[C@H]1O)\C=C(/C)[C@H]1OC(=O)[C@@H]2CCCCN2C(=O)C(=O)[C@]2(O)O[C@@H]([C@H](C[C@H]2C)OC)[C@H](C[C@@H](C)C\C(C)=C\[C@@H](CC=C)C(=O)C[C@H](O)[C@H]1C)OC |t:45|, CO[C@@H]1C[C@@H](CC[C@H]1O)\C=C(/C)[C@H]1OC(=O)[C@@H]2CCCCN2C(=O)C(=O)[C@]2(O)O[C@@H]([C@H](C[C@H]2C)OC)[C@H](C[C@@H](C)C\C(C)=C\[C@@H](CC=C)C(=O)C[C@H](O)[C@H]1C)OC |t:45|, CO[C@@H]1C[C@@H](CC[C@H]1O)\C=C(/C)[C@H]1OC(=O)[C@@H]2CCCCN2C(=O)C(=O)[C@]2(O)O[C@@H]([C@H](C[C@H]2C)OC)[C@H](C[C@@H](C)C\C(C)=C\[C@@H](CC=C)C(=O)C[C@H](O)[C@H]1C)OC |t:45|, CO[C@@H]1C[C@@H](CC[C@H]1O)\C=C(/C)[C@H]1OC(=O)[C@@H]2CCCCN2C(=O)C(=O)[C@]2(O)O[C@@H]([C@H](C[C@H]2C)OC)[C@H](C[C@@H](C)C\C(C)=C\[C@@H](CC=C)C(=O)C[C@H](O)[C@H]1C)OC |t:45|","QJJXYPPXXYFBGM-LFZNUXCKSA-N, QJJXYPPXXYFBGM-LFZNUXCKSA-N, QJJXYPPXXYFBGM-LFZNUXCKSA-N, QJJXYPPXXYFBGM-LFZNUXCKSA-N, QJJXYPPXXYFBGM-LFZNUXCKSA-N, QJJXYPPXXYFBGM-LFZNUXCKSA-N",Launched
tadalafil,phosphodiesterase inhibitor,"PDE11A, PDE5A",urology,erectile dysfunction,"MicroSource, MicroSource, MicroSource, Tocris, Tocris, Selleck",99.23,"CN1CC(=O)N2[C@H](Cc3c([nH]c4ccccc34)[C@H]2c2ccc3OCOc3c2)C1=O, CN1CC(=O)N2[C@H](Cc3c([nH]c4ccccc34)[C@H]2c2ccc3OCOc3c2)C1=O, CN1CC(=O)N2[C@H](Cc3c([nH]c4ccccc34)[C@H]2c2ccc3OCOc3c2)C1=O, CN1CC(=O)N2[C@H](Cc3c([nH]c4ccccc34)[C@H]2c2ccc3OCOc3c2)C1=O, CN1CC(=O)N2[C@H](Cc3c([nH]c4ccccc34)[C@H]2c2ccc3OCOc3c2)C1=O, CN1CC(=O)N2[C@H](Cc3c([nH]c4ccccc34)[C@H]2c2ccc3OCOc3c2)C1=O","WOXKDUGGOYFFRN-IIBYNOLFSA-N, WOXKDUGGOYFFRN-IIBYNOLFSA-N, WOXKDUGGOYFFRN-IIBYNOLFSA-N, WOXKDUGGOYFFRN-IIBYNOLFSA-N, WOXKDUGGOYFFRN-IIBYNOLFSA-N, WOXKDUGGOYFFRN-IIBYNOLFSA-N",Launched
tafamidis-meglumine,transthyretin amyloid inhibitor,TTR,neurology/psychiatry,familial amyloid polyneuropathy (FAP),"MedChemEx, MedChemEx",99.69,"OC(=O)c1ccc2nc(oc2c1)-c1cc(Cl)cc(Cl)c1, OC(=O)c1ccc2nc(oc2c1)-c1cc(Cl)cc(Cl)c1","TXEIIPDJKFWEEC-UHFFFAOYSA-N, TXEIIPDJKFWEEC-UHFFFAOYSA-N",Launched
tafenoquine,antimalarial agent,,infectious disease,malaria,Sigma,82.25,COc1cc(C)c2c(Oc3cccc(c3)C(F)(F)F)c(OC)cc(N[C@@H](C)CCCN)c2n1 |&1:25|,LBHLFPGPEGDCJG-HNNXBMFYSA-N,Launched
tafluprost,prostaglandin inhibitor,PTGFR,ophthalmology,"glaucoma, ocular hypertension",MedChemEx,95.14,CC(C)OC(=O)CCC\C=C/C[C@H]1[C@@H](O)C[C@@H](O)[C@@H]1\C=C\C(F)(F)COc1ccccc1,WSNODXPBBALQOF-VEJSHDCNSA-N,Launched
tagatose,phosphorylase inhibitor,PYGL,,,Sigma,0,OC[C@@H](O)[C@H](O)[C@H](O)C(=O)CO,BJHIKXHVCXFQLS-PQLUHFTBSA-N,Launched
TAK-063,phosphodiesterase inhibitor,PDE10A,,,MedChemEx,96.14,COc1cn(nc(-c2ccnn2-c2ccccc2)c1=O)-c1ccc(cc1F)-n1cccn1,KVHRYLNQDWXAGI-UHFFFAOYSA-N,Phase 2
TAK-220,CC chemokine receptor antagonist,CCR5,,,"MedChemEx, MedChemEx, MedChemEx",97.73,"CC(=O)N1CCC(CC1)C(=O)N(CCCN1CCC(Cc2ccc(cc2)C(N)=O)CC1)c1ccc(C)c(Cl)c1, CC(=O)N1CCC(CC1)C(=O)N(CCCN1CCC(Cc2ccc(cc2)C(N)=O)CC1)c1ccc(C)c(Cl)c1, CC(=O)N1CCC(CC1)C(=O)N(CCCN1CCC(Cc2ccc(cc2)C(N)=O)CC1)c1ccc(C)c(Cl)c1","ASSJTMUEFHUKMJ-UHFFFAOYSA-N, ASSJTMUEFHUKMJ-UHFFFAOYSA-N, ASSJTMUEFHUKMJ-UHFFFAOYSA-N",Phase 1
TAK-243,ubiquitin activating enzyme inhibitor,,,,MedChemEx,95.52,NS(=O)(=O)OC[C@H]1C[C@@H](Nc2ccnc3cc(nn23)-c2cccc(SC(F)(F)F)c2)[C@H](O)[C@@H]1O,KJDAGXLMHXUAGV-DGWLBADLSA-N,Phase 1
TAK-285,EGFR inhibitor,ERBB2,,,"MedChemEx, Selleck, Selleck, Selleck",95.38,"CC(C)(O)CC(=O)NCCn1ccc2ncnc(Nc3ccc(Oc4cccc(c4)C(F)(F)F)c(Cl)c3)c12, CC(C)(O)CC(=O)NCCn1ccc2ncnc(Nc3ccc(Oc4cccc(c4)C(F)(F)F)c(Cl)c3)c12, CC(C)(O)CC(=O)NCCn1ccc2ncnc(Nc3ccc(Oc4cccc(c4)C(F)(F)F)c(Cl)c3)c12, CC(C)(O)CC(=O)NCCn1ccc2ncnc(Nc3ccc(Oc4cccc(c4)C(F)(F)F)c(Cl)c3)c12","ZYQXEVJIFYIBHZ-UHFFFAOYSA-N, ZYQXEVJIFYIBHZ-UHFFFAOYSA-N, ZYQXEVJIFYIBHZ-UHFFFAOYSA-N, ZYQXEVJIFYIBHZ-UHFFFAOYSA-N",Phase 1
TAK-593,VEGFR inhibitor,PDGFRA,,,"MedChemEx, MedChemEx",94.1,"Cc1cc(C(=O)Nc2cc(Oc3ccc4nc(NC(=O)C5CC5)cn4n3)ccc2C)n(C)n1, Cc1cc(C(=O)Nc2cc(Oc3ccc4nc(NC(=O)C5CC5)cn4n3)ccc2C)n(C)n1","DZFZXPPHBWCXPQ-UHFFFAOYSA-N, DZFZXPPHBWCXPQ-UHFFFAOYSA-N",Phase 1
TAK-632,RAF inhibitor,BRAF,,,"Selleck, Selleck, Selleck, Selleck",97.83,"Fc1ccc(Oc2ccc3nc(NC(=O)C4CC4)sc3c2C#N)cc1NC(=O)Cc1cccc(c1)C(F)(F)F, Fc1ccc(Oc2ccc3nc(NC(=O)C4CC4)sc3c2C#N)cc1NC(=O)Cc1cccc(c1)C(F)(F)F, Fc1ccc(Oc2ccc3nc(NC(=O)C4CC4)sc3c2C#N)cc1NC(=O)Cc1cccc(c1)C(F)(F)F, Fc1ccc(Oc2ccc3nc(NC(=O)C4CC4)sc3c2C#N)cc1NC(=O)Cc1cccc(c1)C(F)(F)F","OJFKUJDRGJSAQB-UHFFFAOYSA-N, OJFKUJDRGJSAQB-UHFFFAOYSA-N, OJFKUJDRGJSAQB-UHFFFAOYSA-N, OJFKUJDRGJSAQB-UHFFFAOYSA-N",Preclinical
TAK-659,spleen associated tyrosine kinase inhibitor,,,,"MedChemEx, MedChemEx",96.64,"Cn1cc(cn1)-c1nc(N[C@@H]2CCCC[C@@H]2N)c(F)c2CNC(=O)c12, Cn1cc(cn1)-c1nc(N[C@@H]2CCCC[C@@H]2N)c(F)c2CNC(=O)c12","MJHOMTRKVMKCNE-NWDGAFQWSA-N, MJHOMTRKVMKCNE-NWDGAFQWSA-N",Phase 2
TAK-715,p38 MAPK inhibitor,MAPK14,,,"Tocris, Tocris, Selleck, Selleck, Tocris",98.88,"CCc1nc(c(s1)-c1ccnc(NC(=O)c2ccccc2)c1)-c1cccc(C)c1, CCc1nc(c(s1)-c1ccnc(NC(=O)c2ccccc2)c1)-c1cccc(C)c1, CCc1nc(c(s1)-c1ccnc(NC(=O)c2ccccc2)c1)-c1cccc(C)c1, CCc1nc(c(s1)-c1ccnc(NC(=O)c2ccccc2)c1)-c1cccc(C)c1, CCc1nc(c(s1)-c1ccnc(NC(=O)c2ccccc2)c1)-c1cccc(C)c1","HEKAIDKUDLCBRU-UHFFFAOYSA-N, HEKAIDKUDLCBRU-UHFFFAOYSA-N, HEKAIDKUDLCBRU-UHFFFAOYSA-N, HEKAIDKUDLCBRU-UHFFFAOYSA-N, HEKAIDKUDLCBRU-UHFFFAOYSA-N",Phase 2
TAK-733,MEK inhibitor,MAP2K1,,,"Selleck, MedChemEx, Selleck, Selleck",98.86,"Cn1c2ncn(C[C@@H](O)CO)c(=O)c2c(Nc2ccc(I)cc2F)c(F)c1=O, Cn1c2ncn(C[C@@H](O)CO)c(=O)c2c(Nc2ccc(I)cc2F)c(F)c1=O, Cn1c2ncn(C[C@@H](O)CO)c(=O)c2c(Nc2ccc(I)cc2F)c(F)c1=O, Cn1c2ncn(C[C@@H](O)CO)c(=O)c2c(Nc2ccc(I)cc2F)c(F)c1=O","RCLQNICOARASSR-SECBINFHSA-N, RCLQNICOARASSR-SECBINFHSA-N, RCLQNICOARASSR-SECBINFHSA-N, RCLQNICOARASSR-SECBINFHSA-N",Phase 1
TAK-779,CC chemokine receptor antagonist,,,,MedChemEx,98.08,Cc1ccc(cc1)-c1ccc2CCCC(=Cc2c1)C(=O)Nc1ccc(C[N+](C)(C)C2CCOCC2)cc1 |c:15|,XNHZXMPLVSJQFK-UHFFFAOYSA-O,Preclinical
TAK-875,insulin secretagogue,FFAR1,,,"MedChemEx, Selleck, Selleck, Selleck, Selleck, Selleck",97.03,"Cc1cc(OCCCS(C)(=O)=O)cc(C)c1-c1cccc(COc2ccc3[C@H](CC(O)=O)COc3c2)c1, Cc1cc(OCCCS(C)(=O)=O)cc(C)c1-c1cccc(COc2ccc3[C@H](CC(O)=O)COc3c2)c1, Cc1cc(OCCCS(C)(=O)=O)cc(C)c1-c1cccc(COc2ccc3[C@H](CC(O)=O)COc3c2)c1, Cc1cc(OCCCS(C)(=O)=O)cc(C)c1-c1cccc(COc2ccc3[C@H](CC(O)=O)COc3c2)c1, Cc1cc(OCCCS(C)(=O)=O)cc(C)c1-c1cccc(COc2ccc3[C@H](CC(O)=O)COc3c2)c1, Cc1cc(OCCCS(C)(=O)=O)cc(C)c1-c1cccc(COc2ccc3[C@H](CC(O)=O)COc3c2)c1","BZCALJIHZVNMGJ-HSZRJFAPSA-N, BZCALJIHZVNMGJ-HSZRJFAPSA-N, BZCALJIHZVNMGJ-HSZRJFAPSA-N, BZCALJIHZVNMGJ-HSZRJFAPSA-N, BZCALJIHZVNMGJ-HSZRJFAPSA-N, BZCALJIHZVNMGJ-HSZRJFAPSA-N",Phase 3
TAK-901,Aurora kinase inhibitor,AURKB,,,"Selleck, Selleck, MedChemEx",97.57,"CCS(=O)(=O)c1cccc(c1)-c1cc(C(=O)NC2CCN(C)CC2)c(C)c2[nH]c3ncc(C)cc3c12, CCS(=O)(=O)c1cccc(c1)-c1cc(C(=O)NC2CCN(C)CC2)c(C)c2[nH]c3ncc(C)cc3c12, CCS(=O)(=O)c1cccc(c1)-c1cc(C(=O)NC2CCN(C)CC2)c(C)c2[nH]c3ncc(C)cc3c12","WKDACQVEJIVHMZ-UHFFFAOYSA-N, WKDACQVEJIVHMZ-UHFFFAOYSA-N, WKDACQVEJIVHMZ-UHFFFAOYSA-N",Phase 1
TAK-960,PLK inhibitor,PLK1,,,"Tocris, MedChemEx, MedChemEx, MedChemEx",98.58,"COc1cc(C(=O)NC2CCN(C)CC2)c(F)cc1Nc1ncc2N(C)C(=O)C(F)(F)CN(C3CCCC3)c2n1, COc1cc(C(=O)NC2CCN(C)CC2)c(F)cc1Nc1ncc2N(C)C(=O)C(F)(F)CN(C3CCCC3)c2n1, COc1cc(C(=O)NC2CCN(C)CC2)c(F)cc1Nc1ncc2N(C)C(=O)C(F)(F)CN(C3CCCC3)c2n1, COc1cc(C(=O)NC2CCN(C)CC2)c(F)cc1Nc1ncc2N(C)C(=O)C(F)(F)CN(C3CCCC3)c2n1","GWRSATNRNFYMDI-UHFFFAOYSA-N, GWRSATNRNFYMDI-UHFFFAOYSA-N, GWRSATNRNFYMDI-UHFFFAOYSA-N, GWRSATNRNFYMDI-UHFFFAOYSA-N",Phase 1
talabostat,"dipeptidyl peptidase inhibitor, fibroblast activation protein inhibitor",DPP4,,,"MedChemEx, MedChemEx, MedChemEx",67.55,"CC(C)[C@H](N)C(=O)N1CCC[C@H]1B(O)O, CC(C)[C@H](N)C(=O)N1CCC[C@H]1B(O)O, CC(C)[C@H](N)C(=O)N1CCC[C@H]1B(O)O","FKCMADOPPWWGNZ-YUMQZZPRSA-N, FKCMADOPPWWGNZ-YUMQZZPRSA-N, FKCMADOPPWWGNZ-YUMQZZPRSA-N",Phase 3
taladegib,smoothened receptor antagonist,"DHH, IHH, SMO",,,"MedChemEx, MedChemEx, MedChemEx, MedChemEx, MedChemEx, MedChemEx",99.58,"CN(C1CCN(CC1)c1nnc(-c2ccnn2C)c2ccccc12)C(=O)c1ccc(F)cc1C(F)(F)F, CN(C1CCN(CC1)c1nnc(-c2ccnn2C)c2ccccc12)C(=O)c1ccc(F)cc1C(F)(F)F, CN(C1CCN(CC1)c1nnc(-c2ccnn2C)c2ccccc12)C(=O)c1ccc(F)cc1C(F)(F)F, CN(C1CCN(CC1)c1nnc(-c2ccnn2C)c2ccccc12)C(=O)c1ccc(F)cc1C(F)(F)F, CN(C1CCN(CC1)c1nnc(-c2ccnn2C)c2ccccc12)C(=O)c1ccc(F)cc1C(F)(F)F, CN(C1CCN(CC1)c1nnc(-c2ccnn2C)c2ccccc12)C(=O)c1ccc(F)cc1C(F)(F)F","SZBGQDXLNMELTB-UHFFFAOYSA-N, SZBGQDXLNMELTB-UHFFFAOYSA-N, SZBGQDXLNMELTB-UHFFFAOYSA-N, SZBGQDXLNMELTB-UHFFFAOYSA-N, SZBGQDXLNMELTB-UHFFFAOYSA-N, SZBGQDXLNMELTB-UHFFFAOYSA-N",Phase 2
talampanel,glutamate receptor antagonist,"GRIA1, GRIA2, GRIA3, GRIA4",,,"MedChemEx, MedChemEx, Tocris",93,"C[C@@H]1Cc2cc3OCOc3cc2C(=NN1C(C)=O)c1ccc(N)cc1 |c:14|, C[C@@H]1Cc2cc3OCOc3cc2C(=NN1C(C)=O)c1ccc(N)cc1 |c:14|, C[C@@H]1Cc2cc3OCOc3cc2C(=NN1C(C)=O)c1ccc(N)cc1 |c:14|","JACAAXNEHGBPOQ-LLVKDONJSA-N, JACAAXNEHGBPOQ-LLVKDONJSA-N, JACAAXNEHGBPOQ-LLVKDONJSA-N",Phase 2
talaporfin,photosensitizing agent,,,,MedChemEx,83.11,CCc1c(C)c2cc3[nH]c(cc4nc([C@@H](CCC(O)=O)[C@@H]4C)c(CC(=O)N[C@@H](CC(O)=O)C(O)=O)c4nc(cc1[nH]2)c(C)c4C(O)=O)c(C)c3C=C,SIEXFRDYNDREBM-WSUYNKMOSA-N,Phase 3
talarozole,cytochrome P450 inhibitor,CYP26A1,,,"MedChemEx, MedChemEx, MedChemEx",96.25,"CCC(CC)[C@@H](c1ccc(Nc2nc3ccccc3s2)cc1)n1cncn1 |&1:5,r|, CCC(CC)[C@@H](c1ccc(Nc2nc3ccccc3s2)cc1)n1cncn1 |&1:5,r|, CCC(CC)[C@@H](c1ccc(Nc2nc3ccccc3s2)cc1)n1cncn1 |&1:5,r|","SNFYYXUGUBUECJ-FQEVSTJZSA-N, SNFYYXUGUBUECJ-FQEVSTJZSA-N, SNFYYXUGUBUECJ-FQEVSTJZSA-N",Phase 2
talazoparib,PARP inhibitor,PARP2,oncology,breast cancer,"Selleck, Selleck, Selleck, Selleck, Selleck, Selleck, MedChemEx",97.61,"Cn1ncnc1[C@@H]1[C@H](Nc2cc(F)cc3c2c1n[nH]c3=O)c1ccc(F)cc1, Cn1ncnc1[C@@H]1[C@H](Nc2cc(F)cc3c2c1n[nH]c3=O)c1ccc(F)cc1, Cn1ncnc1[C@@H]1[C@H](Nc2cc(F)cc3c2c1n[nH]c3=O)c1ccc(F)cc1, Cn1ncnc1[C@@H]1[C@H](Nc2cc(F)cc3c2c1n[nH]c3=O)c1ccc(F)cc1, Cn1ncnc1[C@@H]1[C@H](Nc2cc(F)cc3c2c1n[nH]c3=O)c1ccc(F)cc1, Cn1ncnc1[C@@H]1[C@H](Nc2cc(F)cc3c2c1n[nH]c3=O)c1ccc(F)cc1, Cn1ncnc1[C@@H]1[C@H](Nc2cc(F)cc3c2c1n[nH]c3=O)c1ccc(F)cc1","HWGQMRYQVZSGDQ-HZPDHXFCSA-N, HWGQMRYQVZSGDQ-HZPDHXFCSA-N, HWGQMRYQVZSGDQ-HZPDHXFCSA-N, HWGQMRYQVZSGDQ-HZPDHXFCSA-N, HWGQMRYQVZSGDQ-HZPDHXFCSA-N, HWGQMRYQVZSGDQ-HZPDHXFCSA-N, HWGQMRYQVZSGDQ-HZPDHXFCSA-N",Launched
talinolol,adrenergic receptor antagonist,ADRB1,cardiology,hypertension,"Cayman, Cayman, Cayman",100,"CC(C)(C)NC[C@@H](O)COc1ccc(NC(=O)NC2CCCCC2)cc1 |&1:6,r|, CC(C)(C)NC[C@@H](O)COc1ccc(NC(=O)NC2CCCCC2)cc1 |&1:6,r|, CC(C)(C)NC[C@@H](O)COc1ccc(NC(=O)NC2CCCCC2)cc1 |&1:6,r|","MXFWWQICDIZSOA-QGZVFWFLSA-N, MXFWWQICDIZSOA-QGZVFWFLSA-N, MXFWWQICDIZSOA-QGZVFWFLSA-N",Launched
talipexole,"adrenergic receptor agonist, dopamine receptor agonist","ADRA2A, DRD2, HTR3A",infectious disease,genitial herpes,"MedChemEx, MedChemEx, MedChemEx, Enzo",84.52,"Nc1nc2CCN(CC=C)CCc2s1, Nc1nc2CCN(CC=C)CCc2s1, Nc1nc2CCN(CC=C)CCc2s1, Nc1nc2CCN(CC=C)CCc2s1","DHSSDEDRBUKTQY-UHFFFAOYSA-N, DHSSDEDRBUKTQY-UHFFFAOYSA-N, DHSSDEDRBUKTQY-UHFFFAOYSA-N, DHSSDEDRBUKTQY-UHFFFAOYSA-N",Launched
talmapimod,p38 MAPK inhibitor,"IL1B, MAPK11, MAPK14, MT-CO2, TNF",,,"Tocris, Tocris, Tocris, Tocris, Tocris, Tocris, MedChemEx, MedChemEx, MedChemEx",98.07,"C[C@H]1CN([C@H](C)CN1Cc1ccc(F)cc1)C(=O)c1cc2c(cn(C)c2cc1Cl)C(=O)C(=O)N(C)C, C[C@H]1CN([C@H](C)CN1Cc1ccc(F)cc1)C(=O)c1cc2c(cn(C)c2cc1Cl)C(=O)C(=O)N(C)C, C[C@H]1CN([C@H](C)CN1Cc1ccc(F)cc1)C(=O)c1cc2c(cn(C)c2cc1Cl)C(=O)C(=O)N(C)C, C[C@H]1CN([C@H](C)CN1Cc1ccc(F)cc1)C(=O)c1cc2c(cn(C)c2cc1Cl)C(=O)C(=O)N(C)C, C[C@H]1CN([C@H](C)CN1Cc1ccc(F)cc1)C(=O)c1cc2c(cn(C)c2cc1Cl)C(=O)C(=O)N(C)C, C[C@H]1CN([C@H](C)CN1Cc1ccc(F)cc1)C(=O)c1cc2c(cn(C)c2cc1Cl)C(=O)C(=O)N(C)C, C[C@H]1CN([C@H](C)CN1Cc1ccc(F)cc1)C(=O)c1cc2c(cn(C)c2cc1Cl)C(=O)C(=O)N(C)C, C[C@H]1CN([C@H](C)CN1Cc1ccc(F)cc1)C(=O)c1cc2c(cn(C)c2cc1Cl)C(=O)C(=O)N(C)C, C[C@H]1CN([C@H](C)CN1Cc1ccc(F)cc1)C(=O)c1cc2c(cn(C)c2cc1Cl)C(=O)C(=O)N(C)C","ZMELOYOKMZBMRB-DLBZAZTESA-N, ZMELOYOKMZBMRB-DLBZAZTESA-N, ZMELOYOKMZBMRB-DLBZAZTESA-N, ZMELOYOKMZBMRB-DLBZAZTESA-N, ZMELOYOKMZBMRB-DLBZAZTESA-N, ZMELOYOKMZBMRB-DLBZAZTESA-N, ZMELOYOKMZBMRB-DLBZAZTESA-N, ZMELOYOKMZBMRB-DLBZAZTESA-N, ZMELOYOKMZBMRB-DLBZAZTESA-N",Phase 2
talnetant,tachykinin antagonist,"TACR2, TACR3",,,"Tocris, MedChemEx",98.57,"CC[C@H](NC(=O)c1c(O)c(nc2ccccc12)-c1ccccc1)c1ccccc1, CC[C@H](NC(=O)c1c(O)c(nc2ccccc12)-c1ccccc1)c1ccccc1","BIAVGWDGIJKWRM-FQEVSTJZSA-N, BIAVGWDGIJKWRM-FQEVSTJZSA-N",Phase 2
talniflumate,cyclooxygenase inhibitor,CLCA1,neurology/psychiatry,pain relief,"Tocris, Tocris, Tocris, Tocris, Tocris",97.87,"FC(F)(F)c1cccc(Nc2ncccc2C(=O)O[C@H]2OC(=O)c3ccccc23)c1 |&1:19,r|, FC(F)(F)c1cccc(Nc2ncccc2C(=O)O[C@H]2OC(=O)c3ccccc23)c1 |&1:19,r|, FC(F)(F)c1cccc(Nc2ncccc2C(=O)O[C@H]2OC(=O)c3ccccc23)c1 |&1:19,r|, FC(F)(F)c1cccc(Nc2ncccc2C(=O)O[C@H]2OC(=O)c3ccccc23)c1 |&1:19,r|, FC(F)(F)c1cccc(Nc2ncccc2C(=O)O[C@H]2OC(=O)c3ccccc23)c1 |&1:19,r|","ANMLJLFWUCQGKZ-HXUWFJFHSA-N, ANMLJLFWUCQGKZ-HXUWFJFHSA-N, ANMLJLFWUCQGKZ-HXUWFJFHSA-N, ANMLJLFWUCQGKZ-HXUWFJFHSA-N, ANMLJLFWUCQGKZ-HXUWFJFHSA-N",Launched
talopram,adrenergic inhibitor,SLC6A2,,,"Tocris, Tocris, Tocris",96.24,"CNCCC[C@]1(OC(C)(C)c2ccccc12)c1ccccc1 |&1:5|, CNCCC[C@]1(OC(C)(C)c2ccccc12)c1ccccc1 |&1:5|, CNCCC[C@]1(OC(C)(C)c2ccccc12)c1ccccc1 |&1:5|","LJBBMCNHIUJBDU-FQEVSTJZSA-N, LJBBMCNHIUJBDU-FQEVSTJZSA-N, LJBBMCNHIUJBDU-FQEVSTJZSA-N",Phase 2
talsaclidine,acetylcholine receptor agonist,,,,Sigma,0,C#CCO[C@H]1CN2CCC1CC2,XVFJONKUSLSKSW-JTQLQIEISA-N,Phase 2/Phase 3
taltirelin,thyrotropin releasing hormone receptor agonist,TRHR,neurology/psychiatry,spinocerebellar ataxia,"MedChemEx, MedChemEx",95.09,"CN1C(=O)C[C@H](NC1=O)C(=O)N[C@@H](Cc1cnc[nH]1)C(=O)N1CCC[C@H]1C(N)=O, CN1C(=O)C[C@H](NC1=O)C(=O)N[C@@H](Cc1cnc[nH]1)C(=O)N1CCC[C@H]1C(N)=O","LQZAIAZUDWIVPM-SRVKXCTJSA-N, LQZAIAZUDWIVPM-SRVKXCTJSA-N",Launched
taltobulin,tubulin polymerization inhibitor,,,,"MedChemEx, MedChemEx, MedChemEx, MedChemEx, MedChemEx, MedChemEx",96.83,"CN[C@H](C(=O)N[C@H](C(=O)N(C)[C@H](\C=C(/C)C(O)=O)C(C)C)C(C)(C)C)C(C)(C)c1ccccc1, CN[C@H](C(=O)N[C@H](C(=O)N(C)[C@H](\C=C(/C)C(O)=O)C(C)C)C(C)(C)C)C(C)(C)c1ccccc1, CN[C@H](C(=O)N[C@H](C(=O)N(C)[C@H](\C=C(/C)C(O)=O)C(C)C)C(C)(C)C)C(C)(C)c1ccccc1, CN[C@H](C(=O)N[C@H](C(=O)N(C)[C@H](\C=C(/C)C(O)=O)C(C)C)C(C)(C)C)C(C)(C)c1ccccc1, CN[C@H](C(=O)N[C@H](C(=O)N(C)[C@H](\C=C(/C)C(O)=O)C(C)C)C(C)(C)C)C(C)(C)c1ccccc1, CN[C@H](C(=O)N[C@H](C(=O)N(C)[C@H](\C=C(/C)C(O)=O)C(C)C)C(C)(C)C)C(C)(C)c1ccccc1","CNTMOLDWXSVYKD-PSRNMDMQSA-N, CNTMOLDWXSVYKD-PSRNMDMQSA-N, CNTMOLDWXSVYKD-PSRNMDMQSA-N, CNTMOLDWXSVYKD-PSRNMDMQSA-N, CNTMOLDWXSVYKD-PSRNMDMQSA-N, CNTMOLDWXSVYKD-PSRNMDMQSA-N",Phase 1
TAME,,,,,"MedChemEx, Selleck",94.63,"COC(=O)[C@H](CCCNC(N)=N)NS(=O)(=O)c1ccc(C)cc1, COC(=O)[C@H](CCCNC(N)=N)NS(=O)(=O)c1ccc(C)cc1","FKMJXALNHKIDOD-LBPRGKRZSA-N, FKMJXALNHKIDOD-LBPRGKRZSA-N",Preclinical
tamibarotene,retinoid receptor agonist,"RARA, RARB",hematologic malignancy,acute promyelocytic leukemia (APL),"Selleck, Selleck, Selleck, MedChemEx",99.43,"CC1(C)CCC(C)(C)c2cc(NC(=O)c3ccc(cc3)C(O)=O)ccc12, CC1(C)CCC(C)(C)c2cc(NC(=O)c3ccc(cc3)C(O)=O)ccc12, CC1(C)CCC(C)(C)c2cc(NC(=O)c3ccc(cc3)C(O)=O)ccc12, CC1(C)CCC(C)(C)c2cc(NC(=O)c3ccc(cc3)C(O)=O)ccc12","MUTNCGKQJGXKEM-UHFFFAOYSA-N, MUTNCGKQJGXKEM-UHFFFAOYSA-N, MUTNCGKQJGXKEM-UHFFFAOYSA-N, InChI=1S/C22H25NO3/c1-21(2)11-12-22(3,4)18-13-16(9-10-17(18)21)23-19(24)14-5-7-15(8-6-14)20(25)26/h5-10,13H,11-12H2,1-4H3,(H,23,24)(H,25,26)",Launched
taminadenant,adenosine receptor antagonist,,,,AMS,89.55,Nc1nc(nc(c1Br)-n1cccn1)-n1cccn1,ATFXVNUWQOXRRU-UHFFFAOYSA-N,Phase 1/Phase 2
tamoxifen,"estrogen receptor antagonist, selective estrogen receptor modulator (SERM)","EBP, ESR1, ESR2, GPER1, PRKCA, PRKCB, PRKCD, PRKCE, PRKCG, PRKCI, PRKCQ, PRKCZ",oncology,breast cancer,"Tocris, Tocris, Tocris, Selleck, Tocris, MicroSource, Selleck",97.31,"CC\C(=C(/c1ccccc1)c1ccc(OCCN(C)C)cc1)c1ccccc1, CC\C(=C(/c1ccccc1)c1ccc(OCCN(C)C)cc1)c1ccccc1, CC\C(=C(/c1ccccc1)c1ccc(OCCN(C)C)cc1)c1ccccc1, CC\C(=C(/c1ccccc1)c1ccc(OCCN(C)C)cc1)c1ccccc1, CC\C(=C(/c1ccccc1)c1ccc(OCCN(C)C)cc1)c1ccccc1, CC\C(=C(/c1ccccc1)c1ccc(OCCN(C)C)cc1)c1ccccc1, CC\C(=C(/c1ccccc1)c1ccc(OCCN(C)C)cc1)c1ccccc1","NKANXQFJJICGDU-QPLCGJKRSA-N, NKANXQFJJICGDU-QPLCGJKRSA-N, NKANXQFJJICGDU-QPLCGJKRSA-N, NKANXQFJJICGDU-QPLCGJKRSA-N, NKANXQFJJICGDU-QPLCGJKRSA-N, NKANXQFJJICGDU-QPLCGJKRSA-N, NKANXQFJJICGDU-QPLCGJKRSA-N",Launched
tamsulosin,adrenergic receptor antagonist,"ADRA1A, ADRA1B, ADRA1D",urology,benign prostatic hyperplasia (BPH),"Tocris, Enzo",99.03,"CCOc1ccccc1OCCN[C@H](C)Cc1ccc(OC)c(c1)S(N)(=O)=O, CCOc1ccccc1OCCN[C@H](C)Cc1ccc(OC)c(c1)S(N)(=O)=O","DRHKJLXJIQTDTD-OAHLLOKOSA-N, DRHKJLXJIQTDTD-OAHLLOKOSA-N",Launched
tanaproget,progesterone receptor agonist,PGR,,,"MedChemEx, MedChemEx, MedChemEx, MedChemEx, MedChemEx",98.3,"Cn1c(ccc1-c1ccc2NC(=S)OC(C)(C)c2c1)C#N, Cn1c(ccc1-c1ccc2NC(=S)OC(C)(C)c2c1)C#N, Cn1c(ccc1-c1ccc2NC(=S)OC(C)(C)c2c1)C#N, Cn1c(ccc1-c1ccc2NC(=S)OC(C)(C)c2c1)C#N, Cn1c(ccc1-c1ccc2NC(=S)OC(C)(C)c2c1)C#N","PYVFWTPEBMRKSR-UHFFFAOYSA-N, PYVFWTPEBMRKSR-UHFFFAOYSA-N, PYVFWTPEBMRKSR-UHFFFAOYSA-N, PYVFWTPEBMRKSR-UHFFFAOYSA-N, PYVFWTPEBMRKSR-UHFFFAOYSA-N",Phase 2
tandospirone,serotonin receptor agonist,HTR1A,neurology/psychiatry,"generalized anxiety disorder (GAD), dysthymic disorder","Tocris, Tocris, MedChemEx, Tocris",98.71,"O=C1[C@H]2[C@@H]3CC[C@@H](C3)[C@H]2C(=O)N1CCCCN1CCN(CC1)c1ncccn1, O=C1[C@H]2[C@@H]3CC[C@@H](C3)[C@H]2C(=O)N1CCCCN1CCN(CC1)c1ncccn1, O=C1[C@H]2[C@@H]3CC[C@@H](C3)[C@H]2C(=O)N1CCCCN1CCN(CC1)c1ncccn1, O=C1[C@H]2[C@@H]3CC[C@@H](C3)[C@H]2C(=O)N1CCCCN1CCN(CC1)c1ncccn1","CEIJFEGBUDEYSX-FZDBZEDMSA-N, CEIJFEGBUDEYSX-FZDBZEDMSA-N, CEIJFEGBUDEYSX-FZDBZEDMSA-N, CEIJFEGBUDEYSX-FZDBZEDMSA-N",Launched
tandutinib,"FLT3 inhibitor, KIT inhibitor, PDGFR tyrosine kinase receptor inhibitor","CSF1R, FLT3, KIT, PDGFD, PDGFRB",,,"MedChemEx, MicroSource, MicroSource, MicroSource, Selleck, Selleck",97.46,"COc1cc2c(ncnc2cc1OCCCN1CCCCC1)N1CCN(CC1)C(=O)Nc1ccc(OC(C)C)cc1, COc1cc2c(ncnc2cc1OCCCN1CCCCC1)N1CCN(CC1)C(=O)Nc1ccc(OC(C)C)cc1, COc1cc2c(ncnc2cc1OCCCN1CCCCC1)N1CCN(CC1)C(=O)Nc1ccc(OC(C)C)cc1, COc1cc2c(ncnc2cc1OCCCN1CCCCC1)N1CCN(CC1)C(=O)Nc1ccc(OC(C)C)cc1, COc1cc2c(ncnc2cc1OCCCN1CCCCC1)N1CCN(CC1)C(=O)Nc1ccc(OC(C)C)cc1, COc1cc2c(ncnc2cc1OCCCN1CCCCC1)N1CCN(CC1)C(=O)Nc1ccc(OC(C)C)cc1","UXXQOJXBIDBUAC-UHFFFAOYSA-N, UXXQOJXBIDBUAC-UHFFFAOYSA-N, UXXQOJXBIDBUAC-UHFFFAOYSA-N, UXXQOJXBIDBUAC-UHFFFAOYSA-N, UXXQOJXBIDBUAC-UHFFFAOYSA-N, UXXQOJXBIDBUAC-UHFFFAOYSA-N",Phase 2
tanespimycin,HSP inhibitor,HSP90AA1,,,"MedChemEx, Selleck, Selleck, Selleck, Tocris, Tocris, Selleck, Selleck, Selleck",97.71,"CO[C@H]1C[C@H](C)CC2=C(NCC=C)C(=O)C=C(NC(=O)\C(C)=C\C=C/[C@H](OC)[C@@H](OC(N)=O)\C(C)=C\[C@H](C)[C@H]1O)C2=O |c:7,23,t:15,21,34|, CO[C@H]1C[C@H](C)CC2=C(NCC=C)C(=O)C=C(NC(=O)\C(C)=C\C=C/[C@H](OC)[C@@H](OC(N)=O)\C(C)=C\[C@H](C)[C@H]1O)C2=O |c:7,23,t:15,21,34|, CO[C@H]1C[C@H](C)CC2=C(NCC=C)C(=O)C=C(NC(=O)\C(C)=C\C=C/[C@H](OC)[C@@H](OC(N)=O)\C(C)=C\[C@H](C)[C@H]1O)C2=O |c:7,23,t:15,21,34|, CO[C@H]1C[C@H](C)CC2=C(NCC=C)C(=O)C=C(NC(=O)\C(C)=C\C=C/[C@H](OC)[C@@H](OC(N)=O)\C(C)=C\[C@H](C)[C@H]1O)C2=O |c:7,23,t:15,21,34|, CO[C@H]1C[C@H](C)CC2=C(NCC=C)C(=O)C=C(NC(=O)\C(C)=C\C=C/[C@H](OC)[C@@H](OC(N)=O)\C(C)=C\[C@H](C)[C@H]1O)C2=O |c:7,23,t:15,21,34|, CO[C@H]1C[C@H](C)CC2=C(NCC=C)C(=O)C=C(NC(=O)\C(C)=C\C=C/[C@H](OC)[C@@H](OC(N)=O)\C(C)=C\[C@H](C)[C@H]1O)C2=O |c:7,23,t:15,21,34|, CO[C@H]1C[C@H](C)CC2=C(NCC=C)C(=O)C=C(NC(=O)\C(C)=C\C=C/[C@H](OC)[C@@H](OC(N)=O)\C(C)=C\[C@H](C)[C@H]1O)C2=O |c:7,23,t:15,21,34|, CO[C@H]1C[C@H](C)CC2=C(NCC=C)C(=O)C=C(NC(=O)\C(C)=C\C=C/[C@H](OC)[C@@H](OC(N)=O)\C(C)=C\[C@H](C)[C@H]1O)C2=O |c:7,23,t:15,21,34|, CO[C@H]1C[C@H](C)CC2=C(NCC=C)C(=O)C=C(NC(=O)\C(C)=C\C=C/[C@H](OC)[C@@H](OC(N)=O)\C(C)=C\[C@H](C)[C@H]1O)C2=O |c:7,23,t:15,21,34|","AYUNIORJHRXIBJ-FBDSWQSESA-N, AYUNIORJHRXIBJ-FBDSWQSESA-N, AYUNIORJHRXIBJ-FBDSWQSESA-N, AYUNIORJHRXIBJ-FBDSWQSESA-N, AYUNIORJHRXIBJ-FBDSWQSESA-N, AYUNIORJHRXIBJ-FBDSWQSESA-N, AYUNIORJHRXIBJ-FBDSWQSESA-N, AYUNIORJHRXIBJ-FBDSWQSESA-N, AYUNIORJHRXIBJ-FBDSWQSESA-N",Phase 3
tangeritin,cell cycle inhibitor,,,,"MedChemEx, Selleck",97.77,"COc1ccc(cc1)-c1cc(=O)c2c(OC)c(OC)c(OC)c(OC)c2o1, COc1ccc(cc1)-c1cc(=O)c2c(OC)c(OC)c(OC)c(OC)c2o1","ULSUXBXHSYSGDT-UHFFFAOYSA-N, ULSUXBXHSYSGDT-UHFFFAOYSA-N",Preclinical
tannic-acid,PARG inhibitor,ANO1,gastroenterology,constipation,MedChemEx,100,Oc1cc(cc(O)c1O)C(=O)Oc1cc(cc(O)c1O)C(=O)OC[C@H]1O[C@@H](OC(=O)c2cc(O)c(O)c(OC(=O)c3cc(O)c(O)c(O)c3)c2)[C@H](OC(=O)c2cc(O)c(O)c(OC(=O)c3cc(O)c(O)c(O)c3)c2)[C@@H](OC(=O)c2cc(O)c(O)c(OC(=O)c3cc(O)c(O)c(O)c3)c2)[C@@H]1OC(=O)c1cc(O)c(O)c(OC(=O)c2cc(O)c(O)c(O)c2)c1,LRBQNJMCXXYXIU-PPKXGCFTSA-N,Launched
tanshinone-I,AP inhibitor,IFNG,,,"MedChemEx, Selleck, Selleck, Selleck",87.49,"Cc1coc-2c1C(=O)C(=O)c1c-2ccc2c(C)cccc12, Cc1coc-2c1C(=O)C(=O)c1c-2ccc2c(C)cccc12, Cc1coc-2c1C(=O)C(=O)c1c-2ccc2c(C)cccc12, Cc1coc-2c1C(=O)C(=O)c1c-2ccc2c(C)cccc12","AIGAZQPHXLWMOJ-UHFFFAOYSA-N, AIGAZQPHXLWMOJ-UHFFFAOYSA-N, AIGAZQPHXLWMOJ-UHFFFAOYSA-N, AIGAZQPHXLWMOJ-UHFFFAOYSA-N",Phase 2
tanshinone-IIA,"anti-inflammatory agent, interleukin inhibitor","IL1B, NR1I2, TNF",,,"Tocris, Selleck, Selleck, Selleck",90.3,"Cc1coc-2c1C(=O)C(=O)c1c3CCCC(C)(C)c3ccc-21, Cc1coc-2c1C(=O)C(=O)c1c3CCCC(C)(C)c3ccc-21, Cc1coc-2c1C(=O)C(=O)c1c3CCCC(C)(C)c3ccc-21, Cc1coc-2c1C(=O)C(=O)c1c3CCCC(C)(C)c3ccc-21","HYXITZLLTYIPOF-UHFFFAOYSA-N, HYXITZLLTYIPOF-UHFFFAOYSA-N, HYXITZLLTYIPOF-UHFFFAOYSA-N, HYXITZLLTYIPOF-UHFFFAOYSA-N",Phase 2/Phase 3
tapinarof,aryl hydrocarbon receptor agonist,,,,MedChemEx,97.56,CC(C)c1c(O)cc(\C=C\c2ccccc2)cc1O,ZISJNXNHJRQYJO-CMDGGOBGSA-N,Phase 3
taprenepag,prostaglandin receptor agonist,PTGER2,,,MedChemEx,96.08,OC(=O)COc1cccc(CN(Cc2ccc(cc2)-n2cccn2)S(=O)(=O)c2cccnc2)c1,MFFBXYNKZHTCEY-UHFFFAOYSA-N,Phase 2
tarafenacin,acetylcholine receptor antagonist,CHRM3,,,MedChemEx,96.05,Fc1cccc(c1)N(Cc1cc(F)c(F)c(F)c1)C(=O)O[C@H]1C[N@@]2CC[C@H]1CC2,UXZDMXYRRQJIBJ-IBGZPJMESA-N,Phase 2
taranabant,cannabinoid receptor inverse agonist,CNR1,,,"MedChemEx, MedChemEx, MedChemEx, MedChemEx, MedChemEx",98.67,"C[C@H](NC(=O)C(C)(C)Oc1ccc(cn1)C(F)(F)F)[C@@H](Cc1ccc(Cl)cc1)c1cccc(c1)C#N, C[C@H](NC(=O)C(C)(C)Oc1ccc(cn1)C(F)(F)F)[C@@H](Cc1ccc(Cl)cc1)c1cccc(c1)C#N, C[C@H](NC(=O)C(C)(C)Oc1ccc(cn1)C(F)(F)F)[C@@H](Cc1ccc(Cl)cc1)c1cccc(c1)C#N, C[C@H](NC(=O)C(C)(C)Oc1ccc(cn1)C(F)(F)F)[C@@H](Cc1ccc(Cl)cc1)c1cccc(c1)C#N, C[C@H](NC(=O)C(C)(C)Oc1ccc(cn1)C(F)(F)F)[C@@H](Cc1ccc(Cl)cc1)c1cccc(c1)C#N","QLYKJCMUNUWAGO-GAJHUEQPSA-N, QLYKJCMUNUWAGO-GAJHUEQPSA-N, QLYKJCMUNUWAGO-GAJHUEQPSA-N, QLYKJCMUNUWAGO-GAJHUEQPSA-N, QLYKJCMUNUWAGO-GAJHUEQPSA-N",Phase 3
targinine,nitric oxide synthase inhibitor,NOS3,,,Cayman,100,CNC(=N)NCCC[C@H](N)C(O)=O,NTNWOCRCBQPEKQ-YFKPBYRVSA-N,Phase 3
tariquidar,P glycoprotein inhibitor,ABCB1,,,"Selleck, Selleck, Selleck, Selleck, MedChemEx, MedChemEx, MedChemEx",95.08,"COc1cc2CCN(CCc3ccc(NC(=O)c4cc(OC)c(OC)cc4NC(=O)c4cnc5ccccc5c4)cc3)Cc2cc1OC, COc1cc2CCN(CCc3ccc(NC(=O)c4cc(OC)c(OC)cc4NC(=O)c4cnc5ccccc5c4)cc3)Cc2cc1OC, COc1cc2CCN(CCc3ccc(NC(=O)c4cc(OC)c(OC)cc4NC(=O)c4cnc5ccccc5c4)cc3)Cc2cc1OC, COc1cc2CCN(CCc3ccc(NC(=O)c4cc(OC)c(OC)cc4NC(=O)c4cnc5ccccc5c4)cc3)Cc2cc1OC, COc1cc2CCN(CCc3ccc(NC(=O)c4cc(OC)c(OC)cc4NC(=O)c4cnc5ccccc5c4)cc3)Cc2cc1OC, COc1cc2CCN(CCc3ccc(NC(=O)c4cc(OC)c(OC)cc4NC(=O)c4cnc5ccccc5c4)cc3)Cc2cc1OC, COc1cc2CCN(CCc3ccc(NC(=O)c4cc(OC)c(OC)cc4NC(=O)c4cnc5ccccc5c4)cc3)Cc2cc1OC","LGGHDPFKSSRQNS-UHFFFAOYSA-N, LGGHDPFKSSRQNS-UHFFFAOYSA-N, LGGHDPFKSSRQNS-UHFFFAOYSA-N, LGGHDPFKSSRQNS-UHFFFAOYSA-N, InChI=1S/C38H38N4O6/c1-45-33-18-25-14-16-42(23-28(25)19-34(33)46-2)15-13-24-9-11-29(12-10-24)40-38(44)30-20-35(47-3)36(48-4)21-32(30)41-37(43)27-17-26-7-5-6-8-31(26)39-22-27/h5-12,17-22H,13-16,23H2,1-4H3,(H,40,44)(H,41,43), InChI=1S/C38H38N4O6/c1-45-33-18-25-14-16-42(23-28(25)19-34(33)46-2)15-13-24-9-11-29(12-10-24)40-38(44)30-20-35(47-3)36(48-4)21-32(30)41-37(43)27-17-26-7-5-6-8-31(26)39-22-27/h5-12,17-22H,13-16,23H2,1-4H3,(H,40,44)(H,41,43), InChI=1S/C38H38N4O6/c1-45-33-18-25-14-16-42(23-28(25)19-34(33)46-2)15-13-24-9-11-29(12-10-24)40-38(44)30-20-35(47-3)36(48-4)21-32(30)41-37(43)27-17-26-7-5-6-8-31(26)39-22-27/h5-12,17-22H,13-16,23H2,1-4H3,(H,40,44)(H,41,43)",Phase 3
tartaric-acid,antioxidant,,,,"MedChemEx, MicroSource",100,"O[C@H]([C@@H](O)C(O)=O)C(O)=O, O[C@H]([C@@H](O)C(O)=O)C(O)=O","FEWJPZIEWOKRBE-JCYAYHJZSA-N, FEWJPZIEWOKRBE-JCYAYHJZSA-N",Launched
TAS-103,topoisomerase inhibitor,TOP1,,,"MedChemEx, MedChemEx, MedChemEx",91.54,"CN(C)CCNc1nc2cc(O)ccc2c2-c3ccccc3C(=O)c12, CN(C)CCNc1nc2cc(O)ccc2c2-c3ccccc3C(=O)c12, CN(C)CCNc1nc2cc(O)ccc2c2-c3ccccc3C(=O)c12","ROWSTIYZUWEOMM-UHFFFAOYSA-N, ROWSTIYZUWEOMM-UHFFFAOYSA-N, ROWSTIYZUWEOMM-UHFFFAOYSA-N",Phase 1
taselisib,PI3K inhibitor,PIK3CA,,,"MedChemEx, MedChemEx, MedChemEx, MedChemEx, MedChemEx, MedChemEx, MedChemEx, MedChemEx, MedChemEx, MedChemEx, MedChemEx",99.17,"CC(C)n1nc(C)nc1-c1cn2CCOc3cc(ccc3-c2n1)-c1cnn(c1)C(C)(C)C(N)=O, CC(C)n1nc(C)nc1-c1cn2CCOc3cc(ccc3-c2n1)-c1cnn(c1)C(C)(C)C(N)=O, CC(C)n1nc(C)nc1-c1cn2CCOc3cc(ccc3-c2n1)-c1cnn(c1)C(C)(C)C(N)=O, CC(C)n1nc(C)nc1-c1cn2CCOc3cc(ccc3-c2n1)-c1cnn(c1)C(C)(C)C(N)=O, CC(C)n1nc(C)nc1-c1cn2CCOc3cc(ccc3-c2n1)-c1cnn(c1)C(C)(C)C(N)=O, CC(C)n1nc(C)nc1-c1cn2CCOc3cc(ccc3-c2n1)-c1cnn(c1)C(C)(C)C(N)=O, CC(C)n1nc(C)nc1-c1cn2CCOc3cc(ccc3-c2n1)-c1cnn(c1)C(C)(C)C(N)=O, CC(C)n1nc(C)nc1-c1cn2CCOc3cc(ccc3-c2n1)-c1cnn(c1)C(C)(C)C(N)=O, CC(C)n1nc(C)nc1-c1cn2CCOc3cc(ccc3-c2n1)-c1cnn(c1)C(C)(C)C(N)=O, CC(C)n1nc(C)nc1-c1cn2CCOc3cc(ccc3-c2n1)-c1cnn(c1)C(C)(C)C(N)=O, CC(C)n1nc(C)nc1-c1cn2CCOc3cc(ccc3-c2n1)-c1cnn(c1)C(C)(C)C(N)=O","BEUQXVWXFDOSAQ-UHFFFAOYSA-N, BEUQXVWXFDOSAQ-UHFFFAOYSA-N, BEUQXVWXFDOSAQ-UHFFFAOYSA-N, BEUQXVWXFDOSAQ-UHFFFAOYSA-N, BEUQXVWXFDOSAQ-UHFFFAOYSA-N, InChI=1S/C24H28N8O2/c1-14(2)32-22(27-15(3)29-32)19-13-30-8-9-34-20-10-16(6-7-18(20)21(30)28-19)17-11-26-31(12-17)24(4,5)23(25)33/h6-7,10-14H,8-9H2,1-5H3,(H2,25,33), InChI=1S/C24H28N8O2/c1-14(2)32-22(27-15(3)29-32)19-13-30-8-9-34-20-10-16(6-7-18(20)21(30)28-19)17-11-26-31(12-17)24(4,5)23(25)33/h6-7,10-14H,8-9H2,1-5H3,(H2,25,33), InChI=1S/C24H28N8O2/c1-14(2)32-22(27-15(3)29-32)19-13-30-8-9-34-20-10-16(6-7-18(20)21(30)28-19)17-11-26-31(12-17)24(4,5)23(25)33/h6-7,10-14H,8-9H2,1-5H3,(H2,25,33), InChI=1S/C24H28N8O2/c1-14(2)32-22(27-15(3)29-32)19-13-30-8-9-34-20-10-16(6-7-18(20)21(30)28-19)17-11-26-31(12-17)24(4,5)23(25)33/h6-7,10-14H,8-9H2,1-5H3,(H2,25,33), InChI=1S/C24H28N8O2/c1-14(2)32-22(27-15(3)29-32)19-13-30-8-9-34-20-10-16(6-7-18(20)21(30)28-19)17-11-26-31(12-17)24(4,5)23(25)33/h6-7,10-14H,8-9H2,1-5H3,(H2,25,33), InChI=1S/C24H28N8O2/c1-14(2)32-22(27-15(3)29-32)19-13-30-8-9-34-20-10-16(6-7-18(20)21(30)28-19)17-11-26-31(12-17)24(4,5)23(25)33/h6-7,10-14H,8-9H2,1-5H3,(H2,25,33)",Phase 3
tasimelteon,melatonin receptor agonist,"MTNR1A, MTNR1B",neurology/psychiatry,Non-24-Hour Sleep-Wake Disorder,Synnovator,98.42,CCC(=O)NC[C@@H]1C[C@H]1c1cccc2OCCc12,PTOIAAWZLUQTIO-GXFFZTMASA-N,Launched
tasisulam,apoptosis stimulant,,,,"Selleck, Selleck, Selleck, Selleck, Selleck, Selleck, Selleck",98.7,"Clc1ccc(C(=O)NS(=O)(=O)c2ccc(Br)s2)c(Cl)c1, Clc1ccc(C(=O)NS(=O)(=O)c2ccc(Br)s2)c(Cl)c1, Clc1ccc(C(=O)NS(=O)(=O)c2ccc(Br)s2)c(Cl)c1, Clc1ccc(C(=O)NS(=O)(=O)c2ccc(Br)s2)c(Cl)c1, Clc1ccc(C(=O)NS(=O)(=O)c2ccc(Br)s2)c(Cl)c1, Clc1ccc(C(=O)NS(=O)(=O)c2ccc(Br)s2)c(Cl)c1, Clc1ccc(C(=O)NS(=O)(=O)c2ccc(Br)s2)c(Cl)c1","WWONFUQGBVOKOF-UHFFFAOYSA-N, WWONFUQGBVOKOF-UHFFFAOYSA-N, WWONFUQGBVOKOF-UHFFFAOYSA-N, WWONFUQGBVOKOF-UHFFFAOYSA-N, WWONFUQGBVOKOF-UHFFFAOYSA-N, WWONFUQGBVOKOF-UHFFFAOYSA-N, WWONFUQGBVOKOF-UHFFFAOYSA-N",Phase 3
tasquinimod,"angiogenesis inhibitor, S100A9 inhibitor",HDAC4,,,"MedChemEx, MedChemEx, MedChemEx, MedChemEx",99.3,"COc1cccc2n(C)c(=O)c(C(=O)N(C)c3ccc(cc3)C(F)(F)F)c(O)c12, COc1cccc2n(C)c(=O)c(C(=O)N(C)c3ccc(cc3)C(F)(F)F)c(O)c12, COc1cccc2n(C)c(=O)c(C(=O)N(C)c3ccc(cc3)C(F)(F)F)c(O)c12, COc1cccc2n(C)c(=O)c(C(=O)N(C)c3ccc(cc3)C(F)(F)F)c(O)c12","ONDYALNGTUAJDX-UHFFFAOYSA-N, ONDYALNGTUAJDX-UHFFFAOYSA-N, ONDYALNGTUAJDX-UHFFFAOYSA-N, ONDYALNGTUAJDX-UHFFFAOYSA-N",Phase 3
tasuldine,mucolytic agent,,,,"Labotest, Vitas-M",98.77,"C(Sc1ncccn1)c1cccnc1, C(Sc1ncccn1)c1cccnc1","HMCTXMOKMWELFJ-UHFFFAOYSA-N, HMCTXMOKMWELFJ-UHFFFAOYSA-N",Phase 3
taurine,antioxidant,,neurology/psychiatry,"anxiety, irritability, sleeplessness","MicroSource, Selleck",100,"NCCS(O)(=O)=O, NCCS(O)(=O)=O","XOAAWQZATWQOTB-UHFFFAOYSA-N, XOAAWQZATWQOTB-UHFFFAOYSA-N",Launched
taurocholate,G protein-coupled receptor agonist,"CEL, FABP6, SLCO1C1",,,"Enzo, Selleck",100,"C[C@H](CCC(=O)NCCS(O)(=O)=O)[C@H]1CC[C@H]2[C@@H]3[C@H](O)C[C@@H]4C[C@H](O)CC[C@]4(C)[C@H]3C[C@H](O)[C@]12C, C[C@H](CCC(=O)NCCS(O)(=O)=O)[C@H]1CC[C@H]2[C@@H]3[C@H](O)C[C@@H]4C[C@H](O)CC[C@]4(C)[C@H]3C[C@H](O)[C@]12C","WBWWGRHZICKQGZ-HZAMXZRMSA-N, WBWWGRHZICKQGZ-HZAMXZRMSA-N",Phase 1
tauroglycocholate,membrane permeability enhancer,,,,MedChemEx,100,[H][C@@]1(CC[C@@]2([H])[C@]3([H])[C@H](O)C[C@]4([H])C[C@H](O)CC[C@]4(C)[C@@]3([H])C[C@H](O)[C@]12C)[C@H](C)CCC(=O)NCC(=O)NCCS(O)(=O)=O,URJQSMIFSMHWSP-VVHBOOHCSA-N,Preclinical
taurolidine,apoptosis stimulant,,infectious disease,catheter-related bloodstream infection,Sigma,0,O=S1(=O)CCN(CN2CCS(=O)(=O)NC2)CN1,AJKIRUJIDFJUKJ-UHFFFAOYSA-N,Launched
tavaborole,leucyl-tRNA synthetase inhibitor,,infectious disease,onychomycosis,"MedChemEx, MedChemEx, MedChemEx",91.53,"OB1OCc2cc(F)ccc12, OB1OCc2cc(F)ccc12, OB1OCc2cc(F)ccc12","LFQDNHWZDQTITF-UHFFFAOYSA-N, LFQDNHWZDQTITF-UHFFFAOYSA-N, LFQDNHWZDQTITF-UHFFFAOYSA-N",Launched
tavilermide,tyrosine kinase partial agonist,,,,MedChemEx,85.65,NCCCC[C@@H]1NC(=O)[C@H](CCC(O)=O)NC(=O)c2cc(ccc2OCC[C@H](NC1=O)C(=O)NCC(O)=O)[N+]([O-])=O,DVJXNXPFYJIACK-ULQDDVLXSA-N,Phase 3
taxifolin,opioid receptor antagonist,ADIPOR2,,,"MedChemEx, MedChemEx, Selleck, Selleck, Selleck, Selleck",97.48,"O[C@@H]1[C@H](Oc2cc(O)cc(O)c2C1=O)c1ccc(O)c(O)c1, O[C@@H]1[C@H](Oc2cc(O)cc(O)c2C1=O)c1ccc(O)c(O)c1, O[C@@H]1[C@H](Oc2cc(O)cc(O)c2C1=O)c1ccc(O)c(O)c1, O[C@@H]1[C@H](Oc2cc(O)cc(O)c2C1=O)c1ccc(O)c(O)c1, O[C@@H]1[C@H](Oc2cc(O)cc(O)c2C1=O)c1ccc(O)c(O)c1, O[C@@H]1[C@H](Oc2cc(O)cc(O)c2C1=O)c1ccc(O)c(O)c1","CXQWRCVTCMQVQX-LSDHHAIUSA-N, CXQWRCVTCMQVQX-LSDHHAIUSA-N, CXQWRCVTCMQVQX-LSDHHAIUSA-N, CXQWRCVTCMQVQX-LSDHHAIUSA-N, CXQWRCVTCMQVQX-LSDHHAIUSA-N, CXQWRCVTCMQVQX-LSDHHAIUSA-N",Phase 2
tazarotene,retinoid receptor agonist,"RARA, RARB, RARG, RXRB",dermatology,"cosmetic, sunscreen lotion","Selleck, Selleck, Tocris",97.09,"CCOC(=O)c1ccc(nc1)C#Cc1ccc2SCCC(C)(C)c2c1, CCOC(=O)c1ccc(nc1)C#Cc1ccc2SCCC(C)(C)c2c1, CCOC(=O)c1ccc(nc1)C#Cc1ccc2SCCC(C)(C)c2c1","OGQICQVSFDPSEI-UHFFFAOYSA-N, OGQICQVSFDPSEI-UHFFFAOYSA-N, OGQICQVSFDPSEI-UHFFFAOYSA-N",Launched
tazemetostat,histone lysine methyltransferase inhibitor,EZH2,,,"Selleck, Selleck, Selleck, Selleck",93.46,"CCN(C1CCOCC1)c1cc(cc(C(=O)NCc2c(C)cc(C)[nH]c2=O)c1C)-c1ccc(CN2CCOCC2)cc1, CCN(C1CCOCC1)c1cc(cc(C(=O)NCc2c(C)cc(C)[nH]c2=O)c1C)-c1ccc(CN2CCOCC2)cc1, CCN(C1CCOCC1)c1cc(cc(C(=O)NCc2c(C)cc(C)[nH]c2=O)c1C)-c1ccc(CN2CCOCC2)cc1, CCN(C1CCOCC1)c1cc(cc(C(=O)NCc2c(C)cc(C)[nH]c2=O)c1C)-c1ccc(CN2CCOCC2)cc1","NSQSAUGJQHDYNO-UHFFFAOYSA-N, NSQSAUGJQHDYNO-UHFFFAOYSA-N, NSQSAUGJQHDYNO-UHFFFAOYSA-N, NSQSAUGJQHDYNO-UHFFFAOYSA-N",Launched
tazobactam,beta lactamase inhibitor,,infectious disease,pneumonia,MedChemEx,96.16,C[C@]1(Cn2ccnn2)[C@@H](N2[C@@H](CC2=O)S1(=O)=O)C(O)=O,LPQZKKCYTLCDGQ-WEDXCCLWSA-N,Launched
TBA-354,,,,,"MedChemEx, MedChemEx",96.43,"[O-][N+](=O)c1cn2C[C@@H](COc2n1)OCc1ccc(nc1)-c1ccc(OC(F)(F)F)cc1, [O-][N+](=O)c1cn2C[C@@H](COc2n1)OCc1ccc(nc1)-c1ccc(OC(F)(F)F)cc1","ZXSGSFMORAILEY-HNNXBMFYSA-N, ZXSGSFMORAILEY-HNNXBMFYSA-N",Phase 1
TBOA-(DL),excitatory amino acid transporter inhibitor,"SLC1A1, SLC1A2, SLC1A3, SLC1A6, SLC1A7",,,"Tocris, Tocris, Tocris, Tocris, Tocris",91,"N[C@@H]([C@H](OCc1ccccc1)C(O)=O)C(O)=O.N[C@H]([C@@H](OCc1ccccc1)C(O)=O)C(O)=O, N[C@@H]([C@H](OCc1ccccc1)C(O)=O)C(O)=O.N[C@H]([C@@H](OCc1ccccc1)C(O)=O)C(O)=O, N[C@@H]([C@H](OCc1ccccc1)C(O)=O)C(O)=O.N[C@H]([C@@H](OCc1ccccc1)C(O)=O)C(O)=O, N[C@@H]([C@H](OCc1ccccc1)C(O)=O)C(O)=O.N[C@H]([C@@H](OCc1ccccc1)C(O)=O)C(O)=O, N[C@@H]([C@H](OCc1ccccc1)C(O)=O)C(O)=O.N[C@H]([C@@H](OCc1ccccc1)C(O)=O)C(O)=O","CSEZCYBVEGIYNG-MFBWXLJUSA-N, CSEZCYBVEGIYNG-MFBWXLJUSA-N, CSEZCYBVEGIYNG-MFBWXLJUSA-N, CSEZCYBVEGIYNG-MFBWXLJUSA-N, CSEZCYBVEGIYNG-MFBWXLJUSA-N",Preclinical
TC-A-2317,Aurora kinase inhibitor,AURKA,,,"Tocris, Tocris, Tocris, Tocris",92.69,"C[C@@H](CCCC(C)(C)O)Nc1nc(Nc2cc(C)n[nH]2)cc(C)c1C#N |&1:1|, C[C@@H](CCCC(C)(C)O)Nc1nc(Nc2cc(C)n[nH]2)cc(C)c1C#N |&1:1|, C[C@@H](CCCC(C)(C)O)Nc1nc(Nc2cc(C)n[nH]2)cc(C)c1C#N |&1:1|, C[C@@H](CCCC(C)(C)O)Nc1nc(Nc2cc(C)n[nH]2)cc(C)c1C#N |&1:1|","XHHRGYCOEVNAKV-ZDUSSCGKSA-N, XHHRGYCOEVNAKV-ZDUSSCGKSA-N, XHHRGYCOEVNAKV-ZDUSSCGKSA-N, XHHRGYCOEVNAKV-ZDUSSCGKSA-N",Preclinical
TC-ASK-10,MAP kinase inhibitor,"MAP3K5, MAP3K6",,,"Tocris, Tocris, Tocris, Focus",97.32,"CC(C)(C)c1ccc(cc1)C(=O)Nc1cn2cc(ccc2n1)-n1ccnc1, CC(C)(C)c1ccc(cc1)C(=O)Nc1cn2cc(ccc2n1)-n1ccnc1, CC(C)(C)c1ccc(cc1)C(=O)Nc1cn2cc(ccc2n1)-n1ccnc1, CC(C)(C)c1ccc(cc1)C(=O)Nc1cn2cc(ccc2n1)-n1ccnc1","SMJAMOAYGIVKRI-UHFFFAOYSA-N, SMJAMOAYGIVKRI-UHFFFAOYSA-N, SMJAMOAYGIVKRI-UHFFFAOYSA-N, SMJAMOAYGIVKRI-UHFFFAOYSA-N",Preclinical
TC-E-5002,histone demethylase inhibitor,"KDM2A, KDM4A, KDM4C, KDM5A, KDM6A, KDM7A, PHF8",,,"Tocris, Tocris, Tocris",96.52,"ON(CCC(O)=O)C(=O)CCCCCCCCC1CC1, ON(CCC(O)=O)C(=O)CCCCCCCCC1CC1, ON(CCC(O)=O)C(=O)CCCCCCCCC1CC1","NEHSERYKENINRH-UHFFFAOYSA-N, NEHSERYKENINRH-UHFFFAOYSA-N, NEHSERYKENINRH-UHFFFAOYSA-N",Preclinical
TC-E-5006,gamma secretase modulator,APP,,,"Tocris, Tocris, Tocris, Tocris",97.9,"C[C@@H](C(O)=O)c1ccc([C@@H](N2CCC(C)CC2)c2ccc(F)cc2)c(c1)-c1ccc(cc1)C(F)(F)F |&1:1,&2:9,r|, C[C@@H](C(O)=O)c1ccc([C@@H](N2CCC(C)CC2)c2ccc(F)cc2)c(c1)-c1ccc(cc1)C(F)(F)F |&1:1,&2:9,r|, C[C@@H](C(O)=O)c1ccc([C@@H](N2CCC(C)CC2)c2ccc(F)cc2)c(c1)-c1ccc(cc1)C(F)(F)F |&1:1,&2:9,r|, C[C@@H](C(O)=O)c1ccc([C@@H](N2CCC(C)CC2)c2ccc(F)cc2)c(c1)-c1ccc(cc1)C(F)(F)F |&1:1,&2:9,r|","ONYWALXTZFPKAS-WINIVTDRSA-N, ONYWALXTZFPKAS-WINIVTDRSA-N, ONYWALXTZFPKAS-WINIVTDRSA-N, ONYWALXTZFPKAS-WINIVTDRSA-N",Preclinical
TC-F-2,FAAH inhibitor,FAAH,,,"Tocris, Tocris",98.4,"CCn1c2ccccc2n([C@H]2CCCN(C2)c2nccc(n2)-c2cc3ccccc3o2)c1=O, CCn1c2ccccc2n([C@H]2CCCN(C2)c2nccc(n2)-c2cc3ccccc3o2)c1=O","NXTBLPPTZRPJCA-IBGZPJMESA-N, NXTBLPPTZRPJCA-IBGZPJMESA-N",Preclinical
TC-FPR-43,formyl peptide receptor agonist,FPR2,,,"Tocris, Tocris",97.83,"CC(C)c1c(NC(=O)Nc2ccc(Cl)cc2)c(=O)n(-c2ccccc2)n1C, CC(C)c1c(NC(=O)Nc2ccc(Cl)cc2)c(=O)n(-c2ccccc2)n1C","PAEBEUZTAPIOIO-UHFFFAOYSA-N, PAEBEUZTAPIOIO-UHFFFAOYSA-N",Preclinical
TC-G-1000,adrenergic receptor agonist,"ADRA2A, ADRA2B, ADRA2C",,,"Tocris, Tocris",93.6,"Cc1sc(C)c2c1CCC=C2c1cnc[nH]1 |c:10|, Cc1sc(C)c2c1CCC=C2c1cnc[nH]1 |c:10|","RLKWQKZPCMICPS-UHFFFAOYSA-N, RLKWQKZPCMICPS-UHFFFAOYSA-N",Preclinical
TC-G-1004,adenosine receptor antagonist,ADORA2A,,,"Tocris, Tocris, Tocris",95.87,"COC1CCN(CC1)c1cccc(n1)-c1cc(NC(C)=O)nc(n1)-n1nc(C)cc1C, COC1CCN(CC1)c1cccc(n1)-c1cc(NC(C)=O)nc(n1)-n1nc(C)cc1C, COC1CCN(CC1)c1cccc(n1)-c1cc(NC(C)=O)nc(n1)-n1nc(C)cc1C","JENSDTKXNVHSSN-UHFFFAOYSA-N, JENSDTKXNVHSSN-UHFFFAOYSA-N, JENSDTKXNVHSSN-UHFFFAOYSA-N",Preclinical
TC-G-1005,G protein-coupled receptor agonist,GPBAR1,,,"Tocris, Tocris",94.65,"Cc1ccc(C)c(Oc2ccncc2C(=O)N2CCN(C3CC3)c3ccccc23)c1, Cc1ccc(C)c(Oc2ccncc2C(=O)N2CCN(C3CC3)c3ccccc23)c1","JQULIQJSYPZQMA-UHFFFAOYSA-N, JQULIQJSYPZQMA-UHFFFAOYSA-N",Preclinical
TC-G-1008,G protein-coupled receptor agonist,GPR39,,,"Tocris, Tocris",98.28,"CNc1nc(NCc2ccc(NS(C)(=O)=O)cc2Cl)cc(n1)-c1ccccn1, CNc1nc(NCc2ccc(NS(C)(=O)=O)cc2Cl)cc(n1)-c1ccccn1","DRSZMILOMUPIBJ-UHFFFAOYSA-N, DRSZMILOMUPIBJ-UHFFFAOYSA-N",Preclinical
TC-H-106,HDAC inhibitor,"HDAC1, HDAC2, HDAC3, HDAC8",,,"Tocris, Tocris, Stanley, Stanley, Stanley, Stanley",100,"Cc1ccc(NC(=O)CCCCCC(=O)Nc2ccccc2N)cc1, Cc1ccc(NC(=O)CCCCCC(=O)Nc2ccccc2N)cc1, Cc1ccc(NC(=O)CCCCCC(=O)Nc2ccccc2N)cc1, Cc1ccc(NC(=O)CCCCCC(=O)Nc2ccccc2N)cc1, Cc1ccc(NC(=O)CCCCCC(=O)Nc2ccccc2N)cc1, Cc1ccc(NC(=O)CCCCCC(=O)Nc2ccccc2N)cc1","WTKBRPXPNAKVEQ-UHFFFAOYSA-N, WTKBRPXPNAKVEQ-UHFFFAOYSA-N, InChI=1S/C20H25N3O2/c1-15-11-13-16(14-12-15)22-19(24)9-3-2-4-10-20(25)23-18-8-6-5-7-17(18)21/h5-8,11-14H,2-4,9-10,21H2,1H3,(H,22,24)(H,23,25), InChI=1S/C20H25N3O2/c1-15-11-13-16(14-12-15)22-19(24)9-3-2-4-10-20(25)23-18-8-6-5-7-17(18)21/h5-8,11-14H,2-4,9-10,21H2,1H3,(H,22,24)(H,23,25), InChI=1S/C20H25N3O2/c1-15-11-13-16(14-12-15)22-19(24)9-3-2-4-10-20(25)23-18-8-6-5-7-17(18)21/h5-8,11-14H,2-4,9-10,21H2,1H3,(H,22,24)(H,23,25), InChI=1S/C20H25N3O2/c1-15-11-13-16(14-12-15)22-19(24)9-3-2-4-10-20(25)23-18-8-6-5-7-17(18)21/h5-8,11-14H,2-4,9-10,21H2,1H3,(H,22,24)(H,23,25)",Preclinical
TC-I-15,integrin inhibitor,"ITGA2, ITGB1",,,"Tocris, Tocris, Tocris",96.07,"CC1(C)SCN([C@@H]1C(=O)N[C@@H](CNC(=O)NCc1ccccc1)C(O)=O)S(=O)(=O)c1ccccc1, CC1(C)SCN([C@@H]1C(=O)N[C@@H](CNC(=O)NCc1ccccc1)C(O)=O)S(=O)(=O)c1ccccc1, CC1(C)SCN([C@@H]1C(=O)N[C@@H](CNC(=O)NCc1ccccc1)C(O)=O)S(=O)(=O)c1ccccc1","XKLHCUGVLCGKKX-RBUKOAKNSA-N, XKLHCUGVLCGKKX-RBUKOAKNSA-N, XKLHCUGVLCGKKX-RBUKOAKNSA-N",Preclinical
TC-I-2000,transient receptor potential channel antagonist,TRPM8,,,"Tocris, Tocris, Tocris, Tocris",96.77,"Fc1ccc(NC(=O)N2CCc3ccccc3[C@@H]2c2ccc(cc2)C(F)(F)F)cc1 |&1:17,r|, Fc1ccc(NC(=O)N2CCc3ccccc3[C@@H]2c2ccc(cc2)C(F)(F)F)cc1 |&1:17,r|, Fc1ccc(NC(=O)N2CCc3ccccc3[C@@H]2c2ccc(cc2)C(F)(F)F)cc1 |&1:17,r|, Fc1ccc(NC(=O)N2CCc3ccccc3[C@@H]2c2ccc(cc2)C(F)(F)F)cc1 |&1:17,r|","ADCDUDFEGFKKQH-NRFANRHFSA-N, ADCDUDFEGFKKQH-NRFANRHFSA-N, ADCDUDFEGFKKQH-NRFANRHFSA-N, ADCDUDFEGFKKQH-NRFANRHFSA-N",Preclinical
TC-I-2014,transient receptor potential channel antagonist,TRPM8,,,"Tocris, Tocris, Tocris",95.86,"FC(F)(F)c1ccccc1-c1cc(c2[nH]c(nc2c1)C1=NOC2(C1)CCCCC2)C(F)(F)F |t:22|, FC(F)(F)c1ccccc1-c1cc(c2[nH]c(nc2c1)C1=NOC2(C1)CCCCC2)C(F)(F)F |t:22|, FC(F)(F)c1ccccc1-c1cc(c2[nH]c(nc2c1)C1=NOC2(C1)CCCCC2)C(F)(F)F |t:22|","VSMFCZZEKTVDHM-UHFFFAOYSA-N, VSMFCZZEKTVDHM-UHFFFAOYSA-N, VSMFCZZEKTVDHM-UHFFFAOYSA-N",Preclinical
TC-LPA5-4,lysophosphatidic acid receptor antagonist,LPAR5,,,"Tocris, Tocris, Tocris, Tocris, Tocris",97.3,"COc1cccc(c1)-n1nc(cc1-c1ccc(C2CCCCC2)c(Cl)c1)C(O)=O, COc1cccc(c1)-n1nc(cc1-c1ccc(C2CCCCC2)c(Cl)c1)C(O)=O, COc1cccc(c1)-n1nc(cc1-c1ccc(C2CCCCC2)c(Cl)c1)C(O)=O, COc1cccc(c1)-n1nc(cc1-c1ccc(C2CCCCC2)c(Cl)c1)C(O)=O, COc1cccc(c1)-n1nc(cc1-c1ccc(C2CCCCC2)c(Cl)c1)C(O)=O","BNALUYKEGYUHQC-UHFFFAOYSA-N, BNALUYKEGYUHQC-UHFFFAOYSA-N, BNALUYKEGYUHQC-UHFFFAOYSA-N, BNALUYKEGYUHQC-UHFFFAOYSA-N, BNALUYKEGYUHQC-UHFFFAOYSA-N",Preclinical
TC-Mps1-12,monopolar spindle 1 kinase inhibitor,TTK,,,"Tocris, Tocris",98.5,"CC(C)(C)Nc1nc(Nc2ccc(cc2)C(N)=O)cc(N)c1C#N, CC(C)(C)Nc1nc(Nc2ccc(cc2)C(N)=O)cc(N)c1C#N","XDEFNAWAKYQBQY-UHFFFAOYSA-N, XDEFNAWAKYQBQY-UHFFFAOYSA-N",Preclinical
TC-N-1752,sodium channel blocker,SCN9A,,,"Tocris, Tocris, Tocris",98.27,"CC(=O)Nc1cccc(Nc2ncnc(n2)N2CCC(CC2)OCc2ccc(OC(F)(F)F)cc2)c1C, CC(=O)Nc1cccc(Nc2ncnc(n2)N2CCC(CC2)OCc2ccc(OC(F)(F)F)cc2)c1C, CC(=O)Nc1cccc(Nc2ncnc(n2)N2CCC(CC2)OCc2ccc(OC(F)(F)F)cc2)c1C","QLKAFHZJICDACE-UHFFFAOYSA-N, QLKAFHZJICDACE-UHFFFAOYSA-N, QLKAFHZJICDACE-UHFFFAOYSA-N",Preclinical
TC-NTR1-17,neurotensin agonist,NTSR1,,,"Tocris, Tocris",98.19,"COc1cccc(OC)c1-c1cc(nn1-c1ccnc2cc(Cl)ccc12)C(=O)N[C@@H](CC(C)C)C(O)=O, COc1cccc(OC)c1-c1cc(nn1-c1ccnc2cc(Cl)ccc12)C(=O)N[C@@H](CC(C)C)C(O)=O","ZQUSYVORYNBGLG-FQEVSTJZSA-N, ZQUSYVORYNBGLG-FQEVSTJZSA-N",Preclinical
TC-O-9311,G protein-coupled receptor agonist,GPR139,,,"Tocris, Tocris, Tocris",95.92,"COc1cc(OC)cc(c1)C(=O)NNC(=O)Nc1cccc2ccccc12, COc1cc(OC)cc(c1)C(=O)NNC(=O)Nc1cccc2ccccc12, COc1cc(OC)cc(c1)C(=O)NNC(=O)Nc1cccc2ccccc12","KPTMSQHTGZMEFU-UHFFFAOYSA-N, KPTMSQHTGZMEFU-UHFFFAOYSA-N, KPTMSQHTGZMEFU-UHFFFAOYSA-N",Preclinical
TC-OT-39,"oxytocin receptor agonist, vasopressin receptor agonist","AVPR1A, OXT",,,"Tocris, Tocris, Tocris",96.28,"CN1CCCN(CC1)C(=S)[C@@H]1CCCN1C(=O)NCc1ccc(cc1C)C(=O)N1Cc2cnn(C)c2Nc2ccccc12, CN1CCCN(CC1)C(=S)[C@@H]1CCCN1C(=O)NCc1ccc(cc1C)C(=O)N1Cc2cnn(C)c2Nc2ccccc12, CN1CCCN(CC1)C(=S)[C@@H]1CCCN1C(=O)NCc1ccc(cc1C)C(=O)N1Cc2cnn(C)c2Nc2ccccc12","KSNHHKZYKYNBEI-NDEPHWFRSA-N, KSNHHKZYKYNBEI-NDEPHWFRSA-N, KSNHHKZYKYNBEI-NDEPHWFRSA-N",Preclinical
TC-S-7003,SRC inhibitor,LCK,,,"Tocris, Tocris",94.27,"CN1CCN(CC1)c1ccc(Nc2ncc3c(n2)n2c(nc4ccccc24)n(-c2c(C)cccc2C)c3=O)cc1, CN1CCN(CC1)c1ccc(Nc2ncc3c(n2)n2c(nc4ccccc24)n(-c2c(C)cccc2C)c3=O)cc1","BHJJWVDKNXABFS-UHFFFAOYSA-N, BHJJWVDKNXABFS-UHFFFAOYSA-N",Preclinical
TC-S-7004,DYRK inhibitor,"DYRK1A, DYRK1B",,,"Tocris, Tocris, Tocris, Tocris",95.75,"COc1ncc2cc(C(=O)Nc3cc(ccc3Cl)C(=O)NCc3cccc(Cl)c3)c(=O)[nH]c2n1, COc1ncc2cc(C(=O)Nc3cc(ccc3Cl)C(=O)NCc3cccc(Cl)c3)c(=O)[nH]c2n1, COc1ncc2cc(C(=O)Nc3cc(ccc3Cl)C(=O)NCc3cccc(Cl)c3)c(=O)[nH]c2n1, COc1ncc2cc(C(=O)Nc3cc(ccc3Cl)C(=O)NCc3cccc(Cl)c3)c(=O)[nH]c2n1","CQKBSRPVZZLCJE-UHFFFAOYSA-N, CQKBSRPVZZLCJE-UHFFFAOYSA-N, CQKBSRPVZZLCJE-UHFFFAOYSA-N, CQKBSRPVZZLCJE-UHFFFAOYSA-N",Preclinical
TC-S-7005,PLK inhibitor,PLK2,,,"Tocris, Tocris",99.07,"C[C@H](Nc1cc2c(noc2cn1)-c1ccc2OCOc2c1)c1ccccc1, C[C@H](Nc1cc2c(noc2cn1)-c1ccc2OCOc2c1)c1ccccc1","DAAGOCSHXCDWDY-ZDUSSCGKSA-N, DAAGOCSHXCDWDY-ZDUSSCGKSA-N",Preclinical
TC-S-7006,MAP kinase inhibitor,MAP3K8,,,"Tocris, Tocris",94.67,"Fc1ccc(Nc2c(cnc3cnc(NCc4cccnc4)cc23)C#N)cc1Cl, Fc1ccc(Nc2c(cnc3cnc(NCc4cccnc4)cc23)C#N)cc1Cl","NMEUKWOOQOHUNA-UHFFFAOYSA-N, NMEUKWOOQOHUNA-UHFFFAOYSA-N",Preclinical
TC-S-7009,hypoxia inducible factor inhibitor,EPAS1,,,"Tocris, Tocris",97.41,"[O-][N+](=O)c1c(Nc2cc(F)cc(Cl)c2)ccc2nonc12, [O-][N+](=O)c1c(Nc2cc(F)cc(Cl)c2)ccc2nonc12","CDQUJZKBRAFWNG-UHFFFAOYSA-N, CDQUJZKBRAFWNG-UHFFFAOYSA-N",Preclinical
TC-SP-14,sphingosine 1-phosphate receptor agonist,S1PR1,,,"Tocris, Tocris",96.27,"OC(=O)C1CN(Cc2ccc(-c3nc4cc(Cc5ccccc5F)ccc4s3)c(F)c2)C1, OC(=O)C1CN(Cc2ccc(-c3nc4cc(Cc5ccccc5F)ccc4s3)c(F)c2)C1","GVXGVDIXINMAAL-UHFFFAOYSA-N, GVXGVDIXINMAAL-UHFFFAOYSA-N",Preclinical
TCID,,,,,"Tocris, Tocris, Selleck, Selleck, Selleck",80.05,"Clc1c2C(=O)CC(=O)c2c(Cl)c(Cl)c1Cl, Clc1c2C(=O)CC(=O)c2c(Cl)c(Cl)c1Cl, Clc1c2C(=O)CC(=O)c2c(Cl)c(Cl)c1Cl, Clc1c2C(=O)CC(=O)c2c(Cl)c(Cl)c1Cl, Clc1c2C(=O)CC(=O)c2c(Cl)c(Cl)c1Cl","IDLAOWFFKWRNHB-UHFFFAOYSA-N, IDLAOWFFKWRNHB-UHFFFAOYSA-N, IDLAOWFFKWRNHB-UHFFFAOYSA-N, IDLAOWFFKWRNHB-UHFFFAOYSA-N, IDLAOWFFKWRNHB-UHFFFAOYSA-N",Preclinical
TCN201,glutamate receptor antagonist,GRIN2A,,,"Tocris, Tocris, Tocris, Tocris",97.03,"Fc1ccc(cc1Cl)S(=O)(=O)NCc1ccc(cc1)C(=O)NNC(=O)c1ccccc1, Fc1ccc(cc1Cl)S(=O)(=O)NCc1ccc(cc1)C(=O)NNC(=O)c1ccccc1, Fc1ccc(cc1Cl)S(=O)(=O)NCc1ccc(cc1)C(=O)NNC(=O)c1ccccc1, Fc1ccc(cc1Cl)S(=O)(=O)NCc1ccc(cc1)C(=O)NNC(=O)c1ccccc1","FYIBXBFDXNPBSF-UHFFFAOYSA-N, FYIBXBFDXNPBSF-UHFFFAOYSA-N, FYIBXBFDXNPBSF-UHFFFAOYSA-N, FYIBXBFDXNPBSF-UHFFFAOYSA-N",Preclinical
TCN238,glutamate receptor positive allosteric modulator,GRM4,,,"Tocris, Tocris",90.73,"Nc1nccc(\C=C\c2ccccc2)n1, Nc1nccc(\C=C\c2ccccc2)n1","LNUXNUNUGIHCPA-VOTSOKGWSA-N, LNUXNUNUGIHCPA-VOTSOKGWSA-N",Preclinical
TCS-HDAC6-20b,HDAC inhibitor,HDAC6,,,"Tocris, Tocris, Tocris",100,"CC(C)C(=O)SCCCCC[C@H](NC(=O)OC(C)(C)C)C(=O)NC12CC3CC(CC(C3)C1)C2, CC(C)C(=O)SCCCCC[C@H](NC(=O)OC(C)(C)C)C(=O)NC12CC3CC(CC(C3)C1)C2, CC(C)C(=O)SCCCCC[C@H](NC(=O)OC(C)(C)C)C(=O)NC12CC3CC(CC(C3)C1)C2","DQZMLPMCOMRJOR-MOVGKWKRSA-N, DQZMLPMCOMRJOR-MOVGKWKRSA-N, DQZMLPMCOMRJOR-MOVGKWKRSA-N",Preclinical
TCS-OX2-29,orexin receptor antagonist,HCRTR2,,,"Tocris, Tocris",98.33,"COc1cc2CCN(Cc2cc1OC)C(=O)[C@@H](NCc1ccncc1)C(C)(C)C, COc1cc2CCN(Cc2cc1OC)C(=O)[C@@H](NCc1ccncc1)C(C)(C)C","COFVZFLCAOUMJT-OAQYLSRUSA-N, InChI=1S/C23H31N3O3/c1-23(2,3)21(25-14-16-6-9-24-10-7-16)22(27)26-11-8-17-12-19(28-4)20(29-5)13-18(17)15-26/h6-7,9-10,12-13,21,25H,8,11,14-15H2,1-5H3/t21-/m1/s1",Preclinical
TCS-PIM-1-1,Pim kinase inhibitor,PIM1,,,"Tocris, Tocris",97.43,"Oc1ccc(Br)cc1-c1cc(-c2ccccc2)c(C#N)c(=O)[nH]1, Oc1ccc(Br)cc1-c1cc(-c2ccccc2)c(C#N)c(=O)[nH]1","SVSYJTYGPLVUOZ-UHFFFAOYSA-N, SVSYJTYGPLVUOZ-UHFFFAOYSA-N",Preclinical
TCS-2002,glycogen synthase kinase inhibitor,GSK3B,,,Tocris,94.75,"Cc1nnc(o1)-c1ccc2occ(-c3ccc(cc3)[S@](C)=O)c2c1 |&1:19,r|",RCKYSTKYIVULEK-DEOSSOPVSA-N,Preclinical
TCS-21311,JAK inhibitor,JAK3,,,"Tocris, Tocris, Tocris, AcmeBio, AcmeBio",96.69,"CC(C)(O)C(=O)N1CCN(CC1)c1ccc(c(c1)C1=C(C(=O)NC1=O)c1c[nH]c2ccccc12)C(F)(F)F |t:20|, CC(C)(O)C(=O)N1CCN(CC1)c1ccc(c(c1)C1=C(C(=O)NC1=O)c1c[nH]c2ccccc12)C(F)(F)F |t:20|, CC(C)(O)C(=O)N1CCN(CC1)c1ccc(c(c1)C1=C(C(=O)NC1=O)c1c[nH]c2ccccc12)C(F)(F)F |t:20|, CC(C)(O)C(=O)N1CCN(CC1)c1ccc(c(c1)C1=C(C(=O)NC1=O)c1c[nH]c2ccccc12)C(F)(F)F |t:20|, CC(C)(O)C(=O)N1CCN(CC1)c1ccc(c(c1)C1=C(C(=O)NC1=O)c1c[nH]c2ccccc12)C(F)(F)F |t:20|","CLGRAWDGLMENOD-UHFFFAOYSA-N, CLGRAWDGLMENOD-UHFFFAOYSA-N, CLGRAWDGLMENOD-UHFFFAOYSA-N, CLGRAWDGLMENOD-UHFFFAOYSA-N, CLGRAWDGLMENOD-UHFFFAOYSA-N",Preclinical
TCS-2210,neural stem cell inducer,,,,"Tocris, Tocris",94.21,"ONC(=O)c1ccc2[nH]c(=O)c(CCCc3ccccc3)nc2c1, ONC(=O)c1ccc2[nH]c(=O)c(CCCc3ccccc3)nc2c1","ZOFZKGFBKISZRI-UHFFFAOYSA-N, ZOFZKGFBKISZRI-UHFFFAOYSA-N",Preclinical
TCS-2314,integrin inhibitor,"ITGA4, ITGB1",,,"Tocris, Tocris, Tocris",97.08,"Cc1ccccc1NC(=O)Nc1ccc(CC(=O)N2CCOC[C@H]2C(=O)N2CCC(CC(O)=O)CC2)cc1, Cc1ccccc1NC(=O)Nc1ccc(CC(=O)N2CCOC[C@H]2C(=O)N2CCC(CC(O)=O)CC2)cc1, Cc1ccccc1NC(=O)Nc1ccc(CC(=O)N2CCOC[C@H]2C(=O)N2CCC(CC(O)=O)CC2)cc1","ITXAAOWFOURIHK-DEOSSOPVSA-N, ITXAAOWFOURIHK-DEOSSOPVSA-N, ITXAAOWFOURIHK-DEOSSOPVSA-N",Preclinical
TCS-3035,G protein-coupled receptor agonist,GPR35,,,"Tocris, Tocris",93.12,"OC(=O)COc1ccc(\C=C2/SC(=O)NC2=O)cc1, OC(=O)COc1ccc(\C=C2/SC(=O)NC2=O)cc1","WXMCOLGPDOYHNK-UITAMQMPSA-N, WXMCOLGPDOYHNK-UITAMQMPSA-N",Preclinical
TCS-359,FLT3 inhibitor,FLT3,,,"Tocris, Tocris, Tocris, Selleck, Selleck, Tocris, Selleck",95.75,"COc1ccc(cc1OC)C(=O)Nc1sc2CCCCc2c1C(N)=O, COc1ccc(cc1OC)C(=O)Nc1sc2CCCCc2c1C(N)=O, COc1ccc(cc1OC)C(=O)Nc1sc2CCCCc2c1C(N)=O, COc1ccc(cc1OC)C(=O)Nc1sc2CCCCc2c1C(N)=O, COc1ccc(cc1OC)C(=O)Nc1sc2CCCCc2c1C(N)=O, COc1ccc(cc1OC)C(=O)Nc1sc2CCCCc2c1C(N)=O, COc1ccc(cc1OC)C(=O)Nc1sc2CCCCc2c1C(N)=O","FSPQCTGGIANIJZ-UHFFFAOYSA-N, FSPQCTGGIANIJZ-UHFFFAOYSA-N, FSPQCTGGIANIJZ-UHFFFAOYSA-N, FSPQCTGGIANIJZ-UHFFFAOYSA-N, FSPQCTGGIANIJZ-UHFFFAOYSA-N, FSPQCTGGIANIJZ-UHFFFAOYSA-N, FSPQCTGGIANIJZ-UHFFFAOYSA-N",Preclinical
TCS-5861528,transient receptor potential channel antagonist,TRPA1,,,"Tocris, Tocris, Tocris, Tocris",97.49,"CC[C@@H](C)c1ccc(NC(=O)Cn2cnc3n(C)c(=O)n(C)c(=O)c23)cc1 |&1:2,r|, CC[C@@H](C)c1ccc(NC(=O)Cn2cnc3n(C)c(=O)n(C)c(=O)c23)cc1 |&1:2,r|, CC[C@@H](C)c1ccc(NC(=O)Cn2cnc3n(C)c(=O)n(C)c(=O)c23)cc1 |&1:2,r|, CC[C@@H](C)c1ccc(NC(=O)Cn2cnc3n(C)c(=O)n(C)c(=O)c23)cc1 |&1:2,r|","ZUTUWJYMCADJHD-GFCCVEGCSA-N, ZUTUWJYMCADJHD-GFCCVEGCSA-N, ZUTUWJYMCADJHD-GFCCVEGCSA-N, ZUTUWJYMCADJHD-GFCCVEGCSA-N",Preclinical
TCV-309,platelet activating factor receptor antagonist,,,,MedChemEx,70.33,CCC[n+]1cc(Br)cc(c1)C(=O)N(CCC(=O)NCCOC(=O)N1CCc2ccccc2C1)c1ccccc1,NWWZMECSQFUIGC-UHFFFAOYSA-O,Preclinical
TC1,beta-secretase inhibitor,BACE1,,,"Tocris, Tocris, Tocris, Tocris, Tocris, Tocris",96.9,"O[C@@]12[C@H]3[C@H]4[C@H]5[C@@H]3[C@@H]([C@H]3[C@@H]5C[C@@H]4[C@@H]13)N2CCc1cccc(F)c1 |&1:1,&2:2,&3:3,&4:4,&5:5,&6:6,&7:7,&8:8,&9:10,&10:11,r,TLB:13:12:2.5:7.11|, O[C@@]12[C@H]3[C@H]4[C@H]5[C@@H]3[C@@H]([C@H]3[C@@H]5C[C@@H]4[C@@H]13)N2CCc1cccc(F)c1 |&1:1,&2:2,&3:3,&4:4,&5:5,&6:6,&7:7,&8:8,&9:10,&10:11,r,TLB:13:12:2.5:7.11|, O[C@@]12[C@H]3[C@H]4[C@H]5[C@@H]3[C@@H]([C@H]3[C@@H]5C[C@@H]4[C@@H]13)N2CCc1cccc(F)c1 |&1:1,&2:2,&3:3,&4:4,&5:5,&6:6,&7:7,&8:8,&9:10,&10:11,r,TLB:13:12:2.5:7.11|, O[C@@]12[C@H]3[C@H]4[C@H]5[C@@H]3[C@@H]([C@H]3[C@@H]5C[C@@H]4[C@@H]13)N2CCc1cccc(F)c1 |&1:1,&2:2,&3:3,&4:4,&5:5,&6:6,&7:7,&8:8,&9:10,&10:11,r,TLB:13:12:2.5:7.11|, O[C@@]12[C@H]3[C@H]4[C@H]5[C@@H]3[C@@H]([C@H]3[C@@H]5C[C@@H]4[C@@H]13)N2CCc1cccc(F)c1 |&1:1,&2:2,&3:3,&4:4,&5:5,&6:6,&7:7,&8:8,&9:10,&10:11,r,TLB:13:12:2.5:7.11|, O[C@@]12[C@H]3[C@H]4[C@H]5[C@@H]3[C@@H]([C@H]3[C@@H]5C[C@@H]4[C@@H]13)N2CCc1cccc(F)c1 |&1:1,&2:2,&3:3,&4:4,&5:5,&6:6,&7:7,&8:8,&9:10,&10:11,r,TLB:13:12:2.5:7.11|","FYGREZKTJIXWIH-APDWONGJSA-N, FYGREZKTJIXWIH-APDWONGJSA-N, FYGREZKTJIXWIH-APDWONGJSA-N, FYGREZKTJIXWIH-APDWONGJSA-N, FYGREZKTJIXWIH-APDWONGJSA-N, InChI=1S/C19H20FNO/c20-9-3-1-2-8(6-9)4-5-21-18-14-10-7-11-13-12(10)15(18)17(13)19(21,22)16(11)14/h1-3,6,10-18,22H,4-5,7H2/t10-,11+,12+,13-,14+,15+,16-,17+,18-,19-/m1/s1",Preclinical
TC2559,acetylcholine receptor agonist,CHRNA4,,,"Tocris, Tocris",75.02,"CCOc1cncc(\C=C\CCNC)c1, CCOc1cncc(\C=C\CCNC)c1","HFZDMKMXPGRKCK-GQCTYLIASA-N, HFZDMKMXPGRKCK-GQCTYLIASA-N",Preclinical
TD139,anti-inflammatory agent,,,,MedChemEx,97.78,OC[C@H]1O[C@@H](S[C@@H]2O[C@H](CO)[C@H](O)[C@@H]([C@H]2O)n2cc(nn2)-c2cccc(F)c2)[C@H](O)[C@H]([C@H]1O)n1cc(nn1)-c1cccc(F)c1,YGIDGBAHDZEYMT-MQFIMZJJSA-N,Phase 2
tebipenem,bacterial cell wall synthesis inhibitor,CNR1,"infectious disease, otolaryngology","pneumonia, otitis",MedChemEx,99.48,"C[C@@H](O)[C@@H]1[C@H]2[C@@H](C)C(SC3CN(C3)C3=NCCS3)=C(N2C1=O)C(=O)OCOC(=O)C(C)(C)C |c:19,t:14|",SNUDIPVBUUXCDG-QHSBEEBCSA-N,Launched
tecadenoson,adenosine receptor agonist,ADORA1,,,MedChemEx,97.17,OC[C@H]1O[C@H]([C@H](O)[C@@H]1O)n1cnc2c(N[C@@H]3CCOC3)ncnc12,OESBDSFYJMDRJY-BAYCTPFLSA-N,Phase 2
tecalcet,calcium-sensing receptor agonist,CASR,,,"Tocris, Cayman",96,"COc1cccc(c1)[C@@H](C)NCCCc1ccccc1Cl, COc1cccc(c1)[C@@H](C)NCCCc1ccccc1Cl","ZVQUCWXZCKWZBP-CQSZACIVSA-N, ZVQUCWXZCKWZBP-CQSZACIVSA-N",Phase 2
tecastemizole,histamine receptor antagonist,KCNH2,,,"ChemPacific, ChemPacific, ChemPacific, ChemPacific",91.7,"Fc1ccc(Cn2c(NC3CCNCC3)nc3ccccc23)cc1, Fc1ccc(Cn2c(NC3CCNCC3)nc3ccccc23)cc1, Fc1ccc(Cn2c(NC3CCNCC3)nc3ccccc23)cc1, Fc1ccc(Cn2c(NC3CCNCC3)nc3ccccc23)cc1","SFOVDSLXFUGAIV-UHFFFAOYSA-N, SFOVDSLXFUGAIV-UHFFFAOYSA-N, SFOVDSLXFUGAIV-UHFFFAOYSA-N, SFOVDSLXFUGAIV-UHFFFAOYSA-N",Phase 3
tecovirimat,orthopoxvirus egress inhibitor,,infectious disease,smallpox,"MedChemEx, MedChemEx",98.79,"FC(F)(F)c1ccc(cc1)C(=O)NN1C(=O)[C@H]2[C@H]([C@H]3C=C[C@@H]2[C@@H]2C[C@H]32)C1=O |c:20|, FC(F)(F)c1ccc(cc1)C(=O)NN1C(=O)[C@H]2[C@H]([C@H]3C=C[C@@H]2[C@@H]2C[C@H]32)C1=O |c:20|","CSKDFZIMJXRJGH-VWLPUNTISA-N, CSKDFZIMJXRJGH-VWLPUNTISA-N",Launched
tedizolid,bacterial 50S ribosomal subunit inhibitor,,infectious disease,skin infections,"MedChemEx, MedChemEx, MedChemEx, MedChemEx, MedChemEx",98.73,"Cn1nnc(n1)-c1ccc(cn1)-c1ccc(cc1F)N1C[C@H](CO)OC1=O, Cn1nnc(n1)-c1ccc(cn1)-c1ccc(cc1F)N1C[C@H](CO)OC1=O, Cn1nnc(n1)-c1ccc(cn1)-c1ccc(cc1F)N1C[C@H](CO)OC1=O, Cn1nnc(n1)-c1ccc(cn1)-c1ccc(cc1F)N1C[C@H](CO)OC1=O, Cn1nnc(n1)-c1ccc(cn1)-c1ccc(cc1F)N1C[C@H](CO)OC1=O","XFALPSLJIHVRKE-GFCCVEGCSA-N, XFALPSLJIHVRKE-GFCCVEGCSA-N, XFALPSLJIHVRKE-GFCCVEGCSA-N, XFALPSLJIHVRKE-GFCCVEGCSA-N, XFALPSLJIHVRKE-GFCCVEGCSA-N",Launched
tedizolid-phosphate,protein synthesis inhibitor,,infectious disease,skin infections,"MedChemEx, Annova, MedChemEx, MedChemEx",94.69,"Cn1nnc(n1)-c1ccc(cn1)-c1ccc(cc1F)N1C[C@H](COP(O)(O)=O)OC1=O, Cn1nnc(n1)-c1ccc(cn1)-c1ccc(cc1F)N1C[C@H](COP(O)(O)=O)OC1=O, Cn1nnc(n1)-c1ccc(cn1)-c1ccc(cc1F)N1C[C@H](COP(O)(O)=O)OC1=O, Cn1nnc(n1)-c1ccc(cn1)-c1ccc(cc1F)N1C[C@H](COP(O)(O)=O)OC1=O","QCGUSIANLFXSGE-GFCCVEGCSA-N, QCGUSIANLFXSGE-GFCCVEGCSA-N, QCGUSIANLFXSGE-GFCCVEGCSA-N, QCGUSIANLFXSGE-GFCCVEGCSA-N",Launched
tegaserod,serotonin receptor partial agonist,"HTR2A, HTR2B, HTR2C, HTR4",,,"MicroSource, MedChemEx, MedChemEx, Tocris",95.01,"CCCCCNC(=N)N\N=C\c1c[nH]c2ccc(OC)cc12, CCCCCNC(=N)N\N=C\c1c[nH]c2ccc(OC)cc12, CCCCCNC(=N)N\N=C\c1c[nH]c2ccc(OC)cc12, CCCCCNC(=N)N\N=C\c1c[nH]c2ccc(OC)cc12","IKBKZGMPCYNSLU-RGVLZGJSSA-N, IKBKZGMPCYNSLU-RGVLZGJSSA-N, IKBKZGMPCYNSLU-RGVLZGJSSA-N, IKBKZGMPCYNSLU-RGVLZGJSSA-N",Withdrawn
tegobuvir,"HCV inhibitor, protease inhibitor",,,,"MedChemEx, MedChemEx",96.11,"Fc1ccccc1-c1nc2ccn(Cc3ccc(nn3)-c3ccc(cc3C(F)(F)F)C(F)(F)F)cc2n1, Fc1ccccc1-c1nc2ccn(Cc3ccc(nn3)-c3ccc(cc3C(F)(F)F)C(F)(F)F)cc2n1","XBEQSQDCBSKCHJ-UHFFFAOYSA-N, XBEQSQDCBSKCHJ-UHFFFAOYSA-N",Phase 3
teicoplanin,bacterial cell wall synthesis inhibitor,,infectious disease,gram-positive bacterial infections,"MedChemEx, MedChemEx",56.59,"CCCCCCCCCC(=O)N[C@@H]1[C@@H](O)[C@H](O)[C@@H](CO)O[C@H]1Oc1c2Oc3ccc(C[C@H]4NC(=O)[C@@H](N)c5ccc(O)c(Oc6cc(O)cc(c6)[C@H](NC4=O)C(=O)N[C@@H]4c(c2)cc1Oc1ccc(cc1Cl)[C@@H](O[C@@H]1O[C@H](CO)[C@@H](O)[C@H](O)[C@H]1NC(C)=O)[C@@H]1NC(=O)[C@H](NC4=O)c2ccc(O)c(c2)-c2c(O[C@H]4O[C@H](CO)[C@@H](O)[C@H](O)[C@@H]4O)cc(O)cc2[C@@H](NC1=O)C(O)=O)c5)cc3Cl, CCCCCCCCCC(=O)N[C@@H]1[C@@H](O)[C@H](O)[C@@H](CO)O[C@H]1Oc1c2Oc3ccc(C[C@H]4NC(=O)[C@@H](N)c5ccc(O)c(Oc6cc(O)cc(c6)[C@H](NC4=O)C(=O)N[C@@H]4c(c2)cc1Oc1ccc(cc1Cl)[C@@H](O[C@@H]1O[C@H](CO)[C@@H](O)[C@H](O)[C@H]1NC(C)=O)[C@@H]1NC(=O)[C@H](NC4=O)c2ccc(O)c(c2)-c2c(O[C@H]4O[C@H](CO)[C@@H](O)[C@H](O)[C@@H]4O)cc(O)cc2[C@@H](NC1=O)C(O)=O)c5)cc3Cl","BJNLLBUOHPVGFT-SZRRLYCBSA-N, BJNLLBUOHPVGFT-SZRRLYCBSA-N",Launched
teicoplanin-A2-1,bacterial cell wall synthesis inhibitor,,infectious disease,gram-positive bacterial infections,"MicroSource, Selleck",46.55,"CCCCC\C=C\CCC(=O)N[C@@H]1[C@@H](O)[C@H](O)[C@@H](CO)O[C@H]1Oc1c2Oc3ccc(C[C@H]4NC(=O)[C@H](N)c5ccc(O)c(Oc6cc(O)cc(c6)[C@H](NC4=O)C(=O)N[C@@H]4c(c2)cc1Oc1ccc(cc1Cl)[C@@H](O[C@@H]1O[C@H](CO)[C@@H](O)[C@H](O)[C@H]1NC(C)=O)[C@@H]1NC(=O)[C@H](NC4=O)c2ccc(O)c(c2)-c2c(O[C@H]4O[C@H](CO)[C@@H](O)[C@H](O)[C@@H]4O)cc(O)cc2[C@H](NC1=O)C(O)=O)c5)cc3Cl |a:12,13,15,17,21,35,51,58,71,73,75,78,80,82,87,91,107,110,112,114,121,&1:31,&2:105|, CCCCC\C=C\CCC(=O)N[C@@H]1[C@@H](O)[C@H](O)[C@@H](CO)O[C@H]1Oc1c2Oc3ccc(C[C@H]4NC(=O)[C@H](N)c5ccc(O)c(Oc6cc(O)cc(c6)[C@H](NC4=O)C(=O)N[C@@H]4c(c2)cc1Oc1ccc(cc1Cl)[C@@H](O[C@@H]1O[C@H](CO)[C@@H](O)[C@H](O)[C@H]1NC(C)=O)[C@@H]1NC(=O)[C@H](NC4=O)c2ccc(O)c(c2)-c2c(O[C@H]4O[C@H](CO)[C@@H](O)[C@H](O)[C@@H]4O)cc(O)cc2[C@H](NC1=O)C(O)=O)c5)cc3Cl |a:12,13,15,17,21,35,51,58,71,73,75,78,80,82,87,91,107,110,112,114,121,&1:31,&2:105|","YMWQIYMUNZBOOV-FEHVOAPLSA-N, YMWQIYMUNZBOOV-FEHVOAPLSA-N",Launched
teicoplanin-A2-3,bacterial cell wall synthesis inhibitor,,infectious disease,gram-positive bacterial infections,Selleck,9.36,CC(C)CCCCCCCC(=O)N[C@H]1[C@@H](O)[C@H](O)[C@@H](CO)O[C@H]1Oc1c2Oc3ccc(C[C@H]4NC(=O)[C@H](N)c5ccc(O)c(Oc6cc(O)cc(c6)[C@H](NC4=O)C(=O)N[C@H]4c(c2)cc1Oc1ccc(cc1Cl)[C@@H](O[C@@H]1O[C@H](CO)[C@@H](O)[C@H](O)[C@@H]1NC(C)=O)[C@@H]1NC(=O)[C@@H](NC4=O)c2ccc(O)c(c2)-c2c(O[C@H]4O[C@H](CO)[C@@H](O)[C@H](O)[C@@H]4O)cc(O)cc2[C@@H](NC1=O)C(O)=O)c5)cc3Cl,FHBQKTSCJKPYIO-VHULWTHOSA-N,Launched
teijin-compound-1,CC chemokine receptor antagonist,CCR2,,,"Tocris, Tocris",98.07,"FC(F)(F)c1cccc(c1)C(=O)NCC(=O)N[C@@H]1CCN(Cc2ccc(Cl)cc2)C1, FC(F)(F)c1cccc(c1)C(=O)NCC(=O)N[C@@H]1CCN(Cc2ccc(Cl)cc2)C1","BAOQJSULMWXFRK-GOSISDBHSA-N, BAOQJSULMWXFRK-GOSISDBHSA-N",Preclinical
telaprevir,HCV inhibitor,"CTSA, PGR",infectious disease,hepatitis C,"MedChemEx, MedChemEx, Selleck, Selleck, Selleck, Selleck, Selleck",97.83,"CCC[C@H](NC(=O)[C@@H]1[C@H]2CCC[C@H]2CN1C(=O)[C@@H](NC(=O)[C@@H](NC(=O)c1cnccn1)C1CCCCC1)C(C)(C)C)C(=O)C(=O)NC1CC1, CCC[C@H](NC(=O)[C@@H]1[C@H]2CCC[C@H]2CN1C(=O)[C@@H](NC(=O)[C@@H](NC(=O)c1cnccn1)C1CCCCC1)C(C)(C)C)C(=O)C(=O)NC1CC1, CCC[C@H](NC(=O)[C@@H]1[C@H]2CCC[C@H]2CN1C(=O)[C@@H](NC(=O)[C@@H](NC(=O)c1cnccn1)C1CCCCC1)C(C)(C)C)C(=O)C(=O)NC1CC1, CCC[C@H](NC(=O)[C@@H]1[C@H]2CCC[C@H]2CN1C(=O)[C@@H](NC(=O)[C@@H](NC(=O)c1cnccn1)C1CCCCC1)C(C)(C)C)C(=O)C(=O)NC1CC1, CCC[C@H](NC(=O)[C@@H]1[C@H]2CCC[C@H]2CN1C(=O)[C@@H](NC(=O)[C@@H](NC(=O)c1cnccn1)C1CCCCC1)C(C)(C)C)C(=O)C(=O)NC1CC1, CCC[C@H](NC(=O)[C@@H]1[C@H]2CCC[C@H]2CN1C(=O)[C@@H](NC(=O)[C@@H](NC(=O)c1cnccn1)C1CCCCC1)C(C)(C)C)C(=O)C(=O)NC1CC1, CCC[C@H](NC(=O)[C@@H]1[C@H]2CCC[C@H]2CN1C(=O)[C@@H](NC(=O)[C@@H](NC(=O)c1cnccn1)C1CCCCC1)C(C)(C)C)C(=O)C(=O)NC1CC1","BBAWEDCPNXPBQM-GDEBMMAJSA-N, BBAWEDCPNXPBQM-GDEBMMAJSA-N, BBAWEDCPNXPBQM-GDEBMMAJSA-N, BBAWEDCPNXPBQM-GDEBMMAJSA-N, BBAWEDCPNXPBQM-GDEBMMAJSA-N, BBAWEDCPNXPBQM-GDEBMMAJSA-N, BBAWEDCPNXPBQM-GDEBMMAJSA-N",Launched
telatinib,"KIT inhibitor, PDGFR tyrosine kinase receptor inhibitor, VEGFR inhibitor",KDR,,,"MedChemEx, Selleck, Selleck",97.97,"CNC(=O)c1cc(COc2nnc(Nc3ccc(Cl)cc3)c3ccoc23)ccn1, CNC(=O)c1cc(COc2nnc(Nc3ccc(Cl)cc3)c3ccoc23)ccn1, CNC(=O)c1cc(COc2nnc(Nc3ccc(Cl)cc3)c3ccoc23)ccn1","QFCXANHHBCGMAS-UHFFFAOYSA-N, QFCXANHHBCGMAS-UHFFFAOYSA-N, QFCXANHHBCGMAS-UHFFFAOYSA-N",Phase 2
telbivudine,DNA polymerase inhibitor,,infectious disease,hepatitis B,"Selleck, Selleck",97.7,"Cc1cn([C@@H]2C[C@@H](O)[C@H](CO)O2)c(=O)[nH]c1=O, Cc1cn([C@@H]2C[C@@H](O)[C@H](CO)O2)c(=O)[nH]c1=O","IQFYYKKMVGJFEH-CSMHCCOUSA-N, IQFYYKKMVGJFEH-CSMHCCOUSA-N",Launched
telcagepant,calcitonin antagonist,"CALCRL, RAMP1",,,"MedChemEx, MedChemEx, MedChemEx, MedChemEx",97.22,"Fc1cccc([C@@H]2CC[C@@H](NC(=O)N3CCC(CC3)n3c4cccnc4[nH]c3=O)C(=O)N(CC(F)(F)F)C2)c1F, Fc1cccc([C@@H]2CC[C@@H](NC(=O)N3CCC(CC3)n3c4cccnc4[nH]c3=O)C(=O)N(CC(F)(F)F)C2)c1F, Fc1cccc([C@@H]2CC[C@@H](NC(=O)N3CCC(CC3)n3c4cccnc4[nH]c3=O)C(=O)N(CC(F)(F)F)C2)c1F, Fc1cccc([C@@H]2CC[C@@H](NC(=O)N3CCC(CC3)n3c4cccnc4[nH]c3=O)C(=O)N(CC(F)(F)F)C2)c1F","CGDZXLJGHVKVIE-DNVCBOLYSA-N, CGDZXLJGHVKVIE-DNVCBOLYSA-N, CGDZXLJGHVKVIE-DNVCBOLYSA-N, CGDZXLJGHVKVIE-DNVCBOLYSA-N",Phase 3
telenzepine,acetylcholine receptor antagonist,CHRM1,,,"MicroSource, Tocris",98.14,"CN1CCN(CC(=O)N2c3c(C)scc3C(=O)Nc3ccccc23)CC1, CN1CCN(CC(=O)N2c3c(C)scc3C(=O)Nc3ccccc23)CC1","VSWPGAIWKHPTKX-UHFFFAOYSA-N, VSWPGAIWKHPTKX-UHFFFAOYSA-N",Phase 3
telithromycin,"bacterial 30S ribosomal subunit inhibitor, bacterial 50S ribosomal subunit inhibitor","CYP1A2, CYP2D6, CYP3A4, CYP3A5, CYP3A7",infectious disease,pneumonia,"MedChemEx, Cayman",89.32,"CC[C@H]1OC(=O)[C@H](C)C(=O)[C@H](C)[C@@H](O[C@@H]2O[C@H](C)C[C@@H]([C@H]2O)N(C)C)[C@@](C)(C[C@@H](C)C(=O)[C@H](C)[C@H]2N(CCCCn3cnc(c3)-c3cccnc3)C(=O)O[C@]12C)OC, CC[C@H]1OC(=O)[C@H](C)C(=O)[C@H](C)[C@@H](O[C@@H]2O[C@H](C)C[C@@H]([C@H]2O)N(C)C)[C@@](C)(C[C@@H](C)C(=O)[C@H](C)[C@H]2N(CCCCn3cnc(c3)-c3cccnc3)C(=O)O[C@]12C)OC","LJVAJPDWBABPEJ-PIRKDXADSA-N, LJVAJPDWBABPEJ-PIRKDXADSA-N",Launched
telmesteine,mucolytic agent,,pulmonary,cough suppressant,TCI,96.9,"CCOC(=O)N1CSC[C@@H]1C(O)=O |&1:9,r|",XBJWOGLKABXFJE-RXMQYKEDSA-N,Launched
telmisartan,angiotensin receptor antagonist,"AGTR1, PPARG",cardiology,hypertension,"MicroSource, MicroSource, Tocris, Tocris, Tocris, Selleck, Selleck, Selleck, Selleck",99.08,"CCCc1nc2c(C)cc(cc2n1Cc1ccc(cc1)-c1ccccc1C(O)=O)-c1nc2ccccc2n1C, CCCc1nc2c(C)cc(cc2n1Cc1ccc(cc1)-c1ccccc1C(O)=O)-c1nc2ccccc2n1C, CCCc1nc2c(C)cc(cc2n1Cc1ccc(cc1)-c1ccccc1C(O)=O)-c1nc2ccccc2n1C, CCCc1nc2c(C)cc(cc2n1Cc1ccc(cc1)-c1ccccc1C(O)=O)-c1nc2ccccc2n1C, CCCc1nc2c(C)cc(cc2n1Cc1ccc(cc1)-c1ccccc1C(O)=O)-c1nc2ccccc2n1C, CCCc1nc2c(C)cc(cc2n1Cc1ccc(cc1)-c1ccccc1C(O)=O)-c1nc2ccccc2n1C, CCCc1nc2c(C)cc(cc2n1Cc1ccc(cc1)-c1ccccc1C(O)=O)-c1nc2ccccc2n1C, CCCc1nc2c(C)cc(cc2n1Cc1ccc(cc1)-c1ccccc1C(O)=O)-c1nc2ccccc2n1C, CCCc1nc2c(C)cc(cc2n1Cc1ccc(cc1)-c1ccccc1C(O)=O)-c1nc2ccccc2n1C","RMMXLENWKUUMAY-UHFFFAOYSA-N, RMMXLENWKUUMAY-UHFFFAOYSA-N, RMMXLENWKUUMAY-UHFFFAOYSA-N, RMMXLENWKUUMAY-UHFFFAOYSA-N, RMMXLENWKUUMAY-UHFFFAOYSA-N, RMMXLENWKUUMAY-UHFFFAOYSA-N, RMMXLENWKUUMAY-UHFFFAOYSA-N, RMMXLENWKUUMAY-UHFFFAOYSA-N, RMMXLENWKUUMAY-UHFFFAOYSA-N",Launched
telotristat,tryptophan hydroxylase inhibitor,TPH1,gastroenterology,diarrhea,"MedChemEx, MedChemEx",94.93,"Cc1ccn(n1)-c1cc(Cl)ccc1[C@@H](Oc1cc(nc(N)n1)-c1ccc(C[C@H](N)C(O)=O)cc1)C(F)(F)F, Cc1ccn(n1)-c1cc(Cl)ccc1[C@@H](Oc1cc(nc(N)n1)-c1ccc(C[C@H](N)C(O)=O)cc1)C(F)(F)F","NCLGDOBQAWBXRA-PGRDOPGGSA-N, NCLGDOBQAWBXRA-PGRDOPGGSA-N",Launched
telotristat-ethyl,tryptophan hydroxylase inhibitor,TPH1,gastroenterology,diarrhea,"MedChemEx, MedChemEx, Selleck, MedChemEx",99.27,"CCOC(=O)[C@@H](N)Cc1ccc(cc1)-c1cc(O[C@H](c2ccc(Cl)cc2-n2ccc(C)n2)C(F)(F)F)nc(N)n1, CCOC(=O)[C@@H](N)Cc1ccc(cc1)-c1cc(O[C@H](c2ccc(Cl)cc2-n2ccc(C)n2)C(F)(F)F)nc(N)n1, CCOC(=O)[C@@H](N)Cc1ccc(cc1)-c1cc(O[C@H](c2ccc(Cl)cc2-n2ccc(C)n2)C(F)(F)F)nc(N)n1, CCOC(=O)[C@@H](N)Cc1ccc(cc1)-c1cc(O[C@H](c2ccc(Cl)cc2-n2ccc(C)n2)C(F)(F)F)nc(N)n1","MDSQOJYHHZBZKA-GBXCKJPGSA-N, MDSQOJYHHZBZKA-GBXCKJPGSA-N, MDSQOJYHHZBZKA-GBXCKJPGSA-N, MDSQOJYHHZBZKA-GBXCKJPGSA-N",Launched
telratolimod,toll-like receptor agonist,,,,MedChemEx,12.91,CCCCCCCCCCCCCCCCCC(=O)NCCCCOn1c(CCCC)nc2c(N)nc3ccccc3c12,RRTPWQXEERTRRK-UHFFFAOYSA-N,Preclinical
temanogrel,serotonin receptor antagonist,,,,MedChemEx,95.3,COc1cccc(c1)C(=O)Nc1ccc(OCCN2CCOCC2)c(c1)-c1ccnn1C,ZEOQUKRCASTCFR-UHFFFAOYSA-N,Preclinical
temefos,cholinesterase inhibitor,,,,"MicroSource, MedChemEx",83.67,"COP(=S)(OC)Oc1ccc(Sc2ccc(OP(=S)(OC)OC)cc2)cc1, COP(=S)(OC)Oc1ccc(Sc2ccc(OP(=S)(OC)OC)cc2)cc1","WWJZWCUNLNYYAU-UHFFFAOYSA-N, WWJZWCUNLNYYAU-UHFFFAOYSA-N",Launched
temocapril,angiotensin converting enzyme inhibitor,ACE,"cardiology, nephrology","hypertension, congestive heart failure, diabetic nephropathy, coronary artery disease (CAD)","Selleck, MedChemEx, MedChemEx, MedChemEx",98.28,"CCOC(=O)[C@H](CCc1ccccc1)N[C@H]1CS[C@@H](CN(CC(O)=O)C1=O)c1cccs1, CCOC(=O)[C@H](CCc1ccccc1)N[C@H]1CS[C@@H](CN(CC(O)=O)C1=O)c1cccs1, CCOC(=O)[C@H](CCc1ccccc1)N[C@H]1CS[C@@H](CN(CC(O)=O)C1=O)c1cccs1, CCOC(=O)[C@H](CCc1ccccc1)N[C@H]1CS[C@@H](CN(CC(O)=O)C1=O)c1cccs1","FIQOFIRCTOWDOW-BJLQDIEVSA-N, FIQOFIRCTOWDOW-BJLQDIEVSA-N, FIQOFIRCTOWDOW-BJLQDIEVSA-N, FIQOFIRCTOWDOW-BJLQDIEVSA-N",Launched
temoporfin,radical formation stimulant,,oncology,head and neck squamous cell carcinoma (HNSCC),"MedChemEx, MedChemEx, MedChemEx",85.6,"Oc1cccc(c1)-c1c2CCc([nH]2)c(-c2cccc(O)c2)c2ccc([nH]2)c(-c2cccc(O)c2)c2ccc(n2)c(-c2cccc(O)c2)c2ccc1n2, Oc1cccc(c1)-c1c2CCc([nH]2)c(-c2cccc(O)c2)c2ccc([nH]2)c(-c2cccc(O)c2)c2ccc(n2)c(-c2cccc(O)c2)c2ccc1n2, Oc1cccc(c1)-c1c2CCc([nH]2)c(-c2cccc(O)c2)c2ccc([nH]2)c(-c2cccc(O)c2)c2ccc(n2)c(-c2cccc(O)c2)c2ccc1n2","JGLSWAGTNWZKQU-WWMKMEMESA-N, JGLSWAGTNWZKQU-WWMKMEMESA-N, JGLSWAGTNWZKQU-WWMKMEMESA-N",Launched
temozolomide,DNA alkylating agent,MGMT,oncology,"glioblastoma, astrocytoma","Tocris, MicroSource, Tocris, Selleck",97.56,"Cn1nnc2c(ncn2c1=O)C(N)=O, Cn1nnc2c(ncn2c1=O)C(N)=O, Cn1nnc2c(ncn2c1=O)C(N)=O, Cn1nnc2c(ncn2c1=O)C(N)=O","BPEGJWRSRHCHSN-UHFFFAOYSA-N, BPEGJWRSRHCHSN-UHFFFAOYSA-N, BPEGJWRSRHCHSN-UHFFFAOYSA-N, BPEGJWRSRHCHSN-UHFFFAOYSA-N",Launched
tempol,free radical scavenger,,,,"Selleck, Acros, Selleck",100,"CC1(C)CC(O)CC(C)(C)N1O, CC1(C)CC(O)CC(C)(C)N1O, CC1(C)CC(O)CC(C)(C)N1O","CSGAUKGQUCHWDP-UHFFFAOYSA-N, CSGAUKGQUCHWDP-UHFFFAOYSA-N, CSGAUKGQUCHWDP-UHFFFAOYSA-N",Phase 2
temsirolimus,mTOR inhibitor,MTOR,oncology,renal cell carcinoma (RCC),"Tocris, Tocris",96.7,"CO[C@@H]1C[C@H](C[C@@H](C)[C@@H]2CC(=O)[C@H](C)\C=C(C)\[C@@H](O)[C@@H](OC)C(=O)[C@H](C)C[C@H](C)\C=C\C=C\C=C(C)\[C@H](C[C@@H]3CC[C@@H](C)[C@@](O)(O3)C(=O)C(=O)N3CCCC[C@H]3C(=O)O2)OC)CC[C@H]1OC(=O)C(C)(CO)CO |c:14,33,t:29,31|, CO[C@@H]1C[C@H](C[C@@H](C)[C@@H]2CC(=O)[C@H](C)\C=C(C)\[C@@H](O)[C@@H](OC)C(=O)[C@H](C)C[C@H](C)\C=C\C=C\C=C(C)\[C@H](C[C@@H]3CC[C@@H](C)[C@@](O)(O3)C(=O)C(=O)N3CCCC[C@H]3C(=O)O2)OC)CC[C@H]1OC(=O)C(C)(CO)CO |c:14,33,t:29,31|","CBPNZQVSJQDFBE-NRNHWJPGSA-N, CBPNZQVSJQDFBE-NRNHWJPGSA-N",Launched
TEN-010,bromodomain inhibitor,,,,MedChemEx,94.38,CN1CCN(CCCNC(=O)C[C@@H]2N=C(c3c(C)c(C)sc3-n3c(C)nnc23)c2ccc(Cl)cc2)CC1 |c:13|,PKQXLRYFPSZKDU-QFIPXVFZSA-N,Preclinical
tenalisib,PI3K inhibitor,,,,MedChemEx,97.79,CC[C@H](Nc1ncnc2nc[nH]c12)c1oc2ccccc2c(=O)c1-c1cccc(F)c1,HDXDQPRPFRKGKZ-INIZCTEOSA-N,Phase 2
tenapanor,sodium/hydrogen exchanger inhibitor,,,,MedChemEx,82.6,CN1C[C@@H](c2cccc(c2)S(=O)(=O)NCCOCCOCCNC(=O)NCCCCNC(=O)NCCOCCOCCNS(=O)(=O)c2cccc(c2)[C@@H]2CN(C)Cc3c(Cl)cc(Cl)cc23)c2cc(Cl)cc(Cl)c2C1,DNHPDWGIXIMXSA-CXNSMIOJSA-N,Launched
tenatoprazole,ATPase inhibitor,IDO1,,,MicroSource,95.62,COc1ccc2[nH]c(nc2n1)[S@@](=O)Cc1ncc(C)c(OC)c1C |r|,ZBFDAUIVDSSISP-DEOSSOPVSA-N,Phase 2
teneligliptin,dipeptidyl peptidase inhibitor,DPP4,endocrinology,diabetes mellitus,"MedChemEx, MedChemEx, MedChemEx, MedChemEx, MedChemEx, MedChemEx",96.62,"Cc1cc(N2CCN(CC2)[C@@H]2CN[C@@H](C2)C(=O)N2CCSC2)n(n1)-c1ccccc1, Cc1cc(N2CCN(CC2)[C@@H]2CN[C@@H](C2)C(=O)N2CCSC2)n(n1)-c1ccccc1, Cc1cc(N2CCN(CC2)[C@@H]2CN[C@@H](C2)C(=O)N2CCSC2)n(n1)-c1ccccc1, Cc1cc(N2CCN(CC2)[C@@H]2CN[C@@H](C2)C(=O)N2CCSC2)n(n1)-c1ccccc1, Cc1cc(N2CCN(CC2)[C@@H]2CN[C@@H](C2)C(=O)N2CCSC2)n(n1)-c1ccccc1, Cc1cc(N2CCN(CC2)[C@@H]2CN[C@@H](C2)C(=O)N2CCSC2)n(n1)-c1ccccc1","WGRQANOPCQRCME-PMACEKPBSA-N, WGRQANOPCQRCME-PMACEKPBSA-N, WGRQANOPCQRCME-PMACEKPBSA-N, WGRQANOPCQRCME-PMACEKPBSA-N, WGRQANOPCQRCME-PMACEKPBSA-N, WGRQANOPCQRCME-PMACEKPBSA-N",Launched
tenidap,cyclooxygenase inhibitor,"KCNJ4, PTGS1",,,Tocris,93.72,"NC(=O)N1C(=O)[C@@H](C(=O)c2cccs2)c2cc(Cl)ccc12 |&1:6,r|",IGPDWKCUDHIIRL-LLVKDONJSA-N,Phase 3
tenilsetam,AGE inhibitor,,,,"Enamine, LifeChem",59.54,"O=C1NCCN[C@@H]1c1cccs1 |&1:6,r|, O=C1NCCN[C@@H]1c1cccs1 |&1:6,r|","BBACKDMGYMXYLE-SSDOTTSWSA-N, BBACKDMGYMXYLE-SSDOTTSWSA-N",Phase 3
teniposide,topoisomerase inhibitor,"TOP2A, TOP2B",hematologic malignancy,acute lymphoblastic leukemia (ALL),"Selleck, Selleck, Selleck, Selleck",96.09,"COc1cc(cc(OC)c1O)[C@H]1[C@@H]2[C@H](COC2=O)[C@H](O[C@@H]2O[C@@H]3CO[C@H](O[C@H]3[C@H](O)[C@H]2O)c2cccs2)c2cc3OCOc3cc12, COc1cc(cc(OC)c1O)[C@H]1[C@@H]2[C@H](COC2=O)[C@H](O[C@@H]2O[C@@H]3CO[C@H](O[C@H]3[C@H](O)[C@H]2O)c2cccs2)c2cc3OCOc3cc12, COc1cc(cc(OC)c1O)[C@H]1[C@@H]2[C@H](COC2=O)[C@H](O[C@@H]2O[C@@H]3CO[C@H](O[C@H]3[C@H](O)[C@H]2O)c2cccs2)c2cc3OCOc3cc12, COc1cc(cc(OC)c1O)[C@H]1[C@@H]2[C@H](COC2=O)[C@H](O[C@@H]2O[C@@H]3CO[C@H](O[C@H]3[C@H](O)[C@H]2O)c2cccs2)c2cc3OCOc3cc12","NRUKOCRGYNPUPR-QBPJDGROSA-N, NRUKOCRGYNPUPR-QBPJDGROSA-N, NRUKOCRGYNPUPR-QBPJDGROSA-N, NRUKOCRGYNPUPR-QBPJDGROSA-N",Launched
tenofovir,"HIV integrase inhibitor, nucleoside reverse transcriptase inhibitor",,infectious disease,"human immunodeficiency virus (HIV-1), hepatitis B","MicroSource, Selleck, Selleck",100,"C[C@H](Cn1cnc2c(N)ncnc12)OCP(O)(O)=O, C[C@H](Cn1cnc2c(N)ncnc12)OCP(O)(O)=O, C[C@H](Cn1cnc2c(N)ncnc12)OCP(O)(O)=O","SGOIRFVFHAKUTI-ZCFIWIBFSA-N, SGOIRFVFHAKUTI-ZCFIWIBFSA-N, SGOIRFVFHAKUTI-ZCFIWIBFSA-N",Launched
tenofovir-alafenamide,nucleoside reverse transcriptase inhibitor,,infectious disease,hepatitis B,Selleck,93.68,"CC(C)OC(=O)[C@@H](C)NP(=O)(CO[C@@H](C)Cn1cnc2c(N)ncnc12)Oc1ccccc1 |&1:6,&2:9,&3:13,r|",LDEKQSIMHVQZJK-FOCZCJQRSA-N,Launched
tenofovir-disoproxil,nucleoside reverse transcriptase inhibitor,CYP1A2,infectious disease,"human immunodeficiency virus (HIV-1), hepatitis B","Selleck, Selleck, Selleck, Selleck",95.24,"CC(C)OC(=O)OCOP(=O)(CO[C@H](C)Cn1cnc2c(N)ncnc12)OCOC(=O)OC(C)C, CC(C)OC(=O)OCOP(=O)(CO[C@H](C)Cn1cnc2c(N)ncnc12)OCOC(=O)OC(C)C, CC(C)OC(=O)OCOP(=O)(CO[C@H](C)Cn1cnc2c(N)ncnc12)OCOC(=O)OC(C)C, CC(C)OC(=O)OCOP(=O)(CO[C@H](C)Cn1cnc2c(N)ncnc12)OCOC(=O)OC(C)C","JFVZFKDSXNQEJW-CQSZACIVSA-N, JFVZFKDSXNQEJW-CQSZACIVSA-N, JFVZFKDSXNQEJW-CQSZACIVSA-N, JFVZFKDSXNQEJW-CQSZACIVSA-N",Launched
tenovin-1,"SIRT inhibitor, TP53 activator",SIRT1,,,"Tocris, Tocris, Tocris, Tocris, Tocris, Selleck, Selleck",97.6,"CC(=O)Nc1ccc(NC(=S)NC(=O)c2ccc(cc2)C(C)(C)C)cc1, CC(=O)Nc1ccc(NC(=S)NC(=O)c2ccc(cc2)C(C)(C)C)cc1, CC(=O)Nc1ccc(NC(=S)NC(=O)c2ccc(cc2)C(C)(C)C)cc1, CC(=O)Nc1ccc(NC(=S)NC(=O)c2ccc(cc2)C(C)(C)C)cc1, CC(=O)Nc1ccc(NC(=S)NC(=O)c2ccc(cc2)C(C)(C)C)cc1, CC(=O)Nc1ccc(NC(=S)NC(=O)c2ccc(cc2)C(C)(C)C)cc1, CC(=O)Nc1ccc(NC(=S)NC(=O)c2ccc(cc2)C(C)(C)C)cc1","WOWJIWFCOPZFGV-UHFFFAOYSA-N, WOWJIWFCOPZFGV-UHFFFAOYSA-N, WOWJIWFCOPZFGV-UHFFFAOYSA-N, WOWJIWFCOPZFGV-UHFFFAOYSA-N, WOWJIWFCOPZFGV-UHFFFAOYSA-N, WOWJIWFCOPZFGV-UHFFFAOYSA-N, WOWJIWFCOPZFGV-UHFFFAOYSA-N",Preclinical
tenovin-6,SIRT inhibitor,"SIRT1, SIRT2, SIRT3",,,"Selleck, Selleck, Selleck, Selleck, MedChemEx",96.44,"CN(C)CCCCC(=O)Nc1ccc(NC(=S)NC(=O)c2ccc(cc2)C(C)(C)C)cc1, CN(C)CCCCC(=O)Nc1ccc(NC(=S)NC(=O)c2ccc(cc2)C(C)(C)C)cc1, CN(C)CCCCC(=O)Nc1ccc(NC(=S)NC(=O)c2ccc(cc2)C(C)(C)C)cc1, CN(C)CCCCC(=O)Nc1ccc(NC(=S)NC(=O)c2ccc(cc2)C(C)(C)C)cc1, CN(C)CCCCC(=O)Nc1ccc(NC(=S)NC(=O)c2ccc(cc2)C(C)(C)C)cc1","BVJSXSQRIUSRCO-UHFFFAOYSA-N, BVJSXSQRIUSRCO-UHFFFAOYSA-N, BVJSXSQRIUSRCO-UHFFFAOYSA-N, BVJSXSQRIUSRCO-UHFFFAOYSA-N, BVJSXSQRIUSRCO-UHFFFAOYSA-N",Preclinical
tenoxicam,cyclooxygenase inhibitor,"PTGS1, PTGS2","rheumatology, orthopedics","rheumatoid arthritis, osteoarthritis, ankylosing spondylitis, tendinitis, bursitis, periarthritis","MedChemEx, MicroSource, Selleck",98.19,"CN1C(C(=O)Nc2ccccn2)=C(O)c2sccc2S1(=O)=O |t:12|, CN1C(C(=O)Nc2ccccn2)=C(O)c2sccc2S1(=O)=O |t:12|, CN1C(C(=O)Nc2ccccn2)=C(O)c2sccc2S1(=O)=O |t:12|","LZNWYQJJBLGYLT-UHFFFAOYSA-N, LZNWYQJJBLGYLT-UHFFFAOYSA-N, LZNWYQJJBLGYLT-UHFFFAOYSA-N",Launched
tenylidone,,,,,"MicroSource, ChemDiv",71.2,"O=C1\C(CCC\C1=C/c1cccs1)=C\c1cccs1, O=C1\C(CCC\C1=C/c1cccs1)=C\c1cccs1","KHXBULXCCPIELT-DCIPZJNNSA-N, KHXBULXCCPIELT-DCIPZJNNSA-N",Preclinical
tepoxalin,"cyclooxygenase inhibitor, lipoxygenase inhibitor",ALOX5,"rheumatology, orthopedics","rheumatoid arthritis, hip dysplasia","MicroSource, MicroSource, MicroSource, Toronto, Toronto",98.03,"COc1ccc(cc1)-n1nc(CCC(=O)N(C)O)cc1-c1ccc(Cl)cc1, COc1ccc(cc1)-n1nc(CCC(=O)N(C)O)cc1-c1ccc(Cl)cc1, COc1ccc(cc1)-n1nc(CCC(=O)N(C)O)cc1-c1ccc(Cl)cc1, COc1ccc(cc1)-n1nc(CCC(=O)N(C)O)cc1-c1ccc(Cl)cc1, COc1ccc(cc1)-n1nc(CCC(=O)N(C)O)cc1-c1ccc(Cl)cc1","XYKWNRUXCOIMFZ-UHFFFAOYSA-N, XYKWNRUXCOIMFZ-UHFFFAOYSA-N, XYKWNRUXCOIMFZ-UHFFFAOYSA-N, XYKWNRUXCOIMFZ-UHFFFAOYSA-N, XYKWNRUXCOIMFZ-UHFFFAOYSA-N",Launched
TEPP-46,pyruvate kinase isozyme activator,PKM,,,"MedChemEx, MedChemEx, MedChemEx",97.55,"Cn1c2cc(sc2c2cnn(Cc3cccc(N)c3)c(=O)c12)[S@@](C)=O |r|, Cn1c2cc(sc2c2cnn(Cc3cccc(N)c3)c(=O)c12)[S@@](C)=O |r|, Cn1c2cc(sc2c2cnn(Cc3cccc(N)c3)c(=O)c12)[S@@](C)=O |r|","ZWKJWVSEDISQIS-RUZDIDTESA-N, ZWKJWVSEDISQIS-RUZDIDTESA-N, ZWKJWVSEDISQIS-RUZDIDTESA-N",Preclinical
teprenone,mucus protecting agent,,dermatology,cosmetic,"MedChemEx, MedChemEx, SantaCruz, SantaCruz",82.34,"CC(C)=CCC\C(C)=C\CC\C(C)=C\CC\C(C)=C\CCC(C)=O, CC(C)=CCC\C(C)=C\CC\C(C)=C\CC\C(C)=C\CCC(C)=O, CC(C)=CCC\C(C)=C\CC\C(C)=C\CC\C(C)=C\CCC(C)=O, CC(C)=CCC\C(C)=C\CC\C(C)=C\CC\C(C)=C\CCC(C)=O","HUCXKZBETONXFO-NJFMWZAGSA-N, HUCXKZBETONXFO-NJFMWZAGSA-N, HUCXKZBETONXFO-NJFMWZAGSA-N, HUCXKZBETONXFO-NJFMWZAGSA-N",Launched
terameprocol,lipoxygenase inhibitor,"BIRC5, CDK1",,,Sigma,99.1,COc1ccc(C[C@H](C)[C@H](C)Cc2ccc(OC)c(OC)c2)cc1OC,ORQFDHFZSMXRLM-IYBDPMFKSA-N,Phase 1/Phase 2
terazosin,adrenergic receptor antagonist,"ADRA1A, ADRA1B, ADRA1D","urology, cardiology","benign prostatic hyperplasia (BPH), hypertension","Tocris, Tocris",98.27,"COc1cc2nc(nc(N)c2cc1OC)N1CCN(CC1)C(=O)[C@H]1CCCO1 |&1:23,r|, COc1cc2nc(nc(N)c2cc1OC)N1CCN(CC1)C(=O)[C@H]1CCCO1 |&1:23,r|","VCKUSRYTPJJLNI-CQSZACIVSA-N, VCKUSRYTPJJLNI-CQSZACIVSA-N",Launched
terbinafine,fungal squalene epoxidase inhibitor,SQLE,infectious disease,"tinea pedis, tinea cruris, tinea corporis","MicroSource, Selleck, Selleck, Selleck, Selleck",98.76,"CN(C\C=C\C#CC(C)(C)C)Cc1cccc2ccccc12, CN(C\C=C\C#CC(C)(C)C)Cc1cccc2ccccc12, CN(C\C=C\C#CC(C)(C)C)Cc1cccc2ccccc12, CN(C\C=C\C#CC(C)(C)C)Cc1cccc2ccccc12, CN(C\C=C\C#CC(C)(C)C)Cc1cccc2ccccc12","DOMXUEMWDBAQBQ-WEVVVXLNSA-N, DOMXUEMWDBAQBQ-WEVVVXLNSA-N, DOMXUEMWDBAQBQ-WEVVVXLNSA-N, DOMXUEMWDBAQBQ-WEVVVXLNSA-N, DOMXUEMWDBAQBQ-WEVVVXLNSA-N",Launched
terbutaline,adrenergic receptor agonist,ADRB2,pulmonary,"bronchospasm, bronchitis, emphysema","MedChemEx, MedChemEx, MicroSource",96.73,"CC(C)(C)NC[C@@H](O)c1cc(O)cc(O)c1 |&1:6|, CC(C)(C)NC[C@@H](O)c1cc(O)cc(O)c1 |&1:6|, CC(C)(C)NC[C@@H](O)c1cc(O)cc(O)c1 |&1:6|","XWTYSIMOBUGWOL-LLVKDONJSA-N, XWTYSIMOBUGWOL-LLVKDONJSA-N, XWTYSIMOBUGWOL-LLVKDONJSA-N",Launched
terciprazine,,,,,"PrincetonBio, PrincetonBio",94.14,"O[C@@H](COC1(CCCCC1)C#C)CN1CCN(CC1)c1cccc(c1)C(F)(F)F |&1:1,r|, O[C@@H](COC1(CCCCC1)C#C)CN1CCN(CC1)c1cccc(c1)C(F)(F)F |&1:1,r|","SDKXUWMRKYQIFU-HXUWFJFHSA-N, SDKXUWMRKYQIFU-HXUWFJFHSA-N",Phase 1
terconazole,sterol demethylase inhibitor,,infectious disease,vulvovaginal candidiasis,"MedChemEx, MicroSource",95.98,"CC(C)N1CCN(CC1)c1ccc(OC[C@H]2CO[C@@](Cn3cncn3)(O2)c2ccc(Cl)cc2Cl)cc1, CC(C)N1CCN(CC1)c1ccc(OC[C@H]2CO[C@@](Cn3cncn3)(O2)c2ccc(Cl)cc2Cl)cc1","BLSQLHNBWJLIBQ-OZXSUGGESA-N, BLSQLHNBWJLIBQ-OZXSUGGESA-N",Launched
terfenadine,histamine receptor antagonist,"HRH1, KCNH1, KCNH2",,,"MicroSource, MicroSource, Tocris, Tocris, Selleck, Tocris",97.86,"CC(C)(C)c1ccc(cc1)[C@@H](O)CCCN1CCC(CC1)C(O)(c1ccccc1)c1ccccc1 |&1:10,r|, CC(C)(C)c1ccc(cc1)[C@@H](O)CCCN1CCC(CC1)C(O)(c1ccccc1)c1ccccc1 |&1:10,r|, CC(C)(C)c1ccc(cc1)[C@@H](O)CCCN1CCC(CC1)C(O)(c1ccccc1)c1ccccc1 |&1:10,r|, CC(C)(C)c1ccc(cc1)[C@@H](O)CCCN1CCC(CC1)C(O)(c1ccccc1)c1ccccc1 |&1:10,r|, CC(C)(C)c1ccc(cc1)[C@@H](O)CCCN1CCC(CC1)C(O)(c1ccccc1)c1ccccc1 |&1:10,r|, CC(C)(C)c1ccc(cc1)[C@@H](O)CCCN1CCC(CC1)C(O)(c1ccccc1)c1ccccc1 |&1:10,r|","GUGOEEXESWIERI-PMERELPUSA-N, GUGOEEXESWIERI-PMERELPUSA-N, GUGOEEXESWIERI-PMERELPUSA-N, GUGOEEXESWIERI-PMERELPUSA-N, GUGOEEXESWIERI-PMERELPUSA-N, GUGOEEXESWIERI-PMERELPUSA-N",Withdrawn
terguride,"dopamine receptor agonist, serotonin receptor antagonist","ADRA1A, ADRA2A, ADRA2B, ADRA2C, DRD2, DRD3, DRD4, HTR1A, HTR1B, HTR1D, HTR2A, HTR2B, HTR2C",neurology/psychiatry,Parkinson's Disease,Kemprotec,94.68,"CCN(CC)C(=O)N[C@H]1C[C@H]2[C@@H](Cc3c[nH]c4cccc2c34)N(C)C1 |a:8,&1:10,&2:11|",JOAHPSVPXZTVEP-YXJHDRRASA-N,Launched
teriflunomide,dihydroorotate dehydrogenase inhibitor,DHODH,neurology/psychiatry,multiple sclerosis,"Selleck, Tocris, Selleck",99.84,"CC(=O)[C@@H](C#N)C(=O)Nc1ccc(cc1)C(F)(F)F |&1:3,r|, CC(=O)[C@@H](C#N)C(=O)Nc1ccc(cc1)C(F)(F)F |&1:3,r|, CC(=O)[C@@H](C#N)C(=O)Nc1ccc(cc1)C(F)(F)F |&1:3,r|","NABQBYDEMLGCEO-SNVBAGLBSA-N, NABQBYDEMLGCEO-SNVBAGLBSA-N, NABQBYDEMLGCEO-SNVBAGLBSA-N",Launched
terlipressin,vasopressin receptor agonist,AVPR1A,cardiology,hypotension,"Key, Key",96.16,"NCCCC[C@H](NC(=O)[C@@H]1CCCN1C(=O)[C@@H]1CSSC[C@H](NC(=O)CNC(=O)CNC(=O)CN)C(=O)N[C@@H](Cc2ccc(O)cc2)C(=O)N[C@@H](Cc2ccccc2)C(=O)N[C@@H](CCC(N)=O)C(=O)N[C@@H](CC(N)=O)C(=O)N1)C(=O)NCC(N)=O, NCCCC[C@H](NC(=O)[C@@H]1CCCN1C(=O)[C@@H]1CSSC[C@H](NC(=O)CNC(=O)CNC(=O)CN)C(=O)N[C@@H](Cc2ccc(O)cc2)C(=O)N[C@@H](Cc2ccccc2)C(=O)N[C@@H](CCC(N)=O)C(=O)N[C@@H](CC(N)=O)C(=O)N1)C(=O)NCC(N)=O","BENFXAYNYRLAIU-WBNRJDGRSA-N, BENFXAYNYRLAIU-WBNRJDGRSA-N",Launched
terodiline,cholinergic receptor antagonist,,,,Sigma,97.58,C[C@@H](CC(c1ccccc1)c1ccccc1)NC(C)(C)C |&1:1|,UISARWKNNNHPGI-INIZCTEOSA-N,Withdrawn
teroxirone,DNA inhibitor,,,,"Sigma, ChemDiv, ChemDiv",100,"O=c1n(C[C@H]2CO2)c(=O)n(C[C@H]2CO2)c(=O)n1C[C@H]1CO1 |&1:4,&2:11,&3:18,r|, O=c1n(C[C@H]2CO2)c(=O)n(C[C@H]2CO2)c(=O)n1C[C@H]1CO1 |&1:4,&2:11,&3:18,r|, O=c1n(C[C@H]2CO2)c(=O)n(C[C@H]2CO2)c(=O)n1C[C@H]1CO1 |&1:4,&2:11,&3:18,r|","OUPZKGBUJRBPGC-CIUDSAMLSA-N, OUPZKGBUJRBPGC-CIUDSAMLSA-N, OUPZKGBUJRBPGC-CIUDSAMLSA-N",Phase 1
terpene,,,,,MedChemEx,0,"CC(C)(O)[C@H]1CC[C@](C)(O)CC1 |&1:7,&2:4|",RBNWAMSGVWEHFP-CZMCAQCFSA-N,Preclinical
terreic-acid-(-),Bruton's tyrosine kinase (BTK) inhibitor,BTK,,,,0,,,Preclinical
terutroban,prostanoid receptor antagonist,TBXA2R,,,"MedChemEx, MedChemEx",95.89,"Cc1ccc2C[C@@H](CCc2c1CCC(O)=O)NS(=O)(=O)c1ccc(Cl)cc1, Cc1ccc2C[C@@H](CCc2c1CCC(O)=O)NS(=O)(=O)c1ccc(Cl)cc1","HWEOXFSBSQIWSY-MRXNPFEDSA-N, HWEOXFSBSQIWSY-MRXNPFEDSA-N",Phase 3
tesaglitazar,"insulin sensitizer, PPAR receptor agonist","PPARA, PPARG",,,"Tocris, Cayman",96.97,"CCO[C@@H](Cc1ccc(OCCc2ccc(OS(C)(=O)=O)cc2)cc1)C(O)=O, CCO[C@@H](Cc1ccc(OCCc2ccc(OS(C)(=O)=O)cc2)cc1)C(O)=O","CXGTZJYQWSUFET-IBGZPJMESA-N, CXGTZJYQWSUFET-IBGZPJMESA-N",Phase 3
tetomilast,phosphodiesterase inhibitor,PDE4D,,,Sigma,93.74,CCOc1ccc(cc1OCC)-c1nc(cs1)-c1cccc(n1)C(O)=O,XDBHURGONHZNJF-UHFFFAOYSA-N,Phase 2
tetrabenazine,vesicular monoamine transporter inhibitor,"SLC18A1, SLC18A2","infectious disease, neurology/psychiatry","cholera, Huntington's disease","Tocris, Tocris, Tocris, Tocris, Tocris",93.02,"COc1cc2CCN3C[C@H](CC(C)C)C(=O)C[C@H]3c2cc1OC, COc1cc2CCN3C[C@H](CC(C)C)C(=O)C[C@H]3c2cc1OC, COc1cc2CCN3C[C@H](CC(C)C)C(=O)C[C@H]3c2cc1OC, COc1cc2CCN3C[C@H](CC(C)C)C(=O)C[C@H]3c2cc1OC, COc1cc2CCN3C[C@H](CC(C)C)C(=O)C[C@H]3c2cc1OC","MKJIEFSOBYUXJB-HOCLYGCPSA-N, MKJIEFSOBYUXJB-HOCLYGCPSA-N, MKJIEFSOBYUXJB-HOCLYGCPSA-N, MKJIEFSOBYUXJB-HOCLYGCPSA-N, MKJIEFSOBYUXJB-HOCLYGCPSA-N",Launched
tetracaine,membrane integrity inhibitor,"SCN10A, SCN11A, SCN1A, SCN2A, SCN3A, SCN4A, SCN5A, SCN7A, SCN8A, SCN9A",neurology/psychiatry,anesthetic,"Selleck, MicroSource",98.82,"CCCCNc1ccc(cc1)C(=O)OCCN(C)C, CCCCNc1ccc(cc1)C(=O)OCCN(C)C","GKCBAIGFKIBETG-UHFFFAOYSA-N, GKCBAIGFKIBETG-UHFFFAOYSA-N",Launched
tetracycline,bacterial 30S ribosomal subunit inhibitor,,"infectious disease, dermatology","respiratory tract infections, pneumonia, skin infections, urinary tract infections, acne vulgaris (AV), plague, psittacosis",MedChemEx,52.63,"[H][C@@]12C[C@@]3([H])[C@@H](C(=O)c4c(O)cccc4[C@@]3(C)O)C(=O)[C@]1(O)C(=O)[C@@H](C(N)=O)C(=O)[C@H]2N(C)C |&1:24,&2:5|",MUHBBHLZPHKTTR-VHOYBAKPSA-N,Launched
tetradecylthioacetic-acid,lipid peroxidase inhibitor,,,,"Enzo, Enzo, Sigma",100,"CCCCCCCCCCCCCCSCC(O)=O, CCCCCCCCCCCCCCSCC(O)=O, CCCCCCCCCCCCCCSCC(O)=O","IPBCWPPBAWQYOO-UHFFFAOYSA-N, IPBCWPPBAWQYOO-UHFFFAOYSA-N, IPBCWPPBAWQYOO-UHFFFAOYSA-N",Phase 2
tetraethylenepentamine,superoxide dismutase inhibitor,"SOD1, SOD2",,,"Selleck, Selleck, Selleck, Selleck, Selleck",99.86,"NCCNCCNCCNCCN, NCCNCCNCCNCCN, NCCNCCNCCNCCN, NCCNCCNCCNCCN, NCCNCCNCCNCCN","FAGUFWYHJQFNRV-UHFFFAOYSA-N, FAGUFWYHJQFNRV-UHFFFAOYSA-N, FAGUFWYHJQFNRV-UHFFFAOYSA-N, FAGUFWYHJQFNRV-UHFFFAOYSA-N, FAGUFWYHJQFNRV-UHFFFAOYSA-N",Phase 2/Phase 3
tetrahydrofolic-acid,,FOLR2,,,Sigma,0,"Nc1nc(=O)c2N[C@@H](CNc3ccc(cc3)C(=O)N[C@@H](CCC(O)=O)C(O)=O)CNc2[nH]1 |a:19,&1:7|",MSTNYGQPCMXVAQ-RYUDHWBXSA-N,Launched
tetrahydropapaverine,,,,,"Selleck, Selleck",97.58,"COc1ccc(C[C@H]2NCCc3cc(OC)c(OC)cc23)cc1OC |&1:7|, COc1ccc(C[C@H]2NCCc3cc(OC)c(OC)cc23)cc1OC |&1:7|","YXWQTVWJNHKSCC-MRXNPFEDSA-N, YXWQTVWJNHKSCC-MRXNPFEDSA-N",Preclinical
tetrahydrouridine,cytidine deaminase inhibitor,CDA,,,EMDBio,100,"OC[C@H]1O[C@H]([C@H](O)[C@@H]1O)N1CC[C@@H](O)NC1=O |a:2,4,5,7,&1:12|",UCKYOOZPSJFJIZ-FMDGEEDCSA-N,Phase 2
tetrahydrozoline,adrenergic receptor agonist,,ophthalmology,eye irritation,"Selleck, MicroSource, MicroSource, MedChemEx",97.41,"C1CN=C(N1)[C@H]1CCCc2ccccc12 |&1:5,c:2|, C1CN=C(N1)[C@H]1CCCc2ccccc12 |&1:5,c:2|, C1CN=C(N1)[C@H]1CCCc2ccccc12 |&1:5,c:2|, C1CN=C(N1)[C@H]1CCCc2ccccc12 |&1:5,c:2|","BYJAVTDNIXVSPW-LBPRGKRZSA-N, BYJAVTDNIXVSPW-LBPRGKRZSA-N, BYJAVTDNIXVSPW-LBPRGKRZSA-N, BYJAVTDNIXVSPW-LBPRGKRZSA-N",Launched
tetramethylthiuram-monosulfide,,,,,AKSci,94.7,CN(C)C(=S)SC(=S)N(C)C,REQPQFUJGGOFQL-UHFFFAOYSA-N,Preclinical
tetramisole,immunostimulant,"ALPPL2, CHRNA3",infectious disease,gastrointestinal parasites,"MicroSource, MicroSource, MicroSource, Selleck",99.58,"C1CN2C[C@@H](N=C2S1)c1ccccc1 |&1:4,c:5|, C1CN2C[C@@H](N=C2S1)c1ccccc1 |&1:4,c:5|, C1CN2C[C@@H](N=C2S1)c1ccccc1 |&1:4,c:5|, C1CN2C[C@@H](N=C2S1)c1ccccc1 |&1:4,c:5|","HLFSDGLLUJUHTE-SNVBAGLBSA-N, HLFSDGLLUJUHTE-SNVBAGLBSA-N, HLFSDGLLUJUHTE-SNVBAGLBSA-N, HLFSDGLLUJUHTE-SNVBAGLBSA-N",Launched
tetrandrine,calcium channel blocker,SLC6A3,,,"Selleck, Selleck, Selleck, Selleck",97.19,"COc1ccc2C[C@@H]3N(C)CCc4cc(OC)c(OC)c(Oc5cc6[C@H](Cc7ccc(Oc1c2)cc7)N(C)CCc6cc5OC)c34, COc1ccc2C[C@@H]3N(C)CCc4cc(OC)c(OC)c(Oc5cc6[C@H](Cc7ccc(Oc1c2)cc7)N(C)CCc6cc5OC)c34, COc1ccc2C[C@@H]3N(C)CCc4cc(OC)c(OC)c(Oc5cc6[C@H](Cc7ccc(Oc1c2)cc7)N(C)CCc6cc5OC)c34, COc1ccc2C[C@@H]3N(C)CCc4cc(OC)c(OC)c(Oc5cc6[C@H](Cc7ccc(Oc1c2)cc7)N(C)CCc6cc5OC)c34","WVTKBKWTSCPRNU-KYJUHHDHSA-N, WVTKBKWTSCPRNU-KYJUHHDHSA-N, WVTKBKWTSCPRNU-KYJUHHDHSA-N, WVTKBKWTSCPRNU-KYJUHHDHSA-N",Preclinical
tetrazol-5-yl-glycine-(RS),glutamate receptor agonist,"GRIN1, GRIN2A, GRIN2B, GRIN2C, GRIN2D",,,"Tocris, Tocris",100,"N[C@@H](C(O)=O)c1nn[nH]n1 |&1:1,r|, N[C@@H](C(O)=O)c1nn[nH]n1 |&1:1,r|","UKBRUIZWQZHXFL-PVQJCKRUSA-N, UKBRUIZWQZHXFL-PVQJCKRUSA-N",Preclinical
tetrindole,monoamine oxidase inhibitor,MAOA,,,"Tocris, Tocris, Tocris, Tocris, Tocris, Tocris, Tocris",93.92,"C1CCC(CC1)c1ccc2n3CCNC4CCCc(c34)c2c1, C1CCC(CC1)c1ccc2n3CCNC4CCCc(c34)c2c1, C1CCC(CC1)c1ccc2n3CCNC4CCCc(c34)c2c1, C1CCC(CC1)c1ccc2n3CCNC4CCCc(c34)c2c1, C1CCC(CC1)c1ccc2n3CCNC4CCCc(c34)c2c1, C1CCC(CC1)c1ccc2n3CCNC4CCCc(c34)c2c1, C1CCC(CC1)c1ccc2n3CCNC4CCCc(c34)c2c1","AUXCHYJDVJZEPG-UHFFFAOYSA-N, AUXCHYJDVJZEPG-UHFFFAOYSA-N, AUXCHYJDVJZEPG-UHFFFAOYSA-N, AUXCHYJDVJZEPG-UHFFFAOYSA-N, AUXCHYJDVJZEPG-UHFFFAOYSA-N, AUXCHYJDVJZEPG-UHFFFAOYSA-N, AUXCHYJDVJZEPG-UHFFFAOYSA-N",Phase 3
tetroquinone,,,,,"MicroSource, MicroSource, CombiBlocks",0,"OC1C(=O)C(=O)C(O)C(=O)C1=O, OC1C(=O)C(=O)C(O)C(=O)C1=O, OC1C(=O)C(=O)C(O)C(=O)C1=O","GQPHQLHUIDOQTA-UHFFFAOYSA-N, GQPHQLHUIDOQTA-UHFFFAOYSA-N, GQPHQLHUIDOQTA-UHFFFAOYSA-N",Preclinical
tezacaftor,CFTR channel agonist,,pulmonary,cystic fibrosis,"Selleck, MedChemEx",96.52,"CC(C)(CO)c1cc2cc(NC(=O)C3(CC3)c3ccc4OC(F)(F)Oc4c3)c(F)cc2n1C[C@@H](O)CO, CC(C)(CO)c1cc2cc(NC(=O)C3(CC3)c3ccc4OC(F)(F)Oc4c3)c(F)cc2n1C[C@@H](O)CO","MJUVRTYWUMPBTR-MRXNPFEDSA-N, MJUVRTYWUMPBTR-MRXNPFEDSA-N",Launched
TFC-007,prostaglandin inhibitor,HPGDS,,,"Tocris, Tocris, Tocris",95.55,"O=C(Nc1ccc(cc1)N1CCC(CC1)C(=O)N1CCOCC1)c1cnc(Oc2ccccc2)nc1, O=C(Nc1ccc(cc1)N1CCC(CC1)C(=O)N1CCOCC1)c1cnc(Oc2ccccc2)nc1, O=C(Nc1ccc(cc1)N1CCC(CC1)C(=O)N1CCOCC1)c1cnc(Oc2ccccc2)nc1","NLSSUSRERAMBTA-UHFFFAOYSA-N, NLSSUSRERAMBTA-UHFFFAOYSA-N, NLSSUSRERAMBTA-UHFFFAOYSA-N",Preclinical
TG-003,CLK inhibitor,"CLK1, CLK4, DYRK1A, DYRK1B",,,"Selleck, Selleck, Tocris",96.57,"CCN1\C(Sc2ccc(OC)cc12)=C\C(C)=O, CCN1\C(Sc2ccc(OC)cc12)=C\C(C)=O, CCN1\C(Sc2ccc(OC)cc12)=C\C(C)=O","BGVLELSCIHASRV-QPEQYQDCSA-N, BGVLELSCIHASRV-QPEQYQDCSA-N, BGVLELSCIHASRV-QPEQYQDCSA-N",Preclinical
TG-02,"CDK inhibitor, FLT3 inhibitor, JAK inhibitor","CDK1, CDK2, CDK7, CDK9, FLT3, JAK2",,,"MedChemEx, MedChemEx, MedChemEx, MedChemEx, MedChemEx, MedChemEx, MedChemEx, MedChemEx",96.86,"CN1C\C=C\CCOc2cccc(c2)-c2ccnc(Nc3cccc(C1)c3)n2 |t:3|, CN1C\C=C\CCOc2cccc(c2)-c2ccnc(Nc3cccc(C1)c3)n2 |t:3|, CN1C\C=C\CCOc2cccc(c2)-c2ccnc(Nc3cccc(C1)c3)n2 |t:3|, CN1C\C=C\CCOc2cccc(c2)-c2ccnc(Nc3cccc(C1)c3)n2 |t:3|, CN1C\C=C\CCOc2cccc(c2)-c2ccnc(Nc3cccc(C1)c3)n2 |t:3|, CN1C\C=C\CCOc2cccc(c2)-c2ccnc(Nc3cccc(C1)c3)n2 |t:3|, CN1C\C=C\CCOc2cccc(c2)-c2ccnc(Nc3cccc(C1)c3)n2 |t:3|, CN1C\C=C\CCOc2cccc(c2)-c2ccnc(Nc3cccc(C1)c3)n2 |t:3|","VXBAJLGYBMTJCY-NSCUHMNNSA-N, VXBAJLGYBMTJCY-NSCUHMNNSA-N, VXBAJLGYBMTJCY-NSCUHMNNSA-N, VXBAJLGYBMTJCY-NSCUHMNNSA-N, VXBAJLGYBMTJCY-NSCUHMNNSA-N, VXBAJLGYBMTJCY-NSCUHMNNSA-N, VXBAJLGYBMTJCY-NSCUHMNNSA-N, VXBAJLGYBMTJCY-NSCUHMNNSA-N",Phase 1/Phase 2
TG-100572,"SRC inhibitor, VEGFR inhibitor","KDR, SRC",,,"MedChemEx, MedChemEx, MedChemEx, MedChemEx, MedChemEx",96.3,"Cc1cc(cc2nnc(Nc3ccc(OCCN4CCCC4)cc3)nc12)-c1cc(O)ccc1Cl, Cc1cc(cc2nnc(Nc3ccc(OCCN4CCCC4)cc3)nc12)-c1cc(O)ccc1Cl, Cc1cc(cc2nnc(Nc3ccc(OCCN4CCCC4)cc3)nc12)-c1cc(O)ccc1Cl, Cc1cc(cc2nnc(Nc3ccc(OCCN4CCCC4)cc3)nc12)-c1cc(O)ccc1Cl, Cc1cc(cc2nnc(Nc3ccc(OCCN4CCCC4)cc3)nc12)-c1cc(O)ccc1Cl","AQSSMEORRLJZLU-UHFFFAOYSA-N, AQSSMEORRLJZLU-UHFFFAOYSA-N, AQSSMEORRLJZLU-UHFFFAOYSA-N, AQSSMEORRLJZLU-UHFFFAOYSA-N, AQSSMEORRLJZLU-UHFFFAOYSA-N",Preclinical
TG-100713,PI3K inhibitor,,,,"Tocris, Selleck",96.93,"Nc1nc(N)c2nc(cnc2n1)-c1cccc(O)c1, Nc1nc(N)c2nc(cnc2n1)-c1cccc(O)c1","UOORQSPLBHUQDQ-UHFFFAOYSA-N, UOORQSPLBHUQDQ-UHFFFAOYSA-N",Preclinical
TG-100801,"SRC inhibitor, VEGFR inhibitor","CSK, FGFR1, FLT1, FLT4, KDR, SRC",,,"MedChemEx, MedChemEx, MedChemEx",89.33,"Cc1cc(cc2nnc(Nc3ccc(OCCN4CCCC4)cc3)nc12)-c1cc(OC(=O)c2ccccc2)ccc1Cl, Cc1cc(cc2nnc(Nc3ccc(OCCN4CCCC4)cc3)nc12)-c1cc(OC(=O)c2ccccc2)ccc1Cl, Cc1cc(cc2nnc(Nc3ccc(OCCN4CCCC4)cc3)nc12)-c1cc(OC(=O)c2ccccc2)ccc1Cl","JMGXJHWTVBGOKG-UHFFFAOYSA-N, JMGXJHWTVBGOKG-UHFFFAOYSA-N, JMGXJHWTVBGOKG-UHFFFAOYSA-N",Phase 2
TG-101209,JAK inhibitor,"JAK2, JAK3",,,"MedChemEx, Selleck, Selleck, Selleck, Selleck, Selleck, Selleck",95.64,"CN1CCN(CC1)c1ccc(Nc2ncc(C)c(Nc3cccc(c3)S(=O)(=O)NC(C)(C)C)n2)cc1, CN1CCN(CC1)c1ccc(Nc2ncc(C)c(Nc3cccc(c3)S(=O)(=O)NC(C)(C)C)n2)cc1, CN1CCN(CC1)c1ccc(Nc2ncc(C)c(Nc3cccc(c3)S(=O)(=O)NC(C)(C)C)n2)cc1, CN1CCN(CC1)c1ccc(Nc2ncc(C)c(Nc3cccc(c3)S(=O)(=O)NC(C)(C)C)n2)cc1, CN1CCN(CC1)c1ccc(Nc2ncc(C)c(Nc3cccc(c3)S(=O)(=O)NC(C)(C)C)n2)cc1, CN1CCN(CC1)c1ccc(Nc2ncc(C)c(Nc3cccc(c3)S(=O)(=O)NC(C)(C)C)n2)cc1, CN1CCN(CC1)c1ccc(Nc2ncc(C)c(Nc3cccc(c3)S(=O)(=O)NC(C)(C)C)n2)cc1","JVDOKQYTTYUYDV-UHFFFAOYSA-N, JVDOKQYTTYUYDV-UHFFFAOYSA-N, JVDOKQYTTYUYDV-UHFFFAOYSA-N, JVDOKQYTTYUYDV-UHFFFAOYSA-N, JVDOKQYTTYUYDV-UHFFFAOYSA-N, JVDOKQYTTYUYDV-UHFFFAOYSA-N, JVDOKQYTTYUYDV-UHFFFAOYSA-N",Preclinical
TGR-1202,PI3K inhibitor,,,,"MedChemEx, MedChemEx",94.1,"CC(C)Oc1ccc(cc1F)-c1nn([C@@H](C)c2oc3ccc(F)cc3c(=O)c2-c2cccc(F)c2)c2ncnc(N)c12, CC(C)Oc1ccc(cc1F)-c1nn([C@@H](C)c2oc3ccc(F)cc3c(=O)c2-c2cccc(F)c2)c2ncnc(N)c12","IUVCFHHAEHNCFT-INIZCTEOSA-N, IUVCFHHAEHNCFT-INIZCTEOSA-N",Phase 3
TGX-221,PI3K inhibitor,"PIK3CB, PIK3CD",,,"Selleck, Selleck, Selleck",91.18,"C[C@@H](Nc1ccccc1)c1cc(C)cn2c1nc(cc2=O)N1CCOCC1 |&1:1,r|, C[C@@H](Nc1ccccc1)c1cc(C)cn2c1nc(cc2=O)N1CCOCC1 |&1:1,r|, C[C@@H](Nc1ccccc1)c1cc(C)cn2c1nc(cc2=O)N1CCOCC1 |&1:1,r|","CPRAGQJXBLMUEL-MRXNPFEDSA-N, CPRAGQJXBLMUEL-MRXNPFEDSA-N, CPRAGQJXBLMUEL-MRXNPFEDSA-N",Preclinical
TG100-115,PI3K inhibitor,"PIK3CA, PIK3CB, PIK3CD, PIK3CG",,,Selleck,94.74,Nc1nc(N)c2nc(-c3cccc(O)c3)c(nc2n1)-c1cccc(O)c1,UJIAQDJKSXQLIT-UHFFFAOYSA-N,Phase 1/Phase 2
TH-302,DNA alkylating agent,,,,"MedChemEx, MedChemEx, MedChemEx",88.37,"Cn1c(COP(=O)(NCCBr)NCCBr)cnc1[N+]([O-])=O, Cn1c(COP(=O)(NCCBr)NCCBr)cnc1[N+]([O-])=O, Cn1c(COP(=O)(NCCBr)NCCBr)cnc1[N+]([O-])=O","UGJWRPJDTDGERK-UHFFFAOYSA-N, UGJWRPJDTDGERK-UHFFFAOYSA-N, UGJWRPJDTDGERK-UHFFFAOYSA-N",Phase 3
TH-588,MTH1 inhibitor,NUDT1,,,"MedChemEx, MedChemEx, MedChemEx, MedChemEx, MedChemEx, MedChemEx",98.29,"Nc1nc(NC2CC2)cc(n1)-c1cccc(Cl)c1Cl, Nc1nc(NC2CC2)cc(n1)-c1cccc(Cl)c1Cl, Nc1nc(NC2CC2)cc(n1)-c1cccc(Cl)c1Cl, Nc1nc(NC2CC2)cc(n1)-c1cccc(Cl)c1Cl, Nc1nc(NC2CC2)cc(n1)-c1cccc(Cl)c1Cl, Nc1nc(NC2CC2)cc(n1)-c1cccc(Cl)c1Cl","PNMYJIOQIAEYQL-UHFFFAOYSA-N, PNMYJIOQIAEYQL-UHFFFAOYSA-N, PNMYJIOQIAEYQL-UHFFFAOYSA-N, PNMYJIOQIAEYQL-UHFFFAOYSA-N, PNMYJIOQIAEYQL-UHFFFAOYSA-N, PNMYJIOQIAEYQL-UHFFFAOYSA-N",Preclinical
thaliblastine,DNA inhibitor,,,,InterBioScreen,0,COc1cc(C[C@@H]2N(C)CCc3cc(OC)c(OC)cc23)c(Oc2cc3C[C@@H]4N(C)CCc5cc(OC)c(OC)c(-c3cc2OC)c45)cc1OC,ZCTJIMXXSXQXRI-KYJUHHDHSA-N,Phase 2
thalidomide,tumor necrosis factor production inhibitor,TNF,oncology,myeloma,"Tocris, Tocris, Selleck",99,"O=C1N([C@H]2CCC(=O)NC2=O)C(=O)c2ccccc12 |&1:3,r|, O=C1N([C@H]2CCC(=O)NC2=O)C(=O)c2ccccc12 |&1:3,r|, O=C1N([C@H]2CCC(=O)NC2=O)C(=O)c2ccccc12 |&1:3,r|","UEJJHQNACJXSKW-VIFPVBQESA-N, UEJJHQNACJXSKW-VIFPVBQESA-N, UEJJHQNACJXSKW-VIFPVBQESA-N",Launched
theaflavin,antiviral,,,,MedChemEx,78.41,O[C@@H]1Cc2c(O)cc(O)cc2O[C@@H]1c1cc(O)c(=O)c2c(O)c(O)cc(cc12)[C@H]1Oc2cc(O)cc(O)c2C[C@H]1O,SPQUOZYCYRJYJU-ZKSIBHASSA-N,Preclinical
theobromine,phosphodiesterase inhibitor,"ADORA1, ADORA2A, PDE4B",,,"MicroSource, MedChemEx, Selleck, Selleck, Selleck",98.78,"Cn1cnc2n(C)c(=O)[nH]c(=O)c12, Cn1cnc2n(C)c(=O)[nH]c(=O)c12, Cn1cnc2n(C)c(=O)[nH]c(=O)c12, Cn1cnc2n(C)c(=O)[nH]c(=O)c12, Cn1cnc2n(C)c(=O)[nH]c(=O)c12","YAPQBXQYLJRXSA-UHFFFAOYSA-N, YAPQBXQYLJRXSA-UHFFFAOYSA-N, YAPQBXQYLJRXSA-UHFFFAOYSA-N, YAPQBXQYLJRXSA-UHFFFAOYSA-N, YAPQBXQYLJRXSA-UHFFFAOYSA-N",Launched
thiamet-g,GLCNAC phosphotransferase inhibitor,MGEA5,,,"Tocris, Tocris, Selleck",95.3,"CCNC1=N[C@H]2[C@H](O[C@H](CO)[C@@H](O)[C@@H]2O)S1 |t:3|, CCNC1=N[C@H]2[C@H](O[C@H](CO)[C@@H](O)[C@@H]2O)S1 |t:3|, CCNC1=N[C@H]2[C@H](O[C@H](CO)[C@@H](O)[C@@H]2O)S1 |t:3|","PPAIMZHKIXDJRN-FMDGEEDCSA-N, PPAIMZHKIXDJRN-FMDGEEDCSA-N, PPAIMZHKIXDJRN-FMDGEEDCSA-N",Preclinical
thiamine,vitamin B,"SLC19A2, SLC19A3, TPK1",metabolism,thiamine deficiency,"MedChemEx, MicroSource, Selleck",96.41,"Cc1c(CCO)sc[n+]1Cc1cnc(C)nc1N, Cc1c(CCO)sc[n+]1Cc1cnc(C)nc1N, Cc1c(CCO)sc[n+]1Cc1cnc(C)nc1N","JZRWCGZRTZMZEH-UHFFFAOYSA-N, JZRWCGZRTZMZEH-UHFFFAOYSA-N, JZRWCGZRTZMZEH-UHFFFAOYSA-N",Launched
thiamine-pyrophosphate,,,hematology,anemia,ChemImpex,0,Cc1c(CCOP(O)(=O)OP(O)(O)=O)sc[n+]1Cc1cnc(C)nc1N |&1:6|,AYEKOFBPNLCAJY-UHFFFAOYSA-O,Launched
thiamphenicol,bacterial 50S ribosomal subunit inhibitor,,infectious disease,pelvic inflammatory disease,"MicroSource, MedChemEx, Selleck",98.69,"CS(=O)(=O)c1ccc(cc1)[C@@H](O)[C@@H](CO)NC(=O)C(Cl)Cl, CS(=O)(=O)c1ccc(cc1)[C@@H](O)[C@@H](CO)NC(=O)C(Cl)Cl, CS(=O)(=O)c1ccc(cc1)[C@@H](O)[C@@H](CO)NC(=O)C(Cl)Cl","OTVAEFIXJLOWRX-NXEZZACHSA-N, OTVAEFIXJLOWRX-NXEZZACHSA-N, OTVAEFIXJLOWRX-NXEZZACHSA-N",Launched
thiamylal,glutamate receptor antagonist,GABRA1,neurology/psychiatry,sedative,MicroSource,52.77,"CCC[C@@H](C)C1(CC=C)C(=O)NC(=S)NC1=O |&1:3,&2:5|",XLOMZPUITCYLMJ-MRVPVSSYSA-N,Launched
thiazovivin,rho associated kinase inhibitor,,,,"Tocris, Tocris, Selleck, Selleck",96.94,"O=C(NCc1ccccc1)c1csc(Nc2ccncn2)n1, O=C(NCc1ccccc1)c1csc(Nc2ccncn2)n1, O=C(NCc1ccccc1)c1csc(Nc2ccncn2)n1, O=C(NCc1ccccc1)c1csc(Nc2ccncn2)n1","DOBKQCZBPPCLEG-UHFFFAOYSA-N, DOBKQCZBPPCLEG-UHFFFAOYSA-N, DOBKQCZBPPCLEG-UHFFFAOYSA-N, DOBKQCZBPPCLEG-UHFFFAOYSA-N",Preclinical
thiethylperazine,dopamine receptor antagonist,"DRD1, DRD2, DRD4",gastroenterology,nausea,"AMS, Prestwick, Prestwick, Toronto, Toronto",93.9,"CCSc1ccc2Sc3ccccc3N(CCCN3CCN(C)CC3)c2c1, CCSc1ccc2Sc3ccccc3N(CCCN3CCN(C)CC3)c2c1, CCSc1ccc2Sc3ccccc3N(CCCN3CCN(C)CC3)c2c1, CCSc1ccc2Sc3ccccc3N(CCCN3CCN(C)CC3)c2c1, CCSc1ccc2Sc3ccccc3N(CCCN3CCN(C)CC3)c2c1","XCTYLCDETUVOIP-UHFFFAOYSA-N, XCTYLCDETUVOIP-UHFFFAOYSA-N, XCTYLCDETUVOIP-UHFFFAOYSA-N, XCTYLCDETUVOIP-UHFFFAOYSA-N, XCTYLCDETUVOIP-UHFFFAOYSA-N",Launched
thiocolchicoside,GABA receptor antagonist,"GABRA1, GABRB2, GABRG2, GLRA1, GLRB",neurology/psychiatry,muscle relaxant,"Prestwick, Prestwick, Prestwick, Sigma, Sigma",96.58,"COc1c(O[C@@H]2O[C@H](CO)[C@@H](O)[C@H](O)[C@H]2O)cc2CC[C@H](NC(C)=O)c3cc(=O)c(SC)ccc3-c2c1OC, COc1c(O[C@@H]2O[C@H](CO)[C@@H](O)[C@H](O)[C@H]2O)cc2CC[C@H](NC(C)=O)c3cc(=O)c(SC)ccc3-c2c1OC, COc1c(O[C@@H]2O[C@H](CO)[C@@H](O)[C@H](O)[C@H]2O)cc2CC[C@H](NC(C)=O)c3cc(=O)c(SC)ccc3-c2c1OC, COc1c(O[C@@H]2O[C@H](CO)[C@@H](O)[C@H](O)[C@H]2O)cc2CC[C@H](NC(C)=O)c3cc(=O)c(SC)ccc3-c2c1OC, COc1c(O[C@@H]2O[C@H](CO)[C@@H](O)[C@H](O)[C@H]2O)cc2CC[C@H](NC(C)=O)c3cc(=O)c(SC)ccc3-c2c1OC","LEQAKWQJCITZNK-AXHKHJLKSA-N, LEQAKWQJCITZNK-AXHKHJLKSA-N, LEQAKWQJCITZNK-AXHKHJLKSA-N, LEQAKWQJCITZNK-AXHKHJLKSA-N, LEQAKWQJCITZNK-AXHKHJLKSA-N",Launched
thioctic-acid,reducing agent,"ACHE, PTGS2",nephrology,diabetic nephropathy,MicroSource,94.83,"OC(=O)CCCC[C@H]1CCSS1 |&1:7,r|",AGBQKNBQESQNJD-ZETCQYMHSA-N,Launched
thiodiglycol,,,,,"MicroSource, Oakwood",95.75,"OCCSCCO, OCCSCCO","YODZTKMDCQEPHD-UHFFFAOYSA-N, YODZTKMDCQEPHD-UHFFFAOYSA-N",Preclinical
thioguanine,purine antagonist,"IMPDH1, IMPDH2",hematologic malignancy,acute myeloid leukemia (AML),"MicroSource, Selleck, MicroSource, MicroSource",100,"Nc1nc2nc[nH]c2c(=S)[nH]1, Nc1nc2nc[nH]c2c(=S)[nH]1, Nc1nc2nc[nH]c2c(=S)[nH]1, Nc1nc2nc[nH]c2c(=S)[nH]1","WYWHKKSPHMUBEB-UHFFFAOYSA-N, WYWHKKSPHMUBEB-UHFFFAOYSA-N, WYWHKKSPHMUBEB-UHFFFAOYSA-N, WYWHKKSPHMUBEB-UHFFFAOYSA-N",Launched
thiomersal,other antibiotic,OXCT1,infectious disease,preservative,"MedChemEx, MedChemEx, MedChemEx, MicroSource, MicroSource, MicroSource, MicroSource, MicroSource",98.29,"CC[Hg]Sc1ccccc1C(O)=O, CC[Hg]Sc1ccccc1C(O)=O, CC[Hg]Sc1ccccc1C(O)=O, CC[Hg]Sc1ccccc1C(O)=O, CC[Hg]Sc1ccccc1C(O)=O, CC[Hg]Sc1ccccc1C(O)=O, CC[Hg]Sc1ccccc1C(O)=O, CC[Hg]Sc1ccccc1C(O)=O","HXQVQGWHFRNKMS-UHFFFAOYSA-M, HXQVQGWHFRNKMS-UHFFFAOYSA-M, HXQVQGWHFRNKMS-UHFFFAOYSA-M, HXQVQGWHFRNKMS-UHFFFAOYSA-M, HXQVQGWHFRNKMS-UHFFFAOYSA-M, HXQVQGWHFRNKMS-UHFFFAOYSA-M, HXQVQGWHFRNKMS-UHFFFAOYSA-M, HXQVQGWHFRNKMS-UHFFFAOYSA-M",Launched
thiopental,GABA receptor antagonist,FAAH,neurology/psychiatry,anesthetic,"Key, MicroSource",63.17,"CCC[C@@H](C)C1(CC)C(=O)NC(=S)NC1=O |&1:3,&2:5|, CCC[C@@H](C)C1(CC)C(=O)NC(=S)NC1=O |&1:3,&2:5|","IUJDSEJGGMCXSG-SSDOTTSWSA-N, IUJDSEJGGMCXSG-SSDOTTSWSA-N",Launched
thioperamide,histamine receptor antagonist,"HRH3, HRH4",,,Tocris,95.41,"S=C(NC1CCCCC1)N1CCC(CC1)[C@H]1C=NC=N1 |r,c:18,20|",JFAYRTHYLOZRNL-CQSZACIVSA-N,Preclinical
thiophanate,,,,,"Sigma, Sigma, Sigma, MicroSource",94.28,"COC(=O)NC(=S)Nc1ccccc1NC(=S)NC(=O)OC, COC(=O)NC(=S)Nc1ccccc1NC(=S)NC(=O)OC, COC(=O)NC(=S)Nc1ccccc1NC(=S)NC(=O)OC, COC(=O)NC(=S)Nc1ccccc1NC(=S)NC(=O)OC","QGHREAKMXXNCOA-UHFFFAOYSA-N, QGHREAKMXXNCOA-UHFFFAOYSA-N, QGHREAKMXXNCOA-UHFFFAOYSA-N, QGHREAKMXXNCOA-UHFFFAOYSA-N",Preclinical
thioproperazine,dopamine receptor antagonist,"ADRA1A, ADRA1B, DRD1, DRD2, HTR1A, HTR2A",neurology/psychiatry,schizophrenia,"Sigma, Prestwick",97.81,"CN(C)S(=O)(=O)c1ccc2Sc3ccccc3N(CCCN3CCN(C)CC3)c2c1, CN(C)S(=O)(=O)c1ccc2Sc3ccccc3N(CCCN3CCN(C)CC3)c2c1","VZYCZNZBPPHOFY-UHFFFAOYSA-N, VZYCZNZBPPHOFY-UHFFFAOYSA-N",Launched
thioridazine,dopamine receptor antagonist,"DRD1, DRD2, DRD3, DRD4, DRD5, HRH1, HTR1A, HTR2A, HTR2C, HTR6, HTR7",,,"Selleck, Selleck, Selleck, MicroSource",94.6,"CSc1ccc2Sc3ccccc3N(CCC3CCCCN3C)c2c1, CSc1ccc2Sc3ccccc3N(CCC3CCCCN3C)c2c1, CSc1ccc2Sc3ccccc3N(CCC3CCCCN3C)c2c1, CSc1ccc2Sc3ccccc3N(CCC3CCCCN3C)c2c1","KLBQZWRITKRQQV-UHFFFAOYSA-N, KLBQZWRITKRQQV-UHFFFAOYSA-N, KLBQZWRITKRQQV-UHFFFAOYSA-N, KLBQZWRITKRQQV-UHFFFAOYSA-N",Withdrawn
thiorphan,membrane metalloendopeptidase inhibitor,MME,,,"Enzo, Sigma",38.61,"OC(=O)CNC(=O)[C@@H](CS)Cc1ccccc1 |&1:7,r|, OC(=O)CNC(=O)[C@@H](CS)Cc1ccccc1 |&1:7,r|","LJJKNPQAGWVLDQ-SNVBAGLBSA-N, LJJKNPQAGWVLDQ-SNVBAGLBSA-N",Phase 1
thiostrepton,"FOXM1 inhibitor, protein synthesis inhibitor",FOXM1,obstetrics/gynecology,mastitis,"MedChemEx, MedChemEx, MedChemEx, MedChemEx, MedChemEx, Selleck, Selleck",96.6,"CC[C@H](C)[C@@H]1N[C@@H]2C=Cc3c(cc(nc3[C@H]2O)C(=O)O[C@H](C)[C@@H]2NC(=O)c3csc(n3)[C@@H](NC(=O)[C@H]3CSC(=N3)\C(NC(=O)[C@@H](NC(=O)c3csc(n3)[C@]3(CCC(=N[C@@H]3c3csc2n3)c2nc(cs2)C(=O)NC(=C)C(=O)NC(=C)C(N)=O)NC(=O)[C@H](C)NC(=O)C(=C)NC(=O)[C@H](C)NC1=O)[C@@H](C)O)=C\C)[C@](C)(O)[C@@H](C)O)[C@H](C)O |c:7,41,61|, CC[C@H](C)[C@@H]1N[C@@H]2C=Cc3c(cc(nc3[C@H]2O)C(=O)O[C@H](C)[C@@H]2NC(=O)c3csc(n3)[C@@H](NC(=O)[C@H]3CSC(=N3)\C(NC(=O)[C@@H](NC(=O)c3csc(n3)[C@]3(CCC(=N[C@@H]3c3csc2n3)c2nc(cs2)C(=O)NC(=C)C(=O)NC(=C)C(N)=O)NC(=O)[C@H](C)NC(=O)C(=C)NC(=O)[C@H](C)NC1=O)[C@@H](C)O)=C\C)[C@](C)(O)[C@@H](C)O)[C@H](C)O |c:7,41,61|, CC[C@H](C)[C@@H]1N[C@@H]2C=Cc3c(cc(nc3[C@H]2O)C(=O)O[C@H](C)[C@@H]2NC(=O)c3csc(n3)[C@@H](NC(=O)[C@H]3CSC(=N3)\C(NC(=O)[C@@H](NC(=O)c3csc(n3)[C@]3(CCC(=N[C@@H]3c3csc2n3)c2nc(cs2)C(=O)NC(=C)C(=O)NC(=C)C(N)=O)NC(=O)[C@H](C)NC(=O)C(=C)NC(=O)[C@H](C)NC1=O)[C@@H](C)O)=C\C)[C@](C)(O)[C@@H](C)O)[C@H](C)O |c:7,41,61|, CC[C@H](C)[C@@H]1N[C@@H]2C=Cc3c(cc(nc3[C@H]2O)C(=O)O[C@H](C)[C@@H]2NC(=O)c3csc(n3)[C@@H](NC(=O)[C@H]3CSC(=N3)\C(NC(=O)[C@@H](NC(=O)c3csc(n3)[C@]3(CCC(=N[C@@H]3c3csc2n3)c2nc(cs2)C(=O)NC(=C)C(=O)NC(=C)C(N)=O)NC(=O)[C@H](C)NC(=O)C(=C)NC(=O)[C@H](C)NC1=O)[C@@H](C)O)=C\C)[C@](C)(O)[C@@H](C)O)[C@H](C)O |c:7,41,61|, CC[C@H](C)[C@@H]1N[C@@H]2C=Cc3c(cc(nc3[C@H]2O)C(=O)O[C@H](C)[C@@H]2NC(=O)c3csc(n3)[C@@H](NC(=O)[C@H]3CSC(=N3)\C(NC(=O)[C@@H](NC(=O)c3csc(n3)[C@]3(CCC(=N[C@@H]3c3csc2n3)c2nc(cs2)C(=O)NC(=C)C(=O)NC(=C)C(N)=O)NC(=O)[C@H](C)NC(=O)C(=C)NC(=O)[C@H](C)NC1=O)[C@@H](C)O)=C\C)[C@](C)(O)[C@@H](C)O)[C@H](C)O |c:7,41,61|, CC[C@H](C)[C@@H]1N[C@@H]2C=Cc3c(cc(nc3[C@H]2O)C(=O)O[C@H](C)[C@@H]2NC(=O)c3csc(n3)[C@@H](NC(=O)[C@H]3CSC(=N3)\C(NC(=O)[C@@H](NC(=O)c3csc(n3)[C@]3(CCC(=N[C@@H]3c3csc2n3)c2nc(cs2)C(=O)NC(=C)C(=O)NC(=C)C(N)=O)NC(=O)[C@H](C)NC(=O)C(=C)NC(=O)[C@H](C)NC1=O)[C@@H](C)O)=C\C)[C@](C)(O)[C@@H](C)O)[C@H](C)O |c:7,41,61|, CC[C@H](C)[C@@H]1N[C@@H]2C=Cc3c(cc(nc3[C@H]2O)C(=O)O[C@H](C)[C@@H]2NC(=O)c3csc(n3)[C@@H](NC(=O)[C@H]3CSC(=N3)\C(NC(=O)[C@@H](NC(=O)c3csc(n3)[C@]3(CCC(=N[C@@H]3c3csc2n3)c2nc(cs2)C(=O)NC(=C)C(=O)NC(=C)C(N)=O)NC(=O)[C@H](C)NC(=O)C(=C)NC(=O)[C@H](C)NC1=O)[C@@H](C)O)=C\C)[C@](C)(O)[C@@H](C)O)[C@H](C)O |c:7,41,61|","NSFFHOGKXHRQEW-AIHSUZKVSA-N, NSFFHOGKXHRQEW-AIHSUZKVSA-N, NSFFHOGKXHRQEW-AIHSUZKVSA-N, NSFFHOGKXHRQEW-AIHSUZKVSA-N, NSFFHOGKXHRQEW-AIHSUZKVSA-N, NSFFHOGKXHRQEW-AIHSUZKVSA-N, NSFFHOGKXHRQEW-AIHSUZKVSA-N",Launched
thiotepa,cytochrome P450 inhibitor,"CYP2B6, CYP3A4",oncology,"breast cancer, ovarian cancer, bladder cancer","MedChemEx, MedChemEx, MicroSource, MedChemEx",83.39,"S=P(N1CC1)(N1CC1)N1CC1, S=P(N1CC1)(N1CC1)N1CC1, S=P(N1CC1)(N1CC1)N1CC1, S=P(N1CC1)(N1CC1)N1CC1","FOCVUCIESVLUNU-UHFFFAOYSA-N, FOCVUCIESVLUNU-UHFFFAOYSA-N, FOCVUCIESVLUNU-UHFFFAOYSA-N, FOCVUCIESVLUNU-UHFFFAOYSA-N",Launched
thiothixene,dopamine receptor antagonist,"DRD1, DRD2, HRH1, HTR2A",neurology/psychiatry,schizophrenia,MedChemEx,96.15,CN(C)S(=O)(=O)c1ccc2Sc3ccccc3\C(=C\CCN3CCN(C)CC3)c2c1,GFBKORZTTCHDGY-UWVJOHFNSA-N,Launched
thiram,,JAK2,ophthalmology,contact dermatitis,"MicroSource, MicroSource",97.98,"CN(C)C(=S)SSC(=S)N(C)C, CN(C)C(=S)SSC(=S)N(C)C","KUAZQDVKQLNFPE-UHFFFAOYSA-N, KUAZQDVKQLNFPE-UHFFFAOYSA-N",Launched
THK5351,PET radiotracer ,,,,MedChemEx,96.78,CNc1ccc(cn1)-c1ccc2cc(OC[C@H](O)CF)ccc2n1,DLVXFZWSPCOWSN-CQSZACIVSA-N,Phase 2
thonzonium,ATPase inhibitor,,infectious disease,ear infections,"MedChemEx, MicroSource, Selleck, Selleck, Selleck, Selleck, Selleck",94.95,"CCCCCCCCCCCCCCCC[N+](C)(C)CCN(Cc1ccc(OC)cc1)c1ncccn1, CCCCCCCCCCCCCCCC[N+](C)(C)CCN(Cc1ccc(OC)cc1)c1ncccn1, CCCCCCCCCCCCCCCC[N+](C)(C)CCN(Cc1ccc(OC)cc1)c1ncccn1, CCCCCCCCCCCCCCCC[N+](C)(C)CCN(Cc1ccc(OC)cc1)c1ncccn1, CCCCCCCCCCCCCCCC[N+](C)(C)CCN(Cc1ccc(OC)cc1)c1ncccn1, CCCCCCCCCCCCCCCC[N+](C)(C)CCN(Cc1ccc(OC)cc1)c1ncccn1, CCCCCCCCCCCCCCCC[N+](C)(C)CCN(Cc1ccc(OC)cc1)c1ncccn1","IOYZYMQFUSNATM-UHFFFAOYSA-N, IOYZYMQFUSNATM-UHFFFAOYSA-N, IOYZYMQFUSNATM-UHFFFAOYSA-N, IOYZYMQFUSNATM-UHFFFAOYSA-N, IOYZYMQFUSNATM-UHFFFAOYSA-N, IOYZYMQFUSNATM-UHFFFAOYSA-N, IOYZYMQFUSNATM-UHFFFAOYSA-N",Launched
thonzylamine,antihistamine,,neurology/psychiatry,itching,MicroSource,91.69,COc1ccc(CN(CCN(C)C)c2ncccn2)cc1,GULNIHOSWFYMRN-UHFFFAOYSA-N,Launched
threo-2-methylisocitrate-(DL),isocitrate lyase substrate,,,,"MedChemEx, MedChemEx",93.35,"[NaH].[NaH].[NaH].[NaH].[NaH].[NaH].CC(O)([C@@H](CC(O)=O)C(O)=O)C(O)=O.CC(O)([C@H](CC(O)=O)C(O)=O)C(O)=O |a:9,23,&1:7,&2:21|, [NaH].[NaH].[NaH].[NaH].[NaH].[NaH].CC(O)([C@@H](CC(O)=O)C(O)=O)C(O)=O.CC(O)([C@H](CC(O)=O)C(O)=O)C(O)=O |a:9,23,&1:7,&2:21|","ZSOGGZWFKNMGJN-WREOTHMNSA-N, ZSOGGZWFKNMGJN-WREOTHMNSA-N",Preclinical
thymalfasin,immune response modulator,,infectious disease,"hepatitis B, hepatitis C",Key,100,CC[C@H](C)[C@H](NC(=O)[C@H](CCC(O)=O)NC(=O)[C@H](CO)NC(=O)[C@H](CO)NC(=O)[C@@H](NC(=O)[C@H](CC(O)=O)NC(=O)[C@@H](NC(=O)[C@H](C)NC(=O)[C@H](C)NC(=O)[C@H](CC(O)=O)NC(=O)[C@H](CO)NC(C)=O)C(C)C)[C@@H](C)O)C(=O)N[C@@H]([C@@H](C)O)C(=O)N[C@@H]([C@@H](C)O)C(=O)N[C@@H](CCCCN)C(=O)N[C@@H](CC(O)=O)C(=O)N[C@@H](CC(C)C)C(=O)N[C@@H](CCCCN)C(=O)N[C@@H](CCC(O)=O)C(=O)N[C@@H](CCCCN)C(=O)N[C@@H](CCCCN)C(=O)N[C@@H](CCC(O)=O)C(=O)N[C@@H](C(C)C)C(=O)N[C@@H](C(C)C)C(=O)N[C@@H](CCC(O)=O)C(=O)N[C@@H](CCC(O)=O)C(=O)N[C@@H](C)C(=O)N[C@@H](CCC(O)=O)C(=O)N[C@@H](CC(N)=O)C(O)=O,NZVYCXVTEHPMHE-ZSUJOUNUSA-N,Launched
thymol,GABA receptor positive allosteric modulator,TRPA1,infectious disease,"ringworm, antiseptic","Enamine, Sigma",0,"CC(C)c1ccc(C)cc1O, CC(C)c1ccc(C)cc1O","MGSRCZKZVOBKFT-UHFFFAOYSA-N, MGSRCZKZVOBKFT-UHFFFAOYSA-N",Launched
thymol-iodide,,,,,SantaCruz,50.02,CC(C)c1cc(c(C)cc1OI)-c1cc(C(C)C)c(OI)cc1C,SHOKWSLXDAIZPP-UHFFFAOYSA-N,Preclinical
thymopentin,immune response stimulator,,,,Key,94.22,CC(C)[C@H](NC(=O)[C@H](CC(O)=O)NC(=O)[C@H](CCCCN)NC(=O)[C@@H](N)CCCNC(N)=N)C(=O)N[C@@H](Cc1ccc(O)cc1)C(O)=O,PSWFFKRAVBDQEG-YGQNSOCVSA-N,Launched
THZ1,CDK inhibitor,CDK7,,,"MedChemEx, MedChemEx, MedChemEx, MedChemEx, MedChemEx, MedChemEx, MedChemEx, MedChemEx",92.24,"CN(C)C\C=C\C(=O)Nc1ccc(cc1)C(=O)Nc1cccc(Nc2ncc(Cl)c(n2)-c2c[nH]c3ccccc23)c1, CN(C)C\C=C\C(=O)Nc1ccc(cc1)C(=O)Nc1cccc(Nc2ncc(Cl)c(n2)-c2c[nH]c3ccccc23)c1, CN(C)C\C=C\C(=O)Nc1ccc(cc1)C(=O)Nc1cccc(Nc2ncc(Cl)c(n2)-c2c[nH]c3ccccc23)c1, CN(C)C\C=C\C(=O)Nc1ccc(cc1)C(=O)Nc1cccc(Nc2ncc(Cl)c(n2)-c2c[nH]c3ccccc23)c1, CN(C)C\C=C\C(=O)Nc1ccc(cc1)C(=O)Nc1cccc(Nc2ncc(Cl)c(n2)-c2c[nH]c3ccccc23)c1, CN(C)C\C=C\C(=O)Nc1ccc(cc1)C(=O)Nc1cccc(Nc2ncc(Cl)c(n2)-c2c[nH]c3ccccc23)c1, CN(C)C\C=C\C(=O)Nc1ccc(cc1)C(=O)Nc1cccc(Nc2ncc(Cl)c(n2)-c2c[nH]c3ccccc23)c1, CN(C)C\C=C\C(=O)Nc1ccc(cc1)C(=O)Nc1cccc(Nc2ncc(Cl)c(n2)-c2c[nH]c3ccccc23)c1","OBJNFLYHUXWUPF-IZZDOVSWSA-N, OBJNFLYHUXWUPF-IZZDOVSWSA-N, OBJNFLYHUXWUPF-IZZDOVSWSA-N, OBJNFLYHUXWUPF-IZZDOVSWSA-N, OBJNFLYHUXWUPF-IZZDOVSWSA-N, OBJNFLYHUXWUPF-IZZDOVSWSA-N, OBJNFLYHUXWUPF-IZZDOVSWSA-N, OBJNFLYHUXWUPF-IZZDOVSWSA-N",Preclinical
THZ1-R,CDK inhibitor,CDK7,,,"MedChemEx, MedChemEx",90.43,"CN(C)CCCC(=O)Nc1ccc(cc1)C(=O)Nc1cccc(Nc2ncc(Cl)c(n2)-c2c[nH]c3ccccc23)c1, CN(C)CCCC(=O)Nc1ccc(cc1)C(=O)Nc1cccc(Nc2ncc(Cl)c(n2)-c2c[nH]c3ccccc23)c1","TUERFPPIPKZNKE-UHFFFAOYSA-N, TUERFPPIPKZNKE-UHFFFAOYSA-N",Preclinical
THZ2,CDK inhibitor,CDK7,,,"MedChemEx, MedChemEx, MedChemEx, MedChemEx, MedChemEx",91.43,"CN(C)C\C=C\C(=O)Nc1cccc(c1)C(=O)Nc1cccc(Nc2ncc(Cl)c(n2)-c2c[nH]c3ccccc23)c1, CN(C)C\C=C\C(=O)Nc1cccc(c1)C(=O)Nc1cccc(Nc2ncc(Cl)c(n2)-c2c[nH]c3ccccc23)c1, CN(C)C\C=C\C(=O)Nc1cccc(c1)C(=O)Nc1cccc(Nc2ncc(Cl)c(n2)-c2c[nH]c3ccccc23)c1, CN(C)C\C=C\C(=O)Nc1cccc(c1)C(=O)Nc1cccc(Nc2ncc(Cl)c(n2)-c2c[nH]c3ccccc23)c1, CN(C)C\C=C\C(=O)Nc1cccc(c1)C(=O)Nc1cccc(Nc2ncc(Cl)c(n2)-c2c[nH]c3ccccc23)c1","FONRCZUZCHXWBD-VGOFMYFVSA-N, FONRCZUZCHXWBD-VGOFMYFVSA-N, FONRCZUZCHXWBD-VGOFMYFVSA-N, FONRCZUZCHXWBD-VGOFMYFVSA-N, FONRCZUZCHXWBD-VGOFMYFVSA-N",Preclinical
tiabendazole,angiogenesis inhibitor,,infectious disease,"gastrointestinal roundworms, hookworm","MedChemEx, MedChemEx, Selleck, MicroSource",99.12,"c1nc(cs1)-c1nc2ccccc2[nH]1, c1nc(cs1)-c1nc2ccccc2[nH]1, c1nc(cs1)-c1nc2ccccc2[nH]1, c1nc(cs1)-c1nc2ccccc2[nH]1","WJCNZQLZVWNLKY-UHFFFAOYSA-N, WJCNZQLZVWNLKY-UHFFFAOYSA-N, WJCNZQLZVWNLKY-UHFFFAOYSA-N, WJCNZQLZVWNLKY-UHFFFAOYSA-N",Launched
tiagabine,GABA uptake inhibitor,SLC6A1,neurology/psychiatry,seizures,"Tocris, Enzo, Enzo",95.06,"Cc1ccsc1C(=CCCN1CCC[C@H](C1)C(O)=O)c1sccc1C, Cc1ccsc1C(=CCCN1CCC[C@H](C1)C(O)=O)c1sccc1C, Cc1ccsc1C(=CCCN1CCC[C@H](C1)C(O)=O)c1sccc1C","PBJUNZJWGZTSKL-MRXNPFEDSA-N, PBJUNZJWGZTSKL-MRXNPFEDSA-N, PBJUNZJWGZTSKL-MRXNPFEDSA-N",Launched
tianeptine,selective serotonin reuptake enhancer (SSRE),"OPRD1, OPRK1, OPRM1","neurology/psychiatry, pulmonary, gastroenterology","depression, asthma, irritable bowel syndrome","MedChemEx, MedChemEx",98.15,"CN1c2ccccc2[C@@H](NCCCCCCC(O)=O)c2ccc(Cl)cc2S1(=O)=O |&1:8,r|, CN1c2ccccc2[C@@H](NCCCCCCC(O)=O)c2ccc(Cl)cc2S1(=O)=O |&1:8,r|","JICJBGPOMZQUBB-OAQYLSRUSA-N, JICJBGPOMZQUBB-OAQYLSRUSA-N",Launched
tiapride,dopamine receptor antagonist,"DRD2, DRD3",neurology/psychiatry,"dyskinesia, abstinence from alcohol, psychosis","MicroSource, MedChemEx, MedChemEx",98.27,"CCN(CC)CCNC(=O)c1cc(ccc1OC)S(C)(=O)=O, CCN(CC)CCNC(=O)c1cc(ccc1OC)S(C)(=O)=O, CCN(CC)CCNC(=O)c1cc(ccc1OC)S(C)(=O)=O","JTVPZMFULRWINT-UHFFFAOYSA-N, JTVPZMFULRWINT-UHFFFAOYSA-N, JTVPZMFULRWINT-UHFFFAOYSA-N",Launched
tiaprofenic-acid,cyclooxygenase inhibitor,PTGS2,rheumatology,rheumatoid arthritis,"Sigma, Sigma, Prestwick",94.01,"C[C@@H](C(O)=O)c1ccc(s1)C(=O)c1ccccc1 |&1:1,r|, C[C@@H](C(O)=O)c1ccc(s1)C(=O)c1ccccc1 |&1:1,r|, C[C@@H](C(O)=O)c1ccc(s1)C(=O)c1ccccc1 |&1:1,r|","GUHPRPJDBZHYCJ-SECBINFHSA-N, GUHPRPJDBZHYCJ-SECBINFHSA-N, GUHPRPJDBZHYCJ-SECBINFHSA-N",Launched
tiaramide,anti-inflammatory agent,,pulmonary,asthma,Sigma,99.54,OCCN1CCN(CC1)C(=O)Cn1c2cc(Cl)ccc2sc1=O,HTJXMOGUGMSZOG-UHFFFAOYSA-N,Launched
tibolone,"androgen receptor agonist, estrogen receptor agonist, progesterone receptor agonist",ESR1,obstetrics/gynecology,endometriosis,"MicroSource, MicroSource, MicroSource",93.9,"C[C@@H]1CC2=C(CCC(=O)C2)[C@H]2CC[C@@]3(C)[C@H](CC[C@@]3(O)C#C)[C@@H]12 |a:1,10,13,15,18,&1:22,t:3|, C[C@@H]1CC2=C(CCC(=O)C2)[C@H]2CC[C@@]3(C)[C@H](CC[C@@]3(O)C#C)[C@@H]12 |a:1,10,13,15,18,&1:22,t:3|, C[C@@H]1CC2=C(CCC(=O)C2)[C@H]2CC[C@@]3(C)[C@H](CC[C@@]3(O)C#C)[C@@H]12 |a:1,10,13,15,18,&1:22,t:3|","WZDGZWOAQTVYBX-TZTUDTKPSA-N, WZDGZWOAQTVYBX-TZTUDTKPSA-N, WZDGZWOAQTVYBX-TZTUDTKPSA-N",Launched
ticagrelor,purinergic receptor antagonist,P2RY12,cardiology,"acute coronary syndrome (ACS), myocardial infarction","MedChemEx, MedChemEx",97.4,"CCCSc1nc(N[C@@H]2C[C@H]2c2ccc(F)c(F)c2)c2nnn([C@@H]3C[C@H](OCCO)[C@@H](O)[C@H]3O)c2n1, CCCSc1nc(N[C@@H]2C[C@H]2c2ccc(F)c(F)c2)c2nnn([C@@H]3C[C@H](OCCO)[C@@H](O)[C@H]3O)c2n1","OEKWJQXRCDYSHL-FNOIDJSQSA-N, OEKWJQXRCDYSHL-FNOIDJSQSA-N",Launched
ticarcillin,lactamase inhibitor,,infectious disease,gram-negative bacterial infections,"MicroSource, MicroSource, Selleck, Selleck, MedChemEx",0,"CC1(C)S[C@@H]2[C@H](NC(=O)[C@H](C(O)=O)c3ccsc3)C(=O)N2[C@H]1C(O)=O, CC1(C)S[C@@H]2[C@H](NC(=O)[C@H](C(O)=O)c3ccsc3)C(=O)N2[C@H]1C(O)=O, CC1(C)S[C@@H]2[C@H](NC(=O)[C@H](C(O)=O)c3ccsc3)C(=O)N2[C@H]1C(O)=O, CC1(C)S[C@@H]2[C@H](NC(=O)[C@H](C(O)=O)c3ccsc3)C(=O)N2[C@H]1C(O)=O, CC1(C)S[C@@H]2[C@H](NC(=O)[C@H](C(O)=O)c3ccsc3)C(=O)N2[C@H]1C(O)=O","OHKOGUYZJXTSFX-KZFFXBSXSA-N, OHKOGUYZJXTSFX-KZFFXBSXSA-N, OHKOGUYZJXTSFX-KZFFXBSXSA-N, OHKOGUYZJXTSFX-KZFFXBSXSA-N, OHKOGUYZJXTSFX-KZFFXBSXSA-N",Launched
ticlopidine,purinergic receptor antagonist,P2RY12,"hematology, neurology/psychiatry","thrombosis, stroke","MicroSource, MicroSource, MicroSource, Selleck, Tocris",98.54,"Clc1ccccc1CN1CCc2sccc2C1, Clc1ccccc1CN1CCc2sccc2C1, Clc1ccccc1CN1CCc2sccc2C1, Clc1ccccc1CN1CCc2sccc2C1, Clc1ccccc1CN1CCc2sccc2C1","PHWBOXQYWZNQIN-UHFFFAOYSA-N, PHWBOXQYWZNQIN-UHFFFAOYSA-N, PHWBOXQYWZNQIN-UHFFFAOYSA-N, PHWBOXQYWZNQIN-UHFFFAOYSA-N, PHWBOXQYWZNQIN-UHFFFAOYSA-N",Launched
TIC10,"AKT inhibitor, TRAIL modulator","AKT1, MAPK1",,,"Selleck, MedChemEx",95.04,"Cc1ccccc1CN1C2=NCCN2C(=O)C2=C1CCN(Cc1ccccc1)C2 |c:18,t:10|, Cc1ccccc1CN1C2=NCCN2C(=O)C2=C1CCN(Cc1ccccc1)C2 |c:18,t:10|","RSAQARAFWMUYLL-UHFFFAOYSA-N, RSAQARAFWMUYLL-UHFFFAOYSA-N",Phase 2
tideglusib,glycogen synthase kinase inhibitor,GSK3B,,,"Selleck, Selleck, Selleck, Selleck, MedChemEx, MedChemEx",96.84,"O=c1sn(-c2cccc3ccccc23)c(=O)n1Cc1ccccc1, O=c1sn(-c2cccc3ccccc23)c(=O)n1Cc1ccccc1, O=c1sn(-c2cccc3ccccc23)c(=O)n1Cc1ccccc1, O=c1sn(-c2cccc3ccccc23)c(=O)n1Cc1ccccc1, O=c1sn(-c2cccc3ccccc23)c(=O)n1Cc1ccccc1, O=c1sn(-c2cccc3ccccc23)c(=O)n1Cc1ccccc1","PMJIHLSCWIDGMD-UHFFFAOYSA-N, PMJIHLSCWIDGMD-UHFFFAOYSA-N, PMJIHLSCWIDGMD-UHFFFAOYSA-N, PMJIHLSCWIDGMD-UHFFFAOYSA-N, PMJIHLSCWIDGMD-UHFFFAOYSA-N, PMJIHLSCWIDGMD-UHFFFAOYSA-N",Phase 2
tienilic-acid,"cytochrome P450 inhibitor, sodium/potassium/chloride transporter inhibitor","CYP2C9, SLC12A1",,,"Sigma, Sigma",99.37,"OC(=O)COc1ccc(C(=O)c2cccs2)c(Cl)c1Cl, OC(=O)COc1ccc(C(=O)c2cccs2)c(Cl)c1Cl","AGHANLSBXUWXTB-UHFFFAOYSA-N, AGHANLSBXUWXTB-UHFFFAOYSA-N",Withdrawn
tie2-kinase-inhibitor,TIE tyrosine kinase inhibitor,"KDR, MAPK14",,,"Selleck, Selleck, Selleck",93.92,"COc1ccc2cc(ccc2c1)-c1[nH]c(nc1-c1ccncc1)-c1ccc(cc1)[S@@](C)=O |r|, COc1ccc2cc(ccc2c1)-c1[nH]c(nc1-c1ccncc1)-c1ccc(cc1)[S@@](C)=O |r|, COc1ccc2cc(ccc2c1)-c1[nH]c(nc1-c1ccncc1)-c1ccc(cc1)[S@@](C)=O |r|","SINQIEAULQKUPD-JGCGQSQUSA-N, SINQIEAULQKUPD-JGCGQSQUSA-N, SINQIEAULQKUPD-JGCGQSQUSA-N",Preclinical
tifenazoxide,ATP-sensitive potassium channel agonist,"ABCC8, KCNJ11",,,"Sigma, Sigma, Sigma",95,"CC1(CC1)NC1=NS(=O)(=O)c2sc(Cl)cc2N1 |t:6|, CC1(CC1)NC1=NS(=O)(=O)c2sc(Cl)cc2N1 |t:6|, CC1(CC1)NC1=NS(=O)(=O)c2sc(Cl)cc2N1 |t:6|","KYSFUHHFTIGRJN-UHFFFAOYSA-N, KYSFUHHFTIGRJN-UHFFFAOYSA-N, KYSFUHHFTIGRJN-UHFFFAOYSA-N",Phase 1
tigecycline,bacterial 30S ribosomal subunit inhibitor,,infectious disease,"skin infections, pneumonia, intra-abdominal infections",MedChemEx,0,"[H][C@@]12Cc3c(cc(NC(=O)CNC(C)(C)C)c(O)c3C(=O)[C@@H]1C(=O)[C@]1(O)C(=O)[C@H](C(N)=O)C(=O)[C@@H](N(C)C)[C@]1([H])C2)N(C)C |&1:28,&2:21|",CGZOGNUFXMNYEI-PBZRBWFISA-N,Launched
tilmicosin,bacterial 50S ribosomal subunit inhibitor,,pulmonary,bovine respiratory disease (BRD),MedChemEx,67.94,"CC[C@H]1OC(=O)C[C@@H](O)[C@H](C)[C@@H](O[C@@H]2O[C@H](C)[C@@H](O)[C@@H]([C@H]2O)N(C)C)[C@@H](CCN2C[C@@H](C)C[C@@H](C)C2)C[C@@H](C)C(=O)\C=C\C(\C)=C\[C@@H]1CO[C@@H]1O[C@H](C)[C@@H](O)[C@@H](OC)[C@H]1OC |t:43,46|",JTSDBFGMPLKDCD-UYPDHHONSA-N,Launched
tilorone,interferon inducer,,"infectious disease, gastroenterology, neurology/psychiatry","influenza A virus infection, diarrhea, hepatitis B, multiple sclerosis, urinary tract infections, virus herpes simplex (HSV), hepatitis C","MedChemEx, MedChemEx, MicroSource",95.68,"CCN(CC)CCOc1ccc2-c3ccc(OCCN(CC)CC)cc3C(=O)c2c1, CCN(CC)CCOc1ccc2-c3ccc(OCCN(CC)CC)cc3C(=O)c2c1, CCN(CC)CCOc1ccc2-c3ccc(OCCN(CC)CC)cc3C(=O)c2c1","MPMFCABZENCRHV-UHFFFAOYSA-N, MPMFCABZENCRHV-UHFFFAOYSA-N, MPMFCABZENCRHV-UHFFFAOYSA-N",Launched
tiludronate,"bone resorption inhibitor, osteoclast inhibitor","ATP6V1A, MMP2, PTPN1",orthopedics,navicular syndrome,"Enzo, Enzo",100,"OP(O)(=O)C(Sc1ccc(Cl)cc1)P(O)(O)=O, OP(O)(=O)C(Sc1ccc(Cl)cc1)P(O)(O)=O","DKJJVAGXPKPDRL-UHFFFAOYSA-N, DKJJVAGXPKPDRL-UHFFFAOYSA-N",Launched
timofibrate,"cholesterol inhibitor, lipase clearing factor inhibitor",LPL,,,"Enamine, Enamine, Enamine, Enamine, Enamine",98.06,"CC(C)(Oc1ccc(Cl)cc1)C(=O)N1CSC[C@@H]1C(O)=O |&1:17,r|, CC(C)(Oc1ccc(Cl)cc1)C(=O)N1CSC[C@@H]1C(O)=O |&1:17,r|, CC(C)(Oc1ccc(Cl)cc1)C(=O)N1CSC[C@@H]1C(O)=O |&1:17,r|, CC(C)(Oc1ccc(Cl)cc1)C(=O)N1CSC[C@@H]1C(O)=O |&1:17,r|, CC(C)(Oc1ccc(Cl)cc1)C(=O)N1CSC[C@@H]1C(O)=O |&1:17,r|","QSNOWCXXECLALL-LLVKDONJSA-N, QSNOWCXXECLALL-LLVKDONJSA-N, QSNOWCXXECLALL-LLVKDONJSA-N, QSNOWCXXECLALL-LLVKDONJSA-N, QSNOWCXXECLALL-LLVKDONJSA-N",Phase 2
timolol,adrenergic receptor antagonist,"ADRB1, ADRB2",ophthalmology,"ocular hypertension, glaucoma","Tocris, Tocris, Selleck",94.28,"CC(C)(C)NC[C@H](O)COc1nsnc1N1CCOCC1, CC(C)(C)NC[C@H](O)COc1nsnc1N1CCOCC1, CC(C)(C)NC[C@H](O)COc1nsnc1N1CCOCC1","BLJRIMJGRPQVNF-JTQLQIEISA-N, BLJRIMJGRPQVNF-JTQLQIEISA-N, BLJRIMJGRPQVNF-JTQLQIEISA-N",Launched
timonacic,antioxidant,,,,MedChemEx,100,OC(=O)[C@H]1CSCN1 |&1:3|,DZLNHFMRPBPULJ-GSVOUGTGSA-N,Launched
tinazoline,adrenergic receptor agonist,,,,Enamine,44.23,C1CN=C(N1)Sc1c[nH]c2ccccc12 |c:2|,JENBDJGHNIOHAJ-UHFFFAOYSA-N,Launched
tinidazole,antiprotozoal agent,,"infectious disease, obstetrics/gynecology","giardiasis, amebiasis, bacterial vaginosis, trichomoniasis","MedChemEx, Selleck, MicroSource, Selleck, Selleck",98.57,"CCS(=O)(=O)CCn1c(C)ncc1[N+]([O-])=O, CCS(=O)(=O)CCn1c(C)ncc1[N+]([O-])=O, CCS(=O)(=O)CCn1c(C)ncc1[N+]([O-])=O, CCS(=O)(=O)CCn1c(C)ncc1[N+]([O-])=O, CCS(=O)(=O)CCn1c(C)ncc1[N+]([O-])=O","HJLSLZFTEKNLFI-UHFFFAOYSA-N, HJLSLZFTEKNLFI-UHFFFAOYSA-N, HJLSLZFTEKNLFI-UHFFFAOYSA-N, HJLSLZFTEKNLFI-UHFFFAOYSA-N, HJLSLZFTEKNLFI-UHFFFAOYSA-N",Launched
tinoridine,anti-inflammatory agent,,neurology/psychiatry,pain relief,MedChemEx,94.02,CCOC(=O)c1c(N)sc2CN(Cc3ccccc3)CCc12,PFENFDGYVLAFBR-UHFFFAOYSA-N,Launched
tioconazole,sterol demethylase inhibitor,,infectious disease,yeast infection,MedChemEx,98.21,Clc1sccc1CO[C@@H](Cn1ccnc1)c1ccc(Cl)cc1Cl |&1:8|,QXHHHPZILQDDPS-HNNXBMFYSA-N,Launched
tioguanine,purine antagonist,,hematologic malignancy,"acute myeloid leukemia (AML), acute lymphoblastic leukemia (ALL), chronic myeloid leukemia (CML)","Prestwick, Prestwick, Prestwick, Toronto, Toronto",100,"Nc1nc(=S)c2ncn([C@@H]3O[C@H](CO)[C@@H](O)[C@H]3O)c2[nH]1, Nc1nc(=S)c2ncn([C@@H]3O[C@H](CO)[C@@H](O)[C@H]3O)c2[nH]1, Nc1nc(=S)c2ncn([C@@H]3O[C@H](CO)[C@@H](O)[C@H]3O)c2[nH]1, Nc1nc(=S)c2ncn([C@@H]3O[C@H](CO)[C@@H](O)[C@H]3O)c2[nH]1, Nc1nc(=S)c2ncn([C@@H]3O[C@H](CO)[C@@H](O)[C@H]3O)c2[nH]1","OTDJAMXESTUWLO-UUOKFMHZSA-N, OTDJAMXESTUWLO-UUOKFMHZSA-N, OTDJAMXESTUWLO-UUOKFMHZSA-N, OTDJAMXESTUWLO-UUOKFMHZSA-N, OTDJAMXESTUWLO-UUOKFMHZSA-N",Launched
tiopronin,"chelating agent, reducing agent",,urology,kidney stones,"MedChemEx, Sigma, MicroSource, Selleck, Selleck",91.45,"C[C@@H](S)C(=O)NCC(O)=O |&1:1,r|, C[C@@H](S)C(=O)NCC(O)=O |&1:1,r|, C[C@@H](S)C(=O)NCC(O)=O |&1:1,r|, C[C@@H](S)C(=O)NCC(O)=O |&1:1,r|, C[C@@H](S)C(=O)NCC(O)=O |&1:1,r|","YTGJWQPHMWSCST-GSVOUGTGSA-N, YTGJWQPHMWSCST-GSVOUGTGSA-N, YTGJWQPHMWSCST-GSVOUGTGSA-N, YTGJWQPHMWSCST-GSVOUGTGSA-N, YTGJWQPHMWSCST-GSVOUGTGSA-N",Launched
tiotidine,histamine receptor antagonist,HRH2,,,Tocris,96.18,CN=C(NCCSCc1csc(NC(N)=N)n1)NC#N,YDDXVAXDYKBWDX-UHFFFAOYSA-N,Phase 2
tiotropium,acetylcholine receptor antagonist,"CHRM1, CHRM2, CHRM3",pulmonary,"chronic obstructive pulmonary disease (COPD), bronchitis, emphysema","Selleck, Selleck",93.69,"C[N+]1(C)[C@H]2C[C@@H](C[C@@H]1[C@H]1O[C@@H]21)OC(=O)C(O)(c1cccs1)c1cccs1, C[N+]1(C)[C@H]2C[C@@H](C[C@@H]1[C@H]1O[C@@H]21)OC(=O)C(O)(c1cccs1)c1cccs1","LERNTVKEWCAPOY-DZZGSBJMSA-N, LERNTVKEWCAPOY-DZZGSBJMSA-N",Launched
tioxolone,carbonic anhydrase inhibitor,CA2,,,"MedChemEx, MicroSource, Selleck",93.15,"Oc1ccc2sc(=O)oc2c1, Oc1ccc2sc(=O)oc2c1, Oc1ccc2sc(=O)oc2c1","SLYPOVJCSQHITR-UHFFFAOYSA-N, SLYPOVJCSQHITR-UHFFFAOYSA-N, SLYPOVJCSQHITR-UHFFFAOYSA-N",Preclinical
tipelukast,leukotriene receptor antagonist,,,,Sigma,97.11,CCCc1c(O)c(ccc1SCCCOc1ccc(C(C)=O)c(OCCCC(O)=O)c1CCC)C(C)=O,KPWYNAGOBXLMSE-UHFFFAOYSA-N,Phase 2
tipifarnib,farnesyltransferase inhibitor,"FNTA, FNTB",,,"Selleck, Selleck, Selleck, Selleck, Selleck, Selleck",99.07,"Cn1cncc1[C@@](N)(c1ccc(Cl)cc1)c1ccc2n(C)c(=O)cc(-c3cccc(Cl)c3)c2c1, Cn1cncc1[C@@](N)(c1ccc(Cl)cc1)c1ccc2n(C)c(=O)cc(-c3cccc(Cl)c3)c2c1, Cn1cncc1[C@@](N)(c1ccc(Cl)cc1)c1ccc2n(C)c(=O)cc(-c3cccc(Cl)c3)c2c1, Cn1cncc1[C@@](N)(c1ccc(Cl)cc1)c1ccc2n(C)c(=O)cc(-c3cccc(Cl)c3)c2c1, Cn1cncc1[C@@](N)(c1ccc(Cl)cc1)c1ccc2n(C)c(=O)cc(-c3cccc(Cl)c3)c2c1, Cn1cncc1[C@@](N)(c1ccc(Cl)cc1)c1ccc2n(C)c(=O)cc(-c3cccc(Cl)c3)c2c1","PLHJCIYEEKOWNM-HHHXNRCGSA-N, PLHJCIYEEKOWNM-HHHXNRCGSA-N, PLHJCIYEEKOWNM-HHHXNRCGSA-N, PLHJCIYEEKOWNM-HHHXNRCGSA-N, PLHJCIYEEKOWNM-HHHXNRCGSA-N, InChI=1S/C27H22Cl2N4O/c1-32-16-31-15-25(32)27(30,18-6-9-20(28)10-7-18)19-8-11-24-23(13-19)22(14-26(34)33(24)2)17-4-3-5-21(29)12-17/h3-16H,30H2,1-2H3/t27-/m1/s1",Phase 3
tipiracil,thymidine phosphorylase inhibitor,,oncology,colorectal cancer,"MedChemEx, MedChemEx, MedChemEx",100,"Clc1c(CN2CCCC2=N)[nH]c(=O)[nH]c1=O, Clc1c(CN2CCCC2=N)[nH]c(=O)[nH]c1=O, Clc1c(CN2CCCC2=N)[nH]c(=O)[nH]c1=O","QQHMKNYGKVVGCZ-UHFFFAOYSA-N, QQHMKNYGKVVGCZ-UHFFFAOYSA-N, QQHMKNYGKVVGCZ-UHFFFAOYSA-N",Launched
tiplaxtinin,plasminogen activator inhibitor,SERPINE1,,,"Tocris, MedChemEx, MedChemEx, MedChemEx",92.85,"OC(=O)C(=O)c1cn(Cc2ccccc2)c2ccc(cc12)-c1ccc(OC(F)(F)F)cc1, OC(=O)C(=O)c1cn(Cc2ccccc2)c2ccc(cc12)-c1ccc(OC(F)(F)F)cc1, OC(=O)C(=O)c1cn(Cc2ccccc2)c2ccc(cc12)-c1ccc(OC(F)(F)F)cc1, OC(=O)C(=O)c1cn(Cc2ccccc2)c2ccc(cc12)-c1ccc(OC(F)(F)F)cc1","ODXQFEWQSHNQNI-UHFFFAOYSA-N, ODXQFEWQSHNQNI-UHFFFAOYSA-N, ODXQFEWQSHNQNI-UHFFFAOYSA-N, ODXQFEWQSHNQNI-UHFFFAOYSA-N",Phase 1
tipranavir,HIV protease inhibitor,,infectious disease,human immunodeficiency virus (HIV-1),"MedChemEx, MedChemEx, MedChemEx, MedChemEx",88.06,"CCC[C@@]1(CCc2ccccc2)CC(=O)[C@@H]([C@H](CC)c2cccc(NS(=O)(=O)c3ccc(cn3)C(F)(F)F)c2)C(=O)O1 |a:3,16,&1:15|, CCC[C@@]1(CCc2ccccc2)CC(=O)[C@@H]([C@H](CC)c2cccc(NS(=O)(=O)c3ccc(cn3)C(F)(F)F)c2)C(=O)O1 |a:3,16,&1:15|, CCC[C@@]1(CCc2ccccc2)CC(=O)[C@@H]([C@H](CC)c2cccc(NS(=O)(=O)c3ccc(cn3)C(F)(F)F)c2)C(=O)O1 |a:3,16,&1:15|, CCC[C@@]1(CCc2ccccc2)CC(=O)[C@@H]([C@H](CC)c2cccc(NS(=O)(=O)c3ccc(cn3)C(F)(F)F)c2)C(=O)O1 |a:3,16,&1:15|","MYXACKZCYFKMTE-WWKQIGMOSA-N, MYXACKZCYFKMTE-WWKQIGMOSA-N, MYXACKZCYFKMTE-WWKQIGMOSA-N, MYXACKZCYFKMTE-WWKQIGMOSA-N",Launched
tiprenolol,adrenergic receptor antagonist,"ADRB1, ADRB2, ADRB3",,,Enamine,96.46,"CSc1ccccc1OC[C@@H](O)CNC(C)C |&1:10,r|",CSUNLSYSEQIDMO-NSHDSACASA-N,Phase 2
tiquizium,acetylcholine receptor antagonist,,neurology/psychiatry,spasms,AKSci,97.14,C[N@+]12CCCC[C@@H]1CCC(C2)=C(c1cccs1)c1cccs1,ZGSDGGRVFIYKKE-OXQOHEQNSA-N,Launched
tiracizine,sodium channel blocker,SCN5A,,,ChemDiv,98.01,CCOC(=O)Nc1ccc2CCc3ccccc3N(C(=O)CN(C)C)c2c1,KJAMZCVTJDTESW-UHFFFAOYSA-N,Withdrawn
tirapazamine,DNA inhibitor,,,,"Adooq, Adooq, Adooq, Adooq, MedChemEx",98.06,"Nc1n[n+]([O-])c2ccccc2[n+]1[O-], Nc1n[n+]([O-])c2ccccc2[n+]1[O-], Nc1n[n+]([O-])c2ccccc2[n+]1[O-], Nc1n[n+]([O-])c2ccccc2[n+]1[O-], Nc1n[n+]([O-])c2ccccc2[n+]1[O-]","ORYDPOVDJJZGHQ-UHFFFAOYSA-N, ORYDPOVDJJZGHQ-UHFFFAOYSA-N, ORYDPOVDJJZGHQ-UHFFFAOYSA-N, ORYDPOVDJJZGHQ-UHFFFAOYSA-N, ORYDPOVDJJZGHQ-UHFFFAOYSA-N",Phase 3
tirasemtiv,troponin activator,,,,"MedChemEx, MedChemEx",99.62,"CCC(CC)n1c2nc(cnc2[nH]c1=O)C#C, CCC(CC)n1c2nc(cnc2[nH]c1=O)C#C","RSQGZEAXODVTOL-UHFFFAOYSA-N, RSQGZEAXODVTOL-UHFFFAOYSA-N",Phase 2
tiratricol,thyroid hormone stimulant,"THRA, THRB",endocrinology,Refetoff syndrome,"Selleck, MicroSource, Selleck",92.5,"OC(=O)Cc1cc(I)c(Oc2ccc(O)c(I)c2)c(I)c1, OC(=O)Cc1cc(I)c(Oc2ccc(O)c(I)c2)c(I)c1, OC(=O)Cc1cc(I)c(Oc2ccc(O)c(I)c2)c(I)c1","UOWZUVNAGUAEQC-UHFFFAOYSA-N, UOWZUVNAGUAEQC-UHFFFAOYSA-N, UOWZUVNAGUAEQC-UHFFFAOYSA-N",Launched
tirofiban,"platelet aggregation inhibitor, structural glycoprotein antagonist","ITGA2B, ITGB3",cardiology,"myocardial infarction, refactory angina","Enzo, Enzo",97.97,"CCCCS(=O)(=O)N[C@@H](Cc1ccc(OCCCCC2CCNCC2)cc1)C(O)=O, CCCCS(=O)(=O)N[C@@H](Cc1ccc(OCCCCC2CCNCC2)cc1)C(O)=O","COKMIXFXJJXBQG-NRFANRHFSA-N, COKMIXFXJJXBQG-NRFANRHFSA-N",Launched
titanocene-dichloride,apoptosis stimulant,,,,"Sigma, Oakwood",98.9,"Cl[Ti](Cl)(C1C=CC=C1)C1C=CC=C1 |c:4,6,10,12|, Cl[Ti](Cl)(C1C=CC=C1)C1C=CC=C1 |c:4,6,10,12|","XKLWATAZDMHTSH-UHFFFAOYSA-L, XKLWATAZDMHTSH-UHFFFAOYSA-L",Phase 2
tivantinib,tyrosine kinase inhibitor,MET,,,"MedChemEx, MedChemEx, MedChemEx, MedChemEx",98.79,"O=C1NC(=O)[C@H]([C@@H]1c1c[nH]c2ccccc12)c1cn2CCCc3cccc1c23, O=C1NC(=O)[C@H]([C@@H]1c1c[nH]c2ccccc12)c1cn2CCCc3cccc1c23, O=C1NC(=O)[C@H]([C@@H]1c1c[nH]c2ccccc12)c1cn2CCCc3cccc1c23, O=C1NC(=O)[C@H]([C@@H]1c1c[nH]c2ccccc12)c1cn2CCCc3cccc1c23","UCEQXRCJXIVODC-PMACEKPBSA-N, UCEQXRCJXIVODC-PMACEKPBSA-N, UCEQXRCJXIVODC-PMACEKPBSA-N, UCEQXRCJXIVODC-PMACEKPBSA-N",Phase 3
tivozanib,VEGFR inhibitor,"FLT1, FLT4, KDR, KIT, PDGFRA, PDGFRB",oncology,renal cell carcinoma (RCC),"Selleck, Selleck, Selleck, Selleck, Selleck, Selleck",97.41,"COc1cc2nccc(Oc3ccc(NC(=O)Nc4cc(C)on4)c(Cl)c3)c2cc1OC, COc1cc2nccc(Oc3ccc(NC(=O)Nc4cc(C)on4)c(Cl)c3)c2cc1OC, COc1cc2nccc(Oc3ccc(NC(=O)Nc4cc(C)on4)c(Cl)c3)c2cc1OC, COc1cc2nccc(Oc3ccc(NC(=O)Nc4cc(C)on4)c(Cl)c3)c2cc1OC, COc1cc2nccc(Oc3ccc(NC(=O)Nc4cc(C)on4)c(Cl)c3)c2cc1OC, COc1cc2nccc(Oc3ccc(NC(=O)Nc4cc(C)on4)c(Cl)c3)c2cc1OC","SPMVMDHWKHCIDT-UHFFFAOYSA-N, SPMVMDHWKHCIDT-UHFFFAOYSA-N, SPMVMDHWKHCIDT-UHFFFAOYSA-N, SPMVMDHWKHCIDT-UHFFFAOYSA-N, SPMVMDHWKHCIDT-UHFFFAOYSA-N, SPMVMDHWKHCIDT-UHFFFAOYSA-N",Launched
tizanidine,adrenergic receptor agonist,"ADRA2A, ADRA2B, ADRA2C, NISCH",neurology/psychiatry,spasms,"Tocris, Tocris, Selleck, Selleck, Selleck",98.81,"Clc1ccc2nsnc2c1NC1=NCCN1 |t:13|, Clc1ccc2nsnc2c1NC1=NCCN1 |t:13|, Clc1ccc2nsnc2c1NC1=NCCN1 |t:13|, Clc1ccc2nsnc2c1NC1=NCCN1 |t:13|, Clc1ccc2nsnc2c1NC1=NCCN1 |t:13|","XFYDIVBRZNQMJC-UHFFFAOYSA-N, XFYDIVBRZNQMJC-UHFFFAOYSA-N, XFYDIVBRZNQMJC-UHFFFAOYSA-N, XFYDIVBRZNQMJC-UHFFFAOYSA-N, XFYDIVBRZNQMJC-UHFFFAOYSA-N",Launched
TMC-353121,RSV fusion inhibitor,,,,"MedChemEx, MedChemEx",96.14,"Cc1ccc(CCCO)c(NCc2ccc3nc(NCCCN4CCOCC4)n(Cc4nc(C)ccc4O)c3c2)c1, Cc1ccc(CCCO)c(NCc2ccc3nc(NCCCN4CCOCC4)n(Cc4nc(C)ccc4O)c3c2)c1","DKORMNNYNRPTBJ-UHFFFAOYSA-N, DKORMNNYNRPTBJ-UHFFFAOYSA-N",Phase 2
TMC647055,RNA polymerase inhibitor,,,,MedChemEx,97.37,COc1ccc2-c3c(C4CCCCC4)c4ccc5cc4n3CC(=Cc2c1)C(=O)N(C)CCOCCN(C)S(=O)(=O)NC5=O |c:25|,UOBYJVFBFSLCTQ-UHFFFAOYSA-N,Phase 2
TMN-355,cyclophilin inhibitor,PPIA,,,"Tocris, Tocris",96.06,"Fc1cccc(Cl)c1C(=O)NC(=O)NC1c2ccccc2-c2ccccc12, Fc1cccc(Cl)c1C(=O)NC(=O)NC1c2ccccc2-c2ccccc12","SFNLLCUAISZNRV-UHFFFAOYSA-N, SFNLLCUAISZNRV-UHFFFAOYSA-N",Preclinical
TMPH,,,,,"Tocris, Tocris, Tocris",100,"CCCCCCC(=O)OC1CC(C)(C)NC(C)(C)C1, CCCCCCC(=O)OC1CC(C)(C)NC(C)(C)C1, CCCCCCC(=O)OC1CC(C)(C)NC(C)(C)C1","PWWKJRFUJIFGGD-UHFFFAOYSA-N, PWWKJRFUJIFGGD-UHFFFAOYSA-N, PWWKJRFUJIFGGD-UHFFFAOYSA-N",Preclinical
TMS,,,,,"Tocris, Tocris, Tocris, Tocris, Tocris",96.72,"COc1ccc(\C=C\c2cc(OC)cc(OC)c2)c(OC)c1, COc1ccc(\C=C\c2cc(OC)cc(OC)c2)c(OC)c1, COc1ccc(\C=C\c2cc(OC)cc(OC)c2)c(OC)c1, COc1ccc(\C=C\c2cc(OC)cc(OC)c2)c(OC)c1, COc1ccc(\C=C\c2cc(OC)cc(OC)c2)c(OC)c1","JDBCWSHYEQUBLW-AATRIKPKSA-N, JDBCWSHYEQUBLW-AATRIKPKSA-N, JDBCWSHYEQUBLW-AATRIKPKSA-N, JDBCWSHYEQUBLW-AATRIKPKSA-N, JDBCWSHYEQUBLW-AATRIKPKSA-N",Preclinical
TNP-470,methionine aminopeptidase inhibitor,METAP2,,,"Sigma, Sigma, Sigma",80.16,"CO[C@@H]1[C@@H](CC[C@]2(CO2)[C@H]1[C@@]1(C)O[C@@H]1CC=C(C)C)OC(=O)NC(=O)CCl, CO[C@@H]1[C@@H](CC[C@]2(CO2)[C@H]1[C@@]1(C)O[C@@H]1CC=C(C)C)OC(=O)NC(=O)CCl, CO[C@@H]1[C@@H](CC[C@]2(CO2)[C@H]1[C@@]1(C)O[C@@H]1CC=C(C)C)OC(=O)NC(=O)CCl","MSHZHSPISPJWHW-PVDLLORBSA-N, MSHZHSPISPJWHW-PVDLLORBSA-N, MSHZHSPISPJWHW-PVDLLORBSA-N",Phase 2
tobramycin,bacterial 30S ribosomal subunit inhibitor,,infectious disease,"bacterial septicemia, respiratory tract infections, meningitis, skin infections, urinary tract infections","MicroSource, Selleck, Selleck",100,"NC[C@H]1O[C@H](O[C@@H]2[C@@H](N)C[C@@H](N)[C@H](O[C@H]3O[C@H](CO)[C@@H](O)[C@H](N)[C@H]3O)[C@H]2O)[C@H](N)C[C@@H]1O, NC[C@H]1O[C@H](O[C@@H]2[C@@H](N)C[C@@H](N)[C@H](O[C@H]3O[C@H](CO)[C@@H](O)[C@H](N)[C@H]3O)[C@H]2O)[C@H](N)C[C@@H]1O, NC[C@H]1O[C@H](O[C@@H]2[C@@H](N)C[C@@H](N)[C@H](O[C@H]3O[C@H](CO)[C@@H](O)[C@H](N)[C@H]3O)[C@H]2O)[C@H](N)C[C@@H]1O","NLVFBUXFDBBNBW-PBSUHMDJSA-N, NLVFBUXFDBBNBW-PBSUHMDJSA-N, NLVFBUXFDBBNBW-PBSUHMDJSA-N",Launched
tocainide,sodium channel blocker,SCN5A,cardiology,cardiac arrythmia,"Sigma, Sigma",98.08,"C[C@@H](N)C(=O)Nc1c(C)cccc1C |&1:1,r|, C[C@@H](N)C(=O)Nc1c(C)cccc1C |&1:1,r|","BUJAGSGYPOAWEI-SECBINFHSA-N, BUJAGSGYPOAWEI-SECBINFHSA-N",Launched
toceranib,protein tyrosine kinase inhibitor,"FLT1, FLT3, KDR, PDGFRA, PDGFRB",oncology,cutaneous mast cell tumors,"MedChemEx, MedChemEx, MedChemEx, MedChemEx",92.31,"Cc1[nH]c(\C=C2/C(=O)Nc3ccc(F)cc23)c(C)c1C(=O)NCCN1CCCC1, Cc1[nH]c(\C=C2/C(=O)Nc3ccc(F)cc23)c(C)c1C(=O)NCCN1CCCC1, Cc1[nH]c(\C=C2/C(=O)Nc3ccc(F)cc23)c(C)c1C(=O)NCCN1CCCC1, Cc1[nH]c(\C=C2/C(=O)Nc3ccc(F)cc23)c(C)c1C(=O)NCCN1CCCC1","SRSGVKWWVXWSJT-ATVHPVEESA-N, SRSGVKWWVXWSJT-ATVHPVEESA-N, SRSGVKWWVXWSJT-ATVHPVEESA-N, SRSGVKWWVXWSJT-ATVHPVEESA-N",Launched
tocofersolan,antioxidant,,cardiology,cerebral cholesterosis,"MedChemEx, MedChemEx",0,"CC(C)CCC[C@@H](C)CCC[C@@H](C)CCC[C@]1(C)CCc2c(C)c(OC(=O)CCC(=O)OCCO)c(C)c(C)c2O1, CC(C)CCC[C@@H](C)CCC[C@@H](C)CCC[C@]1(C)CCc2c(C)c(OC(=O)CCC(=O)OCCO)c(C)c(C)c2O1","AOBORMOPSGHCAX-AZAGJHQNSA-N, AOBORMOPSGHCAX-AZAGJHQNSA-N",Launched
todralazine,antihypertensive agent,,cardiology,hypertension,MicroSource,89.59,CCOC(=O)NNc1nncc2ccccc12,WGZDBVOTUVNQFP-UHFFFAOYSA-N,Launched
tofacitinib,JAK inhibitor,"JAK1, JAK2, JAK3",rheumatology,rheumatoid arthritis,"Tocris, Selleck, Selleck, Selleck, Selleck, Selleck, Selleck, Selleck",98.2,"C[C@@H]1CCN(C[C@@H]1N(C)c1ncnc2[nH]ccc12)C(=O)CC#N, C[C@@H]1CCN(C[C@@H]1N(C)c1ncnc2[nH]ccc12)C(=O)CC#N, C[C@@H]1CCN(C[C@@H]1N(C)c1ncnc2[nH]ccc12)C(=O)CC#N, C[C@@H]1CCN(C[C@@H]1N(C)c1ncnc2[nH]ccc12)C(=O)CC#N, C[C@@H]1CCN(C[C@@H]1N(C)c1ncnc2[nH]ccc12)C(=O)CC#N, C[C@@H]1CCN(C[C@@H]1N(C)c1ncnc2[nH]ccc12)C(=O)CC#N, C[C@@H]1CCN(C[C@@H]1N(C)c1ncnc2[nH]ccc12)C(=O)CC#N, C[C@@H]1CCN(C[C@@H]1N(C)c1ncnc2[nH]ccc12)C(=O)CC#N","UJLAWZDWDVHWOW-YPMHNXCESA-N, UJLAWZDWDVHWOW-YPMHNXCESA-N, UJLAWZDWDVHWOW-YPMHNXCESA-N, UJLAWZDWDVHWOW-YPMHNXCESA-N, UJLAWZDWDVHWOW-YPMHNXCESA-N, UJLAWZDWDVHWOW-YPMHNXCESA-N, UJLAWZDWDVHWOW-YPMHNXCESA-N, UJLAWZDWDVHWOW-YPMHNXCESA-N",Launched
tofisopam,"cytochrome P450 inhibitor, phosphodiesterase inhibitor",CYP3A4,neurology/psychiatry,"anxiety, abstinence from alcohol","Sigma, Sigma",80.14,"CCC1=C(C)NN=C(c2ccc(OC)c(OC)c2)c2cc(OC)c(OC)cc12 |c:2,t:6|, CCC1=C(C)NN=C(c2ccc(OC)c(OC)c2)c2cc(OC)c(OC)cc12 |c:2,t:6|","LOUZDJSQOFXLAP-UHFFFAOYSA-N, LOUZDJSQOFXLAP-UHFFFAOYSA-N",Launched
tofogliflozin,sodium/glucose cotransporter inhibitor,GCK,endocrinology,diabetes mellitus,"MedChemEx, MedChemEx, MedChemEx, MedChemEx, MedChemEx",95.64,"CCc1ccc(Cc2ccc3CO[C@]4(O[C@H](CO)[C@@H](O)[C@H](O)[C@H]4O)c3c2)cc1, CCc1ccc(Cc2ccc3CO[C@]4(O[C@H](CO)[C@@H](O)[C@H](O)[C@H]4O)c3c2)cc1, CCc1ccc(Cc2ccc3CO[C@]4(O[C@H](CO)[C@@H](O)[C@H](O)[C@H]4O)c3c2)cc1, CCc1ccc(Cc2ccc3CO[C@]4(O[C@H](CO)[C@@H](O)[C@H](O)[C@H]4O)c3c2)cc1, CCc1ccc(Cc2ccc3CO[C@]4(O[C@H](CO)[C@@H](O)[C@H](O)[C@H]4O)c3c2)cc1","VWVKUNOPTJGDOB-BDHVOXNPSA-N, VWVKUNOPTJGDOB-BDHVOXNPSA-N, VWVKUNOPTJGDOB-BDHVOXNPSA-N, VWVKUNOPTJGDOB-BDHVOXNPSA-N, VWVKUNOPTJGDOB-BDHVOXNPSA-N",Launched
tolamolol,adrenergic receptor antagonist,"ADRB1, ADRB2, ADRB3",,,Sigma,94.9,"Cc1ccccc1OC[C@@H](O)CNCCOc1ccc(cc1)C(N)=O |&1:9,r|",SKQDKFOTIPJUSV-INIZCTEOSA-N,Phase 3
tolazamide,ATP channel blocker,"ABCC8, KCNJ1, KCNJ10, KCNJ11",endocrinology,diabetes mellitus,"Selleck, MicroSource, Selleck",97.65,"Cc1ccc(cc1)S(=O)(=O)NC(=O)NN1CCCCCC1, Cc1ccc(cc1)S(=O)(=O)NC(=O)NN1CCCCCC1, Cc1ccc(cc1)S(=O)(=O)NC(=O)NN1CCCCCC1","OUDSBRTVNLOZBN-UHFFFAOYSA-N, OUDSBRTVNLOZBN-UHFFFAOYSA-N, OUDSBRTVNLOZBN-UHFFFAOYSA-N",Launched
tolazoline,adrenergic receptor antagonist,"ADRA1A, ADRA2A, ADRA2B, ADRA2C, HRH1, HRH2",neurology/psychiatry,reverse sedative,"MedChemEx, MicroSource, Selleck",98.11,"C(C1=NCCN1)c1ccccc1 |t:1|, C(C1=NCCN1)c1ccccc1 |t:1|, C(C1=NCCN1)c1ccccc1 |t:1|","JIVZKJJQOZQXQB-UHFFFAOYSA-N, JIVZKJJQOZQXQB-UHFFFAOYSA-N, JIVZKJJQOZQXQB-UHFFFAOYSA-N",Launched
tolbutamide,ATP channel blocker,"ABCC8, KCNJ1, KCNJ11, KCNJ8",endocrinology,diabetes mellitus,"MedChemEx, MicroSource, Selleck",98.93,"CCCCNC(=O)NS(=O)(=O)c1ccc(C)cc1, CCCCNC(=O)NS(=O)(=O)c1ccc(C)cc1, CCCCNC(=O)NS(=O)(=O)c1ccc(C)cc1","JLRGJRBPOGGCBT-UHFFFAOYSA-N, JLRGJRBPOGGCBT-UHFFFAOYSA-N, JLRGJRBPOGGCBT-UHFFFAOYSA-N",Launched
tolcapone,catechol O methyltransferase inhibitor,COMT,,,"Tocris, Tocris, Selleck, Selleck, Selleck, Selleck, Selleck",100,"Cc1ccc(cc1)C(=O)c1cc(O)c(O)c(c1)[N+]([O-])=O, Cc1ccc(cc1)C(=O)c1cc(O)c(O)c(c1)[N+]([O-])=O, Cc1ccc(cc1)C(=O)c1cc(O)c(O)c(c1)[N+]([O-])=O, Cc1ccc(cc1)C(=O)c1cc(O)c(O)c(c1)[N+]([O-])=O, Cc1ccc(cc1)C(=O)c1cc(O)c(O)c(c1)[N+]([O-])=O, Cc1ccc(cc1)C(=O)c1cc(O)c(O)c(c1)[N+]([O-])=O, Cc1ccc(cc1)C(=O)c1cc(O)c(O)c(c1)[N+]([O-])=O","MIQPIUSUKVNLNT-UHFFFAOYSA-N, MIQPIUSUKVNLNT-UHFFFAOYSA-N, MIQPIUSUKVNLNT-UHFFFAOYSA-N, MIQPIUSUKVNLNT-UHFFFAOYSA-N, MIQPIUSUKVNLNT-UHFFFAOYSA-N, MIQPIUSUKVNLNT-UHFFFAOYSA-N, MIQPIUSUKVNLNT-UHFFFAOYSA-N",Withdrawn
tolfenamic-acid,"cyclooxygenase inhibitor, prostanoid receptor antagonist",,neurology/psychiatry,migraine headache,"MedChemEx, MicroSource, Selleck",99.01,"Cc1c(Cl)cccc1Nc1ccccc1C(O)=O, Cc1c(Cl)cccc1Nc1ccccc1C(O)=O, Cc1c(Cl)cccc1Nc1ccccc1C(O)=O","YEZNLOUZAIOMLT-UHFFFAOYSA-N, YEZNLOUZAIOMLT-UHFFFAOYSA-N, YEZNLOUZAIOMLT-UHFFFAOYSA-N",Launched
tolimidone,SRC activator,"LYN, SRC",,,"Tocris, Tocris, Axon",99.28,"Cc1cccc(Oc2cnc(=O)[nH]c2)c1, Cc1cccc(Oc2cnc(=O)[nH]c2)c1, Cc1cccc(Oc2cnc(=O)[nH]c2)c1","HJQILFPVRNHTIG-UHFFFAOYSA-N, HJQILFPVRNHTIG-UHFFFAOYSA-N, HJQILFPVRNHTIG-UHFFFAOYSA-N",Phase 2
tolmetin,cyclooxygenase inhibitor,"PTGS1, PTGS2",rheumatology,"rheumatoid arthritis, osteoarthritis","MedChemEx, Selleck, MicroSource",98.68,"Cc1ccc(cc1)C(=O)c1ccc(CC(O)=O)n1C, Cc1ccc(cc1)C(=O)c1ccc(CC(O)=O)n1C, Cc1ccc(cc1)C(=O)c1ccc(CC(O)=O)n1C","UPSPUYADGBWSHF-UHFFFAOYSA-N, UPSPUYADGBWSHF-UHFFFAOYSA-N, UPSPUYADGBWSHF-UHFFFAOYSA-N",Launched
tolnaftate,fungal squalene epoxidase inhibitor,,infectious disease,"tinea pedis, tinea corporis","MedChemEx, MicroSource, Selleck",99.91,"CN(C(=S)Oc1ccc2ccccc2c1)c1cccc(C)c1, CN(C(=S)Oc1ccc2ccccc2c1)c1cccc(C)c1, CN(C(=S)Oc1ccc2ccccc2c1)c1cccc(C)c1","FUSNMLFNXJSCDI-UHFFFAOYSA-N, FUSNMLFNXJSCDI-UHFFFAOYSA-N, FUSNMLFNXJSCDI-UHFFFAOYSA-N",Launched
tolonidine,adrenergic receptor antagonist,ADRA2A,,,Enamine,98.87,Cc1ccc(NC2=NCCN2)c(Cl)c1 |t:6|,KWBTZIFLQYYPTH-UHFFFAOYSA-N,Launched
tolonium,,,hematology,methemoglobinemia,"MicroSource, Sigma",90.9,"Cc1cc2nc3ccc(cc3sc2cc1N)=[N+](C)C, Cc1cc2nc3ccc(cc3sc2cc1N)=[N+](C)C","KZEUBCUXBNEMSQ-UHFFFAOYSA-O, KZEUBCUXBNEMSQ-UHFFFAOYSA-O",Launched
toloxatone,monoamine oxidase inhibitor,"MAOA, MAOB",neurology/psychiatry,depression,"Sigma, Sigma",99.02,"Cc1cccc(c1)N1C[C@@H](CO)OC1=O |&1:9,r|, Cc1cccc(c1)N1C[C@@H](CO)OC1=O |&1:9,r|","MXUNKHLAEDCYJL-JTQLQIEISA-N, MXUNKHLAEDCYJL-JTQLQIEISA-N",Launched
tolperisone,voltage-gated sodium channel blocker,"CYP2C19, CYP2D6","neurology/psychiatry, infectious disease, rheumatology, cardiology","muscle relaxant, multiple sclerosis, encephalomyelitis, ankylosing spondylitis, atherosclerosis, Raynaud's disease","MicroSource, MicroSource, MicroSource, Selleck",97.96,"C[C@@H](CN1CCCCC1)C(=O)c1ccc(C)cc1 |r|, C[C@@H](CN1CCCCC1)C(=O)c1ccc(C)cc1 |r|, C[C@@H](CN1CCCCC1)C(=O)c1ccc(C)cc1 |r|, C[C@@H](CN1CCCCC1)C(=O)c1ccc(C)cc1 |r|","FSKFPVLPFLJRQB-AWEZNQCLSA-N, FSKFPVLPFLJRQB-AWEZNQCLSA-N, FSKFPVLPFLJRQB-AWEZNQCLSA-N, FSKFPVLPFLJRQB-AWEZNQCLSA-N",Launched
tolrestat,aldose reductase inhibitor,"AKR1A1, AKR1B1, AKR1B10",,,"MedChemEx, MedChemEx, MedChemEx, MedChemEx, MedChemEx",89.37,"COc1ccc2c(cccc2c1C(F)(F)F)C(=S)N(C)CC(O)=O, COc1ccc2c(cccc2c1C(F)(F)F)C(=S)N(C)CC(O)=O, COc1ccc2c(cccc2c1C(F)(F)F)C(=S)N(C)CC(O)=O, COc1ccc2c(cccc2c1C(F)(F)F)C(=S)N(C)CC(O)=O, COc1ccc2c(cccc2c1C(F)(F)F)C(=S)N(C)CC(O)=O","LUBHDINQXIHVLS-UHFFFAOYSA-N, LUBHDINQXIHVLS-UHFFFAOYSA-N, LUBHDINQXIHVLS-UHFFFAOYSA-N, LUBHDINQXIHVLS-UHFFFAOYSA-N, LUBHDINQXIHVLS-UHFFFAOYSA-N",Withdrawn
tolterodine,acetylcholine receptor antagonist,"CHRM1, CHRM2, CHRM3, CHRM4, CHRM5",urology,"urinary incontinence, urinary frequency","Tocris, Selleck, Tocris, Selleck",90.63,"CC(C)N(CC[C@H](c1ccccc1)c1cc(C)ccc1O)C(C)C, CC(C)N(CC[C@H](c1ccccc1)c1cc(C)ccc1O)C(C)C, CC(C)N(CC[C@H](c1ccccc1)c1cc(C)ccc1O)C(C)C, CC(C)N(CC[C@H](c1ccccc1)c1cc(C)ccc1O)C(C)C","OOGJQPCLVADCPB-HXUWFJFHSA-N, OOGJQPCLVADCPB-HXUWFJFHSA-N, OOGJQPCLVADCPB-HXUWFJFHSA-N, OOGJQPCLVADCPB-HXUWFJFHSA-N",Launched
toltrazuril,antiprotozoal agent,,infectious disease,coccidiosis,"MedChemEx, MedChemEx, MicroSource, Selleck",99.46,"Cc1cc(ccc1Oc1ccc(SC(F)(F)F)cc1)-n1c(=O)[nH]c(=O)n(C)c1=O, Cc1cc(ccc1Oc1ccc(SC(F)(F)F)cc1)-n1c(=O)[nH]c(=O)n(C)c1=O, Cc1cc(ccc1Oc1ccc(SC(F)(F)F)cc1)-n1c(=O)[nH]c(=O)n(C)c1=O, Cc1cc(ccc1Oc1ccc(SC(F)(F)F)cc1)-n1c(=O)[nH]c(=O)n(C)c1=O","OCINXEZVIIVXFU-UHFFFAOYSA-N, OCINXEZVIIVXFU-UHFFFAOYSA-N, OCINXEZVIIVXFU-UHFFFAOYSA-N, OCINXEZVIIVXFU-UHFFFAOYSA-N",Launched
tolvaptan,vasopressin receptor antagonist,"AVPR1A, AVPR2","endocrinology, cardiology, gastroenterology","hyponatremia, congestive heart failure, hepatic cirrhosis","Tocris, Tocris, Tocris, Selleck",99.2,"Cc1ccccc1C(=O)Nc1ccc(C(=O)N2CCC[C@@H](O)c3cc(Cl)ccc23)c(C)c1 |&1:20,r|, Cc1ccccc1C(=O)Nc1ccc(C(=O)N2CCC[C@@H](O)c3cc(Cl)ccc23)c(C)c1 |&1:20,r|, Cc1ccccc1C(=O)Nc1ccc(C(=O)N2CCC[C@@H](O)c3cc(Cl)ccc23)c(C)c1 |&1:20,r|, Cc1ccccc1C(=O)Nc1ccc(C(=O)N2CCC[C@@H](O)c3cc(Cl)ccc23)c(C)c1 |&1:20,r|","GYHCTFXIZSNGJT-XMMPIXPASA-N, GYHCTFXIZSNGJT-XMMPIXPASA-N, GYHCTFXIZSNGJT-XMMPIXPASA-N, GYHCTFXIZSNGJT-XMMPIXPASA-N",Launched
tomeglovir,antiviral,,,,MedChemEx,97.71,CN(C)c1cccc2c(cccc12)S(=O)(=O)Nc1ccc(NC(=O)C(C)(C)CO)cc1,OSQAKHSYTKBSPB-UHFFFAOYSA-N,Preclinical
tomelukast,leukotriene receptor antagonist,CYSLTR1,,,Enzo,94.74,CCCc1c(OCCCCc2nn[nH]n2)ccc(C(C)=O)c1O,MWYHLEQJTQJHSS-UHFFFAOYSA-N,Phase 3
tomivosertib,MAPK-interacting kinase inhibitor,,,,MedChemEx,96.64,Cc1cc(Nc2cc(N)ncn2)c(=O)n2c1C(=O)NC21CCCCC1,HKTBYUWLRDZAJK-UHFFFAOYSA-N,Phase 2
tonabersat,"gap junction modulator, nitric oxide production inhibitor",,,,"MedChemEx, MedChemEx",99.82,"CC(=O)c1ccc2OC(C)(C)[C@@H](O)[C@@H](NC(=O)c3ccc(F)c(Cl)c3)c2c1, CC(=O)c1ccc2OC(C)(C)[C@@H](O)[C@@H](NC(=O)c3ccc(F)c(Cl)c3)c2c1","XLIIRNOPGJTBJD-ROUUACIJSA-N, XLIIRNOPGJTBJD-ROUUACIJSA-N",Phase 2
topilutamide,androgen receptor antagonist,,,,MedChemEx,95.48,"C[C@](O)(CNC(=O)C(F)(F)F)C(=O)Nc1ccc(c(c1)C(F)(F)F)[N+]([O-])=O |&1:1,r|",YCNCRLKXSLARFT-NSHDSACASA-N,Preclinical
topiramate,"carbonic anhydrase inhibitor, glutamate receptor antagonist, kainate receptor antagonist","CA1, CA12, CA2, CA4, CA7, GABRA1, GABRA2, GABRA3, GABRA4, GABRA5, GABRA6, GABRB1, GABRB2, GABRB3, GABRD, GABRE, GABRG1, GABRG2, GABRG3, GABRP, GABRQ, GRIA1, GRIA2, GRIA3, GRIA4, GRIK1, GRIK2, GRIK3, GRIK4, GRIK5, SCN10A, SCN11A, SCN1A, SCN2A, SCN3A, SCN4A, SCN5A, SCN7A, SCN8A, SCN9A",neurology/psychiatry,"epilepsy, migraine headache","Tocris, MicroSource, Tocris, Selleck, Selleck, Selleck",100,"CC1(C)O[C@@H]2CO[C@@]3(COS(N)(=O)=O)OC(C)(C)O[C@H]3[C@@H]2O1, CC1(C)O[C@@H]2CO[C@@]3(COS(N)(=O)=O)OC(C)(C)O[C@H]3[C@@H]2O1, CC1(C)O[C@@H]2CO[C@@]3(COS(N)(=O)=O)OC(C)(C)O[C@H]3[C@@H]2O1, CC1(C)O[C@@H]2CO[C@@]3(COS(N)(=O)=O)OC(C)(C)O[C@H]3[C@@H]2O1, CC1(C)O[C@@H]2CO[C@@]3(COS(N)(=O)=O)OC(C)(C)O[C@H]3[C@@H]2O1, CC1(C)O[C@@H]2CO[C@@]3(COS(N)(=O)=O)OC(C)(C)O[C@H]3[C@@H]2O1","KJADKKWYZYXHBB-XBWDGYHZSA-N, KJADKKWYZYXHBB-XBWDGYHZSA-N, KJADKKWYZYXHBB-XBWDGYHZSA-N, KJADKKWYZYXHBB-XBWDGYHZSA-N, KJADKKWYZYXHBB-XBWDGYHZSA-N, KJADKKWYZYXHBB-XBWDGYHZSA-N",Launched
topiroxostat,xanthine oxidase inhibitor,XDH,"rheumatology, nephrology","gout, hyperuricemia","MedChemEx, MedChemEx, MedChemEx, MedChemEx, MedChemEx",99.78,"N#Cc1cc(ccn1)-c1nnc([nH]1)-c1ccncc1, N#Cc1cc(ccn1)-c1nnc([nH]1)-c1ccncc1, N#Cc1cc(ccn1)-c1nnc([nH]1)-c1ccncc1, N#Cc1cc(ccn1)-c1nnc([nH]1)-c1ccncc1, N#Cc1cc(ccn1)-c1nnc([nH]1)-c1ccncc1","UBVZQGOVTLIHLH-UHFFFAOYSA-N, UBVZQGOVTLIHLH-UHFFFAOYSA-N, UBVZQGOVTLIHLH-UHFFFAOYSA-N, UBVZQGOVTLIHLH-UHFFFAOYSA-N, UBVZQGOVTLIHLH-UHFFFAOYSA-N",Launched
topotecan,topoisomerase inhibitor,"TOP1, TOP1MT",oncology,"small cell lung cancer, cervical cancer","MedChemEx, MicroSource, Key, Selleck, MedChemEx, MedChemEx, Selleck",76.92,"CC[C@@]1(O)C(=O)OCc2c1cc1-c3nc4ccc(O)c(CN(C)C)c4cc3Cn1c2=O, CC[C@@]1(O)C(=O)OCc2c1cc1-c3nc4ccc(O)c(CN(C)C)c4cc3Cn1c2=O, CC[C@@]1(O)C(=O)OCc2c1cc1-c3nc4ccc(O)c(CN(C)C)c4cc3Cn1c2=O, CC[C@@]1(O)C(=O)OCc2c1cc1-c3nc4ccc(O)c(CN(C)C)c4cc3Cn1c2=O, CC[C@@]1(O)C(=O)OCc2c1cc1-c3nc4ccc(O)c(CN(C)C)c4cc3Cn1c2=O, CC[C@@]1(O)C(=O)OCc2c1cc1-c3nc4ccc(O)c(CN(C)C)c4cc3Cn1c2=O, CC[C@@]1(O)C(=O)OCc2c1cc1-c3nc4ccc(O)c(CN(C)C)c4cc3Cn1c2=O","UCFGDBYHRUNTLO-QHCPKHFHSA-N, UCFGDBYHRUNTLO-QHCPKHFHSA-N, UCFGDBYHRUNTLO-QHCPKHFHSA-N, UCFGDBYHRUNTLO-QHCPKHFHSA-N, UCFGDBYHRUNTLO-QHCPKHFHSA-N, UCFGDBYHRUNTLO-QHCPKHFHSA-N, UCFGDBYHRUNTLO-QHCPKHFHSA-N",Launched
torasemide,"electrolyte reabsorption inhibitor, thromboxane receptor antagonist",SLC12A1,cardiology,"edema, congestive heart failure, hypertension","MicroSource, MedChemEx, MedChemEx, Selleck",99.36,"CC(C)NC(=O)NS(=O)(=O)c1cnccc1Nc1cccc(C)c1, CC(C)NC(=O)NS(=O)(=O)c1cnccc1Nc1cccc(C)c1, CC(C)NC(=O)NS(=O)(=O)c1cnccc1Nc1cccc(C)c1, CC(C)NC(=O)NS(=O)(=O)c1cnccc1Nc1cccc(C)c1","NGBFQHCMQULJNZ-UHFFFAOYSA-N, NGBFQHCMQULJNZ-UHFFFAOYSA-N, NGBFQHCMQULJNZ-UHFFFAOYSA-N, NGBFQHCMQULJNZ-UHFFFAOYSA-N",Launched
torcetrapib,cholesteryl ester transfer protein inhibitor,CETP,,,"Tocris, Selleck, Selleck, Tocris",96.58,"CCOC(=O)N1[C@H](CC)C[C@H](N(Cc2cc(cc(c2)C(F)(F)F)C(F)(F)F)C(=O)OC)c2cc(ccc12)C(F)(F)F, CCOC(=O)N1[C@H](CC)C[C@H](N(Cc2cc(cc(c2)C(F)(F)F)C(F)(F)F)C(=O)OC)c2cc(ccc12)C(F)(F)F, CCOC(=O)N1[C@H](CC)C[C@H](N(Cc2cc(cc(c2)C(F)(F)F)C(F)(F)F)C(=O)OC)c2cc(ccc12)C(F)(F)F, CCOC(=O)N1[C@H](CC)C[C@H](N(Cc2cc(cc(c2)C(F)(F)F)C(F)(F)F)C(=O)OC)c2cc(ccc12)C(F)(F)F","CMSGWTNRGKRWGS-NQIIRXRSSA-N, CMSGWTNRGKRWGS-NQIIRXRSSA-N, CMSGWTNRGKRWGS-NQIIRXRSSA-N, CMSGWTNRGKRWGS-NQIIRXRSSA-N",Phase 3
torcitabine,DNA polymerase inhibitor,"DCK, TK2",,,"MedChemEx, MedChemEx",100,"Nc1ccn([C@H]2C[C@H](O)[C@@H](CO)O2)c(=O)n1, Nc1ccn([C@H]2C[C@H](O)[C@@H](CO)O2)c(=O)n1","CKTSBUTUHBMZGZ-SHYZEUOFSA-N, CKTSBUTUHBMZGZ-SHYZEUOFSA-N",Phase 2
toremifene,"estrogen receptor antagonist, selective estrogen receptor modulator (SERM)",ESR1,oncology,breast cancer,"MicroSource, MedChemEx, MedChemEx, Selleck, Selleck, Selleck, Selleck, Selleck, Selleck, Selleck",97.25,"CN(C)CCOc1ccc(cc1)C(=C(\CCCl)c1ccccc1)\c1ccccc1, CN(C)CCOc1ccc(cc1)C(=C(\CCCl)c1ccccc1)\c1ccccc1, CN(C)CCOc1ccc(cc1)C(=C(\CCCl)c1ccccc1)\c1ccccc1, CN(C)CCOc1ccc(cc1)C(=C(\CCCl)c1ccccc1)\c1ccccc1, CN(C)CCOc1ccc(cc1)C(=C(\CCCl)c1ccccc1)\c1ccccc1, CN(C)CCOc1ccc(cc1)C(=C(\CCCl)c1ccccc1)\c1ccccc1, CN(C)CCOc1ccc(cc1)C(=C(\CCCl)c1ccccc1)\c1ccccc1, CN(C)CCOc1ccc(cc1)C(=C(\CCCl)c1ccccc1)\c1ccccc1, CN(C)CCOc1ccc(cc1)C(=C(\CCCl)c1ccccc1)\c1ccccc1, CN(C)CCOc1ccc(cc1)C(=C(\CCCl)c1ccccc1)\c1ccccc1","XFCLJVABOIYOMF-QPLCGJKRSA-N, XFCLJVABOIYOMF-QPLCGJKRSA-N, XFCLJVABOIYOMF-QPLCGJKRSA-N, XFCLJVABOIYOMF-QPLCGJKRSA-N, XFCLJVABOIYOMF-QPLCGJKRSA-N, XFCLJVABOIYOMF-QPLCGJKRSA-N, XFCLJVABOIYOMF-QPLCGJKRSA-N, XFCLJVABOIYOMF-QPLCGJKRSA-N, XFCLJVABOIYOMF-QPLCGJKRSA-N, XFCLJVABOIYOMF-QPLCGJKRSA-N",Launched
torin-1,mTOR inhibitor,MTOR,,,"Selleck, Selleck, Selleck, Selleck, Tocris",95.98,"CCC(=O)N1CCN(CC1)c1ccc(cc1C(F)(F)F)-n1c2c(ccc1=O)cnc1ccc(cc21)-c1cnc2ccccc2c1, CCC(=O)N1CCN(CC1)c1ccc(cc1C(F)(F)F)-n1c2c(ccc1=O)cnc1ccc(cc21)-c1cnc2ccccc2c1, CCC(=O)N1CCN(CC1)c1ccc(cc1C(F)(F)F)-n1c2c(ccc1=O)cnc1ccc(cc21)-c1cnc2ccccc2c1, CCC(=O)N1CCN(CC1)c1ccc(cc1C(F)(F)F)-n1c2c(ccc1=O)cnc1ccc(cc21)-c1cnc2ccccc2c1, CCC(=O)N1CCN(CC1)c1ccc(cc1C(F)(F)F)-n1c2c(ccc1=O)cnc1ccc(cc21)-c1cnc2ccccc2c1","AKCRNFFTGXBONI-UHFFFAOYSA-N, AKCRNFFTGXBONI-UHFFFAOYSA-N, AKCRNFFTGXBONI-UHFFFAOYSA-N, AKCRNFFTGXBONI-UHFFFAOYSA-N, AKCRNFFTGXBONI-UHFFFAOYSA-N",Preclinical
torin-2,mTOR inhibitor,MTOR,,,"Selleck, Selleck, Tocris, Tocris, Tocris, Tocris",97.57,"Nc1ccc(cn1)-c1ccc2ncc3ccc(=O)n(-c4cccc(c4)C(F)(F)F)c3c2c1, Nc1ccc(cn1)-c1ccc2ncc3ccc(=O)n(-c4cccc(c4)C(F)(F)F)c3c2c1, Nc1ccc(cn1)-c1ccc2ncc3ccc(=O)n(-c4cccc(c4)C(F)(F)F)c3c2c1, Nc1ccc(cn1)-c1ccc2ncc3ccc(=O)n(-c4cccc(c4)C(F)(F)F)c3c2c1, Nc1ccc(cn1)-c1ccc2ncc3ccc(=O)n(-c4cccc(c4)C(F)(F)F)c3c2c1, Nc1ccc(cn1)-c1ccc2ncc3ccc(=O)n(-c4cccc(c4)C(F)(F)F)c3c2c1","GUXXEUUYCAYESJ-UHFFFAOYSA-N, GUXXEUUYCAYESJ-UHFFFAOYSA-N, GUXXEUUYCAYESJ-UHFFFAOYSA-N, GUXXEUUYCAYESJ-UHFFFAOYSA-N, GUXXEUUYCAYESJ-UHFFFAOYSA-N, GUXXEUUYCAYESJ-UHFFFAOYSA-N",Preclinical
tosedostat,peptidase inhibitor,"ANPEP, LAP3, NPEPPS",,,"Tocris, Selleck, Tocris, Tocris, Tocris, Tocris, Tocris, Selleck",93.96,"CC(C)C[C@H]([C@H](O)C(=O)NO)C(=O)N[C@H](C(=O)OC1CCCC1)c1ccccc1, CC(C)C[C@H]([C@H](O)C(=O)NO)C(=O)N[C@H](C(=O)OC1CCCC1)c1ccccc1, CC(C)C[C@H]([C@H](O)C(=O)NO)C(=O)N[C@H](C(=O)OC1CCCC1)c1ccccc1, CC(C)C[C@H]([C@H](O)C(=O)NO)C(=O)N[C@H](C(=O)OC1CCCC1)c1ccccc1, CC(C)C[C@H]([C@H](O)C(=O)NO)C(=O)N[C@H](C(=O)OC1CCCC1)c1ccccc1, CC(C)C[C@H]([C@H](O)C(=O)NO)C(=O)N[C@H](C(=O)OC1CCCC1)c1ccccc1, CC(C)C[C@H]([C@H](O)C(=O)NO)C(=O)N[C@H](C(=O)OC1CCCC1)c1ccccc1, CC(C)C[C@H]([C@H](O)C(=O)NO)C(=O)N[C@H](C(=O)OC1CCCC1)c1ccccc1","FWFGIHPGRQZWIW-SQNIBIBYSA-N, FWFGIHPGRQZWIW-SQNIBIBYSA-N, FWFGIHPGRQZWIW-SQNIBIBYSA-N, FWFGIHPGRQZWIW-SQNIBIBYSA-N, FWFGIHPGRQZWIW-SQNIBIBYSA-N, FWFGIHPGRQZWIW-SQNIBIBYSA-N, FWFGIHPGRQZWIW-SQNIBIBYSA-N, FWFGIHPGRQZWIW-SQNIBIBYSA-N",Phase 2
tosufloxacin,bacterial DNA gyrase inhibitor,,infectious disease,gram-negative bacterial infections,Prestwick,97.24,N[C@H]1CCN(C1)c1nc2n(cc(C(O)=O)c(=O)c2cc1F)-c1ccc(F)cc1F |&1:1|,WUWFMDMBOJLQIV-JTQLQIEISA-N,Launched
toyocamycin,serine/threonine kinase inhibitor,ERN1,,,"Sigma, Sigma, Sigma",99.13,"Nc1ncnc2n(cc(C#N)c12)[C@@H]1O[C@H](CO)[C@@H](O)[C@H]1O, Nc1ncnc2n(cc(C#N)c12)[C@@H]1O[C@H](CO)[C@@H](O)[C@H]1O, Nc1ncnc2n(cc(C#N)c12)[C@@H]1O[C@H](CO)[C@@H](O)[C@H]1O","XOKJUSAYZUAMGJ-WOUKDFQISA-N, XOKJUSAYZUAMGJ-WOUKDFQISA-N, XOKJUSAYZUAMGJ-WOUKDFQISA-N",Phase 1
tozadenant,adenosine receptor antagonist,ADORA2A,,,"MedChemEx, MedChemEx, MedChemEx, MedChemEx",96.14,"COc1ccc(N2CCOCC2)c2sc(NC(=O)N3CCC(C)(O)CC3)nc12, COc1ccc(N2CCOCC2)c2sc(NC(=O)N3CCC(C)(O)CC3)nc12, COc1ccc(N2CCOCC2)c2sc(NC(=O)N3CCC(C)(O)CC3)nc12, COc1ccc(N2CCOCC2)c2sc(NC(=O)N3CCC(C)(O)CC3)nc12","XNBRWUQWSKXMPW-UHFFFAOYSA-N, XNBRWUQWSKXMPW-UHFFFAOYSA-N, XNBRWUQWSKXMPW-UHFFFAOYSA-N, XNBRWUQWSKXMPW-UHFFFAOYSA-N",Phase 3
tozasertib,"Aurora kinase inhibitor, Bcr-Abl kinase inhibitor, FLT3 inhibitor, JAK inhibitor","AURKA, AURKB, AURKC, LCK",,,"Selleck, Selleck, Selleck, Selleck, Selleck",97.69,"CN1CCN(CC1)c1cc(Nc2cc(C)n[nH]2)nc(Sc2ccc(NC(=O)C3CC3)cc2)n1, CN1CCN(CC1)c1cc(Nc2cc(C)n[nH]2)nc(Sc2ccc(NC(=O)C3CC3)cc2)n1, CN1CCN(CC1)c1cc(Nc2cc(C)n[nH]2)nc(Sc2ccc(NC(=O)C3CC3)cc2)n1, CN1CCN(CC1)c1cc(Nc2cc(C)n[nH]2)nc(Sc2ccc(NC(=O)C3CC3)cc2)n1, CN1CCN(CC1)c1cc(Nc2cc(C)n[nH]2)nc(Sc2ccc(NC(=O)C3CC3)cc2)n1","GCIKSSRWRFVXBI-UHFFFAOYSA-N, GCIKSSRWRFVXBI-UHFFFAOYSA-N, GCIKSSRWRFVXBI-UHFFFAOYSA-N, GCIKSSRWRFVXBI-UHFFFAOYSA-N, GCIKSSRWRFVXBI-UHFFFAOYSA-N",Phase 2
TP-003,GABA receptor inverse agonist,"GABRA1, GABRA2, GABRA3, GABRA5",,,"Tocris, Tocris",95.5,"CC(C)(O)c1ccn2c(cnc2c1F)-c1ccc(F)c(c1)-c1ccc(F)cc1C#N, CC(C)(O)c1ccn2c(cnc2c1F)-c1ccc(F)c(c1)-c1ccc(F)cc1C#N","SJMMDWXJSSJHOQ-UHFFFAOYSA-N, SJMMDWXJSSJHOQ-UHFFFAOYSA-N",Preclinical
TP-0903,AXL kinase inhibitor,AXL,,,"MedChemEx, MedChemEx, MedChemEx, MedChemEx, MedChemEx",98.07,"CN(C)S(=O)(=O)c1ccccc1Nc1nc(Nc2ccc(CN3CCN(C)CC3)cc2)ncc1Cl, CN(C)S(=O)(=O)c1ccccc1Nc1nc(Nc2ccc(CN3CCN(C)CC3)cc2)ncc1Cl, CN(C)S(=O)(=O)c1ccccc1Nc1nc(Nc2ccc(CN3CCN(C)CC3)cc2)ncc1Cl, CN(C)S(=O)(=O)c1ccccc1Nc1nc(Nc2ccc(CN3CCN(C)CC3)cc2)ncc1Cl, CN(C)S(=O)(=O)c1ccccc1Nc1nc(Nc2ccc(CN3CCN(C)CC3)cc2)ncc1Cl","YUAALFPUEOYPNX-UHFFFAOYSA-N, YUAALFPUEOYPNX-UHFFFAOYSA-N, YUAALFPUEOYPNX-UHFFFAOYSA-N, YUAALFPUEOYPNX-UHFFFAOYSA-N, YUAALFPUEOYPNX-UHFFFAOYSA-N",Phase 1/Phase 2
TP-3654,"1,4,5-trisphosphate inhibitor",,,,MedChemEx,96.51,CC(C)(O)[C@H]1CC[C@@H](CC1)Nc1ccc2ncc(-c3cccc(c3)C(F)(F)F)n2n1 |r|,XRNVABDYQLHODA-JCNLHEQBSA-N,Phase 1
TPCA-1,IKK inhibitor,IKBKB,,,"Tocris, Tocris, Tocris, Tocris, Tocris, Selleck",98.3,"NC(=O)Nc1sc(cc1C(N)=O)-c1ccc(F)cc1, NC(=O)Nc1sc(cc1C(N)=O)-c1ccc(F)cc1, NC(=O)Nc1sc(cc1C(N)=O)-c1ccc(F)cc1, NC(=O)Nc1sc(cc1C(N)=O)-c1ccc(F)cc1, NC(=O)Nc1sc(cc1C(N)=O)-c1ccc(F)cc1, NC(=O)Nc1sc(cc1C(N)=O)-c1ccc(F)cc1","SAYGKHKXGCPTLX-UHFFFAOYSA-N, SAYGKHKXGCPTLX-UHFFFAOYSA-N, SAYGKHKXGCPTLX-UHFFFAOYSA-N, SAYGKHKXGCPTLX-UHFFFAOYSA-N, SAYGKHKXGCPTLX-UHFFFAOYSA-N, SAYGKHKXGCPTLX-UHFFFAOYSA-N",Preclinical
TPPS4,,,,,Vitas-M,40.2,OS(=O)(=O)c1ccc(cc1)-c1c2ccc(n2)c(-c2ccc(cc2)S(O)(=O)=O)c2ccc([nH]2)c(-c2ccc(cc2)S(O)(=O)=O)c2ccc(n2)c(-c2ccc(cc2)S(O)(=O)=O)c2ccc1[nH]2,PBHVCRIXMXQXPD-LWQDQPMZSA-N,Phase 1
trabectedin,antitumor agent,,,,MedChemEx,85.45,[H][C@@]12Cc3cc(C)c(OC)c(O)c3[C@@]([H])(N1C)[C@@]1([H])N([C@H]2O)[C@@]2([H])COC(=O)[C@]3(CS[C@]1([H])c1c(OC(C)=O)c(C)c4OCOc4c21)NCCc1cc(O)c(OC)cc31 |THB:16:15:2.3.12:17.19.20|,PKVRCIRHQMSYJX-AIFWHQITSA-N,Phase 3
trabodenoson,adenosine receptor agonist,,,,AMS,81.93,O[C@@H]1[C@@H](CO[N+]([O-])=O)O[C@H]([C@@H]1O)n1cnc2c(NC3CCCC3)ncnc12,AQLVRTWKJDTWQQ-SDBHATRESA-N,Phase 3
tracazolate,GABA receptor modulator,GABRA1,,,"Tocris, Tocris, Tocris, Tocris",98.96,"CCCCNc1c(C(=O)OCC)c(C)nc2n(CC)ncc12, CCCCNc1c(C(=O)OCC)c(C)nc2n(CC)ncc12, CCCCNc1c(C(=O)OCC)c(C)nc2n(CC)ncc12, CCCCNc1c(C(=O)OCC)c(C)nc2n(CC)ncc12","PCTRYMLLRKWXGF-UHFFFAOYSA-N, PCTRYMLLRKWXGF-UHFFFAOYSA-N, PCTRYMLLRKWXGF-UHFFFAOYSA-N, PCTRYMLLRKWXGF-UHFFFAOYSA-N",Phase 2
tradipitant,neurokinin receptor antagonist,,,,MedChemEx,97.43,FC(F)(F)c1cc(Cn2nnc(c2-c2ccncc2)-c2ncccc2C(=O)c2ccccc2Cl)cc(c1)C(F)(F)F,CAVRKWRKTNINFF-UHFFFAOYSA-N,Phase 3
TRAM-34,potassium channel antagonist,KCNN4,,,"MedChemEx, MedChemEx",0,"Clc1ccccc1C(c1ccccc1)(c1ccccc1)n1cccn1, Clc1ccccc1C(c1ccccc1)(c1ccccc1)n1cccn1","KBFUQFVFYYBHBT-UHFFFAOYSA-N, KBFUQFVFYYBHBT-UHFFFAOYSA-N",Preclinical
TRAM-39,calcium-activated potassium channel activator,KCNN4,,,"Tocris, Tocris, Tocris",98.14,"Clc1ccccc1C(C#N)(c1ccccc1)c1ccccc1, Clc1ccccc1C(C#N)(c1ccccc1)c1ccccc1, Clc1ccccc1C(C#N)(c1ccccc1)c1ccccc1","JHNRTPKGSCVKKC-UHFFFAOYSA-N, JHNRTPKGSCVKKC-UHFFFAOYSA-N, JHNRTPKGSCVKKC-UHFFFAOYSA-N",Preclinical
trametinib,MEK inhibitor,"MAP2K1, MAP2K2",oncology,melanoma,"Selleck, Selleck, Selleck, Selleck, MedChemEx, MedChemEx, MedChemEx, Selleck, Selleck, Selleck, Selleck",94.67,"CC(=O)Nc1cccc(c1)-n1c2c(C)c(=O)n(C)c(Nc3ccc(I)cc3F)c2c(=O)n(C2CC2)c1=O, CC(=O)Nc1cccc(c1)-n1c2c(C)c(=O)n(C)c(Nc3ccc(I)cc3F)c2c(=O)n(C2CC2)c1=O, CC(=O)Nc1cccc(c1)-n1c2c(C)c(=O)n(C)c(Nc3ccc(I)cc3F)c2c(=O)n(C2CC2)c1=O, CC(=O)Nc1cccc(c1)-n1c2c(C)c(=O)n(C)c(Nc3ccc(I)cc3F)c2c(=O)n(C2CC2)c1=O, CC(=O)Nc1cccc(c1)-n1c2c(C)c(=O)n(C)c(Nc3ccc(I)cc3F)c2c(=O)n(C2CC2)c1=O, CC(=O)Nc1cccc(c1)-n1c2c(C)c(=O)n(C)c(Nc3ccc(I)cc3F)c2c(=O)n(C2CC2)c1=O, CC(=O)Nc1cccc(c1)-n1c2c(C)c(=O)n(C)c(Nc3ccc(I)cc3F)c2c(=O)n(C2CC2)c1=O, CC(=O)Nc1cccc(c1)-n1c2c(C)c(=O)n(C)c(Nc3ccc(I)cc3F)c2c(=O)n(C2CC2)c1=O, CC(=O)Nc1cccc(c1)-n1c2c(C)c(=O)n(C)c(Nc3ccc(I)cc3F)c2c(=O)n(C2CC2)c1=O, CC(=O)Nc1cccc(c1)-n1c2c(C)c(=O)n(C)c(Nc3ccc(I)cc3F)c2c(=O)n(C2CC2)c1=O, CC(=O)Nc1cccc(c1)-n1c2c(C)c(=O)n(C)c(Nc3ccc(I)cc3F)c2c(=O)n(C2CC2)c1=O","LIRYPHYGHXZJBZ-UHFFFAOYSA-N, LIRYPHYGHXZJBZ-UHFFFAOYSA-N, LIRYPHYGHXZJBZ-UHFFFAOYSA-N, LIRYPHYGHXZJBZ-UHFFFAOYSA-N, LIRYPHYGHXZJBZ-UHFFFAOYSA-N, LIRYPHYGHXZJBZ-UHFFFAOYSA-N, LIRYPHYGHXZJBZ-UHFFFAOYSA-N, LIRYPHYGHXZJBZ-UHFFFAOYSA-N, LIRYPHYGHXZJBZ-UHFFFAOYSA-N, LIRYPHYGHXZJBZ-UHFFFAOYSA-N, LIRYPHYGHXZJBZ-UHFFFAOYSA-N",Launched
tramiprosate,beta amyloid protein neurotoxicity inhibitor,APP,,,"MicroSource, Tocris",100,"NCCCS(O)(=O)=O, NCCCS(O)(=O)=O","SNKZJIOFVMKAOJ-UHFFFAOYSA-N, SNKZJIOFVMKAOJ-UHFFFAOYSA-N",Phase 3
trandolapril,angiotensin converting enzyme inhibitor,ACE,cardiology,"hypertension, myocardial infarction","MedChemEx, MedChemEx",92.63,"CCOC(=O)[C@H](CCc1ccccc1)N[C@@H](C)C(=O)N1[C@H]2CCCC[C@@H]2C[C@H]1C(O)=O, CCOC(=O)[C@H](CCc1ccccc1)N[C@@H](C)C(=O)N1[C@H]2CCCC[C@@H]2C[C@H]1C(O)=O","VXFJYXUZANRPDJ-WTNASJBWSA-N, VXFJYXUZANRPDJ-WTNASJBWSA-N",Launched
tranexamic-acid,"antifibrinolytic, plasminogen activator inhibitor",PLG,hematology,hemophilia,"MedChemEx, MedChemEx, MicroSource, Selleck, Selleck",97,"NC[C@H]1CC[C@@H](CC1)C(O)=O |r|, NC[C@H]1CC[C@@H](CC1)C(O)=O |r|, NC[C@H]1CC[C@@H](CC1)C(O)=O |r|, NC[C@H]1CC[C@@H](CC1)C(O)=O |r|, NC[C@H]1CC[C@@H](CC1)C(O)=O |r|","GYDJEQRTZSCIOI-LJGSYFOKSA-N, GYDJEQRTZSCIOI-LJGSYFOKSA-N, GYDJEQRTZSCIOI-LJGSYFOKSA-N, GYDJEQRTZSCIOI-LJGSYFOKSA-N, GYDJEQRTZSCIOI-LJGSYFOKSA-N",Launched
tranilast,angiogenesis inhibitor,"HPGDS, HRH1",pulmonary,asthma,"Tocris, Tocris, MicroSource, Selleck, Selleck, Tocris",99.75,"COc1ccc(\C=C\C(=O)Nc2ccccc2C(O)=O)cc1OC, COc1ccc(\C=C\C(=O)Nc2ccccc2C(O)=O)cc1OC, COc1ccc(\C=C\C(=O)Nc2ccccc2C(O)=O)cc1OC, COc1ccc(\C=C\C(=O)Nc2ccccc2C(O)=O)cc1OC, COc1ccc(\C=C\C(=O)Nc2ccccc2C(O)=O)cc1OC, COc1ccc(\C=C\C(=O)Nc2ccccc2C(O)=O)cc1OC","NZHGWWWHIYHZNX-CSKARUKUSA-N, NZHGWWWHIYHZNX-CSKARUKUSA-N, NZHGWWWHIYHZNX-CSKARUKUSA-N, NZHGWWWHIYHZNX-CSKARUKUSA-N, NZHGWWWHIYHZNX-CSKARUKUSA-N, NZHGWWWHIYHZNX-CSKARUKUSA-N",Launched
"trans-10,cis-12-conjugated-linoleic-acid",,,,,"Cayman, Cayman",95.61,"CCCCC\C=C/C=C/CCCCCCCCC(O)=O, CCCCC\C=C/C=C/CCCCCCCCC(O)=O","GKJZMAHZJGSBKD-NMMTYZSQSA-N, GKJZMAHZJGSBKD-NMMTYZSQSA-N",Launched
trans-2-undecenoic-acid,,,,,AlfaAesar,90.54,CCCCCCCC\C=C\C(O)=O,IGBBVTAVILYDIO-MDZDMXLPSA-N,Preclinical
"trans-4-[8-(3-fluorophenyl)-1,7-naphthyridin-6-yl]cyclohexanecarboxylic-acid",,,,,"Key, Key",95.64,"OC(=O)C1CCC(CC1)c1cc2cccnc2c(n1)-c1cccc(F)c1, OC(=O)C1CCC(CC1)c1cc2cccnc2c(n1)-c1cccc(F)c1","XWVBOPKUSVZZPJ-UHFFFAOYSA-N, XWVBOPKUSVZZPJ-UHFFFAOYSA-N",Preclinical
trans-4-hydroxycrotonic-acid,gamma hydroxybutyric acid ligand,,,,"Tocris, Tocris",0,"OC\C=C\C(O)=O, OC\C=C\C(O)=O","RMQJECWPWQIIPW-OWOJBTEDSA-N, RMQJECWPWQIIPW-OWOJBTEDSA-N",Preclinical
trans-4-methoxycinnamic-acid,,,,,"Sigma, Vitas-M, Vitas-M",96.49,"COc1ccc(\C=C\C(O)=O)cc1, COc1ccc(\C=C\C(O)=O)cc1, COc1ccc(\C=C\C(O)=O)cc1","AFDXODALSZRGIH-QPJJXVBHSA-N, AFDXODALSZRGIH-QPJJXVBHSA-N, AFDXODALSZRGIH-QPJJXVBHSA-N",Preclinical
transcrocetinate,glutamate receptor antagonist,,,,MedChemEx,0,C\C(\C=C\C=C(/C)C(O)=O)=C/C=C/C=C(\C)/C=C/C=C(\C)C(O)=O,PANKHBYNKQNAHN-MQQNZMFNSA-N,Preclinical
tranylcypromine,monoamine oxidase inhibitor,"KDM1A, MAOA, MAOB",neurology/psychiatry,depression,MedChemEx,77.31,"N[C@H]1C[C@@H]1c1ccccc1 |&1:1,3|",AELCINSCMGFISI-BDAKNGLRSA-N,Launched
trap-101,"nociceptin/orphanin FQ receptor antagonist, opioid receptor antagonist",OPRL1,,,"Tocris, Tocris, Tocris, Tocris",97.83,"CCn1c2ccccc2n(C2=C(CO)CN(CC3CCCCCCC3)CC2)c1=O |c:11|, CCn1c2ccccc2n(C2=C(CO)CN(CC3CCCCCCC3)CC2)c1=O |c:11|, CCn1c2ccccc2n(C2=C(CO)CN(CC3CCCCCCC3)CC2)c1=O |c:11|, CCn1c2ccccc2n(C2=C(CO)CN(CC3CCCCCCC3)CC2)c1=O |c:11|","DCRGHMJXEBSRQG-UHFFFAOYSA-N, DCRGHMJXEBSRQG-UHFFFAOYSA-N, DCRGHMJXEBSRQG-UHFFFAOYSA-N, DCRGHMJXEBSRQG-UHFFFAOYSA-N",Preclinical
trapidil,PDGFR tyrosine kinase receptor inhibitor,PDGFRA,cardiology,coronary artery disease (CAD),"MedChemEx, MedChemEx, Prestwick",99.14,"CCN(CC)c1cc(C)nc2ncnn12, CCN(CC)c1cc(C)nc2ncnn12, CCN(CC)c1cc(C)nc2ncnn12","GSNOZLZNQMLSKJ-UHFFFAOYSA-N, GSNOZLZNQMLSKJ-UHFFFAOYSA-N, GSNOZLZNQMLSKJ-UHFFFAOYSA-N",Launched
travoprost,prostanoid receptor agonist,PTGFR,ophthalmology,"ocular hypertension, glaucoma","MedChemEx, Enzo",95.41,"CC(C)OC(=O)CCC\C=C/C[C@H]1[C@@H](O)C[C@@H](O)[C@@H]1\C=C\[C@@H](O)COc1cccc(c1)C(F)(F)F, CC(C)OC(=O)CCC\C=C/C[C@H]1[C@@H](O)C[C@@H](O)[C@@H]1\C=C\[C@@H](O)COc1cccc(c1)C(F)(F)F","MKPLKVHSHYCHOC-AHTXBMBWSA-N, MKPLKVHSHYCHOC-AHTXBMBWSA-N",Launched
traxoprodil,glutamate receptor antagonist,GRIN2B,,,"EMDBio, EMDBio",93.36,"C[C@@H]([C@@H](O)c1ccc(O)cc1)N1CCC(O)(CC1)c1ccccc1, C[C@@H]([C@@H](O)c1ccc(O)cc1)N1CCC(O)(CC1)c1ccccc1","QEMSVZNTSXPFJA-HNAYVOBHSA-N, QEMSVZNTSXPFJA-HNAYVOBHSA-N",Phase 2
trazodone,"adrenergic receptor antagonist, serotonin receptor antagonist, serotonin reuptake inhibitor","ADRA1A, ADRA2A, HRH1, HTR1A, HTR2A, HTR2B, HTR2C, SLC6A4",neurology/psychiatry,depression,"MicroSource, Selleck",97.98,"Clc1cccc(c1)N1CCN(CCCn2nc3ccccn3c2=O)CC1, Clc1cccc(c1)N1CCN(CCCn2nc3ccccn3c2=O)CC1","PHLBKPHSAVXXEF-UHFFFAOYSA-N, PHLBKPHSAVXXEF-UHFFFAOYSA-N",Launched
trebenzomine,,,,,Sigma,53.54,"C[C@H]1Oc2ccccc2C[C@@H]1N(C)C |&1:1,&2:10,r|",FDJAKSHVOONYHX-KOLCDFICSA-N,Phase 2
trelagliptin,dipeptidyl peptidase inhibitor,DPP4,endocrinology,diabetes mellitus,MedChemEx,78.61,Cn1c(=O)cc(N2CCC[C@@H](N)C2)n(Cc2cc(F)ccc2C#N)c1=O,IWYJYHUNXVAVAA-OAHLLOKOSA-N,Launched
tremorine,acetylcholine receptor agonist,,,,"Vitas-M, Prestwick, Prestwick",100,"C(C#CCN1CCCC1)N1CCCC1, C(C#CCN1CCCC1)N1CCCC1, C(C#CCN1CCCC1)N1CCCC1","JSUAJTLKVREZHV-UHFFFAOYSA-N, JSUAJTLKVREZHV-UHFFFAOYSA-N, JSUAJTLKVREZHV-UHFFFAOYSA-N",Preclinical
treosulfan,DNA synthesis inhibitor,,oncology,ovarian cancer,"MedChemEx, MedChemEx",0,"CS(=O)(=O)OC[C@H](O)[C@@H](O)COS(C)(=O)=O, CS(=O)(=O)OC[C@H](O)[C@@H](O)COS(C)(=O)=O","YCPOZVAOBBQLRI-WDSKDSINSA-N, YCPOZVAOBBQLRI-WDSKDSINSA-N",Launched
trepibutone,cholinergic receptor antagonist,"CHRM1, CHRM2, CHRM3, CHRM4",gastroenterology,irritable bowel syndrome,AvaChem,97.79,CCOc1cc(OCC)c(cc1OCC)C(=O)CCC(O)=O,YPTFHLJNWSJXKG-UHFFFAOYSA-N,Launched
treprostinil,prostanoid receptor agonist,"P2RY12, PPARD, PTGIR",pulmonary,pulmonary arterial hypertension (PAH),MedChemEx,97.03,CCCCC[C@H](O)CC[C@H]1[C@H](O)C[C@@H]2Cc3c(C[C@H]12)cccc3OCC(O)=O,PAJMKGZZBBTTOY-ZFORQUDYSA-N,Launched
trequinsin,phosphodiesterase inhibitor,PDE5A,,,"Tocris, Tocris, Tocris, Tocris",96.03,"COc1cc2CCn3c(c\c(=N/c4c(C)cc(C)cc4C)n(C)c3=O)-c2cc1OC, COc1cc2CCn3c(c\c(=N/c4c(C)cc(C)cc4C)n(C)c3=O)-c2cc1OC, COc1cc2CCn3c(c\c(=N/c4c(C)cc(C)cc4C)n(C)c3=O)-c2cc1OC, COc1cc2CCn3c(c\c(=N/c4c(C)cc(C)cc4C)n(C)c3=O)-c2cc1OC","MCMSJVMUSBZUCN-YYDJUVGSSA-N, MCMSJVMUSBZUCN-YYDJUVGSSA-N, MCMSJVMUSBZUCN-YYDJUVGSSA-N, MCMSJVMUSBZUCN-YYDJUVGSSA-N",Phase 1
tretazicar,DNA replication inhibitor,NQO2,,,"Sigma, Sigma, Sigma",92.47,"NC(=O)c1cc(N2CC2)c(cc1[N+]([O-])=O)[N+]([O-])=O, NC(=O)c1cc(N2CC2)c(cc1[N+]([O-])=O)[N+]([O-])=O, NC(=O)c1cc(N2CC2)c(cc1[N+]([O-])=O)[N+]([O-])=O","WOCXQMCIOTUMJV-UHFFFAOYSA-N, WOCXQMCIOTUMJV-UHFFFAOYSA-N, WOCXQMCIOTUMJV-UHFFFAOYSA-N",Phase 2
tretinoin,"retinoid receptor agonist, retinoid receptor ligand","ALDH1A1, ALDH1A2, GPRC5A, NR0B1, NR2C2, PPARD, RARA, RARB, RARG, RARRES1, RORB, RORC, RXRB, RXRG",hematologic malignancy,acute promyelocytic leukemia (APL),"MedChemEx, MedChemEx, MedChemEx, Sigma, MicroSource, Selleck, MedChemEx, Tocris, Selleck",84.83,"C\C(\C=C\C1=C(C)CCCC1(C)C)=C/C=C/C(/C)=C/C(O)=O |c:4|, C\C(\C=C\C1=C(C)CCCC1(C)C)=C/C=C/C(/C)=C/C(O)=O |c:4|, C\C(\C=C\C1=C(C)CCCC1(C)C)=C/C=C/C(/C)=C/C(O)=O |c:4|, C\C(\C=C\C1=C(C)CCCC1(C)C)=C/C=C/C(/C)=C/C(O)=O |c:4|, C\C(\C=C\C1=C(C)CCCC1(C)C)=C/C=C/C(/C)=C/C(O)=O |c:4|, C\C(\C=C\C1=C(C)CCCC1(C)C)=C/C=C/C(/C)=C/C(O)=O |c:4|, C\C(\C=C\C1=C(C)CCCC1(C)C)=C/C=C/C(/C)=C/C(O)=O |c:4|, C\C(\C=C\C1=C(C)CCCC1(C)C)=C/C=C/C(/C)=C/C(O)=O |c:4|, C\C(\C=C\C1=C(C)CCCC1(C)C)=C/C=C/C(/C)=C/C(O)=O |c:4|","SHGAZHPCJJPHSC-YCNIQYBTSA-N, SHGAZHPCJJPHSC-YCNIQYBTSA-N, SHGAZHPCJJPHSC-YCNIQYBTSA-N, SHGAZHPCJJPHSC-YCNIQYBTSA-N, SHGAZHPCJJPHSC-YCNIQYBTSA-N, SHGAZHPCJJPHSC-YCNIQYBTSA-N, SHGAZHPCJJPHSC-YCNIQYBTSA-N, SHGAZHPCJJPHSC-YCNIQYBTSA-N, SHGAZHPCJJPHSC-YCNIQYBTSA-N",Launched
triacetin,,,,,"MedChemEx, MicroSource",85.32,"CC(=O)OCC(COC(C)=O)OC(C)=O, CC(=O)OCC(COC(C)=O)OC(C)=O","URAYPUMNDPQOKB-UHFFFAOYSA-N, URAYPUMNDPQOKB-UHFFFAOYSA-N",Launched
triamcinolone,glucocorticoid receptor agonist,NR3C1,dermatology,corticosteroid-responsive dermatoses,"MedChemEx, MedChemEx, MedChemEx, MedChemEx, MedChemEx, Selleck, Selleck, Selleck, MicroSource, MicroSource, Selleck",97,"C[C@]12C[C@H](O)[C@@]3(F)[C@@H](CCC4=CC(=O)C=C[C@]34C)[C@@H]1C[C@@H](O)[C@]2(O)C(=O)CO |c:14,t:10|, C[C@]12C[C@H](O)[C@@]3(F)[C@@H](CCC4=CC(=O)C=C[C@]34C)[C@@H]1C[C@@H](O)[C@]2(O)C(=O)CO |c:14,t:10|, C[C@]12C[C@H](O)[C@@]3(F)[C@@H](CCC4=CC(=O)C=C[C@]34C)[C@@H]1C[C@@H](O)[C@]2(O)C(=O)CO |c:14,t:10|, C[C@]12C[C@H](O)[C@@]3(F)[C@@H](CCC4=CC(=O)C=C[C@]34C)[C@@H]1C[C@@H](O)[C@]2(O)C(=O)CO |c:14,t:10|, C[C@]12C[C@H](O)[C@@]3(F)[C@@H](CCC4=CC(=O)C=C[C@]34C)[C@@H]1C[C@@H](O)[C@]2(O)C(=O)CO |c:14,t:10|, C[C@]12C[C@H](O)[C@@]3(F)[C@@H](CCC4=CC(=O)C=C[C@]34C)[C@@H]1C[C@@H](O)[C@]2(O)C(=O)CO |c:14,t:10|, C[C@]12C[C@H](O)[C@@]3(F)[C@@H](CCC4=CC(=O)C=C[C@]34C)[C@@H]1C[C@@H](O)[C@]2(O)C(=O)CO |c:14,t:10|, C[C@]12C[C@H](O)[C@@]3(F)[C@@H](CCC4=CC(=O)C=C[C@]34C)[C@@H]1C[C@@H](O)[C@]2(O)C(=O)CO |c:14,t:10|, C[C@]12C[C@H](O)[C@@]3(F)[C@@H](CCC4=CC(=O)C=C[C@]34C)[C@@H]1C[C@@H](O)[C@]2(O)C(=O)CO |c:14,t:10|, C[C@]12C[C@H](O)[C@@]3(F)[C@@H](CCC4=CC(=O)C=C[C@]34C)[C@@H]1C[C@@H](O)[C@]2(O)C(=O)CO |c:14,t:10|, C[C@]12C[C@H](O)[C@@]3(F)[C@@H](CCC4=CC(=O)C=C[C@]34C)[C@@H]1C[C@@H](O)[C@]2(O)C(=O)CO |c:14,t:10|","GFNANZIMVAIWHM-OBYCQNJPSA-N, GFNANZIMVAIWHM-OBYCQNJPSA-N, GFNANZIMVAIWHM-OBYCQNJPSA-N, GFNANZIMVAIWHM-OBYCQNJPSA-N, GFNANZIMVAIWHM-OBYCQNJPSA-N, GFNANZIMVAIWHM-OBYCQNJPSA-N, GFNANZIMVAIWHM-OBYCQNJPSA-N, GFNANZIMVAIWHM-OBYCQNJPSA-N, GFNANZIMVAIWHM-OBYCQNJPSA-N, GFNANZIMVAIWHM-OBYCQNJPSA-N, GFNANZIMVAIWHM-OBYCQNJPSA-N",Launched
triamcinolone-acetonide,"glucocorticoid receptor agonist, immunosuppressant","NR3C1, SERPINA6",dermatology,corticosteroid-responsive dermatoses,MedChemEx,91.09,"CC1(C)O[C@@H]2C[C@H]3[C@@H]4CCC5=CC(=O)C=C[C@]5(C)[C@@]4(F)[C@@H](O)C[C@]3(C)[C@@]2(O1)C(=O)CO |c:14,t:10|",YNDXUCZADRHECN-JNQJZLCISA-N,Launched
triamcinolone-hexacetonide,anti-inflammatory agent,,,,MedChemEx,80.82,"[H][C@@]12C[C@@]3([H])[C@]4([H])CCC5=CC(=O)C=C[C@]5(C)[C@@]4(F)[C@@H](O)C[C@]3(C)[C@@]1(OC(C)(C)O2)C(=O)COC(=O)CC(C)(C)C |c:13,t:9|",TZIZWYVVGLXXFV-FLRHRWPCSA-N,Launched
triamterene,sodium channel blocker,"SCNN1A, SCNN1B, SCNN1D, SCNN1G","endocrinology, cardiology","hypokalemia, hypertension, edema","MedChemEx, MedChemEx, MicroSource, MicroSource, MicroSource, MicroSource, Selleck",99.47,"Nc1nc(N)c2nc(c(N)nc2n1)-c1ccccc1, Nc1nc(N)c2nc(c(N)nc2n1)-c1ccccc1, Nc1nc(N)c2nc(c(N)nc2n1)-c1ccccc1, Nc1nc(N)c2nc(c(N)nc2n1)-c1ccccc1, Nc1nc(N)c2nc(c(N)nc2n1)-c1ccccc1, Nc1nc(N)c2nc(c(N)nc2n1)-c1ccccc1, Nc1nc(N)c2nc(c(N)nc2n1)-c1ccccc1","FNYLWPVRPXGIIP-UHFFFAOYSA-N, FNYLWPVRPXGIIP-UHFFFAOYSA-N, FNYLWPVRPXGIIP-UHFFFAOYSA-N, FNYLWPVRPXGIIP-UHFFFAOYSA-N, FNYLWPVRPXGIIP-UHFFFAOYSA-N, FNYLWPVRPXGIIP-UHFFFAOYSA-N, FNYLWPVRPXGIIP-UHFFFAOYSA-N",Launched
triapine,ribonucleotide reductase inhibitor,"RRM1, RRM2",,,"MedChemEx, Selleck, Selleck",99.17,"NC(=S)N\N=C\c1ncccc1N, NC(=S)N\N=C\c1ncccc1N, NC(=S)N\N=C\c1ncccc1N","XMYKNCNAZKMVQN-NYYWCZLTSA-N, XMYKNCNAZKMVQN-NYYWCZLTSA-N, XMYKNCNAZKMVQN-NYYWCZLTSA-N",Phase 2
tribenoside,"anti-inflammatory agent, capillary stabilizing agent",,,,"ChemImpex, Prestwick",63.93,"CCO[C@H]1O[C@H]([C@@H](COCc2ccccc2)OCc2ccccc2)[C@H](OCc2ccccc2)[C@H]1O |a:5,6,24,33,&1:3|, CCO[C@H]1O[C@H]([C@@H](COCc2ccccc2)OCc2ccccc2)[C@H](OCc2ccccc2)[C@H]1O |a:5,6,24,33,&1:3|","ULLNJSBQMBKOJH-JPHCZMGXSA-N, ULLNJSBQMBKOJH-JPHCZMGXSA-N",Launched
tribomsalan,,,,,"Sigma, Vitas-M, Vitas-M, Vitas-M",97.22,"Oc1c(Br)cc(Br)cc1C(=O)Nc1ccc(Br)cc1, Oc1c(Br)cc(Br)cc1C(=O)Nc1ccc(Br)cc1, Oc1c(Br)cc(Br)cc1C(=O)Nc1ccc(Br)cc1, Oc1c(Br)cc(Br)cc1C(=O)Nc1ccc(Br)cc1","KVSKGMLNBAPGKH-UHFFFAOYSA-N, KVSKGMLNBAPGKH-UHFFFAOYSA-N, KVSKGMLNBAPGKH-UHFFFAOYSA-N, KVSKGMLNBAPGKH-UHFFFAOYSA-N",Preclinical
tribromoethanol,analgesic agent,,,,"MedChemEx, MicroSource",0,"OCC(Br)(Br)Br, OCC(Br)(Br)Br","YFDSDPIBEUFTMI-UHFFFAOYSA-N, YFDSDPIBEUFTMI-UHFFFAOYSA-N",Preclinical
tributyrin,HDAC inhibitor,,,,"Sigma, Sigma",73.5,"CCCC(=O)OCC(COC(=O)CCC)OC(=O)CCC, CCCC(=O)OCC(COC(=O)CCC)OC(=O)CCC","UYXTWWCETRIEDR-UHFFFAOYSA-N, UYXTWWCETRIEDR-UHFFFAOYSA-N",Phase 1
tricaprylin,,,dermatology,cosmetic,"MicroSource, Sigma",85.71,"CCCCCCCC(=O)OCC(COC(=O)CCCCCCC)OC(=O)CCCCCCC, CCCCCCCC(=O)OCC(COC(=O)CCCCCCC)OC(=O)CCCCCCC","VLPFTAMPNXLGLX-UHFFFAOYSA-N, VLPFTAMPNXLGLX-UHFFFAOYSA-N",Launched
trichlormethiazide,chloride channel blocker,"PTGS1, PTGS2, SLC12A1",cardiology,"hypertension, edema","Selleck, MicroSource, Selleck, Selleck, Selleck",100,"NS(=O)(=O)c1cc2c(N[C@@H](NS2(=O)=O)C(Cl)Cl)cc1Cl |&1:9,r|, NS(=O)(=O)c1cc2c(N[C@@H](NS2(=O)=O)C(Cl)Cl)cc1Cl |&1:9,r|, NS(=O)(=O)c1cc2c(N[C@@H](NS2(=O)=O)C(Cl)Cl)cc1Cl |&1:9,r|, NS(=O)(=O)c1cc2c(N[C@@H](NS2(=O)=O)C(Cl)Cl)cc1Cl |&1:9,r|, NS(=O)(=O)c1cc2c(N[C@@H](NS2(=O)=O)C(Cl)Cl)cc1Cl |&1:9,r|","LMJSLTNSBFUCMU-QMMMGPOBSA-N, LMJSLTNSBFUCMU-QMMMGPOBSA-N, LMJSLTNSBFUCMU-QMMMGPOBSA-N, LMJSLTNSBFUCMU-QMMMGPOBSA-N, LMJSLTNSBFUCMU-QMMMGPOBSA-N",Launched
trichloroacetic-acid,,,dermatology,warts,"Enamine, Enamine, Enamine",0,"OC(=O)C(Cl)(Cl)Cl, OC(=O)C(Cl)(Cl)Cl, OC(=O)C(Cl)(Cl)Cl","YNJBWRMUSHSURL-UHFFFAOYSA-N, YNJBWRMUSHSURL-UHFFFAOYSA-N, YNJBWRMUSHSURL-UHFFFAOYSA-N",Launched
trichloroethylene,,,,,"Sigma, MicroSource",0,"ClC=C(Cl)Cl, ClC=C(Cl)Cl","XSTXAVWGXDQKEL-UHFFFAOYSA-N, XSTXAVWGXDQKEL-UHFFFAOYSA-N",Preclinical
trichostatin-a,HDAC inhibitor,"HDAC1, HDAC10, HDAC2, HDAC3, HDAC4, HDAC5, HDAC6, HDAC7, HDAC8, HDAC9",,,"Selleck, Selleck, Selleck, Selleck, Selleck, Selleck",98.67,"C[C@H](\C=C(/C)\C=C\C(=O)NO)C(=O)c1ccc(cc1)N(C)C, C[C@H](\C=C(/C)\C=C\C(=O)NO)C(=O)c1ccc(cc1)N(C)C, C[C@H](\C=C(/C)\C=C\C(=O)NO)C(=O)c1ccc(cc1)N(C)C, C[C@H](\C=C(/C)\C=C\C(=O)NO)C(=O)c1ccc(cc1)N(C)C, C[C@H](\C=C(/C)\C=C\C(=O)NO)C(=O)c1ccc(cc1)N(C)C, C[C@H](\C=C(/C)\C=C\C(=O)NO)C(=O)c1ccc(cc1)N(C)C","RTKIYFITIVXBLE-QEQCGCAPSA-N, RTKIYFITIVXBLE-QEQCGCAPSA-N, RTKIYFITIVXBLE-QEQCGCAPSA-N, RTKIYFITIVXBLE-QEQCGCAPSA-N, RTKIYFITIVXBLE-QEQCGCAPSA-N, RTKIYFITIVXBLE-QEQCGCAPSA-N",Phase 1
triciribine,AKT inhibitor,"AKT1, AKT2, AKT3",,,"Tocris, Tocris, Tocris, Tocris, Selleck, Selleck, Selleck, Selleck, Selleck",95.13,"Cn1nc(N)c2cn([C@@H]3O[C@H](CO)[C@@H](O)[C@H]3O)c3ncnc1c23, Cn1nc(N)c2cn([C@@H]3O[C@H](CO)[C@@H](O)[C@H]3O)c3ncnc1c23, Cn1nc(N)c2cn([C@@H]3O[C@H](CO)[C@@H](O)[C@H]3O)c3ncnc1c23, Cn1nc(N)c2cn([C@@H]3O[C@H](CO)[C@@H](O)[C@H]3O)c3ncnc1c23, Cn1nc(N)c2cn([C@@H]3O[C@H](CO)[C@@H](O)[C@H]3O)c3ncnc1c23, Cn1nc(N)c2cn([C@@H]3O[C@H](CO)[C@@H](O)[C@H]3O)c3ncnc1c23, Cn1nc(N)c2cn([C@@H]3O[C@H](CO)[C@@H](O)[C@H]3O)c3ncnc1c23, Cn1nc(N)c2cn([C@@H]3O[C@H](CO)[C@@H](O)[C@H]3O)c3ncnc1c23, Cn1nc(N)c2cn([C@@H]3O[C@H](CO)[C@@H](O)[C@H]3O)c3ncnc1c23","HOGVTUZUJGHKPL-HTVVRFAVSA-N, HOGVTUZUJGHKPL-HTVVRFAVSA-N, HOGVTUZUJGHKPL-HTVVRFAVSA-N, HOGVTUZUJGHKPL-HTVVRFAVSA-N, HOGVTUZUJGHKPL-HTVVRFAVSA-N, HOGVTUZUJGHKPL-HTVVRFAVSA-N, HOGVTUZUJGHKPL-HTVVRFAVSA-N, HOGVTUZUJGHKPL-HTVVRFAVSA-N, HOGVTUZUJGHKPL-HTVVRFAVSA-N",Phase 1/Phase 2
triciribine-phosphate,AKT inhibitor,,,,Adooq,95.69,Cn1nc(N)c2cn([C@@H]3O[C@H](COP(O)(O)=O)[C@@H](O)[C@H]3O)c3ncnc1c23,URLYINUFLXOMHP-HTVVRFAVSA-N,Phase 1/Phase 2
triclabendazole,microtubule inhibitor,DNMT1,infectious disease,tapeworm,"MedChemEx, MicroSource, Selleck, Selleck, Selleck, Selleck, Selleck, Selleck, Selleck",98.03,"CSc1nc2cc(Cl)c(Oc3cccc(Cl)c3Cl)cc2[nH]1, CSc1nc2cc(Cl)c(Oc3cccc(Cl)c3Cl)cc2[nH]1, CSc1nc2cc(Cl)c(Oc3cccc(Cl)c3Cl)cc2[nH]1, CSc1nc2cc(Cl)c(Oc3cccc(Cl)c3Cl)cc2[nH]1, CSc1nc2cc(Cl)c(Oc3cccc(Cl)c3Cl)cc2[nH]1, CSc1nc2cc(Cl)c(Oc3cccc(Cl)c3Cl)cc2[nH]1, CSc1nc2cc(Cl)c(Oc3cccc(Cl)c3Cl)cc2[nH]1, CSc1nc2cc(Cl)c(Oc3cccc(Cl)c3Cl)cc2[nH]1, CSc1nc2cc(Cl)c(Oc3cccc(Cl)c3Cl)cc2[nH]1","NQPDXQQQCQDHHW-UHFFFAOYSA-N, NQPDXQQQCQDHHW-UHFFFAOYSA-N, NQPDXQQQCQDHHW-UHFFFAOYSA-N, NQPDXQQQCQDHHW-UHFFFAOYSA-N, NQPDXQQQCQDHHW-UHFFFAOYSA-N, NQPDXQQQCQDHHW-UHFFFAOYSA-N, NQPDXQQQCQDHHW-UHFFFAOYSA-N, NQPDXQQQCQDHHW-UHFFFAOYSA-N, NQPDXQQQCQDHHW-UHFFFAOYSA-N",Launched
triclocarban,other antibiotic,,infectious disease,first-aid antiseptic,"MedChemEx, ChemDiv, ChemDiv, ChemDiv, ChemDiv, ChemDiv",97.9,"Clc1ccc(NC(=O)Nc2ccc(Cl)c(Cl)c2)cc1, Clc1ccc(NC(=O)Nc2ccc(Cl)c(Cl)c2)cc1, Clc1ccc(NC(=O)Nc2ccc(Cl)c(Cl)c2)cc1, Clc1ccc(NC(=O)Nc2ccc(Cl)c(Cl)c2)cc1, Clc1ccc(NC(=O)Nc2ccc(Cl)c(Cl)c2)cc1, Clc1ccc(NC(=O)Nc2ccc(Cl)c(Cl)c2)cc1","ICUTUKXCWQYESQ-UHFFFAOYSA-N, ICUTUKXCWQYESQ-UHFFFAOYSA-N, ICUTUKXCWQYESQ-UHFFFAOYSA-N, ICUTUKXCWQYESQ-UHFFFAOYSA-N, ICUTUKXCWQYESQ-UHFFFAOYSA-N, ICUTUKXCWQYESQ-UHFFFAOYSA-N",Launched
triclosan,antibacterial agent,DNMT1,infectious disease,first-aid antiseptic,"MicroSource, MicroSource, MicroSource, MicroSource",99.42,"Oc1cc(Cl)ccc1Oc1ccc(Cl)cc1Cl, Oc1cc(Cl)ccc1Oc1ccc(Cl)cc1Cl, Oc1cc(Cl)ccc1Oc1ccc(Cl)cc1Cl, Oc1cc(Cl)ccc1Oc1ccc(Cl)cc1Cl","XEFQLINVKFYRCS-UHFFFAOYSA-N, XEFQLINVKFYRCS-UHFFFAOYSA-N, XEFQLINVKFYRCS-UHFFFAOYSA-N, XEFQLINVKFYRCS-UHFFFAOYSA-N",Launched
tridihexethyl,acetylcholine receptor antagonist,,"gastroenterology, ophthalmology","peptic ulcer disease (PUD), nystagmus",Prestwick,94,CC[N+](CC)(CC)CC[C@@](O)(C1CCCCC1)c1ccccc1 |&1:9|,NPRHVSBSZMAEIN-NRFANRHFSA-N,Launched
trientine,chelating agent,CA14,metabolism,Wilson's disease,"MicroSource, Sigma",100,"NCCNCCNCCN, NCCNCCNCCN","VILCJCGEZXAXTO-UHFFFAOYSA-N, VILCJCGEZXAXTO-UHFFFAOYSA-N",Launched
trifloxystrobin,mitochondrial electron transport inhibitor,,,,MedChemEx,97.32,CO\N=C(\C(=O)OC)c1ccccc1CO\N=C(/C)c1cccc(c1)C(F)(F)F,ONCZDRURRATYFI-TVJDWZFNSA-N,Preclinical
trifluoperazine,dopamine receptor antagonist,"ADRA1A, CALM1, CALY, DRD2, DRD4, HRH1, HTR2A, HTR2C, S100A4, TNNC1",neurology/psychiatry,schizophrenia,"MedChemEx, Selleck, Selleck, Selleck, MicroSource, MicroSource, Selleck",96.64,"CN1CCN(CCCN2c3ccccc3Sc3ccc(cc23)C(F)(F)F)CC1, CN1CCN(CCCN2c3ccccc3Sc3ccc(cc23)C(F)(F)F)CC1, CN1CCN(CCCN2c3ccccc3Sc3ccc(cc23)C(F)(F)F)CC1, CN1CCN(CCCN2c3ccccc3Sc3ccc(cc23)C(F)(F)F)CC1, CN1CCN(CCCN2c3ccccc3Sc3ccc(cc23)C(F)(F)F)CC1, CN1CCN(CCCN2c3ccccc3Sc3ccc(cc23)C(F)(F)F)CC1, CN1CCN(CCCN2c3ccccc3Sc3ccc(cc23)C(F)(F)F)CC1","ZEWQUBUPAILYHI-UHFFFAOYSA-N, ZEWQUBUPAILYHI-UHFFFAOYSA-N, ZEWQUBUPAILYHI-UHFFFAOYSA-N, ZEWQUBUPAILYHI-UHFFFAOYSA-N, ZEWQUBUPAILYHI-UHFFFAOYSA-N, ZEWQUBUPAILYHI-UHFFFAOYSA-N, ZEWQUBUPAILYHI-UHFFFAOYSA-N",Launched
triflupromazine,dopamine receptor antagonist,"CHRM1, CHRM2, DRD1, DRD2, HTR2B","neurology/psychiatry, gastroenterology","psychosis, nausea, vomiting","MedChemEx, MedChemEx, MicroSource, MicroSource, Selleck, Selleck, Selleck",97.93,"CN(C)CCCN1c2ccccc2Sc2ccc(cc12)C(F)(F)F, CN(C)CCCN1c2ccccc2Sc2ccc(cc12)C(F)(F)F, CN(C)CCCN1c2ccccc2Sc2ccc(cc12)C(F)(F)F, CN(C)CCCN1c2ccccc2Sc2ccc(cc12)C(F)(F)F, CN(C)CCCN1c2ccccc2Sc2ccc(cc12)C(F)(F)F, CN(C)CCCN1c2ccccc2Sc2ccc(cc12)C(F)(F)F, CN(C)CCCN1c2ccccc2Sc2ccc(cc12)C(F)(F)F","XSCGXQMFQXDFCW-UHFFFAOYSA-N, XSCGXQMFQXDFCW-UHFFFAOYSA-N, XSCGXQMFQXDFCW-UHFFFAOYSA-N, XSCGXQMFQXDFCW-UHFFFAOYSA-N, XSCGXQMFQXDFCW-UHFFFAOYSA-N, XSCGXQMFQXDFCW-UHFFFAOYSA-N, XSCGXQMFQXDFCW-UHFFFAOYSA-N",Launched
trifluridine,"DNA directed DNA polymerase inhibitor, thymidylate synthase inhibitor",TYMS,infectious disease,virus herpes simplex (HSV),"Tocris, MicroSource, MicroSource, MicroSource, MicroSource, Selleck, Selleck, Selleck, Selleck",96.52,"OC[C@H]1O[C@H](C[C@@H]1O)n1cc(c(=O)[nH]c1=O)C(F)(F)F, OC[C@H]1O[C@H](C[C@@H]1O)n1cc(c(=O)[nH]c1=O)C(F)(F)F, OC[C@H]1O[C@H](C[C@@H]1O)n1cc(c(=O)[nH]c1=O)C(F)(F)F, OC[C@H]1O[C@H](C[C@@H]1O)n1cc(c(=O)[nH]c1=O)C(F)(F)F, OC[C@H]1O[C@H](C[C@@H]1O)n1cc(c(=O)[nH]c1=O)C(F)(F)F, OC[C@H]1O[C@H](C[C@@H]1O)n1cc(c(=O)[nH]c1=O)C(F)(F)F, OC[C@H]1O[C@H](C[C@@H]1O)n1cc(c(=O)[nH]c1=O)C(F)(F)F, OC[C@H]1O[C@H](C[C@@H]1O)n1cc(c(=O)[nH]c1=O)C(F)(F)F, OC[C@H]1O[C@H](C[C@@H]1O)n1cc(c(=O)[nH]c1=O)C(F)(F)F","VSQQQLOSPVPRAZ-RRKCRQDMSA-N, VSQQQLOSPVPRAZ-RRKCRQDMSA-N, VSQQQLOSPVPRAZ-RRKCRQDMSA-N, VSQQQLOSPVPRAZ-RRKCRQDMSA-N, VSQQQLOSPVPRAZ-RRKCRQDMSA-N, VSQQQLOSPVPRAZ-RRKCRQDMSA-N, VSQQQLOSPVPRAZ-RRKCRQDMSA-N, VSQQQLOSPVPRAZ-RRKCRQDMSA-N, VSQQQLOSPVPRAZ-RRKCRQDMSA-N",Launched
triflusal,"cyclooxygenase inhibitor, platelet aggregation inhibitor, thromboxane synthase inhibitor","NFKB1, NOS2, PDE10A, PTGS1","neurology/psychiatry, cardiology","stroke, myocardial infarction, atrial fibrillation (AF)","MedChemEx, MedChemEx, MedChemEx, Selleck, Selleck, MedChemEx, Selleck",94.75,"CC(=O)Oc1cc(ccc1C(O)=O)C(F)(F)F, CC(=O)Oc1cc(ccc1C(O)=O)C(F)(F)F, CC(=O)Oc1cc(ccc1C(O)=O)C(F)(F)F, CC(=O)Oc1cc(ccc1C(O)=O)C(F)(F)F, CC(=O)Oc1cc(ccc1C(O)=O)C(F)(F)F, CC(=O)Oc1cc(ccc1C(O)=O)C(F)(F)F, CC(=O)Oc1cc(ccc1C(O)=O)C(F)(F)F","RMWVZGDJPAKBDE-UHFFFAOYSA-N, RMWVZGDJPAKBDE-UHFFFAOYSA-N, RMWVZGDJPAKBDE-UHFFFAOYSA-N, RMWVZGDJPAKBDE-UHFFFAOYSA-N, RMWVZGDJPAKBDE-UHFFFAOYSA-N, RMWVZGDJPAKBDE-UHFFFAOYSA-N, RMWVZGDJPAKBDE-UHFFFAOYSA-N",Launched
trigonelline,,,,,"Enzo, Enzo",100,"C[n+]1cccc(c1)C(O)=O, C[n+]1cccc(c1)C(O)=O","WWNNZCOKKKDOPX-UHFFFAOYSA-O, WWNNZCOKKKDOPX-UHFFFAOYSA-O",Phase 1
trihexyphenidyl,acetylcholine receptor antagonist,CHRM1,neurology/psychiatry,parkinsonism,MedChemEx,93.48,O[C@@](CCN1CCCCC1)(C1CCCCC1)c1ccccc1 |&1:1|,HWHLPVGTWGOCJO-HXUWFJFHSA-N,Launched
trilaciclib,CDK inhibitor,,,,MedChemEx,86.11,CN1CCN(CC1)c1ccc(Nc2ncc3cc4C(=O)NCC5(CCCCC5)n4c3n2)nc1,PDGKHKMBHVFCMG-UHFFFAOYSA-N,Phase 2
trilostane,3beta-hydroxy-delta5-steroid dehydrogenase inhibitor,,endocrinology,Cushing's syndrome,"MicroSource, MedChemEx, Selleck",99.44,"C[C@]12CC[C@H]3[C@@H](CC[C@@]45O[C@@H]4C(=O)[C@@H](C[C@]35C)C#N)[C@@H]1CC[C@@H]2O |a:1,4,5,8,10,15,19,22,&1:13|, C[C@]12CC[C@H]3[C@@H](CC[C@@]45O[C@@H]4C(=O)[C@@H](C[C@]35C)C#N)[C@@H]1CC[C@@H]2O |a:1,4,5,8,10,15,19,22,&1:13|, C[C@]12CC[C@H]3[C@@H](CC[C@@]45O[C@@H]4C(=O)[C@@H](C[C@]35C)C#N)[C@@H]1CC[C@@H]2O |a:1,4,5,8,10,15,19,22,&1:13|","RLQVKDVIBJCQGE-PORJLZOZSA-N, RLQVKDVIBJCQGE-PORJLZOZSA-N, RLQVKDVIBJCQGE-PORJLZOZSA-N",Launched
TRIM,,,,,Tocris,0,FC(F)(F)c1ccccc1-n1ccnc1,WZBWBNCQUTXYEL-UHFFFAOYSA-N,Preclinical
trimebutine,opioid receptor agonist,"OPRD1, OPRK1, OPRM1",gastroenterology,irritable bowel syndrome,MedChemEx,96.27,CC[C@](COC(=O)c1cc(OC)c(OC)c(OC)c1)(N(C)C)c1ccccc1 |&1:2|,LORDFXWUHHSAQU-JOCHJYFZSA-N,Launched
trimetazidine,3-ketoacyl CoA thiolase inhibitor,ACAA2,cardiology,angina pectoris,"MedChemEx, MedChemEx, MicroSource",98.64,"COc1ccc(CN2CCNCC2)c(OC)c1OC, COc1ccc(CN2CCNCC2)c(OC)c1OC, COc1ccc(CN2CCNCC2)c(OC)c1OC","UHWVSEOVJBQKBE-UHFFFAOYSA-N, UHWVSEOVJBQKBE-UHFFFAOYSA-N, UHWVSEOVJBQKBE-UHFFFAOYSA-N",Launched
trimethadione,oxazolidine antiepileptic,"CACNA1G, CACNA1H, CACNA1I",neurology/psychiatry,seizures,"MicroSource, MedChemEx, Sigma, MedChemEx",12.34,"CN1C(=O)OC(C)(C)C1=O, CN1C(=O)OC(C)(C)C1=O, CN1C(=O)OC(C)(C)C1=O, CN1C(=O)OC(C)(C)C1=O","IRYJRGCIQBGHIV-UHFFFAOYSA-N, IRYJRGCIQBGHIV-UHFFFAOYSA-N, IRYJRGCIQBGHIV-UHFFFAOYSA-N, IRYJRGCIQBGHIV-UHFFFAOYSA-N",Launched
trimethobenzamide,histamine receptor antagonist,DRD2,gastroenterology,"vomiting, nausea, gastroenteritis","MicroSource, MicroSource, CombiBlocks, CombiBlocks",99.34,"COc1cc(cc(OC)c1OC)C(=O)NCc1ccc(OCCN(C)C)cc1, COc1cc(cc(OC)c1OC)C(=O)NCc1ccc(OCCN(C)C)cc1, COc1cc(cc(OC)c1OC)C(=O)NCc1ccc(OCCN(C)C)cc1, COc1cc(cc(OC)c1OC)C(=O)NCc1ccc(OCCN(C)C)cc1","FEZBIKUBAYAZIU-UHFFFAOYSA-N, FEZBIKUBAYAZIU-UHFFFAOYSA-N, FEZBIKUBAYAZIU-UHFFFAOYSA-N, FEZBIKUBAYAZIU-UHFFFAOYSA-N",Launched
trimethoprim,dihydrofolate reductase inhibitor,"DHFR, TYMS","infectious disease, gastroenterology","urinary tract infections, ear infections, diarrhea","MicroSource, Selleck",98.69,"COc1cc(Cc2cnc(N)nc2N)cc(OC)c1OC, COc1cc(Cc2cnc(N)nc2N)cc(OC)c1OC","IEDVJHCEMCRBQM-UHFFFAOYSA-N, IEDVJHCEMCRBQM-UHFFFAOYSA-N",Launched
trimethoquinol,adrenergic receptor antagonist,"ADRB2, ADRB3",pulmonary,asthma,Sigma,85.22,COc1cc(C[C@H]2NCCc3cc(O)c(O)cc23)cc(OC)c1OC |&1:6|,RGVPOXRFEPSFGH-CQSZACIVSA-N,Launched
trimethylolpropane-triacrylate,,,,,Sigma,75.72,CCC(COC(=O)C=C)(COC(=O)C=C)COC(=O)C=C,DAKWPKUUDNSNPN-UHFFFAOYSA-N,Preclinical
trimetozine,sedative,,neurology/psychiatry,sedative,"MicroSource, Sigma",99.51,"COc1cc(cc(OC)c1OC)C(=O)N1CCOCC1, COc1cc(cc(OC)c1OC)C(=O)N1CCOCC1","XWVOEFLBOSSYGM-UHFFFAOYSA-N, XWVOEFLBOSSYGM-UHFFFAOYSA-N",Launched
trimetrexate,dihydrofolate reductase inhibitor,DHFR,,,MedChemEx,97.2,COc1cc(NCc2ccc3nc(N)nc(N)c3c2C)cc(OC)c1OC,NOYPYLRCIDNJJB-UHFFFAOYSA-N,Phase 3
trimipramine,"norepinephrine reputake inhibitor, tricyclic antidepressant","SLC6A2, SLC6A3, SLC6A4",neurology/psychiatry,depression,MedChemEx,95.57,C[C@@H](CN(C)C)CN1c2ccccc2CCc2ccccc12 |&1:1|,ZSCDBOWYZJWBIY-INIZCTEOSA-N,Launched
trioxsalen,DNA synthesis inhibitor,,dermatology,"vitiligo, eczema","MedChemEx, MicroSource",97.99,"Cc1cc2cc3c(C)cc(=O)oc3c(C)c2o1, Cc1cc2cc3c(C)cc(=O)oc3c(C)c2o1","FMHHVULEAZTJMA-UHFFFAOYSA-N, FMHHVULEAZTJMA-UHFFFAOYSA-N",Launched
tripelennamine,histamine receptor antagonist,HRH1,"pulmonary, allergy","asthma, allergic rhinitis, urticaria","MicroSource, Selleck, MedChemEx",96.93,"CN(C)CCN(Cc1ccccc1)c1ccccn1, CN(C)CCN(Cc1ccccc1)c1ccccn1, CN(C)CCN(Cc1ccccc1)c1ccccn1","UFLGIAIHIAPJJC-UHFFFAOYSA-N, UFLGIAIHIAPJJC-UHFFFAOYSA-N, UFLGIAIHIAPJJC-UHFFFAOYSA-N",Launched
triprolidine,histamine receptor antagonist,HRH1,allergy,allergic rhinitis,"MicroSource, Tocris",98.84,"Cc1ccc(cc1)C(=C/CN1CCCC1)\c1ccccn1, Cc1ccc(cc1)C(=C/CN1CCCC1)\c1ccccn1","CBEQULMOCCWAQT-WOJGMQOQSA-N, CBEQULMOCCWAQT-WOJGMQOQSA-N",Launched
triptan,serotonin receptor agonist,"HTR1B, HTR1D",,,Sigma,0,CC(C)C(C)(C)C,ZISSAWUMDACLOM-UHFFFAOYSA-N,Phase 1
triptolide,RNA polymerase inhibitor,RELA,,,"Tocris, Tocris, Selleck, Selleck, Selleck, Selleck, Selleck",98.14,"CC(C)[C@]12O[C@H]1[C@@H]1O[C@]11[C@]3(O[C@H]3C[C@H]3C4=C(CC[C@]13C)C(=O)OC4)[C@@H]2O |c:17|, CC(C)[C@]12O[C@H]1[C@@H]1O[C@]11[C@]3(O[C@H]3C[C@H]3C4=C(CC[C@]13C)C(=O)OC4)[C@@H]2O |c:17|, CC(C)[C@]12O[C@H]1[C@@H]1O[C@]11[C@]3(O[C@H]3C[C@H]3C4=C(CC[C@]13C)C(=O)OC4)[C@@H]2O |c:17|, CC(C)[C@]12O[C@H]1[C@@H]1O[C@]11[C@]3(O[C@H]3C[C@H]3C4=C(CC[C@]13C)C(=O)OC4)[C@@H]2O |c:17|, CC(C)[C@]12O[C@H]1[C@@H]1O[C@]11[C@]3(O[C@H]3C[C@H]3C4=C(CC[C@]13C)C(=O)OC4)[C@@H]2O |c:17|, CC(C)[C@]12O[C@H]1[C@@H]1O[C@]11[C@]3(O[C@H]3C[C@H]3C4=C(CC[C@]13C)C(=O)OC4)[C@@H]2O |c:17|, CC(C)[C@]12O[C@H]1[C@@H]1O[C@]11[C@]3(O[C@H]3C[C@H]3C4=C(CC[C@]13C)C(=O)OC4)[C@@H]2O |c:17|","DFBIRQPKNDILPW-CIVMWXNOSA-N, DFBIRQPKNDILPW-CIVMWXNOSA-N, DFBIRQPKNDILPW-CIVMWXNOSA-N, DFBIRQPKNDILPW-CIVMWXNOSA-N, DFBIRQPKNDILPW-CIVMWXNOSA-N, InChI=1S/C20H24O6/c1-8(2)18-13(25-18)14-20(26-14)17(3)5-4-9-10(7-23-15(9)21)11(17)6-12-19(20,24-12)16(18)22/h8,11-14,16,22H,4-7H2,1-3H3/t11-,12-,13-,14-,16+,17-,18-,19+,20+/m0/s1, InChI=1S/C20H24O6/c1-8(2)18-13(25-18)14-20(26-14)17(3)5-4-9-10(7-23-15(9)21)11(17)6-12-19(20,24-12)16(18)22/h8,11-14,16,22H,4-7H2,1-3H3/t11-,12-,13-,14-,16+,17-,18-,19+,20+/m0/s1",Phase 3
triptorelin,gonadotropin releasing factor hormone receptor agonist,GNRHR,"oncology, endocrinology, obstetrics/gynecology","prostate cancer, breast cancer, precocious puberty, endometriosis, myoma, gender dysphoria","Enzo, MedChemEx",96.28,"CC(C)C[C@H](NC(=O)[C@@H](Cc1c[nH]c2ccccc12)NC(=O)[C@H](Cc1ccc(O)cc1)NC(=O)[C@H](CO)NC(=O)[C@H](Cc1c[nH]c2ccccc12)NC(=O)[C@H](Cc1cnc[nH]1)NC(=O)[C@@H]1CCC(=O)N1)C(=O)N[C@@H](CCCNC(N)=N)C(=O)N1CCC[C@H]1C(=O)NCC(N)=O, CC(C)C[C@H](NC(=O)[C@@H](Cc1c[nH]c2ccccc12)NC(=O)[C@H](Cc1ccc(O)cc1)NC(=O)[C@H](CO)NC(=O)[C@H](Cc1c[nH]c2ccccc12)NC(=O)[C@H](Cc1cnc[nH]1)NC(=O)[C@@H]1CCC(=O)N1)C(=O)N[C@@H](CCCNC(N)=N)C(=O)N1CCC[C@H]1C(=O)NCC(N)=O","VXKHXGOKWPXYNA-PGBVPBMZSA-N, VXKHXGOKWPXYNA-PGBVPBMZSA-N",Launched
troclosene,,,,,"MicroSource, Sigma",0,"Cln1c(=O)[nH]c(=O)n(Cl)c1=O, Cln1c(=O)[nH]c(=O)n(Cl)c1=O","CEJLBZWIKQJOAT-UHFFFAOYSA-N, CEJLBZWIKQJOAT-UHFFFAOYSA-N",Launched
trodusquemine,tyrosine phosphatase inhibitor,,,,MedChemEx,95.5,[H][C@@]1(CC[C@@]2([H])[C@]3([H])[C@H](O)C[C@@]4([H])C[C@H](CC[C@]4(C)[C@@]3([H])CC[C@]12C)NCCCNCCCCNCCCN)[C@H](C)CC[C@@H](OS(O)(=O)=O)C(C)C,WUJVPODXELZABP-FWJXURDUSA-N,Phase 1
trofinetide,cytokine production inhibitor,"IFNG, IL6, TNF",,,Sigma,44.1,NCC(=O)N1CCC[C@H]1C(=O)N[C@@H](CCC(O)=O)C(O)=O,JJGBXTYGTKWGAT-YUMQZZPRSA-N,Phase 2
trofosfamide,DNA alkylating agent,,oncology,medulloblastoma,Sigma,0,"ClCCN(CCCl)[P@@]1(=O)OCCCN1CCCl |&1:7,r|",UMKFEPPTGMDVMI-KRWDZBQOSA-N,Launched
troglitazone,"insulin sensitizer, PPAR receptor agonist","CYP2C8, PPARG, TRPM3",,,"Tocris, Tocris, Enzo",93.99,"Cc1c(C)c2O[C@@](C)(COc3ccc(C[C@H]4SC(=O)NC4=O)cc3)CCc2c(C)c1O |&1:6,r|, Cc1c(C)c2O[C@@](C)(COc3ccc(C[C@H]4SC(=O)NC4=O)cc3)CCc2c(C)c1O |&1:6,r|, Cc1c(C)c2O[C@@](C)(COc3ccc(C[C@H]4SC(=O)NC4=O)cc3)CCc2c(C)c1O |&1:6,r|","GXPHKUHSUJUWKP-NTKDMRAZSA-N, GXPHKUHSUJUWKP-NTKDMRAZSA-N, GXPHKUHSUJUWKP-NTKDMRAZSA-N",Withdrawn
troleandomycin,protein synthesis inhibitor,,"infectious disease, pulmonary, otolaryngology","pneumonia, bronchitis, tonsillitis, sinusitis",Enzo,92.6,CO[C@H]1C[C@H](O[C@H]2[C@H](C)[C@@H](O[C@@H]3O[C@H](C)C[C@@H]([C@H]3OC(C)=O)N(C)C)[C@@H](C)C[C@@]3(CO3)C(=O)[C@H](C)[C@@H](OC(C)=O)[C@@H](C)[C@@H](C)OC(=O)[C@@H]2C)O[C@@H](C)[C@@H]1OC(C)=O,LQCLVBQBTUVCEQ-FBZTUZAPSA-N,Launched
trolox,antioxidant,,,,"Tocris, Tocris, Enzo",100,"Cc1c(C)c2O[C@@](C)(CCc2c(C)c1O)C(O)=O |&1:6,r|, Cc1c(C)c2O[C@@](C)(CCc2c(C)c1O)C(O)=O |&1:6,r|, Cc1c(C)c2O[C@@](C)(CCc2c(C)c1O)C(O)=O |&1:6,r|","GLEVLJDDWXEYCO-AWEZNQCLSA-N, GLEVLJDDWXEYCO-AWEZNQCLSA-N, GLEVLJDDWXEYCO-AWEZNQCLSA-N",Launched
tromaril,prostanoid receptor antagonist,,ophthalmology,eye inflammation,"Enamine, Enamine, Enamine, Enamine",99.33,"OC(=O)c1ccccc1NCCc1ccccc1, OC(=O)c1ccccc1NCCc1ccccc1, OC(=O)c1ccccc1NCCc1ccccc1, OC(=O)c1ccccc1NCCc1ccccc1","HLNLBEFKHHCAMV-UHFFFAOYSA-N, HLNLBEFKHHCAMV-UHFFFAOYSA-N, HLNLBEFKHHCAMV-UHFFFAOYSA-N, HLNLBEFKHHCAMV-UHFFFAOYSA-N",Launched
trometamol,,"AMD1, CANT1, DCN, NEIL1, VEGFA",,,"MedChemEx, MedChemEx, MicroSource, Selleck",100,"NC(CO)(CO)CO, NC(CO)(CO)CO, NC(CO)(CO)CO, NC(CO)(CO)CO","LENZDBCJOHFCAS-UHFFFAOYSA-N, LENZDBCJOHFCAS-UHFFFAOYSA-N, LENZDBCJOHFCAS-UHFFFAOYSA-N, LENZDBCJOHFCAS-UHFFFAOYSA-N",Launched
"tropanyl-3,5-dimethylbenzoate",serotonin receptor antagonist,"HTR3A, HTR3B",,,Tocris,94.98,"CN1[C@H]2CC[C@@H]1C[C@@H](C2)OC(=O)c1cc(C)cc(C)c1 |&1:2,&2:5,&3:7,r,TLB:0:1:3.4:6.7.8|",HDDNYFLPWFSBLN-ZSHCYNCHSA-N,Preclinical
tropesin,cyclooxygenase inhibitor,"PTGS1, PTGS2",,,Sigma,99.27,"COc1ccc2n(C(=O)c3ccc(Cl)cc3)c(C)c(CC(=O)OC[C@@H](C(O)=O)c3ccccc3)c2c1 |&1:24,r|",UCCJWNPWWPJKGL-XMMPIXPASA-N,Launched
tropicamide,acetylcholine receptor antagonist,"CHRM3, CHRM4",ophthalmology,"mydriasis diagnostic, cycloplegia diagnostic","Tocris, Tocris, Tocris, MicroSource, Selleck, Selleck",99.63,"CCN(Cc1ccncc1)C(=O)[C@@H](CO)c1ccccc1 |&1:12,r|, CCN(Cc1ccncc1)C(=O)[C@@H](CO)c1ccccc1 |&1:12,r|, CCN(Cc1ccncc1)C(=O)[C@@H](CO)c1ccccc1 |&1:12,r|, CCN(Cc1ccncc1)C(=O)[C@@H](CO)c1ccccc1 |&1:12,r|, CCN(Cc1ccncc1)C(=O)[C@@H](CO)c1ccccc1 |&1:12,r|, CCN(Cc1ccncc1)C(=O)[C@@H](CO)c1ccccc1 |&1:12,r|","BGDKAVGWHJFAGW-INIZCTEOSA-N, BGDKAVGWHJFAGW-INIZCTEOSA-N, BGDKAVGWHJFAGW-INIZCTEOSA-N, BGDKAVGWHJFAGW-INIZCTEOSA-N, BGDKAVGWHJFAGW-INIZCTEOSA-N, BGDKAVGWHJFAGW-INIZCTEOSA-N",Launched
tropifexor,FXR agonist,,,,MedChemEx,98.24,OC(=O)c1cc(F)c2nc(sc2c1)N1[C@H]2CC[C@@H]1C[C@@H](C2)OCc1c(onc1-c1ccccc1OC(F)(F)F)C1CC1 |TLB:9:13:16.15:19.20.18|,VYLOOGHLKSNNEK-PIIMJCKOSA-N,Phase 2
tropisetron,serotonin receptor antagonist,"GLRA1, GLRA2, GLRB, HTR3A, HTR4",gastroenterology,"nausea, vomiting","Selleck, Tocris, Tocris, Tocris",98.6,"CN1[C@H]2CC[C@@H]1C[C@@H](C2)OC(=O)c1c[nH]c2ccccc12, CN1[C@H]2CC[C@@H]1C[C@@H](C2)OC(=O)c1c[nH]c2ccccc12, CN1[C@H]2CC[C@@H]1C[C@@H](C2)OC(=O)c1c[nH]c2ccccc12, CN1[C@H]2CC[C@@H]1C[C@@H](C2)OC(=O)c1c[nH]c2ccccc12","ZNRGQMMCGHDTEI-ITGUQSILSA-N, ZNRGQMMCGHDTEI-ITGUQSILSA-N, ZNRGQMMCGHDTEI-ITGUQSILSA-N, ZNRGQMMCGHDTEI-ITGUQSILSA-N",Launched
trospium,acetylcholine receptor antagonist,CHRM1,urology,"urinary incontinence, urinary frequency",MedChemEx,89.72,"[H][C@]12CC[C@]([H])(C[C@@H](C1)OC(=O)C(O)(c1ccccc1)c1ccccc1)[N+]21CCCC1 |&1:1,4,7|",OYYDSUSKLWTMMQ-JKHIJQBDSA-N,Launched
trovafloxacin,bacterial DNA gyrase inhibitor,TOP2A,,,"Tocris, Tocris, Tocris, Enzo, Tocris",97.94,"N[C@H]1[C@@H]2CN(C[C@H]12)c1nc2n(cc(C(O)=O)c(=O)c2cc1F)-c1ccc(F)cc1F, N[C@H]1[C@@H]2CN(C[C@H]12)c1nc2n(cc(C(O)=O)c(=O)c2cc1F)-c1ccc(F)cc1F, N[C@H]1[C@@H]2CN(C[C@H]12)c1nc2n(cc(C(O)=O)c(=O)c2cc1F)-c1ccc(F)cc1F, N[C@H]1[C@@H]2CN(C[C@H]12)c1nc2n(cc(C(O)=O)c(=O)c2cc1F)-c1ccc(F)cc1F, N[C@H]1[C@@H]2CN(C[C@H]12)c1nc2n(cc(C(O)=O)c(=O)c2cc1F)-c1ccc(F)cc1F","WVPSKSLAZQPAKQ-CDMJZVDBSA-N, WVPSKSLAZQPAKQ-CDMJZVDBSA-N, WVPSKSLAZQPAKQ-CDMJZVDBSA-N, WVPSKSLAZQPAKQ-CDMJZVDBSA-N, WVPSKSLAZQPAKQ-CDMJZVDBSA-N",Withdrawn
troventol,,,,,MatrixSci,95.22,"CCC(CO)(C(=O)OC1C[C@@H]2CC[C@H](C1)[N+]2(C)C)c1ccccc1 |&1:2,&2:13,&3:10,TLB:7:8:11.12:15|",QFWSRMACUIYPGS-ZVBHREPYSA-N,Phase 1
trovirdine,non-nucleoside reverse transcriptase inhibitor,,,,"MedChemEx, MedChemEx, MedChemEx",96.32,"Brc1ccc(NC(=S)NCCc2ccccn2)nc1, Brc1ccc(NC(=S)NCCc2ccccn2)nc1, Brc1ccc(NC(=S)NCCc2ccccn2)nc1","HOCFDYZWQYGULA-UHFFFAOYSA-N, HOCFDYZWQYGULA-UHFFFAOYSA-N, HOCFDYZWQYGULA-UHFFFAOYSA-N",Phase 1
troxerutin,antioxidant,,,,"MedChemEx, MicroSource, Selleck, Selleck",90.3,"C[C@@H]1O[C@@H](OC[C@H]2O[C@@H](Oc3c(oc4cc(OCCO)cc(O)c4c3=O)-c3ccc(OCCO)c(OCCO)c3)[C@H](O)[C@@H](O)[C@@H]2O)[C@H](O)[C@H](O)[C@H]1O, C[C@@H]1O[C@@H](OC[C@H]2O[C@@H](Oc3c(oc4cc(OCCO)cc(O)c4c3=O)-c3ccc(OCCO)c(OCCO)c3)[C@H](O)[C@@H](O)[C@@H]2O)[C@H](O)[C@H](O)[C@H]1O, C[C@@H]1O[C@@H](OC[C@H]2O[C@@H](Oc3c(oc4cc(OCCO)cc(O)c4c3=O)-c3ccc(OCCO)c(OCCO)c3)[C@H](O)[C@@H](O)[C@@H]2O)[C@H](O)[C@H](O)[C@H]1O, C[C@@H]1O[C@@H](OC[C@H]2O[C@@H](Oc3c(oc4cc(OCCO)cc(O)c4c3=O)-c3ccc(OCCO)c(OCCO)c3)[C@H](O)[C@@H](O)[C@@H]2O)[C@H](O)[C@H](O)[C@H]1O","IYVFNTXFRYQLRP-VVSTWUKXSA-N, IYVFNTXFRYQLRP-VVSTWUKXSA-N, IYVFNTXFRYQLRP-VVSTWUKXSA-N, IYVFNTXFRYQLRP-VVSTWUKXSA-N",Launched
troxipide,glucosamine synthetase stimulant,,gastroenterology,gastroesophageal reflux disease (GERD),"Selleck, Selleck, MedChemEx, Selleck",91.95,"COc1cc(cc(OC)c1OC)C(=O)N[C@H]1CCCNC1 |&1:15,r|, COc1cc(cc(OC)c1OC)C(=O)N[C@H]1CCCNC1 |&1:15,r|, COc1cc(cc(OC)c1OC)C(=O)N[C@H]1CCCNC1 |&1:15,r|, COc1cc(cc(OC)c1OC)C(=O)N[C@H]1CCCNC1 |&1:15,r|","YSIITVVESCNIPR-NSHDSACASA-N, YSIITVVESCNIPR-NSHDSACASA-N, YSIITVVESCNIPR-NSHDSACASA-N, YSIITVVESCNIPR-NSHDSACASA-N",Launched
TRV130,opioid receptor agonist,OPRM1,,,MedChemEx,90.27,COc1ccsc1CNCC[C@]1(CCOC2(CCCC2)C1)c1ccccn1,DMNOVGJWPASQDL-OAQYLSRUSA-N,Phase 3
tryptanthrin,cyclooxygenase inhibitor,IDO1,,,"Enzo, Selleck",99.15,"O=C1c2ccccc2-n2c1nc1ccccc1c2=O, O=C1c2ccccc2-n2c1nc1ccccc1c2=O","VQQVWGVXDIPORV-UHFFFAOYSA-N, VQQVWGVXDIPORV-UHFFFAOYSA-N",Preclinical
tryptophan,serotonin receptor partial agonist,"CASR, IDO1, SLC36A1, WARS, WARS2","neurology/psychiatry, gastroenterology","anxiety, bloating, constipation, fatigue, sleeplessness","Sigma, Sigma, MicroSource",98.59,"N[C@@H](Cc1c[nH]c2ccccc12)C(O)=O, N[C@@H](Cc1c[nH]c2ccccc12)C(O)=O, N[C@@H](Cc1c[nH]c2ccccc12)C(O)=O","QIVBCDIJIAJPQS-VIFPVBQESA-N, QIVBCDIJIAJPQS-VIFPVBQESA-N, QIVBCDIJIAJPQS-VIFPVBQESA-N",Launched
TS-011,delayed vasospasm antagonist,,,,AMS,85.42,[O-][N+]CNc1ccc(N2CCOCC2)c(Cl)c1,CQMCOBQPZDLWIX-UHFFFAOYSA-N,Preclinical
TTNPB,retinoid receptor agonist,"RARA, RARB, RARG",,,"Tocris, Selleck, Selleck",91.34,"C\C(=C/c1ccc(cc1)C(O)=O)c1ccc2c(c1)C(C)(C)CCC2(C)C, C\C(=C/c1ccc(cc1)C(O)=O)c1ccc2c(c1)C(C)(C)CCC2(C)C, C\C(=C/c1ccc(cc1)C(O)=O)c1ccc2c(c1)C(C)(C)CCC2(C)C","FOIVPCKZDPCJJY-JQIJEIRASA-N, FOIVPCKZDPCJJY-JQIJEIRASA-N, FOIVPCKZDPCJJY-JQIJEIRASA-N",Phase 1
TTP-22,casein kinase inhibitor,CSNK2A1,,,"Tocris, Tocris",98.64,"Cc1ccc(cc1)-c1csc2ncnc(SCCC(O)=O)c12, Cc1ccc(cc1)-c1csc2ncnc(SCCC(O)=O)c12","RAOULLCLLOGTDA-UHFFFAOYSA-N, RAOULLCLLOGTDA-UHFFFAOYSA-N",Preclinical
TU-2100,,,,,"Vitas-M, Vitas-M",98.81,"CCOC(=O)c1ccccc1OC(=O)CCCCCCCC(=O)Oc1ccccc1C(=O)OCC, CCOC(=O)c1ccccc1OC(=O)CCCCCCCC(=O)Oc1ccccc1C(=O)OCC","LIBAUACOIKWWKP-UHFFFAOYSA-N, LIBAUACOIKWWKP-UHFFFAOYSA-N",Phase 2
tuaminoheptane,,,otolaryngology,nasal congestion,"MicroSource, MedChemEx",100,"CCCCC[C@@H](C)N |&1:5|, CCCCC[C@@H](C)N |&1:5|","VSRBKQFNFZQRBM-SSDOTTSWSA-N, VSRBKQFNFZQRBM-SSDOTTSWSA-N",Launched
tubastatin-A,HDAC inhibitor,HDAC6,,,"Selleck, Selleck, Selleck, Selleck, Selleck, Selleck",92.88,"CN1CCc2c(C1)c1ccccc1n2Cc1ccc(cc1)C(=O)NO, CN1CCc2c(C1)c1ccccc1n2Cc1ccc(cc1)C(=O)NO, CN1CCc2c(C1)c1ccccc1n2Cc1ccc(cc1)C(=O)NO, CN1CCc2c(C1)c1ccccc1n2Cc1ccc(cc1)C(=O)NO, CN1CCc2c(C1)c1ccccc1n2Cc1ccc(cc1)C(=O)NO, CN1CCc2c(C1)c1ccccc1n2Cc1ccc(cc1)C(=O)NO","GOVYBPLHWIEHEJ-UHFFFAOYSA-N, GOVYBPLHWIEHEJ-UHFFFAOYSA-N, GOVYBPLHWIEHEJ-UHFFFAOYSA-N, GOVYBPLHWIEHEJ-UHFFFAOYSA-N, GOVYBPLHWIEHEJ-UHFFFAOYSA-N, GOVYBPLHWIEHEJ-UHFFFAOYSA-N",Preclinical
tubocurarine,acetylcholine receptor antagonist,"ACHE, CHRNA2, HTR3A, HTR3B, KCNN1, KCNN2, KCNN3, ZACN",neurology/psychiatry,anesthetic,"MicroSource, Tocris, Tocris",97.35,"COc1cc2CC[N+](C)(C)[C@@H]3Cc4ccc(O)c(Oc5cc6[C@H](Cc7ccc(Oc(c1O)c23)cc7)N(C)CCc6cc5OC)c4, COc1cc2CC[N+](C)(C)[C@@H]3Cc4ccc(O)c(Oc5cc6[C@H](Cc7ccc(Oc(c1O)c23)cc7)N(C)CCc6cc5OC)c4, COc1cc2CC[N+](C)(C)[C@@H]3Cc4ccc(O)c(Oc5cc6[C@H](Cc7ccc(Oc(c1O)c23)cc7)N(C)CCc6cc5OC)c4","JFJZZMVDLULRGK-URLMMPGGSA-O, JFJZZMVDLULRGK-URLMMPGGSA-O, JFJZZMVDLULRGK-URLMMPGGSA-O",Launched
tucatinib,EGFR inhibitor,ERBB2,,,"MedChemEx, MedChemEx, MedChemEx, MedChemEx",94.53,"Cc1cc(Nc2ncnc3ccc(NC4=NC(C)(C)CO4)cc23)ccc1Oc1ccn2ncnc2c1 |t:14|, Cc1cc(Nc2ncnc3ccc(NC4=NC(C)(C)CO4)cc23)ccc1Oc1ccn2ncnc2c1 |t:14|, Cc1cc(Nc2ncnc3ccc(NC4=NC(C)(C)CO4)cc23)ccc1Oc1ccn2ncnc2c1 |t:14|, Cc1cc(Nc2ncnc3ccc(NC4=NC(C)(C)CO4)cc23)ccc1Oc1ccn2ncnc2c1 |t:14|","SDEAXTCZPQIFQM-UHFFFAOYSA-N, SDEAXTCZPQIFQM-UHFFFAOYSA-N, SDEAXTCZPQIFQM-UHFFFAOYSA-N, SDEAXTCZPQIFQM-UHFFFAOYSA-N",Phase 3
tucidinostat,HDAC inhibitor,,,,MedChemEx,88.6,Nc1cc(F)ccc1NC(=O)c1ccc(CNC(=O)\C=C\c2cccnc2)cc1,SZMJVTADHFNAIS-BJMVGYQFSA-N,Phase 3
tuftsin,macrophage activator,,,,MedChemEx,95.02,C[C@@H](O)[C@H](N)C(=O)N[C@@H](CCCCN)C(=O)N1CCC[C@H]1C(=O)N[C@@H](CCCNC(N)=N)C(O)=O,IESDGNYHXIOKRW-YXMSTPNBSA-N,Preclinical
TUG-770,free fatty acid receptor agonist,FFAR1,,,MedChemEx,96.74,OC(=O)CCc1ccc(cc1F)C#Cc1ccccc1CC#N,KIZUBVPJNPVIIN-UHFFFAOYSA-N,Preclinical
TUG-891,free fatty acid receptor agonist,FFAR4,,,"Tocris, Tocris, Tocris, Tocris",97.9,"Cc1ccc(cc1)-c1ccc(F)cc1COc1ccc(CCC(O)=O)cc1, Cc1ccc(cc1)-c1ccc(F)cc1COc1ccc(CCC(O)=O)cc1, Cc1ccc(cc1)-c1ccc(F)cc1COc1ccc(CCC(O)=O)cc1, Cc1ccc(cc1)-c1ccc(F)cc1COc1ccc(CCC(O)=O)cc1","LPGBXHWIQNZEJB-UHFFFAOYSA-N, LPGBXHWIQNZEJB-UHFFFAOYSA-N, LPGBXHWIQNZEJB-UHFFFAOYSA-N, LPGBXHWIQNZEJB-UHFFFAOYSA-N",Preclinical
tulobuterol,adrenergic receptor agonist,ADRB2,pulmonary,asthma,MedChemEx,91.87,CC(C)(C)NC[C@H](O)c1ccccc1Cl |&1:6|,YREYLAVBNPACJM-NSHDSACASA-N,Launched
tulrampator,antidepressant ,,,,MedChemEx,96.55,Fc1cccc(CCn2nnc3cc4C(=O)N(COc4cc3c2=O)C2CC2)c1,JHCFQXNWYDLBOG-UHFFFAOYSA-N,Phase 2
TW-37,BCL inhibitor,"BCL2, BCL2L1, MCL1",,,"Selleck, Selleck, Selleck, Selleck",91.58,"CC(C)c1ccccc1Cc1cc(C(=O)Nc2ccc(cc2)S(=O)(=O)c2ccccc2C(C)(C)C)c(O)c(O)c1O, CC(C)c1ccccc1Cc1cc(C(=O)Nc2ccc(cc2)S(=O)(=O)c2ccccc2C(C)(C)C)c(O)c(O)c1O, CC(C)c1ccccc1Cc1cc(C(=O)Nc2ccc(cc2)S(=O)(=O)c2ccccc2C(C)(C)C)c(O)c(O)c1O, CC(C)c1ccccc1Cc1cc(C(=O)Nc2ccc(cc2)S(=O)(=O)c2ccccc2C(C)(C)C)c(O)c(O)c1O","PQAPVTKIEGUPRN-UHFFFAOYSA-N, PQAPVTKIEGUPRN-UHFFFAOYSA-N, PQAPVTKIEGUPRN-UHFFFAOYSA-N, PQAPVTKIEGUPRN-UHFFFAOYSA-N",Preclinical
TWS-119,glycogen synthase kinase inhibitor,"GSK3B, JUN, MYC",,,"Selleck, Selleck, Selleck, Tocris, Tocris",96.85,"Nc1cccc(c1)-c1cc2c(Oc3cccc(O)c3)ncnc2[nH]1, Nc1cccc(c1)-c1cc2c(Oc3cccc(O)c3)ncnc2[nH]1, Nc1cccc(c1)-c1cc2c(Oc3cccc(O)c3)ncnc2[nH]1, Nc1cccc(c1)-c1cc2c(Oc3cccc(O)c3)ncnc2[nH]1, Nc1cccc(c1)-c1cc2c(Oc3cccc(O)c3)ncnc2[nH]1","VPVLEBIVXZSOMQ-UHFFFAOYSA-N, VPVLEBIVXZSOMQ-UHFFFAOYSA-N, VPVLEBIVXZSOMQ-UHFFFAOYSA-N, VPVLEBIVXZSOMQ-UHFFFAOYSA-N, VPVLEBIVXZSOMQ-UHFFFAOYSA-N",Preclinical
TXA127,angiotensin receptor agonist,,,,"MedChemEx, MedChemEx, MedChemEx",96.53,"CC[C@H](C)[C@H](NC(=O)[C@H](Cc1ccc(O)cc1)NC(=O)[C@@H](NC(=O)[C@H](CCCNC(N)=N)NC(=O)[C@@H](N)CC(O)=O)C(C)C)C(=O)N[C@@H](Cc1cnc[nH]1)C(=O)N1CCC[C@H]1C(O)=O, CC[C@H](C)[C@H](NC(=O)[C@H](Cc1ccc(O)cc1)NC(=O)[C@@H](NC(=O)[C@H](CCCNC(N)=N)NC(=O)[C@@H](N)CC(O)=O)C(C)C)C(=O)N[C@@H](Cc1cnc[nH]1)C(=O)N1CCC[C@H]1C(O)=O, CC[C@H](C)[C@H](NC(=O)[C@H](Cc1ccc(O)cc1)NC(=O)[C@@H](NC(=O)[C@H](CCCNC(N)=N)NC(=O)[C@@H](N)CC(O)=O)C(C)C)C(=O)N[C@@H](Cc1cnc[nH]1)C(=O)N1CCC[C@H]1C(O)=O","PVHLMTREZMEJCG-GDTLVBQBSA-N, PVHLMTREZMEJCG-GDTLVBQBSA-N, PVHLMTREZMEJCG-GDTLVBQBSA-N",Phase 2
TY-52156,sphingosine 1-phosphate receptor antagonist,S1PR3,,,"Tocris, MedChemEx, MedChemEx",88.43,"CC(C)(C)C(=O)C(Nc1ccc(Cl)cc1)=NNc1ccc(Cl)cc1, CC(C)(C)C(=O)C(Nc1ccc(Cl)cc1)=NNc1ccc(Cl)cc1, CC(C)(C)C(=O)C(Nc1ccc(Cl)cc1)=NNc1ccc(Cl)cc1","XONRRGIRSGNWFP-UHFFFAOYSA-N, XONRRGIRSGNWFP-UHFFFAOYSA-N, XONRRGIRSGNWFP-UHFFFAOYSA-N",Preclinical
tylosin,protein synthesis inhibitor,,"infectious disease, gastroenterology","gram-positive bacterial infections, colitis","MicroSource, MedChemEx, Selleck",100,"CC[C@H]1OC(=O)C[C@@H](O)[C@H](C)[C@@H](O[C@@H]2O[C@H](C)[C@@H](O[C@H]3C[C@@](C)(O)[C@@H](O)[C@H](C)O3)[C@@H]([C@H]2O)N(C)C)[C@@H](CC=O)C[C@@H](C)C(=O)\C=C\C(\C)=C\[C@@H]1CO[C@@H]1O[C@H](C)[C@@H](O)[C@@H](OC)[C@H]1OC |t:46,49|, CC[C@H]1OC(=O)C[C@@H](O)[C@H](C)[C@@H](O[C@@H]2O[C@H](C)[C@@H](O[C@H]3C[C@@](C)(O)[C@@H](O)[C@H](C)O3)[C@@H]([C@H]2O)N(C)C)[C@@H](CC=O)C[C@@H](C)C(=O)\C=C\C(\C)=C\[C@@H]1CO[C@@H]1O[C@H](C)[C@@H](O)[C@@H](OC)[C@H]1OC |t:46,49|, CC[C@H]1OC(=O)C[C@@H](O)[C@H](C)[C@@H](O[C@@H]2O[C@H](C)[C@@H](O[C@H]3C[C@@](C)(O)[C@@H](O)[C@H](C)O3)[C@@H]([C@H]2O)N(C)C)[C@@H](CC=O)C[C@@H](C)C(=O)\C=C\C(\C)=C\[C@@H]1CO[C@@H]1O[C@H](C)[C@@H](O)[C@@H](OC)[C@H]1OC |t:46,49|","WBPYTXDJUQJLPQ-CQICKBAWSA-N, WBPYTXDJUQJLPQ-CQICKBAWSA-N, WBPYTXDJUQJLPQ-CQICKBAWSA-N",Launched
tymazoline,,,allergy,allergic rhinitis,Sigma,53.77,CC(C)c1ccc(C)cc1OCC1=NCCN1 |t:13|,QRORCRWSRPKEHR-UHFFFAOYSA-N,Launched
tyrphostin-AG-1296,FLT3 inhibitor,FLT3,,,"Selleck, Selleck, Selleck, Selleck, Selleck, Selleck",99.91,"COc1cc2ncc(nc2cc1OC)-c1ccccc1, COc1cc2ncc(nc2cc1OC)-c1ccccc1, COc1cc2ncc(nc2cc1OC)-c1ccccc1, COc1cc2ncc(nc2cc1OC)-c1ccccc1, COc1cc2ncc(nc2cc1OC)-c1ccccc1, COc1cc2ncc(nc2cc1OC)-c1ccccc1","QNOXYUNHIGOWNY-UHFFFAOYSA-N, QNOXYUNHIGOWNY-UHFFFAOYSA-N, QNOXYUNHIGOWNY-UHFFFAOYSA-N, QNOXYUNHIGOWNY-UHFFFAOYSA-N, QNOXYUNHIGOWNY-UHFFFAOYSA-N, QNOXYUNHIGOWNY-UHFFFAOYSA-N",Preclinical
tyrphostin-AG-1478,EGFR inhibitor,"EGFR, MAPK14",,,"Selleck, Selleck",98.06,"COc1cc2ncnc(Nc3cccc(Cl)c3)c2cc1OC, COc1cc2ncnc(Nc3cccc(Cl)c3)c2cc1OC","GFNNBHLJANVSQV-UHFFFAOYSA-N, GFNNBHLJANVSQV-UHFFFAOYSA-N",Preclinical
tyrphostin-AG-18,"EGFR inhibitor, tyrosine kinase inhibitor",EGFR,,,"Tocris, Tocris, Selleck, Selleck",87.88,"Oc1ccc(C=C(C#N)C#N)cc1O, Oc1ccc(C=C(C#N)C#N)cc1O, Oc1ccc(C=C(C#N)C#N)cc1O, Oc1ccc(C=C(C#N)C#N)cc1O","VTJXFTPMFYAJJU-UHFFFAOYSA-N, VTJXFTPMFYAJJU-UHFFFAOYSA-N, VTJXFTPMFYAJJU-UHFFFAOYSA-N, VTJXFTPMFYAJJU-UHFFFAOYSA-N",Preclinical
tyrphostin-AG-494,EGFR inhibitor,EGFR,,,"Tocris, Tocris, Tocris, Tocris",93.17,"Oc1ccc(\C=C(/C#N)C(=O)Nc2ccccc2)cc1O, Oc1ccc(\C=C(/C#N)C(=O)Nc2ccccc2)cc1O, Oc1ccc(\C=C(/C#N)C(=O)Nc2ccccc2)cc1O, Oc1ccc(\C=C(/C#N)C(=O)Nc2ccccc2)cc1O","HKHOVJYOELRGMV-XYOKQWHBSA-N, HKHOVJYOELRGMV-XYOKQWHBSA-N, HKHOVJYOELRGMV-XYOKQWHBSA-N, HKHOVJYOELRGMV-XYOKQWHBSA-N",Preclinical
tyrphostin-AG-825,protein tyrosine kinase inhibitor,ERBB2,,,"Tocris, Tocris",87.11,"COc1cc(\C=C(/C#N)C(N)=O)cc(CSc2nc3ccccc3s2)c1O, COc1cc(\C=C(/C#N)C(N)=O)cc(CSc2nc3ccccc3s2)c1O","KXDONFLNGBQLTN-WUXMJOGZSA-N, KXDONFLNGBQLTN-WUXMJOGZSA-N",Preclinical
tyrphostin-AG-835,protein tyrosine kinase inhibitor,EGFR,,,"Tocris, Tocris",93.78,"C[C@H](NC(=O)C(=C\c1ccc(O)c(O)c1)\C#N)c1ccccc1, C[C@H](NC(=O)C(=C\c1ccc(O)c(O)c1)\C#N)c1ccccc1","UMGQVUWXNOJOSJ-DGGAMASNSA-N, UMGQVUWXNOJOSJ-DGGAMASNSA-N",Preclinical
tyrphostin-AG-879,tyrosine kinase inhibitor,"ERBB2, KDR, NTRK1",,,"Selleck, Selleck, Selleck, Selleck, Selleck, Selleck, Selleck, Selleck, Selleck, Selleck",96.11,"CC(C)(C)c1cc(\C=C(/C#N)C(N)=S)cc(c1O)C(C)(C)C, CC(C)(C)c1cc(\C=C(/C#N)C(N)=S)cc(c1O)C(C)(C)C, CC(C)(C)c1cc(\C=C(/C#N)C(N)=S)cc(c1O)C(C)(C)C, CC(C)(C)c1cc(\C=C(/C#N)C(N)=S)cc(c1O)C(C)(C)C, CC(C)(C)c1cc(\C=C(/C#N)C(N)=S)cc(c1O)C(C)(C)C, CC(C)(C)c1cc(\C=C(/C#N)C(N)=S)cc(c1O)C(C)(C)C, CC(C)(C)c1cc(\C=C(/C#N)C(N)=S)cc(c1O)C(C)(C)C, CC(C)(C)c1cc(\C=C(/C#N)C(N)=S)cc(c1O)C(C)(C)C, CC(C)(C)c1cc(\C=C(/C#N)C(N)=S)cc(c1O)C(C)(C)C, CC(C)(C)c1cc(\C=C(/C#N)C(N)=S)cc(c1O)C(C)(C)C","XRZYELWZLNAXGE-KPKJPENVSA-N, XRZYELWZLNAXGE-KPKJPENVSA-N, XRZYELWZLNAXGE-KPKJPENVSA-N, XRZYELWZLNAXGE-KPKJPENVSA-N, XRZYELWZLNAXGE-KPKJPENVSA-N, XRZYELWZLNAXGE-KPKJPENVSA-N, XRZYELWZLNAXGE-KPKJPENVSA-N, XRZYELWZLNAXGE-KPKJPENVSA-N, XRZYELWZLNAXGE-KPKJPENVSA-N, XRZYELWZLNAXGE-KPKJPENVSA-N",Preclinical
tyrphostin-AG-99,tyrosine kinase inhibitor,EGFR,,,"Tocris, Tocris, Tocris",96.88,"NC(=O)C(=C\c1ccc(O)c(O)c1)\C#N, NC(=O)C(=C\c1ccc(O)c(O)c1)\C#N, NC(=O)C(=C\c1ccc(O)c(O)c1)\C#N","USOXQZNJFMKTKJ-XVNBXDOJSA-N, USOXQZNJFMKTKJ-XVNBXDOJSA-N, USOXQZNJFMKTKJ-XVNBXDOJSA-N",Preclinical
tyrphostin-A9,"protein tyrosine kinase inhibitor, tyrosine kinase inhibitor",,,,"Selleck, Selleck, Selleck, Selleck, Selleck, Selleck, Selleck, Selleck, Enzo",95.09,"CC(C)(C)c1cc(C=C(C#N)C#N)cc(c1O)C(C)(C)C, CC(C)(C)c1cc(C=C(C#N)C#N)cc(c1O)C(C)(C)C, CC(C)(C)c1cc(C=C(C#N)C#N)cc(c1O)C(C)(C)C, CC(C)(C)c1cc(C=C(C#N)C#N)cc(c1O)C(C)(C)C, CC(C)(C)c1cc(C=C(C#N)C#N)cc(c1O)C(C)(C)C, CC(C)(C)c1cc(C=C(C#N)C#N)cc(c1O)C(C)(C)C, CC(C)(C)c1cc(C=C(C#N)C#N)cc(c1O)C(C)(C)C, CC(C)(C)c1cc(C=C(C#N)C#N)cc(c1O)C(C)(C)C, CC(C)(C)c1cc(C=C(C#N)C#N)cc(c1O)C(C)(C)C","MZOPWQKISXCCTP-UHFFFAOYSA-N, MZOPWQKISXCCTP-UHFFFAOYSA-N, MZOPWQKISXCCTP-UHFFFAOYSA-N, MZOPWQKISXCCTP-UHFFFAOYSA-N, MZOPWQKISXCCTP-UHFFFAOYSA-N, MZOPWQKISXCCTP-UHFFFAOYSA-N, MZOPWQKISXCCTP-UHFFFAOYSA-N, MZOPWQKISXCCTP-UHFFFAOYSA-N, InChI=1S/C18H22N2O/c1-17(2,3)14-8-12(7-13(10-19)11-20)9-15(16(14)21)18(4,5)6/h7-9,21H,1-6H3",Preclinical
U-0124,MEK inhibitor,,,,"Tocris, Tocris",94.09,"CSC(=N)C(C#N)C(C#N)C(=N)SC, CSC(=N)C(C#N)C(C#N)C(=N)SC","GXGXSVFKGDVBMD-UHFFFAOYSA-N, GXGXSVFKGDVBMD-UHFFFAOYSA-N",Preclinical
U-0126,MEK inhibitor,"AKT1, CHEK1, GSK3B, LCK, MAP2K1, MAP2K2, MAP2K7, MAPK1, MAPK11, MAPK12, MAPK14, MAPK8, PRKCA, RAF1, ROCK1, RPS6KB1, SGK1",,,"Selleck, Selleck, Tocris, Tocris, Tocris, Selleck",93.15,"Nc1ccccc1SC(=N)C(C#N)C(C#N)C(=N)Sc1ccccc1N, Nc1ccccc1SC(=N)C(C#N)C(C#N)C(=N)Sc1ccccc1N, Nc1ccccc1SC(=N)C(C#N)C(C#N)C(=N)Sc1ccccc1N, Nc1ccccc1SC(=N)C(C#N)C(C#N)C(=N)Sc1ccccc1N, Nc1ccccc1SC(=N)C(C#N)C(C#N)C(=N)Sc1ccccc1N, Nc1ccccc1SC(=N)C(C#N)C(C#N)C(=N)Sc1ccccc1N","ZCHZSBUNJOCWCW-UHFFFAOYSA-N, ZCHZSBUNJOCWCW-UHFFFAOYSA-N, ZCHZSBUNJOCWCW-UHFFFAOYSA-N, ZCHZSBUNJOCWCW-UHFFFAOYSA-N, ZCHZSBUNJOCWCW-UHFFFAOYSA-N, ZCHZSBUNJOCWCW-UHFFFAOYSA-N",Preclinical
U-0521,catechol O methyltransferase inhibitor,COMT,,,SantaCruz,98.18,CC(C)C(=O)c1ccc(O)c(O)c1,VDQLKIBLTMPAHI-UHFFFAOYSA-N,Preclinical
U-104,carbonic anhydrase inhibitor,"CA1, CA12, CA2, CA9",,,"Tocris, Selleck, Tocris, Tocris, Tocris",96.75,"NS(=O)(=O)c1ccc(NC(=O)Nc2ccc(F)cc2)cc1, NS(=O)(=O)c1ccc(NC(=O)Nc2ccc(F)cc2)cc1, NS(=O)(=O)c1ccc(NC(=O)Nc2ccc(F)cc2)cc1, NS(=O)(=O)c1ccc(NC(=O)Nc2ccc(F)cc2)cc1, NS(=O)(=O)c1ccc(NC(=O)Nc2ccc(F)cc2)cc1","YJQZNWPYLCNRLP-UHFFFAOYSA-N, YJQZNWPYLCNRLP-UHFFFAOYSA-N, YJQZNWPYLCNRLP-UHFFFAOYSA-N, YJQZNWPYLCNRLP-UHFFFAOYSA-N, YJQZNWPYLCNRLP-UHFFFAOYSA-N",Phase 1/Phase 2
U-18666A,oxidosqualene cyclase inhibitor,,,,"Tocris, Tocris, Tocris, Tocris, Tocris",99.54,"CCN(CC)CCO[C@H]1CC[C@]2(C)[C@H]3CC[C@@]4(C)[C@@H](CCC4=O)[C@@H]3CC=C2C1 |c:27|, CCN(CC)CCO[C@H]1CC[C@]2(C)[C@H]3CC[C@@]4(C)[C@@H](CCC4=O)[C@@H]3CC=C2C1 |c:27|, CCN(CC)CCO[C@H]1CC[C@]2(C)[C@H]3CC[C@@]4(C)[C@@H](CCC4=O)[C@@H]3CC=C2C1 |c:27|, CCN(CC)CCO[C@H]1CC[C@]2(C)[C@H]3CC[C@@]4(C)[C@@H](CCC4=O)[C@@H]3CC=C2C1 |c:27|, CCN(CC)CCO[C@H]1CC[C@]2(C)[C@H]3CC[C@@]4(C)[C@@H](CCC4=O)[C@@H]3CC=C2C1 |c:27|","DMZCCFMMPHJWQY-BKWLFHPQSA-N, DMZCCFMMPHJWQY-BKWLFHPQSA-N, DMZCCFMMPHJWQY-BKWLFHPQSA-N, DMZCCFMMPHJWQY-BKWLFHPQSA-N, DMZCCFMMPHJWQY-BKWLFHPQSA-N",Preclinical
U-50488-(-),opioid receptor agonist,OPRK1,,,"Tocris, Tocris, Tocris, Tocris, Tocris, Tocris",97.11,"CN([C@H]1CCCC[C@@H]1N1CCCC1)C(=O)Cc1ccc(Cl)c(Cl)c1, CN([C@H]1CCCC[C@@H]1N1CCCC1)C(=O)Cc1ccc(Cl)c(Cl)c1, CN([C@H]1CCCC[C@@H]1N1CCCC1)C(=O)Cc1ccc(Cl)c(Cl)c1, CN([C@H]1CCCC[C@@H]1N1CCCC1)C(=O)Cc1ccc(Cl)c(Cl)c1, CN([C@H]1CCCC[C@@H]1N1CCCC1)C(=O)Cc1ccc(Cl)c(Cl)c1, CN([C@H]1CCCC[C@@H]1N1CCCC1)C(=O)Cc1ccc(Cl)c(Cl)c1","VQLPLYSROCPWFF-ROUUACIJSA-N, VQLPLYSROCPWFF-ROUUACIJSA-N, VQLPLYSROCPWFF-ROUUACIJSA-N, VQLPLYSROCPWFF-ROUUACIJSA-N, VQLPLYSROCPWFF-ROUUACIJSA-N, VQLPLYSROCPWFF-ROUUACIJSA-N",Preclinical
U-54494A,opioid receptor agonist,OPRK1,,,"Tocris, Tocris",96.38,"CN([C@@H]1CCCC[C@@H]1N1CCCC1)C(=O)c1ccc(Cl)c(Cl)c1, CN([C@@H]1CCCC[C@@H]1N1CCCC1)C(=O)c1ccc(Cl)c(Cl)c1","JUBNVWGVNWIXMB-SJORKVTESA-N, JUBNVWGVNWIXMB-SJORKVTESA-N",Preclinical
U-75799E,growth hormone releasing factor agonist,GHSR,,,"Adooq, Adooq, Adooq",96.47,"C[C@H](NC(=O)[C@@H](Cc1c[nH]c2ccccc12)NC(=O)[C@@H](N)Cc1cnc[nH]1)C(=O)N[C@@H](Cc1c[nH]c2ccccc12)C(=O)N[C@H](Cc1ccccc1)C(=O)N[C@@H](CCCCN)C(N)=O, C[C@H](NC(=O)[C@@H](Cc1c[nH]c2ccccc12)NC(=O)[C@@H](N)Cc1cnc[nH]1)C(=O)N[C@@H](Cc1c[nH]c2ccccc12)C(=O)N[C@H](Cc1ccccc1)C(=O)N[C@@H](CCCCN)C(N)=O, C[C@H](NC(=O)[C@@H](Cc1c[nH]c2ccccc12)NC(=O)[C@@H](N)Cc1cnc[nH]1)C(=O)N[C@@H](Cc1c[nH]c2ccccc12)C(=O)N[C@H](Cc1ccccc1)C(=O)N[C@@H](CCCCN)C(N)=O","WZHKXNSOCOQYQX-FUAFALNISA-N, WZHKXNSOCOQYQX-FUAFALNISA-N, WZHKXNSOCOQYQX-FUAFALNISA-N",Phase 1
U-99194,dopamine receptor antagonist,DRD3,,,Tocris,94.8,CCCN(CCC)C1Cc2cc(OC)c(OC)cc2C1,UOLJKAPABHXFRE-UHFFFAOYSA-N,Preclinical
UAMC-00039,dipeptidyl peptidase inhibitor,"DPP4, DPP7",,,"Tocris, Tocris",95.29,"N[C@@H](CCNCc1ccc(Cl)cc1)C(=O)N1CCCCC1, N[C@@H](CCNCc1ccc(Cl)cc1)C(=O)N1CCCCC1","DNVZYSMOLXCOLY-HNNXBMFYSA-N, DNVZYSMOLXCOLY-HNNXBMFYSA-N",Preclinical
UB-165,acetylcholine receptor agonist,"CHRNA3, CHRNA4, CHRNB2",,,"Tocris, Tocris, Tocris",90.79,"Clc1ccc(cn1)C1=CCC[C@H]2CC[C@@H]1N2 |&1:11,&2:14,t:8,THB:4:7:12.13:15|, Clc1ccc(cn1)C1=CCC[C@H]2CC[C@@H]1N2 |&1:11,&2:14,t:8,THB:4:7:12.13:15|, Clc1ccc(cn1)C1=CCC[C@H]2CC[C@@H]1N2 |&1:11,&2:14,t:8,THB:4:7:12.13:15|","TVSNVPGPFGAKPT-JQWIXIFHSA-N, TVSNVPGPFGAKPT-JQWIXIFHSA-N, TVSNVPGPFGAKPT-JQWIXIFHSA-N",Preclinical
ubenimex,leukotriene synthesis inhibitor,"LTA4H, RNPEP",hematologic malignancy,acute myeloid leukemia (AML),"Tocris, Selleck, Selleck, Tocris",92.27,"CC(C)C[C@H](NC(=O)[C@@H](O)[C@H](N)Cc1ccccc1)C(O)=O, CC(C)C[C@H](NC(=O)[C@@H](O)[C@H](N)Cc1ccccc1)C(O)=O, CC(C)C[C@H](NC(=O)[C@@H](O)[C@H](N)Cc1ccccc1)C(O)=O, CC(C)C[C@H](NC(=O)[C@@H](O)[C@H](N)Cc1ccccc1)C(O)=O","VGGGPCQERPFHOB-RDBSUJKOSA-N, VGGGPCQERPFHOB-RDBSUJKOSA-N, VGGGPCQERPFHOB-RDBSUJKOSA-N, VGGGPCQERPFHOB-RDBSUJKOSA-N",Launched
UBP-296,glutamate receptor antagonist,GRIK1,,,"Tocris, Tocris, Tocris",95.4,"N[C@@H](Cn1ccc(=O)n(Cc2ccccc2C(O)=O)c1=O)C(O)=O |&1:1,r|, N[C@@H](Cn1ccc(=O)n(Cc2ccccc2C(O)=O)c1=O)C(O)=O |&1:1,r|, N[C@@H](Cn1ccc(=O)n(Cc2ccccc2C(O)=O)c1=O)C(O)=O |&1:1,r|","UUIYULWYHDSXHL-NSHDSACASA-N, UUIYULWYHDSXHL-NSHDSACASA-N, UUIYULWYHDSXHL-NSHDSACASA-N",Preclinical
UBP-302,glutamate receptor antagonist,GRIK1,,,"Tocris, Tocris, Tocris, Tocris",96.2,"N[C@@H](Cn1ccc(=O)n(Cc2ccccc2C(O)=O)c1=O)C(O)=O, N[C@@H](Cn1ccc(=O)n(Cc2ccccc2C(O)=O)c1=O)C(O)=O, N[C@@H](Cn1ccc(=O)n(Cc2ccccc2C(O)=O)c1=O)C(O)=O, N[C@@H](Cn1ccc(=O)n(Cc2ccccc2C(O)=O)c1=O)C(O)=O","UUIYULWYHDSXHL-NSHDSACASA-N, UUIYULWYHDSXHL-NSHDSACASA-N, UUIYULWYHDSXHL-NSHDSACASA-N, UUIYULWYHDSXHL-NSHDSACASA-N",Preclinical
UBP-310,glutamate receptor antagonist,"GRIK1, GRIK5",,,"Tocris, Tocris",92.8,"Cc1cn(C[C@H](N)C(O)=O)c(=O)n(Cc2ccsc2C(O)=O)c1=O, Cc1cn(C[C@H](N)C(O)=O)c(=O)n(Cc2ccsc2C(O)=O)c1=O","ZTAZUCRXCRXNSU-VIFPVBQESA-N, ZTAZUCRXCRXNSU-VIFPVBQESA-N",Preclinical
UC-112,XIAP inhibitor,XIAP,,,"Tocris, Tocris, Tocris",85.21,"Oc1c(CN2CCCC2)cc(COCc2ccccc2)c2cccnc12, Oc1c(CN2CCCC2)cc(COCc2ccccc2)c2cccnc12, Oc1c(CN2CCCC2)cc(COCc2ccccc2)c2cccnc12","LTGLGIQQZXSLLF-UHFFFAOYSA-N, LTGLGIQQZXSLLF-UHFFFAOYSA-N, LTGLGIQQZXSLLF-UHFFFAOYSA-N",Preclinical
UCL-2077,slow afterhyperpolarization channel blocker,,,,"Tocris, Tocris, Tocris",99.33,"C(NC(c1ccccc1)(c1ccccc1)c1ccccc1)c1cccnc1, C(NC(c1ccccc1)(c1ccccc1)c1ccccc1)c1cccnc1, C(NC(c1ccccc1)(c1ccccc1)c1ccccc1)c1cccnc1","PQFNWDHABGBCHB-UHFFFAOYSA-N, PQFNWDHABGBCHB-UHFFFAOYSA-N, PQFNWDHABGBCHB-UHFFFAOYSA-N",Preclinical
udenafil,phosphodiesterase inhibitor,,urology,erectile dysfunction,MedChemEx,98.08,"CCCOc1ccc(cc1-c1nc2c(CCC)nn(C)c2c(=O)[nH]1)S(=O)(=O)NCC[C@@H]1CCCN1C |&1:30,r|",IYFNEFQTYQPVOC-KRWDZBQOSA-N,Launched
UF-010,HDAC inhibitor,"HDAC1, HDAC2, HDAC3, HDAC8",,,"Tocris, Tocris, Tocris",96.15,"CCCCNNC(=O)c1ccc(Br)cc1, CCCCNNC(=O)c1ccc(Br)cc1, CCCCNNC(=O)c1ccc(Br)cc1","BVQCFCYPFJOOAV-UHFFFAOYSA-N, BVQCFCYPFJOOAV-UHFFFAOYSA-N, BVQCFCYPFJOOAV-UHFFFAOYSA-N",Preclinical
ufenamate,cyclooxygenase inhibitor,"PTGS1, PTGS2",dermatology,"eczema, dermatitis","AvaChem, AvaChem",98.96,"CCCCOC(=O)c1ccccc1Nc1cccc(c1)C(F)(F)F, CCCCOC(=O)c1ccccc1Nc1cccc(c1)C(F)(F)F","JDLSRXWHEBFHNC-UHFFFAOYSA-N, JDLSRXWHEBFHNC-UHFFFAOYSA-N",Launched
UH-232-(+),dopamine receptor antagonist,"DRD2, DRD3, DRD4, HTR1A",,,"Tocris, Tocris",90.44,"CCCN(CCC)[C@@H]1CCc2c(OC)cccc2[C@@H]1C, CCCN(CCC)[C@@H]1CCc2c(OC)cccc2[C@@H]1C","BTOJYCTUJJHANF-WMLDXEAASA-N, BTOJYCTUJJHANF-WMLDXEAASA-N",Preclinical
UK-356618,metalloproteinase inhibitor,"MMP13, MMP14, MMP2, MMP3, MMP9",,,"Tocris, Tocris, Tocris, Tocris, Tocris",100,"C[C@@H](NC(=O)[C@@H](NC(=O)[C@H](CCCc1ccc(c(C)c1)-c1ccccc1)CC(=O)NO)C(C)(C)C)c1ccccc1, C[C@@H](NC(=O)[C@@H](NC(=O)[C@H](CCCc1ccc(c(C)c1)-c1ccccc1)CC(=O)NO)C(C)(C)C)c1ccccc1, C[C@@H](NC(=O)[C@@H](NC(=O)[C@H](CCCc1ccc(c(C)c1)-c1ccccc1)CC(=O)NO)C(C)(C)C)c1ccccc1, C[C@@H](NC(=O)[C@@H](NC(=O)[C@H](CCCc1ccc(c(C)c1)-c1ccccc1)CC(=O)NO)C(C)(C)C)c1ccccc1, C[C@@H](NC(=O)[C@@H](NC(=O)[C@H](CCCc1ccc(c(C)c1)-c1ccccc1)CC(=O)NO)C(C)(C)C)c1ccccc1","JJHRUUKMPWUYIB-HVOSOHGQSA-N, JJHRUUKMPWUYIB-HVOSOHGQSA-N, JJHRUUKMPWUYIB-HVOSOHGQSA-N, InChI=1S/C34H43N3O4/c1-23-21-25(19-20-29(23)27-16-10-7-11-17-27)13-12-18-28(22-30(38)37-41)32(39)36-31(34(3,4)5)33(40)35-24(2)26-14-8-6-9-15-26/h6-11,14-17,19-21,24,28,31,41H,12-13,18,22H2,1-5H3,(H,35,40)(H,36,39)(H,37,38)/t24-,28-,31-/m1/s1, InChI=1S/C34H43N3O4/c1-23-21-25(19-20-29(23)27-16-10-7-11-17-27)13-12-18-28(22-30(38)37-41)32(39)36-31(34(3,4)5)33(40)35-24(2)26-14-8-6-9-15-26/h6-11,14-17,19-21,24,28,31,41H,12-13,18,22H2,1-5H3,(H,35,40)(H,36,39)(H,37,38)/t24-,28-,31-/m1/s1",Preclinical
UK-383367,procollagen C-endopeptidase inhibitor,BMP1,,,"Tocris, Selleck, Selleck, Tocris, Tocris, Selleck",95.33,"NC(=O)c1noc(n1)[C@H](CCCC1CCCCC1)CC(=O)NO, NC(=O)c1noc(n1)[C@H](CCCC1CCCCC1)CC(=O)NO, NC(=O)c1noc(n1)[C@H](CCCC1CCCCC1)CC(=O)NO, NC(=O)c1noc(n1)[C@H](CCCC1CCCCC1)CC(=O)NO, NC(=O)c1noc(n1)[C@H](CCCC1CCCCC1)CC(=O)NO, NC(=O)c1noc(n1)[C@H](CCCC1CCCCC1)CC(=O)NO","ARJCBSRIPGJMAD-LLVKDONJSA-N, ARJCBSRIPGJMAD-LLVKDONJSA-N, ARJCBSRIPGJMAD-LLVKDONJSA-N, ARJCBSRIPGJMAD-LLVKDONJSA-N, ARJCBSRIPGJMAD-LLVKDONJSA-N, ARJCBSRIPGJMAD-LLVKDONJSA-N",Phase 1
UK-5099,monocarboxylate transporter inhibitor,SLC16A1,,,"Tocris, Tocris, Tocris",95.88,"OC(=O)C(=C\c1cn(-c2ccccc2)c2ccccc12)\C#N, OC(=O)C(=C\c1cn(-c2ccccc2)c2ccccc12)\C#N, OC(=O)C(=C\c1cn(-c2ccccc2)c2ccccc12)\C#N","BIZNHCWFGNKBBZ-JLHYYAGUSA-N, BIZNHCWFGNKBBZ-JLHYYAGUSA-N, BIZNHCWFGNKBBZ-JLHYYAGUSA-N",Preclinical
uki-1,urokinase inhibitor,,,,MedChemEx,100,CCOC(=O)N1CCN(CC1)C(=O)[C@H](Cc1cccc(c1)C(N)=N)NS(=O)(=O)c1c(cc(cc1C(C)C)C(C)C)C(C)C,ISJSHQTWOHGCMM-NDEPHWFRSA-N,Preclinical
ulifloxacin,,,infectious disease,"gram-negative bacterial infections, gram-positive bacterial infections","Ark, AKSci",79.96,"C[C@H]1Sc2c(C(O)=O)c(=O)c3cc(F)c(cc3n12)N1CCNCC1 |&1:1,r|, C[C@H]1Sc2c(C(O)=O)c(=O)c3cc(F)c(cc3n12)N1CCNCC1 |&1:1,r|","SUXQDLLXIBLQHW-MRVPVSSYSA-N, SUXQDLLXIBLQHW-MRVPVSSYSA-N",Launched
ulipristal,progesterone receptor antagonist,PGR,endocrinology,contraceptive,"Selleck, Selleck, Selleck, Selleck, MedChemEx",95.69,"CN(C)c1ccc(cc1)[C@H]1C[C@@]2(C)[C@@H](CC[C@]2(OC(C)=O)C(C)=O)[C@@H]2CCC3=CC(=O)CCC3=C12 |t:29,36|, CN(C)c1ccc(cc1)[C@H]1C[C@@]2(C)[C@@H](CC[C@]2(OC(C)=O)C(C)=O)[C@@H]2CCC3=CC(=O)CCC3=C12 |t:29,36|, CN(C)c1ccc(cc1)[C@H]1C[C@@]2(C)[C@@H](CC[C@]2(OC(C)=O)C(C)=O)[C@@H]2CCC3=CC(=O)CCC3=C12 |t:29,36|, CN(C)c1ccc(cc1)[C@H]1C[C@@]2(C)[C@@H](CC[C@]2(OC(C)=O)C(C)=O)[C@@H]2CCC3=CC(=O)CCC3=C12 |t:29,36|, CN(C)c1ccc(cc1)[C@H]1C[C@@]2(C)[C@@H](CC[C@]2(OC(C)=O)C(C)=O)[C@@H]2CCC3=CC(=O)CCC3=C12 |t:29,36|","OOLLAFOLCSJHRE-ZHAKMVSLSA-N, OOLLAFOLCSJHRE-ZHAKMVSLSA-N, OOLLAFOLCSJHRE-ZHAKMVSLSA-N, OOLLAFOLCSJHRE-ZHAKMVSLSA-N, OOLLAFOLCSJHRE-ZHAKMVSLSA-N",Launched
umeclidinium,acetylcholine receptor antagonist,"CHRM1, CHRM2, CHRM3",pulmonary,"chronic obstructive pulmonary disease (COPD), bronchitis, emphysema","MedChemEx, MedChemEx, MedChemEx, MedChemEx",98.3,"OC(c1ccccc1)(c1ccccc1)C12CC[N+](CCOCc3ccccc3)(CC1)CC2, OC(c1ccccc1)(c1ccccc1)C12CC[N+](CCOCc3ccccc3)(CC1)CC2, OC(c1ccccc1)(c1ccccc1)C12CC[N+](CCOCc3ccccc3)(CC1)CC2, OC(c1ccccc1)(c1ccccc1)C12CC[N+](CCOCc3ccccc3)(CC1)CC2","FVTWTVQXNAJTQP-UHFFFAOYSA-N, FVTWTVQXNAJTQP-UHFFFAOYSA-N, FVTWTVQXNAJTQP-UHFFFAOYSA-N, FVTWTVQXNAJTQP-UHFFFAOYSA-N",Launched
unbs-5162,CC chemokine receptor antagonist,,,,"MedChemEx, MedChemEx, MedChemEx",97.44,"CN(C)CCN1C(=O)c2cccc3cc(NC(N)=O)cc(C1=O)c23, CN(C)CCN1C(=O)c2cccc3cc(NC(N)=O)cc(C1=O)c23, CN(C)CCN1C(=O)c2cccc3cc(NC(N)=O)cc(C1=O)c23","WCKZRLOUKYFJDY-UHFFFAOYSA-N, WCKZRLOUKYFJDY-UHFFFAOYSA-N, WCKZRLOUKYFJDY-UHFFFAOYSA-N",Phase 1
UNC0224,histone lysine methyltransferase inhibitor,"EHMT1, EHMT2",,,"Tocris, Tocris, Tocris, Tocris",93.47,"COc1cc2c(NC3CCN(C)CC3)nc(nc2cc1OCCCN(C)C)N1CCCN(C)CC1, COc1cc2c(NC3CCN(C)CC3)nc(nc2cc1OCCCN(C)C)N1CCCN(C)CC1, COc1cc2c(NC3CCN(C)CC3)nc(nc2cc1OCCCN(C)C)N1CCCN(C)CC1, COc1cc2c(NC3CCN(C)CC3)nc(nc2cc1OCCCN(C)C)N1CCCN(C)CC1","XIVUGRBSBIXXJE-UHFFFAOYSA-N, XIVUGRBSBIXXJE-UHFFFAOYSA-N, XIVUGRBSBIXXJE-UHFFFAOYSA-N, XIVUGRBSBIXXJE-UHFFFAOYSA-N",Preclinical
UNC0321,histone lysine methyltransferase inhibitor,EHMT2,,,"MedChemEx, MedChemEx, MedChemEx",91.24,"COc1cc2c(NC3CCN(C)CC3)nc(nc2cc1OCCOCCN(C)C)N1CCCN(C)CC1, COc1cc2c(NC3CCN(C)CC3)nc(nc2cc1OCCOCCN(C)C)N1CCCN(C)CC1, COc1cc2c(NC3CCN(C)CC3)nc(nc2cc1OCCOCCN(C)C)N1CCCN(C)CC1","AULLUGALUBVBDD-UHFFFAOYSA-N, AULLUGALUBVBDD-UHFFFAOYSA-N, AULLUGALUBVBDD-UHFFFAOYSA-N",Preclinical
UNC0631,histone lysine methyltransferase inhibitor,EHMT2,,,"MedChemEx, MedChemEx, MedChemEx, MedChemEx, MedChemEx, MedChemEx, MedChemEx",96.26,"COc1cc2c(NC3CCN(CC4CCCCC4)CC3)nc(nc2cc1OCCCN1CCCCC1)N1CCCN(CC1)C(C)C, COc1cc2c(NC3CCN(CC4CCCCC4)CC3)nc(nc2cc1OCCCN1CCCCC1)N1CCCN(CC1)C(C)C, COc1cc2c(NC3CCN(CC4CCCCC4)CC3)nc(nc2cc1OCCCN1CCCCC1)N1CCCN(CC1)C(C)C, COc1cc2c(NC3CCN(CC4CCCCC4)CC3)nc(nc2cc1OCCCN1CCCCC1)N1CCCN(CC1)C(C)C, COc1cc2c(NC3CCN(CC4CCCCC4)CC3)nc(nc2cc1OCCCN1CCCCC1)N1CCCN(CC1)C(C)C, COc1cc2c(NC3CCN(CC4CCCCC4)CC3)nc(nc2cc1OCCCN1CCCCC1)N1CCCN(CC1)C(C)C, COc1cc2c(NC3CCN(CC4CCCCC4)CC3)nc(nc2cc1OCCCN1CCCCC1)N1CCCN(CC1)C(C)C","XFAXSWXKPQWHDW-UHFFFAOYSA-N, XFAXSWXKPQWHDW-UHFFFAOYSA-N, XFAXSWXKPQWHDW-UHFFFAOYSA-N, XFAXSWXKPQWHDW-UHFFFAOYSA-N, XFAXSWXKPQWHDW-UHFFFAOYSA-N, XFAXSWXKPQWHDW-UHFFFAOYSA-N, XFAXSWXKPQWHDW-UHFFFAOYSA-N",Preclinical
UNC0638,histone lysine methyltransferase inhibitor,"EHMT1, EHMT2",,,"MedChemEx, MedChemEx, Tocris, Tocris",94.36,"COc1cc2c(NC3CCN(CC3)C(C)C)nc(nc2cc1OCCCN1CCCC1)C1CCCCC1, COc1cc2c(NC3CCN(CC3)C(C)C)nc(nc2cc1OCCCN1CCCC1)C1CCCCC1, COc1cc2c(NC3CCN(CC3)C(C)C)nc(nc2cc1OCCCN1CCCC1)C1CCCCC1, COc1cc2c(NC3CCN(CC3)C(C)C)nc(nc2cc1OCCCN1CCCC1)C1CCCCC1","QOECJCJVIMVJGX-UHFFFAOYSA-N, QOECJCJVIMVJGX-UHFFFAOYSA-N, QOECJCJVIMVJGX-UHFFFAOYSA-N, QOECJCJVIMVJGX-UHFFFAOYSA-N",Preclinical
UNC0642,histone lysine methyltransferase inhibitor,"EHMT1, EHMT2",,,"MedChemEx, MedChemEx, Tocris, MedChemEx",97.06,"COc1cc2c(NC3CCN(CC3)C(C)C)nc(nc2cc1OCCCN1CCCC1)N1CCC(F)(F)CC1, COc1cc2c(NC3CCN(CC3)C(C)C)nc(nc2cc1OCCCN1CCCC1)N1CCC(F)(F)CC1, COc1cc2c(NC3CCN(CC3)C(C)C)nc(nc2cc1OCCCN1CCCC1)N1CCC(F)(F)CC1, COc1cc2c(NC3CCN(CC3)C(C)C)nc(nc2cc1OCCCN1CCCC1)N1CCC(F)(F)CC1","RNAMYOYQYRYFQY-UHFFFAOYSA-N, RNAMYOYQYRYFQY-UHFFFAOYSA-N, RNAMYOYQYRYFQY-UHFFFAOYSA-N, RNAMYOYQYRYFQY-UHFFFAOYSA-N",Preclinical
UNC0646,histone lysine methyltransferase inhibitor,EHMT2,,,"MedChemEx, Tocris, MedChemEx",90.65,"COc1cc2c(NC3CCN(CC3)C3CCCCC3)nc(nc2cc1OCCCN1CCCCC1)N1CCCN(CC1)C(C)C, COc1cc2c(NC3CCN(CC3)C3CCCCC3)nc(nc2cc1OCCCN1CCCCC1)N1CCCN(CC1)C(C)C, COc1cc2c(NC3CCN(CC3)C3CCCCC3)nc(nc2cc1OCCCN1CCCCC1)N1CCCN(CC1)C(C)C","OUKWLRHRXOPODD-UHFFFAOYSA-N, OUKWLRHRXOPODD-UHFFFAOYSA-N, OUKWLRHRXOPODD-UHFFFAOYSA-N",Preclinical
UNC0737,histone lysine methyltransferase inhibitor,"EHMT1, EHMT2",,,SGC,82.62,COc1cc2c(nc(nc2cc1OCCCN1CCCC1)C1CCCCC1)N(C)C1CCN(CC1)C(C)C,ATORKVYCKKBNTF-UHFFFAOYSA-N,Preclinical
UNC1215,L3MBTL antagonist,L3MBTL3,,,"Tocris, Selleck, Selleck",96.21,"O=C(N1CCC(CC1)N1CCCC1)c1ccc(C(=O)N2CCC(CC2)N2CCCC2)c(Nc2ccccc2)c1, O=C(N1CCC(CC1)N1CCCC1)c1ccc(C(=O)N2CCC(CC2)N2CCCC2)c(Nc2ccccc2)c1, O=C(N1CCC(CC1)N1CCCC1)c1ccc(C(=O)N2CCC(CC2)N2CCCC2)c(Nc2ccccc2)c1","PQOOIERVZAXHBP-UHFFFAOYSA-N, PQOOIERVZAXHBP-UHFFFAOYSA-N, PQOOIERVZAXHBP-UHFFFAOYSA-N",Preclinical
UNC1999,histone lysine methyltransferase inhibitor,EZH2,,,"Tocris, Selleck, Selleck, Selleck, Selleck, Selleck, Selleck",96.39,"CCCc1cc(C)[nH]c(=O)c1CNC(=O)c1cc(cc2n(ncc12)C(C)C)-c1ccc(nc1)N1CCN(CC1)C(C)C, CCCc1cc(C)[nH]c(=O)c1CNC(=O)c1cc(cc2n(ncc12)C(C)C)-c1ccc(nc1)N1CCN(CC1)C(C)C, CCCc1cc(C)[nH]c(=O)c1CNC(=O)c1cc(cc2n(ncc12)C(C)C)-c1ccc(nc1)N1CCN(CC1)C(C)C, CCCc1cc(C)[nH]c(=O)c1CNC(=O)c1cc(cc2n(ncc12)C(C)C)-c1ccc(nc1)N1CCN(CC1)C(C)C, CCCc1cc(C)[nH]c(=O)c1CNC(=O)c1cc(cc2n(ncc12)C(C)C)-c1ccc(nc1)N1CCN(CC1)C(C)C, CCCc1cc(C)[nH]c(=O)c1CNC(=O)c1cc(cc2n(ncc12)C(C)C)-c1ccc(nc1)N1CCN(CC1)C(C)C, CCCc1cc(C)[nH]c(=O)c1CNC(=O)c1cc(cc2n(ncc12)C(C)C)-c1ccc(nc1)N1CCN(CC1)C(C)C","DPJNKUOXBZSZAI-UHFFFAOYSA-N, DPJNKUOXBZSZAI-UHFFFAOYSA-N, DPJNKUOXBZSZAI-UHFFFAOYSA-N, DPJNKUOXBZSZAI-UHFFFAOYSA-N, DPJNKUOXBZSZAI-UHFFFAOYSA-N, DPJNKUOXBZSZAI-UHFFFAOYSA-N, DPJNKUOXBZSZAI-UHFFFAOYSA-N",Preclinical
UNC2025,"FLT3 inhibitor, MER tyrosine kinase inhibitor","FLT3, MERTK",,,"MedChemEx, MedChemEx",96.41,"CCCCNc1ncc2c(cn([C@H]3CC[C@H](O)CC3)c2n1)-c1ccc(CN2CCN(C)CC2)cc1 |r|, CCCCNc1ncc2c(cn([C@H]3CC[C@H](O)CC3)c2n1)-c1ccc(CN2CCN(C)CC2)cc1 |r|","MJSHVHLADKXCML-RQNOJGIXSA-N, MJSHVHLADKXCML-RQNOJGIXSA-N",Preclinical
UNC2250,MER tyrosine kinase inhibitor,MERTK,,,"Selleck, Selleck, Selleck, MedChemEx",95.44,"CCCCNc1ncc(c(N[C@H]2CC[C@H](O)CC2)n1)-c1ccc(CN2CCOCC2)cn1 |r|, CCCCNc1ncc(c(N[C@H]2CC[C@H](O)CC2)n1)-c1ccc(CN2CCOCC2)cn1 |r|, CCCCNc1ncc(c(N[C@H]2CC[C@H](O)CC2)n1)-c1ccc(CN2CCOCC2)cn1 |r|, CCCCNc1ncc(c(N[C@H]2CC[C@H](O)CC2)n1)-c1ccc(CN2CCOCC2)cn1 |r|","HSYSSKFCQHXOBP-MXVIHJGJSA-N, HSYSSKFCQHXOBP-MXVIHJGJSA-N, HSYSSKFCQHXOBP-MXVIHJGJSA-N, HSYSSKFCQHXOBP-MXVIHJGJSA-N",Preclinical
UNC2327,protein arginine N-methyltransferase inhibitor,PRMT3,,,"Tocris, Tocris, Tocris",97.06,"O=C(NCC(=O)N1CCCCC1)Nc1ccc2nnsc2c1, O=C(NCC(=O)N1CCCCC1)Nc1ccc2nnsc2c1, O=C(NCC(=O)N1CCCCC1)Nc1ccc2nnsc2c1","MYTRGTBDVGKKRO-UHFFFAOYSA-N, MYTRGTBDVGKKRO-UHFFFAOYSA-N, MYTRGTBDVGKKRO-UHFFFAOYSA-N",Preclinical
UNC3230,phosphatidyl-inositol activator,PIP5K1C,,,"Tocris, Tocris",96.42,"NC(=O)c1nc(Nc2ccccc2)sc1NC(=O)C1CCCCC1, NC(=O)c1nc(Nc2ccccc2)sc1NC(=O)C1CCCCC1","RZCNASHHHSKTGP-UHFFFAOYSA-N, RZCNASHHHSKTGP-UHFFFAOYSA-N",Preclinical
UNC669,L3MBTL antagonist,L3MBTL1,,,"Selleck, Selleck, MedChemEx",95.32,"Brc1cncc(c1)C(=O)N1CCC(CC1)N1CCCC1, Brc1cncc(c1)C(=O)N1CCC(CC1)N1CCCC1, Brc1cncc(c1)C(=O)N1CCC(CC1)N1CCCC1","CQERVFFAOOUFEQ-UHFFFAOYSA-N, CQERVFFAOOUFEQ-UHFFFAOYSA-N, CQERVFFAOOUFEQ-UHFFFAOYSA-N",Preclinical
UNC926,MBT inhibitor,L3MBTL1,,,"Tocris, Tocris, Tocris",96.06,"Brc1cccc(c1)C(=O)N1CCC(CC1)N1CCCC1, Brc1cccc(c1)C(=O)N1CCC(CC1)N1CCCC1, Brc1cccc(c1)C(=O)N1CCC(CC1)N1CCCC1","OWGLFIKZKQOYHZ-UHFFFAOYSA-N, OWGLFIKZKQOYHZ-UHFFFAOYSA-N, OWGLFIKZKQOYHZ-UHFFFAOYSA-N",Preclinical
undecylenic-acid,other antifungal,,infectious disease,"tinea pedis, tinea corporis","MicroSource, MedChemEx",25.82,"OC(=O)CCCCCCCCC=C, OC(=O)CCCCCCCCC=C","FRPZMMHWLSIFAZ-UHFFFAOYSA-N, FRPZMMHWLSIFAZ-UHFFFAOYSA-N",Launched
upadacitinib,JAK inhibitor,,,,MedChemEx,91.62,CC[C@@H]1CN(C[C@@H]1c1cnc2cnc3[nH]ccc3n12)C(=O)NCC(F)(F)F,WYQFJHHDOKWSHR-MNOVXSKESA-N,Launched
upamostat,serine protease inhibitor,,,,MedChemEx,42.18,CCOC(=O)N1CCN(CC1)C(=O)[C@H](Cc1cccc(c1)C(=N)NO)NS(=O)(=O)c1c(cc(cc1C(C)C)C(C)C)C(C)C,HUASEDVYRABWCV-NDEPHWFRSA-N,Phase 2
UPF-1069,PARP inhibitor,PARP2,,,"Tocris, Tocris, Selleck, Selleck, Tocris",97.99,"O=C(COc1cccc2c1cc[nH]c2=O)c1ccccc1, O=C(COc1cccc2c1cc[nH]c2=O)c1ccccc1, O=C(COc1cccc2c1cc[nH]c2=O)c1ccccc1, O=C(COc1cccc2c1cc[nH]c2=O)c1ccccc1, O=C(COc1cccc2c1cc[nH]c2=O)c1ccccc1","JJWMRRNGWSITSQ-UHFFFAOYSA-N, JJWMRRNGWSITSQ-UHFFFAOYSA-N, JJWMRRNGWSITSQ-UHFFFAOYSA-N, JJWMRRNGWSITSQ-UHFFFAOYSA-N, JJWMRRNGWSITSQ-UHFFFAOYSA-N",Preclinical
uprifosbuvir,antiviral,,,,MedChemEx,87.25,CC(C)OC(=O)[C@H](C)N[P@](=O)(OC[C@H]1O[C@@H](n2ccc(=O)[nH]c2=O)[C@](C)(Cl)[C@@H]1O)Oc1ccccc1,SFPFZQKYPOWCSI-IQWMDFIBSA-N,Preclinical
uprosertib,AKT inhibitor,"AKT1, AKT2, AKT3",,,"MedChemEx, MedChemEx, MedChemEx, MedChemEx",87.27,"Cn1ncc(Cl)c1-c1cc(oc1Cl)C(=O)N[C@H](CN)Cc1ccc(F)c(F)c1, Cn1ncc(Cl)c1-c1cc(oc1Cl)C(=O)N[C@H](CN)Cc1ccc(F)c(F)c1, Cn1ncc(Cl)c1-c1cc(oc1Cl)C(=O)N[C@H](CN)Cc1ccc(F)c(F)c1, Cn1ncc(Cl)c1-c1cc(oc1Cl)C(=O)N[C@H](CN)Cc1ccc(F)c(F)c1","AXTAPYRUEKNRBA-JTQLQIEISA-N, AXTAPYRUEKNRBA-JTQLQIEISA-N, AXTAPYRUEKNRBA-JTQLQIEISA-N, AXTAPYRUEKNRBA-JTQLQIEISA-N",Phase 2
uracil,,"DPYD, UCKL1",,,"MedChemEx, MicroSource, Selleck, Selleck",100,"O=c1cc[nH]c(=O)[nH]1, O=c1cc[nH]c(=O)[nH]1, O=c1cc[nH]c(=O)[nH]1, O=c1cc[nH]c(=O)[nH]1","ISAKRJDGNUQOIC-UHFFFAOYSA-N, ISAKRJDGNUQOIC-UHFFFAOYSA-N, ISAKRJDGNUQOIC-UHFFFAOYSA-N, ISAKRJDGNUQOIC-UHFFFAOYSA-N",Launched
uracil-mustard,DNA synthesis inhibitor,,hematologic malignancy,non-Hodgkin lymphoma (NHL),"MedChemEx, Sigma, MedChemEx",69.59,"ClCCN(CCCl)c1c[nH]c(=O)[nH]c1=O, ClCCN(CCCl)c1c[nH]c(=O)[nH]c1=O, ClCCN(CCCl)c1c[nH]c(=O)[nH]c1=O","IDPUKCWIGUEADI-UHFFFAOYSA-N, IDPUKCWIGUEADI-UHFFFAOYSA-N, IDPUKCWIGUEADI-UHFFFAOYSA-N",Launched
urapidil,adrenergic receptor antagonist,HTR1A,cardiology,hypertension,"MicroSource, Tocris, Tocris, Tocris, Selleck, Tocris",99.06,"COc1ccccc1N1CCN(CCCNc2cc(=O)n(C)c(=O)n2C)CC1, COc1ccccc1N1CCN(CCCNc2cc(=O)n(C)c(=O)n2C)CC1, COc1ccccc1N1CCN(CCCNc2cc(=O)n(C)c(=O)n2C)CC1, COc1ccccc1N1CCN(CCCNc2cc(=O)n(C)c(=O)n2C)CC1, COc1ccccc1N1CCN(CCCNc2cc(=O)n(C)c(=O)n2C)CC1, COc1ccccc1N1CCN(CCCNc2cc(=O)n(C)c(=O)n2C)CC1","ICMGLRUYEQNHPF-UHFFFAOYSA-N, ICMGLRUYEQNHPF-UHFFFAOYSA-N, ICMGLRUYEQNHPF-UHFFFAOYSA-N, ICMGLRUYEQNHPF-UHFFFAOYSA-N, ICMGLRUYEQNHPF-UHFFFAOYSA-N, ICMGLRUYEQNHPF-UHFFFAOYSA-N",Launched
URB597,FAAH inhibitor,"FAAH, FAAH2, TRPA1",,,"Tocris, Tocris, Tocris, Selleck, Selleck, Selleck, Selleck",98.1,"NC(=O)c1cccc(c1)-c1cccc(OC(=O)NC2CCCCC2)c1, NC(=O)c1cccc(c1)-c1cccc(OC(=O)NC2CCCCC2)c1, NC(=O)c1cccc(c1)-c1cccc(OC(=O)NC2CCCCC2)c1, NC(=O)c1cccc(c1)-c1cccc(OC(=O)NC2CCCCC2)c1, NC(=O)c1cccc(c1)-c1cccc(OC(=O)NC2CCCCC2)c1, NC(=O)c1cccc(c1)-c1cccc(OC(=O)NC2CCCCC2)c1, NC(=O)c1cccc(c1)-c1cccc(OC(=O)NC2CCCCC2)c1","ROFVXGGUISEHAM-UHFFFAOYSA-N, ROFVXGGUISEHAM-UHFFFAOYSA-N, ROFVXGGUISEHAM-UHFFFAOYSA-N, ROFVXGGUISEHAM-UHFFFAOYSA-N, ROFVXGGUISEHAM-UHFFFAOYSA-N, ROFVXGGUISEHAM-UHFFFAOYSA-N, ROFVXGGUISEHAM-UHFFFAOYSA-N",Phase 1
urea,hydroxy radical formation stimulant,"ARG1, CA2, CTNNB1",dermatology,"psoriasis, xerosis cutis, ichthyosis vulgaris, eczema, keratosis, dermatitis","MedChemEx, MicroSource, MicroSource",100,"NC(N)=O, NC(N)=O, NC(N)=O","XSQUKJJJFZCRTK-UHFFFAOYSA-N, XSQUKJJJFZCRTK-UHFFFAOYSA-N, XSQUKJJJFZCRTK-UHFFFAOYSA-N",Launched
urethane,local anesthetic,,,,"MicroSource, MedChemEx",0,"CCOC(N)=O, CCOC(N)=O","JOYRKODLDBILNP-UHFFFAOYSA-N, JOYRKODLDBILNP-UHFFFAOYSA-N",Preclinical
uric-acid,,PYGL,,,Enamine,100,O=c1[nH]c2[nH]c(=O)[nH]c(=O)c2[nH]1,LEHOTFFKMJEONL-UHFFFAOYSA-N,Phase 3
uridine,dopamine receptor agonist,"LSM6, TYMP",,,"Selleck, Selleck, Selleck",97.91,"OC[C@H]1O[C@H]([C@H](O)[C@@H]1O)n1ccc(=O)[nH]c1=O, OC[C@H]1O[C@H]([C@H](O)[C@@H]1O)n1ccc(=O)[nH]c1=O, OC[C@H]1O[C@H]([C@H](O)[C@@H]1O)n1ccc(=O)[nH]c1=O","DRTQHJPVMGBUCF-XVFCMESISA-N, DRTQHJPVMGBUCF-XVFCMESISA-N, DRTQHJPVMGBUCF-XVFCMESISA-N",Phase 2
uridine-triacetate,,,nephrology,orotic aciduria,Bepharm,96.02,CC(=O)OC[C@H]1O[C@H]([C@H](OC(C)=O)[C@@H]1OC(C)=O)n1ccc(=O)[nH]c1=O,AUFUWRKPQLGTGF-FMKGYKFTSA-N,Launched
uridine-5'-triphosphate,purinergic receptor activator,"P2RY11, P2RY2, P2RY4, P2RY6, UCK2",,,CombiBlocks,0,"O[C@@H]1[C@@H](COP(O)(=O)OP(O)(=O)OP(O)(O)=O)O[C@H]([C@@H]1O)n1ccc(=O)[nH]c1=O |a:1,2,18,19,&1:5,&2:9|",PGAVKCOVUIYSFO-XVFCMESISA-N,Launched
URMC-099,mixed lineage kinase inhibitor,"CDKL2, DAPK3, FLT3, LRRK2, MAP3K10, MAP3K11, MAP3K2, MAP3K9, SRPK2",,,"MedChemEx, MedChemEx",91.98,"CN1CCN(Cc2ccc(cc2)-c2cnc3[nH]cc(-c4ccc5[nH]ccc5c4)c3c2)CC1, CN1CCN(Cc2ccc(cc2)-c2cnc3[nH]cc(-c4ccc5[nH]ccc5c4)c3c2)CC1","QKKIWEILHCXECO-UHFFFAOYSA-N, QKKIWEILHCXECO-UHFFFAOYSA-N",Preclinical
urolithin-A,antioxidant,,,,MedChemEx,94.6,Oc1ccc2c(c1)oc(=O)c1cc(O)ccc21,RIUPLDUFZCXCHM-UHFFFAOYSA-N,Phase 3
ursodeoxycholyltaurine,cholesterol inhibitor,,,,"MedChemEx, MedChemEx, Enzo",100,"C[C@H](CCC(=O)NCCS(O)(=O)=O)[C@H]1CC[C@H]2[C@@H]3[C@@H](O)C[C@@H]4C[C@H](O)CC[C@]4(C)[C@H]3CC[C@]12C, C[C@H](CCC(=O)NCCS(O)(=O)=O)[C@H]1CC[C@H]2[C@@H]3[C@@H](O)C[C@@H]4C[C@H](O)CC[C@]4(C)[C@H]3CC[C@]12C, C[C@H](CCC(=O)NCCS(O)(=O)=O)[C@H]1CC[C@H]2[C@@H]3[C@@H](O)C[C@@H]4C[C@H](O)CC[C@]4(C)[C@H]3CC[C@]12C","BHTRKEVKTKCXOH-LBSADWJPSA-N, BHTRKEVKTKCXOH-LBSADWJPSA-N, BHTRKEVKTKCXOH-LBSADWJPSA-N",Phase 3
ursodiol,"nuclear factor erythroid derived, like (NRF2) activator","AKR1C2, NR1H4",gastroenterology,gallstones,"MicroSource, Selleck",100,"C[C@H](CCC(O)=O)[C@H]1CC[C@H]2[C@@H]3[C@@H](O)C[C@@H]4C[C@H](O)CC[C@]4(C)[C@H]3CC[C@]12C, C[C@H](CCC(O)=O)[C@H]1CC[C@H]2[C@@H]3[C@@H](O)C[C@@H]4C[C@H](O)CC[C@]4(C)[C@H]3CC[C@]12C","RUDATBOHQWOJDD-UZVSRGJWSA-N, RUDATBOHQWOJDD-UZVSRGJWSA-N",Launched
ursolic-acid,"ATPase inhibitor, NFkB pathway inhibitor, STAT inhibitor","HSD11B1, PLA2G1B, PTPN1, PYGM",,,"Sigma, Selleck, Selleck, Selleck, Selleck",90.07,"C[C@@H]1CC[C@@]2(CC[C@]3(C)C(=CC[C@@H]4[C@@]5(C)CC[C@H](O)C(C)(C)[C@@H]5CC[C@@]34C)[C@@H]2[C@H]1C)C(O)=O |c:9|, C[C@@H]1CC[C@@]2(CC[C@]3(C)C(=CC[C@@H]4[C@@]5(C)CC[C@H](O)C(C)(C)[C@@H]5CC[C@@]34C)[C@@H]2[C@H]1C)C(O)=O |c:9|, C[C@@H]1CC[C@@]2(CC[C@]3(C)C(=CC[C@@H]4[C@@]5(C)CC[C@H](O)C(C)(C)[C@@H]5CC[C@@]34C)[C@@H]2[C@H]1C)C(O)=O |c:9|, C[C@@H]1CC[C@@]2(CC[C@]3(C)C(=CC[C@@H]4[C@@]5(C)CC[C@H](O)C(C)(C)[C@@H]5CC[C@@]34C)[C@@H]2[C@H]1C)C(O)=O |c:9|, C[C@@H]1CC[C@@]2(CC[C@]3(C)C(=CC[C@@H]4[C@@]5(C)CC[C@H](O)C(C)(C)[C@@H]5CC[C@@]34C)[C@@H]2[C@H]1C)C(O)=O |c:9|","WCGUUGGRBIKTOS-GPOJBZKASA-N, WCGUUGGRBIKTOS-GPOJBZKASA-N, WCGUUGGRBIKTOS-GPOJBZKASA-N, WCGUUGGRBIKTOS-GPOJBZKASA-N, WCGUUGGRBIKTOS-GPOJBZKASA-N",Phase 2/Phase 3
usniacin-(+),MAP kinase activator,PTPN1,,,"Selleck, Selleck, Selleck",92.95,"CC(O)=C1C(=O)C=C2Oc3c(c(O)c(C)c(O)c3C(C)=O)[C@]2(C)C1=O |a:21,&1:3,t:6|, CC(O)=C1C(=O)C=C2Oc3c(c(O)c(C)c(O)c3C(C)=O)[C@@]2(C)C1=O |a:21,&1:3,t:6|, CC(O)=C1C(=O)C=C2Oc3c(c(O)c(C)c(O)c3C(C)=O)[C@@]2(C)C1=O |a:21,&1:3,t:6|","ZQHDVMCIDXEICF-GOSISDBHSA-N, ZQHDVMCIDXEICF-SFHVURJKSA-N, ZQHDVMCIDXEICF-SFHVURJKSA-N",Preclinical
V-51,adrenergic receptor antagonist,,,,"ChemBridge, ChemBridge",98.78,"COc1cc(CN2CCN(CC2)c2ccc(F)cc2)cc(OC)c1OC, COc1cc(CN2CCN(CC2)c2ccc(F)cc2)cc(OC)c1OC","KKCOGNFFBYOKMA-UHFFFAOYSA-N, KKCOGNFFBYOKMA-UHFFFAOYSA-N",Phase 1
vaborbactam,beta lactamase inhibitor,,,,MedChemEx,95.26,OB1O[C@H](CC(O)=O)CC[C@@H]1NC(=O)Cc1cccs1,IOOWNWLVCOUUEX-WPRPVWTQSA-N,Launched
vadadustat,hypoxia inducible factor prolyl hydroxylase inhibitor,,,,MedChemEx,98.2,OC(=O)CNC(=O)c1ncc(cc1O)-c1cccc(Cl)c1,JGRXMPYUTJLTKT-UHFFFAOYSA-N,Phase 3
val-tyr,angiotensin converting enzyme inhibitor,,,,Sigma,100,CC(C)[C@H](N)C(=O)N[C@@H](Cc1ccc(O)cc1)C(O)=O,VEYJKJORLPYVLO-RYUDHWBXSA-N,Preclinical
valaciclovir,DNA polymerase inhibitor,,infectious disease,"shingles, virus herpes simplex (HSV)","MicroSource, Selleck, Selleck",97.83,"CC(C)[C@H](N)C(=O)OCCOCn1cnc2c1[nH]c(N)nc2=O, CC(C)[C@H](N)C(=O)OCCOCn1cnc2c1[nH]c(N)nc2=O, CC(C)[C@H](N)C(=O)OCCOCn1cnc2c1[nH]c(N)nc2=O","HDOVUKNUBWVHOX-QMMMGPOBSA-N, HDOVUKNUBWVHOX-QMMMGPOBSA-N, HDOVUKNUBWVHOX-QMMMGPOBSA-N",Launched
valbenazine,vesicular monoamine transporter inhibitor,,neurology/psychiatry,dyskinesia,MedChemEx,88.74,[H][C@]12C[C@@H](OC(=O)[C@@H](N)C(C)C)[C@H](CC(C)C)CN1CCc1cc(OC)c(OC)cc21,GEJDGVNQKABXKG-CFKGEZKQSA-N,Launched
valdecoxib,cyclooxygenase inhibitor,"CA12, PTGS2",,,"Tocris, Selleck, Selleck",98.16,"Cc1onc(c1-c1ccc(cc1)S(N)(=O)=O)-c1ccccc1, Cc1onc(c1-c1ccc(cc1)S(N)(=O)=O)-c1ccccc1, Cc1onc(c1-c1ccc(cc1)S(N)(=O)=O)-c1ccccc1","LNPDTQAFDNKSHK-UHFFFAOYSA-N, LNPDTQAFDNKSHK-UHFFFAOYSA-N, LNPDTQAFDNKSHK-UHFFFAOYSA-N",Withdrawn
valethamate,acetylcholine receptor antagonist,"CHRM1, CHRM4, CHRM5",obstetrics/gynecology,labor induction,Sigma,90.39,"CC[C@@H](C)[C@@H](C(=O)OCC[N+](C)(CC)CC)c1ccccc1 |&1:2,&2:4|",UPPMZCXMQRVMME-SJLPKXTDSA-N,Launched
valganciclovir,DNA synthesis inhibitor,,infectious disease,cytomegalovirus (CMV),Selleck,100,"CC(C)[C@H](N)C(=O)OC[C@@H](CO)OCn1cnc2c1[nH]c(N)nc2=O |a:3,&1:9|",WPVFJKSGQUFQAP-BDAKNGLRSA-N,Launched
valnemulin,bacterial 50S ribosomal subunit inhibitor,,"infectious disease, gastroenterology","dysentry, colitis, pneumonia",MedChemEx,93.2,CC(C)[C@@H](N)C(=O)NCC(C)(C)SCC(=O)O[C@@H]1C[C@@](C)(C=C)[C@@H](O)[C@H](C)[C@]23CCC(=O)[C@H]2[C@@]1(C)[C@H](C)CC3,LLYYNOVSVPBRGV-MVNKZKPCSA-N,Launched
valnoctamide,"arachidonic acid acylation inhibitor, benzodiazepine receptor agonist",,neurology/psychiatry,sleeplessness,Sigma,61.43,"CC[C@@H](C)[C@@H](CC)C(N)=O |&1:2,&2:4,r|",QRCJOCOSPZMDJY-RNFRBKRXSA-N,Launched
valproic-acid,"benzodiazepine receptor agonist, HDAC inhibitor","ABAT, ACADSB, ALDH5A1, HDAC1, HDAC2, HDAC9, OGDH, SCN10A, SCN11A, SCN1A, SCN1B, SCN2A, SCN2B, SCN3A, SCN3B, SCN4A, SCN4B, SCN5A, SCN7A, SCN8A, SCN9A",neurology/psychiatry,"epilepsy, seizures, seizures","Selleck, Selleck, Selleck, EMDBio, Enzo, Sigma, Tocris, Selleck, MicroSource, Selleck",100,"CCCC(CCC)C(O)=O, CCCC(CCC)C(O)=O, CCCC(CCC)C(O)=O, CCCC(CCC)C(O)=O, CCCC(CCC)C(O)=O, CCCC(CCC)C(O)=O, CCCC(CCC)C(O)=O, CCCC(CCC)C(O)=O, CCCC(CCC)C(O)=O, CCCC(CCC)C(O)=O","NIJJYAXOARWZEE-UHFFFAOYSA-N, NIJJYAXOARWZEE-UHFFFAOYSA-N, NIJJYAXOARWZEE-UHFFFAOYSA-N, NIJJYAXOARWZEE-UHFFFAOYSA-N, NIJJYAXOARWZEE-UHFFFAOYSA-N, NIJJYAXOARWZEE-UHFFFAOYSA-N, NIJJYAXOARWZEE-UHFFFAOYSA-N, NIJJYAXOARWZEE-UHFFFAOYSA-N, NIJJYAXOARWZEE-UHFFFAOYSA-N, NIJJYAXOARWZEE-UHFFFAOYSA-N",Launched
valpromide,epoxide hydolase inhibitor,,neurology/psychiatry,epilepsy,Sigma,60.96,CCCC(CCC)C(N)=O,OMOMUFTZPTXCHP-UHFFFAOYSA-N,Launched
valrocemide,,,,,Enamine,99,CCCC(CCC)C(=O)NCC(N)=O,RALGCAOVRLYSMA-UHFFFAOYSA-N,Phase 2
valrubicin,"DNA inhibitor, topoisomerase inhibitor",TOP2A,oncology,bladder cancer,"MedChemEx, MedChemEx, MedChemEx, MedChemEx",97.11,"CCCCC(=O)OCC(=O)[C@@]1(O)C[C@H](O[C@H]2C[C@H](NC(=O)C(F)(F)F)[C@H](O)[C@H](C)O2)c2c(O)c3C(=O)c4c(OC)cccc4C(=O)c3c(O)c2C1, CCCCC(=O)OCC(=O)[C@@]1(O)C[C@H](O[C@H]2C[C@H](NC(=O)C(F)(F)F)[C@H](O)[C@H](C)O2)c2c(O)c3C(=O)c4c(OC)cccc4C(=O)c3c(O)c2C1, CCCCC(=O)OCC(=O)[C@@]1(O)C[C@H](O[C@H]2C[C@H](NC(=O)C(F)(F)F)[C@H](O)[C@H](C)O2)c2c(O)c3C(=O)c4c(OC)cccc4C(=O)c3c(O)c2C1, CCCCC(=O)OCC(=O)[C@@]1(O)C[C@H](O[C@H]2C[C@H](NC(=O)C(F)(F)F)[C@H](O)[C@H](C)O2)c2c(O)c3C(=O)c4c(OC)cccc4C(=O)c3c(O)c2C1","ZOCKGBMQLCSHFP-KQRAQHLDSA-N, ZOCKGBMQLCSHFP-KQRAQHLDSA-N, ZOCKGBMQLCSHFP-KQRAQHLDSA-N, ZOCKGBMQLCSHFP-KQRAQHLDSA-N",Launched
valsartan,angiotensin receptor antagonist,AGTR1,cardiology,"hypertension, congestive heart failure, congestive heart failure","MicroSource, MicroSource, MicroSource, Tocris, Tocris, Selleck, Tocris, Tocris",99.42,"CCCCC(=O)N(Cc1ccc(cc1)-c1ccccc1-c1nn[nH]n1)[C@@H](C(C)C)C(O)=O, CCCCC(=O)N(Cc1ccc(cc1)-c1ccccc1-c1nn[nH]n1)[C@@H](C(C)C)C(O)=O, CCCCC(=O)N(Cc1ccc(cc1)-c1ccccc1-c1nn[nH]n1)[C@@H](C(C)C)C(O)=O, CCCCC(=O)N(Cc1ccc(cc1)-c1ccccc1-c1nn[nH]n1)[C@@H](C(C)C)C(O)=O, CCCCC(=O)N(Cc1ccc(cc1)-c1ccccc1-c1nn[nH]n1)[C@@H](C(C)C)C(O)=O, CCCCC(=O)N(Cc1ccc(cc1)-c1ccccc1-c1nn[nH]n1)[C@@H](C(C)C)C(O)=O, CCCCC(=O)N(Cc1ccc(cc1)-c1ccccc1-c1nn[nH]n1)[C@@H](C(C)C)C(O)=O, CCCCC(=O)N(Cc1ccc(cc1)-c1ccccc1-c1nn[nH]n1)[C@@H](C(C)C)C(O)=O","ACWBQPMHZXGDFX-QFIPXVFZSA-N, ACWBQPMHZXGDFX-QFIPXVFZSA-N, ACWBQPMHZXGDFX-QFIPXVFZSA-N, ACWBQPMHZXGDFX-QFIPXVFZSA-N, ACWBQPMHZXGDFX-QFIPXVFZSA-N, ACWBQPMHZXGDFX-QFIPXVFZSA-N, ACWBQPMHZXGDFX-QFIPXVFZSA-N, ACWBQPMHZXGDFX-QFIPXVFZSA-N",Launched
valspodar,P glycoprotein inhibitor,ABCB1,,,"MedChemEx, MedChemEx, MedChemEx",43.76,"C\C=C\C[C@@H](C)C(=O)[C@@H]1N(C)C(=O)[C@H](C(C)C)N(C)C(=O)[C@H](CC(C)C)N(C)C(=O)[C@H](CC(C)C)N(C)C(=O)[C@@H](C)NC(=O)[C@H](C)NC(=O)[C@H](CC(C)C)N(C)C(=O)[C@@H](NC(=O)[C@H](CC(C)C)N(C)C(=O)CN(C)C(=O)[C@@H](NC1=O)C(C)C)C(C)C, C\C=C\C[C@@H](C)C(=O)[C@@H]1N(C)C(=O)[C@H](C(C)C)N(C)C(=O)[C@H](CC(C)C)N(C)C(=O)[C@H](CC(C)C)N(C)C(=O)[C@@H](C)NC(=O)[C@H](C)NC(=O)[C@H](CC(C)C)N(C)C(=O)[C@@H](NC(=O)[C@H](CC(C)C)N(C)C(=O)CN(C)C(=O)[C@@H](NC1=O)C(C)C)C(C)C, C\C=C\C[C@@H](C)C(=O)[C@@H]1N(C)C(=O)[C@H](C(C)C)N(C)C(=O)[C@H](CC(C)C)N(C)C(=O)[C@H](CC(C)C)N(C)C(=O)[C@@H](C)NC(=O)[C@H](C)NC(=O)[C@H](CC(C)C)N(C)C(=O)[C@@H](NC(=O)[C@H](CC(C)C)N(C)C(=O)CN(C)C(=O)[C@@H](NC1=O)C(C)C)C(C)C","YJDYDFNKCBANTM-QCWCSKBGSA-N, YJDYDFNKCBANTM-QCWCSKBGSA-N, YJDYDFNKCBANTM-QCWCSKBGSA-N",Phase 3
vancomycin,bacterial cell wall synthesis inhibitor,,infectious disease,endocarditis,"Tocris, Tocris, MedChemEx, MicroSource, Selleck, Selleck",88.61,"CN[C@H](CC(C)C)C(=O)N[C@@H]1[C@H](O)c2ccc(Oc3cc4cc(Oc5ccc(cc5Cl)[C@@H](O)[C@@H]5NC(=O)[C@H](NC(=O)[C@@H]4NC(=O)[C@H](CC(N)=O)NC1=O)c1ccc(O)c(c1)-c1c(O)cc(O)cc1[C@H](NC5=O)C(O)=O)c3O[C@@H]1O[C@H](CO)[C@@H](O)[C@H](O)[C@H]1O[C@H]1C[C@](C)(N)[C@H](O)[C@H](C)O1)c(Cl)c2, CN[C@H](CC(C)C)C(=O)N[C@@H]1[C@H](O)c2ccc(Oc3cc4cc(Oc5ccc(cc5Cl)[C@@H](O)[C@@H]5NC(=O)[C@H](NC(=O)[C@@H]4NC(=O)[C@H](CC(N)=O)NC1=O)c1ccc(O)c(c1)-c1c(O)cc(O)cc1[C@H](NC5=O)C(O)=O)c3O[C@@H]1O[C@H](CO)[C@@H](O)[C@H](O)[C@H]1O[C@H]1C[C@](C)(N)[C@H](O)[C@H](C)O1)c(Cl)c2, CN[C@H](CC(C)C)C(=O)N[C@@H]1[C@H](O)c2ccc(Oc3cc4cc(Oc5ccc(cc5Cl)[C@@H](O)[C@@H]5NC(=O)[C@H](NC(=O)[C@@H]4NC(=O)[C@H](CC(N)=O)NC1=O)c1ccc(O)c(c1)-c1c(O)cc(O)cc1[C@H](NC5=O)C(O)=O)c3O[C@@H]1O[C@H](CO)[C@@H](O)[C@H](O)[C@H]1O[C@H]1C[C@](C)(N)[C@H](O)[C@H](C)O1)c(Cl)c2, CN[C@H](CC(C)C)C(=O)N[C@@H]1[C@H](O)c2ccc(Oc3cc4cc(Oc5ccc(cc5Cl)[C@@H](O)[C@@H]5NC(=O)[C@H](NC(=O)[C@@H]4NC(=O)[C@H](CC(N)=O)NC1=O)c1ccc(O)c(c1)-c1c(O)cc(O)cc1[C@H](NC5=O)C(O)=O)c3O[C@@H]1O[C@H](CO)[C@@H](O)[C@H](O)[C@H]1O[C@H]1C[C@](C)(N)[C@H](O)[C@H](C)O1)c(Cl)c2, CN[C@H](CC(C)C)C(=O)N[C@@H]1[C@H](O)c2ccc(Oc3cc4cc(Oc5ccc(cc5Cl)[C@@H](O)[C@@H]5NC(=O)[C@H](NC(=O)[C@@H]4NC(=O)[C@H](CC(N)=O)NC1=O)c1ccc(O)c(c1)-c1c(O)cc(O)cc1[C@H](NC5=O)C(O)=O)c3O[C@@H]1O[C@H](CO)[C@@H](O)[C@H](O)[C@H]1O[C@H]1C[C@](C)(N)[C@H](O)[C@H](C)O1)c(Cl)c2, CN[C@H](CC(C)C)C(=O)N[C@@H]1[C@H](O)c2ccc(Oc3cc4cc(Oc5ccc(cc5Cl)[C@@H](O)[C@@H]5NC(=O)[C@H](NC(=O)[C@@H]4NC(=O)[C@H](CC(N)=O)NC1=O)c1ccc(O)c(c1)-c1c(O)cc(O)cc1[C@H](NC5=O)C(O)=O)c3O[C@@H]1O[C@H](CO)[C@@H](O)[C@H](O)[C@H]1O[C@H]1C[C@](C)(N)[C@H](O)[C@H](C)O1)c(Cl)c2","MYPYJXKWCTUITO-LYRMYLQWSA-N, MYPYJXKWCTUITO-LYRMYLQWSA-N, MYPYJXKWCTUITO-LYRMYLQWSA-N, MYPYJXKWCTUITO-LYRMYLQWSA-N, MYPYJXKWCTUITO-LYRMYLQWSA-N, MYPYJXKWCTUITO-LYRMYLQWSA-N",Launched
vandetanib,"EGFR inhibitor, RET tyrosine kinase inhibitor, VEGFR inhibitor","EGFR, EPHA1, EPHA10, EPHA2, EPHA3, EPHA4, EPHA5, EPHA6, EPHA7, EPHA8, EPHB1, EPHB2, EPHB3, EPHB4, EPHB6, ERBB2, ERBB3, ERBB4, FLT1, FLT4, KDR, PTK6, RET, SRC, TEK, VEGFA",oncology,medullary thyroid cancer (MTC),"MedChemEx, MedChemEx, Selleck, Selleck, Selleck, Selleck, Selleck, Selleck",99.2,"COc1cc2c(Nc3ccc(Br)cc3F)ncnc2cc1OCC1CCN(C)CC1, COc1cc2c(Nc3ccc(Br)cc3F)ncnc2cc1OCC1CCN(C)CC1, COc1cc2c(Nc3ccc(Br)cc3F)ncnc2cc1OCC1CCN(C)CC1, COc1cc2c(Nc3ccc(Br)cc3F)ncnc2cc1OCC1CCN(C)CC1, COc1cc2c(Nc3ccc(Br)cc3F)ncnc2cc1OCC1CCN(C)CC1, COc1cc2c(Nc3ccc(Br)cc3F)ncnc2cc1OCC1CCN(C)CC1, COc1cc2c(Nc3ccc(Br)cc3F)ncnc2cc1OCC1CCN(C)CC1, COc1cc2c(Nc3ccc(Br)cc3F)ncnc2cc1OCC1CCN(C)CC1","UHTHHESEBZOYNR-UHFFFAOYSA-N, UHTHHESEBZOYNR-UHFFFAOYSA-N, UHTHHESEBZOYNR-UHFFFAOYSA-N, UHTHHESEBZOYNR-UHFFFAOYSA-N, UHTHHESEBZOYNR-UHFFFAOYSA-N, UHTHHESEBZOYNR-UHFFFAOYSA-N, UHTHHESEBZOYNR-UHFFFAOYSA-N, UHTHHESEBZOYNR-UHFFFAOYSA-N",Launched
vanillin,,"ABAT, ALDH5A1",,,"MedChemEx, Selleck, Selleck",98.63,"COc1cc(C=O)ccc1O, COc1cc(C=O)ccc1O, COc1cc(C=O)ccc1O","MWOOGOJBHIARFG-UHFFFAOYSA-N, MWOOGOJBHIARFG-UHFFFAOYSA-N, MWOOGOJBHIARFG-UHFFFAOYSA-N",Preclinical
vanillylacetone,,,,,"Selleck, Selleck",98.97,"COc1cc(CCC(C)=O)ccc1O, COc1cc(CCC(C)=O)ccc1O","OJYLAHXKWMRDGS-UHFFFAOYSA-N, OJYLAHXKWMRDGS-UHFFFAOYSA-N",Preclinical
vaniprevir,serine protease inhibitor,,,,"MedChemEx, MedChemEx",94.28,"CC[C@@H]1C[C@]1(NC(=O)[C@@H]1C[C@@H]2CN1C(=O)[C@@H](NC(=O)OCC(C)(C)CCCCc1cccc3CN(Cc13)C(=O)O2)C(C)(C)C)C(=O)NS(=O)(=O)C1CC1, CC[C@@H]1C[C@]1(NC(=O)[C@@H]1C[C@@H]2CN1C(=O)[C@@H](NC(=O)OCC(C)(C)CCCCc1cccc3CN(Cc13)C(=O)O2)C(C)(C)C)C(=O)NS(=O)(=O)C1CC1","KUQWGLQLLVFLSM-ONAXAZCASA-N, KUQWGLQLLVFLSM-ONAXAZCASA-N",Phase 3
vanitiolide,,,,,"MicroSource, Sigma",95.56,"COc1cc(ccc1O)C(=S)N1CCOCC1, COc1cc(ccc1O)C(=S)N1CCOCC1","WQYRHRAZNNRDIA-UHFFFAOYSA-N, WQYRHRAZNNRDIA-UHFFFAOYSA-N",Preclinical
vanoxerine,dopamine reuptake inhibitor,SLC6A3,,,"Tocris, Tocris, Tocris, Tocris, Tocris, Tocris",96.73,"Fc1ccc(cc1)C(OCCN1CCN(CCCc2ccccc2)CC1)c1ccc(F)cc1, Fc1ccc(cc1)C(OCCN1CCN(CCCc2ccccc2)CC1)c1ccc(F)cc1, Fc1ccc(cc1)C(OCCN1CCN(CCCc2ccccc2)CC1)c1ccc(F)cc1, Fc1ccc(cc1)C(OCCN1CCN(CCCc2ccccc2)CC1)c1ccc(F)cc1, Fc1ccc(cc1)C(OCCN1CCN(CCCc2ccccc2)CC1)c1ccc(F)cc1, Fc1ccc(cc1)C(OCCN1CCN(CCCc2ccccc2)CC1)c1ccc(F)cc1","NAUWTFJOPJWYOT-UHFFFAOYSA-N, NAUWTFJOPJWYOT-UHFFFAOYSA-N, NAUWTFJOPJWYOT-UHFFFAOYSA-N, NAUWTFJOPJWYOT-UHFFFAOYSA-N, NAUWTFJOPJWYOT-UHFFFAOYSA-N, NAUWTFJOPJWYOT-UHFFFAOYSA-N",Phase 3
vapendavir,antiviral,,,,Astatech,97.98,CCOc1noc2cc(OCCC3CCN(CC3)c3ccc(C)nn3)ccc12,DKSVBVKHUICELN-UHFFFAOYSA-N,Phase 2
vardenafil,phosphodiesterase inhibitor,"PDE5A, PDE6G, PDE6H",urology,erectile dysfunction,"MicroSource, MicroSource, MedChemEx, Selleck",99.24,"CCCc1nc(C)c2n1[nH]c(nc2=O)-c1cc(ccc1OCC)S(=O)(=O)N1CCN(CC)CC1, CCCc1nc(C)c2n1[nH]c(nc2=O)-c1cc(ccc1OCC)S(=O)(=O)N1CCN(CC)CC1, CCCc1nc(C)c2n1[nH]c(nc2=O)-c1cc(ccc1OCC)S(=O)(=O)N1CCN(CC)CC1, CCCc1nc(C)c2n1[nH]c(nc2=O)-c1cc(ccc1OCC)S(=O)(=O)N1CCN(CC)CC1","SECKRCOLJRRGGV-UHFFFAOYSA-N, SECKRCOLJRRGGV-UHFFFAOYSA-N, SECKRCOLJRRGGV-UHFFFAOYSA-N, SECKRCOLJRRGGV-UHFFFAOYSA-N",Launched
varenicline,acetylcholine receptor agonist,"CHRNA3, CHRNA4, CHRNA6, CHRNA7",neurology/psychiatry,smoking cessation,Tocris,97.1,"C1[C@H]2CNC[C@@H]1c1cc3nccnc3cc21 |&1:1,5|",JQSHBVHOMNKWFT-DTORHVGOSA-N,Launched
varespladib,secretory phospholipase inhibitor,PLA2G2A,,,Selleck,98.89,CCc1c(C(=O)C(N)=O)c2c(OCC(O)=O)cccc2n1Cc1ccccc1,BHLXTPHDSZUFHR-UHFFFAOYSA-N,Phase 3
vasopressin,vasopressin receptor agonist,"AVPR1A, AVPR1B, AVPR2, OXTR",gastroenterology,abdominal distension,Sigma,85.73,N[C@H]1CSSC[C@H](NC(=O)[C@H](CC(N)=O)NC(=O)[C@H](CCC(N)=O)NC(=O)[C@H](Cc2ccccc2)NC(=O)[C@H](Cc2ccc(O)cc2)NC1=O)C(=O)N1CCC[C@H]1C(=O)N[C@@H](CCCNC(N)=N)C(=O)NCC(N)=O,KBZOIRJILGZLEJ-PLCMWKKKSA-N,Launched
vatalanib,"KIT inhibitor, PDGFR tyrosine kinase receptor inhibitor, VEGFR inhibitor","EGFR, FLT1, FLT4, KDR, PDGFRB",,,"Selleck, Tocris, Selleck",99.48,"Clc1ccc(Nc2nnc(Cc3ccncc3)c3ccccc23)cc1, Clc1ccc(Nc2nnc(Cc3ccncc3)c3ccccc23)cc1, Clc1ccc(Nc2nnc(Cc3ccncc3)c3ccccc23)cc1","YCOYDOIWSSHVCK-UHFFFAOYSA-N, YCOYDOIWSSHVCK-UHFFFAOYSA-N, YCOYDOIWSSHVCK-UHFFFAOYSA-N",Phase 3
vatinoxan,adrenergic receptor antagonist,,,,MedChemEx,95.42,[H][C@@]12C[C@@]3(CNC(=O)N3CCNS(C)(=O)=O)CCN1CCc1c2oc2ccccc12,GTBKISRCRQUFNL-OXJNMPFZSA-N,Preclinical
VBY-825,cathepsin inhibitor,"CTSB, CTSL, CTSS",,,"MedChemEx, MedChemEx, MedChemEx, MedChemEx",100,"CC[C@H](NC(=O)[C@H](CS(=O)(=O)CC1CC1)N[C@@H](c1ccc(F)cc1)C(F)(F)F)C(=O)C(=O)NC1CC1, CC[C@H](NC(=O)[C@H](CS(=O)(=O)CC1CC1)N[C@@H](c1ccc(F)cc1)C(F)(F)F)C(=O)C(=O)NC1CC1, CC[C@H](NC(=O)[C@H](CS(=O)(=O)CC1CC1)N[C@@H](c1ccc(F)cc1)C(F)(F)F)C(=O)C(=O)NC1CC1, CC[C@H](NC(=O)[C@H](CS(=O)(=O)CC1CC1)N[C@@H](c1ccc(F)cc1)C(F)(F)F)C(=O)C(=O)NC1CC1","PPUXXDKQNAHHON-BJLQDIEVSA-N, PPUXXDKQNAHHON-BJLQDIEVSA-N, PPUXXDKQNAHHON-BJLQDIEVSA-N, PPUXXDKQNAHHON-BJLQDIEVSA-N",Preclinical
VCH-916,HCV inhibitor,,,,"MedChemEx, MedChemEx, MedChemEx",98.31,"CO[C@H]1CC[C@@H](CC1)N(C(=O)[C@H]1CC[C@H](C)CC1)c1cc(sc1C(O)=O)C1=CCCCC1 |r,t:29|, CO[C@H]1CC[C@@H](CC1)N(C(=O)[C@H]1CC[C@H](C)CC1)c1cc(sc1C(O)=O)C1=CCCCC1 |r,t:29|, CO[C@H]1CC[C@@H](CC1)N(C(=O)[C@H]1CC[C@H](C)CC1)c1cc(sc1C(O)=O)C1=CCCCC1 |r,t:29|","LNYKGELUODVSNS-YSXIEMCBSA-N, LNYKGELUODVSNS-YSXIEMCBSA-N, LNYKGELUODVSNS-YSXIEMCBSA-N",Phase 1
VE-821,ATR kinase inhibitor,ATR,,,"MedChemEx, Selleck, Selleck, Selleck",97.3,"CS(=O)(=O)c1ccc(cc1)-c1cnc(N)c(n1)C(=O)Nc1ccccc1, CS(=O)(=O)c1ccc(cc1)-c1cnc(N)c(n1)C(=O)Nc1ccccc1, CS(=O)(=O)c1ccc(cc1)-c1cnc(N)c(n1)C(=O)Nc1ccccc1, CS(=O)(=O)c1ccc(cc1)-c1cnc(N)c(n1)C(=O)Nc1ccccc1","DUIHHZKTCSNTGM-UHFFFAOYSA-N, DUIHHZKTCSNTGM-UHFFFAOYSA-N, DUIHHZKTCSNTGM-UHFFFAOYSA-N, DUIHHZKTCSNTGM-UHFFFAOYSA-N",Preclinical
VE-822,ATR kinase inhibitor,"ATM, ATR, MTOR, PIK3CG",,,"MedChemEx, MedChemEx, MedChemEx, MedChemEx, MedChemEx, Selleck, Selleck, Selleck",95.02,"CNCc1ccc(cc1)-c1cc(on1)-c1nc(cnc1N)-c1ccc(cc1)S(=O)(=O)C(C)C, CNCc1ccc(cc1)-c1cc(on1)-c1nc(cnc1N)-c1ccc(cc1)S(=O)(=O)C(C)C, CNCc1ccc(cc1)-c1cc(on1)-c1nc(cnc1N)-c1ccc(cc1)S(=O)(=O)C(C)C, CNCc1ccc(cc1)-c1cc(on1)-c1nc(cnc1N)-c1ccc(cc1)S(=O)(=O)C(C)C, CNCc1ccc(cc1)-c1cc(on1)-c1nc(cnc1N)-c1ccc(cc1)S(=O)(=O)C(C)C, CNCc1ccc(cc1)-c1cc(on1)-c1nc(cnc1N)-c1ccc(cc1)S(=O)(=O)C(C)C, CNCc1ccc(cc1)-c1cc(on1)-c1nc(cnc1N)-c1ccc(cc1)S(=O)(=O)C(C)C, CNCc1ccc(cc1)-c1cc(on1)-c1nc(cnc1N)-c1ccc(cc1)S(=O)(=O)C(C)C","JZCWLJDSIRUGIN-UHFFFAOYSA-N, JZCWLJDSIRUGIN-UHFFFAOYSA-N, JZCWLJDSIRUGIN-UHFFFAOYSA-N, JZCWLJDSIRUGIN-UHFFFAOYSA-N, JZCWLJDSIRUGIN-UHFFFAOYSA-N, JZCWLJDSIRUGIN-UHFFFAOYSA-N, JZCWLJDSIRUGIN-UHFFFAOYSA-N, JZCWLJDSIRUGIN-UHFFFAOYSA-N",Phase 2
vecabrutinib,Bruton's tyrosine kinase (BTK) inhibitor,,,,MedChemEx,97.63,NC(=O)[C@H]1CCN(C[C@@H]1N1CCC[C@@H](Nc2cc(Cl)cc(c2)C(F)(F)F)C1=O)c1ncnc(N)c1F,QLRRJMOBVVGXEJ-XHSDSOJGSA-N,Phase 1/Phase 2
vecuronium,acetylcholine receptor antagonist,CHRNA2,neurology/psychiatry,muscle relaxant,"MedChemEx, MicroSource, Selleck",100,"CC(=O)O[C@H]1[C@H](C[C@H]2[C@@H]3CC[C@H]4C[C@H](OC(C)=O)[C@H](C[C@]4(C)[C@H]3CC[C@]12C)N1CCCCC1)[N+]1(C)CCCCC1, CC(=O)O[C@H]1[C@H](C[C@H]2[C@@H]3CC[C@H]4C[C@H](OC(C)=O)[C@H](C[C@]4(C)[C@H]3CC[C@]12C)N1CCCCC1)[N+]1(C)CCCCC1, CC(=O)O[C@H]1[C@H](C[C@H]2[C@@H]3CC[C@H]4C[C@H](OC(C)=O)[C@H](C[C@]4(C)[C@H]3CC[C@]12C)N1CCCCC1)[N+]1(C)CCCCC1","BGSZAXLLHYERSY-XQIGCQGXSA-N, BGSZAXLLHYERSY-XQIGCQGXSA-N, BGSZAXLLHYERSY-XQIGCQGXSA-N",Launched
vedaprofen,anti-inflammatory agent,PTGS2,"neurology/psychiatry, endocrinology","pain relief, fever",Sigma,98.74,"C[C@H](C(O)=O)c1ccc(C2CCCCC2)c2ccccc12 |&1:1,r|",VZUGVMQFWFVFBX-ZDUSSCGKSA-N,Launched
velaresol,,,,,AMS,0,OC(=O)CCCCOc1cccc(O)c1C=O,NSUDGNLOXMLAEB-UHFFFAOYSA-N,Preclinical
veledimex,cytochrome P450 inhibitor,,,,MedChemEx,97.45,CCC[C@@H](N(NC(=O)c1cccc(OC)c1CC)C(=O)c1cc(C)cc(C)c1)C(C)(C)C,LZWZPGLVHLSWQX-XMMPIXPASA-N,Phase 2
veliflapon,leukotriene synthesis inhibitor,ALOX5AP,,,Sigma,99.55,OC(=O)[C@H](C1CCCC1)c1ccc(OCc2ccc3ccccc3n2)cc1,ZEYYDOLCHFETHQ-JOCHJYFZSA-N,Phase 3
veliparib,PARP inhibitor,"PARP1, PARP2",,,MedChemEx,98.6,C[C@@]1(CCCN1)c1nc2cccc(C(N)=O)c2[nH]1,JNAHVYVRKWKWKQ-CYBMUJFWSA-N,Phase 3
velneperit,neuropeptide receptor antagonist,NPY5R,,,"MedChemEx, MedChemEx",84.28,"CC(C)(C)S(=O)(=O)N[C@H]1CC[C@@H](CC1)C(=O)Nc1ccc(cn1)C(F)(F)F |r|, CC(C)(C)S(=O)(=O)N[C@H]1CC[C@@H](CC1)C(=O)Nc1ccc(cn1)C(F)(F)F |r|","WGEWUYACXPEFPO-AULYBMBSSA-N, WGEWUYACXPEFPO-AULYBMBSSA-N",Phase 2
velpatasvir,antiviral,,infectious disease,hepatitis C,MedChemEx,98.09,COC[C@H]1C[C@H](N(C1)C(=O)[C@H](NC(=O)OC)c1ccccc1)c1nc(c[nH]1)-c1ccc-2c(COc3cc4c5nc([nH]c5ccc4cc-23)[C@@H]2CC[C@H](C)N2C(=O)[C@@H](NC(=O)OC)C(C)C)c1,FHCUMDQMBHQXKK-CDIODLITSA-N,Launched
vemurafenib,RAF inhibitor,"BRAF, RAF1",oncology,melanoma,"Selleck, Selleck, Selleck, Selleck, Selleck, MedChemEx, MedChemEx, MedChemEx, Selleck, Selleck, Selleck",98.74,"CCCS(=O)(=O)Nc1ccc(F)c(C(=O)c2c[nH]c3ncc(cc23)-c2ccc(Cl)cc2)c1F, CCCS(=O)(=O)Nc1ccc(F)c(C(=O)c2c[nH]c3ncc(cc23)-c2ccc(Cl)cc2)c1F, CCCS(=O)(=O)Nc1ccc(F)c(C(=O)c2c[nH]c3ncc(cc23)-c2ccc(Cl)cc2)c1F, CCCS(=O)(=O)Nc1ccc(F)c(C(=O)c2c[nH]c3ncc(cc23)-c2ccc(Cl)cc2)c1F, CCCS(=O)(=O)Nc1ccc(F)c(C(=O)c2c[nH]c3ncc(cc23)-c2ccc(Cl)cc2)c1F, CCCS(=O)(=O)Nc1ccc(F)c(C(=O)c2c[nH]c3ncc(cc23)-c2ccc(Cl)cc2)c1F, CCCS(=O)(=O)Nc1ccc(F)c(C(=O)c2c[nH]c3ncc(cc23)-c2ccc(Cl)cc2)c1F, CCCS(=O)(=O)Nc1ccc(F)c(C(=O)c2c[nH]c3ncc(cc23)-c2ccc(Cl)cc2)c1F, CCCS(=O)(=O)Nc1ccc(F)c(C(=O)c2c[nH]c3ncc(cc23)-c2ccc(Cl)cc2)c1F, CCCS(=O)(=O)Nc1ccc(F)c(C(=O)c2c[nH]c3ncc(cc23)-c2ccc(Cl)cc2)c1F, CCCS(=O)(=O)Nc1ccc(F)c(C(=O)c2c[nH]c3ncc(cc23)-c2ccc(Cl)cc2)c1F","GPXBXXGIAQBQNI-UHFFFAOYSA-N, GPXBXXGIAQBQNI-UHFFFAOYSA-N, GPXBXXGIAQBQNI-UHFFFAOYSA-N, GPXBXXGIAQBQNI-UHFFFAOYSA-N, GPXBXXGIAQBQNI-UHFFFAOYSA-N, GPXBXXGIAQBQNI-UHFFFAOYSA-N, GPXBXXGIAQBQNI-UHFFFAOYSA-N, GPXBXXGIAQBQNI-UHFFFAOYSA-N, GPXBXXGIAQBQNI-UHFFFAOYSA-N, GPXBXXGIAQBQNI-UHFFFAOYSA-N, GPXBXXGIAQBQNI-UHFFFAOYSA-N",Launched
venetoclax,BCL inhibitor,BCL2,hematologic malignancy,chronic lymphocytic leukemia (CLL),"Selleck, Selleck, Selleck, Selleck, Adooq, Adooq, Adooq, Adooq, Adooq, Selleck, Selleck, Selleck",97.4,"CC1(C)CCC(CN2CCN(CC2)c2ccc(C(=O)NS(=O)(=O)c3ccc(NCC4CCOCC4)c(c3)[N+]([O-])=O)c(Oc3cnc4[nH]ccc4c3)c2)=C(C1)c1ccc(Cl)cc1 |c:57|, CC1(C)CCC(CN2CCN(CC2)c2ccc(C(=O)NS(=O)(=O)c3ccc(NCC4CCOCC4)c(c3)[N+]([O-])=O)c(Oc3cnc4[nH]ccc4c3)c2)=C(C1)c1ccc(Cl)cc1 |c:57|, CC1(C)CCC(CN2CCN(CC2)c2ccc(C(=O)NS(=O)(=O)c3ccc(NCC4CCOCC4)c(c3)[N+]([O-])=O)c(Oc3cnc4[nH]ccc4c3)c2)=C(C1)c1ccc(Cl)cc1 |c:57|, CC1(C)CCC(CN2CCN(CC2)c2ccc(C(=O)NS(=O)(=O)c3ccc(NCC4CCOCC4)c(c3)[N+]([O-])=O)c(Oc3cnc4[nH]ccc4c3)c2)=C(C1)c1ccc(Cl)cc1 |c:57|, CC1(C)CCC(CN2CCN(CC2)c2ccc(C(=O)NS(=O)(=O)c3ccc(NCC4CCOCC4)c(c3)[N+]([O-])=O)c(Oc3cnc4[nH]ccc4c3)c2)=C(C1)c1ccc(Cl)cc1 |c:57|, CC1(C)CCC(CN2CCN(CC2)c2ccc(C(=O)NS(=O)(=O)c3ccc(NCC4CCOCC4)c(c3)[N+]([O-])=O)c(Oc3cnc4[nH]ccc4c3)c2)=C(C1)c1ccc(Cl)cc1 |c:57|, CC1(C)CCC(CN2CCN(CC2)c2ccc(C(=O)NS(=O)(=O)c3ccc(NCC4CCOCC4)c(c3)[N+]([O-])=O)c(Oc3cnc4[nH]ccc4c3)c2)=C(C1)c1ccc(Cl)cc1 |c:57|, CC1(C)CCC(CN2CCN(CC2)c2ccc(C(=O)NS(=O)(=O)c3ccc(NCC4CCOCC4)c(c3)[N+]([O-])=O)c(Oc3cnc4[nH]ccc4c3)c2)=C(C1)c1ccc(Cl)cc1 |c:57|, CC1(C)CCC(CN2CCN(CC2)c2ccc(C(=O)NS(=O)(=O)c3ccc(NCC4CCOCC4)c(c3)[N+]([O-])=O)c(Oc3cnc4[nH]ccc4c3)c2)=C(C1)c1ccc(Cl)cc1 |c:57|, CC1(C)CCC(CN2CCN(CC2)c2ccc(C(=O)NS(=O)(=O)c3ccc(NCC4CCOCC4)c(c3)[N+]([O-])=O)c(Oc3cnc4[nH]ccc4c3)c2)=C(C1)c1ccc(Cl)cc1 |c:57|, CC1(C)CCC(CN2CCN(CC2)c2ccc(C(=O)NS(=O)(=O)c3ccc(NCC4CCOCC4)c(c3)[N+]([O-])=O)c(Oc3cnc4[nH]ccc4c3)c2)=C(C1)c1ccc(Cl)cc1 |c:57|, CC1(C)CCC(CN2CCN(CC2)c2ccc(C(=O)NS(=O)(=O)c3ccc(NCC4CCOCC4)c(c3)[N+]([O-])=O)c(Oc3cnc4[nH]ccc4c3)c2)=C(C1)c1ccc(Cl)cc1 |c:57|","LQBVNQSMGBZMKD-UHFFFAOYSA-N, LQBVNQSMGBZMKD-UHFFFAOYSA-N, LQBVNQSMGBZMKD-UHFFFAOYSA-N, LQBVNQSMGBZMKD-UHFFFAOYSA-N, LQBVNQSMGBZMKD-UHFFFAOYSA-N, LQBVNQSMGBZMKD-UHFFFAOYSA-N, LQBVNQSMGBZMKD-UHFFFAOYSA-N, LQBVNQSMGBZMKD-UHFFFAOYSA-N, LQBVNQSMGBZMKD-UHFFFAOYSA-N, LQBVNQSMGBZMKD-UHFFFAOYSA-N, LQBVNQSMGBZMKD-UHFFFAOYSA-N, LQBVNQSMGBZMKD-UHFFFAOYSA-N",Launched
venlafaxine,"adrenergic inhibitor, norepinephrine reuptake inhibitor, serotonin–norepinephrine reuptake inhibitor (SNRI)","SLC6A2, SLC6A4",neurology/psychiatry,"depression, generalized anxiety disorder (GAD), panic disorders, social anxiety disorder","Tocris, Selleck, MicroSource, MicroSource",96.92,"COc1ccc(cc1)[C@@H](CN(C)C)C1(O)CCCCC1 |&1:8|, COc1ccc(cc1)[C@@H](CN(C)C)C1(O)CCCCC1 |&1:8|, COc1ccc(cc1)[C@@H](CN(C)C)C1(O)CCCCC1 |&1:8|, COc1ccc(cc1)[C@@H](CN(C)C)C1(O)CCCCC1 |&1:8|","PNVNVHUZROJLTJ-MRXNPFEDSA-N, PNVNVHUZROJLTJ-MRXNPFEDSA-N, PNVNVHUZROJLTJ-MRXNPFEDSA-N, PNVNVHUZROJLTJ-MRXNPFEDSA-N",Launched
VER-155008,HSP inhibitor,HSPA1A,,,"Tocris, WuXi, WuXi, WuXi, WuXi, WuXi, WuXi, WuXi, WuXi, WuXi, WuXi, WuXi",99.77,"Nc1ncnc2n([C@@H]3O[C@H](COCc4ccc(cc4)C#N)[C@@H](O)[C@H]3O)c(NCc3ccc(Cl)c(Cl)c3)nc12, Nc1ncnc2n([C@@H]3O[C@H](COCc4ccc(cc4)C#N)[C@@H](O)[C@H]3O)c(NCc3ccc(Cl)c(Cl)c3)nc12, Nc1ncnc2n([C@@H]3O[C@H](COCc4ccc(cc4)C#N)[C@@H](O)[C@H]3O)c(NCc3ccc(Cl)c(Cl)c3)nc12, Nc1ncnc2n([C@@H]3O[C@H](COCc4ccc(cc4)C#N)[C@@H](O)[C@H]3O)c(NCc3ccc(Cl)c(Cl)c3)nc12, Nc1ncnc2n([C@@H]3O[C@H](COCc4ccc(cc4)C#N)[C@@H](O)[C@H]3O)c(NCc3ccc(Cl)c(Cl)c3)nc12, Nc1ncnc2n([C@@H]3O[C@H](COCc4ccc(cc4)C#N)[C@@H](O)[C@H]3O)c(NCc3ccc(Cl)c(Cl)c3)nc12, Nc1ncnc2n([C@@H]3O[C@H](COCc4ccc(cc4)C#N)[C@@H](O)[C@H]3O)c(NCc3ccc(Cl)c(Cl)c3)nc12, Nc1ncnc2n([C@@H]3O[C@H](COCc4ccc(cc4)C#N)[C@@H](O)[C@H]3O)c(NCc3ccc(Cl)c(Cl)c3)nc12, Nc1ncnc2n([C@@H]3O[C@H](COCc4ccc(cc4)C#N)[C@@H](O)[C@H]3O)c(NCc3ccc(Cl)c(Cl)c3)nc12, Nc1ncnc2n([C@@H]3O[C@H](COCc4ccc(cc4)C#N)[C@@H](O)[C@H]3O)c(NCc3ccc(Cl)c(Cl)c3)nc12, Nc1ncnc2n([C@@H]3O[C@H](COCc4ccc(cc4)C#N)[C@@H](O)[C@H]3O)c(NCc3ccc(Cl)c(Cl)c3)nc12, Nc1ncnc2n([C@@H]3O[C@H](COCc4ccc(cc4)C#N)[C@@H](O)[C@H]3O)c(NCc3ccc(Cl)c(Cl)c3)nc12","ZXGGCBQORXDVTE-UMCMBGNQSA-N, ZXGGCBQORXDVTE-UMCMBGNQSA-N, ZXGGCBQORXDVTE-UMCMBGNQSA-N, ZXGGCBQORXDVTE-UMCMBGNQSA-N, ZXGGCBQORXDVTE-UMCMBGNQSA-N, ZXGGCBQORXDVTE-UMCMBGNQSA-N, ZXGGCBQORXDVTE-UMCMBGNQSA-N, ZXGGCBQORXDVTE-UMCMBGNQSA-N, ZXGGCBQORXDVTE-UMCMBGNQSA-N, ZXGGCBQORXDVTE-UMCMBGNQSA-N, ZXGGCBQORXDVTE-UMCMBGNQSA-N, ZXGGCBQORXDVTE-UMCMBGNQSA-N",Preclinical
VER-49009,HSP inhibitor,HSP90AA1,,,"Selleck, Selleck, Selleck, Selleck, MedChemEx",98.19,"CCNC(=O)c1[nH]nc(c1-c1ccc(OC)cc1)-c1cc(Cl)c(O)cc1O, CCNC(=O)c1[nH]nc(c1-c1ccc(OC)cc1)-c1cc(Cl)c(O)cc1O, CCNC(=O)c1[nH]nc(c1-c1ccc(OC)cc1)-c1cc(Cl)c(O)cc1O, CCNC(=O)c1[nH]nc(c1-c1ccc(OC)cc1)-c1cc(Cl)c(O)cc1O, CCNC(=O)c1[nH]nc(c1-c1ccc(OC)cc1)-c1cc(Cl)c(O)cc1O","HUNAOTXNHVALTN-UHFFFAOYSA-N, HUNAOTXNHVALTN-UHFFFAOYSA-N, HUNAOTXNHVALTN-UHFFFAOYSA-N, HUNAOTXNHVALTN-UHFFFAOYSA-N, HUNAOTXNHVALTN-UHFFFAOYSA-N",Preclinical
veralipride,dopamine receptor antagonist,,,,MedChemEx,97.67,"COc1cc(cc(C(=O)NC[C@@H]2CCCN2CC=C)c1OC)S(N)(=O)=O |&1:11,r|",RYJXBGGBZJGVQF-LBPRGKRZSA-N,Preclinical
verapamil,calcium channel blocker,"CACNA1A, CACNA1B, CACNA1C, CACNA1D, CACNA1F, CACNA1G, CACNA1I, CACNA1S, CACNB1, CACNB2, CACNB3, CACNB4, CYP3A4, KCNA10, KCNA7, KCNH2, KCNJ11, NALCN, SCN5A, SLC29A4, SLC6A4",cardiology,hypertension,"Selleck, MicroSource, MicroSource, MicroSource",97.04,"COc1ccc(CCN(C)CCCC(C#N)(C(C)C)c2ccc(OC)c(OC)c2)cc1OC |&1:13|, COc1ccc(CCN(C)CCCC(C#N)(C(C)C)c2ccc(OC)c(OC)c2)cc1OC |&1:13|, COc1ccc(CCN(C)CCCC(C#N)(C(C)C)c2ccc(OC)c(OC)c2)cc1OC |&1:13|, COc1ccc(CCN(C)CCCC(C#N)(C(C)C)c2ccc(OC)c(OC)c2)cc1OC |&1:13|","SGTNSNPWRIOYBX-UHFFFAOYSA-N, SGTNSNPWRIOYBX-UHFFFAOYSA-N, SGTNSNPWRIOYBX-UHFFFAOYSA-N, SGTNSNPWRIOYBX-UHFFFAOYSA-N",Launched
verbascoside,"NFkB pathway inhibitor, PKC inhibitor",,,,"MedChemEx, MedChemEx",79.95,"C[C@@H]1O[C@@H](O[C@@H]2[C@@H](O)[C@H](OCCc3ccc(O)c(O)c3)O[C@H](CO)[C@H]2OC(=O)\C=C\c2ccc(O)c(O)c2)[C@H](O)[C@H](O)[C@H]1O, C[C@@H]1O[C@@H](O[C@@H]2[C@@H](O)[C@H](OCCc3ccc(O)c(O)c3)O[C@H](CO)[C@H]2OC(=O)\C=C\c2ccc(O)c(O)c2)[C@H](O)[C@H](O)[C@H]1O","FBSKJMQYURKNSU-ZLSOWSIRSA-N, FBSKJMQYURKNSU-ZLSOWSIRSA-N",Phase 2/Phase 3
vercirnon,CC chemokine receptor antagonist,CCR9,,,"MedChemEx, MedChemEx",95.9,"CC(C)(C)c1ccc(cc1)S(=O)(=O)Nc1ccc(Cl)cc1C(=O)c1cc[n+]([O-])cc1, CC(C)(C)c1ccc(cc1)S(=O)(=O)Nc1ccc(Cl)cc1C(=O)c1cc[n+]([O-])cc1","JRWROCIMSDXGOZ-UHFFFAOYSA-N, JRWROCIMSDXGOZ-UHFFFAOYSA-N",Phase 3
verdinexor,exportin antagonist,,,,Adooq,95.01,FC(F)(F)c1cc(cc(c1)C(F)(F)F)-c1ncn(\C=C/C(=O)NNc2ccccn2)n1,OPAKEJZFFCECPN-XQRVVYSFSA-N,Preclinical
verdiperstat,myeloperoxidase inhibitor,,,,MedChemEx,91.59,CC(C)OCCn1c2cc[nH]c2c(=O)[nH]c1=S,FVJCUZCRPIMVLB-UHFFFAOYSA-N,Phase 3
vericiguat,guanylate cyclase stimulant,,,,MedChemEx,96.29,COC(=O)Nc1c(N)nc(nc1N)-c1nn(Cc2ccccc2F)c2ncc(F)cc12,QZFHIXARHDBPBY-UHFFFAOYSA-N,Phase 3
verinurad,urate transporter inhibitor,SLC22A12,,,MedChemEx,98.04,CC(C)(Sc1ccncc1-c1ccc(C#N)c2ccccc12)C(O)=O,YYBOLPLTQDKXPM-UHFFFAOYSA-N,Phase 2
vernakalant,potassium channel blocker,KCNA5,cardiology,atrial fibrillation (AF),"MedChemEx, MedChemEx, MedChemEx, MedChemEx",97.82,"COc1ccc(CCO[C@@H]2CCCC[C@H]2N2CC[C@@H](O)C2)cc1OC, COc1ccc(CCO[C@@H]2CCCC[C@H]2N2CC[C@@H](O)C2)cc1OC, COc1ccc(CCO[C@@H]2CCCC[C@H]2N2CC[C@@H](O)C2)cc1OC, COc1ccc(CCO[C@@H]2CCCC[C@H]2N2CC[C@@H](O)C2)cc1OC","VBHQKCBVWWUUKN-KZNAEPCWSA-N, VBHQKCBVWWUUKN-KZNAEPCWSA-N, VBHQKCBVWWUUKN-KZNAEPCWSA-N, VBHQKCBVWWUUKN-KZNAEPCWSA-N",Launched
verteporfin,photosensitizing agent,,ophthalmology,macular degeneration,"Tocris, Tocris, MedChemEx, Tocris, Selleck, Cayman, Selleck",69.27,"COC(=O)CCc1c(C)c2cc3[nH]c(cc4nc(cc5nc(cc1[nH]2)c(CCC(O)=O)c5C)c(C=C)c4C)C1=CC=C([C@@H](C(=O)OC)[C@@]31C)C(=O)OC |c:44,t:42|, COC(=O)CCc1c(C)c2cc3[nH]c(cc4nc(cc5nc(cc1[nH]2)c(CCC(O)=O)c5C)c(C=C)c4C)C1=CC=C([C@@H](C(=O)OC)[C@@]31C)C(=O)OC |c:44,t:42|, COC(=O)CCc1c(C)c2cc3[nH]c(cc4nc(cc5nc(cc1[nH]2)c(CCC(O)=O)c5C)c(C=C)c4C)C1=CC=C([C@@H](C(=O)OC)[C@@]31C)C(=O)OC |c:44,t:42|, COC(=O)CCc1c(C)c2cc3[nH]c(cc4nc(cc5nc(cc1[nH]2)c(CCC(O)=O)c5C)c(C=C)c4C)C1=CC=C([C@@H](C(=O)OC)[C@@]31C)C(=O)OC |c:44,t:42|, COC(=O)CCc1c(C)c2cc3[nH]c(cc4nc(cc5nc(cc1[nH]2)c(CCC(O)=O)c5C)c(C=C)c4C)C1=CC=C([C@@H](C(=O)OC)[C@@]31C)C(=O)OC |c:44,t:42|, COC(=O)CCc1c(C)c2cc3[nH]c(cc4nc(cc5nc(cc1[nH]2)c(CCC(O)=O)c5C)c(C=C)c4C)C1=CC=C([C@@H](C(=O)OC)[C@@]31C)C(=O)OC |c:44,t:42|, COC(=O)CCc1c(C)c2cc3[nH]c(cc4nc(cc5nc(cc1[nH]2)c(CCC(O)=O)c5C)c(C=C)c4C)C1=CC=C([C@@H](C(=O)OC)[C@@]31C)C(=O)OC |c:44,t:42|","VLGTZPSSBIXGAI-SUPIZNKRSA-N, VLGTZPSSBIXGAI-SUPIZNKRSA-N, VLGTZPSSBIXGAI-SUPIZNKRSA-N, VLGTZPSSBIXGAI-SUPIZNKRSA-N, VLGTZPSSBIXGAI-SUPIZNKRSA-N, VLGTZPSSBIXGAI-SUPIZNKRSA-N, VLGTZPSSBIXGAI-SUPIZNKRSA-N",Launched
verubecestat,beta secretase inhibitor,,,,MedChemEx,97.57,CN1C(N)=N[C@@](C)(CS1(=O)=O)c1cc(NC(=O)c2ccc(F)cn2)ccc1F |c:3|,YHYKUSGACIYRML-KRWDZBQOSA-N,Phase 3
verubulin,tubulin polymerization inhibitor,TUBB,,,"Key, Key, Key, Tocris",99.3,"COc1ccc(cc1)N(C)c1nc(C)nc2ccccc12, COc1ccc(cc1)N(C)c1nc(C)nc2ccccc12, COc1ccc(cc1)N(C)c1nc(C)nc2ccccc12, COc1ccc(cc1)N(C)c1nc(C)nc2ccccc12","SNHCRNMVYDHVDT-UHFFFAOYSA-N, SNHCRNMVYDHVDT-UHFFFAOYSA-N, SNHCRNMVYDHVDT-UHFFFAOYSA-N, SNHCRNMVYDHVDT-UHFFFAOYSA-N",Phase 2
verucerfont,corticotropin releasing factor receptor antagonist,,,,MedChemEx,99.36,CC[C@H](Nc1cc(C)nc2c(c(C)nn12)-c1ccc(OC)cc1C)c1nc(C)no1,VKHVAUKFLBBZFJ-SFHVURJKSA-N,Phase 2
vesamicol,acetylcholinesterase inhibitor,SLC18A3,,,"Tocris, Tocris, Tocris, Tocris, Tocris",97.14,"O[C@@H]1CCCC[C@H]1N1CCC(CC1)c1ccccc1, O[C@@H]1CCCC[C@H]1N1CCC(CC1)c1ccccc1, O[C@@H]1CCCC[C@H]1N1CCC(CC1)c1ccccc1, O[C@@H]1CCCC[C@H]1N1CCC(CC1)c1ccccc1, O[C@@H]1CCCC[C@H]1N1CCC(CC1)c1ccccc1","YSSBJODGIYRAMI-IAGOWNOFSA-N, YSSBJODGIYRAMI-IAGOWNOFSA-N, YSSBJODGIYRAMI-IAGOWNOFSA-N, YSSBJODGIYRAMI-IAGOWNOFSA-N, YSSBJODGIYRAMI-IAGOWNOFSA-N",Preclinical
vesnarinone,phosphodiesterase inhibitor,"KCNH2, PDE3A",cardiology,congestive heart failure,"MedChemEx, MedChemEx, MedChemEx",89.35,"COc1ccc(cc1OC)C(=O)N1CCN(CC1)c1ccc2NC(=O)CCc2c1, COc1ccc(cc1OC)C(=O)N1CCN(CC1)c1ccc2NC(=O)CCc2c1, COc1ccc(cc1OC)C(=O)N1CCN(CC1)c1ccc2NC(=O)CCc2c1","ZVNYJIZDIRKMBF-UHFFFAOYSA-N, ZVNYJIZDIRKMBF-UHFFFAOYSA-N, ZVNYJIZDIRKMBF-UHFFFAOYSA-N",Launched
VGX-1027,tumor necrosis factor receptor antagonist,TLR4,,,"MedChemEx, Selleck, Selleck",97.76,"OC(=O)C[C@H]1CC(=NO1)c1ccccc1 |&1:4,r,c:6|, OC(=O)C[C@H]1CC(=NO1)c1ccccc1 |&1:4,r,c:6|, OC(=O)C[C@H]1CC(=NO1)c1ccccc1 |&1:4,r,c:6|","MUFJHYRCIHHATF-SECBINFHSA-N, MUFJHYRCIHHATF-SECBINFHSA-N, MUFJHYRCIHHATF-SECBINFHSA-N",Phase 1
vicriviroc,CC chemokine receptor antagonist,CCR5,,,"MedChemEx, MedChemEx, MedChemEx",98.7,"COC[C@H](N1CCN(C[C@@H]1C)C1(C)CCN(CC1)C(=O)c1c(C)ncnc1C)c1ccc(cc1)C(F)(F)F, COC[C@H](N1CCN(C[C@@H]1C)C1(C)CCN(CC1)C(=O)c1c(C)ncnc1C)c1ccc(cc1)C(F)(F)F, COC[C@H](N1CCN(C[C@@H]1C)C1(C)CCN(CC1)C(=O)c1c(C)ncnc1C)c1ccc(cc1)C(F)(F)F","CNPVJJQCETWNEU-CYFREDJKSA-N, CNPVJJQCETWNEU-CYFREDJKSA-N, CNPVJJQCETWNEU-CYFREDJKSA-N",Phase 3
vidarabine,antiviral,ADA,infectious disease,"virus herpes simplex (HSV), varicella-zoster virus (VZV)","MicroSource, Selleck",98.16,"Nc1ncnc2n(cnc12)[C@@H]1O[C@H](CO)[C@@H](O)[C@@H]1O, Nc1ncnc2n(cnc12)[C@@H]1O[C@H](CO)[C@@H](O)[C@@H]1O","OIRDTQYFTABQOQ-UHTZMRCNSA-N, OIRDTQYFTABQOQ-UHTZMRCNSA-N",Launched
vigabatrin,GABA aminotransferase inhibitor,"ABAT, SLC32A1",neurology/psychiatry,"seizures, spasms","MicroSource, Tocris",0,"N[C@@H](CCC(O)=O)C=C |&1:1|, N[C@@H](CCC(O)=O)C=C |&1:1|","PJDFLNIOAUIZSL-RXMQYKEDSA-N, PJDFLNIOAUIZSL-RXMQYKEDSA-N",Launched
vilanterol,adrenergic receptor agonist,ADRB2,pulmonary,chronic obstructive pulmonary disease (COPD),,0,,,Launched
vilazodone,serotonin reuptake inhibitor,"DRD2, DRD3, HRH1, HTR1A, HTR4, SLC6A4",neurology/psychiatry,depression,"MicroSource, Tocris, Tocris, Selleck, Selleck",98.4,"NC(=O)c1cc2cc(ccc2o1)N1CCN(CCCCc2c[nH]c3ccc(cc23)C#N)CC1, NC(=O)c1cc2cc(ccc2o1)N1CCN(CCCCc2c[nH]c3ccc(cc23)C#N)CC1, NC(=O)c1cc2cc(ccc2o1)N1CCN(CCCCc2c[nH]c3ccc(cc23)C#N)CC1, NC(=O)c1cc2cc(ccc2o1)N1CCN(CCCCc2c[nH]c3ccc(cc23)C#N)CC1, NC(=O)c1cc2cc(ccc2o1)N1CCN(CCCCc2c[nH]c3ccc(cc23)C#N)CC1","SGEGOXDYSFKCPT-UHFFFAOYSA-N, SGEGOXDYSFKCPT-UHFFFAOYSA-N, SGEGOXDYSFKCPT-UHFFFAOYSA-N, SGEGOXDYSFKCPT-UHFFFAOYSA-N, SGEGOXDYSFKCPT-UHFFFAOYSA-N",Launched
vildagliptin,dipeptidyl peptidase inhibitor,DPP4,endocrinology,diabetes mellitus,MedChemEx,85.64,O[C@]12C[C@@H]3C[C@H](C1)C[C@@](C3)(C2)NCC(=O)N1CCC[C@H]1C#N,SYOKIDBDQMKNDQ-NHMCJKAESA-N,Launched
viloxazine,norepinephrine reuptake inhibitor,SLC6A2,neurology/psychiatry,depression,"ChemDiv, ChemDiv, Prestwick",98.75,"CCOc1ccccc1OC[C@H]1CNCCO1 |&1:11|, CCOc1ccccc1OC[C@H]1CNCCO1 |&1:11|, CCOc1ccccc1OC[C@H]1CNCCO1 |&1:11|","YWPHCCPCQOJSGZ-LLVKDONJSA-N, YWPHCCPCQOJSGZ-LLVKDONJSA-N, YWPHCCPCQOJSGZ-LLVKDONJSA-N",Launched
vinblastine,"microtubule inhibitor, tubulin polymerization inhibitor","JUN, TUBA1A, TUBB, TUBD1, TUBE1, TUBG1","hematologic malignancy, infectious disease, oncology","Hodgkin's lymphoma, true histiocytic lymphoma (THL), mycosis, small lymphocytic lymphoma (SLL), testicular carcinoma, Kaposi sarcoma","MedChemEx, MedChemEx, MedChemEx, MedChemEx, MicroSource, MicroSource, Selleck, Selleck, Selleck, Selleck, Tocris",96.33,"CC[C@]1(O)C[C@@H]2C[N@](C1)CCc1c([nH]c3ccccc13)[C@@](C2)(C(=O)OC)c1cc2c(cc1OC)N(C)[C@@H]1[C@]22CCN3CC=C[C@](CC)([C@@H]23)[C@@H](OC(C)=O)[C@]1(O)C(=O)OC |c:48|, CC[C@]1(O)C[C@@H]2C[N@](C1)CCc1c([nH]c3ccccc13)[C@@](C2)(C(=O)OC)c1cc2c(cc1OC)N(C)[C@@H]1[C@]22CCN3CC=C[C@](CC)([C@@H]23)[C@@H](OC(C)=O)[C@]1(O)C(=O)OC |c:48|, CC[C@]1(O)C[C@@H]2C[N@](C1)CCc1c([nH]c3ccccc13)[C@@](C2)(C(=O)OC)c1cc2c(cc1OC)N(C)[C@@H]1[C@]22CCN3CC=C[C@](CC)([C@@H]23)[C@@H](OC(C)=O)[C@]1(O)C(=O)OC |c:48|, CC[C@]1(O)C[C@@H]2C[N@](C1)CCc1c([nH]c3ccccc13)[C@@](C2)(C(=O)OC)c1cc2c(cc1OC)N(C)[C@@H]1[C@]22CCN3CC=C[C@](CC)([C@@H]23)[C@@H](OC(C)=O)[C@]1(O)C(=O)OC |c:48|, CC[C@]1(O)C[C@@H]2C[N@](C1)CCc1c([nH]c3ccccc13)[C@@](C2)(C(=O)OC)c1cc2c(cc1OC)N(C)[C@@H]1[C@]22CCN3CC=C[C@](CC)([C@@H]23)[C@@H](OC(C)=O)[C@]1(O)C(=O)OC |c:48|, CC[C@]1(O)C[C@@H]2C[N@](C1)CCc1c([nH]c3ccccc13)[C@@](C2)(C(=O)OC)c1cc2c(cc1OC)N(C)[C@@H]1[C@]22CCN3CC=C[C@](CC)([C@@H]23)[C@@H](OC(C)=O)[C@]1(O)C(=O)OC |c:48|, CC[C@]1(O)C[C@@H]2C[N@](C1)CCc1c([nH]c3ccccc13)[C@@](C2)(C(=O)OC)c1cc2c(cc1OC)N(C)[C@@H]1[C@]22CCN3CC=C[C@](CC)([C@@H]23)[C@@H](OC(C)=O)[C@]1(O)C(=O)OC |c:48|, CC[C@]1(O)C[C@@H]2C[N@](C1)CCc1c([nH]c3ccccc13)[C@@](C2)(C(=O)OC)c1cc2c(cc1OC)N(C)[C@@H]1[C@]22CCN3CC=C[C@](CC)([C@@H]23)[C@@H](OC(C)=O)[C@]1(O)C(=O)OC |c:48|, CC[C@]1(O)C[C@@H]2C[N@](C1)CCc1c([nH]c3ccccc13)[C@@](C2)(C(=O)OC)c1cc2c(cc1OC)N(C)[C@@H]1[C@]22CCN3CC=C[C@](CC)([C@@H]23)[C@@H](OC(C)=O)[C@]1(O)C(=O)OC |c:48|, CC[C@]1(O)C[C@@H]2C[N@](C1)CCc1c([nH]c3ccccc13)[C@@](C2)(C(=O)OC)c1cc2c(cc1OC)N(C)[C@@H]1[C@]22CCN3CC=C[C@](CC)([C@@H]23)[C@@H](OC(C)=O)[C@]1(O)C(=O)OC |c:48|, CC[C@]1(O)C[C@@H]2C[N@](C1)CCc1c([nH]c3ccccc13)[C@@](C2)(C(=O)OC)c1cc2c(cc1OC)N(C)[C@@H]1[C@]22CCN3CC=C[C@](CC)([C@@H]23)[C@@H](OC(C)=O)[C@]1(O)C(=O)OC |c:48|","JXLYSJRDGCGARV-CFWMRBGOSA-N, JXLYSJRDGCGARV-CFWMRBGOSA-N, JXLYSJRDGCGARV-CFWMRBGOSA-N, JXLYSJRDGCGARV-CFWMRBGOSA-N, JXLYSJRDGCGARV-CFWMRBGOSA-N, JXLYSJRDGCGARV-CFWMRBGOSA-N, JXLYSJRDGCGARV-CFWMRBGOSA-N, JXLYSJRDGCGARV-CFWMRBGOSA-N, JXLYSJRDGCGARV-CFWMRBGOSA-N, JXLYSJRDGCGARV-CFWMRBGOSA-N, JXLYSJRDGCGARV-CFWMRBGOSA-N",Launched
vinburnine,adrenergic receptor antagonist,"CHRM1, CHRM2, CHRM3, CHRM4",neurology/psychiatry,stroke,"Enzo, MedChemEx",98.61,"CC[C@@]12CCCN3CCc4c([C@H]13)n(C(=O)C2)c1ccccc41, CC[C@@]12CCCN3CCc4c([C@H]13)n(C(=O)C2)c1ccccc41","WYJAPUKIYAZSEM-MOPGFXCFSA-N, WYJAPUKIYAZSEM-MOPGFXCFSA-N",Launched
vincamine,adrenergic receptor antagonist,"CHRM1, CHRM2, CHRM3, CHRM4",,,MedChemEx,99.37,CC[C@@]12CCCN3CCc4c([C@H]13)n(c1ccccc41)[C@](O)(C2)C(=O)OC,RXPRRQLKFXBCSJ-GIVPXCGWSA-N,Withdrawn
vincristine,tubulin polymerization inhibitor,"TUBA4A, TUBB",hematologic malignancy,acute lymphoblastic leukemia (ALL),"MicroSource, MedChemEx, Selleck, MedChemEx, MedChemEx, Tocris, Selleck",90.52,"CC[C@]1(O)C[C@@H]2C[N@](C1)CCc1c([nH]c3ccccc13)[C@@](C2)(C(=O)OC)c1cc2c(cc1OC)N(C=O)[C@@H]1[C@]22CCN3CC=C[C@](CC)([C@@H]23)[C@@H](OC(C)=O)[C@]1(O)C(=O)OC |c:49|, CC[C@]1(O)C[C@@H]2C[N@](C1)CCc1c([nH]c3ccccc13)[C@@](C2)(C(=O)OC)c1cc2c(cc1OC)N(C=O)[C@@H]1[C@]22CCN3CC=C[C@](CC)([C@@H]23)[C@@H](OC(C)=O)[C@]1(O)C(=O)OC |c:49|, CC[C@]1(O)C[C@@H]2C[N@](C1)CCc1c([nH]c3ccccc13)[C@@](C2)(C(=O)OC)c1cc2c(cc1OC)N(C=O)[C@@H]1[C@]22CCN3CC=C[C@](CC)([C@@H]23)[C@@H](OC(C)=O)[C@]1(O)C(=O)OC |c:49|, CC[C@]1(O)C[C@@H]2C[N@](C1)CCc1c([nH]c3ccccc13)[C@@](C2)(C(=O)OC)c1cc2c(cc1OC)N(C=O)[C@@H]1[C@]22CCN3CC=C[C@](CC)([C@@H]23)[C@@H](OC(C)=O)[C@]1(O)C(=O)OC |c:49|, CC[C@]1(O)C[C@@H]2C[N@](C1)CCc1c([nH]c3ccccc13)[C@@](C2)(C(=O)OC)c1cc2c(cc1OC)N(C=O)[C@@H]1[C@]22CCN3CC=C[C@](CC)([C@@H]23)[C@@H](OC(C)=O)[C@]1(O)C(=O)OC |c:49|, CC[C@]1(O)C[C@@H]2C[N@](C1)CCc1c([nH]c3ccccc13)[C@@](C2)(C(=O)OC)c1cc2c(cc1OC)N(C=O)[C@@H]1[C@]22CCN3CC=C[C@](CC)([C@@H]23)[C@@H](OC(C)=O)[C@]1(O)C(=O)OC |c:49|, CC[C@]1(O)C[C@@H]2C[N@](C1)CCc1c([nH]c3ccccc13)[C@@](C2)(C(=O)OC)c1cc2c(cc1OC)N(C=O)[C@@H]1[C@]22CCN3CC=C[C@](CC)([C@@H]23)[C@@H](OC(C)=O)[C@]1(O)C(=O)OC |c:49|","OGWKCGZFUXNPDA-CFWMRBGOSA-N, OGWKCGZFUXNPDA-CFWMRBGOSA-N, OGWKCGZFUXNPDA-CFWMRBGOSA-N, OGWKCGZFUXNPDA-CFWMRBGOSA-N, OGWKCGZFUXNPDA-CFWMRBGOSA-N, OGWKCGZFUXNPDA-CFWMRBGOSA-N, OGWKCGZFUXNPDA-CFWMRBGOSA-N",Launched
vindesine,tubulin polymerization inhibitor,"TUBB, TUBB1",oncology,"breast cancer, non-small cell lung cancer (NSCLC), melanoma","AvaChem, AvaChem, AvaChem, AvaChem",78.54,"CC[C@]1(O)C[C@H]2CN(C1)CCc1c([nH]c3ccccc13)[C@@](C2)(C(=O)OC)c1cc2c(cc1OC)N(C)[C@@H]1[C@]22CCN3CC=C[C@](CC)([C@@H]23)[C@@H](O)[C@]1(O)C(N)=O |c:48|, CC[C@]1(O)C[C@H]2CN(C1)CCc1c([nH]c3ccccc13)[C@@](C2)(C(=O)OC)c1cc2c(cc1OC)N(C)[C@@H]1[C@]22CCN3CC=C[C@](CC)([C@@H]23)[C@@H](O)[C@]1(O)C(N)=O |c:48|, CC[C@]1(O)C[C@H]2CN(C1)CCc1c([nH]c3ccccc13)[C@@](C2)(C(=O)OC)c1cc2c(cc1OC)N(C)[C@@H]1[C@]22CCN3CC=C[C@](CC)([C@@H]23)[C@@H](O)[C@]1(O)C(N)=O |c:48|, CC[C@]1(O)C[C@H]2CN(C1)CCc1c([nH]c3ccccc13)[C@@](C2)(C(=O)OC)c1cc2c(cc1OC)N(C)[C@@H]1[C@]22CCN3CC=C[C@](CC)([C@@H]23)[C@@H](O)[C@]1(O)C(N)=O |c:48|","HHJUWIANJFBDHT-KOTLKJBCSA-N, HHJUWIANJFBDHT-KOTLKJBCSA-N, HHJUWIANJFBDHT-KOTLKJBCSA-N, HHJUWIANJFBDHT-KOTLKJBCSA-N",Launched
vinflunine,microtubule inhibitor,,oncology,bladder cancer,"Selleck, Selleck, AvaChem, AvaChem",95.66,"CC[C@@]12C=CCN3CC[C@@]4([C@H]13)[C@@H](N(C)c1cc(OC)c(cc41)[C@]1(C[C@@H]3C[C@H](C[N@@](C3)CCc3c1[nH]c1ccccc31)C(C)(F)F)C(=O)OC)[C@](O)([C@@H]2OC(C)=O)C(=O)OC |c:3|, CC[C@@]12C=CCN3CC[C@@]4([C@H]13)[C@@H](N(C)c1cc(OC)c(cc41)[C@]1(C[C@@H]3C[C@H](C[N@@](C3)CCc3c1[nH]c1ccccc31)C(C)(F)F)C(=O)OC)[C@](O)([C@@H]2OC(C)=O)C(=O)OC |c:3|, CC[C@@]12C=CCN3CC[C@@]4([C@H]13)[C@@H](N(C)c1cc(OC)c(cc41)[C@]1(C[C@@H]3C[C@H](C[N@@](C3)CCc3c1[nH]c1ccccc31)C(C)(F)F)C(=O)OC)[C@](O)([C@@H]2OC(C)=O)C(=O)OC |c:3|, CC[C@@]12C=CCN3CC[C@@]4([C@H]13)[C@@H](N(C)c1cc(OC)c(cc41)[C@]1(C[C@@H]3C[C@H](C[N@@](C3)CCc3c1[nH]c1ccccc31)C(C)(F)F)C(=O)OC)[C@](O)([C@@H]2OC(C)=O)C(=O)OC |c:3|","NOSAJPUYIASWEH-USRBKURZSA-N, NOSAJPUYIASWEH-USRBKURZSA-N, NOSAJPUYIASWEH-USRBKURZSA-N, NOSAJPUYIASWEH-USRBKURZSA-N",Launched
vinorelbine,tubulin polymerization inhibitor,"TUBA1A, TUBA1B, TUBA1C, TUBA3C, TUBA3D, TUBA3E, TUBA4A, TUBB, TUBB1, TUBB2A, TUBB2B, TUBB3, TUBB4A, TUBB4B, TUBB6, TUBB8",oncology,non-small cell lung cancer (NSCLC),"MedChemEx, MedChemEx",27.23,"CCC1=C[C@@H]2C[N@](C1)Cc1c([nH]c3ccccc13)[C@@](C2)(C(=O)OC)c1cc2c(cc1OC)N(C)[C@@H]1[C@]22CCN3CC=C[C@](CC)([C@@H]23)[C@@H](OC(C)=O)[C@]1(O)C(=O)OC |c:46,t:2|, CCC1=C[C@@H]2C[N@](C1)Cc1c([nH]c3ccccc13)[C@@](C2)(C(=O)OC)c1cc2c(cc1OC)N(C)[C@@H]1[C@]22CCN3CC=C[C@](CC)([C@@H]23)[C@@H](OC(C)=O)[C@]1(O)C(=O)OC |c:46,t:2|","GBABOYUKABKIAF-IELIFDKJSA-N, GBABOYUKABKIAF-IELIFDKJSA-N",Launched
vinpocetine,"phosphodiesterase inhibitor, sodium channel blocker","PDE1A, PDE1C",neurology/psychiatry,"stroke, senile dementia","MicroSource, Tocris, Tocris, Tocris, Selleck",98.68,"CCOC(=O)C1=C[C@]2(CC)CCCN3CCc4c([C@H]23)n1c1ccccc41 |t:5|, CCOC(=O)C1=C[C@]2(CC)CCCN3CCc4c([C@H]23)n1c1ccccc41 |t:5|, CCOC(=O)C1=C[C@]2(CC)CCCN3CCc4c([C@H]23)n1c1ccccc41 |t:5|, CCOC(=O)C1=C[C@]2(CC)CCCN3CCc4c([C@H]23)n1c1ccccc41 |t:5|, CCOC(=O)C1=C[C@]2(CC)CCCN3CCc4c([C@H]23)n1c1ccccc41 |t:5|","DDNCQMVWWZOMLN-IRLDBZIGSA-N, DDNCQMVWWZOMLN-IRLDBZIGSA-N, DDNCQMVWWZOMLN-IRLDBZIGSA-N, DDNCQMVWWZOMLN-IRLDBZIGSA-N, DDNCQMVWWZOMLN-IRLDBZIGSA-N",Launched
viomycin,protein synthesis inhibitor,,infectious disease,tuberculosis,Prestwick,39.8,"NCCC[C@H](N)CC(=O)N[C@H]1CNC(=O)[C@@H](NC(=O)C(NC(=O)[C@H](CO)NC(=O)[C@H](CO)NC1=O)C=NC(N)=O)[C@H]1C[C@H](O)N=C(N)N1 |a:4,10,15,23,29,42,&1:40,&2:35,w:35.35,t:45|",NSWGELWYFNCPHU-RWOORDGESA-N,Launched
vipadenant,adenosine receptor antagonist,"ADORA1, ADORA2A, ADORA2B, ADORA3",,,"MedChemEx, MedChemEx, MedChemEx, MedChemEx",94.33,"Cc1cc(Cn2nnc3c(nc(N)nc23)-c2ccco2)ccc1N, Cc1cc(Cn2nnc3c(nc(N)nc23)-c2ccco2)ccc1N, Cc1cc(Cn2nnc3c(nc(N)nc23)-c2ccco2)ccc1N, Cc1cc(Cn2nnc3c(nc(N)nc23)-c2ccco2)ccc1N","HQSBCDPYXDGTCL-UHFFFAOYSA-N, HQSBCDPYXDGTCL-UHFFFAOYSA-N, HQSBCDPYXDGTCL-UHFFFAOYSA-N, HQSBCDPYXDGTCL-UHFFFAOYSA-N",Phase 1
vismodegib,"hedgehog pathway inhibitor, smoothened receptor antagonist",SMO,oncology,basal cell carcinoma (BCC),"Selleck, Selleck, Selleck, Broad Institute",98.12,"CS(=O)(=O)c1ccc(C(=O)Nc2ccc(Cl)c(c2)-c2ccccn2)c(Cl)c1, CS(=O)(=O)c1ccc(C(=O)Nc2ccc(Cl)c(c2)-c2ccccn2)c(Cl)c1, CS(=O)(=O)c1ccc(C(=O)Nc2ccc(Cl)c(c2)-c2ccccn2)c(Cl)c1, CS(=O)(=O)c1ccc(C(=O)Nc2ccc(Cl)c(c2)-c2ccccn2)c(Cl)c1","BPQMGSKTAYIVFO-UHFFFAOYSA-N, BPQMGSKTAYIVFO-UHFFFAOYSA-N, BPQMGSKTAYIVFO-UHFFFAOYSA-N, InChI=1S/C19H14Cl2N2O3S/c1-27(25,26)13-6-7-14(17(21)11-13)19(24)23-12-5-8-16(20)15(10-12)18-4-2-3-9-22-18/h2-11H,1H3,(H,23,24)",Launched
visomitin,antioxidant,,,,"MedChemEx, MedChemEx",71.8,"CC1=C(C)C(=O)C(CCCCCCCCCC[P+](c2ccccc2)(c2ccccc2)c2ccccc2)=CC1=O |c:1,38|, CC1=C(C)C(=O)C(CCCCCCCCCC[P+](c2ccccc2)(c2ccccc2)c2ccccc2)=CC1=O |c:1,38|","ZFUDULLGKXSPPH-UHFFFAOYSA-N, ZFUDULLGKXSPPH-UHFFFAOYSA-N",Preclinical
vitamin-B12,,,hematology,megaloblastic anemia,MedChemEx,95.98,"C[C@H](CNC(=O)CC[C@]1(C)[C@@H](CC(N)=O)[C@H]2N=C1\C(C)=C1/N=C(/C=C3\N=C(\C(\C)=C4\[C@@H](CCC(N)=O)[C@](C)(CC(N)=O)[C@@]2(C)N4[Co+]C#N)[C@@](C)(CC(N)=O)[C@@H]3CCC(N)=O)C(C)(C)[C@@H]1CCC(N)=O)OP(O)(=O)O[C@@H]1[C@@H](CO)O[C@@H]([C@@H]1O)n1cnc2cc(C)c(C)cc12 |c:16,20,24,t:22,26,29|",RMRCNWBMXRMIRW-WZHZPDAFSA-M,Launched
vitamin-E,"LDL oxidation inhibitor, PKC inhibitor","ALOX5, DGKA, NR1I2, PPP2CA, PPP2CB, PRKCA, PRKCB, SEC14L2, SEC14L3, SEC14L4",,,CombiBlocks,0,CC(C)CCC[C@@H](C)CCC[C@@H](C)CCC[C@]1(C)CCc2c(C)c(O)c(C)c(C)c2O1,GVJHHUAWPYXKBD-IEOSBIPESA-N,Launched
vixotrigine,sodium channel blocker,,,,MedChemEx,86.82,NC(=O)[C@@H]1CC[C@@H](N1)c1ccc(OCc2ccccc2F)cc1,JESCETIFNOFKEU-SJORKVTESA-N,Phase 2
VLX1570,deubiquitinase inhibitor,,,,MedChemEx,93.32,[O-][N+](=O)c1cc(\C=C2/CCN(C\C(=C/c3ccc(F)c(c3)[N+]([O-])=O)C2=O)C(=O)C=C)ccc1F,SCKXBVLYWLLALY-CZCYGEDCSA-N,Phase 1/Phase 2
VLX600,"antitumor agent, ubiquitin C-terminal hydrolase inhibitor","TP53, USP14",,,"Enamine, Enamine, ChemDiv, ChemDiv, ChemDiv, ChemDiv",87.51,"CC(=NNc1nnc2c(n1)[nH]c1c(C)cccc21)c1ccccn1, CC(=NNc1nnc2c(n1)[nH]c1c(C)cccc21)c1ccccn1, C\C(=N\Nc1nnc2c(n1)[nH]c1c(C)cccc21)c1ccccn1, C\C(=N\Nc1nnc2c(n1)[nH]c1c(C)cccc21)c1ccccn1, C\C(=N\Nc1nnc2c(n1)[nH]c1c(C)cccc21)c1ccccn1, C\C(=N\Nc1nnc2c(n1)[nH]c1c(C)cccc21)c1ccccn1","UQOSBPRTQFFUOA-UHFFFAOYSA-N, UQOSBPRTQFFUOA-UHFFFAOYSA-N, UQOSBPRTQFFUOA-NHDPSOOVSA-N, UQOSBPRTQFFUOA-NHDPSOOVSA-N, UQOSBPRTQFFUOA-NHDPSOOVSA-N, UQOSBPRTQFFUOA-NHDPSOOVSA-N",Phase 1
VL285,PROTAC,,,,MedChemEx,95.21,CC(C)[C@H](N1Cc2ccccc2C1=O)C(=O)N1C[C@H](O)C[C@H]1C(=O)NCc1ccc(cc1)-c1scnc1C,HEDFFPYRFJKXQP-VJTSUQJLSA-N,Preclinical
voclosporin,calcineurin inhibitor,,,,MedChemEx,92.03,[H][C@@]1(CC(C)C)N(C)C(=O)[C@@H](C)NC(=O)[C@H](C)NC(=O)[C@H](CC(C)C)N(C)C(=O)[C@@]([H])(NC(=O)[C@H](CC(C)C)N(C)C(=O)CN(C)C(=O)[C@H](CC)NC(=O)[C@]([H])([C@H](O)[C@H](C)C\C=C\C=C)N(C)C(=O)[C@]([H])(C(C)C)N(C)C(=O)[C@H](CC(C)C)N(C)C1=O)C(C)C,BICRTLVBTLFLRD-PTWUADNWSA-N,Phase 3
voglibose,glucosidase inhibitor,MGAM,endocrinology,"diabetes mellitus, hyperglycemia","Tocris, Tocris, Selleck",100,"OCC(CO)N[C@H]1C[C@](O)(CO)[C@@H](O)[C@H](O)[C@H]1O, OCC(CO)N[C@H]1C[C@](O)(CO)[C@@H](O)[C@H](O)[C@H]1O, OCC(CO)N[C@H]1C[C@](O)(CO)[C@@H](O)[C@H](O)[C@H]1O","FZNCGRZWXLXZSZ-CIQUZCHMSA-N, FZNCGRZWXLXZSZ-CIQUZCHMSA-N, FZNCGRZWXLXZSZ-CIQUZCHMSA-N",Launched
volasertib,PLK inhibitor,PLK1,,,"MedChemEx, Selleck, Selleck, Selleck, Selleck, Focus, Focus, Focus",96.17,"CC[C@H]1N(C(C)C)c2nc(Nc3ccc(cc3OC)C(=O)N[C@H]3CC[C@@H](CC3)N3CCN(CC4CC4)CC3)ncc2N(C)C1=O, CC[C@H]1N(C(C)C)c2nc(Nc3ccc(cc3OC)C(=O)N[C@H]3CC[C@@H](CC3)N3CCN(CC4CC4)CC3)ncc2N(C)C1=O, CC[C@H]1N(C(C)C)c2nc(Nc3ccc(cc3OC)C(=O)N[C@H]3CC[C@@H](CC3)N3CCN(CC4CC4)CC3)ncc2N(C)C1=O, CC[C@H]1N(C(C)C)c2nc(Nc3ccc(cc3OC)C(=O)N[C@H]3CC[C@@H](CC3)N3CCN(CC4CC4)CC3)ncc2N(C)C1=O, CC[C@H]1N(C(C)C)c2nc(Nc3ccc(cc3OC)C(=O)N[C@H]3CC[C@@H](CC3)N3CCN(CC4CC4)CC3)ncc2N(C)C1=O, CC[C@H]1N(C(C)C)c2nc(Nc3ccc(cc3OC)C(=O)N[C@H]3CC[C@@H](CC3)N3CCN(CC4CC4)CC3)ncc2N(C)C1=O, CC[C@H]1N(C(C)C)c2nc(Nc3ccc(cc3OC)C(=O)N[C@H]3CC[C@@H](CC3)N3CCN(CC4CC4)CC3)ncc2N(C)C1=O, CC[C@H]1N(C(C)C)c2nc(Nc3ccc(cc3OC)C(=O)N[C@H]3CC[C@@H](CC3)N3CCN(CC4CC4)CC3)ncc2N(C)C1=O","SXNJFOWDRLKDSF-STROYTFGSA-N, SXNJFOWDRLKDSF-STROYTFGSA-N, SXNJFOWDRLKDSF-STROYTFGSA-N, SXNJFOWDRLKDSF-STROYTFGSA-N, SXNJFOWDRLKDSF-STROYTFGSA-N, InChI=1S/C34H50N8O3/c1-6-28-33(44)39(4)29-20-35-34(38-31(29)42(28)22(2)3)37-27-14-9-24(19-30(27)45-5)32(43)36-25-10-12-26(13-11-25)41-17-15-40(16-18-41)21-23-7-8-23/h9,14,19-20,22-23,25-26,28H,6-8,10-13,15-18,21H2,1-5H3,(H,36,43)(H,35,37,38)/t25-,26-,28-/m1/s1, InChI=1S/C34H50N8O3/c1-6-28-33(44)39(4)29-20-35-34(38-31(29)42(28)22(2)3)37-27-14-9-24(19-30(27)45-5)32(43)36-25-10-12-26(13-11-25)41-17-15-40(16-18-41)21-23-7-8-23/h9,14,19-20,22-23,25-26,28H,6-8,10-13,15-18,21H2,1-5H3,(H,36,43)(H,35,37,38)/t25-,26-,28-/m1/s1, InChI=1S/C34H50N8O3/c1-6-28-33(44)39(4)29-20-35-34(38-31(29)42(28)22(2)3)37-27-14-9-24(19-30(27)45-5)32(43)36-25-10-12-26(13-11-25)41-17-15-40(16-18-41)21-23-7-8-23/h9,14,19-20,22-23,25-26,28H,6-8,10-13,15-18,21H2,1-5H3,(H,36,43)(H,35,37,38)/t25-,26-,28-/m1/s1",Phase 3
volinanserin,serotonin receptor antagonist,"HTR2A, HTR2B, HTR2C, KCNH2",,,"Tocris, Cayman",98.59,"COc1cccc([C@H](O)C2CCN(CCc3ccc(F)cc3)CC2)c1OC, COc1cccc([C@H](O)C2CCN(CCc3ccc(F)cc3)CC2)c1OC","HXTGXYRHXAGCFP-OAQYLSRUSA-N, HXTGXYRHXAGCFP-OAQYLSRUSA-N",Phase 3
vonoprazan,potassium-competitive acid antagonist,ATP4A,gastroenterology,peptic ulcer disease (PUD),"MedChemEx, Selleck, Selleck, Selleck, Selleck",88.52,"CNCc1cc(-c2ccccc2F)n(c1)S(=O)(=O)c1cccnc1, CNCc1cc(-c2ccccc2F)n(c1)S(=O)(=O)c1cccnc1, CNCc1cc(-c2ccccc2F)n(c1)S(=O)(=O)c1cccnc1, CNCc1cc(-c2ccccc2F)n(c1)S(=O)(=O)c1cccnc1, CNCc1cc(-c2ccccc2F)n(c1)S(=O)(=O)c1cccnc1","BFDBKMOZYNOTPK-UHFFFAOYSA-N, BFDBKMOZYNOTPK-UHFFFAOYSA-N, BFDBKMOZYNOTPK-UHFFFAOYSA-N, BFDBKMOZYNOTPK-UHFFFAOYSA-N, BFDBKMOZYNOTPK-UHFFFAOYSA-N",Launched
vorapaxar,thrombin inhibitor,F2R,cardiology,"myocardial infarction, peripheral artery disease (PAD)","Adooq, Adooq, Adooq, Adooq",98.32,"CCOC(=O)N[C@@H]1CC[C@@H]2[C@H](C[C@@H]3[C@@H]([C@@H](C)OC3=O)[C@H]2\C=C\c2ccc(cn2)-c2cccc(F)c2)C1, CCOC(=O)N[C@@H]1CC[C@@H]2[C@H](C[C@@H]3[C@@H]([C@@H](C)OC3=O)[C@H]2\C=C\c2ccc(cn2)-c2cccc(F)c2)C1, CCOC(=O)N[C@@H]1CC[C@@H]2[C@H](C[C@@H]3[C@@H]([C@@H](C)OC3=O)[C@H]2\C=C\c2ccc(cn2)-c2cccc(F)c2)C1, CCOC(=O)N[C@@H]1CC[C@@H]2[C@H](C[C@@H]3[C@@H]([C@@H](C)OC3=O)[C@H]2\C=C\c2ccc(cn2)-c2cccc(F)c2)C1","ZBGXUVOIWDMMJE-QHNZEKIYSA-N, ZBGXUVOIWDMMJE-QHNZEKIYSA-N, ZBGXUVOIWDMMJE-QHNZEKIYSA-N, ZBGXUVOIWDMMJE-QHNZEKIYSA-N",Launched
vorasidenib,isocitrate dehydrogenase inhibitor,,,,MedChemEx,97.5,C[C@@H](Nc1nc(N[C@H](C)C(F)(F)F)nc(n1)-c1cccc(Cl)n1)C(F)(F)F,QCZAWDGAVJMPTA-RNFRBKRXSA-N,Preclinical
voreloxin,topoisomerase inhibitor,TOP2A,,,"MedChemEx, MedChemEx, MedChemEx",97.57,"CN[C@H]1CN(C[C@@H]1OC)c1ccc2c(n1)n(cc(C(O)=O)c2=O)-c1nccs1, CN[C@H]1CN(C[C@@H]1OC)c1ccc2c(n1)n(cc(C(O)=O)c2=O)-c1nccs1, CN[C@H]1CN(C[C@@H]1OC)c1ccc2c(n1)n(cc(C(O)=O)c2=O)-c1nccs1","XZAFZXJXZHRNAQ-STQMWFEESA-N, XZAFZXJXZHRNAQ-STQMWFEESA-N, XZAFZXJXZHRNAQ-STQMWFEESA-N",Phase 3
voriconazole,cytochrome P450 inhibitor,"CYP2C19, CYP2C9, CYP3A4, CYP3A5, PTGS1",infectious disease,"esophageal candidiasis, aspergillosis, skin infections","MicroSource, MicroSource, Selleck, Tocris, Selleck",99.42,"C[C@@H](c1ncncc1F)[C@](O)(Cn1cncn1)c1ccc(F)cc1F, C[C@@H](c1ncncc1F)[C@](O)(Cn1cncn1)c1ccc(F)cc1F, C[C@@H](c1ncncc1F)[C@](O)(Cn1cncn1)c1ccc(F)cc1F, C[C@@H](c1ncncc1F)[C@](O)(Cn1cncn1)c1ccc(F)cc1F, C[C@@H](c1ncncc1F)[C@](O)(Cn1cncn1)c1ccc(F)cc1F","BCEHBSKCWLPMDN-MGPLVRAMSA-N, BCEHBSKCWLPMDN-MGPLVRAMSA-N, BCEHBSKCWLPMDN-MGPLVRAMSA-N, BCEHBSKCWLPMDN-MGPLVRAMSA-N, BCEHBSKCWLPMDN-MGPLVRAMSA-N",Launched
vorinostat,HDAC inhibitor,"HDAC1, HDAC10, HDAC11, HDAC2, HDAC3, HDAC5, HDAC6, HDAC8, HDAC9",hematologic malignancy,cutaneous T-cell lymphoma (CTCL),"Tocris, Tocris, Tocris, Tocris, Selleck, Selleck, Selleck, Selleck, Selleck, Selleck, Selleck, Selleck, Selleck, Selleck, Selleck",99.7,"ONC(=O)CCCCCCC(=O)Nc1ccccc1, ONC(=O)CCCCCCC(=O)Nc1ccccc1, ONC(=O)CCCCCCC(=O)Nc1ccccc1, ONC(=O)CCCCCCC(=O)Nc1ccccc1, ONC(=O)CCCCCCC(=O)Nc1ccccc1, ONC(=O)CCCCCCC(=O)Nc1ccccc1, ONC(=O)CCCCCCC(=O)Nc1ccccc1, ONC(=O)CCCCCCC(=O)Nc1ccccc1, ONC(=O)CCCCCCC(=O)Nc1ccccc1, ONC(=O)CCCCCCC(=O)Nc1ccccc1, ONC(=O)CCCCCCC(=O)Nc1ccccc1, ONC(=O)CCCCCCC(=O)Nc1ccccc1, ONC(=O)CCCCCCC(=O)Nc1ccccc1, ONC(=O)CCCCCCC(=O)Nc1ccccc1, ONC(=O)CCCCCCC(=O)Nc1ccccc1","WAEXFXRVDQXREF-UHFFFAOYSA-N, WAEXFXRVDQXREF-UHFFFAOYSA-N, WAEXFXRVDQXREF-UHFFFAOYSA-N, WAEXFXRVDQXREF-UHFFFAOYSA-N, WAEXFXRVDQXREF-UHFFFAOYSA-N, WAEXFXRVDQXREF-UHFFFAOYSA-N, WAEXFXRVDQXREF-UHFFFAOYSA-N, WAEXFXRVDQXREF-UHFFFAOYSA-N, WAEXFXRVDQXREF-UHFFFAOYSA-N, WAEXFXRVDQXREF-UHFFFAOYSA-N, WAEXFXRVDQXREF-UHFFFAOYSA-N, WAEXFXRVDQXREF-UHFFFAOYSA-N, WAEXFXRVDQXREF-UHFFFAOYSA-N, WAEXFXRVDQXREF-UHFFFAOYSA-N, WAEXFXRVDQXREF-UHFFFAOYSA-N",Launched
vortioxetine,"serotonin receptor agonist, serotonin receptor antagonist","HTR1A, HTR1B, HTR2A, HTR2C, HTR3A, HTR5A, HTR6, HTR7, SLC6A4",neurology/psychiatry,depression,"MicroSource, Selleck, Selleck, Selleck, MedChemEx",95.12,"Cc1ccc(Sc2ccccc2N2CCNCC2)c(C)c1, Cc1ccc(Sc2ccccc2N2CCNCC2)c(C)c1, Cc1ccc(Sc2ccccc2N2CCNCC2)c(C)c1, Cc1ccc(Sc2ccccc2N2CCNCC2)c(C)c1, Cc1ccc(Sc2ccccc2N2CCNCC2)c(C)c1","YQNWZWMKLDQSAC-UHFFFAOYSA-N, YQNWZWMKLDQSAC-UHFFFAOYSA-N, YQNWZWMKLDQSAC-UHFFFAOYSA-N, YQNWZWMKLDQSAC-UHFFFAOYSA-N, YQNWZWMKLDQSAC-UHFFFAOYSA-N",Launched
voruciclib,CDK9 inhibitor,,,,Astatech,97.7,CN1CC[C@H]([C@@H]1CO)c1c(O)cc(O)c2c1oc(cc2=O)-c1ccc(cc1Cl)C(F)(F)F,MRPGRAKIAJJGMM-OCCSQVGLSA-N,Phase 1
voxelotor,hemoglobin modulator,,,,"MedChemEx, MedChemEx",96.07,"CC(C)n1nccc1-c1ncccc1COc1cccc(O)c1C=O, CC(C)n1nccc1-c1ncccc1COc1cccc(O)c1C=O","FWCVZAQENIZVMY-UHFFFAOYSA-N, FWCVZAQENIZVMY-UHFFFAOYSA-N",Launched
voxtalisib,"mTOR inhibitor, PI3K inhibitor","MTOR, PIK3CA",,,"MedChemEx, MedChemEx, MedChemEx",99.19,"CCn1c2nc(N)nc(C)c2cc(-c2cc[nH]n2)c1=O, CCn1c2nc(N)nc(C)c2cc(-c2cc[nH]n2)c1=O, CCn1c2nc(N)nc(C)c2cc(-c2cc[nH]n2)c1=O","RGHYDLZMTYDBDT-UHFFFAOYSA-N, RGHYDLZMTYDBDT-UHFFFAOYSA-N, RGHYDLZMTYDBDT-UHFFFAOYSA-N",Phase 2
VP-20629,beta amyloid antagonist,"PLA2G2E, SLC36A1",,,ChemDiv,99.13,OC(=O)CCc1c[nH]c2ccccc12,GOLXRNDWAUTYKT-UHFFFAOYSA-N,Phase 1
VS-4718,focal adhesion kinase inhibitor,,,,"MedChemEx, MedChemEx, MedChemEx, MedChemEx, MedChemEx, MedChemEx, MedChemEx, MedChemEx",98.41,"CNC(=O)c1ccccc1Nc1cc(Nc2ccc(cc2OC)N2CCOCC2)ncc1C(F)(F)F, CNC(=O)c1ccccc1Nc1cc(Nc2ccc(cc2OC)N2CCOCC2)ncc1C(F)(F)F, CNC(=O)c1ccccc1Nc1cc(Nc2ccc(cc2OC)N2CCOCC2)ncc1C(F)(F)F, CNC(=O)c1ccccc1Nc1cc(Nc2ccc(cc2OC)N2CCOCC2)ncc1C(F)(F)F, CNC(=O)c1ccccc1Nc1cc(Nc2ccc(cc2OC)N2CCOCC2)ncc1C(F)(F)F, CNC(=O)c1ccccc1Nc1cc(Nc2ccc(cc2OC)N2CCOCC2)ncc1C(F)(F)F, CNC(=O)c1ccccc1Nc1cc(Nc2ccc(cc2OC)N2CCOCC2)ncc1C(F)(F)F, CNC(=O)c1ccccc1Nc1cc(Nc2ccc(cc2OC)N2CCOCC2)ncc1C(F)(F)F","IGUBBWJDMLCRIK-UHFFFAOYSA-N, IGUBBWJDMLCRIK-UHFFFAOYSA-N, IGUBBWJDMLCRIK-UHFFFAOYSA-N, IGUBBWJDMLCRIK-UHFFFAOYSA-N, IGUBBWJDMLCRIK-UHFFFAOYSA-N, IGUBBWJDMLCRIK-UHFFFAOYSA-N, IGUBBWJDMLCRIK-UHFFFAOYSA-N, IGUBBWJDMLCRIK-UHFFFAOYSA-N",Phase 1
VT-464,cytochrome P450 inhibitor,CYP17A1,,,"MedChemEx, MedChemEx, MedChemEx, MedChemEx, MedChemEx",98.44,"CC(C)[C@@](O)(c1cn[nH]n1)c1ccc2cc(OC(F)F)c(OC(F)F)cc2c1, CC(C)[C@@](O)(c1cn[nH]n1)c1ccc2cc(OC(F)F)c(OC(F)F)cc2c1, CC(C)[C@@](O)(c1cn[nH]n1)c1ccc2cc(OC(F)F)c(OC(F)F)cc2c1, CC(C)[C@@](O)(c1cn[nH]n1)c1ccc2cc(OC(F)F)c(OC(F)F)cc2c1, CC(C)[C@@](O)(c1cn[nH]n1)c1ccc2cc(OC(F)F)c(OC(F)F)cc2c1","ZBRAJOQFSNYJMF-SFHVURJKSA-N, ZBRAJOQFSNYJMF-SFHVURJKSA-N, ZBRAJOQFSNYJMF-SFHVURJKSA-N, ZBRAJOQFSNYJMF-SFHVURJKSA-N, ZBRAJOQFSNYJMF-SFHVURJKSA-N",Phase 2
VTP-27999,renin inhibitor,REN,,,"MedChemEx, MedChemEx",92.33,"CN[C@H](CNC(=O)N1CCC[C@H](C1)[C@@H](OCCNC(=O)OC)c1cccc(Cl)c1)C[C@H]1CCCOC1, CN[C@H](CNC(=O)N1CCC[C@H](C1)[C@@H](OCCNC(=O)OC)c1cccc(Cl)c1)C[C@H]1CCCOC1","NXWASIVXQMMPLM-ZXMXYHOLSA-N, NXWASIVXQMMPLM-ZXMXYHOLSA-N",Phase 1
VUF10166,serotonin receptor antagonist,"HTR3A, HTR3B",,,"Tocris, Selleck",97.1,"CN1CCN(CC1)c1nc2ccccc2nc1Cl, CN1CCN(CC1)c1nc2ccccc2nc1Cl","FFXVTQDGTKEXHF-UHFFFAOYSA-N, FFXVTQDGTKEXHF-UHFFFAOYSA-N",Preclinical
VUF10460,histamine receptor agonist,HRH4,,,"Tocris, Tocris, Tocris",96.93,"CN1CCN(CC1)c1cc(nc(N)n1)-c1ccccc1, CN1CCN(CC1)c1cc(nc(N)n1)-c1ccccc1, CN1CCN(CC1)c1cc(nc(N)n1)-c1ccccc1","NIJGWJIOMPHDBP-UHFFFAOYSA-N, NIJGWJIOMPHDBP-UHFFFAOYSA-N, NIJGWJIOMPHDBP-UHFFFAOYSA-N",Preclinical
VUF11207,CC chemokine receptor agonist,ACKR3,,,"Tocris, Tocris",97.54,"COc1cc(cc(OC)c1OC)C(=O)N(CC[C@H]1CCCN1C)C\C(C)=C\c1ccccc1F |&1:17|, COc1cc(cc(OC)c1OC)C(=O)N(CC[C@H]1CCCN1C)C\C(C)=C\c1ccccc1F |&1:17|","JVRRRKAXHMGUHZ-JIKIWWBOSA-N, JVRRRKAXHMGUHZ-JIKIWWBOSA-N",Preclinical
VU0155069,phospholipase inhibitor,PLD1,,,"Tocris, Tocris, Tocris, Tocris",97.48,"C[C@@H](CN1CCC(CC1)n1c2ccc(Cl)cc2[nH]c1=O)NC(=O)c1ccc2ccccc2c1, C[C@@H](CN1CCC(CC1)n1c2ccc(Cl)cc2[nH]c1=O)NC(=O)c1ccc2ccccc2c1, C[C@@H](CN1CCC(CC1)n1c2ccc(Cl)cc2[nH]c1=O)NC(=O)c1ccc2ccccc2c1, C[C@@H](CN1CCC(CC1)n1c2ccc(Cl)cc2[nH]c1=O)NC(=O)c1ccc2ccccc2c1","DRIMIUYGTDAQOX-KRWDZBQOSA-N, DRIMIUYGTDAQOX-KRWDZBQOSA-N, DRIMIUYGTDAQOX-KRWDZBQOSA-N, DRIMIUYGTDAQOX-KRWDZBQOSA-N",Preclinical
VU0238429,acetylcholine receptor allosteric modulator,CHRM5,,,"Tocris, Tocris, Tocris, Tocris, Tocris, Tocris",97.9,"COc1ccc(CN2C(=O)C(=O)c3cc(OC(F)(F)F)ccc23)cc1, COc1ccc(CN2C(=O)C(=O)c3cc(OC(F)(F)F)ccc23)cc1, COc1ccc(CN2C(=O)C(=O)c3cc(OC(F)(F)F)ccc23)cc1, COc1ccc(CN2C(=O)C(=O)c3cc(OC(F)(F)F)ccc23)cc1, COc1ccc(CN2C(=O)C(=O)c3cc(OC(F)(F)F)ccc23)cc1, COc1ccc(CN2C(=O)C(=O)c3cc(OC(F)(F)F)ccc23)cc1","CKLGZXFOLMHCMC-UHFFFAOYSA-N, CKLGZXFOLMHCMC-UHFFFAOYSA-N, CKLGZXFOLMHCMC-UHFFFAOYSA-N, CKLGZXFOLMHCMC-UHFFFAOYSA-N, CKLGZXFOLMHCMC-UHFFFAOYSA-N, CKLGZXFOLMHCMC-UHFFFAOYSA-N",Preclinical
VU0240551,potassium/chloride cotransporter inhibitor,SLC12A5,,,MedChemEx,97.16,Cc1csc(NC(=O)CSc2ccc(nn2)-c2ccccc2)n1,WJRWSLORVIHRNX-UHFFFAOYSA-N,Preclinical
VU0357121,glutamate receptor positive allosteric modulator,GRM5,,,"Tocris, Tocris, Tocris, Selleck, Selleck, Selleck, Selleck",99,"CCCCOc1ccc(cc1)C(=O)Nc1ccc(F)cc1F, CCCCOc1ccc(cc1)C(=O)Nc1ccc(F)cc1F, CCCCOc1ccc(cc1)C(=O)Nc1ccc(F)cc1F, CCCCOc1ccc(cc1)C(=O)Nc1ccc(F)cc1F, CCCCOc1ccc(cc1)C(=O)Nc1ccc(F)cc1F, CCCCOc1ccc(cc1)C(=O)Nc1ccc(F)cc1F, CCCCOc1ccc(cc1)C(=O)Nc1ccc(F)cc1F","AHCYOTLTLQTPSU-UHFFFAOYSA-N, AHCYOTLTLQTPSU-UHFFFAOYSA-N, AHCYOTLTLQTPSU-UHFFFAOYSA-N, AHCYOTLTLQTPSU-UHFFFAOYSA-N, AHCYOTLTLQTPSU-UHFFFAOYSA-N, AHCYOTLTLQTPSU-UHFFFAOYSA-N, AHCYOTLTLQTPSU-UHFFFAOYSA-N",Preclinical
VU0360172,glutamate receptor positive allosteric modulator,GRM5,,,"Tocris, Tocris",94.7,"Fc1cccc(c1)C#Cc1ccc(cn1)C(=O)NC1CCC1, Fc1cccc(c1)C#Cc1ccc(cn1)C(=O)NC1CCC1","NEMHWVUKNWAKTM-UHFFFAOYSA-N, NEMHWVUKNWAKTM-UHFFFAOYSA-N",Preclinical
VU0361737,glutamate receptor positive allosteric modulator,GRM4,,,"Tocris, Tocris, Tocris, Tocris, Selleck",98.82,"COc1cc(NC(=O)c2ccccn2)ccc1Cl, COc1cc(NC(=O)c2ccccn2)ccc1Cl, COc1cc(NC(=O)c2ccccn2)ccc1Cl, COc1cc(NC(=O)c2ccccn2)ccc1Cl, COc1cc(NC(=O)c2ccccn2)ccc1Cl","ARYUXFNGXHNNDM-UHFFFAOYSA-N, ARYUXFNGXHNNDM-UHFFFAOYSA-N, ARYUXFNGXHNNDM-UHFFFAOYSA-N, ARYUXFNGXHNNDM-UHFFFAOYSA-N, ARYUXFNGXHNNDM-UHFFFAOYSA-N",Preclinical
VU0364439,glutamate receptor positive allosteric modulator,GRM4,,,"Tocris, Tocris, Selleck",98.19,"Clc1ccccc1NS(=O)(=O)c1ccc(NC(=O)c2ccccn2)cc1Cl, Clc1ccccc1NS(=O)(=O)c1ccc(NC(=O)c2ccccn2)cc1Cl, Clc1ccccc1NS(=O)(=O)c1ccc(NC(=O)c2ccccn2)cc1Cl","IXHCGJXBIHHIEF-UHFFFAOYSA-N, IXHCGJXBIHHIEF-UHFFFAOYSA-N, IXHCGJXBIHHIEF-UHFFFAOYSA-N",Preclinical
VU0364739,phospholipase inhibitor,PLD2,,,"Tocris, Tocris, Tocris",95.98,"Fc1cccc(c1)N1CNC(=O)C11CCN(CCNC(=O)c2ccc3ccccc3c2)CC1, Fc1cccc(c1)N1CNC(=O)C11CCN(CCNC(=O)c2ccc3ccccc3c2)CC1, Fc1cccc(c1)N1CNC(=O)C11CCN(CCNC(=O)c2ccc3ccccc3c2)CC1","MSTXJJGAXXJCBY-UHFFFAOYSA-N, MSTXJJGAXXJCBY-UHFFFAOYSA-N, MSTXJJGAXXJCBY-UHFFFAOYSA-N",Preclinical
VU0364770,glutamate receptor positive allosteric modulator,GRM4,,,"Tocris, Tocris, Selleck",96.96,"Clc1cccc(NC(=O)c2ccccn2)c1, Clc1cccc(NC(=O)c2ccccn2)c1, Clc1cccc(NC(=O)c2ccccn2)c1","SUYUTNCKIOLMAJ-UHFFFAOYSA-N, SUYUTNCKIOLMAJ-UHFFFAOYSA-N, SUYUTNCKIOLMAJ-UHFFFAOYSA-N",Preclinical
VU0422288,glutamate receptor positive allosteric modulator,GRM3,,,"Tocris, Tocris, Tocris",98.8,"Clc1ccc(Oc2ccc(NC(=O)c3ccccn3)cc2Cl)nc1, Clc1ccc(Oc2ccc(NC(=O)c3ccccn3)cc2Cl)nc1, Clc1ccc(Oc2ccc(NC(=O)c3ccccn3)cc2Cl)nc1","MZRLPXFGQKQHST-UHFFFAOYSA-N, MZRLPXFGQKQHST-UHFFFAOYSA-N, MZRLPXFGQKQHST-UHFFFAOYSA-N",Preclinical
VU10010,acetylcholine receptor allosteric modulator,CHRM4,,,"Tocris, Tocris, Tocris, Tocris",96.9,"Cc1cc(C)c2c(N)c(sc2n1)C(=O)NCc1ccc(Cl)cc1, Cc1cc(C)c2c(N)c(sc2n1)C(=O)NCc1ccc(Cl)cc1, Cc1cc(C)c2c(N)c(sc2n1)C(=O)NCc1ccc(Cl)cc1, Cc1cc(C)c2c(N)c(sc2n1)C(=O)NCc1ccc(Cl)cc1","FPRULFHDSFKYBV-UHFFFAOYSA-N, FPRULFHDSFKYBV-UHFFFAOYSA-N, FPRULFHDSFKYBV-UHFFFAOYSA-N, FPRULFHDSFKYBV-UHFFFAOYSA-N",Preclinical
VU152100,acetylcholine receptor allosteric modulator,CHRM4,,,"Tocris, Tocris, Tocris",95.97,"COc1ccc(CNC(=O)c2sc3nc(C)cc(C)c3c2N)cc1, COc1ccc(CNC(=O)c2sc3nc(C)cc(C)c3c2N)cc1, COc1ccc(CNC(=O)c2sc3nc(C)cc(C)c3c2N)cc1","MDNWGCQSCGNTKH-UHFFFAOYSA-N, MDNWGCQSCGNTKH-UHFFFAOYSA-N, MDNWGCQSCGNTKH-UHFFFAOYSA-N",Preclinical
VU1545,glutamate receptor positive allosteric modulator,GRM5,,,"Tocris, Tocris, Tocris",96.37,"[O-][N+](=O)c1ccc(cc1)C(=O)Nc1cc(nn1-c1ccccc1F)-c1ccccc1, [O-][N+](=O)c1ccc(cc1)C(=O)Nc1cc(nn1-c1ccccc1F)-c1ccccc1, [O-][N+](=O)c1ccc(cc1)C(=O)Nc1cc(nn1-c1ccccc1F)-c1ccccc1","BRAZLURTFMCAHU-UHFFFAOYSA-N, BRAZLURTFMCAHU-UHFFFAOYSA-N, BRAZLURTFMCAHU-UHFFFAOYSA-N",Preclinical
VU29,glutamate receptor potentiator,GRM5,,,"Tocris, Tocris, Tocris",98.04,"[O-][N+](=O)c1ccc(cc1)C(=O)Nc1cc(nn1-c1ccccc1)-c1ccccc1, [O-][N+](=O)c1ccc(cc1)C(=O)Nc1cc(nn1-c1ccccc1)-c1ccccc1, [O-][N+](=O)c1ccc(cc1)C(=O)Nc1cc(nn1-c1ccccc1)-c1ccccc1","KIALCSMRIHRFPL-UHFFFAOYSA-N, KIALCSMRIHRFPL-UHFFFAOYSA-N, KIALCSMRIHRFPL-UHFFFAOYSA-N",Preclinical
VU591,potassium channel blocker,KCNJ1,,,"Tocris, Tocris, Tocris, Tocris",98.13,"[O-][N+](=O)c1ccc2nc(COCc3nc4ccc(cc4[nH]3)[N+]([O-])=O)[nH]c2c1, [O-][N+](=O)c1ccc2nc(COCc3nc4ccc(cc4[nH]3)[N+]([O-])=O)[nH]c2c1, [O-][N+](=O)c1ccc2nc(COCc3nc4ccc(cc4[nH]3)[N+]([O-])=O)[nH]c2c1, [O-][N+](=O)c1ccc2nc(COCc3nc4ccc(cc4[nH]3)[N+]([O-])=O)[nH]c2c1","ZQPXNYLXYNRFNP-UHFFFAOYSA-N, ZQPXNYLXYNRFNP-UHFFFAOYSA-N, ZQPXNYLXYNRFNP-UHFFFAOYSA-N, ZQPXNYLXYNRFNP-UHFFFAOYSA-N",Preclinical
VX-11e,MAP kinase inhibitor,MAPK1,,,"MedChemEx, MedChemEx, MedChemEx",97.32,"Cc1cnc(Nc2ccc(F)cc2Cl)nc1-c1c[nH]c(c1)C(=O)N[C@H](CO)c1cccc(Cl)c1, Cc1cnc(Nc2ccc(F)cc2Cl)nc1-c1c[nH]c(c1)C(=O)N[C@H](CO)c1cccc(Cl)c1, Cc1cnc(Nc2ccc(F)cc2Cl)nc1-c1c[nH]c(c1)C(=O)N[C@H](CO)c1cccc(Cl)c1","WUTVMXLIGHTZJC-OAQYLSRUSA-N, WUTVMXLIGHTZJC-OAQYLSRUSA-N, WUTVMXLIGHTZJC-OAQYLSRUSA-N",Preclinical
VX-222,HCV inhibitor,,,,"MedChemEx, Selleck",97.92,"C[C@H]1CC[C@@H](CC1)C(=O)N([C@@H]1CC[C@H](O)CC1)c1cc(sc1C(O)=O)C#CC(C)(C)C |r|, C[C@H]1CC[C@@H](CC1)C(=O)N([C@@H]1CC[C@H](O)CC1)c1cc(sc1C(O)=O)C#CC(C)(C)C |r|","WPMJNLCLKAKMLA-UGLKCIBTSA-N, WPMJNLCLKAKMLA-UGLKCIBTSA-N",Phase 2
VX-702,p38 MAPK inhibitor,"IL1B, IL6, MAPK11, MAPK12, MAPK14, TNF",,,"Selleck, Selleck, Selleck, Tocris, Selleck, Selleck",93.86,"NC(=O)N(c1ccc(C(N)=O)c(n1)-c1ccc(F)cc1F)c1c(F)cccc1F, NC(=O)N(c1ccc(C(N)=O)c(n1)-c1ccc(F)cc1F)c1c(F)cccc1F, NC(=O)N(c1ccc(C(N)=O)c(n1)-c1ccc(F)cc1F)c1c(F)cccc1F, NC(=O)N(c1ccc(C(N)=O)c(n1)-c1ccc(F)cc1F)c1c(F)cccc1F, NC(=O)N(c1ccc(C(N)=O)c(n1)-c1ccc(F)cc1F)c1c(F)cccc1F, NC(=O)N(c1ccc(C(N)=O)c(n1)-c1ccc(F)cc1F)c1c(F)cccc1F","FYSRKRZDBHOFAY-UHFFFAOYSA-N, FYSRKRZDBHOFAY-UHFFFAOYSA-N, FYSRKRZDBHOFAY-UHFFFAOYSA-N, FYSRKRZDBHOFAY-UHFFFAOYSA-N, FYSRKRZDBHOFAY-UHFFFAOYSA-N, FYSRKRZDBHOFAY-UHFFFAOYSA-N",Phase 2
VX-745,p38 MAPK inhibitor,"MAPK11, MAPK12, MAPK14",,,"MedChemEx, MedChemEx, MedChemEx, MedChemEx, Selleck, Selleck",78.69,"Fc1ccc(Sc2ccc3c(-c4c(Cl)cccc4Cl)c(=O)ncn3n2)c(F)c1, Fc1ccc(Sc2ccc3c(-c4c(Cl)cccc4Cl)c(=O)ncn3n2)c(F)c1, Fc1ccc(Sc2ccc3c(-c4c(Cl)cccc4Cl)c(=O)ncn3n2)c(F)c1, Fc1ccc(Sc2ccc3c(-c4c(Cl)cccc4Cl)c(=O)ncn3n2)c(F)c1, Fc1ccc(Sc2ccc3c(-c4c(Cl)cccc4Cl)c(=O)ncn3n2)c(F)c1, Fc1ccc(Sc2ccc3c(-c4c(Cl)cccc4Cl)c(=O)ncn3n2)c(F)c1","VEPKQEUBKLEPRA-UHFFFAOYSA-N, VEPKQEUBKLEPRA-UHFFFAOYSA-N, VEPKQEUBKLEPRA-UHFFFAOYSA-N, VEPKQEUBKLEPRA-UHFFFAOYSA-N, VEPKQEUBKLEPRA-UHFFFAOYSA-N, VEPKQEUBKLEPRA-UHFFFAOYSA-N",Phase 2
VX-765,caspase inhibitor,CASP1,,,Selleck,97.92,CCO[C@@H]1OC(=O)C[C@@H]1NC(=O)[C@@H]1CCCN1C(=O)[C@@H](NC(=O)c1ccc(N)c(Cl)c1)C(C)(C)C,SJDDOCKBXFJEJB-MOKWFATOSA-N,Phase 2
W-54011,anaphylatoxin chemotactic receptor antagonist,C5AR1,,,"Tocris, MedChemEx",89.3,"COc1ccc2CCC[C@@H](C(=O)N(Cc3ccc(cc3)N(C)C)c3ccc(cc3)C(C)C)c2c1 |&1:9|, COc1ccc2CCC[C@@H](C(=O)N(Cc3ccc(cc3)N(C)C)c3ccc(cc3)C(C)C)c2c1 |&1:9|","DVYASSBBADJRAS-MUUNZHRXSA-N, DVYASSBBADJRAS-MUUNZHRXSA-N",Preclinical
walrycin-B,transcriptional regulatory protein WalR,,,,"MedChemEx, MedChemEx, MedChemEx, MedChemEx",88.74,"Cn1nc(nc2c1nc(=O)n(C)c2=O)-c1ccc(cc1)C(F)(F)F, Cn1nc(nc2c1nc(=O)n(C)c2=O)-c1ccc(cc1)C(F)(F)F, Cn1nc(nc2c1nc(=O)n(C)c2=O)-c1ccc(cc1)C(F)(F)F, Cn1nc(nc2c1nc(=O)n(C)c2=O)-c1ccc(cc1)C(F)(F)F","XRVMPTWWKLKLPB-UHFFFAOYSA-N, XRVMPTWWKLKLPB-UHFFFAOYSA-N, XRVMPTWWKLKLPB-UHFFFAOYSA-N, XRVMPTWWKLKLPB-UHFFFAOYSA-N",Preclinical
warfarin,vitamin K antagonist,VKORC1,"hematology, cardiology","deep vein thrombosis (DVT), pulmonary embolism (PE), atrial fibrillation (AF), myocardial infarction","MedChemEx, MedChemEx",99.3,"CC(=O)C[C@@H](c1ccccc1)c1c(O)c2ccccc2oc1=O |&1:4|, CC(=O)C[C@@H](c1ccccc1)c1c(O)c2ccccc2oc1=O |&1:4|","PJVWKTKQMONHTI-HNNXBMFYSA-N, PJVWKTKQMONHTI-HNNXBMFYSA-N",Launched
WAY-100635,serotonin receptor antagonist,HTR1A,,,"MedChemEx, MedChemEx, Selleck",97.88,"COc1ccccc1N1CCN(CCN(C(=O)C2CCCCC2)c2ccccn2)CC1, COc1ccccc1N1CCN(CCN(C(=O)C2CCCCC2)c2ccccn2)CC1, COc1ccccc1N1CCN(CCN(C(=O)C2CCCCC2)c2ccccn2)CC1","SBPRIAGPYFYCRT-UHFFFAOYSA-N, SBPRIAGPYFYCRT-UHFFFAOYSA-N, SBPRIAGPYFYCRT-UHFFFAOYSA-N",Phase 1
WAY-161503,serotonin receptor agonist,HTR2C,,,"Tocris, Tocris, Tocris, Tocris",96.6,"Clc1cc2NC(=O)[C@H]3CNCCN3c2cc1Cl |&1:7|, Clc1cc2NC(=O)[C@H]3CNCCN3c2cc1Cl |&1:7|, Clc1cc2NC(=O)[C@H]3CNCCN3c2cc1Cl |&1:7|, Clc1cc2NC(=O)[C@H]3CNCCN3c2cc1Cl |&1:7|","PHGWDAICBXUJDU-SNVBAGLBSA-N, PHGWDAICBXUJDU-SNVBAGLBSA-N, PHGWDAICBXUJDU-SNVBAGLBSA-N, PHGWDAICBXUJDU-SNVBAGLBSA-N",Preclinical
WAY-170523,metalloproteinase inhibitor,MMP13,,,"Tocris, Tocris, Tocris, Tocris, Tocris",97.03,"Cc1cc(C)c(N(Cc2ccccc2)S(=O)(=O)c2ccc(OCCNC(=O)c3cc4ccccc4o3)cc2)c(c1)C(=O)NO, Cc1cc(C)c(N(Cc2ccccc2)S(=O)(=O)c2ccc(OCCNC(=O)c3cc4ccccc4o3)cc2)c(c1)C(=O)NO, Cc1cc(C)c(N(Cc2ccccc2)S(=O)(=O)c2ccc(OCCNC(=O)c3cc4ccccc4o3)cc2)c(c1)C(=O)NO, Cc1cc(C)c(N(Cc2ccccc2)S(=O)(=O)c2ccc(OCCNC(=O)c3cc4ccccc4o3)cc2)c(c1)C(=O)NO, Cc1cc(C)c(N(Cc2ccccc2)S(=O)(=O)c2ccc(OCCNC(=O)c3cc4ccccc4o3)cc2)c(c1)C(=O)NO","FARMEEAGJWMFSZ-UHFFFAOYSA-N, FARMEEAGJWMFSZ-UHFFFAOYSA-N, FARMEEAGJWMFSZ-UHFFFAOYSA-N, FARMEEAGJWMFSZ-UHFFFAOYSA-N, FARMEEAGJWMFSZ-UHFFFAOYSA-N",Preclinical
WAY-200070,estrogen receptor agonist,"ERBB2, ERBB3, ERBB4, ESR2",,,"Tocris, Tocris, Tocris",96.79,"Oc1ccc(cc1)-c1nc2cc(O)cc(Br)c2o1, Oc1ccc(cc1)-c1nc2cc(O)cc(Br)c2o1, Oc1ccc(cc1)-c1nc2cc(O)cc(Br)c2o1","BAAILVWEAXFTSF-UHFFFAOYSA-N, BAAILVWEAXFTSF-UHFFFAOYSA-N, BAAILVWEAXFTSF-UHFFFAOYSA-N",Preclinical
WAY-207024,gonadotropin releasing factor hormone receptor antagonist,"GNRHR, HRH2, TACR2",,,"Tocris, Tocris, Tocris, Tocris, Tocris",98.9,"CC(C)(C)c1ccc(cc1)-c1nc2c(cccc2[nH]1)N1CCN(Cc2ccc3nccnc3c2)CC1, CC(C)(C)c1ccc(cc1)-c1nc2c(cccc2[nH]1)N1CCN(Cc2ccc3nccnc3c2)CC1, CC(C)(C)c1ccc(cc1)-c1nc2c(cccc2[nH]1)N1CCN(Cc2ccc3nccnc3c2)CC1, CC(C)(C)c1ccc(cc1)-c1nc2c(cccc2[nH]1)N1CCN(Cc2ccc3nccnc3c2)CC1, CC(C)(C)c1ccc(cc1)-c1nc2c(cccc2[nH]1)N1CCN(Cc2ccc3nccnc3c2)CC1","AVEVJMZJJJDOCI-UHFFFAOYSA-N, AVEVJMZJJJDOCI-UHFFFAOYSA-N, AVEVJMZJJJDOCI-UHFFFAOYSA-N, AVEVJMZJJJDOCI-UHFFFAOYSA-N, AVEVJMZJJJDOCI-UHFFFAOYSA-N",Preclinical
WAY-208466,serotonin receptor agonist,"DRD2, HTR2A, HTR2C, HTR6, HTR7",,,"Tocris, Tocris, Tocris",97.67,"CN(C)CCn1cc(c2cccnc12)S(=O)(=O)c1cccc(F)c1, CN(C)CCn1cc(c2cccnc12)S(=O)(=O)c1cccc(F)c1, CN(C)CCn1cc(c2cccnc12)S(=O)(=O)c1cccc(F)c1","SFSFIDVAEMDPIP-UHFFFAOYSA-N, SFSFIDVAEMDPIP-UHFFFAOYSA-N, SFSFIDVAEMDPIP-UHFFFAOYSA-N",Preclinical
WAY-213613,glutamate inhibitor,SLC1A2,,,"Tocris, Tocris, Tocris, Tocris",97.19,"N[C@@H](CC(=O)Nc1ccc(Oc2cc(F)c(F)cc2Br)cc1)C(O)=O, N[C@@H](CC(=O)Nc1ccc(Oc2cc(F)c(F)cc2Br)cc1)C(O)=O, N[C@@H](CC(=O)Nc1ccc(Oc2cc(F)c(F)cc2Br)cc1)C(O)=O, N[C@@H](CC(=O)Nc1ccc(Oc2cc(F)c(F)cc2Br)cc1)C(O)=O","BNYDDAAZMBUFRG-ZDUSSCGKSA-N, BNYDDAAZMBUFRG-ZDUSSCGKSA-N, BNYDDAAZMBUFRG-ZDUSSCGKSA-N, BNYDDAAZMBUFRG-ZDUSSCGKSA-N",Preclinical
WAY-255348,progesterone receptor antagonist,,,,Sigma,92.87,Cn1c(ccc1-c1cc2c(NC(=O)C2(C)C)c(F)c1)C#N,KIOOLNRTWPFVHX-UHFFFAOYSA-N,Preclinical
WAY-316606,secreted frizzled related protein inhibitor,SFRP1,,,"MedChemEx, MedChemEx, Tocris",94.21,"FC(F)(F)c1ccc(cc1S(=O)(=O)NC1CCNCC1)S(=O)(=O)c1ccccc1, FC(F)(F)c1ccc(cc1S(=O)(=O)NC1CCNCC1)S(=O)(=O)c1ccccc1, FC(F)(F)c1ccc(cc1S(=O)(=O)NC1CCNCC1)S(=O)(=O)c1ccccc1","ITBGJNVZJBVPLJ-UHFFFAOYSA-N, ITBGJNVZJBVPLJ-UHFFFAOYSA-N, ITBGJNVZJBVPLJ-UHFFFAOYSA-N",Preclinical
WAY-362450,FXR agonist,NR1H4,,,"MedChemEx, Selleck",94.08,"CC(C)OC(=O)C1=CN(CC(C)(C)c2c1[nH]c1ccccc21)C(=O)c1ccc(F)c(F)c1 |t:6|, CC(C)OC(=O)C1=CN(CC(C)(C)c2c1[nH]c1ccccc21)C(=O)c1ccc(F)c(F)c1 |t:6|","INASOKQDNHHMRE-UHFFFAOYSA-N, INASOKQDNHHMRE-UHFFFAOYSA-N",Phase 1
WAY-600,mTOR inhibitor,MTOR,,,"Selleck, Selleck, MedChemEx",93.96,"C(N1CCC(CC1)n1ncc2c(nc(nc12)-c1ccc2[nH]ccc2c1)N1CCOCC1)c1cccnc1, C(N1CCC(CC1)n1ncc2c(nc(nc12)-c1ccc2[nH]ccc2c1)N1CCOCC1)c1cccnc1, C(N1CCC(CC1)n1ncc2c(nc(nc12)-c1ccc2[nH]ccc2c1)N1CCOCC1)c1cccnc1","FPEIJQLXFHKLJV-UHFFFAOYSA-N, FPEIJQLXFHKLJV-UHFFFAOYSA-N, FPEIJQLXFHKLJV-UHFFFAOYSA-N",Preclinical
WAY-629,serotonin receptor agonist,HTR2C,,,"Tocris, Tocris",81.9,"C1CCc2c(C1)n1CCNCc3cccc2c13, C1CCc2c(C1)n1CCNCc3cccc2c13","OIGHTPDWPMLMGT-UHFFFAOYSA-N, OIGHTPDWPMLMGT-UHFFFAOYSA-N",Preclinical
WB-4101,adrenergic receptor antagonist,"ADRA1A, ADRA1B, ADRA1D, ADRA2A, ADRA2B, ADRA2C, HTR1A",,,"Tocris, Tocris, Tocris",96.8,"COc1cccc(OC)c1OCCNC[C@H]1COc2ccccc2O1 |&1:15|, COc1cccc(OC)c1OCCNC[C@H]1COc2ccccc2O1 |&1:15|, COc1cccc(OC)c1OCCNC[C@H]1COc2ccccc2O1 |&1:15|","GYSZUJHYXCZAKI-AWEZNQCLSA-N, GYSZUJHYXCZAKI-AWEZNQCLSA-N, GYSZUJHYXCZAKI-AWEZNQCLSA-N",Preclinical
WDR5-0103,histone lysine methyltransferase inhibitor,WDR5,,,"Tocris, Tocris, Vitas-M",99.17,"COC(=O)c1ccc(N2CCN(C)CC2)c(NC(=O)c2cccc(OC)c2)c1, COC(=O)c1ccc(N2CCN(C)CC2)c(NC(=O)c2cccc(OC)c2)c1, COC(=O)c1ccc(N2CCN(C)CC2)c(NC(=O)c2cccc(OC)c2)c1","ZPLBXOVTSNRBFB-UHFFFAOYSA-N, ZPLBXOVTSNRBFB-UHFFFAOYSA-N, ZPLBXOVTSNRBFB-UHFFFAOYSA-N",Preclinical
WEHI-345-analog,SRC inhibitor,,,,"MedChemEx, MedChemEx",95.92,"Cc1ccc(cc1)-c1nn(c2ncnc(N)c12)C(C)(C)CNC(=O)c1ncccc1C, Cc1ccc(cc1)-c1nn(c2ncnc(N)c12)C(C)(C)CNC(=O)c1ncccc1C","ZCZGSEXBXXYQQC-UHFFFAOYSA-N, ZCZGSEXBXXYQQC-UHFFFAOYSA-N",Preclinical
WH-4-023,SRC inhibitor,"LCK, SRC",,,"Tocris, Tocris, Tocris",97.53,"COc1ccc(N(C(=O)Oc2c(C)cccc2C)c2ccnc(Nc3ccc(cc3)N3CCN(C)CC3)n2)c(OC)c1, COc1ccc(N(C(=O)Oc2c(C)cccc2C)c2ccnc(Nc3ccc(cc3)N3CCN(C)CC3)n2)c(OC)c1, COc1ccc(N(C(=O)Oc2c(C)cccc2C)c2ccnc(Nc3ccc(cc3)N3CCN(C)CC3)n2)c(OC)c1","NBTNHSGBRGTFJS-UHFFFAOYSA-N, NBTNHSGBRGTFJS-UHFFFAOYSA-N, NBTNHSGBRGTFJS-UHFFFAOYSA-N",Preclinical
WHI-P154,JAK inhibitor,"EGFR, JAK1, JAK2, JAK3",,,"Tocris, Selleck, Selleck, Selleck, Tocris",90.22,"COc1cc2ncnc(Nc3ccc(O)c(Br)c3)c2cc1OC, COc1cc2ncnc(Nc3ccc(O)c(Br)c3)c2cc1OC, COc1cc2ncnc(Nc3ccc(O)c(Br)c3)c2cc1OC, COc1cc2ncnc(Nc3ccc(O)c(Br)c3)c2cc1OC, COc1cc2ncnc(Nc3ccc(O)c(Br)c3)c2cc1OC","CBIAKDAYHRWZCU-UHFFFAOYSA-N, CBIAKDAYHRWZCU-UHFFFAOYSA-N, CBIAKDAYHRWZCU-UHFFFAOYSA-N, CBIAKDAYHRWZCU-UHFFFAOYSA-N, CBIAKDAYHRWZCU-UHFFFAOYSA-N",Preclinical
WIKI4,"tankyrase inhibitor, WNT pathway inhibitor",TNKS2,,,MedChemEx,98.16,COc1ccc(cc1)-n1c(SCCCN2C(=O)c3cccc4cccc(C2=O)c34)nnc1-c1ccncc1,RNUXIZKXJOGYQP-UHFFFAOYSA-N,Preclinical
WIN-18446,aldehyde dehydrogenase inhibitor,ALDH1A2,,,DuPont,97.79,ClC(Cl)C(=O)NCCCCCCCCNC(=O)C(Cl)Cl,FAOMZVDZARKPFJ-UHFFFAOYSA-N,Preclinical
WIN-64338,bradykinin receptor antagonist,BDKRB2,,,"Tocris, Tocris, Tocris, Tocris, Tocris",95.81,"CCCC[P+](CCCC)(CCCC)Cc1ccc(NC(=O)[C@H](Cc2ccc3ccccc3c2)N\C(NC2CCCCC2)=N\C2CCCCC2)cc1, CCCC[P+](CCCC)(CCCC)Cc1ccc(NC(=O)[C@H](Cc2ccc3ccccc3c2)N\C(NC2CCCCC2)=N\C2CCCCC2)cc1, CCCC[P+](CCCC)(CCCC)Cc1ccc(NC(=O)[C@H](Cc2ccc3ccccc3c2)N\C(NC2CCCCC2)=N\C2CCCCC2)cc1, CCCC[P+](CCCC)(CCCC)Cc1ccc(NC(=O)[C@H](Cc2ccc3ccccc3c2)N\C(NC2CCCCC2)=N\C2CCCCC2)cc1, CCCC[P+](CCCC)(CCCC)Cc1ccc(NC(=O)[C@H](Cc2ccc3ccccc3c2)N\C(NC2CCCCC2)=N\C2CCCCC2)cc1","UKMJWGFHXMGRNG-QLKFWGTOSA-O, UKMJWGFHXMGRNG-QLKFWGTOSA-O, UKMJWGFHXMGRNG-QLKFWGTOSA-O, UKMJWGFHXMGRNG-QLKFWGTOSA-O, UKMJWGFHXMGRNG-QLKFWGTOSA-O",Preclinical
wiskostatin,"actin related protein inhibitor, neural Wiskott-Aldrich syndrome protein inhibitor",WASL,,,"Tocris, Tocris, Tocris",97.05,"CN(C)C[C@@H](O)Cn1c2ccc(Br)cc2c2cc(Br)ccc12 |&1:4,r|, CN(C)C[C@@H](O)Cn1c2ccc(Br)cc2c2cc(Br)ccc12 |&1:4,r|, CN(C)C[C@@H](O)Cn1c2ccc(Br)cc2c2cc(Br)ccc12 |&1:4,r|","XUBJEDZHBUPBKL-CYBMUJFWSA-N, XUBJEDZHBUPBKL-CYBMUJFWSA-N, XUBJEDZHBUPBKL-CYBMUJFWSA-N",Preclinical
wnt-c59,porcupine inhibitor,PORCN,,,"Tocris, Tocris, Tocris, Tocris, Tocris, Selleck, Selleck, Selleck",98.11,"Cc1cc(ccn1)-c1ccc(CC(=O)Nc2ccc(cc2)-c2cccnc2)cc1, Cc1cc(ccn1)-c1ccc(CC(=O)Nc2ccc(cc2)-c2cccnc2)cc1, Cc1cc(ccn1)-c1ccc(CC(=O)Nc2ccc(cc2)-c2cccnc2)cc1, Cc1cc(ccn1)-c1ccc(CC(=O)Nc2ccc(cc2)-c2cccnc2)cc1, Cc1cc(ccn1)-c1ccc(CC(=O)Nc2ccc(cc2)-c2cccnc2)cc1, Cc1cc(ccn1)-c1ccc(CC(=O)Nc2ccc(cc2)-c2cccnc2)cc1, Cc1cc(ccn1)-c1ccc(CC(=O)Nc2ccc(cc2)-c2cccnc2)cc1, Cc1cc(ccn1)-c1ccc(CC(=O)Nc2ccc(cc2)-c2cccnc2)cc1","KHZOJCQBHJUJFY-UHFFFAOYSA-N, KHZOJCQBHJUJFY-UHFFFAOYSA-N, KHZOJCQBHJUJFY-UHFFFAOYSA-N, KHZOJCQBHJUJFY-UHFFFAOYSA-N, KHZOJCQBHJUJFY-UHFFFAOYSA-N, KHZOJCQBHJUJFY-UHFFFAOYSA-N, KHZOJCQBHJUJFY-UHFFFAOYSA-N, KHZOJCQBHJUJFY-UHFFFAOYSA-N",Preclinical
wortmannin,PI3K inhibitor,"PI4KA, PI4KB, PIK3CA, PIK3CD, PIK3CG, PIK3R1, PLK1, PRKDC",,,"MedChemEx, Selleck, Selleck",93.41,"COC[C@H]1OC(=O)c2coc3c2[C@@]1(C)C1=C([C@@H]2CCC(=O)[C@@]2(C)C[C@H]1OC(C)=O)C3=O |t:16|, COC[C@H]1OC(=O)c2coc3c2[C@@]1(C)C1=C([C@@H]2CCC(=O)[C@@]2(C)C[C@H]1OC(C)=O)C3=O |t:16|, COC[C@H]1OC(=O)c2coc3c2[C@@]1(C)C1=C([C@@H]2CCC(=O)[C@@]2(C)C[C@H]1OC(C)=O)C3=O |t:16|","QDLHCMPXEPAAMD-QAIWCSMKSA-N, QDLHCMPXEPAAMD-QAIWCSMKSA-N, QDLHCMPXEPAAMD-QAIWCSMKSA-N",Preclinical
WP1066,STAT inhibitor,STAT3,,,"Selleck, Selleck, Selleck, Selleck, MedChemEx",90.12,"C[C@H](NC(=O)C(=C\c1cccc(Br)n1)\C#N)c1ccccc1, C[C@H](NC(=O)C(=C\c1cccc(Br)n1)\C#N)c1ccccc1, C[C@H](NC(=O)C(=C\c1cccc(Br)n1)\C#N)c1ccccc1, C[C@H](NC(=O)C(=C\c1cccc(Br)n1)\C#N)c1ccccc1, C[C@H](NC(=O)C(=C\c1cccc(Br)n1)\C#N)c1ccccc1","VFUAJMPDXIRPKO-LQELWAHVSA-N, VFUAJMPDXIRPKO-LQELWAHVSA-N, VFUAJMPDXIRPKO-LQELWAHVSA-N, VFUAJMPDXIRPKO-LQELWAHVSA-N, VFUAJMPDXIRPKO-LQELWAHVSA-N",Phase 1
WP1130,deubiquitinase inhibitor,"JAK2, UCHL5, USP14, USP9X",,,"Selleck, Selleck, Selleck, Selleck, Selleck, Selleck, Selleck",88.88,"CCC[C@H](NC(=O)C(=C\c1cccc(Br)n1)\C#N)c1ccccc1, CCC[C@H](NC(=O)C(=C\c1cccc(Br)n1)\C#N)c1ccccc1, CCC[C@H](NC(=O)C(=C\c1cccc(Br)n1)\C#N)c1ccccc1, CCC[C@H](NC(=O)C(=C\c1cccc(Br)n1)\C#N)c1ccccc1, CCC[C@H](NC(=O)C(=C\c1cccc(Br)n1)\C#N)c1ccccc1, CCC[C@H](NC(=O)C(=C\c1cccc(Br)n1)\C#N)c1ccccc1, CCC[C@H](NC(=O)C(=C\c1cccc(Br)n1)\C#N)c1ccccc1","LIDOPKHSVQTSJY-VMEIHUARSA-N, LIDOPKHSVQTSJY-VMEIHUARSA-N, LIDOPKHSVQTSJY-VMEIHUARSA-N, LIDOPKHSVQTSJY-VMEIHUARSA-N, LIDOPKHSVQTSJY-VMEIHUARSA-N, LIDOPKHSVQTSJY-VMEIHUARSA-N, LIDOPKHSVQTSJY-VMEIHUARSA-N",Preclinical
WP921,,,,,Enamine,93.05,OC(=O)Cn1nnnc1-c1ccsc1,DDVAZOPRCKAYOV-UHFFFAOYSA-N,Preclinical
WR99210,dihydrofolate reductase inhibitor,TYMS,infectious disease,malaria,Sigma,98.92,"CC1(C)N=C(N)N=C(N)N1OCCCOc1cc(Cl)c(Cl)cc1Cl |t:3,6|",MJZJYWCQPMNPRM-UHFFFAOYSA-N,Preclinical
WWL-113,carboxylesterase inhibitor,CES3,,,"Tocris, Tocris",98.37,"CCOC(=O)c1ccc(cc1)-c1ccc(OC(=O)N(C)Cc2cccc(c2)-c2ccncc2)cc1, CCOC(=O)c1ccc(cc1)-c1ccc(OC(=O)N(C)Cc2cccc(c2)-c2ccncc2)cc1","AKIIPHDGVCFVCC-UHFFFAOYSA-N, AKIIPHDGVCFVCC-UHFFFAOYSA-N",Preclinical
WWL-123,monoacylglycerol lipase inhibitor,ABHD6,,,"Tocris, Tocris, Tocris, Tocris",96.84,"CN(Cc1cccc(c1)-c1ccccc1)C(=O)Oc1ccc(cc1)-c1ccc(cc1)C(N)=O, CN(Cc1cccc(c1)-c1ccccc1)C(=O)Oc1ccc(cc1)-c1ccc(cc1)C(N)=O, CN(Cc1cccc(c1)-c1ccccc1)C(=O)Oc1ccc(cc1)-c1ccc(cc1)C(N)=O, CN(Cc1cccc(c1)-c1ccccc1)C(=O)Oc1ccc(cc1)-c1ccc(cc1)C(N)=O","UUJGYRHAOHORFC-UHFFFAOYSA-N, UUJGYRHAOHORFC-UHFFFAOYSA-N, UUJGYRHAOHORFC-UHFFFAOYSA-N, UUJGYRHAOHORFC-UHFFFAOYSA-N",Preclinical
WY-16922,histamine release inhibitor,,,,Sigma,96.26,CCOC(=O)C(=O)Nc1cccc(OC)c1C(N)=O,GGLRYZACPLNCKB-UHFFFAOYSA-N,Phase 1
WYE-125132,mTOR inhibitor,MTOR,,,MedChemEx,96.04,"CNC(=O)Nc1ccc(cc1)-c1nc(N2C[C@@H]3CC[C@H](C2)O3)c2cnn(C3CCC4(CC3)OCCO4)c2n1 |&1:16,19|",QLHHRYZMBGPBJG-OYRHEFFESA-N,Preclinical
WYE-354,mTOR inhibitor,MTOR,,,"MedChemEx, Selleck",95.6,"COC(=O)Nc1ccc(cc1)-c1nc(N2CCOCC2)c2cnn(C3CCN(CC3)C(=O)OC)c2n1, COC(=O)Nc1ccc(cc1)-c1nc(N2CCOCC2)c2cnn(C3CCN(CC3)C(=O)OC)c2n1","IMXHGCRIEAKIBU-UHFFFAOYSA-N, IMXHGCRIEAKIBU-UHFFFAOYSA-N",Preclinical
WYE-687,mTOR inhibitor,MTOR,,,"Tocris, Tocris",94.1,"COC(=O)Nc1ccc(cc1)-c1nc(N2CCOCC2)c2cnn(C3CCN(Cc4cccnc4)CC3)c2n1, COC(=O)Nc1ccc(cc1)-c1nc(N2CCOCC2)c2cnn(C3CCN(Cc4cccnc4)CC3)c2n1","VDOCQQKGPJENHJ-UHFFFAOYSA-N, VDOCQQKGPJENHJ-UHFFFAOYSA-N",Preclinical
WZ-3146,EGFR inhibitor,EGFR,,,"Selleck, Selleck",95.83,"CN1CCN(CC1)c1ccc(Nc2ncc(Cl)c(Oc3cccc(NC(=O)C=C)c3)n2)cc1, CN1CCN(CC1)c1ccc(Nc2ncc(Cl)c(Oc3cccc(NC(=O)C=C)c3)n2)cc1","APHGZZPEOCCYNO-UHFFFAOYSA-N, APHGZZPEOCCYNO-UHFFFAOYSA-N",Preclinical
WZ-4002,EGFR inhibitor,"EGFR, ERBB2",,,"Selleck, Selleck, Selleck",92.97,"COc1cc(ccc1Nc1ncc(Cl)c(Oc2cccc(NC(=O)C=C)c2)n1)N1CCN(C)CC1, COc1cc(ccc1Nc1ncc(Cl)c(Oc2cccc(NC(=O)C=C)c2)n1)N1CCN(C)CC1, COc1cc(ccc1Nc1ncc(Cl)c(Oc2cccc(NC(=O)C=C)c2)n1)N1CCN(C)CC1","ITTRLTNMFYIYPA-UHFFFAOYSA-N, ITTRLTNMFYIYPA-UHFFFAOYSA-N, ITTRLTNMFYIYPA-UHFFFAOYSA-N",Preclinical
WZ4003,AMPK inhibitor,"NUAK1, NUAK2",,,"Selleck, Selleck, Selleck, Selleck",95.12,"CCC(=O)Nc1cccc(Oc2nc(Nc3ccc(cc3OC)N3CCN(C)CC3)ncc2Cl)c1, CCC(=O)Nc1cccc(Oc2nc(Nc3ccc(cc3OC)N3CCN(C)CC3)ncc2Cl)c1, CCC(=O)Nc1cccc(Oc2nc(Nc3ccc(cc3OC)N3CCN(C)CC3)ncc2Cl)c1, CCC(=O)Nc1cccc(Oc2nc(Nc3ccc(cc3OC)N3CCN(C)CC3)ncc2Cl)c1","SDGJBAUIGHSMRI-UHFFFAOYSA-N, SDGJBAUIGHSMRI-UHFFFAOYSA-N, SDGJBAUIGHSMRI-UHFFFAOYSA-N, SDGJBAUIGHSMRI-UHFFFAOYSA-N",Preclinical
WZ8040,EGFR inhibitor,EGFR,,,"Selleck, Selleck, Selleck",94.06,"CN1CCN(CC1)c1ccc(Nc2ncc(Cl)c(Sc3cccc(NC(=O)C=C)c3)n2)cc1, CN1CCN(CC1)c1ccc(Nc2ncc(Cl)c(Sc3cccc(NC(=O)C=C)c3)n2)cc1, CN1CCN(CC1)c1ccc(Nc2ncc(Cl)c(Sc3cccc(NC(=O)C=C)c3)n2)cc1","KIISCIGBPUVZBF-UHFFFAOYSA-N, KIISCIGBPUVZBF-UHFFFAOYSA-N, KIISCIGBPUVZBF-UHFFFAOYSA-N",Preclinical
WZ811,CC chemokine receptor antagonist,CXCR4,,,"Tocris, Selleck, Selleck, Selleck, Selleck",95.7,"C(Nc1ccccn1)c1ccc(CNc2ccccn2)cc1, C(Nc1ccccn1)c1ccc(CNc2ccccn2)cc1, C(Nc1ccccn1)c1ccc(CNc2ccccn2)cc1, C(Nc1ccccn1)c1ccc(CNc2ccccn2)cc1, C(Nc1ccccn1)c1ccc(CNc2ccccn2)cc1","KBVFRXIGQQRMEF-UHFFFAOYSA-N, KBVFRXIGQQRMEF-UHFFFAOYSA-N, KBVFRXIGQQRMEF-UHFFFAOYSA-N, KBVFRXIGQQRMEF-UHFFFAOYSA-N, KBVFRXIGQQRMEF-UHFFFAOYSA-N",Preclinical
xaliproden,serotonin receptor agonist,HTR1A,,,"Tocris, Tocris, Tocris, Tocris",99.44,"FC(F)(F)c1cccc(c1)C1=CCN(CCc2ccc3ccccc3c2)CC1 |t:11|, FC(F)(F)c1cccc(c1)C1=CCN(CCc2ccc3ccccc3c2)CC1 |t:11|, FC(F)(F)c1cccc(c1)C1=CCN(CCc2ccc3ccccc3c2)CC1 |t:11|, FC(F)(F)c1cccc(c1)C1=CCN(CCc2ccc3ccccc3c2)CC1 |t:11|","WJJYZXPHLSLMGE-UHFFFAOYSA-N, WJJYZXPHLSLMGE-UHFFFAOYSA-N, WJJYZXPHLSLMGE-UHFFFAOYSA-N, WJJYZXPHLSLMGE-UHFFFAOYSA-N",Phase 3
xamoterol,adrenergic receptor agonist,ADRB1,,,"Tocris, Tocris, Tocris, Tocris",87.58,"OC(CNCCNC(=O)N1CCOCC1)COc1ccc(O)cc1, OC(CNCCNC(=O)N1CCOCC1)COc1ccc(O)cc1, OC(CNCCNC(=O)N1CCOCC1)COc1ccc(O)cc1, OC(CNCCNC(=O)N1CCOCC1)COc1ccc(O)cc1","DXPOSRCHIDYWHW-UHFFFAOYSA-N, DXPOSRCHIDYWHW-UHFFFAOYSA-N, DXPOSRCHIDYWHW-UHFFFAOYSA-N, DXPOSRCHIDYWHW-UHFFFAOYSA-N",Phase 3
xanomeline,acetylcholine receptor agonist,"CHRM1, CHRM2, CHRM3, CHRM4, CHRM5, HTR1A, HTR1B, HTR1D, HTR1E, HTR1F, HTR2A, HTR2B, HTR2C, HTR6, HTR7",,,"Tocris, MedChemEx",97.8,"CCCCCCOc1nsnc1C1=CCCN(C)C1 |t:13|, CCCCCCOc1nsnc1C1=CCCN(C)C1 |t:13|","JOLJIIDDOBNFHW-UHFFFAOYSA-N, JOLJIIDDOBNFHW-UHFFFAOYSA-N",Phase 3
xanthone,antimalarial agent,,,,"Selleck, Selleck",97.2,"O=c1c2ccccc2oc2ccccc12, O=c1c2ccccc2oc2ccccc12","JNELGWHKGNBSMD-UHFFFAOYSA-N, JNELGWHKGNBSMD-UHFFFAOYSA-N",Preclinical
XAV-939,tankyrase inhibitor,"TNKS, TNKS2",,,"Tocris, Tocris, Tocris, Selleck",96.8,"FC(F)(F)c1ccc(cc1)-c1nc(=O)c2CSCCc2[nH]1, FC(F)(F)c1ccc(cc1)-c1nc(=O)c2CSCCc2[nH]1, FC(F)(F)c1ccc(cc1)-c1nc(=O)c2CSCCc2[nH]1, FC(F)(F)c1ccc(cc1)-c1nc(=O)c2CSCCc2[nH]1","KLGQSVMIPOVQAX-UHFFFAOYSA-N, KLGQSVMIPOVQAX-UHFFFAOYSA-N, KLGQSVMIPOVQAX-UHFFFAOYSA-N, KLGQSVMIPOVQAX-UHFFFAOYSA-N",Preclinical
XBD173,benzodiazepine receptor ligand,TSPO,,,"Tocris, Tocris, MedChemEx",99.75,"CCN(Cc1ccccc1)C(=O)Cn1c2nc(ncc2n(C)c1=O)-c1ccccc1, CCN(Cc1ccccc1)C(=O)Cn1c2nc(ncc2n(C)c1=O)-c1ccccc1, CCN(Cc1ccccc1)C(=O)Cn1c2nc(ncc2n(C)c1=O)-c1ccccc1","NBMBIEOUVBHEBM-UHFFFAOYSA-N, NBMBIEOUVBHEBM-UHFFFAOYSA-N, NBMBIEOUVBHEBM-UHFFFAOYSA-N",Phase 2
XD-14,bromodomain inhibitor,"BRD2, BRD3, BRD4, BRDT",,,"Tocris, Tocris",87.21,"CCN(CC)S(=O)(=O)c1ccc(O)c(NC(=O)c2[nH]c(C)c(C(C)=O)c2CC)c1, CCN(CC)S(=O)(=O)c1ccc(O)c(NC(=O)c2[nH]c(C)c(C(C)=O)c2CC)c1","DPBKLIVPNYGQQG-UHFFFAOYSA-N, DPBKLIVPNYGQQG-UHFFFAOYSA-N",Preclinical
XE-991,potassium channel blocker,"KCNQ1, KCNQ2, KCNQ3, KCNQ4, KCNQ5",,,"Tocris, Tocris",98.74,"O=C1c2ccccc2C(Cc2ccncc2)(Cc2ccncc2)c2ccccc12, O=C1c2ccccc2C(Cc2ccncc2)(Cc2ccncc2)c2ccccc12","KHJFBUUFMUBONL-UHFFFAOYSA-N, KHJFBUUFMUBONL-UHFFFAOYSA-N",Preclinical
xenalipin,,,,,Enamine,98.55,OC(=O)c1ccccc1-c1ccc(cc1)C(F)(F)F,IQOMYCGTGFGDFN-UHFFFAOYSA-N,Phase 2
xibenolol,adrenergic receptor antagonist,,,,PrincetonBio,98.27,"Cc1cccc(OC[C@@H](O)CNC(C)(C)C)c1C |&1:8,r|",RKUQLAPSGZJLGP-ZDUSSCGKSA-N,Phase 3
xilobam,,,,,Enamine,88.42,CN1CCC\C1=N\C(=O)Nc1c(C)cccc1C,PAXRPWSXCPTPCA-QINSGFPZSA-N,Phase 1
xipamide,carbonic anhydrase inhibitor,SLC12A3,cardiology,"edema, hypertension","OxChem, OxChem",99.61,"Cc1cccc(C)c1NC(=O)c1cc(c(Cl)cc1O)S(N)(=O)=O, Cc1cccc(C)c1NC(=O)c1cc(c(Cl)cc1O)S(N)(=O)=O","MTZBBNMLMNBNJL-UHFFFAOYSA-N, MTZBBNMLMNBNJL-UHFFFAOYSA-N",Launched
XL019,JAK inhibitor,"JAK1, JAK2, JAK3",,,"MedChemEx, MedChemEx, Selleck, Selleck, Selleck",85.4,"O=C(Nc1ccc(cc1)-c1ccnc(Nc2ccc(cc2)N2CCOCC2)n1)[C@@H]1CCCN1, O=C(Nc1ccc(cc1)-c1ccnc(Nc2ccc(cc2)N2CCOCC2)n1)[C@@H]1CCCN1, O=C(Nc1ccc(cc1)-c1ccnc(Nc2ccc(cc2)N2CCOCC2)n1)[C@@H]1CCCN1, O=C(Nc1ccc(cc1)-c1ccnc(Nc2ccc(cc2)N2CCOCC2)n1)[C@@H]1CCCN1, O=C(Nc1ccc(cc1)-c1ccnc(Nc2ccc(cc2)N2CCOCC2)n1)[C@@H]1CCCN1","ISOCDPQFIXDIMS-QHCPKHFHSA-N, ISOCDPQFIXDIMS-QHCPKHFHSA-N, ISOCDPQFIXDIMS-QHCPKHFHSA-N, ISOCDPQFIXDIMS-QHCPKHFHSA-N, ISOCDPQFIXDIMS-QHCPKHFHSA-N",Phase 1
XL041,LXR agonist,,,,MedChemEx,98.23,CC(C)(O)c1cn(c(n1)C(C)(C)c1c(Cl)cccc1Cl)-c1ccc(cc1F)-c1cc(F)c(CO)c(c1)S(C)(=O)=O,HNAJDMYOTDNOBK-UHFFFAOYSA-N,Preclinical
XL147,PI3K inhibitor,"PIK3CA, PIK3CD, PIK3CG",,,"Selleck, MedChemEx",96.66,"Cc1ccc(cc1)S(=O)(=O)Nc1nc2ccccc2nc1Nc1ccc2nsnc2c1, Cc1ccc(cc1)S(=O)(=O)Nc1nc2ccccc2nc1Nc1ccc2nsnc2c1","MQMKRQLTIWPEDM-UHFFFAOYSA-N, MQMKRQLTIWPEDM-UHFFFAOYSA-N",Phase 2
XL228,"Abl kinase inhibitor, insulin growth factor receptor inhibitor, SRC inhibitor","IGF1R, SRC",,,"MedChemEx, MedChemEx, MedChemEx, MedChemEx",96.72,"CC(C)c1cc(CNc2nc(Nc3cc(n[nH]3)C3CC3)cc(n2)N2CCN(C)CC2)on1, CC(C)c1cc(CNc2nc(Nc3cc(n[nH]3)C3CC3)cc(n2)N2CCN(C)CC2)on1, CC(C)c1cc(CNc2nc(Nc3cc(n[nH]3)C3CC3)cc(n2)N2CCN(C)CC2)on1, CC(C)c1cc(CNc2nc(Nc3cc(n[nH]3)C3CC3)cc(n2)N2CCN(C)CC2)on1","ALKJNCZNEOTEMP-UHFFFAOYSA-N, ALKJNCZNEOTEMP-UHFFFAOYSA-N, ALKJNCZNEOTEMP-UHFFFAOYSA-N, ALKJNCZNEOTEMP-UHFFFAOYSA-N",Phase 1
XL388,mTOR inhibitor,MTOR,,,"Tocris, Selleck",97.77,"Cc1c(F)c(ccc1C(=O)N1CCOc2ccc(cc2C1)-c1ccc(N)nc1)S(C)(=O)=O, Cc1c(F)c(ccc1C(=O)N1CCOc2ccc(cc2C1)-c1ccc(N)nc1)S(C)(=O)=O","LNFBAYSBVQBKFR-UHFFFAOYSA-N, LNFBAYSBVQBKFR-UHFFFAOYSA-N",Preclinical
XL647,"EGFR inhibitor, VEGFR inhibitor","EGFR, EPHB4, ERBB2, FLT4, KDR",,,"MedChemEx, MedChemEx, MedChemEx, MedChemEx",95.23,"COc1cc2c(Nc3ccc(Cl)c(Cl)c3F)ncnc2cc1OC[C@H]1C[C@H]2CN(C)C[C@H]2C1, COc1cc2c(Nc3ccc(Cl)c(Cl)c3F)ncnc2cc1OC[C@H]1C[C@H]2CN(C)C[C@H]2C1, COc1cc2c(Nc3ccc(Cl)c(Cl)c3F)ncnc2cc1OC[C@H]1C[C@H]2CN(C)C[C@H]2C1, COc1cc2c(Nc3ccc(Cl)c(Cl)c3F)ncnc2cc1OC[C@H]1C[C@H]2CN(C)C[C@H]2C1","HVXKQKFEHMGHSL-QKDCVEJESA-N, HVXKQKFEHMGHSL-QKDCVEJESA-N, HVXKQKFEHMGHSL-QKDCVEJESA-N, HVXKQKFEHMGHSL-QKDCVEJESA-N",Phase 3
XL888,HSP inhibitor,,,,MedChemEx,97.08,[H][C@]1(C[C@@H]2CC[C@H](C1)N2c1ccc(cn1)C(=O)C1CC1)NC(=O)c1cc(N[C@H](C)CC)c(cc1C)C(N)=O |TLB:9:8:4.5:1.2.7|,LHGWWAFKVCIILM-HLRQEUIKSA-N,Phase 1
XMD17-109,MAP kinase inhibitor,MAPK7,,,"Tocris, Tocris, MedChemEx, MedChemEx, MedChemEx",98.26,"CCOc1cc(ccc1Nc1ncc2N(C)C(=O)c3ccccc3N(C3CCCC3)c2n1)C(=O)N1CCC(CC1)N1CCN(C)CC1, CCOc1cc(ccc1Nc1ncc2N(C)C(=O)c3ccccc3N(C3CCCC3)c2n1)C(=O)N1CCC(CC1)N1CCN(C)CC1, CCOc1cc(ccc1Nc1ncc2N(C)C(=O)c3ccccc3N(C3CCCC3)c2n1)C(=O)N1CCC(CC1)N1CCN(C)CC1, CCOc1cc(ccc1Nc1ncc2N(C)C(=O)c3ccccc3N(C3CCCC3)c2n1)C(=O)N1CCC(CC1)N1CCN(C)CC1, CCOc1cc(ccc1Nc1ncc2N(C)C(=O)c3ccccc3N(C3CCCC3)c2n1)C(=O)N1CCC(CC1)N1CCN(C)CC1","XVBGRTMNFNMINE-UHFFFAOYSA-N, XVBGRTMNFNMINE-UHFFFAOYSA-N, XVBGRTMNFNMINE-UHFFFAOYSA-N, XVBGRTMNFNMINE-UHFFFAOYSA-N, XVBGRTMNFNMINE-UHFFFAOYSA-N",Preclinical
XMD8-92,MAP kinase inhibitor,"DCLK2, MAPK7, PLK4, TNK1",,,"MedChemEx, MedChemEx, Tocris",88.71,"CCOc1cc(ccc1Nc1ncc2N(C)C(=O)c3ccccc3N(C)c2n1)N1CCC(O)CC1, CCOc1cc(ccc1Nc1ncc2N(C)C(=O)c3ccccc3N(C)c2n1)N1CCC(O)CC1, CCOc1cc(ccc1Nc1ncc2N(C)C(=O)c3ccccc3N(C)c2n1)N1CCC(O)CC1","QAPAJIZPZGWAND-UHFFFAOYSA-N, QAPAJIZPZGWAND-UHFFFAOYSA-N, QAPAJIZPZGWAND-UHFFFAOYSA-N",Preclinical
xylazine,adrenergic receptor agonist,"ADRA2A, ADRA2B, ADRA2C",neurology/psychiatry,anesthetic,"MedChemEx, MicroSource, Selleck",99.59,"Cc1cccc(C)c1NC1=NCCCS1 |t:10|, Cc1cccc(C)c1NC1=NCCCS1 |t:10|, Cc1cccc(C)c1NC1=NCCCS1 |t:10|","BPICBUSOMSTKRF-UHFFFAOYSA-N, BPICBUSOMSTKRF-UHFFFAOYSA-N, BPICBUSOMSTKRF-UHFFFAOYSA-N",Launched
xylometazoline,adrenergic receptor agonist,"ADRA1A, ADRA1B, ADRA1D, ADRA2A, ADRA2B, ADRA2C","otolaryngology, allergy","nasal congestion, allergic rhinitis","MedChemEx, MicroSource, Selleck",98.38,"Cc1cc(cc(C)c1CC1=NCCN1)C(C)(C)C |t:10|, Cc1cc(cc(C)c1CC1=NCCN1)C(C)(C)C |t:10|, Cc1cc(cc(C)c1CC1=NCCN1)C(C)(C)C |t:10|","HUCJFAOMUPXHDK-UHFFFAOYSA-N, HUCJFAOMUPXHDK-UHFFFAOYSA-N, HUCJFAOMUPXHDK-UHFFFAOYSA-N",Launched
xylose,,,,,"Selleck, Selleck",100,"OC[C@@H](O)[C@H](O)[C@@H](O)C=O, OC[C@@H](O)[C@H](O)[C@@H](O)C=O","PYMYPHUHKUWMLA-VPENINKCSA-N, PYMYPHUHKUWMLA-VPENINKCSA-N",Launched
Y-11,focal adhesion kinase inhibitor,PTK2,,,"Tocris, Tocris",100,"OCC[N+]12CN3CN(CN(C3)C1)C2, OCC[N+]12CN3CN(CN(C3)C1)C2","SQWGHMPVSMSPNY-UHFFFAOYSA-N, SQWGHMPVSMSPNY-UHFFFAOYSA-N",Preclinical
Y-134,estrogen receptor antagonist,"ESR1, ESR2",,,"Tocris, Tocris, Tocris, Tocris, Tocris",93.94,"CC(C)N1CCN(CC1)c1ccc(cc1)C(=O)c1c(sc2cc(O)ccc12)-c1ccc(O)cc1, CC(C)N1CCN(CC1)c1ccc(cc1)C(=O)c1c(sc2cc(O)ccc12)-c1ccc(O)cc1, CC(C)N1CCN(CC1)c1ccc(cc1)C(=O)c1c(sc2cc(O)ccc12)-c1ccc(O)cc1, CC(C)N1CCN(CC1)c1ccc(cc1)C(=O)c1c(sc2cc(O)ccc12)-c1ccc(O)cc1, CC(C)N1CCN(CC1)c1ccc(cc1)C(=O)c1c(sc2cc(O)ccc12)-c1ccc(O)cc1","LQEOPHGPHCWOAC-UHFFFAOYSA-N, LQEOPHGPHCWOAC-UHFFFAOYSA-N, LQEOPHGPHCWOAC-UHFFFAOYSA-N, LQEOPHGPHCWOAC-UHFFFAOYSA-N, LQEOPHGPHCWOAC-UHFFFAOYSA-N",Preclinical
Y-26763,potassium channel activator,KCNJ8,,,"Tocris, Tocris, Tocris",96.19,"CC(=O)N(O)[C@H]1[C@H](O)C(C)(C)Oc2ccc(cc12)C#N, CC(=O)N(O)[C@H]1[C@H](O)C(C)(C)Oc2ccc(cc12)C#N, CC(=O)N(O)[C@H]1[C@H](O)C(C)(C)Oc2ccc(cc12)C#N","IWTCFIIOUXJOOV-OLZOCXBDSA-N, IWTCFIIOUXJOOV-OLZOCXBDSA-N, IWTCFIIOUXJOOV-OLZOCXBDSA-N",Phase 1
Y-27152,potassium channel activator,KCNJ8,,,"Tocris, Tocris",99.08,"CC(=O)N(OCc1ccccc1)[C@H]1[C@H](O)C(C)(C)Oc2ccc(cc12)C#N, CC(=O)N(OCc1ccccc1)[C@H]1[C@H](O)C(C)(C)Oc2ccc(cc12)C#N","RHFUXPCCELGMFC-UXHICEINSA-N, RHFUXPCCELGMFC-UXHICEINSA-N",Phase 1
Y-27632,rho associated kinase inhibitor,"PKIA, PKN2, PRKACA, PRKCE, ROCK1, ROCK2",,,"Selleck, Selleck, Selleck, Tocris, Selleck",99.62,"C[C@@H](N)[C@H]1CC[C@@H](CC1)C(=O)Nc1ccncc1, C[C@@H](N)[C@H]1CC[C@@H](CC1)C(=O)Nc1ccncc1, C[C@@H](N)[C@H]1CC[C@@H](CC1)C(=O)Nc1ccncc1, C[C@@H](N)[C@H]1CC[C@@H](CC1)C(=O)Nc1ccncc1, C[C@@H](N)[C@H]1CC[C@@H](CC1)C(=O)Nc1ccncc1","IYOZTVGMEWJPKR-IJLUTSLNSA-N, IYOZTVGMEWJPKR-IJLUTSLNSA-N, IYOZTVGMEWJPKR-IJLUTSLNSA-N, IYOZTVGMEWJPKR-IJLUTSLNSA-N, IYOZTVGMEWJPKR-IJLUTSLNSA-N",Preclinical
Y-29794,prolyl endopeptidase inhibitor,PREP,,,"Tocris, Tocris",89.89,"CC(C)c1ccc(C(=O)c2cccs2)c(SCCCCCCCCN(C)C)n1, CC(C)c1ccc(C(=O)c2cccs2)c(SCCCCCCCCN(C)C)n1","HAGHKJDWBDSFKC-UHFFFAOYSA-N, HAGHKJDWBDSFKC-UHFFFAOYSA-N",Preclinical
Y-320,interleukin inhibitor,IL17A,,,"Selleck, MedChemEx",96.38,"Cc1c(cnn1-c1ccc(Cl)cc1)C(=O)Nc1ccc(N2CCC(CC2)N2CCOCC2)c(c1)C#N, Cc1c(cnn1-c1ccc(Cl)cc1)C(=O)Nc1ccc(N2CCC(CC2)N2CCOCC2)c(c1)C#N","BWZNJVZTAWBIFG-UHFFFAOYSA-N, BWZNJVZTAWBIFG-UHFFFAOYSA-N",Preclinical
Y-39983,rho associated kinase inhibitor,"ROCK1, ROCK2",,,"MedChemEx, MedChemEx, MedChemEx, MedChemEx, MedChemEx, MedChemEx, MedChemEx",97.51,"C[C@@H](N)c1ccc(cc1)C(=O)Nc1ccnc2[nH]ccc12, C[C@@H](N)c1ccc(cc1)C(=O)Nc1ccnc2[nH]ccc12, C[C@@H](N)c1ccc(cc1)C(=O)Nc1ccnc2[nH]ccc12, C[C@@H](N)c1ccc(cc1)C(=O)Nc1ccnc2[nH]ccc12, C[C@@H](N)c1ccc(cc1)C(=O)Nc1ccnc2[nH]ccc12, C[C@@H](N)c1ccc(cc1)C(=O)Nc1ccnc2[nH]ccc12, C[C@@H](N)c1ccc(cc1)C(=O)Nc1ccnc2[nH]ccc12","JTVBXQAYBIJXRP-SNVBAGLBSA-N, JTVBXQAYBIJXRP-SNVBAGLBSA-N, JTVBXQAYBIJXRP-SNVBAGLBSA-N, JTVBXQAYBIJXRP-SNVBAGLBSA-N, JTVBXQAYBIJXRP-SNVBAGLBSA-N, JTVBXQAYBIJXRP-SNVBAGLBSA-N, JTVBXQAYBIJXRP-SNVBAGLBSA-N",Phase 2
YC-1,guanylyl cyclase activator,"GUCY1A2, GUCY1A3, GUCY1B3, HIF1A",,,"Tocris, Tocris",95.49,"OCc1ccc(o1)-c1nn(Cc2ccccc2)c2ccccc12, OCc1ccc(o1)-c1nn(Cc2ccccc2)c2ccccc12","OQQVFCKUDYMWGV-UHFFFAOYSA-N, OQQVFCKUDYMWGV-UHFFFAOYSA-N",Preclinical
YIL-781,ghrelin receptor antagonist,GHSR,,,"Tocris, Tocris",95.61,"CC(C)N1CCC[C@H](Cn2c(C)nc3ccc(Oc4ccc(F)cc4)cc3c2=O)C1, CC(C)N1CCC[C@H](Cn2c(C)nc3ccc(Oc4ccc(F)cc4)cc3c2=O)C1","FRKXOBMDEXCHHD-SFHVURJKSA-N, FRKXOBMDEXCHHD-SFHVURJKSA-N",Preclinical
YK-4-279,apoptosis inhibitor,"EWSR1, FLI1",,,"Tocris, MedChemEx",98.2,"COc1ccc(cc1)C(=O)C[C@@]1(O)C(=O)Nc2c1c(Cl)ccc2Cl |&1:11,r|, COc1ccc(cc1)C(=O)C[C@@]1(O)C(=O)Nc2c1c(Cl)ccc2Cl |&1:11,r|","HLXSCTYHLQHQDJ-KRWDZBQOSA-N, HLXSCTYHLQHQDJ-KRWDZBQOSA-N",Preclinical
YL0919,selective serotonin reuptake inhibitor (SSRI),,,,MedChemEx,96.45,OC1(Cn2ccccc2=O)CCN(Cc2ccccc2)CC1,BGMVOROUOUVVRV-UHFFFAOYSA-N,Preclinical
YM-022,CCK receptor antagonist,CCKBR,,,Sigma,99.62,Cc1cccc(NC(=O)N[C@@H]2N=C(c3ccccc3)c3ccccc3N(CC(=O)c3ccccc3C)C2=O)c1 |t:11|,YCXFHPUBGMMWJQ-PMERELPUSA-N,Phase 2
YM-155,survivin inhibitor,BIRC5,,,"MedChemEx, MedChemEx, Selleck, Selleck, MedChemEx",93.58,"COCCn1c(C)[n+](Cc2cnccn2)c2c1C(=O)c1ccccc1C2=O, COCCn1c(C)[n+](Cc2cnccn2)c2c1C(=O)c1ccccc1C2=O, COCCn1c(C)[n+](Cc2cnccn2)c2c1C(=O)c1ccccc1C2=O, COCCn1c(C)[n+](Cc2cnccn2)c2c1C(=O)c1ccccc1C2=O, COCCn1c(C)[n+](Cc2cnccn2)c2c1C(=O)c1ccccc1C2=O","OTSOOHRUMBRSHZ-UHFFFAOYSA-N, OTSOOHRUMBRSHZ-UHFFFAOYSA-N, OTSOOHRUMBRSHZ-UHFFFAOYSA-N, OTSOOHRUMBRSHZ-UHFFFAOYSA-N, OTSOOHRUMBRSHZ-UHFFFAOYSA-N",Phase 2
YM-201636,PI3K inhibitor,,,,"Selleck, Selleck, Selleck",95.9,"Nc1ccc(cn1)C(=O)Nc1cccc(c1)-c1nc(N2CCOCC2)c2oc3ncccc3c2n1, Nc1ccc(cn1)C(=O)Nc1cccc(c1)-c1nc(N2CCOCC2)c2oc3ncccc3c2n1, Nc1ccc(cn1)C(=O)Nc1cccc(c1)-c1nc(N2CCOCC2)c2oc3ncccc3c2n1","YBPIBGNBHHGLEB-UHFFFAOYSA-N, YBPIBGNBHHGLEB-UHFFFAOYSA-N, YBPIBGNBHHGLEB-UHFFFAOYSA-N",Preclinical
YM-244769,sodium/calcium exchange inhibitor,,,,"Tocris, Tocris",94.4,"Nc1cccc(CNC(=O)c2ccc(Oc3ccc(OCc4cccc(F)c4)cc3)nc2)c1, Nc1cccc(CNC(=O)c2ccc(Oc3ccc(OCc4cccc(F)c4)cc3)nc2)c1","JZMLHJRKSJXARY-UHFFFAOYSA-N, JZMLHJRKSJXARY-UHFFFAOYSA-N",Preclinical
YM-298198,glutamate receptor antagonist,GRM1,,,"Tocris, Tocris, Tocris",97.2,"CN(C1CCCCC1)C(=O)c1sc2nc3ccc(N)cc3n2c1C, CN(C1CCCCC1)C(=O)c1sc2nc3ccc(N)cc3n2c1C, CN(C1CCCCC1)C(=O)c1sc2nc3ccc(N)cc3n2c1C","KCBXOMYXOBVLED-UHFFFAOYSA-N, KCBXOMYXOBVLED-UHFFFAOYSA-N, KCBXOMYXOBVLED-UHFFFAOYSA-N",Preclinical
YM-298198-desmethyl,glutamate receptor antagonist,GRM1,,,"Tocris, Tocris",87.86,"Cc1c(sc2nc3ccc(N)cc3n12)C(=O)NC1CCCCC1, Cc1c(sc2nc3ccc(N)cc3n12)C(=O)NC1CCCCC1","VWOMTTIMBHBPBI-UHFFFAOYSA-N, VWOMTTIMBHBPBI-UHFFFAOYSA-N",Preclinical
YM-511,aromatase inhibitor,CYP19A1,,,Tocris,98.92,Brc1ccc(CN(c2ccc(cc2)C#N)n2cnnc2)cc1,GGPPBTSXFROGAE-UHFFFAOYSA-N,Phase 2
YM-58483,calcium channel blocker,"TRPC3, TRPC5, TRPM4",,,"Tocris, EMDBio, EMDBio, EMDBio, EMDBio, EMDBio, EMDBio, EMDBio, EMDBio",99.86,"Cc1nnsc1C(=O)Nc1ccc(cc1)-n1nc(cc1C(F)(F)F)C(F)(F)F, Cc1nnsc1C(=O)Nc1ccc(cc1)-n1nc(cc1C(F)(F)F)C(F)(F)F, Cc1nnsc1C(=O)Nc1ccc(cc1)-n1nc(cc1C(F)(F)F)C(F)(F)F, Cc1nnsc1C(=O)Nc1ccc(cc1)-n1nc(cc1C(F)(F)F)C(F)(F)F, Cc1nnsc1C(=O)Nc1ccc(cc1)-n1nc(cc1C(F)(F)F)C(F)(F)F, Cc1nnsc1C(=O)Nc1ccc(cc1)-n1nc(cc1C(F)(F)F)C(F)(F)F, Cc1nnsc1C(=O)Nc1ccc(cc1)-n1nc(cc1C(F)(F)F)C(F)(F)F, Cc1nnsc1C(=O)Nc1ccc(cc1)-n1nc(cc1C(F)(F)F)C(F)(F)F, Cc1nnsc1C(=O)Nc1ccc(cc1)-n1nc(cc1C(F)(F)F)C(F)(F)F","XPRZIORDEVHURQ-UHFFFAOYSA-N, XPRZIORDEVHURQ-UHFFFAOYSA-N, XPRZIORDEVHURQ-UHFFFAOYSA-N, XPRZIORDEVHURQ-UHFFFAOYSA-N, XPRZIORDEVHURQ-UHFFFAOYSA-N, XPRZIORDEVHURQ-UHFFFAOYSA-N, XPRZIORDEVHURQ-UHFFFAOYSA-N, XPRZIORDEVHURQ-UHFFFAOYSA-N, XPRZIORDEVHURQ-UHFFFAOYSA-N",Preclinical
YM-750,ACAT inhibitor,SOAT1,,,"Tocris, Tocris",98.4,"Cc1cc(C)c(NC(=O)N(Cc2ccc-3c(Cc4ccccc-34)c2)C2CCCCCC2)c(C)c1, Cc1cc(C)c(NC(=O)N(Cc2ccc-3c(Cc4ccccc-34)c2)C2CCCCCC2)c(C)c1","FMLJREWZCZHGGW-UHFFFAOYSA-N, FMLJREWZCZHGGW-UHFFFAOYSA-N",Phase 1
YM-90709,IL5 inhibitor,"CSF2RB, IL5RA",,,"MedChemEx, Tocris, Tocris",95.6,"COc1cc2CC(C)(C)n3c(cc4nc5ccccc5nc34)-c2cc1OC, COc1cc2CC(C)(C)n3c(cc4nc5ccccc5nc34)-c2cc1OC, COc1cc2CC(C)(C)n3c(cc4nc5ccccc5nc34)-c2cc1OC","HIXSPVQXXDULHS-UHFFFAOYSA-N, HIXSPVQXXDULHS-UHFFFAOYSA-N, HIXSPVQXXDULHS-UHFFFAOYSA-N",Preclinical
YM-976,phosphodiesterase inhibitor,PDE4A,,,"Tocris, Tocris, Tocris, Tocris",98.61,"CCc1ccc2c(nc(=O)n(CC)c2n1)-c1cccc(Cl)c1, CCc1ccc2c(nc(=O)n(CC)c2n1)-c1cccc(Cl)c1, CCc1ccc2c(nc(=O)n(CC)c2n1)-c1cccc(Cl)c1, CCc1ccc2c(nc(=O)n(CC)c2n1)-c1cccc(Cl)c1","MNHXYNNKDDXKNP-UHFFFAOYSA-N, MNHXYNNKDDXKNP-UHFFFAOYSA-N, MNHXYNNKDDXKNP-UHFFFAOYSA-N, MNHXYNNKDDXKNP-UHFFFAOYSA-N",Phase 1
YO-01027,gamma secretase inhibitor,,,,"Tocris, Tocris, Selleck",97.84,"C[C@H](NC(=O)Cc1cc(F)cc(F)c1)C(=O)N[C@H]1c2ccccc2-c2ccccc2N(C)C1=O, C[C@H](NC(=O)Cc1cc(F)cc(F)c1)C(=O)N[C@H]1c2ccccc2-c2ccccc2N(C)C1=O, C[C@H](NC(=O)Cc1cc(F)cc(F)c1)C(=O)N[C@H]1c2ccccc2-c2ccccc2N(C)C1=O","QSHGISMANBKLQL-OWJWWREXSA-N, QSHGISMANBKLQL-OWJWWREXSA-N, QSHGISMANBKLQL-OWJWWREXSA-N",Preclinical
yoda-1,piezo channel activator,PIEZO1,,,"Tocris, Tocris, Tocris",96.08,"Clc1cccc(Cl)c1CSc1nnc(s1)-c1cnccn1, Clc1cccc(Cl)c1CSc1nnc(s1)-c1cnccn1, Clc1cccc(Cl)c1CSc1nnc(s1)-c1cnccn1","BQNXBSYSQXSXPT-UHFFFAOYSA-N, BQNXBSYSQXSXPT-UHFFFAOYSA-N, BQNXBSYSQXSXPT-UHFFFAOYSA-N",Preclinical
yohimbine,adrenergic receptor antagonist,"ADRA2A, ADRA2B, ADRA2C, DRD2, DRD3, HTR1A, HTR1B, HTR1D, HTR1E, HTR1F, HTR2A, HTR2B, HTR2C, HTR5A, HTR7, KCNJ1, KCNJ10, KCNJ11, KCNJ12, KCNJ14, KCNJ15, KCNJ8",cardiology,"cardiac arrythmia, bradycardia","Tocris, Selleck, MicroSource, MicroSource",97.72,"COC(=O)[C@H]1[C@@H](O)CC[C@H]2CN3CCc4c([nH]c5ccccc45)[C@@H]3C[C@H]12, COC(=O)[C@H]1[C@@H](O)CC[C@H]2CN3CCc4c([nH]c5ccccc45)[C@@H]3C[C@H]12, COC(=O)[C@H]1[C@@H](O)CC[C@H]2CN3CCc4c([nH]c5ccccc45)[C@@H]3C[C@H]12, COC(=O)[C@H]1[C@@H](O)CC[C@H]2CN3CCc4c([nH]c5ccccc45)[C@@H]3C[C@H]12","BLGXFZZNTVWLAY-SCYLSFHTSA-N, BLGXFZZNTVWLAY-SCYLSFHTSA-N, BLGXFZZNTVWLAY-SCYLSFHTSA-N, BLGXFZZNTVWLAY-SCYLSFHTSA-N",Launched
YS-035,calcium channel blocker,,,,"Tocris, Tocris",96.03,"COc1ccc(CCN(C)CCc2ccc(OC)c(OC)c2)cc1OC, COc1ccc(CCN(C)CCc2ccc(OC)c(OC)c2)cc1OC","OXZMQFKVNVQMLI-UHFFFAOYSA-N, OXZMQFKVNVQMLI-UHFFFAOYSA-N",Preclinical
YS-201,calcium receptor antagonist,,,,MedChemEx,93.12,"CCOC(=O)C1=C(C)NC(C)=C([C@@H]1c1cccc(c1)[N+]([O-])=O)C(=O)OCCN1CCCCC1 |&1:12,r,c:5,10|",LBSRZVRITCRLIU-JOCHJYFZSA-N,Preclinical
YZ9,phosphofructokinase inhibitor,"MIF, PFKFB3",,,"Tocris, Tocris, Tocris",97.18,"CCOC(=O)c1cc2ccc(O)cc2oc1=O, CCOC(=O)c1cc2ccc(O)cc2oc1=O, CCOC(=O)c1cc2ccc(O)cc2oc1=O","IETDBZQIWIJQJG-UHFFFAOYSA-N, IETDBZQIWIJQJG-UHFFFAOYSA-N, IETDBZQIWIJQJG-UHFFFAOYSA-N",Preclinical
Y16,rho associated kinase inhibitor,RHOA,,,"MedChemEx, MedChemEx",63.43,"Cc1cccc(COc2cccc(\C=C3/C(=O)NN(C3=O)c3ccccc3)c2)c1, Cc1cccc(COc2cccc(\C=C3/C(=O)NN(C3=O)c3ccccc3)c2)c1","ITMLWGWTDWJSRZ-PXLXIMEGSA-N, ITMLWGWTDWJSRZ-PXLXIMEGSA-N",Preclinical
zacopride,serotonin receptor antagonist,"HTR3A, HTR3B, HTR4, HTR5A",,,"Tocris, Tocris",97.84,"COc1cc(N)c(Cl)cc1C(=O)N[C@H]1CN2CCC1CC2 |&1:13,THB:12:13:16.17:19.20|, COc1cc(N)c(Cl)cc1C(=O)N[C@H]1CN2CCC1CC2 |&1:13,THB:12:13:16.17:19.20|","FEROPKNOYKURCJ-ZDUSSCGKSA-N, FEROPKNOYKURCJ-ZDUSSCGKSA-N",Phase 2
zafirlukast,leukotriene receptor antagonist,"CYSLTR1, CYSLTR2",pulmonary,asthma,"Selleck, Selleck, Selleck",95.1,"COc1cc(ccc1Cc1cn(C)c2ccc(NC(=O)OC3CCCC3)cc12)C(=O)NS(=O)(=O)c1ccccc1C, COc1cc(ccc1Cc1cn(C)c2ccc(NC(=O)OC3CCCC3)cc12)C(=O)NS(=O)(=O)c1ccccc1C, COc1cc(ccc1Cc1cn(C)c2ccc(NC(=O)OC3CCCC3)cc12)C(=O)NS(=O)(=O)c1ccccc1C","YEEZWCHGZNKEEK-UHFFFAOYSA-N, YEEZWCHGZNKEEK-UHFFFAOYSA-N, YEEZWCHGZNKEEK-UHFFFAOYSA-N",Launched
zalcitabine,nucleoside reverse transcriptase inhibitor,,infectious disease,human immunodeficiency virus (HIV-1),"MicroSource, MicroSource, Selleck, MedChemEx, MedChemEx",100,"Nc1ccn([C@H]2CC[C@@H](CO)O2)c(=O)n1, Nc1ccn([C@H]2CC[C@@H](CO)O2)c(=O)n1, Nc1ccn([C@H]2CC[C@@H](CO)O2)c(=O)n1, Nc1ccn([C@H]2CC[C@@H](CO)O2)c(=O)n1, Nc1ccn([C@H]2CC[C@@H](CO)O2)c(=O)n1","WREGKURFCTUGRC-POYBYMJQSA-N, WREGKURFCTUGRC-POYBYMJQSA-N, WREGKURFCTUGRC-POYBYMJQSA-N, WREGKURFCTUGRC-POYBYMJQSA-N, WREGKURFCTUGRC-POYBYMJQSA-N",Launched
zaldaride,calmodulin antagonist,CALM1,,,"Tocris, Tocris, Tocris, Tocris",96.11,"C[C@@]1(CN2CCC(CC2)n2c3ccccc3[nH]c2=O)OCc2ccccc2-n2cccc12 |&1:1|, C[C@@]1(CN2CCC(CC2)n2c3ccccc3[nH]c2=O)OCc2ccccc2-n2cccc12 |&1:1|, C[C@@]1(CN2CCC(CC2)n2c3ccccc3[nH]c2=O)OCc2ccccc2-n2cccc12 |&1:1|, C[C@@]1(CN2CCC(CC2)n2c3ccccc3[nH]c2=O)OCc2ccccc2-n2cccc12 |&1:1|","HTGCJAAPDHZCHL-SANMLTNESA-N, HTGCJAAPDHZCHL-SANMLTNESA-N, HTGCJAAPDHZCHL-SANMLTNESA-N, HTGCJAAPDHZCHL-SANMLTNESA-N",Phase 3
zaltidine,histamine receptor antagonist,HRH2,,,"MedChemEx, MedChemEx",88.8,"Cc1nc(c[nH]1)-c1csc(NC(N)=N)n1, Cc1nc(c[nH]1)-c1csc(NC(N)=N)n1","GIMNAEMRNXUAQP-UHFFFAOYSA-N, GIMNAEMRNXUAQP-UHFFFAOYSA-N",Phase 3
zaltoprofen,cyclooxygenase inhibitor,,"endocrinology, neurology/psychiatry","fever, pain relief","Selleck, MedChemEx",97.2,"C[C@@H](C(O)=O)c1ccc2Sc3ccccc3C(=O)Cc2c1 |&1:1,r|, C[C@@H](C(O)=O)c1ccc2Sc3ccccc3C(=O)Cc2c1 |&1:1,r|","MUXFZBHBYYYLTH-SNVBAGLBSA-N, MUXFZBHBYYYLTH-SNVBAGLBSA-N",Launched
ZAMI-633,urease inhibitor,,,,PrincetonBio,0,CCC(=O)NO,RSIPQHOWTCNEBI-UHFFFAOYSA-N,Phase 3
zamifenacin,acetylcholine receptor antagonist,CHRM3,,,"Tocris, Tocris, Tocris",97.71,"C(Cc1ccc2OCOc2c1)N1CCC[C@H](C1)OC(c1ccccc1)c1ccccc1, C(Cc1ccc2OCOc2c1)N1CCC[C@H](C1)OC(c1ccccc1)c1ccccc1, C(Cc1ccc2OCOc2c1)N1CCC[C@H](C1)OC(c1ccccc1)c1ccccc1","BDNFQGRSKSQXRI-XMMPIXPASA-N, BDNFQGRSKSQXRI-XMMPIXPASA-N, BDNFQGRSKSQXRI-XMMPIXPASA-N",Phase 3
zanamivir,neuraminidase inhibitor,NEU2,infectious disease,influenza A virus infection,"MedChemEx, Selleck, Selleck",100,"CC(=O)N[C@@H]1[C@@H](NC(N)=N)C=C(O[C@H]1[C@H](O)[C@H](O)CO)C(O)=O |c:10|, CC(=O)N[C@@H]1[C@@H](NC(N)=N)C=C(O[C@H]1[C@H](O)[C@H](O)CO)C(O)=O |c:10|, CC(=O)N[C@@H]1[C@@H](NC(N)=N)C=C(O[C@H]1[C@H](O)[C@H](O)CO)C(O)=O |c:10|","ARAIBEBZBOPLMB-UFGQHTETSA-N, ARAIBEBZBOPLMB-UFGQHTETSA-N, ARAIBEBZBOPLMB-UFGQHTETSA-N",Launched
zanubrutinib,Bruton's tyrosine kinase (BTK) inhibitor,,,,MedChemEx,92.97,NC(=O)c1c2NCC[C@@H](C3CCN(CC3)C(=O)C=C)n2nc1-c1ccc(Oc2ccccc2)cc1,RNOAOAWBMHREKO-QFIPXVFZSA-N,Launched
ZAPA,,,,,"Tocris, Tocris",100,"NC(=N)S\C=C/C(O)=O, NC(=N)S\C=C/C(O)=O","QEYNZJBVNYDZKZ-UPHRSURJSA-N, QEYNZJBVNYDZKZ-UPHRSURJSA-N",Preclinical
zaprinast,phosphodiesterase inhibitor,"GPR35, PDE1A, PDE4D, PDE5A, PDE9A",,,"Tocris, Tocris, MicroSource, Tocris, Tocris",99.3,"CCCOc1ccccc1-c1nc(=O)c2n[nH]nc2[nH]1, CCCOc1ccccc1-c1nc(=O)c2n[nH]nc2[nH]1, CCCOc1ccccc1-c1nc(=O)c2n[nH]nc2[nH]1, CCCOc1ccccc1-c1nc(=O)c2n[nH]nc2[nH]1, CCCOc1ccccc1-c1nc(=O)c2n[nH]nc2[nH]1","REZGGXNDEMKIQB-UHFFFAOYSA-N, REZGGXNDEMKIQB-UHFFFAOYSA-N, REZGGXNDEMKIQB-UHFFFAOYSA-N, REZGGXNDEMKIQB-UHFFFAOYSA-N, REZGGXNDEMKIQB-UHFFFAOYSA-N",Phase 2
zardaverine,phosphodiesterase inhibitor,PDE4D,,,"Tocris, Tocris, Tocris, Tocris, Tocris, Tocris, Tocris, Tocris",99.64,"COc1cc(ccc1OC(F)F)-c1ccc(=O)[nH]n1, COc1cc(ccc1OC(F)F)-c1ccc(=O)[nH]n1, COc1cc(ccc1OC(F)F)-c1ccc(=O)[nH]n1, COc1cc(ccc1OC(F)F)-c1ccc(=O)[nH]n1, COc1cc(ccc1OC(F)F)-c1ccc(=O)[nH]n1, COc1cc(ccc1OC(F)F)-c1ccc(=O)[nH]n1, COc1cc(ccc1OC(F)F)-c1ccc(=O)[nH]n1, COc1cc(ccc1OC(F)F)-c1ccc(=O)[nH]n1","HJMQDJPMQIHLPB-UHFFFAOYSA-N, HJMQDJPMQIHLPB-UHFFFAOYSA-N, HJMQDJPMQIHLPB-UHFFFAOYSA-N, HJMQDJPMQIHLPB-UHFFFAOYSA-N, HJMQDJPMQIHLPB-UHFFFAOYSA-N, HJMQDJPMQIHLPB-UHFFFAOYSA-N, HJMQDJPMQIHLPB-UHFFFAOYSA-N, HJMQDJPMQIHLPB-UHFFFAOYSA-N",Phase 2
zatebradine,HCN channel blocker,"HCN1, HCN2, HCN3, HCN4",,,"MedChemEx, MedChemEx, Tocris",94.13,"COc1ccc(CCN(C)CCCN2CCc3cc(OC)c(OC)cc3CC2=O)cc1OC, COc1ccc(CCN(C)CCCN2CCc3cc(OC)c(OC)cc3CC2=O)cc1OC, COc1ccc(CCN(C)CCCN2CCc3cc(OC)c(OC)cc3CC2=O)cc1OC","KEDQCFRVSHYKLR-UHFFFAOYSA-N, KEDQCFRVSHYKLR-UHFFFAOYSA-N, KEDQCFRVSHYKLR-UHFFFAOYSA-N",Phase 3
ZCL-278,CDC inhibitor,CDC42,,,"Tocris, Tocris, Selleck, Selleck",91.54,"Cc1cc(C)nc(NS(=O)(=O)c2ccc(NC(=S)NC(=O)COc3ccc(Br)cc3Cl)cc2)n1, Cc1cc(C)nc(NS(=O)(=O)c2ccc(NC(=S)NC(=O)COc3ccc(Br)cc3Cl)cc2)n1, Cc1cc(C)nc(NS(=O)(=O)c2ccc(NC(=S)NC(=O)COc3ccc(Br)cc3Cl)cc2)n1, Cc1cc(C)nc(NS(=O)(=O)c2ccc(NC(=S)NC(=O)COc3ccc(Br)cc3Cl)cc2)n1","XKZDWYDHEBCGCG-UHFFFAOYSA-N, XKZDWYDHEBCGCG-UHFFFAOYSA-N, XKZDWYDHEBCGCG-UHFFFAOYSA-N, XKZDWYDHEBCGCG-UHFFFAOYSA-N",Preclinical
ZD-0947,potassium channel activator,,,,Sigma,90.69,"FC(F)(F)C1=C[C@H](C2=C(CCCC2=O)N1)c1cccc(c1)C#N |t:4,7|",RUVMMEREJMHLOS-LBPRGKRZSA-N,Preclinical
ZD-2079,adrenergic receptor agonist,ADRB3,,,"Tocris, Tocris",96.4,"O[C@@H](CNCCOc1ccc(CC(O)=O)cc1)c1ccccc1, O[C@@H](CNCCOc1ccc(CC(O)=O)cc1)c1ccccc1","SRBPKVWITYPHQR-KRWDZBQOSA-N, SRBPKVWITYPHQR-KRWDZBQOSA-N",Phase 2
ZD-7114,adrenergic receptor agonist,ADRB3,,,"Tocris, Tocris, Tocris, Tocris",97.54,"COCCNC(=O)COc1ccc(OCCNC[C@H](O)COc2ccccc2)cc1, COCCNC(=O)COc1ccc(OCCNC[C@H](O)COc2ccccc2)cc1, COCCNC(=O)COc1ccc(OCCNC[C@H](O)COc2ccccc2)cc1, COCCNC(=O)COc1ccc(OCCNC[C@H](O)COc2ccccc2)cc1","RVMBDLSFFNKKLG-SFHVURJKSA-N, RVMBDLSFFNKKLG-SFHVURJKSA-N, RVMBDLSFFNKKLG-SFHVURJKSA-N, RVMBDLSFFNKKLG-SFHVURJKSA-N",Phase 1
ZD-7155,angiotensin receptor antagonist,AGTR1,,,"Tocris, Tocris, Tocris, Tocris, Tocris",97.94,"CCc1cc2N(Cc3ccc(cc3)-c3ccccc3-c3nn[nH]n3)C(=O)CCc2c(CC)n1, CCc1cc2N(Cc3ccc(cc3)-c3ccccc3-c3nn[nH]n3)C(=O)CCc2c(CC)n1, CCc1cc2N(Cc3ccc(cc3)-c3ccccc3-c3nn[nH]n3)C(=O)CCc2c(CC)n1, CCc1cc2N(Cc3ccc(cc3)-c3ccccc3-c3nn[nH]n3)C(=O)CCc2c(CC)n1, CCc1cc2N(Cc3ccc(cc3)-c3ccccc3-c3nn[nH]n3)C(=O)CCc2c(CC)n1","BFVNEYDCFJNLGN-UHFFFAOYSA-N, BFVNEYDCFJNLGN-UHFFFAOYSA-N, BFVNEYDCFJNLGN-UHFFFAOYSA-N, BFVNEYDCFJNLGN-UHFFFAOYSA-N, BFVNEYDCFJNLGN-UHFFFAOYSA-N",Preclinical
ZD-7288,HCN channel blocker,"HCN1, HCN2, HCN3, HCN4",,,"Tocris, Tocris, Tocris, Tocris, Tocris, Tocris",100,"CCN(c1ccccc1)c1cc(=NC)n(C)c(C)n1, CCN(c1ccccc1)c1cc(=NC)n(C)c(C)n1, CCN(c1ccccc1)c1cc(=NC)n(C)c(C)n1, CCN(c1ccccc1)c1cc(=NC)n(C)c(C)n1, CCN(c1ccccc1)c1cc(=NC)n(C)c(C)n1, CCN(c1ccccc1)c1cc(=NC)n(C)c(C)n1","JABSKGQQWUDVRU-UHFFFAOYSA-N, JABSKGQQWUDVRU-UHFFFAOYSA-N, JABSKGQQWUDVRU-UHFFFAOYSA-N, JABSKGQQWUDVRU-UHFFFAOYSA-N, JABSKGQQWUDVRU-UHFFFAOYSA-N, JABSKGQQWUDVRU-UHFFFAOYSA-N",Phase 2
zeatin,,,,,TimTec,96.05,C\C(CO)=C/CNc1ncnc2nc[nH]c12,UZKQTCBAMSWPJD-FARCUNLSSA-N,Phase 1
zebularine,DNA methyltransferase inhibitor,"CDA, DNMT1",,,"Tocris, Tocris, Tocris, Selleck, Selleck",100,"OC[C@H]1O[C@H]([C@H](O)[C@@H]1O)n1cccnc1=O, OC[C@H]1O[C@H]([C@H](O)[C@@H]1O)n1cccnc1=O, OC[C@H]1O[C@H]([C@H](O)[C@@H]1O)n1cccnc1=O, OC[C@H]1O[C@H]([C@H](O)[C@@H]1O)n1cccnc1=O, OC[C@H]1O[C@H]([C@H](O)[C@@H]1O)n1cccnc1=O","RPQZTTQVRYEKCR-WCTZXXKLSA-N, RPQZTTQVRYEKCR-WCTZXXKLSA-N, RPQZTTQVRYEKCR-WCTZXXKLSA-N, RPQZTTQVRYEKCR-WCTZXXKLSA-N, RPQZTTQVRYEKCR-WCTZXXKLSA-N",Preclinical
zibotentan,endothelin receptor antagonist,EDNRA,,,"Selleck, Selleck, Selleck",95.3,"COc1nc(C)cnc1NS(=O)(=O)c1cccnc1-c1ccc(cc1)-c1nnco1, COc1nc(C)cnc1NS(=O)(=O)c1cccnc1-c1ccc(cc1)-c1nnco1, COc1nc(C)cnc1NS(=O)(=O)c1cccnc1-c1ccc(cc1)-c1nnco1","FJHHZXWJVIEFGJ-UHFFFAOYSA-N, FJHHZXWJVIEFGJ-UHFFFAOYSA-N, FJHHZXWJVIEFGJ-UHFFFAOYSA-N",Phase 3
zidovudine,nucleoside reverse transcriptase inhibitor,TERT,infectious disease,"human immunodeficiency virus (HIV-1), acquired immunodeficiency syndrome (AIDS)","Selleck, MedChemEx, Selleck",96.81,"Cc1cn([C@H]2C[C@H](N=[N+]=[N-])[C@@H](CO)O2)c(=O)[nH]c1=O, Cc1cn([C@H]2C[C@H](N=[N+]=[N-])[C@@H](CO)O2)c(=O)[nH]c1=O, Cc1cn([C@H]2C[C@H](N=[N+]=[N-])[C@@H](CO)O2)c(=O)[nH]c1=O","HBOMLICNUCNMMY-XLPZGREQSA-N, HBOMLICNUCNMMY-XLPZGREQSA-N, HBOMLICNUCNMMY-XLPZGREQSA-N",Launched
zileuton,"leukotriene synthesis inhibitor, lipoxygenase inhibitor",ALOX5,pulmonary,asthma,"Tocris, MicroSource, Selleck, Selleck, MedChemEx",92.71,"C[C@@H](N(O)C(N)=O)c1cc2ccccc2s1 |&1:1,r|, C[C@@H](N(O)C(N)=O)c1cc2ccccc2s1 |&1:1,r|, C[C@@H](N(O)C(N)=O)c1cc2ccccc2s1 |&1:1,r|, C[C@@H](N(O)C(N)=O)c1cc2ccccc2s1 |&1:1,r|, C[C@@H](N(O)C(N)=O)c1cc2ccccc2s1 |&1:1,r|","MWLSOWXNZPKENC-SSDOTTSWSA-N, MWLSOWXNZPKENC-SSDOTTSWSA-N, MWLSOWXNZPKENC-SSDOTTSWSA-N, MWLSOWXNZPKENC-SSDOTTSWSA-N, MWLSOWXNZPKENC-SSDOTTSWSA-N",Launched
zilpaterol,adrenergic receptor agonist,ADRB2,endocrinology,weight-gain aid,Cayman,97.26,CC(C)N[C@H]1CCn2c3c(cccc3[nH]c2=O)[C@@H]1O,ZSTCZWJCLIRCOJ-AAEUAGOBSA-N,Launched
zimelidine,selective serotonin reuptake inhibitor (SSRI),"MAOA, MAOB, SLC6A4",,,"Tocris, Tocris",95.65,"CN(C)C\C=C(\c1ccc(Br)cc1)c1cccnc1, CN(C)C\C=C(\c1ccc(Br)cc1)c1cccnc1","OYPPVKRFBIWMSX-SXGWCWSVSA-N, OYPPVKRFBIWMSX-SXGWCWSVSA-N",Withdrawn
zinc-undecylenate,other antifungal,,infectious disease,tinea pedis,"MicroSource, MedChemEx",0,"C=CCCCCCCCCC(=O)O[Zn]OC(=O)CCCCCCCCC=C, C=CCCCCCCCCC(=O)O[Zn]OC(=O)CCCCCCCCC=C","YMCOHQVWOBMDCZ-UHFFFAOYSA-L, YMCOHQVWOBMDCZ-UHFFFAOYSA-L",Launched
zindotrine,phosphodiesterase inhibitor,,,,Labotest,0,Cc1cc(nn2cnnc12)N1CCCCC1,YYHWOTFWBVRTQD-UHFFFAOYSA-N,Phase 2
ziprasidone,"dopamine receptor antagonist, serotonin receptor antagonist","ADRA1A, ADRA1B, ADRA2A, ADRA2B, ADRA2C, CHRM1, CHRM2, CHRM3, CHRM4, CHRM5, DRD1, DRD2, DRD3, DRD4, DRD5, HRH1, HTR1A, HTR1B, HTR1D, HTR1E, HTR2A, HTR2C, HTR3A, HTR6, HTR7, SLC6A4",neurology/psychiatry,"schizophrenia, bipolar disorder","MicroSource, Selleck",94.98,"Clc1cc2NC(=O)Cc2cc1CCN1CCN(CC1)c1nsc2ccccc12, Clc1cc2NC(=O)Cc2cc1CCN1CCN(CC1)c1nsc2ccccc12","MVWVFYHBGMAFLY-UHFFFAOYSA-N, MVWVFYHBGMAFLY-UHFFFAOYSA-N",Launched
ziritaxestat,autotaxin inhibitor,,,,MedChemEx,94.19,CCc1nc2c(C)cc(cn2c1N(C)c1nc(c(s1)C#N)-c1ccc(F)cc1)N1CCN(CC(=O)N2CC(O)C2)CC1,REQQVBGILUTQNN-UHFFFAOYSA-N,Phase 3
ZK-164015,estrogen receptor antagonist,"ESR1, ESR2",,,"Tocris, Tocris, Tocris",94.03,"CCCCCS(=O)(=O)CCCCCCCCCCn1c(c(C)c2cc(O)ccc12)-c1ccc(O)cc1, CCCCCS(=O)(=O)CCCCCCCCCCn1c(c(C)c2cc(O)ccc12)-c1ccc(O)cc1, CCCCCS(=O)(=O)CCCCCCCCCCn1c(c(C)c2cc(O)ccc12)-c1ccc(O)cc1","LYJSJVYJLZOMCD-UHFFFAOYSA-N, LYJSJVYJLZOMCD-UHFFFAOYSA-N, LYJSJVYJLZOMCD-UHFFFAOYSA-N",Preclinical
ZK-200775,kainate receptor antagonist,,,,"Tocris, Tocris, Tocris, Tocris",98.5,"OP(O)(=O)Cn1c2cc(N3CCOCC3)c(cc2[nH]c(=O)c1=O)C(F)(F)F, OP(O)(=O)Cn1c2cc(N3CCOCC3)c(cc2[nH]c(=O)c1=O)C(F)(F)F, OP(O)(=O)Cn1c2cc(N3CCOCC3)c(cc2[nH]c(=O)c1=O)C(F)(F)F, OP(O)(=O)Cn1c2cc(N3CCOCC3)c(cc2[nH]c(=O)c1=O)C(F)(F)F","WZMQMKNCWDCCMT-UHFFFAOYSA-N, WZMQMKNCWDCCMT-UHFFFAOYSA-N, WZMQMKNCWDCCMT-UHFFFAOYSA-N, WZMQMKNCWDCCMT-UHFFFAOYSA-N",Phase 2
ZK-811752,CC chemokine receptor antagonist,CCR1,,,"Tocris, MedChemEx, MedChemEx, MedChemEx, MedChemEx, Tocris, Tocris",100,"C[C@@H]1CN(Cc2ccc(F)cc2)CCN1C(=O)COc1ccc(Cl)cc1NC(N)=O, C[C@@H]1CN(Cc2ccc(F)cc2)CCN1C(=O)COc1ccc(Cl)cc1NC(N)=O, C[C@@H]1CN(Cc2ccc(F)cc2)CCN1C(=O)COc1ccc(Cl)cc1NC(N)=O, C[C@@H]1CN(Cc2ccc(F)cc2)CCN1C(=O)COc1ccc(Cl)cc1NC(N)=O, C[C@@H]1CN(Cc2ccc(F)cc2)CCN1C(=O)COc1ccc(Cl)cc1NC(N)=O, C[C@@H]1CN(Cc2ccc(F)cc2)CCN1C(=O)COc1ccc(Cl)cc1NC(N)=O, C[C@@H]1CN(Cc2ccc(F)cc2)CCN1C(=O)COc1ccc(Cl)cc1NC(N)=O","XQYASZNUFDVMFH-CQSZACIVSA-N, XQYASZNUFDVMFH-CQSZACIVSA-N, XQYASZNUFDVMFH-CQSZACIVSA-N, XQYASZNUFDVMFH-CQSZACIVSA-N, XQYASZNUFDVMFH-CQSZACIVSA-N, XQYASZNUFDVMFH-CQSZACIVSA-N, XQYASZNUFDVMFH-CQSZACIVSA-N",Phase 2
ZK-93423,benzodiazepine receptor agonist,"GABRA1, GABRA2, GABRA3, GABRA5, GABRB2, GABRG2",,,"Tocris, Tocris, Tocris, Tocris, Tocris, Tocris, Tocris",96.03,"CCOC(=O)c1ncc2[nH]c3ccc(OCc4ccccc4)cc3c2c1COC, CCOC(=O)c1ncc2[nH]c3ccc(OCc4ccccc4)cc3c2c1COC, CCOC(=O)c1ncc2[nH]c3ccc(OCc4ccccc4)cc3c2c1COC, CCOC(=O)c1ncc2[nH]c3ccc(OCc4ccccc4)cc3c2c1COC, CCOC(=O)c1ncc2[nH]c3ccc(OCc4ccccc4)cc3c2c1COC, CCOC(=O)c1ncc2[nH]c3ccc(OCc4ccccc4)cc3c2c1COC, CCOC(=O)c1ncc2[nH]c3ccc(OCc4ccccc4)cc3c2c1COC","ALBKMJDFBZVHAK-UHFFFAOYSA-N, ALBKMJDFBZVHAK-UHFFFAOYSA-N, ALBKMJDFBZVHAK-UHFFFAOYSA-N, ALBKMJDFBZVHAK-UHFFFAOYSA-N, ALBKMJDFBZVHAK-UHFFFAOYSA-N, ALBKMJDFBZVHAK-UHFFFAOYSA-N, ALBKMJDFBZVHAK-UHFFFAOYSA-N",Phase 3
ZK-93426,benzodiazepine receptor antagonist,"GABRA1, GABRA2, GABRA3, GABRA5",,,"Tocris, Tocris, Tocris, Tocris",98.03,"CCOC(=O)c1ncc2[nH]c3cccc(OC(C)C)c3c2c1C, CCOC(=O)c1ncc2[nH]c3cccc(OC(C)C)c3c2c1C, CCOC(=O)c1ncc2[nH]c3cccc(OC(C)C)c3c2c1C, CCOC(=O)c1ncc2[nH]c3cccc(OC(C)C)c3c2c1C","VMDUABMKBUKKPG-UHFFFAOYSA-N, VMDUABMKBUKKPG-UHFFFAOYSA-N, VMDUABMKBUKKPG-UHFFFAOYSA-N, VMDUABMKBUKKPG-UHFFFAOYSA-N",Phase 1
ZLN005,,,,,"MedChemEx, Selleck, Selleck, Selleck, Selleck",98.14,"CC(C)(C)c1ccc(cc1)-c1nc2ccccc2[nH]1, CC(C)(C)c1ccc(cc1)-c1nc2ccccc2[nH]1, CC(C)(C)c1ccc(cc1)-c1nc2ccccc2[nH]1, CC(C)(C)c1ccc(cc1)-c1nc2ccccc2[nH]1, CC(C)(C)c1ccc(cc1)-c1nc2ccccc2[nH]1","LQUNNCQSFFKSSK-UHFFFAOYSA-N, LQUNNCQSFFKSSK-UHFFFAOYSA-N, LQUNNCQSFFKSSK-UHFFFAOYSA-N, LQUNNCQSFFKSSK-UHFFFAOYSA-N, LQUNNCQSFFKSSK-UHFFFAOYSA-N",Preclinical
ZLN024,AMPK activator,"PRKAA1, PRKAB1, PRKAG1",,,"Tocris, Tocris, Tocris",95.4,"Cc1ccc(OCCSc2ncccn2)c(Br)c1, Cc1ccc(OCCSc2ncccn2)c(Br)c1, Cc1ccc(OCCSc2ncccn2)c(Br)c1","KWJRSHZSULRJHE-UHFFFAOYSA-N, KWJRSHZSULRJHE-UHFFFAOYSA-N, KWJRSHZSULRJHE-UHFFFAOYSA-N",Preclinical
ZM-226600,Kir6 channel (KATP) activator,,,,"Tocris, Tocris",95.64,"C[C@@](O)(C(=O)Nc1ccc(cc1)S(=O)(=O)c1ccccc1)C(F)(F)F |&1:1|, C[C@@](O)(C(=O)Nc1ccc(cc1)S(=O)(=O)c1ccccc1)C(F)(F)F |&1:1|","LJLXQHHFAKVTNP-OAHLLOKOSA-N, LJLXQHHFAKVTNP-OAHLLOKOSA-N",Preclinical
ZM-241385,adenosine receptor antagonist,"ADORA1, ADORA2A, ADORA2B, ADORA3",,,"Tocris, Tocris, Tocris, Tocris, Tocris, Tocris",99.1,"Nc1nc(NCCc2ccc(O)cc2)nc2nc(nn12)-c1ccco1, Nc1nc(NCCc2ccc(O)cc2)nc2nc(nn12)-c1ccco1, Nc1nc(NCCc2ccc(O)cc2)nc2nc(nn12)-c1ccco1, Nc1nc(NCCc2ccc(O)cc2)nc2nc(nn12)-c1ccco1, Nc1nc(NCCc2ccc(O)cc2)nc2nc(nn12)-c1ccco1, Nc1nc(NCCc2ccc(O)cc2)nc2nc(nn12)-c1ccco1","PWTBZOIUWZOPFT-UHFFFAOYSA-N, PWTBZOIUWZOPFT-UHFFFAOYSA-N, PWTBZOIUWZOPFT-UHFFFAOYSA-N, PWTBZOIUWZOPFT-UHFFFAOYSA-N, PWTBZOIUWZOPFT-UHFFFAOYSA-N, PWTBZOIUWZOPFT-UHFFFAOYSA-N",Preclinical
ZM-306416,"Abl kinase inhibitor, SRC inhibitor, VEGFR inhibitor","EGFR, FLT1, FLT4, KDR",,,"Tocris, Tocris, Tocris, Selleck, Selleck, Selleck",97.56,"COc1cc2ncnc(Nc3ccc(Cl)cc3F)c2cc1OC, COc1cc2ncnc(Nc3ccc(Cl)cc3F)c2cc1OC, COc1cc2ncnc(Nc3ccc(Cl)cc3F)c2cc1OC, COc1cc2ncnc(Nc3ccc(Cl)cc3F)c2cc1OC, COc1cc2ncnc(Nc3ccc(Cl)cc3F)c2cc1OC, COc1cc2ncnc(Nc3ccc(Cl)cc3F)c2cc1OC","YHUIUSRCUKUUQA-UHFFFAOYSA-N, YHUIUSRCUKUUQA-UHFFFAOYSA-N, YHUIUSRCUKUUQA-UHFFFAOYSA-N, YHUIUSRCUKUUQA-UHFFFAOYSA-N, YHUIUSRCUKUUQA-UHFFFAOYSA-N, YHUIUSRCUKUUQA-UHFFFAOYSA-N",Preclinical
ZM-323881,VEGFR inhibitor,KDR,,,"Tocris, Tocris, Tocris, Tocris, Selleck",95.74,"Cc1cc(F)c(Nc2ncnc3cc(OCc4ccccc4)ccc23)cc1O, Cc1cc(F)c(Nc2ncnc3cc(OCc4ccccc4)ccc23)cc1O, Cc1cc(F)c(Nc2ncnc3cc(OCc4ccccc4)ccc23)cc1O, Cc1cc(F)c(Nc2ncnc3cc(OCc4ccccc4)ccc23)cc1O, Cc1cc(F)c(Nc2ncnc3cc(OCc4ccccc4)ccc23)cc1O","NVBNDZZLJRYRPD-UHFFFAOYSA-N, NVBNDZZLJRYRPD-UHFFFAOYSA-N, NVBNDZZLJRYRPD-UHFFFAOYSA-N, NVBNDZZLJRYRPD-UHFFFAOYSA-N, NVBNDZZLJRYRPD-UHFFFAOYSA-N",Preclinical
ZM-336372,RAF inhibitor,"BRAF, LCK, MAPK14, RAF1",,,"Selleck, Selleck, Tocris, Tocris",92.91,"CN(C)c1cccc(c1)C(=O)Nc1ccc(C)c(NC(=O)c2ccc(O)cc2)c1, CN(C)c1cccc(c1)C(=O)Nc1ccc(C)c(NC(=O)c2ccc(O)cc2)c1, CN(C)c1cccc(c1)C(=O)Nc1ccc(C)c(NC(=O)c2ccc(O)cc2)c1, CN(C)c1cccc(c1)C(=O)Nc1ccc(C)c(NC(=O)c2ccc(O)cc2)c1","PYEFPDQFAZNXLI-UHFFFAOYSA-N, PYEFPDQFAZNXLI-UHFFFAOYSA-N, PYEFPDQFAZNXLI-UHFFFAOYSA-N, PYEFPDQFAZNXLI-UHFFFAOYSA-N",Preclinical
ZM-39923,JAK inhibitor,"JAK1, JAK3",,,"Tocris, Tocris, Selleck, Tocris, Selleck",93.58,"CC(C)N(CCC(=O)c1ccc2ccccc2c1)Cc1ccccc1, CC(C)N(CCC(=O)c1ccc2ccccc2c1)Cc1ccccc1, CC(C)N(CCC(=O)c1ccc2ccccc2c1)Cc1ccccc1, CC(C)N(CCC(=O)c1ccc2ccccc2c1)Cc1ccccc1, CC(C)N(CCC(=O)c1ccc2ccccc2c1)Cc1ccccc1","JSASWRWALCMOQP-UHFFFAOYSA-N, JSASWRWALCMOQP-UHFFFAOYSA-N, JSASWRWALCMOQP-UHFFFAOYSA-N, JSASWRWALCMOQP-UHFFFAOYSA-N, JSASWRWALCMOQP-UHFFFAOYSA-N",Preclinical
ZM-447439,Aurora kinase inhibitor,"AURKA, AURKB",,,"Tocris, Selleck, Tocris, Tocris",96.51,"COc1cc2c(Nc3ccc(NC(=O)c4ccccc4)cc3)ncnc2cc1OCCCN1CCOCC1, COc1cc2c(Nc3ccc(NC(=O)c4ccccc4)cc3)ncnc2cc1OCCCN1CCOCC1, COc1cc2c(Nc3ccc(NC(=O)c4ccccc4)cc3)ncnc2cc1OCCCN1CCOCC1, COc1cc2c(Nc3ccc(NC(=O)c4ccccc4)cc3)ncnc2cc1OCCCN1CCOCC1","OGNYUTNQZVRGMN-UHFFFAOYSA-N, OGNYUTNQZVRGMN-UHFFFAOYSA-N, OGNYUTNQZVRGMN-UHFFFAOYSA-N, OGNYUTNQZVRGMN-UHFFFAOYSA-N",Preclinical
zofenopril-calcium,angiotensin converting enzyme inhibitor,ACE,cardiology,hypertension,"MedChemEx, MedChemEx, MedChemEx, MedChemEx, MedChemEx",99.29,"C[C@H](CSC(=O)c1ccccc1)C(=O)N1C[C@H](C[C@H]1C(O)=O)Sc1ccccc1, C[C@H](CSC(=O)c1ccccc1)C(=O)N1C[C@H](C[C@H]1C(O)=O)Sc1ccccc1, C[C@H](CSC(=O)c1ccccc1)C(=O)N1C[C@H](C[C@H]1C(O)=O)Sc1ccccc1, C[C@H](CSC(=O)c1ccccc1)C(=O)N1C[C@H](C[C@H]1C(O)=O)Sc1ccccc1, C[C@H](CSC(=O)c1ccccc1)C(=O)N1C[C@H](C[C@H]1C(O)=O)Sc1ccccc1","IAIDUHCBNLFXEF-MNEFBYGVSA-N, IAIDUHCBNLFXEF-MNEFBYGVSA-N, IAIDUHCBNLFXEF-MNEFBYGVSA-N, IAIDUHCBNLFXEF-MNEFBYGVSA-N, IAIDUHCBNLFXEF-MNEFBYGVSA-N",Launched
zolantidine,histamine receptor antagonist,,,,"Tocris, Tocris",98.14,"C(CNc1nc2ccccc2s1)COc1cccc(CN2CCCCC2)c1, C(CNc1nc2ccccc2s1)COc1cccc(CN2CCCCC2)c1","KUBONGDXTUOOLM-UHFFFAOYSA-N, KUBONGDXTUOOLM-UHFFFAOYSA-N",Preclinical
zoledronic-acid,bone resorption inhibitor,"FDPS, GGPS1",endocrinology,Paget's disease,"Tocris, Selleck, Selleck",0,"OC(Cn1ccnc1)(P(O)(O)=O)P(O)(O)=O, OC(Cn1ccnc1)(P(O)(O)=O)P(O)(O)=O, OC(Cn1ccnc1)(P(O)(O)=O)P(O)(O)=O","XRASPMIURGNCCH-UHFFFAOYSA-N, XRASPMIURGNCCH-UHFFFAOYSA-N, XRASPMIURGNCCH-UHFFFAOYSA-N",Launched
zoliflodacin,antibacterial ,,,,MedChemEx,99.28,[H][C@]12[C@H](C)O[C@H](C)CN1c1c(CC22C(=O)NC(=O)NC2=O)cc2c(noc2c1F)N1[C@@H](C)COC1=O,ZSWMIFNWDQEXDT-ZESJGQACSA-N,Phase 3
zolimidine,mucus protecting agent,,gastroenterology,"peptic ulcer disease (PUD), gastroesophageal reflux disease (GERD)",Enamine,89.09,CS(=O)(=O)c1ccc(cc1)-c1cn2ccccc2n1,VSLIUWLPFRVCDL-UHFFFAOYSA-N,Launched
zolmitriptan,serotonin receptor agonist,"HTR1A, HTR1B, HTR1D, HTR1E, HTR1F",neurology/psychiatry,migraine headache,"Tocris, Tocris, MicroSource, Selleck",95.65,"CN(C)CCc1c[nH]c2ccc(C[C@H]3COC(=O)N3)cc12, CN(C)CCc1c[nH]c2ccc(C[C@H]3COC(=O)N3)cc12, CN(C)CCc1c[nH]c2ccc(C[C@H]3COC(=O)N3)cc12, CN(C)CCc1c[nH]c2ccc(C[C@H]3COC(=O)N3)cc12","ULSDMUVEXKOYBU-ZDUSSCGKSA-N, ULSDMUVEXKOYBU-ZDUSSCGKSA-N, ULSDMUVEXKOYBU-ZDUSSCGKSA-N, ULSDMUVEXKOYBU-ZDUSSCGKSA-N",Launched
zomepirac,prostaglandin synthesis inhibitor,PTGDR2,,,"MedChemEx, Sigma, MicroSource",95.49,"Cc1cc(CC(O)=O)n(C)c1C(=O)c1ccc(Cl)cc1, Cc1cc(CC(O)=O)n(C)c1C(=O)c1ccc(Cl)cc1, Cc1cc(CC(O)=O)n(C)c1C(=O)c1ccc(Cl)cc1","ZXVNMYWKKDOREA-UHFFFAOYSA-N, ZXVNMYWKKDOREA-UHFFFAOYSA-N, ZXVNMYWKKDOREA-UHFFFAOYSA-N",Withdrawn
zometapine,,,,,Sigma,99.02,Cc1nn(C)c2NCCN=C(c12)c1cccc(Cl)c1 |c:9|,YCWROMXNZZIJDQ-UHFFFAOYSA-N,Phase 2
zoniporide,sodium/hydrogen exchanger inhibitor,SLC9A1,,,"Tocris, Tocris",97.75,"NC(N)=NC(=O)c1cnn(c1C1CC1)-c1cccc2ncccc12, NC(N)=NC(=O)c1cnn(c1C1CC1)-c1cccc2ncccc12","GDXBRVCQGGKXJY-UHFFFAOYSA-N, GDXBRVCQGGKXJY-UHFFFAOYSA-N",Phase 3
zonisamide,"sodium channel blocker, T-type calcium channel blocker","CA1, CA10, CA11, CA12, CA13, CA14, CA2, CA3, CA4, CA5A, CA5B, CA6, CA7, CA8, CA9, CACNA1G, CACNA1H, CACNA1I, MAOA, MAOB, SCN10A, SCN11A, SCN1A, SCN1B, SCN2A, SCN2B, SCN3A, SCN3B, SCN4A, SCN4B, SCN5A, SCN7A, SCN8A, SCN9A",neurology/psychiatry,"seizures, epilepsy","Tocris, Tocris, Selleck, Selleck",98.12,"NS(=O)(=O)Cc1noc2ccccc12, NS(=O)(=O)Cc1noc2ccccc12, NS(=O)(=O)Cc1noc2ccccc12, NS(=O)(=O)Cc1noc2ccccc12","UBQNRHZMVUUOMG-UHFFFAOYSA-N, UBQNRHZMVUUOMG-UHFFFAOYSA-N, UBQNRHZMVUUOMG-UHFFFAOYSA-N, UBQNRHZMVUUOMG-UHFFFAOYSA-N",Launched
zopolrestat,,"AKR1B1, AKR1B10",,,"Sigma, Sigma",99.72,"OC(=O)Cc1nn(Cc2nc3cc(ccc3s2)C(F)(F)F)c(=O)c2ccccc12, OC(=O)Cc1nn(Cc2nc3cc(ccc3s2)C(F)(F)F)c(=O)c2ccccc12","BCSVCWVQNOXFGL-UHFFFAOYSA-N, BCSVCWVQNOXFGL-UHFFFAOYSA-N",Phase 2
zosuquidar,P glycoprotein inhibitor,"ABCB1, ABCB4",,,"Tocris, Selleck",96.07,"O[C@@H](COc1cccc2ncccc12)CN1CCN(CC1)[C@@H]1c2ccccc2[C@@H]2[C@H](c3ccccc13)C2(F)F, O[C@@H](COc1cccc2ncccc12)CN1CCN(CC1)[C@@H]1c2ccccc2[C@@H]2[C@H](c3ccccc13)C2(F)F","IHOVFYSQUDPMCN-DBEBIPAYSA-N, IHOVFYSQUDPMCN-DBEBIPAYSA-N",Phase 3
zotarolimus,mTOR inhibitor,FKBP1A,cardiology,coronary artery restenosis,"Adooq, Adooq, Adooq",97.3,"CO[C@@H]1C[C@H](C[C@@H](C)[C@@H]2CC(=O)[C@H](C)\C=C(C)\[C@@H](O)[C@@H](OC)C(=O)[C@H](C)C[C@H](C)\C=C\C=C\C=C(C)\[C@H](C[C@@H]3CC[C@@H](C)[C@@](O)(O3)C(=O)C(=O)N3CCCC[C@H]3C(=O)O2)OC)CC[C@@H]1n1cnnn1 |c:14,33,t:29,31|, CO[C@@H]1C[C@H](C[C@@H](C)[C@@H]2CC(=O)[C@H](C)\C=C(C)\[C@@H](O)[C@@H](OC)C(=O)[C@H](C)C[C@H](C)\C=C\C=C\C=C(C)\[C@H](C[C@@H]3CC[C@@H](C)[C@@](O)(O3)C(=O)C(=O)N3CCCC[C@H]3C(=O)O2)OC)CC[C@@H]1n1cnnn1 |c:14,33,t:29,31|, CO[C@@H]1C[C@H](C[C@@H](C)[C@@H]2CC(=O)[C@H](C)\C=C(C)\[C@@H](O)[C@@H](OC)C(=O)[C@H](C)C[C@H](C)\C=C\C=C\C=C(C)\[C@H](C[C@@H]3CC[C@@H](C)[C@@](O)(O3)C(=O)C(=O)N3CCCC[C@H]3C(=O)O2)OC)CC[C@@H]1n1cnnn1 |c:14,33,t:29,31|","CGTADGCBEXYWNE-GYKXXMIGSA-N, CGTADGCBEXYWNE-GYKXXMIGSA-N, CGTADGCBEXYWNE-GYKXXMIGSA-N",Launched
zotepine,"dopamine receptor antagonist, serotonin receptor antagonist","ADRA2B, DRD2, DRD3, DRD4, HRH1, HTR1A, HTR1B, HTR1D, HTR1E, HTR2A, HTR2C, HTR6, HTR7, SLC6A2, SLC6A4",neurology/psychiatry,schizophrenia,"Prestwick, Prestwick, Prestwick, Tocris",97.88,"CN(C)CCOC1=Cc2ccccc2Sc2ccc(Cl)cc12 |t:6|, CN(C)CCOC1=Cc2ccccc2Sc2ccc(Cl)cc12 |t:6|, CN(C)CCOC1=Cc2ccccc2Sc2ccc(Cl)cc12 |t:6|, CN(C)CCOC1=Cc2ccccc2Sc2ccc(Cl)cc12 |t:6|","HDOZVRUNCMBHFH-UHFFFAOYSA-N, HDOZVRUNCMBHFH-UHFFFAOYSA-N, HDOZVRUNCMBHFH-UHFFFAOYSA-N, HDOZVRUNCMBHFH-UHFFFAOYSA-N",Launched
zoxazolamine,myorelaxant,,,,"MedChemEx, MicroSource, Selleck",98.37,"Nc1nc2cc(Cl)ccc2o1, Nc1nc2cc(Cl)ccc2o1, Nc1nc2cc(Cl)ccc2o1","YGCODSQDUUUKIV-UHFFFAOYSA-N, YGCODSQDUUUKIV-UHFFFAOYSA-N, YGCODSQDUUUKIV-UHFFFAOYSA-N",Phase 2
ZSET1446,nicotinic receptor agonist,,,,MedChemEx,95.54,"O=C1N=C2C=CC=CN2C11Cc2ccccc2C1 |c:4,6,t:2|",QZWYXEBIQWJXAR-UHFFFAOYSA-N,Preclinical
ZSTK-474,PI3K inhibitor,"PIK3CB, PIK3CD, PIK3CG",,,"MedChemEx, Selleck",98.66,"FC(F)c1nc2ccccc2n1-c1nc(nc(n1)N1CCOCC1)N1CCOCC1, FC(F)c1nc2ccccc2n1-c1nc(nc(n1)N1CCOCC1)N1CCOCC1","HGVNLRPZOWWDKD-UHFFFAOYSA-N, HGVNLRPZOWWDKD-UHFFFAOYSA-N",Phase 1/Phase 2
zuclopenthixol,dopamine receptor antagonist,"ADRA1A, ADRA2A, DRD1, DRD2, DRD5, HRH1, HTR2A",neurology/psychiatry,"schizophrenia, bipolar disorder","MedChemEx, Prestwick, Prestwick",97.19,"OCCN1CCN(CC\C=C2\c3ccccc3Sc3ccc(Cl)cc23)CC1, OCCN1CCN(CC\C=C2\c3ccccc3Sc3ccc(Cl)cc23)CC1, OCCN1CCN(CC\C=C2\c3ccccc3Sc3ccc(Cl)cc23)CC1","WFPIAZLQTJBIFN-DVZOWYKESA-N, WFPIAZLQTJBIFN-DVZOWYKESA-N, WFPIAZLQTJBIFN-DVZOWYKESA-N",Launched
zuranolone,GABA receptor agonist,,,,MedChemEx,92.59,[H][C@@]12CC[C@H](C(=O)Cn3cc(cn3)C#N)[C@@]1(C)CC[C@@]1([H])[C@@]2([H])CC[C@]2([H])C[C@](C)(O)CC[C@]12[H],HARRKNSQXBRBGZ-GVKWWOCJSA-N,Phase 3
Z160,N-type calcium channel blocker,CACNA2D1,,,"MedChemEx, MedChemEx, MedChemEx",97.39,"O=C(CC(c1ccccc1)c1ccccc1)N1CCN(CC1)C(c1ccccc1)c1ccccc1, O=C(CC(c1ccccc1)c1ccccc1)N1CCN(CC1)C(c1ccccc1)c1ccccc1, O=C(CC(c1ccccc1)c1ccccc1)N1CCN(CC1)C(c1ccccc1)c1ccccc1","VCPMZDWBEWTGNW-UHFFFAOYSA-N, VCPMZDWBEWTGNW-UHFFFAOYSA-N, VCPMZDWBEWTGNW-UHFFFAOYSA-N",Phase 2
"1,12-Besm",polyamine biosynthesis inhibitor,,,,Tocris,96.1,CCNCCCNCCCCNCCCNCC,PGMIWVSHZMWSSI-UHFFFAOYSA-N,Phase 2
"1,2,3,4,5,6-hexabromocyclohexane",JAK inhibitor,JAK2,,,"Tocris, Tocris, Tocris",38.29,"BrC1C(Br)C(Br)C(Br)C(Br)C1Br, BrC1C(Br)C(Br)C(Br)C(Br)C1Br, BrC1C(Br)C(Br)C(Br)C(Br)C1Br","QFQZKISCBJKVHI-UHFFFAOYSA-N, QFQZKISCBJKVHI-UHFFFAOYSA-N, QFQZKISCBJKVHI-UHFFFAOYSA-N",Preclinical
"1,3-dipropyl-8-phenylxanthine",adenosine receptor antagonist,,,,"Tocris, Tocris",97.89,"CCCn1c2nc([nH]c2c(=O)n(CCC)c1=O)-c1ccccc1, CCCn1c2nc([nH]c2c(=O)n(CCC)c1=O)-c1ccccc1","CLIGSMOZKDCDRZ-UHFFFAOYSA-N, CLIGSMOZKDCDRZ-UHFFFAOYSA-N",Preclinical
"1,4-butanediol","benzodiazepine receptor agonist, gamma hydroxybutyric acid agonist","MAN1B1, PLA2G2A, PLA2G2E",,,Sigma,0,OCCCCO,WERYXYBDKMZEQL-UHFFFAOYSA-N,Phase 1
"1,5-dicaffeoylquinic-acid",,,,,"AnalytiCon, MedChemEx",95.94,"O[C@@H]1C[C@@](C[C@@H](OC(=O)\C=C\c2ccc(O)c(O)c2)[C@@H]1O)(OC(=O)\C=C\c1ccc(O)c(O)c1)C(O)=O, O[C@@H]1C[C@@](C[C@@H](OC(=O)\C=C\c2ccc(O)c(O)c2)[C@@H]1O)(OC(=O)\C=C\c1ccc(O)c(O)c1)C(O)=O","YDDUMTOHNYZQPO-PSEXTPKNSA-N, YDDUMTOHNYZQPO-PSEXTPKNSA-N",Phase 1
"1-((Z)-3-chloroallyl)-1,3,5,7-tetraazaadamantan-1-ium",,,,,BidePharm,94.41,Cl\C=C/C[N+]12CN3CN(CN(C3)C1)C2,LDLCEGCJYSDJLX-UPHRSURJSA-N,Preclinical
"1-(1,2-diphenylethyl)piperidine-(+/-)",glutamate receptor antagonist,,,,"Tocris, Tocris",98.04,"C([C@@H](N1CCCCC1)c1ccccc1)c1ccccc1 |&1:1|, C([C@@H](N1CCCCC1)c1ccccc1)c1ccccc1 |&1:1|","JQWJJJYHVHNXJH-LJQANCHMSA-N, JQWJJJYHVHNXJH-LJQANCHMSA-N",Preclinical
1-(2-chloro-5-methylphenoxy)-3-(isopropylamino)-2-propanol,,,,,Enamine,92.38,"CC(C)NC[C@@H](O)COc1cc(C)ccc1Cl |&1:5,r|",NJEIOWSBPCZKTL-LLVKDONJSA-N,Preclinical
1-acetyl-4-methylpiperazine,acetylcholine receptor agonist,,,,"Tocris, Tocris",90.28,"CN1CCN(CC1)C(C)=O, CN1CCN(CC1)C(C)=O","YSDBJKNOEWSFGA-UHFFFAOYSA-N, YSDBJKNOEWSFGA-UHFFFAOYSA-N",Preclinical
1-azakenpaullone,glycogen synthase kinase inhibitor,"CCNB1, CDK1, CDK5, GSK3B",,,"Selleck, Selleck, Selleck, Selleck, Selleck, Selleck",95.26,"Brc1ccc2[nH]c-3c(CC(=O)Nc4cccnc-34)c2c1, Brc1ccc2[nH]c-3c(CC(=O)Nc4cccnc-34)c2c1, Brc1ccc2[nH]c-3c(CC(=O)Nc4cccnc-34)c2c1, Brc1ccc2[nH]c-3c(CC(=O)Nc4cccnc-34)c2c1, Brc1ccc2[nH]c-3c(CC(=O)Nc4cccnc-34)c2c1, Brc1ccc2[nH]c-3c(CC(=O)Nc4cccnc-34)c2c1","NTSBZVCEIVPKBJ-UHFFFAOYSA-N, NTSBZVCEIVPKBJ-UHFFFAOYSA-N, NTSBZVCEIVPKBJ-UHFFFAOYSA-N, NTSBZVCEIVPKBJ-UHFFFAOYSA-N, NTSBZVCEIVPKBJ-UHFFFAOYSA-N, NTSBZVCEIVPKBJ-UHFFFAOYSA-N",Preclinical
1-deoxymannojirimycin,alpha mannosidase inhibitor,MAN2A1,,,"Tocris, Tocris",100,"OC[C@H]1NC[C@@H](O)[C@@H](O)[C@@H]1O, OC[C@H]1NC[C@@H](O)[C@@H](O)[C@@H]1O","LXBIFEVIBLOUGU-KVTDHHQDSA-N, LXBIFEVIBLOUGU-KVTDHHQDSA-N",Preclinical
1-EBIO,potassium channel activator,"KCNN1, KCNN2, KCNN3, KCNN4",,,"Tocris, Tocris, Tocris, Tocris",96.95,"CCn1c2ccccc2[nH]c1=O, CCn1c2ccccc2[nH]c1=O, CCn1c2ccccc2[nH]c1=O, CCn1c2ccccc2[nH]c1=O","CXUCKELNYMZTRT-UHFFFAOYSA-N, CXUCKELNYMZTRT-UHFFFAOYSA-N, CXUCKELNYMZTRT-UHFFFAOYSA-N, CXUCKELNYMZTRT-UHFFFAOYSA-N",Preclinical
1-ethyl-2-pyrrolidone,transdermal absorption-enhancing compound,,,,CombiBlocks,98.42,CCN1CCCC1=O,ZFPGARUNNKGOBB-UHFFFAOYSA-N,Preclinical
1-hexadecanal,sphingosine 1-phosphate receptor substrate,"DBI, RHO",,,DuPont,0,CCCCCCCCCCCCCCCC=O,NIOYUNMRJMEDGI-UHFFFAOYSA-N,Preclinical
1-hexadecanol,,,dermatology,cosmetic,"Selleck, Selleck, Selleck",0,"CCCCCCCCCCCCCCCCO, CCCCCCCCCCCCCCCCO, CCCCCCCCCCCCCCCCO","BXWNKGSJHAJOGX-UHFFFAOYSA-N, BXWNKGSJHAJOGX-UHFFFAOYSA-N, BXWNKGSJHAJOGX-UHFFFAOYSA-N",Launched
1-naphthyl-PP1,SRC inhibitor,SRC,,,"Tocris, Tocris, Tocris, Tocris, Tocris, Tocris",98.62,"CC(C)(C)n1nc(-c2cccc3ccccc23)c2c(N)ncnc12, CC(C)(C)n1nc(-c2cccc3ccccc23)c2c(N)ncnc12, CC(C)(C)n1nc(-c2cccc3ccccc23)c2c(N)ncnc12, CC(C)(C)n1nc(-c2cccc3ccccc23)c2c(N)ncnc12, CC(C)(C)n1nc(-c2cccc3ccccc23)c2c(N)ncnc12, CC(C)(C)n1nc(-c2cccc3ccccc23)c2c(N)ncnc12","XSHQBIXMLULFEV-UHFFFAOYSA-N, XSHQBIXMLULFEV-UHFFFAOYSA-N, XSHQBIXMLULFEV-UHFFFAOYSA-N, XSHQBIXMLULFEV-UHFFFAOYSA-N, XSHQBIXMLULFEV-UHFFFAOYSA-N, XSHQBIXMLULFEV-UHFFFAOYSA-N",Preclinical
1-octacosanol,,,,,Acros,1.71,CCCCCCCCCCCCCCCCCCCCCCCCCCCCO,CNNRPFQICPFDPO-UHFFFAOYSA-N,Phase 2
1-octanol,,"GJA1, GJA10, GJA3, GJA4, GJA5, GJA8, GJA9, GJB1, GJB2, GJB3, GJB4, GJB5, GJB6, GJB7, GJC1, GJC2, GJC3, GJD2, GJD3, GJD4, GJE1",,,"Enamine, Enamine",0,"CCCCCCCCO, CCCCCCCCO","KBPLFHHGFOOTCA-UHFFFAOYSA-N, KBPLFHHGFOOTCA-UHFFFAOYSA-N",Phase 2
1-phenylbiguanide,serotonin receptor agonist,"HTR3A, HTR3B",,,"Tocris, Tocris",96.75,"NC(N)=NC(=N)Nc1ccccc1, NC(N)=NC(=N)Nc1ccccc1","CUQCMXFWIMOWRP-UHFFFAOYSA-N, CUQCMXFWIMOWRP-UHFFFAOYSA-N",Preclinical
1E-1-(2-hydroxy-5-methylphenyl)-1-dodecanone-oxime,,,,,"Sigma, Sigma, Sigma, Sigma",98.81,"CCCCCCCCCCC[C@@H](N=O)c1cc(C)ccc1O |r|, CCCCCCCCCCC[C@@H](N=O)c1cc(C)ccc1O |r|, CCCCCCCCCCC[C@@H](N=O)c1cc(C)ccc1O |r|, CCCCCCCCCCC[C@@H](N=O)c1cc(C)ccc1O |r|","NFONIVRMILHYLH-GOSISDBHSA-N, NFONIVRMILHYLH-GOSISDBHSA-N, NFONIVRMILHYLH-GOSISDBHSA-N, NFONIVRMILHYLH-GOSISDBHSA-N",Preclinical
"1S,2R-phenylpropanolamine",adrenergic receptor agonist,,,,MicroSource,98.2,C[C@@H](N)[C@@H](O)c1ccccc1,DLNKOYKMWOXYQA-VXNVDRBHSA-N,Withdrawn
10-deacetylbaccatin,antitumor agent,,,,"MedChemEx, Selleck, Selleck, Selleck",95.89,"CC(=O)O[C@@]12CO[C@@H]1C[C@H](O)[C@]1(C)[C@@H]2[C@H](OC(=O)c2ccccc2)[C@]2(O)C[C@H](O)C(C)=C([C@@H](O)C1=O)C2(C)C |t:33|, CC(=O)O[C@@]12CO[C@@H]1C[C@H](O)[C@]1(C)[C@@H]2[C@H](OC(=O)c2ccccc2)[C@]2(O)C[C@H](O)C(C)=C([C@@H](O)C1=O)C2(C)C |t:33|, CC(=O)O[C@@]12CO[C@@H]1C[C@H](O)[C@]1(C)[C@@H]2[C@H](OC(=O)c2ccccc2)[C@]2(O)C[C@H](O)C(C)=C([C@@H](O)C1=O)C2(C)C |t:33|, CC(=O)O[C@@]12CO[C@@H]1C[C@H](O)[C@]1(C)[C@@H]2[C@H](OC(=O)c2ccccc2)[C@]2(O)C[C@H](O)C(C)=C([C@@H](O)C1=O)C2(C)C |t:33|","YWLXLRUDGLRYDR-ZHPRIASZSA-N, YWLXLRUDGLRYDR-ZHPRIASZSA-N, YWLXLRUDGLRYDR-ZHPRIASZSA-N, YWLXLRUDGLRYDR-ZHPRIASZSA-N",Preclinical
10-DEBC,AKT inhibitor,PIM1,,,"Tocris, Tocris, Tocris, Tocris",97.32,"CCN(CC)CCCCN1c2ccccc2Oc2ccc(Cl)cc12, CCN(CC)CCCCN1c2ccccc2Oc2ccc(Cl)cc12, CCN(CC)CCCCN1c2ccccc2Oc2ccc(Cl)cc12, CCN(CC)CCCCN1c2ccccc2Oc2ccc(Cl)cc12","GYBXAGDWMCJZJK-UHFFFAOYSA-N, GYBXAGDWMCJZJK-UHFFFAOYSA-N, GYBXAGDWMCJZJK-UHFFFAOYSA-N, GYBXAGDWMCJZJK-UHFFFAOYSA-N",Preclinical
10-hydroxycamptothecin,topoisomerase inhibitor,TOP1,,,"MedChemEx, MedChemEx, Selleck, Selleck, Selleck",97.94,"CC[C@@]1(O)C(=O)OCc2c1cc1-c3nc4ccc(O)cc4cc3Cn1c2=O, CC[C@@]1(O)C(=O)OCc2c1cc1-c3nc4ccc(O)cc4cc3Cn1c2=O, CC[C@@]1(O)C(=O)OCc2c1cc1-c3nc4ccc(O)cc4cc3Cn1c2=O, CC[C@@]1(O)C(=O)OCc2c1cc1-c3nc4ccc(O)cc4cc3Cn1c2=O, CC[C@@]1(O)C(=O)OCc2c1cc1-c3nc4ccc(O)cc4cc3Cn1c2=O","HAWSQZCWOQZXHI-FQEVSTJZSA-N, HAWSQZCWOQZXHI-FQEVSTJZSA-N, HAWSQZCWOQZXHI-FQEVSTJZSA-N, HAWSQZCWOQZXHI-FQEVSTJZSA-N, HAWSQZCWOQZXHI-FQEVSTJZSA-N",Preclinical
10058-F4,c-Myc inhibitor,,,,"Tocris, Selleck, Selleck, Selleck, Selleck",95.9,"CCc1ccc(\C=C2\SC(=S)NC2=O)cc1, CCc1ccc(\C=C2\SC(=S)NC2=O)cc1, CCc1ccc(\C=C2\SC(=S)NC2=O)cc1, CCc1ccc(\C=C2\SC(=S)NC2=O)cc1, CCc1ccc(\C=C2\SC(=S)NC2=O)cc1","SVXDHPADAXBMFB-JXMROGBWSA-N, SVXDHPADAXBMFB-JXMROGBWSA-N, SVXDHPADAXBMFB-JXMROGBWSA-N, SVXDHPADAXBMFB-JXMROGBWSA-N, SVXDHPADAXBMFB-JXMROGBWSA-N",Preclinical
12-O-tetradecanoylphorbol-13-acetate,PKC activator,"KCNT2, TRPV4",,,"Enzo, Enzo, Enzo, Enzo, Sigma, Sigma",97.9,"CCCCCCCCCCCCCC(=O)O[C@@H]1[C@@H](C)[C@]2(O)[C@@H]3C=C(C)C(=O)[C@@]3(O)CC(CO)=C[C@H]2[C@@H]2C(C)(C)[C@]12OC(C)=O |c:33,t:22|, CCCCCCCCCCCCCC(=O)O[C@@H]1[C@@H](C)[C@]2(O)[C@@H]3C=C(C)C(=O)[C@@]3(O)CC(CO)=C[C@H]2[C@@H]2C(C)(C)[C@]12OC(C)=O |c:33,t:22|, CCCCCCCCCCCCCC(=O)O[C@@H]1[C@@H](C)[C@]2(O)[C@@H]3C=C(C)C(=O)[C@@]3(O)CC(CO)=C[C@H]2[C@@H]2C(C)(C)[C@]12OC(C)=O |c:33,t:22|, CCCCCCCCCCCCCC(=O)O[C@@H]1[C@@H](C)[C@]2(O)[C@@H]3C=C(C)C(=O)[C@@]3(O)CC(CO)=C[C@H]2[C@@H]2C(C)(C)[C@]12OC(C)=O |c:33,t:22|, CCCCCCCCCCCCCC(=O)O[C@@H]1[C@@H](C)[C@]2(O)[C@@H]3C=C(C)C(=O)[C@@]3(O)CC(CO)=C[C@H]2[C@@H]2C(C)(C)[C@]12OC(C)=O |c:33,t:22|, CCCCCCCCCCCCCC(=O)O[C@@H]1[C@@H](C)[C@]2(O)[C@@H]3C=C(C)C(=O)[C@@]3(O)CC(CO)=C[C@H]2[C@@H]2C(C)(C)[C@]12OC(C)=O |c:33,t:22|","PHEDXBVPIONUQT-RGYGYFBISA-N, PHEDXBVPIONUQT-RGYGYFBISA-N, PHEDXBVPIONUQT-RGYGYFBISA-N, PHEDXBVPIONUQT-RGYGYFBISA-N, PHEDXBVPIONUQT-RGYGYFBISA-N, PHEDXBVPIONUQT-RGYGYFBISA-N",Phase 2
1400W,nitric oxide synthase inhibitor,"NOS1, NOS2, NOS3",,,"Tocris, Tocris",89.27,"CC(=N)NCc1cccc(CN)c1, CC(=N)NCc1cccc(CN)c1","RODUKNYOEVZQPR-UHFFFAOYSA-N, RODUKNYOEVZQPR-UHFFFAOYSA-N",Preclinical
"16,16-dimethylprostaglandin-e2",prostanoid receptor agonist,HPGD,,,"Enzo, Sigma, Sigma",100,"CCCCC(C)(C)[C@H](O)\C=C\[C@H]1[C@H](O)CC(=O)[C@@H]1C\C=C/CCCC(O)=O, CCCCC(C)(C)[C@H](O)\C=C\[C@H]1[C@H](O)CC(=O)[C@@H]1C\C=C/CCCC(O)=O, CCCCC(C)(C)[C@H](O)\C=C\[C@H]1[C@H](O)CC(=O)[C@@H]1C\C=C/CCCC(O)=O","QAOBBBBDJSWHMU-WMBBNPMCSA-N, QAOBBBBDJSWHMU-WMBBNPMCSA-N, QAOBBBBDJSWHMU-WMBBNPMCSA-N",Phase 2
17-hydroxyprogesterone-caproate,progesterone receptor agonist,"AR, ESR1, ESR2, NR1H4, NR1I2, NR3C1, PGR",obstetrics/gynecology,spontaneous preterm birth,MedChemEx,89.88,CCCCCC(=O)O[C@@]1(CC[C@H]2[C@@H]3CCC4=CC(=O)CC[C@]4(C)[C@H]3CC[C@]12C)C(C)=O |t:15|,DOMWKUIIPQCAJU-LJHIYBGHSA-N,Launched
17-PA,glucocorticoid receptor agonist,,,,"Tocris, Tocris",94.15,"C[C@]12CC[C@H]3[C@@H](CC[C@H]4C[C@H](O)CC[C@]34C)[C@@H]1CC=C2c1ccccc1 |c:21|, C[C@]12CC[C@H]3[C@@H](CC[C@H]4C[C@H](O)CC[C@]34C)[C@@H]1CC=C2c1ccccc1 |c:21|","SINAMTXBCYKFDL-WBJZGETLSA-N, SINAMTXBCYKFDL-WBJZGETLSA-N",Preclinical
2'-C-methylguanosine,HCV inhibitor,,,,Sigma,99.3,C[C@@]1(O)[C@H](O)[C@@H](CO)O[C@H]1n1cnc2c1[nH]c(N)nc2=O,NVKAMPJSWMHVDK-GITKWUPZSA-N,Preclinical
2'-MeCCPA,adenosine receptor agonist,ADORA1,,,"Tocris, Tocris, Tocris, Tocris, Tocris",95.81,"C[C@@]1(O)[C@H](O)[C@@H](CO)O[C@H]1n1cnc2c(NC3CCCC3)nc(Cl)nc12, C[C@@]1(O)[C@H](O)[C@@H](CO)O[C@H]1n1cnc2c(NC3CCCC3)nc(Cl)nc12, C[C@@]1(O)[C@H](O)[C@@H](CO)O[C@H]1n1cnc2c(NC3CCCC3)nc(Cl)nc12, C[C@@]1(O)[C@H](O)[C@@H](CO)O[C@H]1n1cnc2c(NC3CCCC3)nc(Cl)nc12, C[C@@]1(O)[C@H](O)[C@@H](CO)O[C@H]1n1cnc2c(NC3CCCC3)nc(Cl)nc12","MMPAUXMIDJWGFO-ROMFRFKVSA-N, MMPAUXMIDJWGFO-ROMFRFKVSA-N, MMPAUXMIDJWGFO-ROMFRFKVSA-N, MMPAUXMIDJWGFO-ROMFRFKVSA-N, MMPAUXMIDJWGFO-ROMFRFKVSA-N",Preclinical
"2,3-cis/exo-camphanediol",,,,,BroadPharm,0,CC1(C)[C@@H]2CC[C@@]1(C)[C@H](O)[C@@H]2O,AYEOSGBMQHXVER-DQUBFYRCSA-N,Phase 1
"2,3-cis/exo-pinanediol",,,,,Maybridge,0,CC1(C)C2CC1[C@](C)(O)[C@H](O)C2,MOILFCKRQFQVFS-VUMZSGCYSA-N,Phase 1
"2,3-DCPE",BCL-XL downregulator,BCL2L1,,,"Tocris, Tocris, Tocris, Tocris",100,"OCCNCCCOc1cccc(Cl)c1Cl, OCCNCCCOc1cccc(Cl)c1Cl, OCCNCCCOc1cccc(Cl)c1Cl, OCCNCCCOc1cccc(Cl)c1Cl","QVEIRCZEBQRCTR-UHFFFAOYSA-N, QVEIRCZEBQRCTR-UHFFFAOYSA-N, QVEIRCZEBQRCTR-UHFFFAOYSA-N, QVEIRCZEBQRCTR-UHFFFAOYSA-N",Preclinical
"2,4-dinitrochlorobenzene",thioredoxin inhibitor,TXN,,,Sigma,0,[O-][N+](=O)c1ccc(Cl)c(c1)[N+]([O-])=O,VYZAHLCBVHPDDF-UHFFFAOYSA-N,Phase 2
"2,4-dinitrophenol",ATP synthase inhibitor,APP,,,MicroSource,98.95,Oc1ccc(cc1[N+]([O-])=O)[N+]([O-])=O,UFBJCMHMOXMLKC-UHFFFAOYSA-N,Preclinical
"2,5-furandimethanol",hemoglobin modulator,HBB,,,Key,0,OCc1ccc(CO)o1,DSLRVRBSNLHVBH-UHFFFAOYSA-N,Phase 2
"2,6-dimethylpiperidine",,,,,"MicroSource, MedChemEx",0,"C[C@H]1CCC[C@@H](C)N1 |&1:1,&2:5,r|, C[C@H]1CCC[C@@H](C)N1 |&1:1,&2:5,r|","SDGKUVSVPIIUCF-KNVOCYPGSA-N, SDGKUVSVPIIUCF-KNVOCYPGSA-N",Preclinical
"2-(chloromethyl)-5,6,7,8-tetrahydro[1]benzothieno[2,3-d]pyrimidin-4(3H)-one",,,,,Enamine,80.5,ClC=C1Nc2sc3CCCCc3c2C(=O)N1,UTWSZXBGTLNPOV-UHFFFAOYSA-N,Preclinical
2-(1-adamantylamino)benzoic-acid,,,,,Enamine,97.76,OC(=O)c1ccccc1NC(=O)C12CC3CC(CC(C3)C1)C2,XKZLSYWCDJZTMW-UHFFFAOYSA-N,Preclinical
2-(3-mercaptopropyl)pentanedioic-acid,glutamate carboxypeptidase inhibitor,FOLH1,,,"Tocris, Tocris",84.2,"OC(=O)CC[C@@H](CCCS)C(O)=O |&1:5,r|, OC(=O)CC[C@@H](CCCS)C(O)=O |&1:5,r|","FNLNSQHJKVQCBP-ZCFIWIBFSA-N, FNLNSQHJKVQCBP-ZCFIWIBFSA-N",Phase 1
2-[1-(4-piperonyl)piperazinyl]benzothiazole,serotonin receptor agonist,HTR4,,,"Tocris, Tocris",99.23,"C(N1CCN(CC1)c1nc2ccccc2s1)c1ccc2OCOc2c1, C(N1CCN(CC1)c1nc2ccccc2s1)c1ccc2OCOc2c1","BYHKGNWKJMGHGE-UHFFFAOYSA-N, BYHKGNWKJMGHGE-UHFFFAOYSA-N",Preclinical
2-aminobenzenesulfonamide,carbonic anhydrase inhibitor,"CA12, CA14, CA2, CA6, CA9",,,Prestwick,99.54,Nc1ccccc1S(N)(=O)=O,YAZSBRQTAHVVGE-UHFFFAOYSA-N,Preclinical
2-APB,"1,4,5-trisphosphate inhibitor","TRPC1, TRPC3, TRPC4, TRPC5, TRPC6, TRPC7, TRPM2, TRPM3, TRPM6, TRPV1, TRPV6",,,"Tocris, Tocris",0,"NCCOB(c1ccccc1)c1ccccc1, NCCOB(c1ccccc1)c1ccccc1","BLZVCIGGICSWIG-UHFFFAOYSA-N, BLZVCIGGICSWIG-UHFFFAOYSA-N",Preclinical
2-BFI,imidazoline receptor ligand,"ADRA2A, ADRA2B, ADRA2C, MAOA, MAOB",,,Tocris,97.63,C1CN=C(N1)c1cc2ccccc2o1 |c:2|,YTJOHEUHUVBKSB-UHFFFAOYSA-N,Preclinical
2-chloro-N6-cyclopentyladenosine,adenosine receptor agonist,"ADORA1, ADORA2A, ADORA2B, ADORA3",,,"Tocris, Tocris, Tocris, Tocris",98.41,"OC[C@H]1O[C@H]([C@H](O)[C@@H]1O)n1cnc2c(NC3CCCC3)nc(Cl)nc12, OC[C@H]1O[C@H]([C@H](O)[C@@H]1O)n1cnc2c(NC3CCCC3)nc(Cl)nc12, OC[C@H]1O[C@H]([C@H](O)[C@@H]1O)n1cnc2c(NC3CCCC3)nc(Cl)nc12, OC[C@H]1O[C@H]([C@H](O)[C@@H]1O)n1cnc2c(NC3CCCC3)nc(Cl)nc12","XSMYYYQVWPZWIZ-IDTAVKCVSA-N, XSMYYYQVWPZWIZ-IDTAVKCVSA-N, XSMYYYQVWPZWIZ-IDTAVKCVSA-N, XSMYYYQVWPZWIZ-IDTAVKCVSA-N",Preclinical
2-chloroadenosine,adenosine receptor agonist,"ADORA1, ADORA2A, ADORA2B",,,"Tocris, Tocris, Tocris",98.42,"Nc1nc(Cl)nc2n(cnc12)[C@@H]1O[C@H](CO)[C@@H](O)[C@H]1O, Nc1nc(Cl)nc2n(cnc12)[C@@H]1O[C@H](CO)[C@@H](O)[C@H]1O, Nc1nc(Cl)nc2n(cnc12)[C@@H]1O[C@H](CO)[C@@H](O)[C@H]1O","BIXYYZIIJIXVFW-UUOKFMHZSA-N, BIXYYZIIJIXVFW-UUOKFMHZSA-N, BIXYYZIIJIXVFW-UUOKFMHZSA-N",Preclinical
2-chloropyrazine,,,,,"MedChemEx, Prestwick",94.15,"Clc1cnccn1, Clc1cnccn1","GELVZYOEQVJIRR-UHFFFAOYSA-N, GELVZYOEQVJIRR-UHFFFAOYSA-N",Preclinical
2-CMDO,dopamine receptor antagonist,"DRD2, DRD4",,,"Tocris, Tocris, Tocris, Tocris",95.69,"CN1CCN(CC1)C1=Cc2ccccc2Oc2ccc(Cl)cc12 |t:8|, CN1CCN(CC1)C1=Cc2ccccc2Oc2ccc(Cl)cc12 |t:8|, CN1CCN(CC1)C1=Cc2ccccc2Oc2ccc(Cl)cc12 |t:8|, CN1CCN(CC1)C1=Cc2ccccc2Oc2ccc(Cl)cc12 |t:8|","OTKUTGIVEREJLL-UHFFFAOYSA-N, OTKUTGIVEREJLL-UHFFFAOYSA-N, OTKUTGIVEREJLL-UHFFFAOYSA-N, OTKUTGIVEREJLL-UHFFFAOYSA-N",Preclinical
2-deoxy-2-([methyl(nitroso)carbamoyl]amino)hexose,,,"oncology, endocrinology","pancreatic cancer, hypoglycemia",Labotest,0,"CN([NH2+][O-])C(=O)N[C@@H](C=O)[C@@H](O)[C@@H](O)[C@@H](O)CO |&1:7,&2:10,&3:12,&4:14,r|",VUVHIMLGTHRGQZ-YTLHQDLWSA-N,Preclinical
2-deoxyglucose,glycolysis inhibitor,"SLC2A1, SLC2A2, SLC2A3, SLC2A4",,,"Enzo, Enzo, MedChemEx",100,"OC[C@H]1O[C@H](O)C[C@@H](O)[C@@H]1O, OC[C@H]1O[C@H](O)C[C@@H](O)[C@@H]1O, OC[C@H]1O[C@H](O)C[C@@H](O)[C@@H]1O","PMMURAAUARKVCB-ZXXMMSQZSA-N, PMMURAAUARKVCB-ZXXMMSQZSA-N, PMMURAAUARKVCB-ZXXMMSQZSA-N",Phase 2
2-ethoxybenzoic-acid,analgesic agent,,,,Enamine,97.32,CCOc1ccccc1C(O)=O,XDZMPRGFOOFSBL-UHFFFAOYSA-N,Phase 1
"2-ethyl-1,3-hexanediol",,,,,"Sigma, Sigma, TCI",0,"CCC[C@@H](O)[C@@H](CC)CO |&1:3,&2:5,r|, CCC[C@@H](O)[C@@H](CC)CO |&1:3,&2:5,r|, CCC[C@@H](O)[C@@H](CC)CO |&1:3,&2:5,r|","RWLALWYNXFYRGW-JGVFFNPUSA-N, RWLALWYNXFYRGW-JGVFFNPUSA-N, RWLALWYNXFYRGW-JGVFFNPUSA-N",Preclinical
2-fluoro-2-deoxy-D-galactose,,LCT,,,SantaCruz,100,"OC[C@H]1O[C@@H](O)[C@@H](F)[C@@H](O)[C@@H]1O |&1:2,&2:4,&3:6,&4:8,&5:10,r|",ZCXUVYAZINUVJD-AIECOIEWSA-N,Phase 1
2-fluorofucose,,,,,Apollo,0,C[C@@H]1O[C@H](O)[C@@H](F)[C@H](O)[C@@H]1O |&1:3|,IRKXGKIPOMIQOD-QYESYBIKSA-N,Phase 1
"2-hydroxy-4-((E)-3-(4-hydroxyphenyl)acryloyl)-2-((2R,3R,4S,5S,6R)-3,4,5-trihydroxy-6-(hydroxymethyl)tetrahydro-2H-pyran-2-yl)-6-((2S,3R,4R,5S,6R)-3,4,5-trihydroxy-6-(hydroxymethyl)tetrahydro-2H-pyran-2-yl)cyclohexane-1,3,5-trione",,,,,"MedChemEx, MedChemEx",76.37,"OC[C@H]1O[C@H]([C@H](O)[C@@H](O)[C@@H]1O)[C@H]1C(=O)C(=C(O)\C=C\c2ccc(O)cc2)C(=O)[C@@](O)([C@@H]2O[C@H](CO)[C@@H](O)[C@H](O)[C@H]2O)C1=O |a:2,4,5,7,9,30,32,35,37,39,&1:11,&2:14,&3:28|, OC[C@H]1O[C@H]([C@H](O)[C@@H](O)[C@@H]1O)[C@H]1C(=O)C(=C(O)\C=C\c2ccc(O)cc2)C(=O)[C@@](O)([C@@H]2O[C@H](CO)[C@@H](O)[C@H](O)[C@H]2O)C1=O |a:2,4,5,7,9,30,32,35,37,39,&1:11,&2:14,&3:28|","BWKBPVRNWJFLSC-FROSJQSHSA-N, BWKBPVRNWJFLSC-FROSJQSHSA-N",Preclinical
2-hydroxyethyl-salicylate,,,neurology/psychiatry,pain relief,Acros,97.62,OCCOC(=O)c1ccccc1O,LVYLCBNXHHHPSB-UHFFFAOYSA-N,Launched
2-hydroxyflutamide,androgen receptor antagonist,AR,,,"Sigma, Enamine",99.33,"CC(C)(O)C(=O)Nc1ccc(c(c1)C(F)(F)F)[N+]([O-])=O, CC(C)(O)C(=O)Nc1ccc(c(c1)C(F)(F)F)[N+]([O-])=O","YPQLFJODEKMJEF-UHFFFAOYSA-N, YPQLFJODEKMJEF-UHFFFAOYSA-N",Phase 2
2-hydroxysaclofen,GABA receptor antagonist,"GABBR1, GABBR2",,,"Tocris, Tocris, Tocris, Tocris, Tocris, Tocris, Tocris",96.08,"NC[C@@](O)(CS(O)(=O)=O)c1ccc(Cl)cc1 |&1:2,r|, NC[C@@](O)(CS(O)(=O)=O)c1ccc(Cl)cc1 |&1:2,r|, NC[C@@](O)(CS(O)(=O)=O)c1ccc(Cl)cc1 |&1:2,r|, NC[C@@](O)(CS(O)(=O)=O)c1ccc(Cl)cc1 |&1:2,r|, NC[C@@](O)(CS(O)(=O)=O)c1ccc(Cl)cc1 |&1:2,r|, NC[C@@](O)(CS(O)(=O)=O)c1ccc(Cl)cc1 |&1:2,r|, NC[C@@](O)(CS(O)(=O)=O)c1ccc(Cl)cc1 |&1:2,r|","WBSMZVIMANOCNX-SECBINFHSA-N, WBSMZVIMANOCNX-SECBINFHSA-N, WBSMZVIMANOCNX-SECBINFHSA-N, WBSMZVIMANOCNX-SECBINFHSA-N, WBSMZVIMANOCNX-SECBINFHSA-N, WBSMZVIMANOCNX-SECBINFHSA-N, WBSMZVIMANOCNX-SECBINFHSA-N",Preclinical
2-iminobiotin,nitric oxide synthase inhibitor,"NOS1, NOS2",,,"Sigma, BroadPharm",90.08,"NC1=N[C@H]2CS[C@@H](CCCCC(O)=O)[C@H]2N1 |t:1|, NC1=N[C@H]2CS[C@@H](CCCCC(O)=O)[C@H]2N1 |t:1|","WWVANQJRLPIHNS-ZKWXMUAHSA-N, WWVANQJRLPIHNS-ZKWXMUAHSA-N",Phase 2
2-iodohippuric-acid,,,,,"Enamine, Sigma",98.84,"OC(=O)CNC(=O)c1ccccc1I, OC(=O)CNC(=O)c1ccccc1I","CORFWQGVBFFZHF-UHFFFAOYSA-N, CORFWQGVBFFZHF-UHFFFAOYSA-N",Preclinical
2-iodomelatonin,melatonin receptor agonist,"MTNR1A, MTNR1B, NQO2",,,"Tocris, Tocris",96.09,"COc1ccc2[nH]c(I)c(CCNC(C)=O)c2c1, COc1ccc2[nH]c(I)c(CCNC(C)=O)c2c1","FJDDSMSDZHURBJ-UHFFFAOYSA-N, FJDDSMSDZHURBJ-UHFFFAOYSA-N",Preclinical
2-methoxyestradiol,hypoxia inducible factor inhibitor,"COMT, CYP19A1, CYP1A1, CYP1B1, HIF1A, TUBB",,,"Tocris, Selleck, Selleck, Selleck, Selleck, Tocris, Tocris, Tocris",97.09,"COc1cc2[C@H]3CC[C@]4(C)[C@@H](O)CC[C@H]4[C@@H]3CCc2cc1O, COc1cc2[C@H]3CC[C@]4(C)[C@@H](O)CC[C@H]4[C@@H]3CCc2cc1O, COc1cc2[C@H]3CC[C@]4(C)[C@@H](O)CC[C@H]4[C@@H]3CCc2cc1O, COc1cc2[C@H]3CC[C@]4(C)[C@@H](O)CC[C@H]4[C@@H]3CCc2cc1O, COc1cc2[C@H]3CC[C@]4(C)[C@@H](O)CC[C@H]4[C@@H]3CCc2cc1O, COc1cc2[C@H]3CC[C@]4(C)[C@@H](O)CC[C@H]4[C@@H]3CCc2cc1O, COc1cc2[C@H]3CC[C@]4(C)[C@@H](O)CC[C@H]4[C@@H]3CCc2cc1O, COc1cc2[C@H]3CC[C@]4(C)[C@@H](O)CC[C@H]4[C@@H]3CCc2cc1O","CQOQDQWUFQDJMK-SSTWWWIQSA-N, CQOQDQWUFQDJMK-SSTWWWIQSA-N, CQOQDQWUFQDJMK-SSTWWWIQSA-N, CQOQDQWUFQDJMK-SSTWWWIQSA-N, CQOQDQWUFQDJMK-SSTWWWIQSA-N, CQOQDQWUFQDJMK-SSTWWWIQSA-N, CQOQDQWUFQDJMK-SSTWWWIQSA-N, CQOQDQWUFQDJMK-SSTWWWIQSA-N",Phase 2
2-methyl-5-hydroxytryptamine,serotonin receptor agonist,"HTR1B, HTR1D, HTR1E, HTR1F, HTR3A, HTR3B, HTR6",,,"Tocris, Tocris, Tocris",97.17,"Cc1[nH]c2ccc(O)cc2c1CCN, Cc1[nH]c2ccc(O)cc2c1CCN, Cc1[nH]c2ccc(O)cc2c1CCN","WYWNEDARFVJQSG-UHFFFAOYSA-N, WYWNEDARFVJQSG-UHFFFAOYSA-N, WYWNEDARFVJQSG-UHFFFAOYSA-N",Preclinical
2-methyl-5-nitrophenol,,,,,"MedChemEx, Enamine",86.08,"Cc1ccc(cc1O)[N+]([O-])=O, Cc1ccc(cc1O)[N+]([O-])=O","UMFDLIXUUJMPSI-UHFFFAOYSA-N, UMFDLIXUUJMPSI-UHFFFAOYSA-N",Preclinical
2-methylimidazole,cholesterol inhibitor,,,,Sigma,93.95,Cc1ncc[nH]1,LXBGSDVWAMZHDD-UHFFFAOYSA-N,Preclinical
2-octyldodecan-1-ol,,,,,"Sigma, Bepharm, Bepharm",0,"CCCCCCCCCC[C@@H](CO)CCCCCCCC |&1:10,r|, CCCCCCCCCC[C@@H](CO)CCCCCCCC |&1:10,r|, CCCCCCCCCC[C@@H](CO)CCCCCCCC |&1:10,r|","LEACJMVNYZDSKR-FQEVSTJZSA-N, LEACJMVNYZDSKR-FQEVSTJZSA-N, LEACJMVNYZDSKR-FQEVSTJZSA-N",Preclinical
2-oleoylglycerol,glucose dependent insulinotropic receptor ligand,GPR119,,,"Cayman, Cayman",94.8,"CCCCCCCC\C=C/CCCCCCCC(=O)OC(CO)CO, CCCCCCCC\C=C/CCCCCCCC(=O)OC(CO)CO","UPWGQKDVAURUGE-KTKRTIGZSA-N, UPWGQKDVAURUGE-KTKRTIGZSA-N",Phase 1
2-oxoglutaric-acid,,OXGR1,,,"MedChemEx, Enamine",100,"OC(=O)CCC(=O)C(O)=O, OC(=O)CCC(=O)C(O)=O","KPGXRSRHYNQIFN-UHFFFAOYSA-N, KPGXRSRHYNQIFN-UHFFFAOYSA-N",Preclinical
2-oxopropanoate,pyruvate dehydrogenase kinase inhibitor,ABAT,,,Sigma,76.6,OC(=C)C(O)=O,FEWFXBUNENSNBQ-UHFFFAOYSA-N,Preclinical
2-phenylmelatonin,melatonin receptor agonist,"MTNR1A, MTNR1B",,,"Tocris, Tocris, Tocris, Tocris, Tocris",97.9,"COc1ccc2[nH]c(c(CCNC(C)=O)c2c1)-c1ccccc1, COc1ccc2[nH]c(c(CCNC(C)=O)c2c1)-c1ccccc1, COc1ccc2[nH]c(c(CCNC(C)=O)c2c1)-c1ccccc1, COc1ccc2[nH]c(c(CCNC(C)=O)c2c1)-c1ccccc1, COc1ccc2[nH]c(c(CCNC(C)=O)c2c1)-c1ccccc1","OFCLARYYBGKCHN-UHFFFAOYSA-N, OFCLARYYBGKCHN-UHFFFAOYSA-N, OFCLARYYBGKCHN-UHFFFAOYSA-N, OFCLARYYBGKCHN-UHFFFAOYSA-N, OFCLARYYBGKCHN-UHFFFAOYSA-N",Preclinical
2-PMDQ,adrenergic receptor antagonist,ADRA1A,,,"Tocris, Tocris",97.31,"O=C1Nc2ccccc2C2=N[C@@H](CN3CCN(CC3)c3ccccc3)CN12 |&1:11,r,t:10|, O=C1Nc2ccccc2C2=N[C@@H](CN3CCN(CC3)c3ccccc3)CN12 |&1:11,r,t:10|","ONSOQRPYFKDOEB-INIZCTEOSA-N, ONSOQRPYFKDOEB-INIZCTEOSA-N",Preclinical
2-pyridylethylamine,histamine receptor agonist,HRH1,,,"Tocris, Tocris, Tocris",97.88,"NCCc1ccccn1, NCCc1ccccn1, NCCc1ccccn1","XPQIPUZPSLAZDV-UHFFFAOYSA-N, XPQIPUZPSLAZDV-UHFFFAOYSA-N, XPQIPUZPSLAZDV-UHFFFAOYSA-N",Preclinical
2-TEDC,lipoxygenase inhibitor,ALOX12,,,"Tocris, Tocris",94.84,"Oc1ccc(\C=C(/C#N)C(=O)OCCc2cccs2)cc1O, Oc1ccc(\C=C(/C#N)C(=O)OCCc2cccs2)cc1O","KCGLTUBCAGZLHP-XYOKQWHBSA-N, KCGLTUBCAGZLHP-XYOKQWHBSA-N",Preclinical
2-thiouracil,,,,,"MedChemEx, MicroSource, Selleck",100,"O=c1cc[nH]c(=S)[nH]1, O=c1cc[nH]c(=S)[nH]1, O=c1cc[nH]c(=S)[nH]1","ZEMGGZBWXRYJHK-UHFFFAOYSA-N, ZEMGGZBWXRYJHK-UHFFFAOYSA-N, ZEMGGZBWXRYJHK-UHFFFAOYSA-N",Preclinical
20-HETE,ion channel antagonist,,,,MedChemEx,0,OCCCCC\C=C/C\C=C/C\C=C/C\C=C/CCCC(O)=O,NNDIXBJHNLFJJP-DTLRTWKJSA-N,Preclinical
20-hydroxyecdysone,ecdysone receptor modulator,,,,Selleck,92.15,CC(C)(O)CC[C@@H](O)[C@](C)(O)[C@@H]1CC[C@@]2(O)C3=CC(=O)[C@@H]4C[C@@H](O)[C@@H](O)C[C@]4(C)[C@@H]3CC[C@]12C |t:16|,NKDFYOWSKOHCCO-HMIIXLFTSA-N,Phase 2
3'-fluorobenzylspiperone,dopamine receptor ligand,DRD2,,,"Tocris, Tocris, Tocris, Tocris",93.86,"Fc1ccc(cc1)C(=O)CCCN1CCC2(CC1)N(CN(Cc1cccc(F)c1)C2=O)c1ccccc1, Fc1ccc(cc1)C(=O)CCCN1CCC2(CC1)N(CN(Cc1cccc(F)c1)C2=O)c1ccccc1, Fc1ccc(cc1)C(=O)CCCN1CCC2(CC1)N(CN(Cc1cccc(F)c1)C2=O)c1ccccc1, Fc1ccc(cc1)C(=O)CCCN1CCC2(CC1)N(CN(Cc1cccc(F)c1)C2=O)c1ccccc1","DXZKTRNEOISOCA-UHFFFAOYSA-N, DXZKTRNEOISOCA-UHFFFAOYSA-N, DXZKTRNEOISOCA-UHFFFAOYSA-N, DXZKTRNEOISOCA-UHFFFAOYSA-N",Preclinical
"3,3'-dichlorobenzaldazine",glutamate receptor modulator,GRM5,,,"Tocris, Tocris",96.54,"Clc1cccc(\C=N\N=C\c2cccc(Cl)c2)c1, Clc1cccc(\C=N\N=C\c2cccc(Cl)c2)c1","XMOVWXSCYLINBJ-BEQMOXJMSA-N, XMOVWXSCYLINBJ-BEQMOXJMSA-N",Preclinical
"3,3'-diindolylmethane","CHK inhibitor, cytochrome P450 activator, indoleamine 2,3-dioxygenase inhibitor","AR, HIF1A, IFNG, PI3",,,"Enzo, Sigma, Sigma",93.17,"C(c1c[nH]c2ccccc12)c1c[nH]c2ccccc12, C(c1c[nH]c2ccccc12)c1c[nH]c2ccccc12, C(c1c[nH]c2ccccc12)c1c[nH]c2ccccc12","VFTRKSBEFQDZKX-UHFFFAOYSA-N, VFTRKSBEFQDZKX-UHFFFAOYSA-N, VFTRKSBEFQDZKX-UHFFFAOYSA-N",Phase 3
"3,4-DCPG-(+/-)",glutamate receptor agonist,GRM8,,,"Tocris, Tocris",0,"N[C@@H](C(O)=O)c1ccc(C(O)=O)c(c1)C(O)=O |&1:1,r|, N[C@@H](C(O)=O)c1ccc(C(O)=O)c(c1)C(O)=O |&1:1,r|","IJVMOGKBEVRBPP-SSDOTTSWSA-N, IJVMOGKBEVRBPP-SSDOTTSWSA-N",Preclinical
"3,4-DCPG-(R)",glutamate receptor antagonist,,,,"Tocris, Tocris",100,"N[C@@H](C(O)=O)c1ccc(C(O)=O)c(c1)C(O)=O, N[C@@H](C(O)=O)c1ccc(C(O)=O)c(c1)C(O)=O","IJVMOGKBEVRBPP-SSDOTTSWSA-N, IJVMOGKBEVRBPP-SSDOTTSWSA-N",Preclinical
"3,4-DCPG-(S)",glutamate receptor agonist,GRM8,,,"Tocris, Tocris, Tocris",90.3,"N[C@H](C(O)=O)c1ccc(C(O)=O)c(c1)C(O)=O, N[C@H](C(O)=O)c1ccc(C(O)=O)c(c1)C(O)=O, N[C@H](C(O)=O)c1ccc(C(O)=O)c(c1)C(O)=O","IJVMOGKBEVRBPP-ZETCQYMHSA-N, IJVMOGKBEVRBPP-ZETCQYMHSA-N, IJVMOGKBEVRBPP-ZETCQYMHSA-N",Preclinical
"3,4-methylenedioxy-beta-nitrostyrene","SRC inhibitor, SYK inhibitor","SRC, SYK",,,"Selleck, Selleck, Selleck, Selleck, Selleck, Selleck",96.95,"[O-][N+](=O)\C=C\c1ccc2OCOc2c1, [O-][N+](=O)\C=C\c1ccc2OCOc2c1, [O-][N+](=O)\C=C\c1ccc2OCOc2c1, [O-][N+](=O)\C=C\c1ccc2OCOc2c1, [O-][N+](=O)\C=C\c1ccc2OCOc2c1, [O-][N+](=O)\C=C\c1ccc2OCOc2c1","KFLWBZPSJQPRDD-ONEGZZNKSA-N, KFLWBZPSJQPRDD-ONEGZZNKSA-N, KFLWBZPSJQPRDD-ONEGZZNKSA-N, KFLWBZPSJQPRDD-ONEGZZNKSA-N, KFLWBZPSJQPRDD-ONEGZZNKSA-N, KFLWBZPSJQPRDD-ONEGZZNKSA-N",Preclinical
"3,5-DHPG-(S)",glutamate receptor agonist,GRM1,,,"Tocris, Tocris, Tocris",100,"N[C@H](C(O)=O)c1cc(O)cc(O)c1, N[C@H](C(O)=O)c1cc(O)cc(O)c1, N[C@H](C(O)=O)c1cc(O)cc(O)c1","HOOWCUZPEFNHDT-ZETCQYMHSA-N, HOOWCUZPEFNHDT-ZETCQYMHSA-N, HOOWCUZPEFNHDT-ZETCQYMHSA-N",Preclinical
3-(4-methylbenzylidene)camphor,endocrine disruptor,,dermatology,sunscreen lotion,"AlfaAesar, Selleck",98.91,"Cc1ccc(\C=C2\[C@H]3CC[C@@](C)(C2=O)C3(C)C)cc1 |&1:7,&2:10,r|, Cc1ccc(\C=C2\[C@H]3CC[C@@](C)(C2=O)C3(C)C)cc1 |&1:7,&2:10,r|","HEOCBCNFKCOKBX-LBONJMQPSA-N, HEOCBCNFKCOKBX-LBONJMQPSA-N",Launched
3-alpha-bis-(4-fluorophenyl)-methoxytropane,dopamine uptake inhibitor,"CHRM1, SLC6A2, SLC6A3, SLC6A4",,,Tocris,95.34,"CN1[C@H]2CC[C@@H]1C[C@@H](C2)OC(c1ccc(F)cc1)c1ccc(F)cc1 |&1:2,5,7|",MHNSOBBJZCWUGS-PMOLBWCYSA-N,Preclinical
3-alpha-hydroxy-5-beta-androstan-17-one,,"HSD17B11, IGHG2, SULT2A1",,,Prestwick,100,"C[C@]12CC[C@H]3[C@@H](CC[C@@H]4C[C@H](O)CC[C@]34C)[C@@H]1CCC2=O |a:1,5,8,10,14,16,&1:4|",QGXBDMJGAMFCBF-BNSUEQOYSA-N,Preclinical
3-amino-benzamide,PARP inhibitor,PARP1,,,"Selleck, Tocris, Tocris",97.46,"NC(=O)c1cccc(N)c1, NC(=O)c1cccc(N)c1, NC(=O)c1cccc(N)c1","GSCPDZHWVNUUFI-UHFFFAOYSA-N, GSCPDZHWVNUUFI-UHFFFAOYSA-N, GSCPDZHWVNUUFI-UHFFFAOYSA-N",Phase 2
3-anilinopropan-1-ol,,,,,"Enamine, Enamine",29.93,"OCCCNc1ccccc1, OCCCNc1ccccc1","GZYBSURBYCLNSM-UHFFFAOYSA-N, GZYBSURBYCLNSM-UHFFFAOYSA-N",Preclinical
3-AQC,serotonin receptor agonist,HTR3A,,,"Tocris, Tocris, Tocris",91.1,"C=CCN1CCN(CC1)c1nc2ccccc2nc1C#N, C=CCN1CCN(CC1)c1nc2ccccc2nc1C#N, C=CCN1CCN(CC1)c1nc2ccccc2nc1C#N","IDOXKFDPDOIUMG-UHFFFAOYSA-N, IDOXKFDPDOIUMG-UHFFFAOYSA-N, IDOXKFDPDOIUMG-UHFFFAOYSA-N",Preclinical
3-bromo-7-nitroindazole,nitric oxide synthase inhibitor,"NOS1, NOS2, NOS3",,,"Tocris, Tocris, Tocris, Tocris",97.63,"[O-][N+](=O)c1cccc2c(Br)[nH]nc12, [O-][N+](=O)c1cccc2c(Br)[nH]nc12, [O-][N+](=O)c1cccc2c(Br)[nH]nc12, [O-][N+](=O)c1cccc2c(Br)[nH]nc12","NFSTZPMYAZRZPC-UHFFFAOYSA-N, NFSTZPMYAZRZPC-UHFFFAOYSA-N, NFSTZPMYAZRZPC-UHFFFAOYSA-N, NFSTZPMYAZRZPC-UHFFFAOYSA-N",Preclinical
3-bromocamphor,,,,,Pharmeks,3.7,"[H][C@]1(Br)[C@@H]2CC[C@@](C)(C1=O)C2(C)C |&1:1,3,6|",NJQADTYRAYFBJN-BYULHYEWSA-N,Launched
3-bromopyruvate,hexokinase inhibitor,HK2,,,"MedChemEx, MedChemEx, Enamine",0,"OC(=O)C(O)=CBr, OC(=O)C(O)=CBr, OC(=O)C(O)=CBr","CHNJCELMWMIDSC-UHFFFAOYSA-N, CHNJCELMWMIDSC-UHFFFAOYSA-N, CHNJCELMWMIDSC-UHFFFAOYSA-N",Preclinical
3-carboxy-4-hydroxyphenylglycine-(R),glutamate receptor antagonist,"GRIN1, GRIN2A, GRIN2B, GRIN2C",,,"Tocris, Tocris",100,"N[C@@H](C(O)=O)c1ccc(O)c(c1)C(O)=O, N[C@@H](C(O)=O)c1ccc(O)c(c1)C(O)=O","CHZBCZTXSTWCIG-SSDOTTSWSA-N, CHZBCZTXSTWCIG-SSDOTTSWSA-N",Preclinical
3-carboxy-4-hydroxyphenylglycine-(S),glutamate receptor antagonist,"GRM1, GRM5",,,"Tocris, Tocris",100,"N[C@H](C(O)=O)c1ccc(O)c(c1)C(O)=O, N[C@H](C(O)=O)c1ccc(O)c(c1)C(O)=O","CHZBCZTXSTWCIG-ZETCQYMHSA-N, CHZBCZTXSTWCIG-ZETCQYMHSA-N",Preclinical
3-CPMT,dopamine reuptake inhibitor,,,,Tocris,94.3,"CN1[C@H]2CC[C@@H]1C[C@@H](C2)O[C@H](c1ccccc1)c1ccc(Cl)cc1 |&1:2,5,7,&2:10,r,THB:0:1:3.4:6.7.8|",OCAXFDULERPAJM-IVAOSVALSA-N,Preclinical
3-deazaadenosine,adenosylhomocysteinase inhibitor,AHCY,,,Enzo,100,"Nc1nccc2n(cnc12)[C@@H]1O[C@H](CO)[C@@H](O)[C@@H]1O |a:10,12,&1:15,&2:17|",DBZQFUNLCALWDY-GPUHXXMPSA-N,Phase 2
3-deazaneplanocin-A,histone lysine methyltransferase inhibitor,EZH2,,,"Selleck, MedChemEx, Selleck, Selleck",97.43,"Nc1nccc2n(cnc12)[C@@H]1C=C(CO)[C@@H](O)[C@H]1O |t:13|, Nc1nccc2n(cnc12)[C@@H]1C=C(CO)[C@@H](O)[C@H]1O |t:13|, Nc1nccc2n(cnc12)[C@@H]1C=C(CO)[C@@H](O)[C@H]1O |t:13|, Nc1nccc2n(cnc12)[C@@H]1C=C(CO)[C@@H](O)[C@H]1O |t:13|","OMKHWTRUYNAGFG-IEBDPFPHSA-N, OMKHWTRUYNAGFG-IEBDPFPHSA-N, OMKHWTRUYNAGFG-IEBDPFPHSA-N, OMKHWTRUYNAGFG-IEBDPFPHSA-N",Preclinical
3-deazauridine,cytidine deaminase inhibitor,,,,AMS,99.3,"OC[C@H]1O[C@@H]([C@@H](O)[C@@H]1O)n1ccc(O)cc1=O |&1:2,&2:4,&3:5,&4:7,r|",CBOKZNLSFMZJJA-PRQTWWFRSA-N,Preclinical
3-hydroxy-3-phenylpentanamide,GABA receptor modulator,,,,"Enamine, Enamine",96.14,"CC[C@@](O)(CC(N)=O)c1ccccc1 |&1:2,r|, CC[C@@](O)(CC(N)=O)c1ccccc1 |&1:2,r|","MOHYRCCDARWQRM-LLVKDONJSA-N, MOHYRCCDARWQRM-LLVKDONJSA-N",Phase 1
3-indolebutyric-acid,,"B2M, HLA-A, TRAC, TRBC1",,,Selleck,97.58,OC(=O)CCCc1c[nH]c2ccccc12,JTEDVYBZBROSJT-UHFFFAOYSA-N,Preclinical
3-MATIDA,glutamate receptor antagonist,GRM1,,,"Tocris, Tocris",80,"Cc1cc(sc1[C@@H](N)C(O)=O)C(O)=O |&1:6,r|, Cc1cc(sc1[C@@H](N)C(O)=O)C(O)=O |&1:6,r|","KOMWRBFEDDEWEP-RXMQYKEDSA-N, KOMWRBFEDDEWEP-RXMQYKEDSA-N",Preclinical
3-methyl-GABA,GABA aminotransferase activator,ABAT,,,"Tocris, Tocris",100,"C[C@@H](CN)CC(O)=O |&1:1|, C[C@@H](CN)CC(O)=O |&1:1|","CZGLBWZXGIAIBU-SCSAIBSYSA-N, CZGLBWZXGIAIBU-SCSAIBSYSA-N",Preclinical
3-methyladenine,PI3K inhibitor,PI3,,,"Selleck, Selleck, Selleck",100,"Cn1cnc(=N)c2[nH]cnc12, Cn1cnc(=N)c2[nH]cnc12, Cn1cnc(=N)c2[nH]cnc12","ZPBYVFQJHWLTFB-UHFFFAOYSA-N, ZPBYVFQJHWLTFB-UHFFFAOYSA-N, ZPBYVFQJHWLTFB-UHFFFAOYSA-N",Preclinical
3-MPPI,adrenergic receptor ligand,ADRA1A,,,"Tocris, Tocris, Tocris",98,"COc1ccccc1N1CCN(CCn2c(=O)[nH]c3c4ccccc4[nH]c3c2=O)CC1, COc1ccccc1N1CCN(CCn2c(=O)[nH]c3c4ccccc4[nH]c3c2=O)CC1, COc1ccccc1N1CCN(CCn2c(=O)[nH]c3c4ccccc4[nH]c3c2=O)CC1","AQASGOHUMGAWJJ-UHFFFAOYSA-N, AQASGOHUMGAWJJ-UHFFFAOYSA-N, AQASGOHUMGAWJJ-UHFFFAOYSA-N",Preclinical
3PO,phosphofructokinase inhibitor,PFKFB3,,,"MedChemEx, MedChemEx",92.61,"O=C(\C=C\c1cccnc1)c1ccncc1, O=C(\C=C\c1cccnc1)c1ccncc1","UOWGYMNWMDNSTL-ONEGZZNKSA-N, UOWGYMNWMDNSTL-ONEGZZNKSA-N",Preclinical
"4,4'-DDT",,,,,SantaCruz,0,Clc1ccc(cc1)C(c1ccc(Cl)cc1)C(Cl)(Cl)Cl,YVGGHNCTFXOJCH-UHFFFAOYSA-N,Preclinical
"4,4-pentamethylenepiperidine",M2 channel blocker,,,,"Tocris, Tocris",100,"C1CCC2(CC1)CCNCC2, C1CCC2(CC1)CCNCC2","LIZKZVQBLDHKCY-UHFFFAOYSA-N, LIZKZVQBLDHKCY-UHFFFAOYSA-N",Preclinical
"4,5,6,7-tetrabromobenzotriazole",casein kinase inhibitor,"AKT1, CHEK1, CSNK2A1, GSK3B, LCK, MAP2K1, MAPK1, MAPK11, MAPK12, MAPK14, MAPK8, PRKCA, ROCK1, RPS6KB1, SGK1",,,"Tocris, Tocris, Tocris, Tocris",98.03,"Brc1c(Br)c(Br)c2n[nH]nc2c1Br, Brc1c(Br)c(Br)c2n[nH]nc2c1Br, Brc1c(Br)c(Br)c2n[nH]nc2c1Br, Brc1c(Br)c(Br)c2n[nH]nc2c1Br","OMZYUVOATZSGJY-UHFFFAOYSA-N, OMZYUVOATZSGJY-UHFFFAOYSA-N, OMZYUVOATZSGJY-UHFFFAOYSA-N, OMZYUVOATZSGJY-UHFFFAOYSA-N",Preclinical
4-(aminomethyl)benzoic-acid,hemostatic agent,,,,MedChemEx,0,NCc1ccc(cc1)C(O)=O,QCTBMLYLENLHLA-UHFFFAOYSA-N,Preclinical
4-(4-fluorobenzoyl)-1-(4-phenylbutyl)-piperidine,serotonin receptor antagonist,HTR2A,,,"Tocris, Tocris, Tocris, Tocris",97.38,"Fc1ccc(cc1)C(=O)C1CCN(CCCCc2ccccc2)CC1, Fc1ccc(cc1)C(=O)C1CCN(CCCCc2ccccc2)CC1, Fc1ccc(cc1)C(=O)C1CCN(CCCCc2ccccc2)CC1, Fc1ccc(cc1)C(=O)C1CCN(CCCCc2ccccc2)CC1","FTJXZACAQRDRNT-UHFFFAOYSA-N, FTJXZACAQRDRNT-UHFFFAOYSA-N, FTJXZACAQRDRNT-UHFFFAOYSA-N, FTJXZACAQRDRNT-UHFFFAOYSA-N",Preclinical
"4-acetyl-1,1-dimethylpiperazinium",acetylcholine receptor agonist,,,,"Tocris, Tocris",100,"CC(=O)N1CC[N+](C)(C)CC1, CC(=O)N1CC[N+](C)(C)CC1","MSBLMBWXUVQCDY-UHFFFAOYSA-N, MSBLMBWXUVQCDY-UHFFFAOYSA-N",Preclinical
4-aminohippuric-acid,,SLC22A6,nephrology,renal diagnostic agent,"MicroSource, Selleck, MedChemEx, Selleck, Selleck",100,"Nc1ccc(cc1)C(=O)NCC(O)=O, Nc1ccc(cc1)C(=O)NCC(O)=O, Nc1ccc(cc1)C(=O)NCC(O)=O, Nc1ccc(cc1)C(=O)NCC(O)=O, Nc1ccc(cc1)C(=O)NCC(O)=O","HSMNQINEKMPTIC-UHFFFAOYSA-N, HSMNQINEKMPTIC-UHFFFAOYSA-N, HSMNQINEKMPTIC-UHFFFAOYSA-N, HSMNQINEKMPTIC-UHFFFAOYSA-N, HSMNQINEKMPTIC-UHFFFAOYSA-N",Launched
4-carboxy-3-hydroxyphenylglycine-(RS),"glutamate receptor agonist, glutamate receptor antagonist",GRM1,,,"Tocris, Tocris",0,"N[C@@H](C(O)=O)c1ccc(C(O)=O)c(O)c1 |&1:1,r|, N[C@@H](C(O)=O)c1ccc(C(O)=O)c(O)c1 |&1:1,r|","GXZSAQLJWLCLOX-SSDOTTSWSA-N, GXZSAQLJWLCLOX-SSDOTTSWSA-N",Preclinical
4-carboxy-3-hydroxyphenylglycine-(S),"glutamate receptor agonist, glutamate receptor antagonist","GRM1, GRM2",,,"Tocris, Tocris",0,"N[C@H](C(O)=O)c1ccc(C(O)=O)c(O)c1, N[C@H](C(O)=O)c1ccc(C(O)=O)c(O)c1","GXZSAQLJWLCLOX-ZETCQYMHSA-N, GXZSAQLJWLCLOX-ZETCQYMHSA-N",Preclinical
4-chlorophenylguanidine,urokinase inhibitor,PLAUR,,,"Tocris, Tocris",94.15,"NC(=N)Nc1ccc(Cl)cc1, NC(=N)Nc1ccc(Cl)cc1","ZSJNJAJDBNFVCA-UHFFFAOYSA-N, ZSJNJAJDBNFVCA-UHFFFAOYSA-N",Preclinical
4-CMTB,free fatty acid receptor agonist,FFAR2,,,"Tocris, Tocris, Tocris",95.73,"CC(C)[C@@H](C(=O)Nc1nccs1)c1ccc(Cl)cc1 |&1:3,r|, CC(C)[C@@H](C(=O)Nc1nccs1)c1ccc(Cl)cc1 |&1:3,r|, CC(C)[C@@H](C(=O)Nc1nccs1)c1ccc(Cl)cc1 |&1:3,r|","AZYDQCGCBQYFSE-GFCCVEGCSA-N, AZYDQCGCBQYFSE-GFCCVEGCSA-N, AZYDQCGCBQYFSE-GFCCVEGCSA-N",Preclinical
4-DAMP,cholinergic receptor antagonist,"CHRM1, CHRM2, CHRM3, CHRM4, CHRM5",,,"Tocris, Tocris",95.95,"C[N+]1(C)CCC(CC1)OC(=O)C(c1ccccc1)c1ccccc1, C[N+]1(C)CCC(CC1)OC(=O)C(c1ccccc1)c1ccccc1","HYJRTXSYDAFGJK-UHFFFAOYSA-N, HYJRTXSYDAFGJK-UHFFFAOYSA-N",Preclinical
4-galactosyllactose,,,,,Key,96.9,"OC[C@H]1O[C@@H](O[C@@H]2[C@H](O)[C@@H](O)[C@H](O[C@H]3[C@H](O)[C@@H](O)[C@H](O)O[C@@H]3CO)O[C@@H]2CO)[C@H](O)[C@@H](O)[C@H]1O |a:2,4,6,7,9,11,13,14,16,21,25,28,30,32,&1:18|",FYGDTMLNYKFZSV-QGAOIPDPSA-N,Preclinical
4-HQN,PARP inhibitor,PARP1,,,"Tocris, Tocris",96.43,"O=c1nc[nH]c2ccccc12, O=c1nc[nH]c2ccccc12","QMNUDYFKZYBWQX-UHFFFAOYSA-N, QMNUDYFKZYBWQX-UHFFFAOYSA-N",Preclinical
4-hydroxy-phenazone,,,,,"MedChemEx, Prestwick, Prestwick",92.54,"Cc1c(O)c(=O)n(-c2ccccc2)n1C, Cc1c(O)c(=O)n(-c2ccccc2)n1C, Cc1c(O)c(=O)n(-c2ccccc2)n1C","SKVPTPMWXJSBTF-UHFFFAOYSA-N, SKVPTPMWXJSBTF-UHFFFAOYSA-N, SKVPTPMWXJSBTF-UHFFFAOYSA-N",Preclinical
4-IBP,sigma receptor agonist,SIGMAR1,,,Tocris,98.48,Ic1ccc(cc1)C(=O)NC1CCN(Cc2ccccc2)CC1,HELCSESNNDZLFM-UHFFFAOYSA-N,Preclinical
4-iodo-L-phenylalanine,,DPP4,,,"MedChemEx, Key",87.58,"N[C@H](Cc1ccc(I)cc1)C(O)=O, N[C@H](Cc1ccc(I)cc1)C(O)=O","PZNQZSRPDOEBMS-MRVPVSSYSA-N, PZNQZSRPDOEBMS-MRVPVSSYSA-N",Preclinical
4-iodo-6-phenylpyrimidine,macrophage migration inhibiting factor inhibitor,MIF,,,Tocris,98.51,Ic1cc(ncn1)-c1ccccc1,ZTCJXHNJVLUUMR-UHFFFAOYSA-N,Preclinical
4-methylgenistein,protein tyrosine kinase inhibitor,"CYP19A1, ESRRA, ESRRB, ESRRG, FASN",,,Selleck,95.83,COc1ccc(cc1)-c1coc2cc(O)cc(O)c2c1=O,WUADCCWRTIWANL-UHFFFAOYSA-N,Preclinical
4-methylhistamine,histamine receptor agonist,HRH4,,,Tocris,90.32,Cc1nc[nH]c1CCN,UGYXPZQILZRKJJ-UHFFFAOYSA-N,Preclinical
4-mu-8C,IRE1 inhibitor,ERN1,,,"Tocris, Tocris, Selleck, Selleck, Selleck",95.59,"Cc1cc(=O)oc2c(C=O)c(O)ccc12, Cc1cc(=O)oc2c(C=O)c(O)ccc12, Cc1cc(=O)oc2c(C=O)c(O)ccc12, Cc1cc(=O)oc2c(C=O)c(O)ccc12, Cc1cc(=O)oc2c(C=O)c(O)ccc12","RTHHSXOVIJWFQP-UHFFFAOYSA-N, RTHHSXOVIJWFQP-UHFFFAOYSA-N, RTHHSXOVIJWFQP-UHFFFAOYSA-N, RTHHSXOVIJWFQP-UHFFFAOYSA-N, RTHHSXOVIJWFQP-UHFFFAOYSA-N",Preclinical
4-P-PDOT,melatonin receptor antagonist,"MTNR1A, MTNR1B",,,Tocris,95.99,"CCC(=O)N[C@H]1C[C@@H](c2ccccc2)c2ccccc2C1 |&1:5,7|",RCYLUNPFECYGDW-AEFFLSMTSA-N,Preclinical
4-phenolsulfonic-acid,,,,,Acros,92.14,Oc1ccc(cc1)S(O)(=O)=O,FEPBITJSIHRMRT-UHFFFAOYSA-N,Preclinical
"4-phenyl-1,2,3,4-tetrahydroisoquinoline",dopamine release inhibitor,,,,"Tocris, Tocris",94.82,"C1NCc2ccccc2[C@@H]1c1ccccc1 |&1:9,r|, C1NCc2ccccc2[C@@H]1c1ccccc1 |&1:9,r|","OSZMNJRKIPAVOS-HNNXBMFYSA-N, OSZMNJRKIPAVOS-HNNXBMFYSA-N",Preclinical
4-PPBP,sigma receptor ligand,SIGMAR1,,,"Tocris, Tocris, Tocris",96.19,"C(CCc1ccccc1)CN1CCC(CC1)c1ccccc1, C(CCc1ccccc1)CN1CCC(CC1)c1ccccc1, C(CCc1ccccc1)CN1CCC(CC1)c1ccccc1","HQGDPZPNAXRCSA-UHFFFAOYSA-N, HQGDPZPNAXRCSA-UHFFFAOYSA-N, HQGDPZPNAXRCSA-UHFFFAOYSA-N",Preclinical
4-propylbenzoic-acid,,,,,Maybridge,0,CCCc1ccc(cc1)C(O)=O,ATZHGRNFEFVDDJ-UHFFFAOYSA-N,Preclinical
4-pyrimidinecarbonitrile,,,,,Enamine,0,N#Cc1ccncn1,ZIEWSZYVEDTXGH-UHFFFAOYSA-N,Preclinical
4-tert-butylphenol,,,,,"Enamine, Sigma",80.77,"CC(C)(C)c1ccc(O)cc1, CC(C)(C)c1ccc(O)cc1","QHPQWRBYOIRBIT-UHFFFAOYSA-N, QHPQWRBYOIRBIT-UHFFFAOYSA-N",Preclinical
4BP-TQS,nicotinic receptor agonist,CHRNA7,,,"Tocris, Tocris",90.97,"NS(=O)(=O)c1ccc2N[C@@H]([C@H]3CC=C[C@@H]3c2c1)c1ccc(Br)cc1 |&1:9,&2:10,&3:14,r,c:12|, NS(=O)(=O)c1ccc2N[C@@H]([C@H]3CC=C[C@@H]3c2c1)c1ccc(Br)cc1 |&1:9,&2:10,&3:14,r,c:12|","YNCXHXYZTLIZTO-RLFYNMQTSA-N, YNCXHXYZTLIZTO-RLFYNMQTSA-N",Preclinical
4EGI-1,protein synthesis inhibitor,EIF4E,,,Tocris,74.01,OC(=O)C(Cc1ccccc1[N+]([O-])=O)=NNc1nc(cs1)-c1ccc(Cl)c(Cl)c1,KFRKRECSIYXARE-UHFFFAOYSA-N,Preclinical
4E1RCat,protein synthesis inhibitor,"EIF4E, EIF4G1",,,"Tocris, Selleck, Tocris, Selleck, Selleck",93.94,"OC(=O)c1ccc(cc1)N1C(=O)\C(=C\c2ccc(o2)-c2ccc(cc2)[N+]([O-])=O)C=C1c1ccccc1 |c:31|, OC(=O)c1ccc(cc1)N1C(=O)\C(=C\c2ccc(o2)-c2ccc(cc2)[N+]([O-])=O)C=C1c1ccccc1 |c:31|, OC(=O)c1ccc(cc1)N1C(=O)\C(=C\c2ccc(o2)-c2ccc(cc2)[N+]([O-])=O)C=C1c1ccccc1 |c:31|, OC(=O)c1ccc(cc1)N1C(=O)\C(=C\c2ccc(o2)-c2ccc(cc2)[N+]([O-])=O)C=C1c1ccccc1 |c:31|, OC(=O)c1ccc(cc1)N1C(=O)\C(=C\c2ccc(o2)-c2ccc(cc2)[N+]([O-])=O)C=C1c1ccccc1 |c:31|","BBQRBOIMSKMFFO-LTGZKZEYSA-N, BBQRBOIMSKMFFO-LTGZKZEYSA-N, BBQRBOIMSKMFFO-LTGZKZEYSA-N, BBQRBOIMSKMFFO-LTGZKZEYSA-N, BBQRBOIMSKMFFO-LTGZKZEYSA-N",Preclinical
4SC-202,HDAC inhibitor,HDAC1,,,"MedChemEx, MedChemEx, MedChemEx, Selleck, Selleck, Selleck, Selleck, MedChemEx",96.41,"Cn1cc(cn1)-c1ccc(cc1)S(=O)(=O)n1ccc(\C=C\C(=O)Nc2ccccc2N)c1, Cn1cc(cn1)-c1ccc(cc1)S(=O)(=O)n1ccc(\C=C\C(=O)Nc2ccccc2N)c1, Cn1cc(cn1)-c1ccc(cc1)S(=O)(=O)n1ccc(\C=C\C(=O)Nc2ccccc2N)c1, Cn1cc(cn1)-c1ccc(cc1)S(=O)(=O)n1ccc(\C=C\C(=O)Nc2ccccc2N)c1, Cn1cc(cn1)-c1ccc(cc1)S(=O)(=O)n1ccc(\C=C\C(=O)Nc2ccccc2N)c1, Cn1cc(cn1)-c1ccc(cc1)S(=O)(=O)n1ccc(\C=C\C(=O)Nc2ccccc2N)c1, Cn1cc(cn1)-c1ccc(cc1)S(=O)(=O)n1ccc(\C=C\C(=O)Nc2ccccc2N)c1, Cn1cc(cn1)-c1ccc(cc1)S(=O)(=O)n1ccc(\C=C\C(=O)Nc2ccccc2N)c1","PRXXYMVLYKJITB-IZZDOVSWSA-N, PRXXYMVLYKJITB-IZZDOVSWSA-N, PRXXYMVLYKJITB-IZZDOVSWSA-N, PRXXYMVLYKJITB-IZZDOVSWSA-N, PRXXYMVLYKJITB-IZZDOVSWSA-N, PRXXYMVLYKJITB-IZZDOVSWSA-N, PRXXYMVLYKJITB-IZZDOVSWSA-N, PRXXYMVLYKJITB-IZZDOVSWSA-N",Phase 1
5'-chloro-5'-deoxy-ENBA-(+/-),adenosine receptor agonist,ADORA1,,,Tocris,92.56,"O[C@@H]1[C@@H](CCl)O[C@H]([C@@H]1O)n1cnc2c(N[C@H]3C[C@@H]4CC[C@H]3C4)ncnc12 |a:1,2,6,7,&1:17,20,&2:15|",PVJGDYDNVNCGBT-CYDCOVMPSA-N,Preclinical
"5,7-dichlorokynurenic-acid",glutamate receptor antagonist,"GLRA2, GRIN1, GRIN2A, GRIN2B, GRIN2C, GRIN2D",,,"Tocris, Tocris, Tocris",98.43,"OC(=O)c1cc(=O)c2c(Cl)cc(Cl)cc2[nH]1, OC(=O)c1cc(=O)c2c(Cl)cc(Cl)cc2[nH]1, OC(=O)c1cc(=O)c2c(Cl)cc(Cl)cc2[nH]1","BGKFPRIGXAVYNX-UHFFFAOYSA-N, BGKFPRIGXAVYNX-UHFFFAOYSA-N, BGKFPRIGXAVYNX-UHFFFAOYSA-N",Preclinical
"5-(4chlorophenyl)-4-ethyl-2,4-dihydro-3H-1,2,4-triazol-3-one",,,,,AMS,0,CCn1c(n[nH]c1=O)-c1ccc(Cl)cc1,PXINDYJACXPZIN-UHFFFAOYSA-N,Preclinical
"5-amino-3-D-ribofuranosylthiazolo[4,5-d]pyrimidin-2,7(3H,6H)-dione",,TLR7,,,Berry,98.58,Nc1nc(=O)c2sc(=O)n([C@@H]3O[C@H](CO)[C@@H](O)[C@H]3O)c2[nH]1,TZYVRXZQAWPIAB-FCLHUMLKSA-N,Preclinical
5-aminolevulinic-acid,oxidizing agent,ALAD,"oncology, dermatology","glioma, actinic keratosis (AK)","MicroSource, Selleck",100,"NCC(=O)CCC(O)=O, NCC(=O)CCC(O)=O","ZGXJTSGNIOSYLO-UHFFFAOYSA-N, ZGXJTSGNIOSYLO-UHFFFAOYSA-N",Launched
5-BDBD,purinergic receptor antagonist,P2RX4,,,"Tocris, Tocris, Tocris, Tocris, Tocris, Tocris",98.81,"Brc1cccc(c1)C1=NCC(=O)Nc2c1oc1ccccc21 |t:8|, Brc1cccc(c1)C1=NCC(=O)Nc2c1oc1ccccc21 |t:8|, Brc1cccc(c1)C1=NCC(=O)Nc2c1oc1ccccc21 |t:8|, Brc1cccc(c1)C1=NCC(=O)Nc2c1oc1ccccc21 |t:8|, Brc1cccc(c1)C1=NCC(=O)Nc2c1oc1ccccc21 |t:8|, Brc1cccc(c1)C1=NCC(=O)Nc2c1oc1ccccc21 |t:8|","NKYMVQPXXTZHSF-UHFFFAOYSA-N, NKYMVQPXXTZHSF-UHFFFAOYSA-N, NKYMVQPXXTZHSF-UHFFFAOYSA-N, NKYMVQPXXTZHSF-UHFFFAOYSA-N, NKYMVQPXXTZHSF-UHFFFAOYSA-N, NKYMVQPXXTZHSF-UHFFFAOYSA-N",Preclinical
5-carboxamidotryptamine,serotonin receptor agonist,"HTR1A, HTR1B, HTR1D, HTR1E, HTR1F, HTR2A, HTR2B, HTR2C, HTR5A, HTR6, HTR7",,,"Tocris, Tocris",94.32,"NCCc1c[nH]c2ccc(cc12)C(N)=O, NCCc1c[nH]c2ccc(cc12)C(N)=O","WKZLNEWVIAGNAW-UHFFFAOYSA-N, WKZLNEWVIAGNAW-UHFFFAOYSA-N",Preclinical
5-fluoro-3-pyridyl-methanol,,,,,Manchester,96.92,OCc1cncc(F)c1,GGGJYJXAFSEWNM-UHFFFAOYSA-N,Preclinical
5-fluoropyrimidine,kinase inhibitor,,,,AMS,0,Fc1cncnc1,KSPDSMOWMQFPBL-UHFFFAOYSA-N,Phase 3
5-fluorouracil,thymidylate synthase inhibitor,"DPYD, TYMS",oncology,"colorectal cancer, breast cancer, pancreatic cancer, gastric adenocarcinoma","MicroSource, MicroSource, MicroSource, Selleck, Selleck",100,"Fc1c[nH]c(=O)[nH]c1=O, Fc1c[nH]c(=O)[nH]c1=O, Fc1c[nH]c(=O)[nH]c1=O, Fc1c[nH]c(=O)[nH]c1=O, Fc1c[nH]c(=O)[nH]c1=O","GHASVSINZRGABV-UHFFFAOYSA-N, GHASVSINZRGABV-UHFFFAOYSA-N, GHASVSINZRGABV-UHFFFAOYSA-N, GHASVSINZRGABV-UHFFFAOYSA-N, GHASVSINZRGABV-UHFFFAOYSA-N",Launched
5-FP,thymidylate synthase inhibitor,TYMS,,,"Sigma, Maybridge",0,"Fc1cnc(=O)[nH]c1, Fc1cnc(=O)[nH]c1","HPABFFGQPLJKBP-UHFFFAOYSA-N, HPABFFGQPLJKBP-UHFFFAOYSA-N",Phase 1
5-HMF,,,,,"Sigma, OxChem, Sigma",84.12,"OCc1ccc(C=O)o1, OCc1ccc(C=O)o1, OCc1ccc(C=O)o1","NOEGNKMFWQHSLB-UHFFFAOYSA-N, NOEGNKMFWQHSLB-UHFFFAOYSA-N, NOEGNKMFWQHSLB-UHFFFAOYSA-N",Phase 2
5-hydroxydecanoic-acid,,,,,Enzo,64,CCCCC[C@@H](O)CCCC(O)=O |&1:5|,LMHJFKYQYDSOQO-SECBINFHSA-N,Preclinical
5-hydroxyectoine,,,,,"Sigma, Sigma, Sigma",100,"CC1=NC[C@H](O)[C@H](N1)C(O)=O |t:1|, CC1=NC[C@H](O)[C@H](N1)C(O)=O |t:1|, CC1=NC[C@H](O)[C@H](N1)C(O)=O |t:1|","KIIBBJKLKFTNQO-WHFBIAKZSA-N, KIIBBJKLKFTNQO-WHFBIAKZSA-N, KIIBBJKLKFTNQO-WHFBIAKZSA-N",Preclinical
5-hydroxymethyl-tolterodine,acetylcholine receptor antagonist,CHRM3,,,"MedChemEx, Selleck, Selleck, Selleck",96.55,"CC(C)N(CC[C@H](c1ccccc1)c1cc(CO)ccc1O)C(C)C, CC(C)N(CC[C@H](c1ccccc1)c1cc(CO)ccc1O)C(C)C, CC(C)N(CC[C@H](c1ccccc1)c1cc(CO)ccc1O)C(C)C, CC(C)N(CC[C@H](c1ccccc1)c1cc(CO)ccc1O)C(C)C","DUXZAXCGJSBGDW-HXUWFJFHSA-N, DUXZAXCGJSBGDW-HXUWFJFHSA-N, DUXZAXCGJSBGDW-HXUWFJFHSA-N, DUXZAXCGJSBGDW-HXUWFJFHSA-N",Phase 1
5-hydroxytryptophan,neurotransmitter,"SLC36A1, SLC36A2",neurology/psychiatry,insomnia,"Selleck, Selleck, Selleck",97.09,"N[C@@H](Cc1c[nH]c2ccc(O)cc12)C(O)=O |&1:1,r|, N[C@@H](Cc1c[nH]c2ccc(O)cc12)C(O)=O |&1:1,r|, N[C@@H](Cc1c[nH]c2ccc(O)cc12)C(O)=O |&1:1,r|","LDCYZAJDBXYCGN-VIFPVBQESA-N, LDCYZAJDBXYCGN-VIFPVBQESA-N, LDCYZAJDBXYCGN-VIFPVBQESA-N",Launched
5-iodo-A-85380,acetylcholine receptor agonist,,,,"Tocris, Tocris",93.6,"Ic1cncc(OC[C@@H]2CCN2)c1, Ic1cncc(OC[C@@H]2CCN2)c1","RKVRGRXOYDTUEY-QMMMGPOBSA-N, RKVRGRXOYDTUEY-QMMMGPOBSA-N",Phase 2
5-methylfurmethiodide,acetylcholine receptor agonist,"CHRM1, CHRM2, CHRM3, CHRM4",,,"Tocris, Tocris",95.87,"Cc1ccc(C[N+](C)(C)C)o1, Cc1ccc(C[N+](C)(C)C)o1","KOWVJDFMEZKDDT-UHFFFAOYSA-N, KOWVJDFMEZKDDT-UHFFFAOYSA-N",Preclinical
5-methylhydantoin-(D),,,,,"Selleck, Selleck",0,"C[C@H]1NC(=O)NC1=O, C[C@H]1NC(=O)NC1=O","VMAQYKGITHDWKL-UWTATZPHSA-N, VMAQYKGITHDWKL-UWTATZPHSA-N",Preclinical
5-methylhydantoin-(L),,,,,Prestwick,89.08,C[C@@H]1NC(=O)NC1=O,VMAQYKGITHDWKL-REOHCLBHSA-N,Preclinical
5-octanoylsalicylic-acid,protein kinase activator,,,,AMS,94.63,CCCCCCCC(=O)c1ccc(O)c(c1)C(O)=O,IXIGWKNBFPKCCD-UHFFFAOYSA-N,Preclinical
"6,7-dehydro-17-acetoxy-progesterone",steroidal progestin,,,,"InterBioScreen, InterBioScreen, InterBioScreen",100,"CC(=O)O[C@@]1(CC[C@H]2[C@@H]3C=CC4=CC(=O)CC[C@]4(C)[C@H]3CC[C@]12C)C(C)=O |c:9,t:11|, CC(=O)O[C@@]1(CC[C@H]2[C@@H]3C=CC4=CC(=O)CC[C@]4(C)[C@H]3CC[C@]12C)C(C)=O |c:9,t:11|, CC(=O)O[C@@]1(CC[C@H]2[C@@H]3C=CC4=CC(=O)CC[C@]4(C)[C@H]3CC[C@]12C)C(C)=O |c:9,t:11|","URXWVWVPMJSAJD-KOORYGTMSA-N, URXWVWVPMJSAJD-KOORYGTMSA-N, URXWVWVPMJSAJD-KOORYGTMSA-N",Preclinical
6-aminochrysene,transferase inhibitor,,,,Sigma,30.33,Nc1cc2c3ccccc3ccc2c2ccccc12,KIVUHCNVDWYUNP-UHFFFAOYSA-N,Phase 2
6-aminopenicillanic-acid,,,,,"Enamine, Sigma",100,"CC1(C)S[C@@H]2[C@H](N)C(=O)N2[C@H]1C(O)=O, CC1(C)S[C@@H]2[C@H](N)C(=O)N2[C@H]1C(O)=O","NGHVIOIJCVXTGV-ALEPSDHESA-N, NGHVIOIJCVXTGV-ALEPSDHESA-N",Preclinical
6-benzylaminopurine,purinergic receptor activator,,,,"Sigma, Prestwick, Prestwick",99.22,"C(Nc1ncnc2nc[nH]c12)c1ccccc1, C(Nc1ncnc2nc[nH]c12)c1ccccc1, C(Nc1ncnc2nc[nH]c12)c1ccccc1","NWBJYWHLCVSVIJ-UHFFFAOYSA-N, NWBJYWHLCVSVIJ-UHFFFAOYSA-N, NWBJYWHLCVSVIJ-UHFFFAOYSA-N",Preclinical
6-chloromelatonin,melatonin receptor agonist,"MTNR1A, MTNR1B",,,"Tocris, Tocris, Tocris, Tocris",97.22,"COc1cc2c(CCNC(C)=O)c[nH]c2cc1Cl, COc1cc2c(CCNC(C)=O)c[nH]c2cc1Cl, COc1cc2c(CCNC(C)=O)c[nH]c2cc1Cl, COc1cc2c(CCNC(C)=O)c[nH]c2cc1Cl","LUINDDOUWHRIPW-UHFFFAOYSA-N, LUINDDOUWHRIPW-UHFFFAOYSA-N, LUINDDOUWHRIPW-UHFFFAOYSA-N, LUINDDOUWHRIPW-UHFFFAOYSA-N",Preclinical
6-diazo-5-oxo-L-norleucine,"glutamate receptor antagonist, glutaminase inhibitor",,,,"Sigma, ChemImpex",0,"N[C@@H](CCC(=O)C[N+]#N)C(O)=O, N[C@@H](CCC(=O)C[N+]#N)C(O)=O","UUTYCZUIECRVAL-YFKPBYRVSA-O, UUTYCZUIECRVAL-YFKPBYRVSA-O",Preclinical
6-iodo-nordihydrocapsaicin,TRPV antagonist,TRPV1,,,"Tocris, Tocris",92.2,"CCCCCCCCC(=O)NCc1cc(OC)c(O)cc1I, CCCCCCCCC(=O)NCc1cc(OC)c(O)cc1I","AAORACFZMYMFCG-UHFFFAOYSA-N, AAORACFZMYMFCG-UHFFFAOYSA-N",Preclinical
"7,8,9,10-tetrahydroazepino[2,1-b]quinazolin-12(6H)-one",,,,,Vitas-M,99.06,O=C1N2CCCCC=C2Nc2ccccc12 |c:7|,HBEJFHWHFIAMAI-UHFFFAOYSA-N,Preclinical
7-aminocephalosporanic-acid,beta lactamase inhibitor,,,,"Selleck, Selleck",100,"CC(=O)OCC1=C(N2[C@H](SC1)[C@H](N)C2=O)C(O)=O |t:5|, CC(=O)OCC1=C(N2[C@H](SC1)[C@H](N)C2=O)C(O)=O |t:5|","HSHGZXNAXBPPDL-HZGVNTEJSA-N, HSHGZXNAXBPPDL-HZGVNTEJSA-N",Preclinical
7-chlorokynurenic-acid,glutamate receptor antagonist,"GRIN1, GRIN2A, GRIN2B, GRIN2C",,,"Tocris, Tocris, Tocris, Tocris",99.07,"OC(=O)c1cc(=O)c2ccc(Cl)cc2[nH]1, OC(=O)c1cc(=O)c2ccc(Cl)cc2[nH]1, OC(=O)c1cc(=O)c2ccc(Cl)cc2[nH]1, OC(=O)c1cc(=O)c2ccc(Cl)cc2[nH]1","UAWVRVFHMOSAPU-UHFFFAOYSA-N, UAWVRVFHMOSAPU-UHFFFAOYSA-N, UAWVRVFHMOSAPU-UHFFFAOYSA-N, UAWVRVFHMOSAPU-UHFFFAOYSA-N",Preclinical
7-hydroxy-DPAT,dopamine receptor agonist,"DRD2, DRD3",,,"Tocris, Tocris, Tocris, Tocris",89.47,"CCCN(CCC)[C@H]1CCc2ccc(O)cc2C1 |&1:7|, CCCN(CCC)[C@H]1CCc2ccc(O)cc2C1 |&1:7|, CCCN(CCC)[C@H]1CCc2ccc(O)cc2C1 |&1:7|, CCCN(CCC)[C@H]1CCc2ccc(O)cc2C1 |&1:7|","BLYMJBIZMIGWFK-HNNXBMFYSA-N, BLYMJBIZMIGWFK-HNNXBMFYSA-N, BLYMJBIZMIGWFK-HNNXBMFYSA-N, BLYMJBIZMIGWFK-HNNXBMFYSA-N",Preclinical
7-hydroxy-PIPAT,dopamine receptor ligand,DRD3,,,Tocris,54.71,CCCN(C\C=C\I)[C@H]1CCc2ccc(O)cc2C1 |&1:8|,RTMIJLQPWFKAFE-GZTQLTBSSA-N,Preclinical
7-hydroxystaurosporine,"CDK inhibitor, CHK inhibitor, PKC inhibitor","CDK1, CHEK1, CHEK2, GSK3B, LCK, MAPK14, MARK1, MARK3, PDPK1, PRKCA, PRKCB, PRKCD, PRKCE, PRKCG",,,"EMDBio, EMDBio, EMDBio",80.79,"CN[C@@H]1C[C@H]2O[C@@](C)([C@@H]1OC)n1c3ccccc3c3c4[C@H](O)NC(=O)c4c4c5ccccc5n2c4c13, CN[C@@H]1C[C@H]2O[C@@](C)([C@@H]1OC)n1c3ccccc3c3c4[C@H](O)NC(=O)c4c4c5ccccc5n2c4c13, CN[C@@H]1C[C@H]2O[C@@](C)([C@@H]1OC)n1c3ccccc3c3c4[C@H](O)NC(=O)c4c4c5ccccc5n2c4c13","PBCZSGKMGDDXIJ-KRUBCLEUSA-N, PBCZSGKMGDDXIJ-KRUBCLEUSA-N, PBCZSGKMGDDXIJ-KRUBCLEUSA-N",Phase 2
7-keto-DHEA,steroid,,,,ChemImpex,98.83,CC(=O)O[C@H]1CC[C@]2(C)[C@H]3CC[C@@]4(C)[C@@H](CCC4=O)[C@@H]3C(=O)C=C2C1 |c:24|,VVSMJVQHDZUPIL-XFKPDKBWSA-N,Launched
7-methoxytacrine,acetylcholinesterase inhibitor,ACHE,,,"Enamine, Enamine",98.23,"COc1ccc2nc3CCCCc3c(N)c2c1, COc1ccc2nc3CCCCc3c(N)c2c1","APQPVVOYBLOJDY-UHFFFAOYSA-N, APQPVVOYBLOJDY-UHFFFAOYSA-N",Phase 2
7-methylxanthine,adenosine receptor antagonist,,,,"Sigma, Sigma, Sigma",100,"Cn1cnc2[nH]c(=O)[nH]c(=O)c12, Cn1cnc2[nH]c(=O)[nH]c(=O)c12, Cn1cnc2[nH]c(=O)[nH]c(=O)c12","PFWLFWPASULGAN-UHFFFAOYSA-N, PFWLFWPASULGAN-UHFFFAOYSA-N, PFWLFWPASULGAN-UHFFFAOYSA-N",Phase 2
7-nitroindazole,nitric oxide synthase inhibitor,"NOS1, NOS2, NOS3",,,"Tocris, Tocris, Tocris",96.6,"[O-][N+](=O)c1cccc2c[nH]nc12, [O-][N+](=O)c1cccc2c[nH]nc12, [O-][N+](=O)c1cccc2c[nH]nc12","PQCAUHUKTBHUSA-UHFFFAOYSA-N, PQCAUHUKTBHUSA-UHFFFAOYSA-N, PQCAUHUKTBHUSA-UHFFFAOYSA-N",Preclinical
8-bromo-cAMP,PKA activator,,,,"Tocris, Tocris, Tocris, Tocris, Tocris",96.24,"Nc1ncnc2n([C@@H]3O[C@@H]4CO[P@](O)(=O)O[C@H]4[C@H]3O)c(Br)nc12 |a:7,9,16,17,&1:12|, Nc1ncnc2n([C@@H]3O[C@@H]4CO[P@](O)(=O)O[C@H]4[C@H]3O)c(Br)nc12 |a:7,9,16,17,&1:12|, Nc1ncnc2n([C@@H]3O[C@@H]4CO[P@](O)(=O)O[C@H]4[C@H]3O)c(Br)nc12 |a:7,9,16,17,&1:12|, Nc1ncnc2n([C@@H]3O[C@@H]4CO[P@](O)(=O)O[C@H]4[C@H]3O)c(Br)nc12 |a:7,9,16,17,&1:12|, Nc1ncnc2n([C@@H]3O[C@@H]4CO[P@](O)(=O)O[C@H]4[C@H]3O)c(Br)nc12 |a:7,9,16,17,&1:12|","DVKQVRZMKBDMDH-UUOKFMHZSA-N, DVKQVRZMKBDMDH-UUOKFMHZSA-N, DVKQVRZMKBDMDH-UUOKFMHZSA-N, DVKQVRZMKBDMDH-UUOKFMHZSA-N, DVKQVRZMKBDMDH-UUOKFMHZSA-N",Preclinical
8-bromo-cGMP,PKA activator,PRKG1,,,"Tocris, Tocris, Tocris, Tocris",90.87,"Nc1nc(=O)c2nc(Br)n([C@@H]3O[C@@H]4CO[P@](O)(=O)O[C@H]4[C@H]3O)c2[nH]1 |a:10,12,19,20,&1:15|, Nc1nc(=O)c2nc(Br)n([C@@H]3O[C@@H]4CO[P@](O)(=O)O[C@H]4[C@H]3O)c2[nH]1 |a:10,12,19,20,&1:15|, Nc1nc(=O)c2nc(Br)n([C@@H]3O[C@@H]4CO[P@](O)(=O)O[C@H]4[C@H]3O)c2[nH]1 |a:10,12,19,20,&1:15|, Nc1nc(=O)c2nc(Br)n([C@@H]3O[C@@H]4CO[P@](O)(=O)O[C@H]4[C@H]3O)c2[nH]1 |a:10,12,19,20,&1:15|","YUFCOOWNNHGGOD-UMMCILCDSA-N, YUFCOOWNNHGGOD-UMMCILCDSA-N, YUFCOOWNNHGGOD-UMMCILCDSA-N, YUFCOOWNNHGGOD-UMMCILCDSA-N",Preclinical
8-hydroxy-DPAT,serotonin receptor agonist,"HTR5A, HTR7",,,"Tocris, Tocris",93.13,"CCCN(CCC)[C@H]1CCc2cccc(O)c2C1 |&1:7|, CCCN(CCC)[C@H]1CCc2cccc(O)c2C1 |&1:7|","ASXGJMSKWNBENU-AWEZNQCLSA-N, ASXGJMSKWNBENU-AWEZNQCLSA-N",Preclinical
8-hydroxy-PIPAT,dopamine receptor ligand,"DRD2, DRD3",,,"Tocris, Tocris",97.35,"CCCN(C\C=C\I)[C@H]1CCc2cccc(O)c2C1 |&1:8|, CCCN(C\C=C\I)[C@H]1CCc2cccc(O)c2C1 |&1:8|","QBXHUZJZYDSLRH-MDDUGHTDSA-N, QBXHUZJZYDSLRH-MDDUGHTDSA-N",Preclinical
8-M-PDOT,melatonin receptor agonist,"MTNR1A, MTNR1B",,,"Tocris, Tocris",97.76,"CCC(=O)N[C@H]1CCc2cccc(OC)c2C1 |&1:5,r|, CCC(=O)N[C@H]1CCc2cccc(OC)c2C1 |&1:5,r|","RVIGBTUDFAGRTQ-NSHDSACASA-N, RVIGBTUDFAGRTQ-NSHDSACASA-N",Preclinical
80841-78-7,,,,,Sigma,0,Cc1oc(=O)oc1CCl,QCLFSYYUWPUWQR-UHFFFAOYSA-N,Preclinical
9-aminoacridine,,,,,"Selleck, MicroSource, Selleck, Selleck, Selleck",96,"Nc1c2ccccc2nc2ccccc12, Nc1c2ccccc2nc2ccccc12, Nc1c2ccccc2nc2ccccc12, Nc1c2ccccc2nc2ccccc12, Nc1c2ccccc2nc2ccccc12","XJGFWWJLMVZSIG-UHFFFAOYSA-N, XJGFWWJLMVZSIG-UHFFFAOYSA-N, XJGFWWJLMVZSIG-UHFFFAOYSA-N, XJGFWWJLMVZSIG-UHFFFAOYSA-N, XJGFWWJLMVZSIG-UHFFFAOYSA-N",Preclinical
9-aminocamptothecin,topoisomerase inhibitor,TOP1,,,"Sigma, Sigma",91.91,"CC[C@@]1(O)C(=O)OCc2c1cc1-c3nc4cccc(N)c4cc3Cn1c2=O, CC[C@@]1(O)C(=O)OCc2c1cc1-c3nc4cccc(N)c4cc3Cn1c2=O","FUXVKZWTXQUGMW-FQEVSTJZSA-N, FUXVKZWTXQUGMW-FQEVSTJZSA-N",Phase 2
9-anthracenecarboxylic-acid,,"ANO1, CLCN1",,,"Tocris, Tocris",88.03,"OC(=O)c1c2ccccc2cc2ccccc12, OC(=O)c1c2ccccc2cc2ccccc12","XGWFJBFNAQHLEF-UHFFFAOYSA-N, XGWFJBFNAQHLEF-UHFFFAOYSA-N",Preclinical
