drug,MOA,Target,Disease Area,Indication,Vendor,Purity,SMILES,InChIKey,Phase
cortodoxone,androgen receptor antagonist,AR,,,"MedChemEx, MedChemEx, Sigma",94.87,"C[C@]12CC[C@H]3[C@@H](CCC4=CC(=O)CC[C@]34C)[C@@H]1CC[C@]2(O)C(=O)CO |t:8|, C[C@]12CC[C@H]3[C@@H](CCC4=CC(=O)CC[C@]34C)[C@@H]1CC[C@]2(O)C(=O)CO |t:8|, C[C@]12CC[C@H]3[C@@H](CCC4=CC(=O)CC[C@]34C)[C@@H]1CC[C@]2(O)C(=O)CO |t:8|","WHBHBVVOGNECLV-OBQKJFGGSA-N, WHBHBVVOGNECLV-OBQKJFGGSA-N, WHBHBVVOGNECLV-OBQKJFGGSA-N",Phase 3
costunolide,telomerase inhibitor,,,,"Selleck, Tocris, Tocris, Selleck, Selleck, Selleck, Selleck",89.25,"C\C1=C/CC\C(C)=C\[C@H]2OC(=O)C(=C)[C@@H]2CC1 |c:1,t:6|, C\C1=C/CC\C(C)=C\[C@H]2OC(=O)C(=C)[C@@H]2CC1 |c:1,t:6|, C\C1=C/CC\C(C)=C\[C@H]2OC(=O)C(=C)[C@@H]2CC1 |c:1,t:6|, C\C1=C/CC\C(C)=C\[C@H]2OC(=O)C(=C)[C@@H]2CC1 |c:1,t:6|, C\C1=C/CC\C(C)=C\[C@H]2OC(=O)C(=C)[C@@H]2CC1 |c:1,t:6|, C\C1=C/CC\C(C)=C\[C@H]2OC(=O)C(=C)[C@@H]2CC1 |c:1,t:6|, C\C1=C/CC\C(C)=C\[C@H]2OC(=O)C(=C)[C@@H]2CC1 |c:1,t:6|","HRYLQFBHBWLLLL-AHNJNIBGSA-N, HRYLQFBHBWLLLL-AHNJNIBGSA-N, HRYLQFBHBWLLLL-AHNJNIBGSA-N, HRYLQFBHBWLLLL-AHNJNIBGSA-N, HRYLQFBHBWLLLL-AHNJNIBGSA-N, HRYLQFBHBWLLLL-AHNJNIBGSA-N, HRYLQFBHBWLLLL-AHNJNIBGSA-N",Preclinical
cot-inhibitor-1,MAPK-interacting kinase inhibitor,MAP3K8,,,MedChemEx,90.4,Fc1ccc(Nc2c(cnc3c(Cl)cc(NCc4cn(CCN5CCCCCC5)nn4)cc23)C#N)cc1Cl,ZWFKJFUFYPOTKL-UHFFFAOYSA-N,Preclinical
cot-inhibitor-2,MAPK-interacting kinase inhibitor,MAP3K8,,,"MedChemEx, MedChemEx",93.1,"CCN1CCC(CC1)n1cc(CNc2cc(Cl)c3ncc(C#N)c(Nc4ccc(F)c(Cl)c4)c3c2)nn1, CCN1CCC(CC1)n1cc(CNc2cc(Cl)c3ncc(C#N)c(Nc4ccc(F)c(Cl)c4)c3c2)nn1","PHNZIIMWDVXPGG-UHFFFAOYSA-N, PHNZIIMWDVXPGG-UHFFFAOYSA-N",Preclinical
COTI-2,anticancer agent,,,,MedChemEx,45.94,S=C(N\N=C1/CCCc2cccnc12)N1CCN(CC1)c1ccccn1,UTDAKQMBNSHJJB-CJLVFECKSA-N,Phase 1
cotinine,nicotine metabolite,,,,"MedChemEx, MicroSource",97.89,"CN1[C@@H](CCC1=O)c1cccnc1, CN1[C@@H](CCC1=O)c1cccnc1","UIKROCXWUNQSPJ-VIFPVBQESA-N, UIKROCXWUNQSPJ-VIFPVBQESA-N",Phase 2
coumarin,vitamin K antagonist,"CA1, CA12, CA14, CA2, CA4, CA6, CA9, CYP2A6","gastroenterology, pulmonary","ulcerative colitis, asthma, celiac disease","MicroSource, MicroSource, Selleck",99.45,"O=c1ccc2ccccc2o1, O=c1ccc2ccccc2o1, O=c1ccc2ccccc2o1","ZYGHJZDHTFUPRJ-UHFFFAOYSA-N, ZYGHJZDHTFUPRJ-UHFFFAOYSA-N, ZYGHJZDHTFUPRJ-UHFFFAOYSA-N",Launched
coumophos,cholinesterase inhibitor,,,,"MicroSource, MicroSource, Sigma",89.12,"CCOP(=S)(OCC)Oc1ccc2c(C)c(Cl)c(=O)oc2c1, CCOP(=S)(OCC)Oc1ccc2c(C)c(Cl)c(=O)oc2c1, CCOP(=S)(OCC)Oc1ccc2c(C)c(Cl)c(=O)oc2c1","BXNANOICGRISHX-UHFFFAOYSA-N, BXNANOICGRISHX-UHFFFAOYSA-N, BXNANOICGRISHX-UHFFFAOYSA-N",Preclinical
"CP-105,696",leukotriene receptor antagonist,,,,Sigma,97.8,O[C@@H]1[C@@H](Cc2ccc(cc2)-c2ccccc2)COc2cc(ccc12)C1(CCCC1)C(O)=O,KMNLXCBYBKHKSK-BKMJKUGQSA-N,Preclinical
CP-316819,glycogen phosphorylase inhibitor,PYGL,,,"Tocris, Tocris, Tocris",96.53,"CON(C)C(=O)[C@H](O)[C@H](Cc1ccccc1)NC(=O)c1cc2cc(Cl)ccc2[nH]1, CON(C)C(=O)[C@H](O)[C@H](Cc1ccccc1)NC(=O)c1cc2cc(Cl)ccc2[nH]1, CON(C)C(=O)[C@H](O)[C@H](Cc1ccccc1)NC(=O)c1cc2cc(Cl)ccc2[nH]1","WEQLRDLTRCEUHG-PKOBYXMFSA-N, WEQLRDLTRCEUHG-PKOBYXMFSA-N, WEQLRDLTRCEUHG-PKOBYXMFSA-N",Preclinical
CP-339818,potassium channel blocker,KCNA3,,,Tocris,98.69,CCCCC\N=c1/ccn(Cc2ccccc2)c2ccccc12,MMGAVKCAGQCFHS-LSDHQDQOSA-N,Preclinical
CP-376395,corticotropin releasing factor receptor antagonist,CRHR1,,,"Key, Tocris",98.61,"CCC(CC)Nc1cc(C)nc(Oc2c(C)cc(C)cc2C)c1C, CCC(CC)Nc1cc(C)nc(Oc2c(C)cc(C)cc2C)c1C","VIZBSVDBNLAVAW-UHFFFAOYSA-N, VIZBSVDBNLAVAW-UHFFFAOYSA-N",Phase 1
CP-471474,matrix metalloprotease inhibitor,"MMP1, MMP13, MMP2, MMP3, MMP9",,,"Tocris, Tocris, Tocris",93.4,"CC(C)(NS(=O)(=O)c1ccc(Oc2ccc(F)cc2)cc1)C(=O)NO, CC(C)(NS(=O)(=O)c1ccc(Oc2ccc(F)cc2)cc1)C(=O)NO, CC(C)(NS(=O)(=O)c1ccc(Oc2ccc(F)cc2)cc1)C(=O)NO","QCOQJYRPDUMCNP-UHFFFAOYSA-N, QCOQJYRPDUMCNP-UHFFFAOYSA-N, QCOQJYRPDUMCNP-UHFFFAOYSA-N",Preclinical
CP-532623,cholesteryl ester transfer protein inhibitor,CETP,,,Sigma,98.71,CC[C@@H]1C[C@H](N(Cc2cc(cc(c2)C(F)(F)F)C(F)(F)F)C(C)=O)c2cc(ccc2N1C(=O)OC(C)C)C(F)(F)F,TUPKOWFPVAXQFP-OFNKIYASSA-N,Phase 1
CP-547632,kinase inhibitor,,,,Cayman,88.53,NC(=O)c1c(NC(=O)NCCCCN2CCCC2)snc1OCc1c(F)cc(Br)cc1F,HXHAJRMTJXHJJZ-UHFFFAOYSA-N,Phase 2
CP-640186,acetyl-CoA carboxylase inhibitor,"ACACA, ACACB",,,"MedChemEx, MedChemEx",91.31,"O=C([C@@H]1CCCN(C1)C1CCN(CC1)C(=O)c1c2ccccc2cc2ccccc12)N1CCOCC1, O=C([C@@H]1CCCN(C1)C1CCN(CC1)C(=O)c1c2ccccc2cc2ccccc12)N1CCOCC1","LDQKDRLEMKIYMC-XMMPIXPASA-N, LDQKDRLEMKIYMC-XMMPIXPASA-N",Preclinical
CP-673451,PDGFR tyrosine kinase receptor inhibitor,"KIT, PDGFRA, PDGFRB",,,"Tocris, Selleck, Selleck, Selleck, Selleck, Selleck, Selleck, Selleck, Selleck, Selleck, Selleck",94.46,"COCCOc1ccc2n(cnc2c1)-c1ccc2cccc(N3CCC(N)CC3)c2n1, COCCOc1ccc2n(cnc2c1)-c1ccc2cccc(N3CCC(N)CC3)c2n1, COCCOc1ccc2n(cnc2c1)-c1ccc2cccc(N3CCC(N)CC3)c2n1, COCCOc1ccc2n(cnc2c1)-c1ccc2cccc(N3CCC(N)CC3)c2n1, COCCOc1ccc2n(cnc2c1)-c1ccc2cccc(N3CCC(N)CC3)c2n1, COCCOc1ccc2n(cnc2c1)-c1ccc2cccc(N3CCC(N)CC3)c2n1, COCCOc1ccc2n(cnc2c1)-c1ccc2cccc(N3CCC(N)CC3)c2n1, COCCOc1ccc2n(cnc2c1)-c1ccc2cccc(N3CCC(N)CC3)c2n1, COCCOc1ccc2n(cnc2c1)-c1ccc2cccc(N3CCC(N)CC3)c2n1, COCCOc1ccc2n(cnc2c1)-c1ccc2cccc(N3CCC(N)CC3)c2n1, COCCOc1ccc2n(cnc2c1)-c1ccc2cccc(N3CCC(N)CC3)c2n1","DEEOXSOLTLIWMG-UHFFFAOYSA-N, DEEOXSOLTLIWMG-UHFFFAOYSA-N, DEEOXSOLTLIWMG-UHFFFAOYSA-N, DEEOXSOLTLIWMG-UHFFFAOYSA-N, DEEOXSOLTLIWMG-UHFFFAOYSA-N, DEEOXSOLTLIWMG-UHFFFAOYSA-N, DEEOXSOLTLIWMG-UHFFFAOYSA-N, DEEOXSOLTLIWMG-UHFFFAOYSA-N, DEEOXSOLTLIWMG-UHFFFAOYSA-N, DEEOXSOLTLIWMG-UHFFFAOYSA-N, DEEOXSOLTLIWMG-UHFFFAOYSA-N",Preclinical
CP-724714,"EGFR inhibitor, protein tyrosine kinase inhibitor",ERBB2,,,"Tocris, Selleck, Selleck, Selleck, Selleck",97.14,"COCC(=O)NC\C=C\c1ccc2ncnc(Nc3ccc(Oc4ccc(C)nc4)c(C)c3)c2c1, COCC(=O)NC\C=C\c1ccc2ncnc(Nc3ccc(Oc4ccc(C)nc4)c(C)c3)c2c1, COCC(=O)NC\C=C\c1ccc2ncnc(Nc3ccc(Oc4ccc(C)nc4)c(C)c3)c2c1, COCC(=O)NC\C=C\c1ccc2ncnc(Nc3ccc(Oc4ccc(C)nc4)c(C)c3)c2c1, COCC(=O)NC\C=C\c1ccc2ncnc(Nc3ccc(Oc4ccc(C)nc4)c(C)c3)c2c1","LLVZBTWPGQVVLW-SNAWJCMRSA-N, LLVZBTWPGQVVLW-SNAWJCMRSA-N, LLVZBTWPGQVVLW-SNAWJCMRSA-N, LLVZBTWPGQVVLW-SNAWJCMRSA-N, LLVZBTWPGQVVLW-SNAWJCMRSA-N",Phase 2
CP-775146,PPAR receptor agonist,PPARA,,,"Tocris, Tocris",97.47,"CC(C)c1ccc(CC(=O)N2CCC[C@H](C2)c2cccc(OC(C)(C)C(O)=O)c2)cc1, CC(C)c1ccc(CC(=O)N2CCC[C@H](C2)c2cccc(OC(C)(C)C(O)=O)c2)cc1","OISHBINQIFNIPV-JOCHJYFZSA-N, OISHBINQIFNIPV-JOCHJYFZSA-N",Preclinical
CP-91149,glycogen phosphorylase inhibitor,PYGL,,,"Selleck, Selleck, Selleck, Selleck",97.95,"CN(C)C(=O)[C@H](O)[C@H](Cc1ccccc1)NC(=O)c1cc2cc(Cl)ccc2[nH]1, CN(C)C(=O)[C@H](O)[C@H](Cc1ccccc1)NC(=O)c1cc2cc(Cl)ccc2[nH]1, CN(C)C(=O)[C@H](O)[C@H](Cc1ccccc1)NC(=O)c1cc2cc(Cl)ccc2[nH]1, CN(C)C(=O)[C@H](O)[C@H](Cc1ccccc1)NC(=O)c1cc2cc(Cl)ccc2[nH]1","HINJNZFCMLSBCI-PKOBYXMFSA-N, HINJNZFCMLSBCI-PKOBYXMFSA-N, HINJNZFCMLSBCI-PKOBYXMFSA-N, HINJNZFCMLSBCI-PKOBYXMFSA-N",Preclinical
CP-93129,serotonin receptor agonist,HTR1A,,,"Tocris, Tocris, Tocris",96.73,"O=c1ccc2[nH]cc(C3=CCNCC3)c2[nH]1 |t:8|, O=c1ccc2[nH]cc(C3=CCNCC3)c2[nH]1 |t:8|, O=c1ccc2[nH]cc(C3=CCNCC3)c2[nH]1 |t:8|","PJYVGMRFPFNZCT-UHFFFAOYSA-N, PJYVGMRFPFNZCT-UHFFFAOYSA-N, PJYVGMRFPFNZCT-UHFFFAOYSA-N",Preclinical
CP-94253,serotonin receptor agonist,HTR1B,,,"Tocris, Tocris",92.31,"CCCOc1ccc2[nH]cc(C3=CCNCC3)c2n1 |t:11|, CCCOc1ccc2[nH]cc(C3=CCNCC3)c2n1 |t:11|","KWQWBZIGHIOKIO-UHFFFAOYSA-N, KWQWBZIGHIOKIO-UHFFFAOYSA-N",Preclinical
"CP-945,598",cannabinoid receptor antagonist,CNR1,,,"MedChemEx, MedChemEx, MedChemEx",98.78,"CCNC1(CCN(CC1)c1ncnc2n(c(nc12)-c1ccccc1Cl)-c1ccc(Cl)cc1)C(N)=O, CCNC1(CCN(CC1)c1ncnc2n(c(nc12)-c1ccccc1Cl)-c1ccc(Cl)cc1)C(N)=O, CCNC1(CCN(CC1)c1ncnc2n(c(nc12)-c1ccccc1Cl)-c1ccc(Cl)cc1)C(N)=O","UNAZAADNBYXMIV-UHFFFAOYSA-N, UNAZAADNBYXMIV-UHFFFAOYSA-N, UNAZAADNBYXMIV-UHFFFAOYSA-N",Phase 3
CP-99994,tachykinin antagonist,TACR1,,,"Tocris, Tocris, Tocris",94.58,"COc1ccccc1CN[C@H]1CCCN[C@H]1c1ccccc1, COc1ccccc1CN[C@H]1CCCN[C@H]1c1ccccc1, COc1ccccc1CN[C@H]1CCCN[C@H]1c1ccccc1","DTQNEFOKTXXQKV-HKUYNNGSSA-N, DTQNEFOKTXXQKV-HKUYNNGSSA-N, DTQNEFOKTXXQKV-HKUYNNGSSA-N",Phase 2
CPA-inhibitor,carboxypeptidase inhibitor,"CPA1, CPA2",,,"MedChemEx, MedChemEx",95.18,"ON(C[C@@H](Cc1ccccc1)C(O)=O)C(=O)Cc1ccccc1 |&1:3,r|, ON(C[C@@H](Cc1ccccc1)C(O)=O)C(=O)Cc1ccccc1 |&1:3,r|","PONANXDRJJIGPG-MRXNPFEDSA-N, PONANXDRJJIGPG-MRXNPFEDSA-N",Preclinical
CPCCOEt,glutamate receptor antagonist,GRM1,,,Tocris,91.15,"CCOC(=O)[C@]12C[C@H]1\C(=N/O)c1ccccc1O2 |&1:5,7,r|",FXCTZFMSAHZQTR-PFJVYOFESA-N,Preclinical
CPI-0610,bromodomain inhibitor,BRD4,,,"MedChemEx, MedChemEx, MedChemEx, MedChemEx, MedChemEx, MedChemEx",99.18,"Cc1noc2[C@H](CC(N)=O)N=C(c3ccc(Cl)cc3)c3ccccc3-c12 |t:10|, Cc1noc2[C@H](CC(N)=O)N=C(c3ccc(Cl)cc3)c3ccccc3-c12 |t:10|, Cc1noc2[C@H](CC(N)=O)N=C(c3ccc(Cl)cc3)c3ccccc3-c12 |t:10|, Cc1noc2[C@H](CC(N)=O)N=C(c3ccc(Cl)cc3)c3ccccc3-c12 |t:10|, Cc1noc2[C@H](CC(N)=O)N=C(c3ccc(Cl)cc3)c3ccccc3-c12 |t:10|, Cc1noc2[C@H](CC(N)=O)N=C(c3ccc(Cl)cc3)c3ccccc3-c12 |t:10|","GCWIQUVXWZWCLE-INIZCTEOSA-N, GCWIQUVXWZWCLE-INIZCTEOSA-N, GCWIQUVXWZWCLE-INIZCTEOSA-N, GCWIQUVXWZWCLE-INIZCTEOSA-N, GCWIQUVXWZWCLE-INIZCTEOSA-N, GCWIQUVXWZWCLE-INIZCTEOSA-N",Phase 2
CPI-1189,tumor necrosis factor release inhibitor,TNF,,,"Vitas-M, ChemDiv, ChemDiv, ChemDiv",98.62,"CC(=O)Nc1ccc(cc1)C(=O)NC(C)(C)C, CC(=O)Nc1ccc(cc1)C(=O)NC(C)(C)C, CC(=O)Nc1ccc(cc1)C(=O)NC(C)(C)C, CC(=O)Nc1ccc(cc1)C(=O)NC(C)(C)C","DJKNRCWSXSZACF-UHFFFAOYSA-N, DJKNRCWSXSZACF-UHFFFAOYSA-N, DJKNRCWSXSZACF-UHFFFAOYSA-N, DJKNRCWSXSZACF-UHFFFAOYSA-N",Phase 2
CPI-1205,EZH2 inhibitor,,,,MedChemEx,96.89,COc1cc(C)[nH]c(=O)c1CNC(=O)c1c(C)n([C@H](C)C2CCN(CC(F)(F)F)CC2)c2ccccc12,HPODOLXTMDHLLC-QGZVFWFLSA-N,Phase 1/Phase 2
CPI-169,histone lysine methyltransferase inhibitor,EZH2,,,MedChemEx,93.82,CCS(=O)(=O)N1CCC(CC1)[C@@H](C)n1c(C)c(C(=O)NCc2c(OC)cc(C)[nH]c2=O)c2ccccc12,LHGUZCKPFXXVPV-GOSISDBHSA-N,Preclinical
CPI-203,bromodomain inhibitor,BRD4,,,"Tocris, Tocris, MedChemEx, MedChemEx, MedChemEx",96.47,"Cc1nnc2[C@H](CC(N)=O)N=C(c3c(C)c(C)sc3-n12)c1ccc(Cl)cc1 |c:10|, Cc1nnc2[C@H](CC(N)=O)N=C(c3c(C)c(C)sc3-n12)c1ccc(Cl)cc1 |c:10|, Cc1nnc2[C@H](CC(N)=O)N=C(c3c(C)c(C)sc3-n12)c1ccc(Cl)cc1 |c:10|, Cc1nnc2[C@H](CC(N)=O)N=C(c3c(C)c(C)sc3-n12)c1ccc(Cl)cc1 |c:10|, Cc1nnc2[C@H](CC(N)=O)N=C(c3c(C)c(C)sc3-n12)c1ccc(Cl)cc1 |c:10|","QECMENZMDBOLDR-AWEZNQCLSA-N, QECMENZMDBOLDR-AWEZNQCLSA-N, QECMENZMDBOLDR-AWEZNQCLSA-N, QECMENZMDBOLDR-AWEZNQCLSA-N, QECMENZMDBOLDR-AWEZNQCLSA-N",Preclinical
CPI-360,histone lysine methyltransferase inhibitor,EZH2,,,"MedChemEx, MedChemEx",94.64,"COc1cc(C)[nH]c(=O)c1CNC(=O)c1c(C)n([C@H](C)C2CCOCC2)c2ccccc12, COc1cc(C)[nH]c(=O)c1CNC(=O)c1c(C)n([C@H](C)C2CCOCC2)c2ccccc12","PFPSFENQCNMITC-MRXNPFEDSA-N, PFPSFENQCNMITC-MRXNPFEDSA-N",Preclinical
CPI-444,adenosine receptor antagonist,,,,MedChemEx,92.74,Cc1ccc(o1)-c1nc(N)nc2n(Cc3cccc(CO[C@H]4CCOC4)n3)nnc12,KURQKNMKCGYWRJ-HNNXBMFYSA-N,Phase 1/Phase 2
CPI-613,pyruvate dehydrogenase inhibitor,PDHA1,,,"Tocris, Selleck, Selleck",96.2,"OC(=O)CCCC[C@@H](CCSCc1ccccc1)SCc1ccccc1 |&1:7,r|, OC(=O)CCCC[C@@H](CCSCc1ccccc1)SCc1ccccc1 |&1:7,r|, OC(=O)CCCC[C@@H](CCSCc1ccccc1)SCc1ccccc1 |&1:7,r|","ZYRLHJIMTROTBO-NRFANRHFSA-N, ZYRLHJIMTROTBO-NRFANRHFSA-N, ZYRLHJIMTROTBO-NRFANRHFSA-N",Phase 3
CPP,glutamate receptor antagonist,"GRIN1, GRIN2A, GRIN2B, GRIN2C, GRIN2D",,,"Tocris, EMDBio, EMDBio",93.04,"OC(=O)[C@H]1CN(CCCP(O)(O)=O)CCN1, OC(=O)[C@H]1CN(CCCP(O)(O)=O)CCN1, OC(=O)[C@H]1CN(CCCP(O)(O)=O)CCN1","CUVGUPIVTLGRGI-SSDOTTSWSA-N, CUVGUPIVTLGRGI-SSDOTTSWSA-N, CUVGUPIVTLGRGI-SSDOTTSWSA-N",Phase 2
CPSI-1306-(+/-),macrophage migration inhibiting factor inhibitor,MIF,,,"Tocris, Tocris, Tocris",96.78,"Fc1ccc(C2=NO[C@@H](CC(=O)N3CCOCC3)C2)c(F)c1 |&1:8,r,t:5|, Fc1ccc(C2=NO[C@@H](CC(=O)N3CCOCC3)C2)c(F)c1 |&1:8,r,t:5|, Fc1ccc(C2=NO[C@@H](CC(=O)N3CCOCC3)C2)c(F)c1 |&1:8,r,t:5|","GUWOSEVHCSNYFK-LLVKDONJSA-N, GUWOSEVHCSNYFK-LLVKDONJSA-N, GUWOSEVHCSNYFK-LLVKDONJSA-N",Preclinical
CQS,,,,,Sigma,91.22,Nc1ccc(cc1)S(=O)(=O)Nc1cnc2c(Cl)cccc2n1,CTSNHMQGVWXIEG-UHFFFAOYSA-N,Preclinical
creatine,,"CKB, CKM, CKMT1A, CKMT2, GAMT, SLC6A8",,,Vitas-M,100,CN(CC(O)=O)C(N)=N,CVSVTCORWBXHQV-UHFFFAOYSA-N,Launched
creatinine,,,,,"MedChemEx, MicroSource, Selleck",100,"CN1CC(=O)NC1=N, CN1CC(=O)NC1=N, CN1CC(=O)NC1=N","DDRJAANPRJIHGJ-UHFFFAOYSA-N, DDRJAANPRJIHGJ-UHFFFAOYSA-N, DDRJAANPRJIHGJ-UHFFFAOYSA-N",Preclinical
creatinol-phosphate,,,,,"CombiBlocks, CombiBlocks",100,"CN(CCOP(O)(O)=O)C(N)=N, CN(CCOP(O)(O)=O)C(N)=N","FOIPWTMKYXWFGC-UHFFFAOYSA-N, FOIPWTMKYXWFGC-UHFFFAOYSA-N",Launched
crenigacestat,notch signaling inhibitor,,,,MedChemEx,95.66,C[C@H](NC(=O)CCC(F)(F)F)C(=O)N[C@H]1c2ccccc2-c2cccnc2N(CCO)C1=O,YCBAQKQAINQRFW-UGSOOPFHSA-N,Preclinical
crenolanib,PDGFR tyrosine kinase receptor inhibitor,"CSF1R, FLT3, KIT, PDGFRA, PDGFRB",,,"Selleck, Selleck, Selleck, Selleck, MedChemEx, Selleck, Selleck",93.31,"CC1(COc2ccc3n(cnc3c2)-c2ccc3cccc(N4CCC(N)CC4)c3n2)COC1, CC1(COc2ccc3n(cnc3c2)-c2ccc3cccc(N4CCC(N)CC4)c3n2)COC1, CC1(COc2ccc3n(cnc3c2)-c2ccc3cccc(N4CCC(N)CC4)c3n2)COC1, CC1(COc2ccc3n(cnc3c2)-c2ccc3cccc(N4CCC(N)CC4)c3n2)COC1, CC1(COc2ccc3n(cnc3c2)-c2ccc3cccc(N4CCC(N)CC4)c3n2)COC1, CC1(COc2ccc3n(cnc3c2)-c2ccc3cccc(N4CCC(N)CC4)c3n2)COC1, CC1(COc2ccc3n(cnc3c2)-c2ccc3cccc(N4CCC(N)CC4)c3n2)COC1","DYNHJHQFHQTFTP-UHFFFAOYSA-N, DYNHJHQFHQTFTP-UHFFFAOYSA-N, DYNHJHQFHQTFTP-UHFFFAOYSA-N, DYNHJHQFHQTFTP-UHFFFAOYSA-N, DYNHJHQFHQTFTP-UHFFFAOYSA-N, DYNHJHQFHQTFTP-UHFFFAOYSA-N, DYNHJHQFHQTFTP-UHFFFAOYSA-N",Phase 3
cresol,,,,,MicroSource,78.99,Cc1ccc(O)cc1,IWDCLRJOBJJRNH-UHFFFAOYSA-N,Launched
cresopirine,,,,,"MicroSource, Sigma",94.31,"CC(=O)Oc1c(C)cccc1C(O)=O, CC(=O)Oc1c(C)cccc1C(O)=O","XRBMKGUDDJPAMH-UHFFFAOYSA-N, XRBMKGUDDJPAMH-UHFFFAOYSA-N",Preclinical
cridanimod,progesterone receptor agonist,PGR,infectious disease,influenza A virus infection,"Sigma, ChemDiv",98.36,"OC(=O)Cn1c2ccccc2c(=O)c2ccccc12, OC(=O)Cn1c2ccccc2c(=O)c2ccccc12","UOMKBIIXHQIERR-UHFFFAOYSA-N, UOMKBIIXHQIERR-UHFFFAOYSA-N",Launched
crisaborole,phosphodiesterase inhibitor,"PDE4A, PDE4B, PDE4C, PDE4D",dermatology,dermatitis,"MedChemEx, MedChemEx",93.42,"OB1OCc2cc(Oc3ccc(cc3)C#N)ccc12, OB1OCc2cc(Oc3ccc(cc3)C#N)ccc12","USZAGAREISWJDP-UHFFFAOYSA-N, USZAGAREISWJDP-UHFFFAOYSA-N",Launched
crisdesalazine,free radical scavenger,,,,Sigma,89.23,OC(=O)c1cc(NCCc2ccc(cc2)C(F)(F)F)ccc1O,UTMVACIBQLDZLP-UHFFFAOYSA-N,Preclinical
crizotinib,ALK tyrosine kinase receptor inhibitor,"ALK, MET",oncology,non-small cell lung cancer (NSCLC),"MedChemEx, MedChemEx, MedChemEx, MedChemEx, MedChemEx, Selleck, Selleck, Selleck, Selleck, Selleck, Selleck, Selleck",93.81,"C[C@@H](Oc1cc(cnc1N)-c1cnn(c1)C1CCNCC1)c1c(Cl)ccc(F)c1Cl, C[C@@H](Oc1cc(cnc1N)-c1cnn(c1)C1CCNCC1)c1c(Cl)ccc(F)c1Cl, C[C@@H](Oc1cc(cnc1N)-c1cnn(c1)C1CCNCC1)c1c(Cl)ccc(F)c1Cl, C[C@@H](Oc1cc(cnc1N)-c1cnn(c1)C1CCNCC1)c1c(Cl)ccc(F)c1Cl, C[C@@H](Oc1cc(cnc1N)-c1cnn(c1)C1CCNCC1)c1c(Cl)ccc(F)c1Cl, C[C@@H](Oc1cc(cnc1N)-c1cnn(c1)C1CCNCC1)c1c(Cl)ccc(F)c1Cl, C[C@@H](Oc1cc(cnc1N)-c1cnn(c1)C1CCNCC1)c1c(Cl)ccc(F)c1Cl, C[C@@H](Oc1cc(cnc1N)-c1cnn(c1)C1CCNCC1)c1c(Cl)ccc(F)c1Cl, C[C@@H](Oc1cc(cnc1N)-c1cnn(c1)C1CCNCC1)c1c(Cl)ccc(F)c1Cl, C[C@@H](Oc1cc(cnc1N)-c1cnn(c1)C1CCNCC1)c1c(Cl)ccc(F)c1Cl, C[C@@H](Oc1cc(cnc1N)-c1cnn(c1)C1CCNCC1)c1c(Cl)ccc(F)c1Cl, C[C@@H](Oc1cc(cnc1N)-c1cnn(c1)C1CCNCC1)c1c(Cl)ccc(F)c1Cl","KTEIFNKAUNYNJU-GFCCVEGCSA-N, KTEIFNKAUNYNJU-GFCCVEGCSA-N, KTEIFNKAUNYNJU-GFCCVEGCSA-N, KTEIFNKAUNYNJU-GFCCVEGCSA-N, KTEIFNKAUNYNJU-GFCCVEGCSA-N, KTEIFNKAUNYNJU-GFCCVEGCSA-N, KTEIFNKAUNYNJU-GFCCVEGCSA-N, KTEIFNKAUNYNJU-GFCCVEGCSA-N, KTEIFNKAUNYNJU-GFCCVEGCSA-N, KTEIFNKAUNYNJU-GFCCVEGCSA-N, KTEIFNKAUNYNJU-GFCCVEGCSA-N, KTEIFNKAUNYNJU-GFCCVEGCSA-N",Launched
crizotinib-(S),MTH1 inhibitor,NUDT1,,,"Tocris, Tocris, Selleck, Selleck, Selleck, Selleck, Selleck, Selleck, Selleck, Selleck",96.6,"C[C@H](Oc1cc(cnc1N)-c1cnn(c1)C1CCNCC1)c1c(Cl)ccc(F)c1Cl, C[C@H](Oc1cc(cnc1N)-c1cnn(c1)C1CCNCC1)c1c(Cl)ccc(F)c1Cl, C[C@H](Oc1cc(cnc1N)-c1cnn(c1)C1CCNCC1)c1c(Cl)ccc(F)c1Cl, C[C@H](Oc1cc(cnc1N)-c1cnn(c1)C1CCNCC1)c1c(Cl)ccc(F)c1Cl, C[C@H](Oc1cc(cnc1N)-c1cnn(c1)C1CCNCC1)c1c(Cl)ccc(F)c1Cl, C[C@H](Oc1cc(cnc1N)-c1cnn(c1)C1CCNCC1)c1c(Cl)ccc(F)c1Cl, C[C@H](Oc1cc(cnc1N)-c1cnn(c1)C1CCNCC1)c1c(Cl)ccc(F)c1Cl, C[C@H](Oc1cc(cnc1N)-c1cnn(c1)C1CCNCC1)c1c(Cl)ccc(F)c1Cl, C[C@H](Oc1cc(cnc1N)-c1cnn(c1)C1CCNCC1)c1c(Cl)ccc(F)c1Cl, C[C@H](Oc1cc(cnc1N)-c1cnn(c1)C1CCNCC1)c1c(Cl)ccc(F)c1Cl","KTEIFNKAUNYNJU-LBPRGKRZSA-N, KTEIFNKAUNYNJU-LBPRGKRZSA-N, KTEIFNKAUNYNJU-LBPRGKRZSA-N, KTEIFNKAUNYNJU-LBPRGKRZSA-N, KTEIFNKAUNYNJU-LBPRGKRZSA-N, KTEIFNKAUNYNJU-LBPRGKRZSA-N, KTEIFNKAUNYNJU-LBPRGKRZSA-N, KTEIFNKAUNYNJU-LBPRGKRZSA-N, KTEIFNKAUNYNJU-LBPRGKRZSA-N, KTEIFNKAUNYNJU-LBPRGKRZSA-N",Preclinical
croconazole,bacterial cell wall synthesis inhibitor,,infectious disease,fungal infection,"AKSci, SantaCruz",0,"Clc1cccc(COc2ccccc2C(=C)n2ccnc2)c1, Clc1cccc(COc2ccccc2C(=C)n2ccnc2)c1","WHPAGCJNPTUGGD-UHFFFAOYSA-N, WHPAGCJNPTUGGD-UHFFFAOYSA-N",Launched
crolibulin,tubulin polymerization inhibitor,,,,MedChemEx,63.57,COc1cc(cc(Br)c1OC)[C@H]1C(C#N)=C(N)Oc2c(N)c(N)ccc12 |t:15|,JXONINOYTKKXQQ-CQSZACIVSA-N,Phase 1/Phase 2
cromakalim,,KCNJ8,,,"Tocris, Tocris",99.22,"CC1(C)Oc2ccc(cc2[C@H]([C@@H]1O)N1CCCC1=O)C#N.CC1(C)Oc2ccc(cc2[C@@H]([C@H]1O)N1CCCC1=O)C#N, CC1(C)Oc2ccc(cc2[C@H]([C@@H]1O)N1CCCC1=O)C#N.CC1(C)Oc2ccc(cc2[C@@H]([C@H]1O)N1CCCC1=O)C#N","BVMDRSUIADWFLV-PNSAJKJISA-N, BVMDRSUIADWFLV-PNSAJKJISA-N",Phase 2
cromoglicic-acid,immunosuppressant,"KCNMA1, S100P","pulmonary, ophthalmology, allergy, gastroenterology","asthma, conjunctivitis, urticaria, ulcerative colitis","MedChemEx, MicroSource, Selleck",100,"OC(COc1cccc2oc(cc(=O)c12)C(O)=O)COc1cccc2oc(cc(=O)c12)C(O)=O, OC(COc1cccc2oc(cc(=O)c12)C(O)=O)COc1cccc2oc(cc(=O)c12)C(O)=O, OC(COc1cccc2oc(cc(=O)c12)C(O)=O)COc1cccc2oc(cc(=O)c12)C(O)=O","IMZMKUWMOSJXDT-UHFFFAOYSA-N, IMZMKUWMOSJXDT-UHFFFAOYSA-N, IMZMKUWMOSJXDT-UHFFFAOYSA-N",Launched
crotamiton,antipruritic,,infectious disease,scabies,"MicroSource, MedChemEx",95.53,"CCN(C(=O)\C=C\C)c1ccccc1C, CCN(C(=O)\C=C\C)c1ccccc1C","DNTGGZPQPQTDQF-XBXARRHUSA-N, DNTGGZPQPQTDQF-XBXARRHUSA-N",Launched
CRT0044876,,,,,"Selleck, Selleck, Selleck",96.56,"OC(=O)c1cc2cccc([N+]([O-])=O)c2[nH]1, OC(=O)c1cc2cccc([N+]([O-])=O)c2[nH]1, OC(=O)c1cc2cccc([N+]([O-])=O)c2[nH]1","BIUCOFQROHIAEO-UHFFFAOYSA-N, BIUCOFQROHIAEO-UHFFFAOYSA-N, BIUCOFQROHIAEO-UHFFFAOYSA-N",Preclinical
cryptotanshinone,"acetylcholinesterase inhibitor, STAT inhibitor",STAT3,,,"MedChemEx, MedChemEx, Selleck, Selleck",66.48,"C[C@H]1COC2=C1C(=O)C(=O)c1c3CCCC(C)(C)c3ccc21 |c:4|, C[C@H]1COC2=C1C(=O)C(=O)c1c3CCCC(C)(C)c3ccc21 |c:4|, C[C@H]1COC2=C1C(=O)C(=O)c1c3CCCC(C)(C)c3ccc21 |c:4|, C[C@H]1COC2=C1C(=O)C(=O)c1c3CCCC(C)(C)c3ccc21 |c:4|","GVKKJJOMQCNPGB-JTQLQIEISA-N, GVKKJJOMQCNPGB-JTQLQIEISA-N, GVKKJJOMQCNPGB-JTQLQIEISA-N, GVKKJJOMQCNPGB-JTQLQIEISA-N",Preclinical
crystal-violet,other antibiotic,,,,MedChemEx,91.8,"CN(C)c1ccc(cc1)C(=C1C=CC(C=C1)=[N+](C)C)c1ccc(cc1)N(C)C |c:12,15|",LGLFFNDHMLKUMI-UHFFFAOYSA-N,Launched
CR8-(R),CDK inhibitor,CCNA2,,,"Tocris, Tocris, Tocris, Tocris, Tocris, Tocris, Tocris",96.87,"CC[C@H](CO)Nc1nc(NCc2ccc(cc2)-c2ccccn2)c2ncn(C(C)C)c2n1, CC[C@H](CO)Nc1nc(NCc2ccc(cc2)-c2ccccn2)c2ncn(C(C)C)c2n1, CC[C@H](CO)Nc1nc(NCc2ccc(cc2)-c2ccccn2)c2ncn(C(C)C)c2n1, CC[C@H](CO)Nc1nc(NCc2ccc(cc2)-c2ccccn2)c2ncn(C(C)C)c2n1, CC[C@H](CO)Nc1nc(NCc2ccc(cc2)-c2ccccn2)c2ncn(C(C)C)c2n1, CC[C@H](CO)Nc1nc(NCc2ccc(cc2)-c2ccccn2)c2ncn(C(C)C)c2n1, CC[C@H](CO)Nc1nc(NCc2ccc(cc2)-c2ccccn2)c2ncn(C(C)C)c2n1","HOCBJBNQIQQQGT-LJQANCHMSA-N, HOCBJBNQIQQQGT-LJQANCHMSA-N, HOCBJBNQIQQQGT-LJQANCHMSA-N, HOCBJBNQIQQQGT-LJQANCHMSA-N, HOCBJBNQIQQQGT-LJQANCHMSA-N, HOCBJBNQIQQQGT-LJQANCHMSA-N, HOCBJBNQIQQQGT-LJQANCHMSA-N",Preclinical
CS-110266,dopamine receptor agonist,SLC6A3,,,"Tocris, Tocris, Sigma, Tocris, Tocris, Tocris",96.55,"C1CCN(CC1)C1(CCCCC1)c1cc2ccccc2s1, C1CCN(CC1)C1(CCCCC1)c1cc2ccccc2s1, C1CCN(CC1)C1(CCCCC1)c1cc2ccccc2s1, C1CCN(CC1)C1(CCCCC1)c1cc2ccccc2s1, C1CCN(CC1)C1(CCCCC1)c1cc2ccccc2s1, C1CCN(CC1)C1(CCCCC1)c1cc2ccccc2s1","RGSVXQJPSWZXOP-UHFFFAOYSA-N, RGSVXQJPSWZXOP-UHFFFAOYSA-N, RGSVXQJPSWZXOP-UHFFFAOYSA-N, RGSVXQJPSWZXOP-UHFFFAOYSA-N, RGSVXQJPSWZXOP-UHFFFAOYSA-N, RGSVXQJPSWZXOP-UHFFFAOYSA-N",Preclinical
CS-917,fructose biphosphate inhibitor,FBP1,,,"MedChemEx, MedChemEx, MedChemEx, MedChemEx",92.89,"CC(C)Cc1sc(N)nc1-c1ccc(o1)P(O)(O)=O, CC(C)Cc1sc(N)nc1-c1ccc(o1)P(O)(O)=O, CC(C)Cc1sc(N)nc1-c1ccc(o1)P(O)(O)=O, CC(C)Cc1sc(N)nc1-c1ccc(o1)P(O)(O)=O","XJMYIJPPDSZOPN-UHFFFAOYSA-N, XJMYIJPPDSZOPN-UHFFFAOYSA-N, XJMYIJPPDSZOPN-UHFFFAOYSA-N, XJMYIJPPDSZOPN-UHFFFAOYSA-N",Phase 2
CT-7758,integrin antagonist,ITGA4,,,"MedChemEx, MedChemEx, MedChemEx, MedChemEx, MedChemEx, MedChemEx",97.57,"OC(=O)[C@H](Cc1ccc(Nc2nccc3ccncc23)cc1)NC1=C(Br)C(=O)C11CCCCC1 |c:26|, OC(=O)[C@H](Cc1ccc(Nc2nccc3ccncc23)cc1)NC1=C(Br)C(=O)C11CCCCC1 |c:26|, OC(=O)[C@H](Cc1ccc(Nc2nccc3ccncc23)cc1)NC1=C(Br)C(=O)C11CCCCC1 |c:26|, OC(=O)[C@H](Cc1ccc(Nc2nccc3ccncc23)cc1)NC1=C(Br)C(=O)C11CCCCC1 |c:26|, OC(=O)[C@H](Cc1ccc(Nc2nccc3ccncc23)cc1)NC1=C(Br)C(=O)C11CCCCC1 |c:26|, OC(=O)[C@H](Cc1ccc(Nc2nccc3ccncc23)cc1)NC1=C(Br)C(=O)C11CCCCC1 |c:26|","KYHVWHYLKOHLKA-FQEVSTJZSA-N, KYHVWHYLKOHLKA-FQEVSTJZSA-N, KYHVWHYLKOHLKA-FQEVSTJZSA-N, KYHVWHYLKOHLKA-FQEVSTJZSA-N, KYHVWHYLKOHLKA-FQEVSTJZSA-N, KYHVWHYLKOHLKA-FQEVSTJZSA-N",Phase 2
CTEP,glutamate receptor antagonist,GRM5,,,"Selleck, Selleck, MedChemEx, MedChemEx",97.17,"Cc1nc(C#Cc2ccnc(Cl)c2)c(C)n1-c1ccc(OC(F)(F)F)cc1, Cc1nc(C#Cc2ccnc(Cl)c2)c(C)n1-c1ccc(OC(F)(F)F)cc1, Cc1nc(C#Cc2ccnc(Cl)c2)c(C)n1-c1ccc(OC(F)(F)F)cc1, Cc1nc(C#Cc2ccnc(Cl)c2)c(C)n1-c1ccc(OC(F)(F)F)cc1","GOHCTCOGYKAJLZ-UHFFFAOYSA-N, GOHCTCOGYKAJLZ-UHFFFAOYSA-N, GOHCTCOGYKAJLZ-UHFFFAOYSA-N, GOHCTCOGYKAJLZ-UHFFFAOYSA-N",Preclinical
CTS-1027,metalloproteinase inhibitor,"MMP1, MMP13, MMP2, MMP3, MMP9",,,"MedChemEx, MedChemEx, MedChemEx, MedChemEx",97.14,"ONC(=O)C1(CS(=O)(=O)c2ccc(Oc3ccc(Cl)cc3)cc2)CCOCC1, ONC(=O)C1(CS(=O)(=O)c2ccc(Oc3ccc(Cl)cc3)cc2)CCOCC1, ONC(=O)C1(CS(=O)(=O)c2ccc(Oc3ccc(Cl)cc3)cc2)CCOCC1, ONC(=O)C1(CS(=O)(=O)c2ccc(Oc3ccc(Cl)cc3)cc2)CCOCC1","ROSNVSQTEGHUKU-UHFFFAOYSA-N, ROSNVSQTEGHUKU-UHFFFAOYSA-N, ROSNVSQTEGHUKU-UHFFFAOYSA-N, ROSNVSQTEGHUKU-UHFFFAOYSA-N",Phase 2
CTS21166,beta-secretase inhibitor,BACE1,,,"EMDBio, EMDBio",78.39,"CC(C)C[C@H](NC(=O)[C@H](CC(N)=O)NC(=O)[C@@H](NC(=O)[C@@H](N)CCC(O)=O)C(C)C)[C@@H](O)C[C@@H](C)C(=O)N[C@@H](C)C(=O)N[C@@H](CCC(O)=O)C(=O)N[C@@H](Cc1ccccc1)C(O)=O, CC(C)C[C@H](NC(=O)[C@H](CC(N)=O)NC(=O)[C@@H](NC(=O)[C@@H](N)CCC(O)=O)C(C)C)[C@@H](O)C[C@@H](C)C(=O)N[C@@H](C)C(=O)N[C@@H](CCC(O)=O)C(=O)N[C@@H](Cc1ccccc1)C(O)=O","NIOCOJFPGCXNKL-ZKZXETMPSA-N, NIOCOJFPGCXNKL-ZKZXETMPSA-N",Phase 1
CT7001,CDK inhibitor,,,,MedChemEx,96.6,CC(C)c1cnn2c(NCc3ccccc3)cc(NC[C@H]3CCNC[C@@H]3O)nc12,YCVGLKWJKIKVBI-MJGOQNOKSA-N,Phase 1/Phase 2
CU-CPT-4a,toll-like receptor inhibitor,TLR3,,,"Tocris, Tocris",95.81,"OC(=O)[C@@H](Cc1ccccc1)NC(=O)c1sc2cc(F)ccc2c1Cl, OC(=O)[C@@H](Cc1ccccc1)NC(=O)c1sc2cc(F)ccc2c1Cl","IAASQMCXDRISAV-CYBMUJFWSA-N, IAASQMCXDRISAV-CYBMUJFWSA-N",Preclinical
CU-T12-9,toll-like receptor agonist,"TLR1, TLR2",,,"Tocris, Tocris",97.26,"CNc1ccc(cc1-n1cnc(c1)-c1ccc(cc1)C(F)(F)F)[N+]([O-])=O, CNc1ccc(cc1-n1cnc(c1)-c1ccc(cc1)C(F)(F)F)[N+]([O-])=O","LITXVDAFEYLWQE-UHFFFAOYSA-N, LITXVDAFEYLWQE-UHFFFAOYSA-N",Preclinical
CUDC-101,EGFR inhibitor,"EGFR, ERBB2",,,"MedChemEx, Selleck, Selleck",95.43,"COc1cc2ncnc(Nc3cccc(c3)C#C)c2cc1OCCCCCCC(=O)NO, COc1cc2ncnc(Nc3cccc(c3)C#C)c2cc1OCCCCCCC(=O)NO, COc1cc2ncnc(Nc3cccc(c3)C#C)c2cc1OCCCCCCC(=O)NO","PLIVFNIUGLLCEK-UHFFFAOYSA-N, PLIVFNIUGLLCEK-UHFFFAOYSA-N, PLIVFNIUGLLCEK-UHFFFAOYSA-N",Phase 1
CUDC-427,apoptosis inhibitor,XIAP,,,"MedChemEx, MedChemEx, MedChemEx, MedChemEx",86.1,"CN[C@@H](C)C(=O)N[C@@H](C1CCCCC1)C(=O)N1CCC[C@H]1C(=O)Nc1sc(nc1-c1ccccc1)-c1ncco1, CN[C@@H](C)C(=O)N[C@@H](C1CCCCC1)C(=O)N1CCC[C@H]1C(=O)Nc1sc(nc1-c1ccccc1)-c1ncco1, CN[C@@H](C)C(=O)N[C@@H](C1CCCCC1)C(=O)N1CCC[C@H]1C(=O)Nc1sc(nc1-c1ccccc1)-c1ncco1, CN[C@@H](C)C(=O)N[C@@H](C1CCCCC1)C(=O)N1CCC[C@H]1C(=O)Nc1sc(nc1-c1ccccc1)-c1ncco1","HSHPBORBOJIXSQ-HARLFGEKSA-N, HSHPBORBOJIXSQ-HARLFGEKSA-N, HSHPBORBOJIXSQ-HARLFGEKSA-N, HSHPBORBOJIXSQ-HARLFGEKSA-N",Phase 1
CUDC-907,PI3K inhibitor,"HDAC2, PIK3R1",,,"MedChemEx, MedChemEx, Selleck, Selleck, Selleck",95.7,"COc1ccc(cn1)-c1nc(N2CCOCC2)c2sc(CN(C)c3ncc(cn3)C(=O)NO)cc2n1, COc1ccc(cn1)-c1nc(N2CCOCC2)c2sc(CN(C)c3ncc(cn3)C(=O)NO)cc2n1, COc1ccc(cn1)-c1nc(N2CCOCC2)c2sc(CN(C)c3ncc(cn3)C(=O)NO)cc2n1, COc1ccc(cn1)-c1nc(N2CCOCC2)c2sc(CN(C)c3ncc(cn3)C(=O)NO)cc2n1, COc1ccc(cn1)-c1nc(N2CCOCC2)c2sc(CN(C)c3ncc(cn3)C(=O)NO)cc2n1","JOWXJLIFIIOYMS-UHFFFAOYSA-N, JOWXJLIFIIOYMS-UHFFFAOYSA-N, JOWXJLIFIIOYMS-UHFFFAOYSA-N, JOWXJLIFIIOYMS-UHFFFAOYSA-N, JOWXJLIFIIOYMS-UHFFFAOYSA-N",Phase 2
CUR-61414,smoothened receptor antagonist,"DHH, IHH, SMO",,,Cayman,97.61,COc1cccc(CN([C@H]2C[C@H](N(Cc3ccc4OCOc4c3)C2)C(=O)N2CCNCC2)C(=O)CC(C)(C)C)c1,WPHXYKUPFJRJDK-AHWVRZQESA-N,Phase 1
curcumin,"cyclooxygenase inhibitor, histone acetyltransferase inhibitor, lipoxygenase inhibitor, NFkB pathway inhibitor","APP, CA1, CA12, CA14, CA2, CA4, CA6, CA9, CHRM3, CYP3A4, DNMT3B, EP300, MMP13, MMP9, NOS2, PTGS1, PTGS2, XDH",,,"Enzo, Selleck, Selleck, Selleck, Selleck, Selleck",91.77,"COc1cc(\C=C\C(O)=CC(=O)\C=C\c2ccc(O)c(OC)c2)ccc1O, COc1cc(\C=C\C(O)=CC(=O)\C=C\c2ccc(O)c(OC)c2)ccc1O, COc1cc(\C=C\C(O)=CC(=O)\C=C\c2ccc(O)c(OC)c2)ccc1O, COc1cc(\C=C\C(O)=CC(=O)\C=C\c2ccc(O)c(OC)c2)ccc1O, COc1cc(\C=C\C(O)=CC(=O)\C=C\c2ccc(O)c(OC)c2)ccc1O, COc1cc(\C=C\C(O)=CC(=O)\C=C\c2ccc(O)c(OC)c2)ccc1O","ZIUSSTSXXLLKKK-SMSFQYLMSA-N, ZIUSSTSXXLLKKK-SMSFQYLMSA-N, ZIUSSTSXXLLKKK-SMSFQYLMSA-N, ZIUSSTSXXLLKKK-SMSFQYLMSA-N, ZIUSSTSXXLLKKK-SMSFQYLMSA-N, ZIUSSTSXXLLKKK-SMSFQYLMSA-N",Launched
curcumol,JAK inhibitor,"JAK1, JAK2, JAK3",,,"MedChemEx, MedChemEx, Selleck, Selleck, Selleck",86.9,"CC(C)[C@@H]1C[C@@]23O[C@]1(O)CC(=C)[C@@H]2CC[C@@H]3C, CC(C)[C@@H]1C[C@@]23O[C@]1(O)CC(=C)[C@@H]2CC[C@@H]3C, CC(C)[C@@H]1C[C@@]23O[C@]1(O)CC(=C)[C@@H]2CC[C@@H]3C, CC(C)[C@@H]1C[C@@]23O[C@]1(O)CC(=C)[C@@H]2CC[C@@H]3C, CC(C)[C@@H]1C[C@@]23O[C@]1(O)CC(=C)[C@@H]2CC[C@@H]3C","QRMPRVXWPCLVNI-YYFQZIEXSA-N, QRMPRVXWPCLVNI-YYFQZIEXSA-N, QRMPRVXWPCLVNI-YYFQZIEXSA-N, QRMPRVXWPCLVNI-YYFQZIEXSA-N, QRMPRVXWPCLVNI-YYFQZIEXSA-N",Phase 1
cutamesine,sigma receptor agonist,SIGMAR1,,,"Tocris, MedChemEx, MedChemEx, MedChemEx, Tocris",95.88,"COc1ccc(CCN2CCN(CCCc3ccccc3)CC2)cc1OC, COc1ccc(CCN2CCN(CCCc3ccccc3)CC2)cc1OC, COc1ccc(CCN2CCN(CCCc3ccccc3)CC2)cc1OC, COc1ccc(CCN2CCN(CCCc3ccccc3)CC2)cc1OC, COc1ccc(CCN2CCN(CCCc3ccccc3)CC2)cc1OC","UVSWWUWQVAQPJR-UHFFFAOYSA-N, UVSWWUWQVAQPJR-UHFFFAOYSA-N, UVSWWUWQVAQPJR-UHFFFAOYSA-N, UVSWWUWQVAQPJR-UHFFFAOYSA-N, UVSWWUWQVAQPJR-UHFFFAOYSA-N",Phase 2
CV-1808,adenosine receptor agonist,ADORA2A,,,"Tocris, Tocris, Tocris, Tocris",95.83,"Nc1nc(Nc2ccccc2)nc2n(cnc12)[C@@H]1O[C@H](CO)[C@@H](O)[C@H]1O, Nc1nc(Nc2ccccc2)nc2n(cnc12)[C@@H]1O[C@H](CO)[C@@H](O)[C@H]1O, Nc1nc(Nc2ccccc2)nc2n(cnc12)[C@@H]1O[C@H](CO)[C@@H](O)[C@H]1O, Nc1nc(Nc2ccccc2)nc2n(cnc12)[C@@H]1O[C@H](CO)[C@@H](O)[C@H]1O","SCNILGOVBBRMBK-SDBHATRESA-N, SCNILGOVBBRMBK-SDBHATRESA-N, SCNILGOVBBRMBK-SDBHATRESA-N, SCNILGOVBBRMBK-SDBHATRESA-N",Preclinical
CVT-10216,aldehyde dehydrogenase inhibitor,ALDH2,,,"Sigma, Tocris",96.71,"CS(=O)(=O)Nc1ccc(cc1)-c1coc2cc(OCc3cccc(c3)C(O)=O)ccc2c1=O, CS(=O)(=O)Nc1ccc(cc1)-c1coc2cc(OCc3cccc(c3)C(O)=O)ccc2c1=O","YYOOFJZTRCPVFD-UHFFFAOYSA-N, YYOOFJZTRCPVFD-UHFFFAOYSA-N",Phase 1
CW-008,PKA activator,PRKACA,,,"Tocris, Tocris, Tocris",93.01,"COc1ccn2ncc(-c3nc4n[nH]c(NC(=O)c5ccc(F)cc5)c4cc3F)c2c1, COc1ccn2ncc(-c3nc4n[nH]c(NC(=O)c5ccc(F)cc5)c4cc3F)c2c1, COc1ccn2ncc(-c3nc4n[nH]c(NC(=O)c5ccc(F)cc5)c4cc3F)c2c1","KCIMKTNQCUDTFI-UHFFFAOYSA-N, KCIMKTNQCUDTFI-UHFFFAOYSA-N, KCIMKTNQCUDTFI-UHFFFAOYSA-N",Preclinical
CX-4945,casein kinase inhibitor,"CSNK2A1, CSNK2A2, DAPK3, HIPK3",,,"MedChemEx, Selleck, Selleck, Selleck, Selleck",98.48,"OC(=O)c1ccc2c(c1)nc(Nc1cccc(Cl)c1)c1ccncc21, OC(=O)c1ccc2c(c1)nc(Nc1cccc(Cl)c1)c1ccncc21, OC(=O)c1ccc2c(c1)nc(Nc1cccc(Cl)c1)c1ccncc21, OC(=O)c1ccc2c(c1)nc(Nc1cccc(Cl)c1)c1ccncc21, OC(=O)c1ccc2c(c1)nc(Nc1cccc(Cl)c1)c1ccncc21","MUOKSQABCJCOPU-UHFFFAOYSA-N, MUOKSQABCJCOPU-UHFFFAOYSA-N, MUOKSQABCJCOPU-UHFFFAOYSA-N, MUOKSQABCJCOPU-UHFFFAOYSA-N, MUOKSQABCJCOPU-UHFFFAOYSA-N",Phase 1/Phase 2
CX-516,glutamate receptor modulator,,,,"Tocris, Tocris",98.29,"O=C(N1CCCCC1)c1ccc2OCOc2c1, O=C(N1CCCCC1)c1ccc2OCOc2c1","BXBNADAPIHHXJQ-UHFFFAOYSA-N, BXBNADAPIHHXJQ-UHFFFAOYSA-N",Phase 2/Phase 3
CX-5461,RNA polymerase inhibitor,,,,"MedChemEx, MedChemEx",96.98,"CN1CCCN(CC1)c1ccc2c(n1)n1c3ccccc3sc1c(C(=O)NCc1cnc(C)cn1)c2=O, CN1CCCN(CC1)c1ccc2c(n1)n1c3ccccc3sc1c(C(=O)NCc1cnc(C)cn1)c2=O","XGPBJCHFROADCK-UHFFFAOYSA-N, XGPBJCHFROADCK-UHFFFAOYSA-N",Phase 1
CXD101,HDAC inhibitor,,,,MedChemEx,97.26,Cc1nn(C)cc1CN1CCC(CC1)c1ccc(cc1)C(=O)Nc1ccccc1N,JHDZMASHNBKTPS-UHFFFAOYSA-N,Phase 1/Phase 2
cyacetacide,,,,,"MedChemEx, MicroSource",93.04,"NNC(=O)CC#N, NNC(=O)CC#N","HPHBOJANXDKUQD-UHFFFAOYSA-N, HPHBOJANXDKUQD-UHFFFAOYSA-N",Preclinical
cyamemazine,serotonin receptor antagonist,"HTR1A, HTR2A, HTR2C, HTR7",neurology/psychiatry,"schizophrenia, anxiety",Sigma,87.23,"C[C@@H](CN(C)C)CN1c2ccccc2Sc2ccc(cc12)C#N |&1:1,r|",SLFGIOIONGJGRT-AWEZNQCLSA-N,Launched
cyanocobalamin,"methylmalonyl CoA mutase stimulant, vitamin B",MUT,"hematology, infectious disease, gastroenterology","anemia, fish tapeworm infestation, celiac disease","MicroSource, Sigma, Selleck, Selleck, Selleck",97.22,"C[C@H](CNC(=O)CC[C@]1(C)[C@@H](CC(N)=O)[C@H]2N=C1\C(C)=C1/N=C(/C=C3\N=C(\C(\C)=C4\[C@@H](CCC(N)=O)[C@](C)(CC(N)=O)[C@@]2(C)N4[Co+]C#N)[C@@](C)(CC(N)=O)[C@@H]3CCC(N)=O)C(C)(C)[C@@H]1CCC(N)=O)O[P@@](O)(=O)O[C@@H]1[C@@H](CO)O[C@@H]([C@@H]1O)n1cnc2cc(C)c(C)cc12 |a:1,8,10,15,30,36,42,48,54,63,74,75,79,80,&1:70,c:16,20,24,t:22,26,29|, C[C@H](CNC(=O)CC[C@]1(C)[C@@H](CC(N)=O)[C@H]2N=C1\C(C)=C1/N=C(/C=C3\N=C(\C(\C)=C4\[C@@H](CCC(N)=O)[C@](C)(CC(N)=O)[C@@]2(C)N4[Co+]C#N)[C@@](C)(CC(N)=O)[C@@H]3CCC(N)=O)C(C)(C)[C@@H]1CCC(N)=O)O[P@@](O)(=O)O[C@@H]1[C@@H](CO)O[C@@H]([C@@H]1O)n1cnc2cc(C)c(C)cc12 |a:1,8,10,15,30,36,42,48,54,63,74,75,79,80,&1:70,c:16,20,24,t:22,26,29|, C[C@H](CNC(=O)CC[C@]1(C)[C@@H](CC(N)=O)[C@H]2N=C1\C(C)=C1/N=C(/C=C3\N=C(\C(\C)=C4\[C@@H](CCC(N)=O)[C@](C)(CC(N)=O)[C@@]2(C)N4[Co+]C#N)[C@@](C)(CC(N)=O)[C@@H]3CCC(N)=O)C(C)(C)[C@@H]1CCC(N)=O)O[P@@](O)(=O)O[C@@H]1[C@@H](CO)O[C@@H]([C@@H]1O)n1cnc2cc(C)c(C)cc12 |a:1,8,10,15,30,36,42,48,54,63,74,75,79,80,&1:70,c:16,20,24,t:22,26,29|, C[C@H](CNC(=O)CC[C@]1(C)[C@@H](CC(N)=O)[C@H]2N=C1\C(C)=C1/N=C(/C=C3\N=C(\C(\C)=C4\[C@@H](CCC(N)=O)[C@](C)(CC(N)=O)[C@@]2(C)N4[Co+]C#N)[C@@](C)(CC(N)=O)[C@@H]3CCC(N)=O)C(C)(C)[C@@H]1CCC(N)=O)O[P@@](O)(=O)O[C@@H]1[C@@H](CO)O[C@@H]([C@@H]1O)n1cnc2cc(C)c(C)cc12 |a:1,8,10,15,30,36,42,48,54,63,74,75,79,80,&1:70,c:16,20,24,t:22,26,29|, C[C@H](CNC(=O)CC[C@]1(C)[C@@H](CC(N)=O)[C@H]2N=C1\C(C)=C1/N=C(/C=C3\N=C(\C(\C)=C4\[C@@H](CCC(N)=O)[C@](C)(CC(N)=O)[C@@]2(C)N4[Co+]C#N)[C@@](C)(CC(N)=O)[C@@H]3CCC(N)=O)C(C)(C)[C@@H]1CCC(N)=O)O[P@@](O)(=O)O[C@@H]1[C@@H](CO)O[C@@H]([C@@H]1O)n1cnc2cc(C)c(C)cc12 |a:1,8,10,15,30,36,42,48,54,63,74,75,79,80,&1:70,c:16,20,24,t:22,26,29|","RMRCNWBMXRMIRW-WZHZPDAFSA-M, RMRCNWBMXRMIRW-WZHZPDAFSA-M, RMRCNWBMXRMIRW-WZHZPDAFSA-M, RMRCNWBMXRMIRW-WZHZPDAFSA-M, RMRCNWBMXRMIRW-WZHZPDAFSA-M",Launched
cyanopindolol,adrenergic receptor antagonist,"ADRB1, HTR1A, HTR1D",,,"Tocris, Tocris, Tocris",96.81,"CC(C)(C)NC[C@@H](O)COc1cccc2[nH]c(cc12)C#N |&1:6|, CC(C)(C)NC[C@@H](O)COc1cccc2[nH]c(cc12)C#N |&1:6|, CC(C)(C)NC[C@@H](O)COc1cccc2[nH]c(cc12)C#N |&1:6|","QXIUMMLTJVHILT-GFCCVEGCSA-N, QXIUMMLTJVHILT-GFCCVEGCSA-N, QXIUMMLTJVHILT-GFCCVEGCSA-N",Phase 2
cyclamic-acid,,,,,"MicroSource, MedChemEx, MicroSource, Selleck",100,"OS(=O)(=O)NC1CCCCC1, OS(=O)(=O)NC1CCCCC1, OS(=O)(=O)NC1CCCCC1, OS(=O)(=O)NC1CCCCC1","HCAJEUSONLESMK-UHFFFAOYSA-N, HCAJEUSONLESMK-UHFFFAOYSA-N, HCAJEUSONLESMK-UHFFFAOYSA-N, HCAJEUSONLESMK-UHFFFAOYSA-N",Preclinical
cyclandelate,calcium channel blocker,,"cardiology, rheumatology","claudication, arteriosclerosis, Raynaud's disease","MicroSource, Selleck, Selleck, Selleck, Selleck",96.1,"C[C@H]1C[C@@H](CC(C)(C)C1)OC(=O)[C@@H](O)c1ccccc1 |&1:1,&2:3,&3:12,r|, C[C@H]1C[C@@H](CC(C)(C)C1)OC(=O)[C@@H](O)c1ccccc1 |&1:1,&2:3,&3:12,r|, C[C@H]1C[C@@H](CC(C)(C)C1)OC(=O)[C@@H](O)c1ccccc1 |&1:1,&2:3,&3:12,r|, C[C@H]1C[C@@H](CC(C)(C)C1)OC(=O)[C@@H](O)c1ccccc1 |&1:1,&2:3,&3:12,r|, C[C@H]1C[C@@H](CC(C)(C)C1)OC(=O)[C@@H](O)c1ccccc1 |&1:1,&2:3,&3:12,r|","WZHCOOQXZCIUNC-QEJZJMRPSA-N, WZHCOOQXZCIUNC-QEJZJMRPSA-N, WZHCOOQXZCIUNC-QEJZJMRPSA-N, WZHCOOQXZCIUNC-QEJZJMRPSA-N, WZHCOOQXZCIUNC-QEJZJMRPSA-N",Launched
cyclic-AMP,,"CNGA3, TRPM7",,,"ChemDiv, ChemDiv",100,"Nc1ncnc2n(cnc12)[C@H]1O[C@H]2CO[P@](O)(=O)O[C@@H]2[C@@H]1O |&1:10,&2:12,&3:15,&4:19,&5:20,r|, Nc1ncnc2n(cnc12)[C@H]1O[C@H]2CO[P@](O)(=O)O[C@@H]2[C@@H]1O |&1:10,&2:12,&3:15,&4:19,&5:20,r|","IVOMOUWHDPKRLL-DEGSGYPDSA-N, IVOMOUWHDPKRLL-DEGSGYPDSA-N",Preclinical
cyclizine,histamine receptor modulator,"HRH1, SULT1E1","gastroenterology, neurology/psychiatry","nausea, vomiting, vertigo, motion sickness","MicroSource, Selleck, Selleck",99.27,"CN1CCN(CC1)C(c1ccccc1)c1ccccc1, CN1CCN(CC1)C(c1ccccc1)c1ccccc1, CN1CCN(CC1)C(c1ccccc1)c1ccccc1","UVKZSORBKUEBAZ-UHFFFAOYSA-N, UVKZSORBKUEBAZ-UHFFFAOYSA-N, UVKZSORBKUEBAZ-UHFFFAOYSA-N",Launched
cyclobenzaprine,"adrenergic receptor agonist, serotonin receptor agonist",HTR2A,neurology/psychiatry,spasms,"MicroSource, MedChemEx, MedChemEx",98.15,"CN(C)CCC=C1c2ccccc2C=Cc2ccccc12 |c:14|, CN(C)CCC=C1c2ccccc2C=Cc2ccccc12 |c:14|, CN(C)CCC=C1c2ccccc2C=Cc2ccccc12 |c:14|","JURKNVYFZMSNLP-UHFFFAOYSA-N, JURKNVYFZMSNLP-UHFFFAOYSA-N, JURKNVYFZMSNLP-UHFFFAOYSA-N",Launched
cyclocreatine,creatine kinase substrate,,,,Sigma,96.8,NC1=NCCN1CC(O)=O |t:1|,AMHZIUVRYRVYBA-UHFFFAOYSA-N,Phase 1
cyclocytidine,"DNA synthesis inhibitor, RNA synthesis inhibitor",,,,"MicroSource, MedChemEx, Selleck, Selleck",100,"OC[C@H]1O[C@@H]2[C@@H](Oc3nc(=N)ccn23)[C@@H]1O, OC[C@H]1O[C@@H]2[C@@H](Oc3nc(=N)ccn23)[C@@H]1O, OC[C@H]1O[C@@H]2[C@@H](Oc3nc(=N)ccn23)[C@@H]1O, OC[C@H]1O[C@@H]2[C@@H](Oc3nc(=N)ccn23)[C@@H]1O","BBDAGFIXKZCXAH-CCXZUQQUSA-N, BBDAGFIXKZCXAH-CCXZUQQUSA-N, BBDAGFIXKZCXAH-CCXZUQQUSA-N, BBDAGFIXKZCXAH-CCXZUQQUSA-N",Preclinical
cycloheximide,protein synthesis inhibitor,RPL3,,,"MicroSource, Sigma, Sigma, Sigma",89.79,"C[C@H]1C[C@H](C)C(=O)[C@@H](C1)[C@H](O)CC1CC(=O)NC(=O)C1, C[C@H]1C[C@H](C)C(=O)[C@@H](C1)[C@H](O)CC1CC(=O)NC(=O)C1, C[C@H]1C[C@H](C)C(=O)[C@@H](C1)[C@H](O)CC1CC(=O)NC(=O)C1, C[C@H]1C[C@H](C)C(=O)[C@@H](C1)[C@H](O)CC1CC(=O)NC(=O)C1","YPHMISFOHDHNIV-FSZOTQKASA-N, YPHMISFOHDHNIV-FSZOTQKASA-N, YPHMISFOHDHNIV-FSZOTQKASA-N, YPHMISFOHDHNIV-FSZOTQKASA-N",Preclinical
cyclopamine,hedgehog pathway inhibitor,,,,Apollo,87.32,"C[C@@H]1[C@@H]2NC[C@@H](C)C[C@H]2O[C@]11CC[C@H]2[C@@H]3CC=C4C[C@@H](O)CC[C@]4(C)[C@H]3CC2=C1C |c:32,t:18|",QASFUMOKHFSJGL-LAFRSMQTSA-N,Preclinical
cyclopenthiazide,thiazide diuretic,,cardiology,"hypertension, congestive heart failure","Prestwick, Toronto, Toronto",99.7,"NS(=O)(=O)c1cc2c(N[C@@H](CC3CCCC3)NS2(=O)=O)cc1Cl |&1:9,r|, NS(=O)(=O)c1cc2c(N[C@@H](CC3CCCC3)NS2(=O)=O)cc1Cl |&1:9,r|, NS(=O)(=O)c1cc2c(N[C@@H](CC3CCCC3)NS2(=O)=O)cc1Cl |&1:9,r|","BKYKPTRYDKTTJY-CYBMUJFWSA-N, BKYKPTRYDKTTJY-CYBMUJFWSA-N, BKYKPTRYDKTTJY-CYBMUJFWSA-N",Launched
cyclopentolate,acetylcholine receptor antagonist,,ophthalmology,"mydriasis, cycloplegia","MicroSource, Sigma",94.68,"CN(C)CCOC(=O)[C@@H](c1ccccc1)C1(O)CCCC1 |&1:8|, CN(C)CCOC(=O)[C@@H](c1ccccc1)C1(O)CCCC1 |&1:8|","SKYSRIRYMSLOIN-OAHLLOKOSA-N, SKYSRIRYMSLOIN-OAHLLOKOSA-N",Launched
cyclophosphamide,DNA alkylating agent,"CYP2A6, CYP2B6, CYP2C18, CYP2C19, CYP2C8, CYP2C9, CYP2D6, CYP3A4, CYP3A5, CYP3A7","hematologic malignancy, oncology","Hodgkin's lymphoma, small lymphocytic lymphoma (SLL), breast cancer, neuroblastoma, Burkitt's lymphoma, multiple myeloma, chronic lymphocytic leukemia (CLL), acute myeloid leukemia (AML), acute lymphoblastic leukemia (ALL), chronic myeloid leukemia (CML), true histiocytic lymphoma (THL), retinoblastoma, ovarian cancer","MicroSource, Selleck, Selleck, Selleck",96.1,"ClCCN(CCCl)[P@@]1(=O)NCCCO1 |r|, ClCCN(CCCl)[P@@]1(=O)NCCCO1 |r|, ClCCN(CCCl)[P@@]1(=O)NCCCO1 |r|, ClCCN(CCCl)[P@@]1(=O)NCCCO1 |r|","CMSMOCZEIVJLDB-CQSZACIVSA-N, CMSMOCZEIVJLDB-CQSZACIVSA-N, CMSMOCZEIVJLDB-CQSZACIVSA-N, CMSMOCZEIVJLDB-CQSZACIVSA-N",Launched
cyclopiazonic-acid,ATPase inhibitor,ATP2A1,,,"Tocris, Tocris, Tocris",99.1,"CC(=O)C1=C(O)[C@@H]2[C@@H]3[C@@H](Cc4cccc5[nH]cc3c45)C(C)(C)N2C1=O |a:6,7,8,&1:3,c:3|, CC(=O)C1=C(O)[C@@H]2[C@@H]3[C@@H](Cc4cccc5[nH]cc3c45)C(C)(C)N2C1=O |a:6,7,8,&1:3,c:3|, CC(=O)C1=C(O)[C@@H]2[C@@H]3[C@@H](Cc4cccc5[nH]cc3c45)C(C)(C)N2C1=O |a:6,7,8,&1:3,c:3|","SZINUGQCTHLQAZ-DQYPLSBCSA-N, SZINUGQCTHLQAZ-DQYPLSBCSA-N, SZINUGQCTHLQAZ-DQYPLSBCSA-N",Preclinical
cycloserine-(D),bacterial cell wall synthesis inhibitor,GRIN1,infectious disease,"tuberculosis, tuberculosis","MedChemEx, MicroSource, MedChemEx, Selleck, Selleck",0,"N[C@@H]1CONC1=O, N[C@@H]1CONC1=O, N[C@@H]1CONC1=O, N[C@@H]1CONC1=O, N[C@@H]1CONC1=O","DYDCUQKUCUHJBH-UWTATZPHSA-N, DYDCUQKUCUHJBH-UWTATZPHSA-N, DYDCUQKUCUHJBH-UWTATZPHSA-N, DYDCUQKUCUHJBH-UWTATZPHSA-N, DYDCUQKUCUHJBH-UWTATZPHSA-N",Launched
cyclosporin-A,calcineurin inhibitor,"ABCB11, CAMLG, FPR1, PPIA, PPIF, PPP3CA, PPP3R2, SLC10A1, SLCO1B1, SLCO1B3","rheumatology, dermatology","rheumatoid arthritis, psoriasis","MicroSource, MicroSource, Tocris, Tocris, Tocris, Tocris, Tocris, Selleck, Selleck, Selleck, Selleck, Selleck, Selleck, Selleck",99.52,"CC[C@H]1NC(=O)[C@@H]([C@@H](O)[C@@H](C)C\C=C\C)N(C)C(=O)[C@@H](C(C)C)N(C)C(=O)[C@@H](CC(C)C)N(C)C(=O)[C@@H](CC(C)C)N(C)C(=O)[C@@H](C)NC(=O)[C@@H](C)NC(=O)[C@@H](CC(C)C)N(C)C(=O)[C@@H](NC(=O)[C@@H](CC(C)C)N(C)C(=O)CN(C)C1=O)C(C)C |&1:2,&2:6,&3:7,&4:9,&5:19,&6:27,&7:36,&8:45,&9:50,&10:55,&11:64,&12:68,r|, CC[C@H]1NC(=O)[C@@H]([C@@H](O)[C@@H](C)C\C=C\C)N(C)C(=O)[C@@H](C(C)C)N(C)C(=O)[C@@H](CC(C)C)N(C)C(=O)[C@@H](CC(C)C)N(C)C(=O)[C@@H](C)NC(=O)[C@@H](C)NC(=O)[C@@H](CC(C)C)N(C)C(=O)[C@@H](NC(=O)[C@@H](CC(C)C)N(C)C(=O)CN(C)C1=O)C(C)C |&1:2,&2:6,&3:7,&4:9,&5:19,&6:27,&7:36,&8:45,&9:50,&10:55,&11:64,&12:68,r|, CC[C@H]1NC(=O)[C@@H]([C@@H](O)[C@@H](C)C\C=C\C)N(C)C(=O)[C@@H](C(C)C)N(C)C(=O)[C@@H](CC(C)C)N(C)C(=O)[C@@H](CC(C)C)N(C)C(=O)[C@@H](C)NC(=O)[C@@H](C)NC(=O)[C@@H](CC(C)C)N(C)C(=O)[C@@H](NC(=O)[C@@H](CC(C)C)N(C)C(=O)CN(C)C1=O)C(C)C |&1:2,&2:6,&3:7,&4:9,&5:19,&6:27,&7:36,&8:45,&9:50,&10:55,&11:64,&12:68,r|, CC[C@H]1NC(=O)[C@@H]([C@@H](O)[C@@H](C)C\C=C\C)N(C)C(=O)[C@@H](C(C)C)N(C)C(=O)[C@@H](CC(C)C)N(C)C(=O)[C@@H](CC(C)C)N(C)C(=O)[C@@H](C)NC(=O)[C@@H](C)NC(=O)[C@@H](CC(C)C)N(C)C(=O)[C@@H](NC(=O)[C@@H](CC(C)C)N(C)C(=O)CN(C)C1=O)C(C)C |&1:2,&2:6,&3:7,&4:9,&5:19,&6:27,&7:36,&8:45,&9:50,&10:55,&11:64,&12:68,r|, CC[C@H]1NC(=O)[C@@H]([C@@H](O)[C@@H](C)C\C=C\C)N(C)C(=O)[C@@H](C(C)C)N(C)C(=O)[C@@H](CC(C)C)N(C)C(=O)[C@@H](CC(C)C)N(C)C(=O)[C@@H](C)NC(=O)[C@@H](C)NC(=O)[C@@H](CC(C)C)N(C)C(=O)[C@@H](NC(=O)[C@@H](CC(C)C)N(C)C(=O)CN(C)C1=O)C(C)C |&1:2,&2:6,&3:7,&4:9,&5:19,&6:27,&7:36,&8:45,&9:50,&10:55,&11:64,&12:68,r|, CC[C@H]1NC(=O)[C@@H]([C@@H](O)[C@@H](C)C\C=C\C)N(C)C(=O)[C@@H](C(C)C)N(C)C(=O)[C@@H](CC(C)C)N(C)C(=O)[C@@H](CC(C)C)N(C)C(=O)[C@@H](C)NC(=O)[C@@H](C)NC(=O)[C@@H](CC(C)C)N(C)C(=O)[C@@H](NC(=O)[C@@H](CC(C)C)N(C)C(=O)CN(C)C1=O)C(C)C |&1:2,&2:6,&3:7,&4:9,&5:19,&6:27,&7:36,&8:45,&9:50,&10:55,&11:64,&12:68,r|, CC[C@@H]1NC(=O)[C@H]([C@H](O)[C@H](C)C\C=C\C)N(C)C(=O)[C@H](C(C)C)N(C)C(=O)[C@H](CC(C)C)N(C)C(=O)[C@H](CC(C)C)N(C)C(=O)[C@@H](C)NC(=O)[C@H](C)NC(=O)[C@H](CC(C)C)N(C)C(=O)[C@@H](NC(=O)[C@H](CC(C)C)N(C)C(=O)CN(C)C1=O)C(C)C, CC[C@@H]1NC(=O)[C@H]([C@H](O)[C@H](C)C\C=C\C)N(C)C(=O)[C@H](C(C)C)N(C)C(=O)[C@H](CC(C)C)N(C)C(=O)[C@H](CC(C)C)N(C)C(=O)[C@@H](C)NC(=O)[C@H](C)NC(=O)[C@H](CC(C)C)N(C)C(=O)[C@@H](NC(=O)[C@H](CC(C)C)N(C)C(=O)CN(C)C1=O)C(C)C, CC[C@@H]1NC(=O)[C@H]([C@H](O)[C@H](C)C\C=C\C)N(C)C(=O)[C@H](C(C)C)N(C)C(=O)[C@H](CC(C)C)N(C)C(=O)[C@H](CC(C)C)N(C)C(=O)[C@@H](C)NC(=O)[C@H](C)NC(=O)[C@H](CC(C)C)N(C)C(=O)[C@@H](NC(=O)[C@H](CC(C)C)N(C)C(=O)CN(C)C1=O)C(C)C, CC[C@@H]1NC(=O)[C@H]([C@H](O)[C@H](C)C\C=C\C)N(C)C(=O)[C@H](C(C)C)N(C)C(=O)[C@H](CC(C)C)N(C)C(=O)[C@H](CC(C)C)N(C)C(=O)[C@@H](C)NC(=O)[C@H](C)NC(=O)[C@H](CC(C)C)N(C)C(=O)[C@@H](NC(=O)[C@H](CC(C)C)N(C)C(=O)CN(C)C1=O)C(C)C, CC[C@@H]1NC(=O)[C@H]([C@H](O)[C@H](C)C\C=C\C)N(C)C(=O)[C@H](C(C)C)N(C)C(=O)[C@H](CC(C)C)N(C)C(=O)[C@H](CC(C)C)N(C)C(=O)[C@@H](C)NC(=O)[C@H](C)NC(=O)[C@H](CC(C)C)N(C)C(=O)[C@@H](NC(=O)[C@H](CC(C)C)N(C)C(=O)CN(C)C1=O)C(C)C, CC[C@@H]1NC(=O)[C@H]([C@H](O)[C@H](C)C\C=C\C)N(C)C(=O)[C@H](C(C)C)N(C)C(=O)[C@H](CC(C)C)N(C)C(=O)[C@H](CC(C)C)N(C)C(=O)[C@@H](C)NC(=O)[C@H](C)NC(=O)[C@H](CC(C)C)N(C)C(=O)[C@@H](NC(=O)[C@H](CC(C)C)N(C)C(=O)CN(C)C1=O)C(C)C, CC[C@@H]1NC(=O)[C@H]([C@H](O)[C@H](C)C\C=C\C)N(C)C(=O)[C@H](C(C)C)N(C)C(=O)[C@H](CC(C)C)N(C)C(=O)[C@H](CC(C)C)N(C)C(=O)[C@@H](C)NC(=O)[C@H](C)NC(=O)[C@H](CC(C)C)N(C)C(=O)[C@@H](NC(=O)[C@H](CC(C)C)N(C)C(=O)CN(C)C1=O)C(C)C, CC[C@@H]1NC(=O)[C@H]([C@H](O)[C@H](C)C\C=C\C)N(C)C(=O)[C@H](C(C)C)N(C)C(=O)[C@H](CC(C)C)N(C)C(=O)[C@H](CC(C)C)N(C)C(=O)[C@@H](C)NC(=O)[C@H](C)NC(=O)[C@H](CC(C)C)N(C)C(=O)[C@@H](NC(=O)[C@H](CC(C)C)N(C)C(=O)CN(C)C1=O)C(C)C","PMATZTZNYRCHOR-MAYCVHQQSA-N, PMATZTZNYRCHOR-MAYCVHQQSA-N, PMATZTZNYRCHOR-MAYCVHQQSA-N, PMATZTZNYRCHOR-MAYCVHQQSA-N, PMATZTZNYRCHOR-MAYCVHQQSA-N, PMATZTZNYRCHOR-MAYCVHQQSA-N, PMATZTZNYRCHOR-CGLBZJNRSA-N, PMATZTZNYRCHOR-CGLBZJNRSA-N, PMATZTZNYRCHOR-CGLBZJNRSA-N, PMATZTZNYRCHOR-CGLBZJNRSA-N, PMATZTZNYRCHOR-CGLBZJNRSA-N, PMATZTZNYRCHOR-CGLBZJNRSA-N, PMATZTZNYRCHOR-CGLBZJNRSA-N, PMATZTZNYRCHOR-CGLBZJNRSA-N",Launched
cyclothiazide,glutamate receptor modulator,"CA2, GRIA1, GRIA2, GRIA3, GRIA4, SLC12A3",cardiology,hypertension,"Tocris, Tocris, MicroSource, Sigma, DuPont, Tocris",65.61,"NS(=O)(=O)c1cc2c(N[C@@H](NS2(=O)=O)[C@H]2C[C@H]3C[C@@H]2C=C3)cc1Cl |&1:9,&2:14,&3:16,&4:18,r,c:21|, NS(=O)(=O)c1cc2c(N[C@@H](NS2(=O)=O)[C@H]2C[C@H]3C[C@@H]2C=C3)cc1Cl |&1:9,&2:14,&3:16,&4:18,r,c:21|, NS(=O)(=O)c1cc2c(N[C@@H](NS2(=O)=O)[C@H]2C[C@H]3C[C@@H]2C=C3)cc1Cl |&1:9,&2:14,&3:16,&4:18,r,c:21|, NS(=O)(=O)c1cc2c(N[C@@H](NS2(=O)=O)[C@H]2C[C@H]3C[C@@H]2C=C3)cc1Cl |&1:9,&2:14,&3:16,&4:18,r,c:21|, NS(=O)(=O)c1cc2c(N[C@@H](NS2(=O)=O)[C@H]2C[C@H]3C[C@@H]2C=C3)cc1Cl |&1:9,&2:14,&3:16,&4:18,r,c:21|, NS(=O)(=O)c1cc2c(N[C@@H](NS2(=O)=O)[C@H]2C[C@H]3C[C@@H]2C=C3)cc1Cl |&1:9,&2:14,&3:16,&4:18,r,c:21|","BOCUKUHCLICSIY-JWUFEOHASA-N, BOCUKUHCLICSIY-JWUFEOHASA-N, BOCUKUHCLICSIY-JWUFEOHASA-N, BOCUKUHCLICSIY-JWUFEOHASA-N, BOCUKUHCLICSIY-JWUFEOHASA-N, BOCUKUHCLICSIY-JWUFEOHASA-N",Launched
cyclovalone,breast cancer resistance protein inhibitor,ABCG2,gastroenterology,bile stimulation,"Sigma, Sigma, Sigma, Sigma, Enamine",97.7,"COc1cc(\C=C2/CCC\C(=C/c3ccc(O)c(OC)c3)C2=O)ccc1O, COc1cc(\C=C2/CCC\C(=C/c3ccc(O)c(OC)c3)C2=O)ccc1O, COc1cc(\C=C2/CCC\C(=C/c3ccc(O)c(OC)c3)C2=O)ccc1O, COc1cc(\C=C2/CCC\C(=C/c3ccc(O)c(OC)c3)C2=O)ccc1O, COc1cc(\C=C2/CCC\C(=C/c3ccc(O)c(OC)c3)C2=O)ccc1O","DHKKONBXGAAFTB-OTYYAQKOSA-N, DHKKONBXGAAFTB-OTYYAQKOSA-N, DHKKONBXGAAFTB-OTYYAQKOSA-N, DHKKONBXGAAFTB-OTYYAQKOSA-N, DHKKONBXGAAFTB-OTYYAQKOSA-N",Launched
cyclovirobuxin-D,calcium channel modulator,,,,"Selleck, Selleck, Selleck",100,"CN[C@@H](C)[C@H]1[C@H](O)C[C@@]2(C)[C@@H]3CC[C@@H]4[C@]5(C[C@@]35CC[C@]12C)CC[C@H](NC)C4(C)C, CN[C@@H](C)[C@H]1[C@H](O)C[C@@]2(C)[C@@H]3CC[C@@H]4[C@]5(C[C@@]35CC[C@]12C)CC[C@H](NC)C4(C)C, CN[C@@H](C)[C@H]1[C@H](O)C[C@@]2(C)[C@@H]3CC[C@@H]4[C@]5(C[C@@]35CC[C@]12C)CC[C@H](NC)C4(C)C","GMNAPBAUIVITMI-ABNIRSKTSA-N, GMNAPBAUIVITMI-ABNIRSKTSA-N, GMNAPBAUIVITMI-ABNIRSKTSA-N",Preclinical
CycLuc1,,,,,MedChemEx,85.83,OC(=O)[C@H]1CSC(=N1)c1nc2cc3CCNc3cc2s1 |c:6|,HBZBAMXERPYTFS-SECBINFHSA-N,Preclinical
CYC065,CDK inhibitor,,,,MedChemEx,95.63,CC[C@H](Nc1nc(NCc2cnc(C)cc2C)c2ncn(C(C)C)c2n1)[C@@H](C)O,DLPIYBKBHMZCJI-WBVHZDCISA-N,Phase 1
CYC116,Aurora kinase inhibitor,"AURKA, AURKB, KDR",,,"Selleck, Selleck, Selleck, Selleck, Selleck",93.87,"Cc1nc(N)sc1-c1ccnc(Nc2ccc(cc2)N2CCOCC2)n1, Cc1nc(N)sc1-c1ccnc(Nc2ccc(cc2)N2CCOCC2)n1, Cc1nc(N)sc1-c1ccnc(Nc2ccc(cc2)N2CCOCC2)n1, Cc1nc(N)sc1-c1ccnc(Nc2ccc(cc2)N2CCOCC2)n1, Cc1nc(N)sc1-c1ccnc(Nc2ccc(cc2)N2CCOCC2)n1","GPSZYOIFQZPWEJ-UHFFFAOYSA-N, GPSZYOIFQZPWEJ-UHFFFAOYSA-N, GPSZYOIFQZPWEJ-UHFFFAOYSA-N, GPSZYOIFQZPWEJ-UHFFFAOYSA-N, GPSZYOIFQZPWEJ-UHFFFAOYSA-N",Phase 1
CYM-50260,sphingosine 1-phosphate receptor agonist,S1PR4,,,"Tocris, Tocris",96.41,"FCc1ccc(OCCOc2ccc(Cl)cc2Cl)c(Cl)n1, FCc1ccc(OCCOc2ccc(Cl)cc2Cl)c(Cl)n1","FHPOTBQOUBMMCI-UHFFFAOYSA-N, FHPOTBQOUBMMCI-UHFFFAOYSA-N",Preclinical
CYM-50358,sphingosine 1-phosphate receptor antagonist,S1PR4,,,"Tocris, Tocris",97.71,"Cc1cc(CN)cc(C)c1NC(=O)c1ccc(o1)-c1cc(Cl)ccc1Cl, Cc1cc(CN)cc(C)c1NC(=O)c1ccc(o1)-c1cc(Cl)ccc1Cl","QWJOPXDAQCDRRM-UHFFFAOYSA-N, QWJOPXDAQCDRRM-UHFFFAOYSA-N",Preclinical
CYM-50769,neuropeptide receptor antagonist,NPBWR1,,,"Tocris, Tocris",98.77,"COc1ccc(Oc2c(Cl)cnn(C3c4ccccc4-c4ccccc34)c2=O)cc1, COc1ccc(Oc2c(Cl)cnn(C3c4ccccc4-c4ccccc34)c2=O)cc1","QHVSQUYCVUHYKT-UHFFFAOYSA-N, QHVSQUYCVUHYKT-UHFFFAOYSA-N",Preclinical
CYM-5442,sphingosine 1-phosphate receptor agonist,S1PR1,,,"Tocris, Tocris",97.43,"CCOc1ccc(cc1OCC)-c1nc(no1)-c1cccc2[C@@H](CCc12)NCCO |&1:22|, CCOc1ccc(cc1OCC)-c1nc(no1)-c1cccc2[C@@H](CCc12)NCCO |&1:22|","NUIKTBLZSPQGCP-LJQANCHMSA-N, NUIKTBLZSPQGCP-LJQANCHMSA-N",Preclinical
CYM-5520,sphingosine 1-phosphate receptor agonist,S1PR2,,,"Tocris, Tocris",98.49,"Cc1cc(C(=O)Cn2cc(ccc2=O)C#N)c(C)n1Cc1ccccc1, Cc1cc(C(=O)Cn2cc(ccc2=O)C#N)c(C)n1Cc1ccccc1","FMYGNANMYYHBSU-UHFFFAOYSA-N, FMYGNANMYYHBSU-UHFFFAOYSA-N",Preclinical
CYM-5541,sphingosine 1-phosphate receptor agonist,S1PR3,,,"Tocris, Tocris, Tocris",93.59,"O=C(N(C1CCCCC1)C1CCCCC1)c1cc(on1)C1CC1, O=C(N(C1CCCCC1)C1CCCCC1)c1cc(on1)C1CC1, O=C(N(C1CCCCC1)C1CCCCC1)c1cc(on1)C1CC1","NDKGACIWVAOUQH-UHFFFAOYSA-N, NDKGACIWVAOUQH-UHFFFAOYSA-N, NDKGACIWVAOUQH-UHFFFAOYSA-N",Preclinical
cypermethrin,,,infectious disease,flea control,"MicroSource, LKT",42.23,"CC1(C)[C@@H](C=C(Cl)Cl)[C@@H]1C(=O)O[C@@H](C#N)c1cccc(Oc2ccccc2)c1 |&1:3,&2:8,&3:12,r|, CC1(C)[C@@H](C=C(Cl)Cl)[C@@H]1C(=O)O[C@@H](C#N)c1cccc(Oc2ccccc2)c1 |&1:3,&2:8,&3:12,r|","KAATUXNTWXVJKI-CMKODMSKSA-N, KAATUXNTWXVJKI-CMKODMSKSA-N",Launched
cyproheptadine,histamine receptor antagonist,"ADRA1A, ADRA1B, ADRA1D, CHRM1, CHRM2, CHRM3, HRH1, HTR2A, HTR2C, HTR6, HTR7","allergy, otolaryngology, ophthalmology, dermatology","allergic rhinitis, vasomotor rhinitis, conjunctivitis, urticaria, dermatographism","MicroSource, MicroSource, MicroSource, MicroSource, MicroSource, Tocris, Tocris, Selleck",98.68,"CN1CCC(CC1)=C1c2ccccc2C=Cc2ccccc12 |c:16|, CN1CCC(CC1)=C1c2ccccc2C=Cc2ccccc12 |c:16|, CN1CCC(CC1)=C1c2ccccc2C=Cc2ccccc12 |c:16|, CN1CCC(CC1)=C1c2ccccc2C=Cc2ccccc12 |c:16|, CN1CCC(CC1)=C1c2ccccc2C=Cc2ccccc12 |c:16|, CN1CCC(CC1)=C1c2ccccc2C=Cc2ccccc12 |c:16|, CN1CCC(CC1)=C1c2ccccc2C=Cc2ccccc12 |c:16|, CN1CCC(CC1)=C1c2ccccc2C=Cc2ccccc12 |c:16|","JJCFRYNCJDLXIK-UHFFFAOYSA-N, JJCFRYNCJDLXIK-UHFFFAOYSA-N, JJCFRYNCJDLXIK-UHFFFAOYSA-N, JJCFRYNCJDLXIK-UHFFFAOYSA-N, JJCFRYNCJDLXIK-UHFFFAOYSA-N, JJCFRYNCJDLXIK-UHFFFAOYSA-N, JJCFRYNCJDLXIK-UHFFFAOYSA-N, JJCFRYNCJDLXIK-UHFFFAOYSA-N",Launched
cyproterone-acetate,androgen receptor antagonist,"ADORA1, AR",oncology,prostate cancer,"MicroSource, Sigma, MedChemEx, Selleck",94.11,"CC(=O)O[C@@]1(CC[C@H]2[C@@H]3C=C(Cl)C4=CC(=O)[C@@H]5C[C@@H]5[C@]4(C)[C@H]3CC[C@]12C)C(C)=O |t:9,12|, CC(=O)O[C@@]1(CC[C@H]2[C@@H]3C=C(Cl)C4=CC(=O)[C@@H]5C[C@@H]5[C@]4(C)[C@H]3CC[C@]12C)C(C)=O |t:9,12|, CC(=O)O[C@@]1(CC[C@H]2[C@@H]3C=C(Cl)C4=CC(=O)[C@@H]5C[C@@H]5[C@]4(C)[C@H]3CC[C@]12C)C(C)=O |t:9,12|, CC(=O)O[C@@]1(CC[C@H]2[C@@H]3C=C(Cl)C4=CC(=O)[C@@H]5C[C@@H]5[C@]4(C)[C@H]3CC[C@]12C)C(C)=O |t:9,12|","UWFYSQMTEOIJJG-FDTZYFLXSA-N, UWFYSQMTEOIJJG-FDTZYFLXSA-N, UWFYSQMTEOIJJG-FDTZYFLXSA-N, UWFYSQMTEOIJJG-FDTZYFLXSA-N",Launched
cyromazine,,,,,"MicroSource, Selleck",99.31,"Nc1nc(N)nc(NC2CC2)n1, Nc1nc(N)nc(NC2CC2)n1","LVQDKIWDGQRHTE-UHFFFAOYSA-N, LVQDKIWDGQRHTE-UHFFFAOYSA-N",Launched
cysteamine,tissue transglutaminase inhibitor,"NPY2R, SST",metabolism,cystinosis,"MedChemEx, MicroSource",100,"NCCS, NCCS","UFULAYFCSOUIOV-UHFFFAOYSA-N, UFULAYFCSOUIOV-UHFFFAOYSA-N",Launched
CYT-997,tubulin polymerization inhibitor,TUBB,,,Selleck,96.56,CCC[C@H](Nc1nc(ncc1C)-c1ccc(NC(=O)NCC)c(OC)c1)c1cccnc1,MTJHLONVHHPNSI-IBGZPJMESA-N,Phase 2
cytarabine,ribonucleotide reductase inhibitor,"POLA1, POLB, POLD1, POLE",hematologic malignancy,"acute lymphoblastic leukemia (ALL), chronic lymphocytic leukemia (CLL), acute myeloid leukemia (AML), non-Hodgkin lymphoma (NHL)","Selleck, Selleck",90.88,"Nc1ccn([C@@H]2O[C@H](CO)[C@@H](O)[C@@H]2O)c(=O)n1, Nc1ccn([C@@H]2O[C@H](CO)[C@@H](O)[C@@H]2O)c(=O)n1","UHDGCWIWMRVCDJ-CCXZUQQUSA-N, UHDGCWIWMRVCDJ-CCXZUQQUSA-N",Launched
cytidine,,UCK2,,,"Selleck, Selleck, MicroSource, MicroSource",100,"Nc1ccn([C@@H]2O[C@H](CO)[C@@H](O)[C@H]2O)c(=O)n1, Nc1ccn([C@@H]2O[C@H](CO)[C@@H](O)[C@H]2O)c(=O)n1, Nc1ccn([C@@H]2O[C@H](CO)[C@@H](O)[C@H]2O)c(=O)n1, Nc1ccn([C@@H]2O[C@H](CO)[C@@H](O)[C@H]2O)c(=O)n1","UHDGCWIWMRVCDJ-XVFCMESISA-N, UHDGCWIWMRVCDJ-XVFCMESISA-N, InChI=1S/C9H13N3O5/c10-5-1-2-12(9(16)11-5)8-7(15)6(14)4(3-13)17-8/h1-2,4,6-8,13-15H,3H2,(H2,10,11,16)/t4-,6-,7-,8-/m1/s1, InChI=1S/C9H13N3O5/c10-5-1-2-12(9(16)11-5)8-7(15)6(14)4(3-13)17-8/h1-2,4,6-8,13-15H,3H2,(H2,10,11,16)/t4-,6-,7-,8-/m1/s1",Launched
cytisine,acetylcholine receptor agonist,"CHRNA2, CHRNA3, CHRNA4, CHRNA6, CHRNA7, CHRNB2, CHRNB4",neurology/psychiatry,nicotinism,"MicroSource, MicroSource, Tocris, Selleck, Selleck",98.23,"O=c1cccc2[C@H]3CNC[C@H](C3)Cn12, O=c1cccc2[C@H]3CNC[C@H](C3)Cn12, O=c1cccc2[C@H]3CNC[C@H](C3)Cn12, O=c1cccc2[C@H]3CNC[C@H](C3)Cn12, O=c1cccc2[C@H]3CNC[C@H](C3)Cn12","ANJTVLIZGCUXLD-DTWKUNHWSA-N, ANJTVLIZGCUXLD-DTWKUNHWSA-N, ANJTVLIZGCUXLD-DTWKUNHWSA-N, ANJTVLIZGCUXLD-DTWKUNHWSA-N, ANJTVLIZGCUXLD-DTWKUNHWSA-N",Launched
cytochalasin-B,microtubule inhibitor,ACTB,,,Tocris,93.35,"C[C@H]1[C@H]2[C@H](Cc3ccccc3)NC(=O)[C@]22OC(=O)\C=C\[C@H](O)CCC[C@@H](C)C\C=C\[C@H]2[C@H](O)C1=C |t:20,30|",GBOGMAARMMDZGR-TYHYBEHESA-N,Phase 2
cytochlor,,,,,Berry,100,Nc1nc(=O)n(cc1Cl)[C@H]1C[C@@H](O)[C@@H](CO)O1,NGGRGTWYSXYVDK-FSDSQADBSA-N,Phase 1
cyt387,JAK inhibitor,"JAK1, JAK2, JAK3",,,"MedChemEx, Selleck, Selleck, Selleck, Selleck, Selleck",95.48,"O=C(NCC#N)c1ccc(cc1)-c1ccnc(Nc2ccc(cc2)N2CCOCC2)n1, O=C(NCC#N)c1ccc(cc1)-c1ccnc(Nc2ccc(cc2)N2CCOCC2)n1, O=C(NCC#N)c1ccc(cc1)-c1ccnc(Nc2ccc(cc2)N2CCOCC2)n1, O=C(NCC#N)c1ccc(cc1)-c1ccnc(Nc2ccc(cc2)N2CCOCC2)n1, O=C(NCC#N)c1ccc(cc1)-c1ccnc(Nc2ccc(cc2)N2CCOCC2)n1, O=C(NCC#N)c1ccc(cc1)-c1ccnc(Nc2ccc(cc2)N2CCOCC2)n1","ZVHNDZWQTBEVRY-UHFFFAOYSA-N, ZVHNDZWQTBEVRY-UHFFFAOYSA-N, ZVHNDZWQTBEVRY-UHFFFAOYSA-N, ZVHNDZWQTBEVRY-UHFFFAOYSA-N, ZVHNDZWQTBEVRY-UHFFFAOYSA-N, ZVHNDZWQTBEVRY-UHFFFAOYSA-N",Phase 3
CY208-243,dopamine receptor agonist,CALY,,,"Tocris, Tocris",66.95,"CN1Cc2ccccc2[C@H]2[C@H]1Cc1c[nH]c3cccc2c13, CN1Cc2ccccc2[C@H]2[C@H]1Cc1c[nH]c3cccc2c13","WRNKIDLXXXIELU-IEBWSBKVSA-N, WRNKIDLXXXIELU-IEBWSBKVSA-N",Phase 2
CZC-54252,leucine rich repeat kinase inhibitor,LRRK2,,,"Tocris, Tocris, Tocris, Tocris",98.82,"COc1cc(ccc1Nc1ncc(Cl)c(Nc2ccccc2NS(C)(=O)=O)n1)N1CCOCC1, COc1cc(ccc1Nc1ncc(Cl)c(Nc2ccccc2NS(C)(=O)=O)n1)N1CCOCC1, COc1cc(ccc1Nc1ncc(Cl)c(Nc2ccccc2NS(C)(=O)=O)n1)N1CCOCC1, COc1cc(ccc1Nc1ncc(Cl)c(Nc2ccccc2NS(C)(=O)=O)n1)N1CCOCC1","CLGWUCNXOBLWFM-UHFFFAOYSA-N, CLGWUCNXOBLWFM-UHFFFAOYSA-N, CLGWUCNXOBLWFM-UHFFFAOYSA-N, CLGWUCNXOBLWFM-UHFFFAOYSA-N",Preclinical
CZC24832,PI3K inhibitor,PIK3CG,,,"Selleck, Tocris",98.69,"CC(C)(C)NS(=O)(=O)c1cncc(c1)-c1cc(F)c2nc(N)nn2c1, CC(C)(C)NS(=O)(=O)c1cncc(c1)-c1cc(F)c2nc(N)nn2c1","RXRZPHQBTHQXSV-UHFFFAOYSA-N, RXRZPHQBTHQXSV-UHFFFAOYSA-N",Preclinical
C106,,,,,Enzo,0,"CN1CCC[C@@H]1c1cccnc1.Cc1ccc(cc1)C(=O)O[C@@H]([C@@H](OC(=O)c1ccc(C)cc1)C(O)=O)C(O)=O |&1:5,&2:22,&3:23,r|",GEGPCGHEPLKDLY-DRHSTVBOSA-N,Phase 3
C11-Acetate,,"ABAT, ACE, AKR1C3, CA2, CELA1, ESR2, FFAR2, FFAR3, HPRT1, LTA4H, MMP12, NOS1, NOS3, PLA2G1B, PTPN1, SOD1, TXN",,,SantaCruz,0,[Y+3],GRTBAGCGDOYUBE-UHFFFAOYSA-N,Phase 3
C188-9,STAT inhibitor,,,,MedChemEx,91.21,COc1ccc(cc1)S(=O)(=O)Nc1cc(c(O)c2ccccc12)-c1c(O)ccc2ccccc12,QDCJDYWGYVPBDO-UHFFFAOYSA-N,Preclinical
C34,toll-like receptor inhibitor,TLR4,,,"Tocris, Tocris",100,"CC(C)O[C@H]1O[C@H](COC(C)=O)[C@@H](OC(C)=O)[C@H](OC(C)=O)[C@H]1NC(C)=O, CC(C)O[C@H]1O[C@H](COC(C)=O)[C@@H](OC(C)=O)[C@H](OC(C)=O)[C@H]1NC(C)=O","KMIQMFHPUJUDMC-HHARLNAUSA-N, KMIQMFHPUJUDMC-HHARLNAUSA-N",Preclinical
C646,histone acetyltransferase inhibitor,EP300,,,"Selleck, Selleck, Selleck, Tocris, Tocris, Selleck, Selleck, Selleck, Selleck",88.71,"CC1=NN(C(=O)C1=Cc1ccc(o1)-c1cc(C)c(C)cc1[N+]([O-])=O)c1ccc(cc1)C(O)=O |t:1|, CC1=NN(C(=O)C1=Cc1ccc(o1)-c1cc(C)c(C)cc1[N+]([O-])=O)c1ccc(cc1)C(O)=O |t:1|, CC1=NN(C(=O)C1=Cc1ccc(o1)-c1cc(C)c(C)cc1[N+]([O-])=O)c1ccc(cc1)C(O)=O |t:1|, CC1=NN(C(=O)C1=Cc1ccc(o1)-c1cc(C)c(C)cc1[N+]([O-])=O)c1ccc(cc1)C(O)=O |t:1|, CC1=NN(C(=O)C1=Cc1ccc(o1)-c1cc(C)c(C)cc1[N+]([O-])=O)c1ccc(cc1)C(O)=O |t:1|, CC1=NN(C(=O)C1=Cc1ccc(o1)-c1cc(C)c(C)cc1[N+]([O-])=O)c1ccc(cc1)C(O)=O |t:1|, CC1=NN(C(=O)C1=Cc1ccc(o1)-c1cc(C)c(C)cc1[N+]([O-])=O)c1ccc(cc1)C(O)=O |t:1|, CC1=NN(C(=O)C1=Cc1ccc(o1)-c1cc(C)c(C)cc1[N+]([O-])=O)c1ccc(cc1)C(O)=O |t:1|, CC1=NN(C(=O)C1=Cc1ccc(o1)-c1cc(C)c(C)cc1[N+]([O-])=O)c1ccc(cc1)C(O)=O |t:1|","HEKJYZZSCQBJGB-UHFFFAOYSA-N, HEKJYZZSCQBJGB-UHFFFAOYSA-N, HEKJYZZSCQBJGB-UHFFFAOYSA-N, HEKJYZZSCQBJGB-UHFFFAOYSA-N, HEKJYZZSCQBJGB-UHFFFAOYSA-N, HEKJYZZSCQBJGB-UHFFFAOYSA-N, HEKJYZZSCQBJGB-UHFFFAOYSA-N, HEKJYZZSCQBJGB-UHFFFAOYSA-N, HEKJYZZSCQBJGB-UHFFFAOYSA-N",Preclinical
"D,L-mevalonic-acid-lactone",,,,,Prestwick,0,"C[C@@]1(O)CCOC(=O)C1 |&1:1,r|",JYVXNLLUYHCIIH-ZCFIWIBFSA-N,Preclinical
D-(+)-maltose,,MGAM,,,"MicroSource, Sigma",100,"OC[C@H]1O[C@H](O[C@H]2[C@H](O)[C@@H](O)[C@H](O)O[C@@H]2CO)[C@H](O)[C@@H](O)[C@@H]1O, OC[C@H]1O[C@H](O[C@H]2[C@H](O)[C@@H](O)[C@H](O)O[C@@H]2CO)[C@H](O)[C@@H](O)[C@@H]1O","GUBGYTABKSRVRQ-QUYVBRFLSA-N, GUBGYTABKSRVRQ-QUYVBRFLSA-N",Preclinical
D-alpha-tocopheryl-succinate,,,,,"SantaCruz, SantaCruz",93.52,"CC(C)CCC[C@@H](C)CCC[C@@H](C)CCC[C@]1(C)CCc2c(C)c(OC(=O)CCC(O)=O)c(C)c(C)c2O1, CC(C)CCC[C@@H](C)CCC[C@@H](C)CCC[C@]1(C)CCc2c(C)c(OC(=O)CCC(O)=O)c(C)c(C)c2O1","IELOKBJPULMYRW-NJQVLOCASA-N, IELOKBJPULMYRW-NJQVLOCASA-N",Launched
D-delta-tocopherol,,,,,Acros,91.79,CC(C)CCC[C@@H](C)CCC[C@@H](C)CCC[C@]1(C)CCc2cc(O)cc(C)c2O1,GZIFEOYASATJEH-VHFRWLAGSA-N,Launched
D-limonene,,,,,"Sigma, MicroSource",0,"CC(=C)[C@@H]1CCC(C)=CC1 |c:7|, CC(=C)[C@@H]1CCC(C)=CC1 |c:7|","XMGQYMWWDOXHJM-JTQLQIEISA-N, XMGQYMWWDOXHJM-JTQLQIEISA-N",Phase 1
D-phenylalanine,enkephalinase inhibitor,"CCBL1, CRH, HCAR3",,,"MicroSource, Selleck, Selleck",100,"N[C@H](Cc1ccccc1)C(O)=O, N[C@H](Cc1ccccc1)C(O)=O, N[C@H](Cc1ccccc1)C(O)=O","COLNVLDHVKWLRT-MRVPVSSYSA-N, COLNVLDHVKWLRT-MRVPVSSYSA-N, COLNVLDHVKWLRT-MRVPVSSYSA-N",Preclinical
D-serine,glutamate receptor agonist,"GLRA1, GRIN1, GRIN2A, GRIN2B, GRIN2C, GRIN2D, SERPINB3",,,"Enzo, Tocris",100,"N[C@H](CO)C(O)=O, N[C@H](CO)C(O)=O","MTCFGRXMJLQNBG-UWTATZPHSA-N, MTCFGRXMJLQNBG-UWTATZPHSA-N",Launched
D-157495,decapping scavenger enzyme inhibitor,,,,MedChemEx,94.7,Nc1nc(N)c2c(OCC3CCN(Cc4c(Cl)cccc4Cl)CC3)cccc2n1,MNLHFGXIUJNDAF-UHFFFAOYSA-N,Preclinical
D-3263,transient receptor potential channel agonist,,,,MedChemEx,90.23,COc1ccc2n(C(=O)[C@@H]3C[C@H](C)CC[C@H]3C(C)C)c(=O)n(CCN)c2c1,ZGTYTFYRCIRWBL-HYVNUMGLSA-N,Phase 1
D-4476,TGF beta receptor inhibitor,"CSNK1A1, CSNK1D, TGFB1",,,"Tocris, Tocris, Tocris",96.91,"NC(=O)c1ccc(cc1)-c1nc(c([nH]1)-c1ccc2OCCOc2c1)-c1ccccn1, NC(=O)c1ccc(cc1)-c1nc(c([nH]1)-c1ccc2OCCOc2c1)-c1ccccn1, NC(=O)c1ccc(cc1)-c1nc(c([nH]1)-c1ccc2OCCOc2c1)-c1ccccn1","DPDZHVCKYBCJHW-UHFFFAOYSA-N, DPDZHVCKYBCJHW-UHFFFAOYSA-N, DPDZHVCKYBCJHW-UHFFFAOYSA-N",Preclinical
D-64131,microtubule inhibitor,TUBB,,,"Tocris, Tocris, Tocris, Tocris, Tocris, Tocris",98.74,"COc1ccc2[nH]c(cc2c1)C(=O)c1ccccc1, COc1ccc2[nH]c(cc2c1)C(=O)c1ccccc1, COc1ccc2[nH]c(cc2c1)C(=O)c1ccccc1, COc1ccc2[nH]c(cc2c1)C(=O)c1ccccc1, COc1ccc2[nH]c(cc2c1)C(=O)c1ccccc1, COc1ccc2[nH]c(cc2c1)C(=O)c1ccccc1","ICMIJSRDISNKOC-UHFFFAOYSA-N, ICMIJSRDISNKOC-UHFFFAOYSA-N, ICMIJSRDISNKOC-UHFFFAOYSA-N, ICMIJSRDISNKOC-UHFFFAOYSA-N, ICMIJSRDISNKOC-UHFFFAOYSA-N, ICMIJSRDISNKOC-UHFFFAOYSA-N",Preclinical
D-7193,,,,,ChemImpex,0,CC(=O)N[C@@H](CSSC[C@H](NC(C)=O)C(O)=O)C(O)=O,YTPQSLLEROSACP-YUMQZZPRSA-N,Phase 2
DAA-1106,benzodiazepine receptor agonist,TSPO,,,"MedChemEx, MedChemEx",98.31,"COc1ccc(OC)c(CN(C(C)=O)c2cc(F)ccc2Oc2ccccc2)c1, COc1ccc(OC)c(CN(C(C)=O)c2cc(F)ccc2Oc2ccccc2)c1","DCRZYADKQRHHSF-UHFFFAOYSA-N, DCRZYADKQRHHSF-UHFFFAOYSA-N",Preclinical
dabigatran,thrombin inhibitor,F2,"neurology/psychiatry, hematology","stroke, systemic embolism, pulmonary embolism (PE), deep vein thrombosis (DVT)","MedChemEx, Selleck, MedChemEx, Selleck, Selleck, Selleck",77.34,"Cn1c(CNc2ccc(cc2)C(N)=N)nc2cc(ccc12)C(=O)N(CCC(O)=O)c1ccccn1, Cn1c(CNc2ccc(cc2)C(N)=N)nc2cc(ccc12)C(=O)N(CCC(O)=O)c1ccccn1, Cn1c(CNc2ccc(cc2)C(N)=N)nc2cc(ccc12)C(=O)N(CCC(O)=O)c1ccccn1, Cn1c(CNc2ccc(cc2)C(N)=N)nc2cc(ccc12)C(=O)N(CCC(O)=O)c1ccccn1, Cn1c(CNc2ccc(cc2)C(N)=N)nc2cc(ccc12)C(=O)N(CCC(O)=O)c1ccccn1, Cn1c(CNc2ccc(cc2)C(N)=N)nc2cc(ccc12)C(=O)N(CCC(O)=O)c1ccccn1","YBSJFWOBGCMAKL-UHFFFAOYSA-N, YBSJFWOBGCMAKL-UHFFFAOYSA-N, YBSJFWOBGCMAKL-UHFFFAOYSA-N, YBSJFWOBGCMAKL-UHFFFAOYSA-N, YBSJFWOBGCMAKL-UHFFFAOYSA-N, YBSJFWOBGCMAKL-UHFFFAOYSA-N",Launched
dabigatran-etexilate,thrombin inhibitor,F2,"neurology/psychiatry, hematology","stroke, systemic embolism, pulmonary embolism (PE), deep vein thrombosis (DVT)","MedChemEx, MicroSource, Selleck",98.31,"CCCCCCOC(=O)\N=C(\N)c1ccc(NCc2nc3cc(ccc3n2C)C(=O)N(CCC(=O)OCC)c2ccccn2)cc1, CCCCCCOC(=O)\N=C(\N)c1ccc(NCc2nc3cc(ccc3n2C)C(=O)N(CCC(=O)OCC)c2ccccn2)cc1, CCCCCCOC(=O)\N=C(\N)c1ccc(NCc2nc3cc(ccc3n2C)C(=O)N(CCC(=O)OCC)c2ccccn2)cc1","KSGXQBZTULBEEQ-UHFFFAOYSA-N, KSGXQBZTULBEEQ-UHFFFAOYSA-N, KSGXQBZTULBEEQ-UHFFFAOYSA-N",Launched
dabrafenib,RAF inhibitor,"BRAF, LIMK1, NEK11, RAF1, SIK1",oncology,melanoma,"Selleck, Selleck, Selleck, Selleck, Selleck, MedChemEx, Selleck, Selleck",98.14,"CC(C)(C)c1nc(c(s1)-c1ccnc(N)n1)-c1cccc(NS(=O)(=O)c2c(F)cccc2F)c1F, CC(C)(C)c1nc(c(s1)-c1ccnc(N)n1)-c1cccc(NS(=O)(=O)c2c(F)cccc2F)c1F, CC(C)(C)c1nc(c(s1)-c1ccnc(N)n1)-c1cccc(NS(=O)(=O)c2c(F)cccc2F)c1F, CC(C)(C)c1nc(c(s1)-c1ccnc(N)n1)-c1cccc(NS(=O)(=O)c2c(F)cccc2F)c1F, CC(C)(C)c1nc(c(s1)-c1ccnc(N)n1)-c1cccc(NS(=O)(=O)c2c(F)cccc2F)c1F, CC(C)(C)c1nc(c(s1)-c1ccnc(N)n1)-c1cccc(NS(=O)(=O)c2c(F)cccc2F)c1F, CC(C)(C)c1nc(c(s1)-c1ccnc(N)n1)-c1cccc(NS(=O)(=O)c2c(F)cccc2F)c1F, CC(C)(C)c1nc(c(s1)-c1ccnc(N)n1)-c1cccc(NS(=O)(=O)c2c(F)cccc2F)c1F","BFSMGDJOXZAERB-UHFFFAOYSA-N, BFSMGDJOXZAERB-UHFFFAOYSA-N, BFSMGDJOXZAERB-UHFFFAOYSA-N, BFSMGDJOXZAERB-UHFFFAOYSA-N, BFSMGDJOXZAERB-UHFFFAOYSA-N, BFSMGDJOXZAERB-UHFFFAOYSA-N, BFSMGDJOXZAERB-UHFFFAOYSA-N, BFSMGDJOXZAERB-UHFFFAOYSA-N",Launched
dacarbazine,DNA alkylating agent,"PGD, POLA2","oncology, hematologic malignancy","melanoma, Hodgkin's lymphoma","MicroSource, Selleck, Selleck",98.92,"CN(C)\N=N\c1nc[nH]c1C(N)=O, CN(C)\N=N\c1nc[nH]c1C(N)=O, CN(C)\N=N\c1nc[nH]c1C(N)=O","FDKXTQMXEQVLRF-ZHACJKMWSA-N, FDKXTQMXEQVLRF-ZHACJKMWSA-N, FDKXTQMXEQVLRF-ZHACJKMWSA-N",Launched
dacinostat,HDAC inhibitor,"HDAC1, HDAC2, HDAC3, HDAC4, HDAC5, HDAC6, HDAC7, HDAC8, HDAC9",,,"Selleck, Selleck, Selleck, Selleck, Selleck, Selleck",87.84,"OCCN(CCc1c[nH]c2ccccc12)Cc1ccc(\C=C\C(=O)NO)cc1, OCCN(CCc1c[nH]c2ccccc12)Cc1ccc(\C=C\C(=O)NO)cc1, OCCN(CCc1c[nH]c2ccccc12)Cc1ccc(\C=C\C(=O)NO)cc1, OCCN(CCc1c[nH]c2ccccc12)Cc1ccc(\C=C\C(=O)NO)cc1, OCCN(CCc1c[nH]c2ccccc12)Cc1ccc(\C=C\C(=O)NO)cc1, OCCN(CCc1c[nH]c2ccccc12)Cc1ccc(\C=C\C(=O)NO)cc1","BWDQBBCUWLSASG-MDZDMXLPSA-N, BWDQBBCUWLSASG-MDZDMXLPSA-N, BWDQBBCUWLSASG-MDZDMXLPSA-N, BWDQBBCUWLSASG-MDZDMXLPSA-N, BWDQBBCUWLSASG-MDZDMXLPSA-N, BWDQBBCUWLSASG-MDZDMXLPSA-N",Phase 1
daclatasvir,HCV inhibitor,,infectious disease,hepatitis C,"Selleck, Selleck, Selleck",94.8,"COC(=O)N[C@@H](C(C)C)C(=O)N1CCC[C@H]1c1nc(c[nH]1)-c1ccc(cc1)-c1ccc(cc1)-c1c[nH]c(n1)[C@@H]1CCCN1C(=O)[C@@H](NC(=O)OC)C(C)C, COC(=O)N[C@@H](C(C)C)C(=O)N1CCC[C@H]1c1nc(c[nH]1)-c1ccc(cc1)-c1ccc(cc1)-c1c[nH]c(n1)[C@@H]1CCCN1C(=O)[C@@H](NC(=O)OC)C(C)C, COC(=O)N[C@@H](C(C)C)C(=O)N1CCC[C@H]1c1nc(c[nH]1)-c1ccc(cc1)-c1ccc(cc1)-c1c[nH]c(n1)[C@@H]1CCCN1C(=O)[C@@H](NC(=O)OC)C(C)C","FKRSSPOQAMALKA-CUPIEXAXSA-N, FKRSSPOQAMALKA-CUPIEXAXSA-N, FKRSSPOQAMALKA-CUPIEXAXSA-N",Launched
dacomitinib,EGFR inhibitor,"EGFR, ERBB2, ERBB4",,,"Tocris, Selleck, Selleck, Selleck, Selleck, Selleck, Selleck",97.34,"COc1cc2ncnc(Nc3ccc(F)c(Cl)c3)c2cc1NC(=O)\C=C\CN1CCCCC1, COc1cc2ncnc(Nc3ccc(F)c(Cl)c3)c2cc1NC(=O)\C=C\CN1CCCCC1, COc1cc2ncnc(Nc3ccc(F)c(Cl)c3)c2cc1NC(=O)\C=C\CN1CCCCC1, COc1cc2ncnc(Nc3ccc(F)c(Cl)c3)c2cc1NC(=O)\C=C\CN1CCCCC1, COc1cc2ncnc(Nc3ccc(F)c(Cl)c3)c2cc1NC(=O)\C=C\CN1CCCCC1, COc1cc2ncnc(Nc3ccc(F)c(Cl)c3)c2cc1NC(=O)\C=C\CN1CCCCC1, COc1cc2ncnc(Nc3ccc(F)c(Cl)c3)c2cc1NC(=O)\C=C\CN1CCCCC1","LVXJQMNHJWSHET-AATRIKPKSA-N, LVXJQMNHJWSHET-AATRIKPKSA-N, LVXJQMNHJWSHET-AATRIKPKSA-N, LVXJQMNHJWSHET-AATRIKPKSA-N, LVXJQMNHJWSHET-AATRIKPKSA-N, LVXJQMNHJWSHET-AATRIKPKSA-N, LVXJQMNHJWSHET-AATRIKPKSA-N",Launched
dactinomycin,RNA polymerase inhibitor,POLR2A,oncology,"testicular carcinoma, Wilm's tumor, rhabdomyosarcoma, Ewing's sarcoma, gestational trophoblastic disease (GTD)","MicroSource, MicroSource",77.87,"CC(C)[C@H]1NC(=O)[C@@H](NC(=O)c2ccc(C)c3oc4c(C)c(=O)c(N)c(C(=O)N[C@H]5[C@@H](C)OC(=O)[C@H](C(C)C)N(C)C(=O)CN(C)C(=O)[C@@H]6CCCN6C(=O)[C@H](NC5=O)C(C)C)c4nc23)[C@@H](C)OC(=O)[C@H](C(C)C)N(C)C(=O)CN(C)C(=O)[C@@H]2CCCN2C1=O, CC(C)[C@H]1NC(=O)[C@@H](NC(=O)c2ccc(C)c3oc4c(C)c(=O)c(N)c(C(=O)N[C@H]5[C@@H](C)OC(=O)[C@H](C(C)C)N(C)C(=O)CN(C)C(=O)[C@@H]6CCCN6C(=O)[C@H](NC5=O)C(C)C)c4nc23)[C@@H](C)OC(=O)[C@H](C(C)C)N(C)C(=O)CN(C)C(=O)[C@@H]2CCCN2C1=O","RJURFGZVJUQBHK-IIXSONLDSA-N, RJURFGZVJUQBHK-IIXSONLDSA-N",Launched
daidzein,estrogen receptor agonist,"ESRRA, ESRRB, ESRRG, TRPC5",,,"Tocris, Tocris, Enzo, Selleck, Selleck, Tocris",97.99,"Oc1ccc(cc1)-c1coc2cc(O)ccc2c1=O, Oc1ccc(cc1)-c1coc2cc(O)ccc2c1=O, Oc1ccc(cc1)-c1coc2cc(O)ccc2c1=O, Oc1ccc(cc1)-c1coc2cc(O)ccc2c1=O, Oc1ccc(cc1)-c1coc2cc(O)ccc2c1=O, Oc1ccc(cc1)-c1coc2cc(O)ccc2c1=O","ZQSIJRDFPHDXIC-UHFFFAOYSA-N, ZQSIJRDFPHDXIC-UHFFFAOYSA-N, ZQSIJRDFPHDXIC-UHFFFAOYSA-N, ZQSIJRDFPHDXIC-UHFFFAOYSA-N, ZQSIJRDFPHDXIC-UHFFFAOYSA-N, ZQSIJRDFPHDXIC-UHFFFAOYSA-N",Phase 2
daidzin,antioxidant,ALDH2,,,MedChemEx,90.05,OC[C@H]1O[C@@H](Oc2ccc3c(c2)occ(-c2ccc(O)cc2)c3=O)[C@H](O)[C@@H](O)[C@@H]1O,KYQZWONCHDNPDP-QNDFHXLGSA-N,Phase 1
dalargin,opioid receptor agonist,OPRM1,,,"InterBioScreen, InterBioScreen",79.63,"CC(C)C[C@@H](NC(=O)[C@@H](Cc1ccccc1)NC(=O)CNC(=O)[C@H](C)NC(=O)[C@@H](N)Cc1ccc(O)cc1)C(=O)N[C@H](CCCNC(N)=N)C(O)=O |a:23,41,&1:4,&2:8,&3:28|, CC(C)C[C@@H](NC(=O)[C@@H](Cc1ccccc1)NC(=O)CNC(=O)[C@H](C)NC(=O)[C@@H](N)Cc1ccc(O)cc1)C(=O)N[C@H](CCCNC(N)=N)C(O)=O |a:23,41,&1:4,&2:8,&3:28|","GDPHPXYFLPDZGH-ABDYMBPTSA-N, GDPHPXYFLPDZGH-ABDYMBPTSA-N",Phase 2
dalbavancin,bacterial cell wall synthesis inhibitor,PNLIP,infectious disease,skin infections,"MedChemEx, MedChemEx",92.67,"CN[C@@H]1c2ccc(O)c(Oc3cc(O)c(Cl)c(c3)[C@@H]3NC(=O)[C@@H](Cc4ccc(Oc5cc6cc(Oc7ccc(cc7Cl)[C@@H](O)[C@@H]7NC(=O)[C@H](NC(=O)[C@@H]6NC3=O)c3ccc(O)c(c3)-c3c(O[C@H]6O[C@H](CO)[C@@H](O)[C@H](O)[C@@H]6O)cc(O)cc3[C@H](NC7=O)C(=O)NCCCN(C)C)c5O[C@@H]3O[C@@H]([C@@H](O)[C@H](O)[C@H]3NC(=O)CCCCCCCCC(C)C)C(O)=O)cc4)NC1=O)c2, CN[C@@H]1c2ccc(O)c(Oc3cc(O)c(Cl)c(c3)[C@@H]3NC(=O)[C@@H](Cc4ccc(Oc5cc6cc(Oc7ccc(cc7Cl)[C@@H](O)[C@@H]7NC(=O)[C@H](NC(=O)[C@@H]6NC3=O)c3ccc(O)c(c3)-c3c(O[C@H]6O[C@H](CO)[C@@H](O)[C@H](O)[C@@H]6O)cc(O)cc3[C@H](NC7=O)C(=O)NCCCN(C)C)c5O[C@@H]3O[C@@H]([C@@H](O)[C@H](O)[C@H]3NC(=O)CCCCCCCCC(C)C)C(O)=O)cc4)NC1=O)c2","KGPGQDLTDHGEGT-SZUNQUCBSA-N, KGPGQDLTDHGEGT-SZUNQUCBSA-N",Launched
dalcetrapib,cholesteryl ester transfer protein inhibitor,CETP,,,"MedChemEx, Selleck, Selleck",95.55,"CCC(CC)CC1(CCCCC1)C(=O)Nc1ccccc1SC(=O)C(C)C, CCC(CC)CC1(CCCCC1)C(=O)Nc1ccccc1SC(=O)C(C)C, CCC(CC)CC1(CCCCC1)C(=O)Nc1ccccc1SC(=O)C(C)C","YZQLWPMZQVHJED-UHFFFAOYSA-N, YZQLWPMZQVHJED-UHFFFAOYSA-N, YZQLWPMZQVHJED-UHFFFAOYSA-N",Phase 3
dalfampridine,potassium channel blocker,"KCNA1, KCNA10, KCNA2, KCNA3, KCNA4, KCNA5, KCNA6, KCNA7, KCNB1, KCNB2, KCNC1, KCNC2, KCNC3, KCNC4, KCND1, KCND2, KCND3, KCNF1, KCNG1, KCNG2, KCNG3, KCNG4, KCNH1, KCNH2, KCNH3, KCNH4, KCNH5, KCNH6, KCNH7, KCNH8, KCNJ13, KCNJ5, KCNQ1, KCNQ2, KCNQ3, KCNQ4, KCNQ5, KCNS1, KCNS2, KCNS3, KCNV1, KCNV2",neurology/psychiatry,multiple sclerosis,"MicroSource, MicroSource, Tocris",97.14,"Nc1ccncc1, Nc1ccncc1, Nc1ccncc1","NUKYPUAOHBNCPY-UHFFFAOYSA-N, NUKYPUAOHBNCPY-UHFFFAOYSA-N, NUKYPUAOHBNCPY-UHFFFAOYSA-N",Launched
dalfopristin,antibacterial ,,,,MedChemEx,79.72,"[H][C@]12[C@@H](CCN1C(=O)c1coc(CC(=O)C[C@H](O)\C=C(/C)\C=C/CNC(=O)\C=C\[C@@H](C)[C@@H](OC2=O)C(C)C)n1)S(=O)(=O)CCN(CC)CC |c:19,22,t:28|",SUYRLXYYZQTJHF-FENKCRFESA-N,Preclinical
daltroban,thromboxane receptor antagonist,TBXA2R,,,Sigma,94.94,OC(=O)Cc1ccc(CCNS(=O)(=O)c2ccc(Cl)cc2)cc1,IULOBWFWYDMECP-UHFFFAOYSA-N,Phase 3
daminozide,KDM2A inhibitor,"KDM2A, KDM7A, PHF8",,,"Tocris, Tocris",100,"CN(C)NC(=O)CCC(O)=O, CN(C)NC(=O)CCC(O)=O","NOQGZXFMHARMLW-UHFFFAOYSA-N, NOQGZXFMHARMLW-UHFFFAOYSA-N",Preclinical
danazol,"estrogen receptor antagonist, progesterone receptor agonist","AR, CCL2, ESR1, GNRHR, GNRHR2, PGR","obstetrics/gynecology, cardiology","endometriosis, angioedema","MedChemEx, MedChemEx",93.15,"C[C@]12CC[C@H]3[C@@H](CCC4=Cc5oncc5C[C@]34C)[C@@H]1CC[C@@]2(O)C#C |t:8|, C[C@]12CC[C@H]3[C@@H](CCC4=Cc5oncc5C[C@]34C)[C@@H]1CC[C@@]2(O)C#C |t:8|","POZRVZJJTULAOH-LHZXLZLDSA-N, POZRVZJJTULAOH-LHZXLZLDSA-N",Launched
danegaptide,gap junction modulator,,,,"MedChemEx, MedChemEx",88.96,"NCC(=O)N1C[C@@H](C[C@H]1C(O)=O)NC(=O)c1ccccc1, NCC(=O)N1C[C@@H](C[C@H]1C(O)=O)NC(=O)c1ccccc1","BIZKIHUJGMSVFD-MNOVXSKESA-N, BIZKIHUJGMSVFD-MNOVXSKESA-N",Phase 2
danirixin,CC chemokine receptor antagonist,CXCR2,,,"MedChemEx, MedChemEx",94.48,"Cc1c(F)cccc1NC(=O)Nc1ccc(Cl)c(c1O)S(=O)(=O)[C@H]1CCCNC1, Cc1c(F)cccc1NC(=O)Nc1ccc(Cl)c(c1O)S(=O)(=O)[C@H]1CCCNC1","NGYNBSHYFOFVLS-LBPRGKRZSA-N, NGYNBSHYFOFVLS-LBPRGKRZSA-N",Phase 2
danofloxacin,bacterial DNA gyrase inhibitor,,pulmonary,bovine respiratory disease (BRD),"MedChemEx, Selleck, Selleck",95.15,"CN1C[C@@H]2C[C@H]1CN2c1cc2n(cc(C(O)=O)c(=O)c2cc1F)C1CC1, CN1C[C@@H]2C[C@H]1CN2c1cc2n(cc(C(O)=O)c(=O)c2cc1F)C1CC1, CN1C[C@@H]2C[C@H]1CN2c1cc2n(cc(C(O)=O)c(=O)c2cc1F)C1CC1","QMLVECGLEOSESV-RYUDHWBXSA-N, QMLVECGLEOSESV-RYUDHWBXSA-N, QMLVECGLEOSESV-RYUDHWBXSA-N",Launched
danoprevir,HCV inhibitor,,,,"MedChemEx, MedChemEx, Selleck",94.01,"CC(C)(C)OC(=O)N[C@H]1CCCCC\C=C/[C@@H]2C[C@]2(NC(=O)[C@@H]2C[C@H](CN2C1=O)OC(=O)N1Cc2cccc(F)c2C1)C(=O)NS(=O)(=O)C1CC1 |c:14|, CC(C)(C)OC(=O)N[C@H]1CCCCC\C=C/[C@@H]2C[C@]2(NC(=O)[C@@H]2C[C@H](CN2C1=O)OC(=O)N1Cc2cccc(F)c2C1)C(=O)NS(=O)(=O)C1CC1 |c:14|, CC(C)(C)OC(=O)N[C@H]1CCCCC\C=C/[C@@H]2C[C@]2(NC(=O)[C@@H]2C[C@H](CN2C1=O)OC(=O)N1Cc2cccc(F)c2C1)C(=O)NS(=O)(=O)C1CC1 |c:14|","ZVTDLPBHTSMEJZ-JSZLBQEHSA-N, ZVTDLPBHTSMEJZ-JSZLBQEHSA-N, ZVTDLPBHTSMEJZ-JSZLBQEHSA-N",Phase 3
dantrolene,calcium channel blocker,"RYR1, RYR3","neurology/psychiatry, endocrinology","spasms, malignant hyperthermia (MH)","MicroSource, Tocris, Tocris, Tocris",97.08,"[O-][N+](=O)c1ccc(cc1)-c1ccc(\C=N\N2CC(=O)NC2=O)o1, [O-][N+](=O)c1ccc(cc1)-c1ccc(\C=N\N2CC(=O)NC2=O)o1, [O-][N+](=O)c1ccc(cc1)-c1ccc(\C=N\N2CC(=O)NC2=O)o1, [O-][N+](=O)c1ccc(cc1)-c1ccc(\C=N\N2CC(=O)NC2=O)o1","OZOMQRBLCMDCEG-VIZOYTHASA-N, OZOMQRBLCMDCEG-VIZOYTHASA-N, OZOMQRBLCMDCEG-VIZOYTHASA-N, OZOMQRBLCMDCEG-VIZOYTHASA-N",Launched
dantron,laxative,,,,"MicroSource, MicroSource, MicroSource, MedChemEx",96.26,"Oc1cccc2C(=O)c3cccc(O)c3C(=O)c12, Oc1cccc2C(=O)c3cccc(O)c3C(=O)c12, Oc1cccc2C(=O)c3cccc(O)c3C(=O)c12, Oc1cccc2C(=O)c3cccc(O)c3C(=O)c12","QBPFLULOKWLNNW-UHFFFAOYSA-N, QBPFLULOKWLNNW-UHFFFAOYSA-N, QBPFLULOKWLNNW-UHFFFAOYSA-N, QBPFLULOKWLNNW-UHFFFAOYSA-N",Withdrawn
danusertib,"Aurora kinase inhibitor, growth factor receptor inhibitor","AURKA, AURKB, AURKC, FGFR1, NTRK1, RET, SLK",,,"Selleck, Selleck, Selleck, Selleck",93.08,"CO[C@@H](C(=O)N1Cc2n[nH]c(NC(=O)c3ccc(cc3)N3CCN(C)CC3)c2C1)c1ccccc1, CO[C@@H](C(=O)N1Cc2n[nH]c(NC(=O)c3ccc(cc3)N3CCN(C)CC3)c2C1)c1ccccc1, CO[C@@H](C(=O)N1Cc2n[nH]c(NC(=O)c3ccc(cc3)N3CCN(C)CC3)c2C1)c1ccccc1, CO[C@@H](C(=O)N1Cc2n[nH]c(NC(=O)c3ccc(cc3)N3CCN(C)CC3)c2C1)c1ccccc1","XKFTZKGMDDZMJI-HSZRJFAPSA-N, XKFTZKGMDDZMJI-HSZRJFAPSA-N, XKFTZKGMDDZMJI-HSZRJFAPSA-N, XKFTZKGMDDZMJI-HSZRJFAPSA-N",Phase 2
dapagliflozin,sodium/glucose cotransporter inhibitor,"SLC5A1, SLC5A2",endocrinology,diabetes mellitus,"MicroSource, Selleck, Selleck",98,"CCOc1ccc(Cc2cc(ccc2Cl)[C@@H]2O[C@H](CO)[C@@H](O)[C@H](O)[C@H]2O)cc1, CCOc1ccc(Cc2cc(ccc2Cl)[C@@H]2O[C@H](CO)[C@@H](O)[C@H](O)[C@H]2O)cc1, CCOc1ccc(Cc2cc(ccc2Cl)[C@@H]2O[C@H](CO)[C@@H](O)[C@H](O)[C@H]2O)cc1","JVHXJTBJCFBINQ-ADAARDCZSA-N, JVHXJTBJCFBINQ-ADAARDCZSA-N, JVHXJTBJCFBINQ-ADAARDCZSA-N",Launched
dapansutrile,anti-inflammatory agent,,,,Enamine,0,CS(=O)(=O)CCC#N,LQFRYKBDZNPJSW-UHFFFAOYSA-N,Phase 2
daphnetin,protein kinase inhibitor,,,,"Selleck, MedChemEx",96.19,"Oc1ccc2ccc(=O)oc2c1O, Oc1ccc2ccc(=O)oc2c1O","ATEFPOUAMCWAQS-UHFFFAOYSA-N, ATEFPOUAMCWAQS-UHFFFAOYSA-N",Preclinical
dapiprazole,adrenergic receptor antagonist,"ADRA1A, ADRA1B, ADRA1D",ophthalmology,mydriasis,"AvaChem, AvaChem",99.76,"Cc1ccccc1N1CCN(CCc2nnc3CCCCn23)CC1, Cc1ccccc1N1CCN(CCc2nnc3CCCCn23)CC1","RFWZESUMWJKKRN-UHFFFAOYSA-N, RFWZESUMWJKKRN-UHFFFAOYSA-N",Launched
dapivirine,non-nucleoside reverse transcriptase inhibitor,"CYP3A4, CYP3A5",,,"Selleck, Selleck, Selleck, Selleck, MedChemEx",99.06,"Cc1cc(C)c(Nc2ccnc(Nc3ccc(cc3)C#N)n2)c(C)c1, Cc1cc(C)c(Nc2ccnc(Nc3ccc(cc3)C#N)n2)c(C)c1, Cc1cc(C)c(Nc2ccnc(Nc3ccc(cc3)C#N)n2)c(C)c1, Cc1cc(C)c(Nc2ccnc(Nc3ccc(cc3)C#N)n2)c(C)c1, Cc1cc(C)c(Nc2ccnc(Nc3ccc(cc3)C#N)n2)c(C)c1","ILAYIAGXTHKHNT-UHFFFAOYSA-N, ILAYIAGXTHKHNT-UHFFFAOYSA-N, ILAYIAGXTHKHNT-UHFFFAOYSA-N, ILAYIAGXTHKHNT-UHFFFAOYSA-N, ILAYIAGXTHKHNT-UHFFFAOYSA-N",Phase 3
dapoxetine,selective serotonin reuptake inhibitor (SSRI),"HTR1A, HTR1B, HTR2C, SLC6A4",urology,premature ejaculation (PE),"Selleck, Selleck, Selleck, Selleck",99.38,"CN(C)[C@@H](CCOc1cccc2ccccc12)c1ccccc1, CN(C)[C@@H](CCOc1cccc2ccccc12)c1ccccc1, CN(C)[C@@H](CCOc1cccc2ccccc12)c1ccccc1, CN(C)[C@@H](CCOc1cccc2ccccc12)c1ccccc1","USRHYDPUVLEVMC-FQEVSTJZSA-N, USRHYDPUVLEVMC-FQEVSTJZSA-N, USRHYDPUVLEVMC-FQEVSTJZSA-N, USRHYDPUVLEVMC-FQEVSTJZSA-N",Launched
daprodustat,hypoxia inducible factor inhibitor,EGLN1,,,"MedChemEx, MedChemEx, MedChemEx",94.74,"OC(=O)CNC(=O)c1c(O)n(C2CCCCC2)c(=O)n(C2CCCCC2)c1=O, OC(=O)CNC(=O)c1c(O)n(C2CCCCC2)c(=O)n(C2CCCCC2)c1=O, OC(=O)CNC(=O)c1c(O)n(C2CCCCC2)c(=O)n(C2CCCCC2)c1=O","NVTKJBXOBFRPLQ-UHFFFAOYSA-N, NVTKJBXOBFRPLQ-UHFFFAOYSA-N, NVTKJBXOBFRPLQ-UHFFFAOYSA-N",Phase 3
dapsone,bacterial antifolate,DHFR,"dermatology, infectious disease","dermatitis herpetiformis (DH), leprosy","MedChemEx, MicroSource",98.4,"Nc1ccc(cc1)S(=O)(=O)c1ccc(N)cc1, Nc1ccc(cc1)S(=O)(=O)c1ccc(N)cc1","MQJKPEGWNLWLTK-UHFFFAOYSA-N, MQJKPEGWNLWLTK-UHFFFAOYSA-N",Launched
DAPT,gamma secretase inhibitor,,,,"Tocris, Tocris, Tocris, Tocris, Selleck",96.31,"C[C@H](NC(=O)Cc1cc(F)cc(F)c1)C(=O)N[C@H](C(=O)OC(C)(C)C)c1ccccc1, C[C@H](NC(=O)Cc1cc(F)cc(F)c1)C(=O)N[C@H](C(=O)OC(C)(C)C)c1ccccc1, C[C@H](NC(=O)Cc1cc(F)cc(F)c1)C(=O)N[C@H](C(=O)OC(C)(C)C)c1ccccc1, C[C@H](NC(=O)Cc1cc(F)cc(F)c1)C(=O)N[C@H](C(=O)OC(C)(C)C)c1ccccc1, C[C@H](NC(=O)Cc1cc(F)cc(F)c1)C(=O)N[C@H](C(=O)OC(C)(C)C)c1ccccc1","DWJXYEABWRJFSP-XOBRGWDASA-N, DWJXYEABWRJFSP-XOBRGWDASA-N, DWJXYEABWRJFSP-XOBRGWDASA-N, DWJXYEABWRJFSP-XOBRGWDASA-N, DWJXYEABWRJFSP-XOBRGWDASA-N",Preclinical
daptomycin,bacterial cell wall synthesis inhibitor,,infectious disease,"skin infections, endocarditis",MedChemEx,74.27,[H][C@]1(CO)NC(=O)CNC(=O)[C@H](CC(O)=O)NC(=O)[C@@H](C)NC(=O)[C@]([H])(CC(O)=O)NC(=O)[C@H](CCCN)NC(=O)CNC(=O)[C@@H](NC(=O)[C@H](CC(O)=O)NC(=O)[C@@H](CC(N)=O)NC(=O)[C@H](Cc2c[nH]c3ccccc23)NC(=O)CCCCCCCCC)[C@@H](C)OC(=O)[C@]([H])(CC(=O)c2ccccc2N)NC(=O)[C@@]([H])(NC1=O)[C@H](C)CC(O)=O,DOAKLVKFURWEDJ-QCMAZARJSA-N,Launched
darapladib,phospholipase inhibitor,PLA2G7,,,"MedChemEx, MedChemEx, MedChemEx, MedChemEx, MedChemEx, MedChemEx, MedChemEx, MedChemEx",97.95,"CCN(CC)CCN(Cc1ccc(cc1)-c1ccc(cc1)C(F)(F)F)C(=O)Cn1c2CCCc2c(=O)nc1SCc1ccc(F)cc1, CCN(CC)CCN(Cc1ccc(cc1)-c1ccc(cc1)C(F)(F)F)C(=O)Cn1c2CCCc2c(=O)nc1SCc1ccc(F)cc1, CCN(CC)CCN(Cc1ccc(cc1)-c1ccc(cc1)C(F)(F)F)C(=O)Cn1c2CCCc2c(=O)nc1SCc1ccc(F)cc1, CCN(CC)CCN(Cc1ccc(cc1)-c1ccc(cc1)C(F)(F)F)C(=O)Cn1c2CCCc2c(=O)nc1SCc1ccc(F)cc1, CCN(CC)CCN(Cc1ccc(cc1)-c1ccc(cc1)C(F)(F)F)C(=O)Cn1c2CCCc2c(=O)nc1SCc1ccc(F)cc1, CCN(CC)CCN(Cc1ccc(cc1)-c1ccc(cc1)C(F)(F)F)C(=O)Cn1c2CCCc2c(=O)nc1SCc1ccc(F)cc1, CCN(CC)CCN(Cc1ccc(cc1)-c1ccc(cc1)C(F)(F)F)C(=O)Cn1c2CCCc2c(=O)nc1SCc1ccc(F)cc1, CCN(CC)CCN(Cc1ccc(cc1)-c1ccc(cc1)C(F)(F)F)C(=O)Cn1c2CCCc2c(=O)nc1SCc1ccc(F)cc1","WDPFJWLDPVQCAJ-UHFFFAOYSA-N, WDPFJWLDPVQCAJ-UHFFFAOYSA-N, WDPFJWLDPVQCAJ-UHFFFAOYSA-N, WDPFJWLDPVQCAJ-UHFFFAOYSA-N, WDPFJWLDPVQCAJ-UHFFFAOYSA-N, WDPFJWLDPVQCAJ-UHFFFAOYSA-N, WDPFJWLDPVQCAJ-UHFFFAOYSA-N, WDPFJWLDPVQCAJ-UHFFFAOYSA-N",Phase 3
darglitazone,PPAR receptor antagonist,PPARG,,,"Cayman, Cayman",96.47,"Cc1oc(nc1CCC(=O)c1ccc(CC2SC(=O)NC2=O)cc1)-c1ccccc1, Cc1oc(nc1CCC(=O)c1ccc(CC2SC(=O)NC2=O)cc1)-c1ccccc1","QQKNSPHAFATFNQ-UHFFFAOYSA-N, QQKNSPHAFATFNQ-UHFFFAOYSA-N",Phase 2
darifenacin,acetylcholine receptor antagonist,"CHRM1, CHRM2, CHRM3, CHRM4, CHRM5",urology,urinary incontinence,"MedChemEx, MicroSource, Selleck",98.26,"NC(=O)C([C@@H]1CCN(CCc2ccc3OCCc3c2)C1)(c1ccccc1)c1ccccc1, NC(=O)C([C@@H]1CCN(CCc2ccc3OCCc3c2)C1)(c1ccccc1)c1ccccc1, NC(=O)C([C@@H]1CCN(CCc2ccc3OCCc3c2)C1)(c1ccccc1)c1ccccc1","HXGBXQDTNZMWGS-RUZDIDTESA-N, HXGBXQDTNZMWGS-RUZDIDTESA-N, HXGBXQDTNZMWGS-RUZDIDTESA-N",Launched
darolutamide,androgen receptor antagonist,AR,oncology,prostate cancer,"MedChemEx, Selleck",98.62,"C[C@@H](Cn1ccc(n1)-c1ccc(C#N)c(Cl)c1)NC(=O)c1cc(n[nH]1)[C@@H](C)O |a:1,&1:25|, C[C@@H](Cn1ccc(n1)-c1ccc(C#N)c(Cl)c1)NC(=O)c1cc(n[nH]1)[C@@H](C)O |a:1,&1:25|","BLIJXOOIHRSQRB-NWDGAFQWSA-N, BLIJXOOIHRSQRB-NWDGAFQWSA-N",Launched
darunavir,HIV protease inhibitor,CYP3A4,infectious disease,human immunodeficiency virus (HIV-1),"Selleck, Selleck, Selleck, MedChemEx, MedChemEx",98.7,"CC(C)CN(C[C@@H](O)[C@H](Cc1ccccc1)NC(=O)O[C@H]1CO[C@H]2OCC[C@@H]12)S(=O)(=O)c1ccc(N)cc1, CC(C)CN(C[C@@H](O)[C@H](Cc1ccccc1)NC(=O)O[C@H]1CO[C@H]2OCC[C@@H]12)S(=O)(=O)c1ccc(N)cc1, CC(C)CN(C[C@@H](O)[C@H](Cc1ccccc1)NC(=O)O[C@H]1CO[C@H]2OCC[C@@H]12)S(=O)(=O)c1ccc(N)cc1, CC(C)CN(C[C@@H](O)[C@H](Cc1ccccc1)NC(=O)O[C@H]1CO[C@H]2OCC[C@@H]12)S(=O)(=O)c1ccc(N)cc1, CC(C)CN(C[C@@H](O)[C@H](Cc1ccccc1)NC(=O)O[C@H]1CO[C@H]2OCC[C@@H]12)S(=O)(=O)c1ccc(N)cc1","CJBJHOAVZSMMDJ-HEXNFIEUSA-N, CJBJHOAVZSMMDJ-HEXNFIEUSA-N, CJBJHOAVZSMMDJ-HEXNFIEUSA-N, CJBJHOAVZSMMDJ-HEXNFIEUSA-N, CJBJHOAVZSMMDJ-HEXNFIEUSA-N",Launched
darusentan,endothelin receptor antagonist,EDNRA,,,"Key, Key",98.96,"COc1cc(OC)nc(O[C@H](C(O)=O)C(OC)(c2ccccc2)c2ccccc2)n1, COc1cc(OC)nc(O[C@H](C(O)=O)C(OC)(c2ccccc2)c2ccccc2)n1","FEJVSJIALLTFRP-LJQANCHMSA-N, FEJVSJIALLTFRP-LJQANCHMSA-N",Phase 3
dasabuvir,HCV inhibitor,,infectious disease,hepatitis C,"MedChemEx, MedChemEx, MedChemEx, MedChemEx, MedChemEx",92.69,"COc1c(cc(cc1C(C)(C)C)-n1ccc(=O)[nH]c1=O)-c1ccc2cc(NS(C)(=O)=O)ccc2c1, COc1c(cc(cc1C(C)(C)C)-n1ccc(=O)[nH]c1=O)-c1ccc2cc(NS(C)(=O)=O)ccc2c1, COc1c(cc(cc1C(C)(C)C)-n1ccc(=O)[nH]c1=O)-c1ccc2cc(NS(C)(=O)=O)ccc2c1, COc1c(cc(cc1C(C)(C)C)-n1ccc(=O)[nH]c1=O)-c1ccc2cc(NS(C)(=O)=O)ccc2c1, COc1c(cc(cc1C(C)(C)C)-n1ccc(=O)[nH]c1=O)-c1ccc2cc(NS(C)(=O)=O)ccc2c1","NBRBXGKOEOGLOI-UHFFFAOYSA-N, NBRBXGKOEOGLOI-UHFFFAOYSA-N, NBRBXGKOEOGLOI-UHFFFAOYSA-N, NBRBXGKOEOGLOI-UHFFFAOYSA-N, NBRBXGKOEOGLOI-UHFFFAOYSA-N",Launched
dasatinib,"Bcr-Abl kinase inhibitor, ephrin inhibitor, KIT inhibitor, PDGFR tyrosine kinase receptor inhibitor, SRC inhibitor, tyrosine kinase inhibitor","ABL1, ABL2, BLK, EPHA2, FGR, FRK, FYN, HCK, KIT, LCK, LYN, PDGFRB, SRC, SRMS, STAT5B, YES1",hematologic malignancy,"chronic myeloid leukemia (CML), acute lymphoblastic leukemia (ALL)","Selleck, Selleck, Selleck, Selleck",97.6,"Cc1nc(Nc2ncc(s2)C(=O)Nc2c(C)cccc2Cl)cc(n1)N1CCN(CCO)CC1, Cc1nc(Nc2ncc(s2)C(=O)Nc2c(C)cccc2Cl)cc(n1)N1CCN(CCO)CC1, Cc1nc(Nc2ncc(s2)C(=O)Nc2c(C)cccc2Cl)cc(n1)N1CCN(CCO)CC1, Cc1nc(Nc2ncc(s2)C(=O)Nc2c(C)cccc2Cl)cc(n1)N1CCN(CCO)CC1","ZBNZXTGUTAYRHI-UHFFFAOYSA-N, ZBNZXTGUTAYRHI-UHFFFAOYSA-N, ZBNZXTGUTAYRHI-UHFFFAOYSA-N, ZBNZXTGUTAYRHI-UHFFFAOYSA-N",Launched
dasotraline,dopamine-norepinephrine-serotonin reuptake inhibitor,,,,MedChemEx,97.59,N[C@@H]1CC[C@@H](c2ccc(Cl)c(Cl)c2)c2ccccc12,SRPXSILJHWNFMK-MEDUHNTESA-N,Phase 3
DAU-5884,acetylcholine receptor antagonist,CHRM3,,,"Tocris, Tocris, Tocris",97.49,"CN1[C@H]2CC[C@@H]1C[C@@H](C2)OC(=O)N1Cc2ccccc2NC1=O, CN1[C@H]2CC[C@@H]1C[C@@H](C2)OC(=O)N1Cc2ccccc2NC1=O, CN1[C@H]2CC[C@@H]1C[C@@H](C2)OC(=O)N1Cc2ccccc2NC1=O","NWXCDQHBVVPPTL-WDNDVIMCSA-N, NWXCDQHBVVPPTL-WDNDVIMCSA-N, NWXCDQHBVVPPTL-WDNDVIMCSA-N",Preclinical
daucosterol,apoptosis stimulant,,,,MedChemEx,89.9,CC[C@H](CC[C@@H](C)[C@H]1CC[C@H]2[C@@H]3CC=C4C[C@H](CC[C@]4(C)[C@H]3CC[C@]12C)O[C@@H]1O[C@H](CO)[C@@H](O)[C@H](O)[C@H]1O)C(C)C |t:13|,NPJICTMALKLTFW-OFUAXYCQSA-N,Phase 2
daunorubicin,"RNA synthesis inhibitor, topoisomerase inhibitor","TOP2A, TOP2B",hematologic malignancy,"acute myeloid leukemia (AML), acute lymphoblastic leukemia (ALL)","MicroSource, MicroSource, MicroSource, Selleck, Selleck, Selleck, Selleck, Selleck, Selleck, Tocris, Selleck, Selleck, Selleck, Selleck",95.52,"COc1cccc2C(=O)c3c(O)c4C[C@](O)(C[C@H](O[C@H]5C[C@H](N)[C@H](O)[C@H](C)O5)c4c(O)c3C(=O)c12)C(C)=O, COc1cccc2C(=O)c3c(O)c4C[C@](O)(C[C@H](O[C@H]5C[C@H](N)[C@H](O)[C@H](C)O5)c4c(O)c3C(=O)c12)C(C)=O, COc1cccc2C(=O)c3c(O)c4C[C@](O)(C[C@H](O[C@H]5C[C@H](N)[C@H](O)[C@H](C)O5)c4c(O)c3C(=O)c12)C(C)=O, COc1cccc2C(=O)c3c(O)c4C[C@](O)(C[C@H](O[C@H]5C[C@H](N)[C@H](O)[C@H](C)O5)c4c(O)c3C(=O)c12)C(C)=O, COc1cccc2C(=O)c3c(O)c4C[C@](O)(C[C@H](O[C@H]5C[C@H](N)[C@H](O)[C@H](C)O5)c4c(O)c3C(=O)c12)C(C)=O, COc1cccc2C(=O)c3c(O)c4C[C@](O)(C[C@H](O[C@H]5C[C@H](N)[C@H](O)[C@H](C)O5)c4c(O)c3C(=O)c12)C(C)=O, COc1cccc2C(=O)c3c(O)c4C[C@](O)(C[C@H](O[C@H]5C[C@H](N)[C@H](O)[C@H](C)O5)c4c(O)c3C(=O)c12)C(C)=O, COc1cccc2C(=O)c3c(O)c4C[C@](O)(C[C@H](O[C@H]5C[C@H](N)[C@H](O)[C@H](C)O5)c4c(O)c3C(=O)c12)C(C)=O, COc1cccc2C(=O)c3c(O)c4C[C@](O)(C[C@H](O[C@H]5C[C@H](N)[C@H](O)[C@H](C)O5)c4c(O)c3C(=O)c12)C(C)=O, COc1cccc2C(=O)c3c(O)c4C[C@](O)(C[C@H](O[C@H]5C[C@H](N)[C@H](O)[C@H](C)O5)c4c(O)c3C(=O)c12)C(C)=O, COc1cccc2C(=O)c3c(O)c4C[C@](O)(C[C@H](O[C@H]5C[C@H](N)[C@H](O)[C@H](C)O5)c4c(O)c3C(=O)c12)C(C)=O, COc1cccc2C(=O)c3c(O)c4C[C@](O)(C[C@H](O[C@H]5C[C@H](N)[C@H](O)[C@H](C)O5)c4c(O)c3C(=O)c12)C(C)=O, COc1cccc2C(=O)c3c(O)c4C[C@](O)(C[C@H](O[C@H]5C[C@H](N)[C@H](O)[C@H](C)O5)c4c(O)c3C(=O)c12)C(C)=O, COc1cccc2C(=O)c3c(O)c4C[C@](O)(C[C@H](O[C@H]5C[C@H](N)[C@H](O)[C@H](C)O5)c4c(O)c3C(=O)c12)C(C)=O","STQGQHZAVUOBTE-VGBVRHCVSA-N, STQGQHZAVUOBTE-VGBVRHCVSA-N, STQGQHZAVUOBTE-VGBVRHCVSA-N, STQGQHZAVUOBTE-VGBVRHCVSA-N, STQGQHZAVUOBTE-VGBVRHCVSA-N, STQGQHZAVUOBTE-VGBVRHCVSA-N, STQGQHZAVUOBTE-VGBVRHCVSA-N, STQGQHZAVUOBTE-VGBVRHCVSA-N, STQGQHZAVUOBTE-VGBVRHCVSA-N, STQGQHZAVUOBTE-VGBVRHCVSA-N, STQGQHZAVUOBTE-VGBVRHCVSA-N, STQGQHZAVUOBTE-VGBVRHCVSA-N, STQGQHZAVUOBTE-VGBVRHCVSA-N, STQGQHZAVUOBTE-VGBVRHCVSA-N",Launched
dazmegrel,thromboxane synthase inhibitor,TBXAS1,,,Vitas-M,98.91,Cc1c(Cn2ccnc2)c2ccccc2n1CCC(O)=O,DEQLGSOHGTZKFB-UHFFFAOYSA-N,Phase 2
dazoxiben,thromboxane synthase inhibitor,TBXAS1,,,AKSci,95.24,OC(=O)c1ccc(OCCn2ccnc2)cc1,XQGZSYKGWHUSDH-UHFFFAOYSA-N,Phase 2
DBeQ,ATPase inhibitor,CASP3,,,"Tocris, Selleck, Selleck, Selleck",96.56,"C(Nc1nc(NCc2ccccc2)c2ccccc2n1)c1ccccc1, C(Nc1nc(NCc2ccccc2)c2ccccc2n1)c1ccccc1, C(Nc1nc(NCc2ccccc2)c2ccccc2n1)c1ccccc1, C(Nc1nc(NCc2ccccc2)c2ccccc2n1)c1ccccc1","QAIMUUJJAJBPCL-UHFFFAOYSA-N, QAIMUUJJAJBPCL-UHFFFAOYSA-N, QAIMUUJJAJBPCL-UHFFFAOYSA-N, QAIMUUJJAJBPCL-UHFFFAOYSA-N",Preclinical
DBPR-211,cannabinoid receptor antagonist,,,,AMS,95.16,FC(F)(F)c1ccc(cc1)C#Cc1ccc(s1)-c1c(CNS(=O)(=O)N2CCCC2)c(nn1-c1ccc(Cl)cc1Cl)C(=O)NN1CCCCC1,KAIYFJUWIBTYPK-UHFFFAOYSA-N,Preclinical
DBPR108,dipeptidyl peptidase inhibitor,DPP4,,,"MedChemEx, MedChemEx, MedChemEx",95.35,"CC(C)(CC(=O)N1CCCC1)NCC(=O)N1C[C@@H](F)C[C@H]1C#N, CC(C)(CC(=O)N1CCCC1)NCC(=O)N1C[C@@H](F)C[C@H]1C#N, CC(C)(CC(=O)N1CCCC1)NCC(=O)N1C[C@@H](F)C[C@H]1C#N","VQKSCYBKUIDZEI-STQMWFEESA-N, VQKSCYBKUIDZEI-STQMWFEESA-N, VQKSCYBKUIDZEI-STQMWFEESA-N",Phase 1
DC-260126,free fatty acid receptor antagonist,FFAR1,,,"Tocris, Tocris, Tocris",95.9,"CCCCc1ccc(NS(=O)(=O)c2ccc(F)cc2)cc1, CCCCc1ccc(NS(=O)(=O)c2ccc(F)cc2)cc1, CCCCc1ccc(NS(=O)(=O)c2ccc(F)cc2)cc1","CNGHPXKWPGIDSK-UHFFFAOYSA-N, CNGHPXKWPGIDSK-UHFFFAOYSA-N, CNGHPXKWPGIDSK-UHFFFAOYSA-N",Preclinical
DCC-2618,"KIT inhibitor, PDGFR tyrosine kinase receptor inhibitor","KIT, PDGFRA",,,"MedChemEx, MedChemEx",98.4,"Cn1cc(cn1)-c1cc(Oc2cc(F)c(NC(=O)C3(CC3)C(=O)Nc3ccccc3)cc2F)ccn1, Cn1cc(cn1)-c1cc(Oc2cc(F)c(NC(=O)C3(CC3)C(=O)Nc3ccccc3)cc2F)ccn1","WWOXKWLDMLMYQY-UHFFFAOYSA-N, WWOXKWLDMLMYQY-UHFFFAOYSA-N",Phase 1
DCEBIO,potassium channel activator,"KCNN2, KCNN3, KCNN4",,,"Tocris, Tocris, Tocris, Tocris, Tocris, Tocris, Tocris",99.81,"CCn1c2cc(Cl)c(Cl)cc2[nH]c1=O, CCn1c2cc(Cl)c(Cl)cc2[nH]c1=O, CCn1c2cc(Cl)c(Cl)cc2[nH]c1=O, CCn1c2cc(Cl)c(Cl)cc2[nH]c1=O, CCn1c2cc(Cl)c(Cl)cc2[nH]c1=O, CCn1c2cc(Cl)c(Cl)cc2[nH]c1=O, CCn1c2cc(Cl)c(Cl)cc2[nH]c1=O","LKHRMULASXZCLG-UHFFFAOYSA-N, LKHRMULASXZCLG-UHFFFAOYSA-N, LKHRMULASXZCLG-UHFFFAOYSA-N, LKHRMULASXZCLG-UHFFFAOYSA-N, LKHRMULASXZCLG-UHFFFAOYSA-N, LKHRMULASXZCLG-UHFFFAOYSA-N, LKHRMULASXZCLG-UHFFFAOYSA-N",Preclinical
DCP-LA,protein kinase activator,,,,MedChemEx,100,"CCCCC[C@H]1C[C@H]1C[C@H]1C[C@H]1CCCCCCCC(O)=O |&1:11,&2:9,&3:7,&4:5,r|",CONYTTFKIUJZOF-ZSYWTGECSA-N,Preclinical
DCPIB,"chloride channel blocker, gap junction modulator, glutamate inhibitor",SLC1A2,,,Tocris,88.14,"CCCC[C@]1(Cc2cc(OCCCC(O)=O)c(Cl)c(Cl)c2C1=O)C1CCCC1 |&1:4,r|",KHKGTPJPBOQECW-QFIPXVFZSA-N,Preclinical
DDR1-IN-1,discoidin domain receptor inhibitor,"DDR1, DDR2",,,"Tocris, Tocris",96.23,"CCN1CCN(Cc2ccc(cc2C(F)(F)F)C(=O)Nc2ccc(C)c(Oc3ccc4NC(=O)Cc4c3)c2)CC1, CCN1CCN(Cc2ccc(cc2C(F)(F)F)C(=O)Nc2ccc(C)c(Oc3ccc4NC(=O)Cc4c3)c2)CC1","AOZPVMOOEJAZGK-UHFFFAOYSA-N, AOZPVMOOEJAZGK-UHFFFAOYSA-N",Preclinical
deazaguanine,DNA synthesis inhibitor,,,,Sigma,73,Nc1cc2[nH]cnc2c(O)n1,KXBCLNRMQPRVTP-UHFFFAOYSA-N,Preclinical
Debio-0932,HSP inhibitor,,,,MedChemEx,94.04,CN(C)c1cc2OCOc2cc1Sc1nc2c(N)nccc2n1CCNCC(C)(C)C,RVJIQAYFTOPTKK-UHFFFAOYSA-N,Phase 1
debrisoquin,adrenergic neuron blocker,SLC6A2,cardiology,hypertension,"PrincetonBio, MicroSource, MicroSource",80.31,"NC(=N)N1CCc2ccccc2C1, NC(=N)N1CCc2ccccc2C1, NC(=N)N1CCc2ccccc2C1","JWPGJSVJDAJRLW-UHFFFAOYSA-N, JWPGJSVJDAJRLW-UHFFFAOYSA-N, JWPGJSVJDAJRLW-UHFFFAOYSA-N",Launched
decamethonium,acetylcholine receptor agonist,"ACHE, CHRNA2",neurology/psychiatry,muscle relaxant,"MedChemEx, MedChemEx, MicroSource, Selleck",99.47,"C[N+](C)(C)CCCCCCCCCC[N+](C)(C)C, C[N+](C)(C)CCCCCCCCCC[N+](C)(C)C, C[N+](C)(C)CCCCCCCCCC[N+](C)(C)C, C[N+](C)(C)CCCCCCCCCC[N+](C)(C)C","MTCUAOILFDZKCO-UHFFFAOYSA-N, MTCUAOILFDZKCO-UHFFFAOYSA-N, MTCUAOILFDZKCO-UHFFFAOYSA-N, MTCUAOILFDZKCO-UHFFFAOYSA-N",Launched
decamethoxine,antiseptic,,,,Innovapharm,0,"CC(C)[C@H]1CC[C@H](C)C[C@@H]1OC(=O)C[N+](C)(C)CCCCCCCCCC[N+](C)(C)CC(=O)O[C@H]1C[C@H](C)CC[C@@H]1C(C)C |&1:40,&2:36,&3:34,&4:9,&5:6,&6:3|",ZADGGFKUEYIBJC-BPBUSIJASA-N,Phase 2
decernotinib,JAK inhibitor,JAK3,,,"MedChemEx, MedChemEx",97.54,"CC[C@@](C)(Nc1ccnc(n1)-c1c[nH]c2ncccc12)C(=O)NCC(F)(F)F |&1:2,r|, CC[C@@](C)(Nc1ccnc(n1)-c1c[nH]c2ncccc12)C(=O)NCC(F)(F)F |&1:2,r|","ASUGUQWIHMTFJL-QGZVFWFLSA-N, ASUGUQWIHMTFJL-QGZVFWFLSA-N",Phase 2/Phase 3
decitabine,DNA methyltransferase inhibitor,"DNMT1, DNMT3A","hematologic malignancy, hematology","myelodysplastic diseases (MDS), anemia, chronic myeloid leukemia (CML)","Tocris, Tocris, Tocris, Tocris, Selleck, Selleck",100,"Nc1ncn([C@H]2C[C@H](O)[C@@H](CO)O2)c(=O)n1, Nc1ncn([C@H]2C[C@H](O)[C@@H](CO)O2)c(=O)n1, Nc1ncn([C@H]2C[C@H](O)[C@@H](CO)O2)c(=O)n1, Nc1ncn([C@H]2C[C@H](O)[C@@H](CO)O2)c(=O)n1, Nc1ncn([C@H]2C[C@H](O)[C@@H](CO)O2)c(=O)n1, Nc1ncn([C@H]2C[C@H](O)[C@@H](CO)O2)c(=O)n1","XAUDJQYHKZQPEU-KVQBGUIXSA-N, XAUDJQYHKZQPEU-KVQBGUIXSA-N, XAUDJQYHKZQPEU-KVQBGUIXSA-N, XAUDJQYHKZQPEU-KVQBGUIXSA-N, XAUDJQYHKZQPEU-KVQBGUIXSA-N, XAUDJQYHKZQPEU-KVQBGUIXSA-N",Launched
declopramide,cell cycle inhibitor,,,,Enamine,93.64,CCN(CC)CCNC(=O)c1ccc(N)c(Cl)c1,YEYAKZXEBSVURO-UHFFFAOYSA-N,Preclinical
decloxizine,histamine receptor antagonist,,,,MedChemEx,94.56,OCCOCCN1CCN(CC1)C(c1ccccc1)c1ccccc1,OXBBIHZWNDPBMQ-UHFFFAOYSA-N,Preclinical
decoquinate,antiprotozoal agent,,infectious disease,coccidiosis,"MicroSource, MedChemEx, MedChemEx, Selleck, Selleck",100,"CCCCCCCCCCOc1cc2c(cc1OCC)[nH]cc(C(=O)OCC)c2=O, CCCCCCCCCCOc1cc2c(cc1OCC)[nH]cc(C(=O)OCC)c2=O, CCCCCCCCCCOc1cc2c(cc1OCC)[nH]cc(C(=O)OCC)c2=O, CCCCCCCCCCOc1cc2c(cc1OCC)[nH]cc(C(=O)OCC)c2=O, CCCCCCCCCCOc1cc2c(cc1OCC)[nH]cc(C(=O)OCC)c2=O","JHAYEQICABJSTP-UHFFFAOYSA-N, JHAYEQICABJSTP-UHFFFAOYSA-N, JHAYEQICABJSTP-UHFFFAOYSA-N, JHAYEQICABJSTP-UHFFFAOYSA-N, JHAYEQICABJSTP-UHFFFAOYSA-N",Launched
defactinib,focal adhesion kinase inhibitor,PTK2,,,"MedChemEx, MedChemEx, MedChemEx, MedChemEx, MedChemEx, MedChemEx, MedChemEx, MedChemEx, MedChemEx, MedChemEx",98.24,"CNC(=O)c1ccc(Nc2ncc(c(NCc3nccnc3N(C)S(C)(=O)=O)n2)C(F)(F)F)cc1, CNC(=O)c1ccc(Nc2ncc(c(NCc3nccnc3N(C)S(C)(=O)=O)n2)C(F)(F)F)cc1, CNC(=O)c1ccc(Nc2ncc(c(NCc3nccnc3N(C)S(C)(=O)=O)n2)C(F)(F)F)cc1, CNC(=O)c1ccc(Nc2ncc(c(NCc3nccnc3N(C)S(C)(=O)=O)n2)C(F)(F)F)cc1, CNC(=O)c1ccc(Nc2ncc(c(NCc3nccnc3N(C)S(C)(=O)=O)n2)C(F)(F)F)cc1, CNC(=O)c1ccc(Nc2ncc(c(NCc3nccnc3N(C)S(C)(=O)=O)n2)C(F)(F)F)cc1, CNC(=O)c1ccc(Nc2ncc(c(NCc3nccnc3N(C)S(C)(=O)=O)n2)C(F)(F)F)cc1, CNC(=O)c1ccc(Nc2ncc(c(NCc3nccnc3N(C)S(C)(=O)=O)n2)C(F)(F)F)cc1, CNC(=O)c1ccc(Nc2ncc(c(NCc3nccnc3N(C)S(C)(=O)=O)n2)C(F)(F)F)cc1, CNC(=O)c1ccc(Nc2ncc(c(NCc3nccnc3N(C)S(C)(=O)=O)n2)C(F)(F)F)cc1","FWLMVFUGMHIOAA-UHFFFAOYSA-N, FWLMVFUGMHIOAA-UHFFFAOYSA-N, FWLMVFUGMHIOAA-UHFFFAOYSA-N, FWLMVFUGMHIOAA-UHFFFAOYSA-N, FWLMVFUGMHIOAA-UHFFFAOYSA-N, FWLMVFUGMHIOAA-UHFFFAOYSA-N, FWLMVFUGMHIOAA-UHFFFAOYSA-N, FWLMVFUGMHIOAA-UHFFFAOYSA-N, FWLMVFUGMHIOAA-UHFFFAOYSA-N, FWLMVFUGMHIOAA-UHFFFAOYSA-N",Phase 2
deferasirox,chelating agent,CYP3A4,hematology,"transfusional hemosiderosis, thalassemia, iron overload","Selleck, Selleck, Selleck, MedChemEx",98.55,"OC(=O)c1ccc(cc1)-n1nc(nc1-c1ccccc1O)-c1ccccc1O, OC(=O)c1ccc(cc1)-n1nc(nc1-c1ccccc1O)-c1ccccc1O, OC(=O)c1ccc(cc1)-n1nc(nc1-c1ccccc1O)-c1ccccc1O, OC(=O)c1ccc(cc1)-n1nc(nc1-c1ccccc1O)-c1ccccc1O","BOFQWVMAQOTZIW-UHFFFAOYSA-N, BOFQWVMAQOTZIW-UHFFFAOYSA-N, BOFQWVMAQOTZIW-UHFFFAOYSA-N, BOFQWVMAQOTZIW-UHFFFAOYSA-N",Launched
deferasirox-iron-chelate,,,,,MedChemEx,0.45,OC(=O)c1ccc(cc1)-n1nc-2nc1-c1ccccc1O[Fe]Oc1ccccc-21,XLHBYAVMDSNIEM-UHFFFAOYSA-L,Launched
deferiprone,chelating agent,UGT1A6,hematology,"transfusional hemosiderosis, thalassemia, iron overload","MedChemEx, MicroSource, Selleck",98.95,"Cc1c(O)c(=O)ccn1C, Cc1c(O)c(=O)ccn1C, Cc1c(O)c(=O)ccn1C","TZXKOCQBRNJULO-UHFFFAOYSA-N, TZXKOCQBRNJULO-UHFFFAOYSA-N, TZXKOCQBRNJULO-UHFFFAOYSA-N",Launched
deferoxamine-mesylate,chelating agent,,hematology,"acute iron intoxication, iron overload","Sigma, MicroSource, MedChemEx",95.48,"CC(=O)N(O)CCCCCNC(=O)CCC(=O)N(O)CCCCCNC(=O)CCC(=O)N(O)CCCCCN, CC(=O)N(O)CCCCCNC(=O)CCC(=O)N(O)CCCCCNC(=O)CCC(=O)N(O)CCCCCN, CC(=O)N(O)CCCCCNC(=O)CCC(=O)N(O)CCCCCNC(=O)CCC(=O)N(O)CCCCCN","UBQYURCVBFRUQT-UHFFFAOYSA-N, UBQYURCVBFRUQT-UHFFFAOYSA-N, UBQYURCVBFRUQT-UHFFFAOYSA-N",Launched
deflazacort,glucocorticoid receptor agonist,NR3C1,rheumatology,joint inflammation,MedChemEx,96,"CC(=O)OCC(=O)[C@@]12N=C(C)O[C@@H]1C[C@H]1[C@@H]3CCC4=CC(=O)C=C[C@]4(C)[C@H]3[C@@H](O)C[C@]21C |c:23,t:8,19|",FBHSPRKOSMHSIF-GRMWVWQJSA-N,Launched
deforolimus,mTOR inhibitor,MTOR,,,"Selleck, Selleck, Selleck",89.39,"CO[C@@H]1C[C@H](C[C@@H](C)[C@@H]2CC(=O)[C@H](C)\C=C(C)\[C@@H](O)[C@@H](OC)C(=O)[C@H](C)C[C@H](C)\C=C\C=C\C=C(C)\[C@H](C[C@@H]3CC[C@@H](C)[C@@](O)(O3)C(=O)C(=O)N3CCCC[C@H]3C(=O)O2)OC)CC[C@H]1OP(C)(C)=O |c:14,33,t:29,31|, CO[C@@H]1C[C@H](C[C@@H](C)[C@@H]2CC(=O)[C@H](C)\C=C(C)\[C@@H](O)[C@@H](OC)C(=O)[C@H](C)C[C@H](C)\C=C\C=C\C=C(C)\[C@H](C[C@@H]3CC[C@@H](C)[C@@](O)(O3)C(=O)C(=O)N3CCCC[C@H]3C(=O)O2)OC)CC[C@H]1OP(C)(C)=O |c:14,33,t:29,31|, CO[C@@H]1C[C@H](C[C@@H](C)[C@@H]2CC(=O)[C@H](C)\C=C(C)\[C@@H](O)[C@@H](OC)C(=O)[C@H](C)C[C@H](C)\C=C\C=C\C=C(C)\[C@H](C[C@@H]3CC[C@@H](C)[C@@](O)(O3)C(=O)C(=O)N3CCCC[C@H]3C(=O)O2)OC)CC[C@H]1OP(C)(C)=O |c:14,33,t:29,31|","BUROJSBIWGDYCN-LKLUGXJSSA-N, BUROJSBIWGDYCN-LKLUGXJSSA-N, BUROJSBIWGDYCN-LKLUGXJSSA-N",Phase 3
degarelix,gonadotropin releasing factor hormone receptor antagonist,GNRHR,oncology,prostate cancer,MedChemEx,93.66,CC(C)C[C@H](NC(=O)[C@@H](Cc1ccc(NC(N)=O)cc1)NC(=O)[C@H](Cc1ccc(NC(=O)[C@@H]2CC(=O)NC(=O)N2)cc1)NC(=O)[C@H](CO)NC(=O)[C@@H](Cc1cccnc1)NC(=O)[C@@H](Cc1ccc(Cl)cc1)NC(=O)[C@@H](Cc1ccc2ccccc2c1)NC(C)=O)C(=O)N[C@@H](CCCCNC(C)C)C(=O)N1CCC[C@H]1C(=O)N[C@H](C)C(N)=O,MEUCPCLKGZSHTA-XYAYPHGZSA-N,Launched
dehydroacetic-acid,,,,,"MicroSource, MedChemEx",86.69,"CC(=O)c1c(O)cc(C)oc1=O, CC(=O)c1c(O)cc(C)oc1=O","PKLPQOJFHFGVBS-UHFFFAOYSA-N, PKLPQOJFHFGVBS-UHFFFAOYSA-N",Preclinical
dehydrocholate,,,,,MicroSource,85.01,"C[C@H](CCC(O)=O)[C@H]1CC[C@H]2[C@H]3[C@@H](CC(=O)[C@]12C)[C@@]1(C)CCC(=O)C[C@@H]1CC3=O |a:1,7,16,18,&1:10,&2:11,&3:12,&4:25|",OHXPGWPVLFPUSM-IVFZZBRKSA-N,Preclinical
dehydrocholate-acid,,,,,"MedChemEx, MedChemEx",79.34,"C[C@H](CCC(O)=O)[C@H]1CC[C@H]2[C@H]3[C@H](CC(=O)[C@]12C)[C@@]1(C)CCC(=O)C[C@H]1CC3=O, C[C@H](CCC(O)=O)[C@H]1CC[C@H]2[C@H]3[C@H](CC(=O)[C@]12C)[C@@]1(C)CCC(=O)C[C@H]1CC3=O","OHXPGWPVLFPUSM-KLRNGDHRSA-N, OHXPGWPVLFPUSM-KLRNGDHRSA-N",Preclinical
dehydrocorydaline,acetylcholinesterase inhibitor,ACHE,,,"MedChemEx, MedChemEx, MedChemEx",91.32,"COc1ccc2c(C)c3-c4cc(OC)c(OC)cc4CC[n+]3cc2c1OC, COc1ccc2c(C)c3-c4cc(OC)c(OC)cc4CC[n+]3cc2c1OC, COc1ccc2c(C)c3-c4cc(OC)c(OC)cc4CC[n+]3cc2c1OC","RFKQJTRWODZPHF-UHFFFAOYSA-N, RFKQJTRWODZPHF-UHFFFAOYSA-N, RFKQJTRWODZPHF-UHFFFAOYSA-N",Phase 3
dehydroepiandrosterone,protein synthesis stimulant,"ESR1, ESR2, G6PD, GABRA1, GABRA2, GABRA3, GABRA4, GABRA5, GABRA6, GABRB1, GABRB2, GABRB3, GABRD, GABRE, GABRG1, GABRG2, GABRG3, GABRP, GABRQ, GRIN1, GRIN2A, GRIN2B, GRIN2C, GRIN2D, GRIN3A, GRIN3B, HSD17B1, NR1I2, NR1I3, PPARA, SIGMAR1, SULT2A1, SULT2B1",endocrinology,menopause,"MicroSource, Selleck",100,"C[C@]12CC[C@H]3[C@@H](CC=C4C[C@@H](O)CC[C@]34C)[C@@H]1CCC2=O |t:7|, C[C@]12CC[C@H]3[C@@H](CC=C4C[C@@H](O)CC[C@]34C)[C@@H]1CCC2=O |t:7|","FMGSKLZLMKYGDP-USOAJAOKSA-N, FMGSKLZLMKYGDP-USOAJAOKSA-N",Launched
dehydroepiandrosterone-sulfate,"androgen receptor agonist, estrogen receptor agonist","AR, ESR1, ESR2",endocrinology,menopause,Sigma,99.5,C[C@]12CC[C@H]3[C@@H](CC=C4C[C@H](CC[C@]34C)OS(O)(=O)=O)[C@@H]1CCC2=O |t:7|,CZWCKYRVOZZJNM-USOAJAOKSA-N,Launched
delafloxacin,antiinfective drug,,,,MedChemEx,94.91,Nc1nc(c(F)cc1F)-n1cc(C(O)=O)c(=O)c2cc(F)c(N3CC(O)C3)c(Cl)c12,DYDCPNMLZGFQTM-UHFFFAOYSA-N,Phase 3
delamanid,bacterial cell wall synthesis inhibitor,,infectious disease,tuberculosis,"Adooq, Adooq",97.31,"C[C@]1(COc2ccc(cc2)N2CCC(CC2)Oc2ccc(OC(F)(F)F)cc2)Cn2cc(nc2O1)[N+]([O-])=O, C[C@]1(COc2ccc(cc2)N2CCC(CC2)Oc2ccc(OC(F)(F)F)cc2)Cn2cc(nc2O1)[N+]([O-])=O","XDAOLTSRNUSPPH-XMMPIXPASA-N, XDAOLTSRNUSPPH-XMMPIXPASA-N",Launched
delanzomib,proteasome inhibitor,"CMA1, CTSG, CYP3A4, ELANE",,,"MedChemEx, MedChemEx, MedChemEx, MedChemEx, Selleck, Selleck, Selleck, Selleck, Selleck",92.52,"CC(C)C[C@H](NC(=O)[C@@H](NC(=O)c1cccc(n1)-c1ccccc1)[C@@H](C)O)B(O)O, CC(C)C[C@H](NC(=O)[C@@H](NC(=O)c1cccc(n1)-c1ccccc1)[C@@H](C)O)B(O)O, CC(C)C[C@H](NC(=O)[C@@H](NC(=O)c1cccc(n1)-c1ccccc1)[C@@H](C)O)B(O)O, CC(C)C[C@H](NC(=O)[C@@H](NC(=O)c1cccc(n1)-c1ccccc1)[C@@H](C)O)B(O)O, CC(C)C[C@H](NC(=O)[C@@H](NC(=O)c1cccc(n1)-c1ccccc1)[C@@H](C)O)B(O)O, CC(C)C[C@H](NC(=O)[C@@H](NC(=O)c1cccc(n1)-c1ccccc1)[C@@H](C)O)B(O)O, CC(C)C[C@H](NC(=O)[C@@H](NC(=O)c1cccc(n1)-c1ccccc1)[C@@H](C)O)B(O)O, CC(C)C[C@H](NC(=O)[C@@H](NC(=O)c1cccc(n1)-c1ccccc1)[C@@H](C)O)B(O)O, CC(C)C[C@H](NC(=O)[C@@H](NC(=O)c1cccc(n1)-c1ccccc1)[C@@H](C)O)B(O)O","SJFBTAPEPRWNKH-CCKFTAQKSA-N, SJFBTAPEPRWNKH-CCKFTAQKSA-N, SJFBTAPEPRWNKH-CCKFTAQKSA-N, SJFBTAPEPRWNKH-CCKFTAQKSA-N, SJFBTAPEPRWNKH-CCKFTAQKSA-N, SJFBTAPEPRWNKH-CCKFTAQKSA-N, SJFBTAPEPRWNKH-CCKFTAQKSA-N, SJFBTAPEPRWNKH-CCKFTAQKSA-N, SJFBTAPEPRWNKH-CCKFTAQKSA-N",Phase 1/Phase 2
delapril,angiotensin converting enzyme inhibitor,ACE,cardiology,hypertension,"AKSci, AKSci, AKSci",100,"CCOC(=O)[C@H](CCc1ccccc1)N[C@@H](C)C(=O)N(CC(O)=O)C1Cc2ccccc2C1, CCOC(=O)[C@H](CCc1ccccc1)N[C@@H](C)C(=O)N(CC(O)=O)C1Cc2ccccc2C1, CCOC(=O)[C@H](CCc1ccccc1)N[C@@H](C)C(=O)N(CC(O)=O)C1Cc2ccccc2C1","WOUOLAUOZXOLJQ-MBSDFSHPSA-N, WOUOLAUOZXOLJQ-MBSDFSHPSA-N, WOUOLAUOZXOLJQ-MBSDFSHPSA-N",Launched
delavirdine,non-nucleoside reverse transcriptase inhibitor,CYP3A4,infectious disease,human immunodeficiency virus (HIV-1),"Tocris, Sigma, Enzo, MedChemEx",95.35,"CC(C)Nc1cccnc1N1CCN(CC1)C(=O)c1cc2cc(NS(C)(=O)=O)ccc2[nH]1, CC(C)Nc1cccnc1N1CCN(CC1)C(=O)c1cc2cc(NS(C)(=O)=O)ccc2[nH]1, CC(C)Nc1cccnc1N1CCN(CC1)C(=O)c1cc2cc(NS(C)(=O)=O)ccc2[nH]1, CC(C)Nc1cccnc1N1CCN(CC1)C(=O)c1cc2cc(NS(C)(=O)=O)ccc2[nH]1","WHBIGIKBNXZKFE-UHFFFAOYSA-N, WHBIGIKBNXZKFE-UHFFFAOYSA-N, WHBIGIKBNXZKFE-UHFFFAOYSA-N, WHBIGIKBNXZKFE-UHFFFAOYSA-N",Launched
delcasertib,PKC inhibitor,,,,MedChemEx,46.99,CC(C)C[C@H](NC(=O)[C@H](CO)NC(=O)CNC(=O)[C@H](CC(C)C)NC(=O)[C@H](CCC(O)=O)NC(=O)[C@H](Cc1ccc(O)cc1)NC(=O)[C@H](CO)NC(=O)[C@H](CC(N)=O)NC(=O)[C@H](Cc1ccccc1)NC(=O)[C@H](CO)NC(=O)[C@@H](N)CSSC[C@H](N)C(=O)N[C@@H](Cc1ccc(O)cc1)C(=O)NCC(=O)N[C@@H](CCCNC(N)=N)C(=O)N[C@@H](CCCCN)C(=O)N[C@@H](CCCCN)C(=O)N[C@@H](CCCNC(N)=N)C(=O)N[C@@H](CCCNC(N)=N)C(=O)N[C@@H](CCC(N)=O)C(=O)N[C@@H](CCCNC(N)=N)C(=O)N[C@@H](CCCNC(N)=N)C(=O)N[C@@H](CCCNC(N)=N)C(O)=O)C(O)=O,XPXZTVWPRKJTAA-PJKOMPQUSA-N,Phase 1
delgocitinib,JAK inhibitor,,,,MedChemEx,96.08,C[C@H]1CN(C(=O)CC#N)[C@]11CCN(C1)c1ncnc2[nH]ccc12,LOWWYYZBZNSPDT-ZBEGNZNMSA-N,Phase 2
delivert,angiotensin receptor agonist,"AGTR1, AGTR2",critical care,sepsis,"MedChemEx, MedChemEx",88.91,"CC[C@H](C)[C@H](NC(=O)[C@H](Cc1ccc(O)cc1)NC(=O)[C@@H](NC(=O)[C@@H](CCCNC(N)=N)NC(=O)[C@@H](N)CC(O)=O)C(C)C)C(=O)N[C@@H](Cc1cnc[nH]1)C(=O)N1CCC[C@@H]1C(=O)N[C@H](Cc1ccccc1)C(O)=O, CC[C@H](C)[C@H](NC(=O)[C@H](Cc1ccc(O)cc1)NC(=O)[C@@H](NC(=O)[C@@H](CCCNC(N)=N)NC(=O)[C@@H](N)CC(O)=O)C(C)C)C(=O)N[C@@H](Cc1cnc[nH]1)C(=O)N1CCC[C@@H]1C(=O)N[C@H](Cc1ccccc1)C(O)=O","CZGUSIXMZVURDU-FCWOTDAASA-N, CZGUSIXMZVURDU-FCWOTDAASA-N",Launched
delpazolid,antibacterial,,,,MedChemEx,92.44,CN1CCN(C=N1)c1ccc(cc1F)N1C[C@H](CO)OC1=O |c:5|,QLUWQAFDTNAYPN-LLVKDONJSA-N,Phase 2
delphinidin,membrane permeability inhibitor,GLO1,,,"Cayman, Cayman, Cayman",0,"Oc1cc(O)c2cc(O)c([o+]c2c1)-c1cc(O)c(O)c(O)c1, Oc1cc(O)c2cc(O)c([o+]c2c1)-c1cc(O)c(O)c(O)c1, Oc1cc(O)c2cc(O)c([o+]c2c1)-c1cc(O)c(O)c(O)c1","JKHRCGUTYDNCLE-UHFFFAOYSA-O, JKHRCGUTYDNCLE-UHFFFAOYSA-O, JKHRCGUTYDNCLE-UHFFFAOYSA-O",Phase 2
delta-tocotrienol,HMGCR inhibitor,HMGCR,,,"AnalytiCon, AnalytiCon",0.25,"CC(C)=CCC\C(C)=C\CC\C(C)=C\CC[C@]1(C)CCc2cc(O)cc(C)c2O1, CC(C)=CCC\C(C)=C\CC\C(C)=C\CC[C@]1(C)CCc2cc(O)cc(C)c2O1","ODADKLYLWWCHNB-LDYBVBFYSA-N, ODADKLYLWWCHNB-LDYBVBFYSA-N",Phase 1
deltarasin,phosphodiesterase inhibitor,KRAS,,,"Tocris, Tocris, Tocris, Tocris, Tocris",99,"C(Oc1ccc(cc1)-c1nc2ccccc2n1Cc1ccccc1)[C@H](C1CCNCC1)n1c(nc2ccccc12)-c1ccccc1, C(Oc1ccc(cc1)-c1nc2ccccc2n1Cc1ccccc1)[C@H](C1CCNCC1)n1c(nc2ccccc12)-c1ccccc1, C(Oc1ccc(cc1)-c1nc2ccccc2n1Cc1ccccc1)[C@H](C1CCNCC1)n1c(nc2ccccc12)-c1ccccc1, C(Oc1ccc(cc1)-c1nc2ccccc2n1Cc1ccccc1)[C@H](C1CCNCC1)n1c(nc2ccccc12)-c1ccccc1, C(Oc1ccc(cc1)-c1nc2ccccc2n1Cc1ccccc1)[C@H](C1CCNCC1)n1c(nc2ccccc12)-c1ccccc1","LTZKEDSUXKTTTC-KXQOOQHDSA-N, LTZKEDSUXKTTTC-KXQOOQHDSA-N, LTZKEDSUXKTTTC-KXQOOQHDSA-N, LTZKEDSUXKTTTC-KXQOOQHDSA-N, LTZKEDSUXKTTTC-KXQOOQHDSA-N",Preclinical
demecarium,acetylcholinesterase inhibitor,"ACHE, BCHE",ophthalmology,"intraocular pressure, glaucoma","MedChemEx, Prestwick, Prestwick, Prestwick, Prestwick",94.41,"CN(CCCCCCCCCCN(C)C(=O)Oc1cccc(c1)[N+](C)(C)C)C(=O)Oc1cccc(c1)[N+](C)(C)C, CN(CCCCCCCCCCN(C)C(=O)Oc1cccc(c1)[N+](C)(C)C)C(=O)Oc1cccc(c1)[N+](C)(C)C, CN(CCCCCCCCCCN(C)C(=O)Oc1cccc(c1)[N+](C)(C)C)C(=O)Oc1cccc(c1)[N+](C)(C)C, CN(CCCCCCCCCCN(C)C(=O)Oc1cccc(c1)[N+](C)(C)C)C(=O)Oc1cccc(c1)[N+](C)(C)C, CN(CCCCCCCCCCN(C)C(=O)Oc1cccc(c1)[N+](C)(C)C)C(=O)Oc1cccc(c1)[N+](C)(C)C","RWZVPVOZTJJMNU-UHFFFAOYSA-N, RWZVPVOZTJJMNU-UHFFFAOYSA-N, RWZVPVOZTJJMNU-UHFFFAOYSA-N, RWZVPVOZTJJMNU-UHFFFAOYSA-N, RWZVPVOZTJJMNU-UHFFFAOYSA-N",Launched
demeclocycline,bacterial 30S ribosomal subunit inhibitor,,"endocrinology, infectious disease, ophthalmology, urology","fever, respiratory tract infections, psittacosis, trachoma, conjunctivitis, urethritis, chancroid, cholera, syphilis, listeria, anthrax, actinomycosis, tularemia, brucellosis",MedChemEx,55.5,"[H][C@]12C[C@@]3([H])[C@H](N(C)C)C(=O)[C@@H](C(N)=O)C(=O)[C@@]3(O)C(=O)[C@H]1C(=O)c1c(O)ccc(Cl)c1[C@H]2O |&1:11,&2:21|",JHOHXJYRVSLQCB-AWLLFJHESA-N,Launched
denatonium-benzoate,,,,,"MicroSource, MedChemEx",81.39,"CC[N+](CC)(CC(=O)Nc1c(C)cccc1C)Cc1ccccc1, CC[N+](CC)(CC(=O)Nc1c(C)cccc1C)Cc1ccccc1","ZFQMTVNLDNXRNQ-UHFFFAOYSA-O, ZFQMTVNLDNXRNQ-UHFFFAOYSA-O",Preclinical
denopamine,adrenergic receptor agonist,,cardiology,angina pectoris,Sigma,89.63,COc1ccc(CCNC[C@H](O)c2ccc(O)cc2)cc1OC,VHSBBVZJABQOSG-INIZCTEOSA-N,Launched
denotivir,antiviral,,infectious disease,"virus herpes simplex (HSV), skin infections","Vitas-M, Vitas-M, Vitas-M",98.5,"Cc1nsc(NC(=O)c2ccccc2)c1C(=O)Nc1ccc(Cl)cc1, Cc1nsc(NC(=O)c2ccccc2)c1C(=O)Nc1ccc(Cl)cc1, Cc1nsc(NC(=O)c2ccccc2)c1C(=O)Nc1ccc(Cl)cc1","ZPBLNADJHWHOEP-UHFFFAOYSA-N, ZPBLNADJHWHOEP-UHFFFAOYSA-N, ZPBLNADJHWHOEP-UHFFFAOYSA-N",Launched
deoxyarbutin,tyrosinase inhibitor,,,,"Selleck, Selleck",62.84,"Oc1ccc(O[C@H]2CCCCO2)cc1 |&1:6,r|, Oc1ccc(O[C@H]2CCCCO2)cc1 |&1:6,r|","GFBCWCDNXDKFRH-NSHDSACASA-N, GFBCWCDNXDKFRH-NSHDSACASA-N",Preclinical
deoxycholic-acid,"biliverdin reductase A activator, G protein-coupled receptor agonist","FPR1, GPBAR1",endocrinology,submental fat,Enzo,100,C[C@H](CCC(O)=O)[C@H]1CC[C@H]2[C@@H]3CC[C@@H]4C[C@H](O)CC[C@]4(C)[C@H]3C[C@H](O)[C@]12C,KXGVEGMKQFWNSR-LLQZFEROSA-N,Launched
deoxycorticosterone-acetate,progestogen hormone,NR3C2,,,"MicroSource, MicroSource, Selleck, Selleck, Selleck, Selleck, Selleck, Selleck",98.53,"CC(=O)OCC(=O)[C@H]1CC[C@H]2[C@@H]3CCC4=CC(=O)CC[C@]4(C)[C@H]3CC[C@]12C |t:14|, CC(=O)OCC(=O)[C@H]1CC[C@H]2[C@@H]3CCC4=CC(=O)CC[C@]4(C)[C@H]3CC[C@]12C |t:14|, CC(=O)OCC(=O)[C@H]1CC[C@H]2[C@@H]3CCC4=CC(=O)CC[C@]4(C)[C@H]3CC[C@]12C |t:14|, CC(=O)OCC(=O)[C@H]1CC[C@H]2[C@@H]3CCC4=CC(=O)CC[C@]4(C)[C@H]3CC[C@]12C |t:14|, CC(=O)OCC(=O)[C@H]1CC[C@H]2[C@@H]3CCC4=CC(=O)CC[C@]4(C)[C@H]3CC[C@]12C |t:14|, CC(=O)OCC(=O)[C@H]1CC[C@H]2[C@@H]3CCC4=CC(=O)CC[C@]4(C)[C@H]3CC[C@]12C |t:14|, CC(=O)OCC(=O)[C@H]1CC[C@H]2[C@@H]3CCC4=CC(=O)CC[C@]4(C)[C@H]3CC[C@]12C |t:14|, CC(=O)OCC(=O)[C@H]1CC[C@H]2[C@@H]3CCC4=CC(=O)CC[C@]4(C)[C@H]3CC[C@]12C |t:14|","VPGRYOFKCNULNK-ACXQXYJUSA-N, VPGRYOFKCNULNK-ACXQXYJUSA-N, VPGRYOFKCNULNK-ACXQXYJUSA-N, VPGRYOFKCNULNK-ACXQXYJUSA-N, VPGRYOFKCNULNK-ACXQXYJUSA-N, VPGRYOFKCNULNK-ACXQXYJUSA-N, VPGRYOFKCNULNK-ACXQXYJUSA-N, VPGRYOFKCNULNK-ACXQXYJUSA-N",Preclinical
deoxyepinephrine,"adrenergic receptor agonist, dopamine receptor agonist","ADRA1A, DRD1, DRD2",,,"Enzo, CombiBlocks",94.36,"CNCCc1ccc(O)c(O)c1, CNCCc1ccc(O)c(O)c1","NGKZFDYBISXGGS-UHFFFAOYSA-N, NGKZFDYBISXGGS-UHFFFAOYSA-N",Preclinical
deptropine,histamine receptor antagonist,HRH1,,,Toronto,95.55,"CN1[C@H]2CC[C@@H]1C[C@@H](C2)OC1c2ccccc2CCc2ccccc12 |r,THB:0:1:3.4:6.7.8|",ZWPODSUQWXAZNC-PMOLBWCYSA-N,Preclinical
dequalinium,PKC inhibitor,"KCNN1, KCNN3",infectious disease,first-aid antiseptic,"MedChemEx, MedChemEx, MicroSource, MicroSource, MicroSource, Selleck",95.31,"Cc1cc(N)c2ccccc2[n+]1CCCCCCCCCC[n+]1c(C)cc(N)c2ccccc12, Cc1cc(N)c2ccccc2[n+]1CCCCCCCCCC[n+]1c(C)cc(N)c2ccccc12, Cc1cc(N)c2ccccc2[n+]1CCCCCCCCCC[n+]1c(C)cc(N)c2ccccc12, Cc1cc(N)c2ccccc2[n+]1CCCCCCCCCC[n+]1c(C)cc(N)c2ccccc12, Cc1cc(N)c2ccccc2[n+]1CCCCCCCCCC[n+]1c(C)cc(N)c2ccccc12, Cc1cc(N)c2ccccc2[n+]1CCCCCCCCCC[n+]1c(C)cc(N)c2ccccc12","PCSWXVJAIHCTMO-UHFFFAOYSA-P, PCSWXVJAIHCTMO-UHFFFAOYSA-P, PCSWXVJAIHCTMO-UHFFFAOYSA-P, PCSWXVJAIHCTMO-UHFFFAOYSA-P, PCSWXVJAIHCTMO-UHFFFAOYSA-P, PCSWXVJAIHCTMO-UHFFFAOYSA-P",Launched
deracoxib,cyclooxygenase inhibitor,PTGS2,rheumatology,osteoarthritis,"MicroSource, MedChemEx",99.74,"COc1ccc(cc1F)-c1cc(nn1-c1ccc(cc1)S(N)(=O)=O)C(F)F, COc1ccc(cc1F)-c1cc(nn1-c1ccc(cc1)S(N)(=O)=O)C(F)F","WAZQAZKAZLXFMK-UHFFFAOYSA-N, WAZQAZKAZLXFMK-UHFFFAOYSA-N",Launched
derazantinib,tyrosine kinase inhibitor,,,,MedChemEx,81.15,COCCNCCc1cccc(Nc2ncc3C[C@@H](c4ccccc4F)c4ccccc4-c3n2)c1,KPJDVVCDVBFRMU-AREMUKBSSA-N,Phase 2
deserpidine,angiotensin converting enzyme inhibitor,"ACE, SLC18A2",cardiology,hypertension,"Key, Key, Key, Key, AKSci, AKSci, AKSci",96.99,"CO[C@H]1[C@@H](C[C@@H]2CN3CCc4c([nH]c5ccccc45)[C@H]3C[C@@H]2[C@@H]1C(=O)OC)OC(=O)c1cc(OC)c(OC)c(OC)c1, CO[C@H]1[C@@H](C[C@@H]2CN3CCc4c([nH]c5ccccc45)[C@H]3C[C@@H]2[C@@H]1C(=O)OC)OC(=O)c1cc(OC)c(OC)c(OC)c1, CO[C@H]1[C@@H](C[C@@H]2CN3CCc4c([nH]c5ccccc45)[C@H]3C[C@@H]2[C@@H]1C(=O)OC)OC(=O)c1cc(OC)c(OC)c(OC)c1, CO[C@H]1[C@@H](C[C@@H]2CN3CCc4c([nH]c5ccccc45)[C@H]3C[C@@H]2[C@@H]1C(=O)OC)OC(=O)c1cc(OC)c(OC)c(OC)c1, CO[C@H]1[C@@H](C[C@@H]2CN3CCc4c([nH]c5ccccc45)[C@H]3C[C@@H]2[C@@H]1C(=O)OC)OC(=O)c1cc(OC)c(OC)c(OC)c1, CO[C@H]1[C@@H](C[C@@H]2CN3CCc4c([nH]c5ccccc45)[C@H]3C[C@@H]2[C@@H]1C(=O)OC)OC(=O)c1cc(OC)c(OC)c(OC)c1, CO[C@H]1[C@@H](C[C@@H]2CN3CCc4c([nH]c5ccccc45)[C@H]3C[C@@H]2[C@@H]1C(=O)OC)OC(=O)c1cc(OC)c(OC)c(OC)c1","CVBMAZKKCSYWQR-WCGOZPBSSA-N, CVBMAZKKCSYWQR-WCGOZPBSSA-N, CVBMAZKKCSYWQR-WCGOZPBSSA-N, CVBMAZKKCSYWQR-WCGOZPBSSA-N, CVBMAZKKCSYWQR-WCGOZPBSSA-N, CVBMAZKKCSYWQR-WCGOZPBSSA-N, CVBMAZKKCSYWQR-WCGOZPBSSA-N",Launched
desidustat,hypoxia inducible factor prolyl hydroxylase inhibitor,,,,MedChemEx,93.55,OC(=O)CNC(=O)c1c(O)c2ccccc2n(OCC2CC2)c1=O,IKRKQQLJYBAPQT-UHFFFAOYSA-N,Preclinical
desipramine,tricyclic antidepressant,"ADRA1A, ADRA1B, ADRA1D, ADRA2A, ADRA2B, ADRA2C, ADRB1, ADRB2, CHRM1, CHRM2, CHRM3, CHRM4, CHRM5, DRD2, HRH1, HTR1A, HTR2A, HTR2C, SLC6A2, SLC6A4, SMPD1",neurology/psychiatry,depression,"MicroSource, Sigma",94.4,"CNCCCN1c2ccccc2CCc2ccccc12, CNCCCN1c2ccccc2CCc2ccccc12","HCYAFALTSJYZDH-UHFFFAOYSA-N, HCYAFALTSJYZDH-UHFFFAOYSA-N",Launched
desisobutyryl-ciclesonide,cytochrome P450 inhibitor,,allergy,allergic rhinitis,MedChemEx,84.9,"[H][C@]12C[C@@]3([H])[C@]4([H])CCC5=CC(=O)C=C[C@]5(C)[C@@]4([H])[C@@H](O)C[C@]3(C)[C@@]1(O[C@@H](O2)C1CCCCC1)C(=O)CO |c:13,t:9|",OXPLANUPKBHPMS-FYSAVPLMSA-N,Launched
deslanoside,Na/K-ATPase inhibitor,"ATP1A1, ATP1A2, ATP1A3, ATP1A4, ATP1B1, ATP1B2, ATP1B3, FXYD2",cardiology,"congestive heart failure, cardiac arrythmia","AvaChem, AvaChem, AvaChem, AvaChem",98.38,"C[C@H]1O[C@H](C[C@H](O)[C@@H]1O[C@H]1C[C@H](O)[C@H](O[C@H]2C[C@H](O)[C@H](O[C@@H]3O[C@H](CO)[C@@H](O)[C@H](O)[C@H]3O)[C@@H](C)O2)[C@@H](C)O1)O[C@H]1CC[C@@]2(C)[C@H](CC[C@@H]3[C@@H]2C[C@@H](O)[C@]2(C)[C@H](CC[C@]32O)C2=CC(=O)OC2)C1 |t:66|, C[C@H]1O[C@H](C[C@H](O)[C@@H]1O[C@H]1C[C@H](O)[C@H](O[C@H]2C[C@H](O)[C@H](O[C@@H]3O[C@H](CO)[C@@H](O)[C@H](O)[C@H]3O)[C@@H](C)O2)[C@@H](C)O1)O[C@H]1CC[C@@]2(C)[C@H](CC[C@@H]3[C@@H]2C[C@@H](O)[C@]2(C)[C@H](CC[C@]32O)C2=CC(=O)OC2)C1 |t:66|, C[C@H]1O[C@H](C[C@H](O)[C@@H]1O[C@H]1C[C@H](O)[C@H](O[C@H]2C[C@H](O)[C@H](O[C@@H]3O[C@H](CO)[C@@H](O)[C@H](O)[C@H]3O)[C@@H](C)O2)[C@@H](C)O1)O[C@H]1CC[C@@]2(C)[C@H](CC[C@@H]3[C@@H]2C[C@@H](O)[C@]2(C)[C@H](CC[C@]32O)C2=CC(=O)OC2)C1 |t:66|, C[C@H]1O[C@H](C[C@H](O)[C@@H]1O[C@H]1C[C@H](O)[C@H](O[C@H]2C[C@H](O)[C@H](O[C@@H]3O[C@H](CO)[C@@H](O)[C@H](O)[C@H]3O)[C@@H](C)O2)[C@@H](C)O1)O[C@H]1CC[C@@]2(C)[C@H](CC[C@@H]3[C@@H]2C[C@@H](O)[C@]2(C)[C@H](CC[C@]32O)C2=CC(=O)OC2)C1 |t:66|","OBATZBGFDSVCJD-LALPQLPRSA-N, OBATZBGFDSVCJD-LALPQLPRSA-N, OBATZBGFDSVCJD-LALPQLPRSA-N, OBATZBGFDSVCJD-LALPQLPRSA-N",Launched
desloratadine,histamine receptor antagonist,HRH1,allergy,"allergic rhinitis, urticaria","MicroSource, Tocris, Tocris, Selleck, Selleck, Selleck, Selleck",98.28,"Clc1ccc2c(CCc3cccnc3C2=C2CCNCC2)c1, Clc1ccc2c(CCc3cccnc3C2=C2CCNCC2)c1, Clc1ccc2c(CCc3cccnc3C2=C2CCNCC2)c1, Clc1ccc2c(CCc3cccnc3C2=C2CCNCC2)c1, Clc1ccc2c(CCc3cccnc3C2=C2CCNCC2)c1, Clc1ccc2c(CCc3cccnc3C2=C2CCNCC2)c1, Clc1ccc2c(CCc3cccnc3C2=C2CCNCC2)c1","JAUOIFJMECXRGI-UHFFFAOYSA-N, JAUOIFJMECXRGI-UHFFFAOYSA-N, JAUOIFJMECXRGI-UHFFFAOYSA-N, JAUOIFJMECXRGI-UHFFFAOYSA-N, JAUOIFJMECXRGI-UHFFFAOYSA-N, JAUOIFJMECXRGI-UHFFFAOYSA-N, JAUOIFJMECXRGI-UHFFFAOYSA-N",Launched
deslorelin,gonadotropin releasing factor hormone receptor agonist,,,,MedChemEx,98.49,CCNC(=O)[C@@H]1CCCN1C(=O)[C@H](CCCN=C(N)N)NC(=O)[C@H](CC(C)C)NC(=O)[C@@H](Cc1c[nH]c2ccccc12)NC(=O)[C@H](Cc1ccc(O)cc1)NC(=O)[C@H](CO)NC(=O)[C@H](Cc1c[nH]c2ccccc12)NC(=O)[C@H](Cc1c[nH]cn1)NC(=O)[C@@H]1CCC(=O)N1,GJKXGJCSJWBJEZ-XRSSZCMZSA-N,Phase 2
desmethylclozapine,acetylcholine receptor agonist,HTR2C,,,Tocris,67.09,Clc1ccc2Nc3ccccc3C(=Nc2c1)N1CCNCC1 |c:13|,JNNOSTQEZICQQP-UHFFFAOYSA-N,Phase 2
desmopressin-acetate,vasopressin receptor agonist,"AVPR1A, AVPR1B, AVPR2, OXTR","endocrinology, urology","central diabetes insipidus, nocturnal enuresis",MedChemEx,90.81,NC(=O)CC[C@@H]1NC(=O)[C@H](Cc2ccccc2)NC(=O)[C@H](Cc2ccc(O)cc2)NC(=O)CCSSC[C@@H](NC(=O)[C@H](CC(N)=O)NC1=O)C(=O)N1CCC[C@H]1C(=O)N[C@H](CCCNC(N)=N)C(=O)NCC(N)=O |r|,NFLWUMRGJYTJIN-AIOUAYLGSA-N,Launched
desogestrel,progesterone receptor agonist,"ESR1, PGR",endocrinology,contraceptive,"Enzo, Enzo, Enzo, Enzo, MedChemEx",97.27,"CC[C@]12CC(=C)[C@H]3[C@@H](CCC4=CCCC[C@H]34)[C@@H]1CC[C@@]2(O)C#C |t:10|, CC[C@]12CC(=C)[C@H]3[C@@H](CCC4=CCCC[C@H]34)[C@@H]1CC[C@@]2(O)C#C |t:10|, CC[C@]12CC(=C)[C@H]3[C@@H](CCC4=CCCC[C@H]34)[C@@H]1CC[C@@]2(O)C#C |t:10|, CC[C@]12CC(=C)[C@H]3[C@@H](CCC4=CCCC[C@H]34)[C@@H]1CC[C@@]2(O)C#C |t:10|, CC[C@]12CC(=C)[C@H]3[C@@H](CCC4=CCCC[C@H]34)[C@@H]1CC[C@@]2(O)C#C |t:10|","RPLCPCMSCLEKRS-BPIQYHPVSA-N, RPLCPCMSCLEKRS-BPIQYHPVSA-N, RPLCPCMSCLEKRS-BPIQYHPVSA-N, RPLCPCMSCLEKRS-BPIQYHPVSA-N, RPLCPCMSCLEKRS-BPIQYHPVSA-N",Launched
desonide,glucocorticoid receptor agonist,"NR3C1, PLA2G1B",gastroenterology,Crohn's disease,"MedChemEx, MedChemEx, MicroSource, MicroSource, Selleck, Selleck, Selleck",97.37,"CC1(C)O[C@@H]2C[C@H]3[C@@H]4CCC5=CC(=O)C=C[C@]5(C)[C@H]4[C@@H](O)C[C@]3(C)[C@@]2(O1)C(=O)CO |c:14,t:10|, CC1(C)O[C@@H]2C[C@H]3[C@@H]4CCC5=CC(=O)C=C[C@]5(C)[C@H]4[C@@H](O)C[C@]3(C)[C@@]2(O1)C(=O)CO |c:14,t:10|, CC1(C)O[C@@H]2C[C@H]3[C@@H]4CCC5=CC(=O)C=C[C@]5(C)[C@H]4[C@@H](O)C[C@]3(C)[C@@]2(O1)C(=O)CO |c:14,t:10|, CC1(C)O[C@@H]2C[C@H]3[C@@H]4CCC5=CC(=O)C=C[C@]5(C)[C@H]4[C@@H](O)C[C@]3(C)[C@@]2(O1)C(=O)CO |c:14,t:10|, CC1(C)O[C@@H]2C[C@H]3[C@@H]4CCC5=CC(=O)C=C[C@]5(C)[C@H]4[C@@H](O)C[C@]3(C)[C@@]2(O1)C(=O)CO |c:14,t:10|, CC1(C)O[C@@H]2C[C@H]3[C@@H]4CCC5=CC(=O)C=C[C@]5(C)[C@H]4[C@@H](O)C[C@]3(C)[C@@]2(O1)C(=O)CO |c:14,t:10|, CC1(C)O[C@@H]2C[C@H]3[C@@H]4CCC5=CC(=O)C=C[C@]5(C)[C@H]4[C@@H](O)C[C@]3(C)[C@@]2(O1)C(=O)CO |c:14,t:10|","WBGKWQHBNHJJPZ-LECWWXJVSA-N, WBGKWQHBNHJJPZ-LECWWXJVSA-N, WBGKWQHBNHJJPZ-LECWWXJVSA-N, WBGKWQHBNHJJPZ-LECWWXJVSA-N, WBGKWQHBNHJJPZ-LECWWXJVSA-N, WBGKWQHBNHJJPZ-LECWWXJVSA-N, WBGKWQHBNHJJPZ-LECWWXJVSA-N",Launched
desoximetasone,glucocorticoid receptor agonist,"NR3C1, PLA2G1B",dermatology,corticosteroid-responsive dermatoses,MedChemEx,92.11,"C[C@@H]1C[C@H]2[C@@H]3CCC4=CC(=O)C=C[C@]4(C)[C@@]3(F)[C@@H](O)C[C@]2(C)[C@H]1C(=O)CO |c:11,t:7|",VWVSBHGCDBMOOT-IIEHVVJPSA-N,Launched
desoxycorticosterone-pivalate,corticosteroid agonist,NR3C2,endocrinology,Addison's disease,InterBioScreen,98.85,CC(C)(C)C(=O)OCC(=O)[C@H]1CC[C@H]2[C@@H]3CCC4=CC(=O)CC[C@]4(C)[C@H]3CC[C@]12C |t:17|,VVOIQBFMTVCINR-WWMZEODYSA-N,Launched
desoxycortone,mineralocorticoid receptor agonist,"NR3C1, NR3C2",,,"Prestwick, Prestwick, Prestwick, Prestwick",98.09,"C[C@]12CC[C@H]3[C@@H](CCC4=CC(=O)CC[C@]34C)[C@@H]1CC[C@@H]2C(=O)CO |t:8|, C[C@]12CC[C@H]3[C@@H](CCC4=CC(=O)CC[C@]34C)[C@@H]1CC[C@@H]2C(=O)CO |t:8|, C[C@]12CC[C@H]3[C@@H](CCC4=CC(=O)CC[C@]34C)[C@@H]1CC[C@@H]2C(=O)CO |t:8|, C[C@]12CC[C@H]3[C@@H](CCC4=CC(=O)CC[C@]34C)[C@@H]1CC[C@@H]2C(=O)CO |t:8|","ZESRJSPZRDMNHY-YFWFAHHUSA-N, ZESRJSPZRDMNHY-YFWFAHHUSA-N, ZESRJSPZRDMNHY-YFWFAHHUSA-N, ZESRJSPZRDMNHY-YFWFAHHUSA-N",Preclinical
desoxypeganine,"acetylcholinesterase inhibitor, monoamine oxidase inhibitor",ACHE,,,"Enzo, Enzo, Enzo, Vitas-M",96.73,"C1CN2Cc3ccccc3N=C2C1 |c:11|, C1CN2Cc3ccccc3N=C2C1 |c:11|, C1CN2Cc3ccccc3N=C2C1 |c:11|, C1CN2Cc3ccccc3N=C2C1 |c:11|","WUFQLZTXIWKION-UHFFFAOYSA-N, WUFQLZTXIWKION-UHFFFAOYSA-N, WUFQLZTXIWKION-UHFFFAOYSA-N, WUFQLZTXIWKION-UHFFFAOYSA-N",Phase 1
desvenlafaxine,serotonin–norepinephrine reuptake inhibitor (SNRI),"SLC6A2, SLC6A3, SLC6A4",neurology/psychiatry,depression,"Selleck, Selleck, MicroSource, Tocris, Tocris",92.25,"CN(C)C[C@@H](c1ccc(O)cc1)C1(O)CCCCC1 |&1:4|, CN(C)C[C@@H](c1ccc(O)cc1)C1(O)CCCCC1 |&1:4|, CN(C)C[C@@H](c1ccc(O)cc1)C1(O)CCCCC1 |&1:4|, CN(C)C[C@@H](c1ccc(O)cc1)C1(O)CCCCC1 |&1:4|, CN(C)C[C@@H](c1ccc(O)cc1)C1(O)CCCCC1 |&1:4|","KYYIDSXMWOZKMP-HNNXBMFYSA-N, KYYIDSXMWOZKMP-HNNXBMFYSA-N, KYYIDSXMWOZKMP-HNNXBMFYSA-N, KYYIDSXMWOZKMP-HNNXBMFYSA-N, KYYIDSXMWOZKMP-HNNXBMFYSA-N",Launched
detomidine,adrenergic receptor agonist,ADRA2A,neurology/psychiatry,sedative,"MedChemEx, MedChemEx, Selleck",98.34,"Cc1cccc(Cc2cnc[nH]2)c1C, Cc1cccc(Cc2cnc[nH]2)c1C, Cc1cccc(Cc2cnc[nH]2)c1C","RHDJRPPFURBGLQ-UHFFFAOYSA-N, RHDJRPPFURBGLQ-UHFFFAOYSA-N, RHDJRPPFURBGLQ-UHFFFAOYSA-N",Launched
devazepide,CCK receptor antagonist,,,,"Tocris, Tocris",98.14,"CN1c2ccccc2C(=N[C@H](NC(=O)c2cc3ccccc3[nH]2)C1=O)c1ccccc1 |c:9|, CN1c2ccccc2C(=N[C@H](NC(=O)c2cc3ccccc3[nH]2)C1=O)c1ccccc1 |c:9|","NFHRQQKPEBFUJK-HSZRJFAPSA-N, NFHRQQKPEBFUJK-HSZRJFAPSA-N",Preclinical
dexamethasone,glucocorticoid receptor agonist,"ANXA1, NOS2, NR0B1, NR3C1, NR3C2","endocrinology, rheumatology, allergy, gastroenterology, hematology, neurology/psychiatry, dermatology","hypercalcemia, rheumatoid arthritis, psoriatic arthritis, osteoarthritis, allergic rhinitis, ulcerative colitis, anemia, multiple sclerosis, enteritis, lupus, dermatitis herpetiformis (DH), nephrotic syndrome, psoriasis","Tocris, Tocris, Tocris, Tocris, Tocris, Selleck, Selleck",95.93,"C[C@@H]1C[C@H]2[C@@H]3CCC4=CC(=O)C=C[C@]4(C)[C@@]3(F)[C@@H](O)C[C@]2(C)[C@@]1(O)C(=O)CO |c:11,t:7|, C[C@@H]1C[C@H]2[C@@H]3CCC4=CC(=O)C=C[C@]4(C)[C@@]3(F)[C@@H](O)C[C@]2(C)[C@@]1(O)C(=O)CO |c:11,t:7|, C[C@@H]1C[C@H]2[C@@H]3CCC4=CC(=O)C=C[C@]4(C)[C@@]3(F)[C@@H](O)C[C@]2(C)[C@@]1(O)C(=O)CO |c:11,t:7|, C[C@@H]1C[C@H]2[C@@H]3CCC4=CC(=O)C=C[C@]4(C)[C@@]3(F)[C@@H](O)C[C@]2(C)[C@@]1(O)C(=O)CO |c:11,t:7|, C[C@@H]1C[C@H]2[C@@H]3CCC4=CC(=O)C=C[C@]4(C)[C@@]3(F)[C@@H](O)C[C@]2(C)[C@@]1(O)C(=O)CO |c:11,t:7|, C[C@@H]1C[C@H]2[C@@H]3CCC4=CC(=O)C=C[C@]4(C)[C@@]3(F)[C@@H](O)C[C@]2(C)[C@@]1(O)C(=O)CO |c:11,t:7|, C[C@@H]1C[C@H]2[C@@H]3CCC4=CC(=O)C=C[C@]4(C)[C@@]3(F)[C@@H](O)C[C@]2(C)[C@@]1(O)C(=O)CO |c:11,t:7|","UREBDLICKHMUKA-CXSFZGCWSA-N, UREBDLICKHMUKA-CXSFZGCWSA-N, UREBDLICKHMUKA-CXSFZGCWSA-N, UREBDLICKHMUKA-CXSFZGCWSA-N, UREBDLICKHMUKA-CXSFZGCWSA-N, UREBDLICKHMUKA-CXSFZGCWSA-N, UREBDLICKHMUKA-CXSFZGCWSA-N",Launched
dexamethasone-acetate,glucocorticoid receptor agonist,,"endocrinology, rheumatology, allergy, gastroenterology, hematology, neurology/psychiatry, dermatology","hypercalcemia, rheumatoid arthritis, psoriatic arthritis, osteoarthritis, allergic rhinitis, ulcerative colitis, anemia, multiple sclerosis, enteritis, lupus, dermatitis herpetiformis (DH), nephrotic syndrome, psoriasis","MicroSource, MedChemEx, MedChemEx, Selleck, Selleck",97.02,"C[C@@H]1C[C@H]2[C@@H]3CCC4=CC(=O)C=C[C@]4(C)[C@@]3(F)[C@@H](O)C[C@]2(C)[C@@]1(O)C(=O)COC(C)=O |c:11,t:7|, C[C@@H]1C[C@H]2[C@@H]3CCC4=CC(=O)C=C[C@]4(C)[C@@]3(F)[C@@H](O)C[C@]2(C)[C@@]1(O)C(=O)COC(C)=O |c:11,t:7|, C[C@@H]1C[C@H]2[C@@H]3CCC4=CC(=O)C=C[C@]4(C)[C@@]3(F)[C@@H](O)C[C@]2(C)[C@@]1(O)C(=O)COC(C)=O |c:11,t:7|, C[C@@H]1C[C@H]2[C@@H]3CCC4=CC(=O)C=C[C@]4(C)[C@@]3(F)[C@@H](O)C[C@]2(C)[C@@]1(O)C(=O)COC(C)=O |c:11,t:7|, C[C@@H]1C[C@H]2[C@@H]3CCC4=CC(=O)C=C[C@]4(C)[C@@]3(F)[C@@H](O)C[C@]2(C)[C@@]1(O)C(=O)COC(C)=O |c:11,t:7|","AKUJBENLRBOFTD-RPRRAYFGSA-N, AKUJBENLRBOFTD-RPRRAYFGSA-N, AKUJBENLRBOFTD-RPRRAYFGSA-N, AKUJBENLRBOFTD-RPRRAYFGSA-N, AKUJBENLRBOFTD-RPRRAYFGSA-N",Launched
dexchlorpheniramine,histamine receptor antagonist,,"allergy, cardiology","allergic conjunctivitis, allergic rhinitis, urticaria, angioedema","MicroSource, MedChemEx, MedChemEx",99.06,"CN(C)CC[C@@H](c1ccc(Cl)cc1)c1ccccn1, CN(C)CC[C@@H](c1ccc(Cl)cc1)c1ccccn1, CN(C)CC[C@@H](c1ccc(Cl)cc1)c1ccccn1","SOYKEARSMXGVTM-HNNXBMFYSA-N, SOYKEARSMXGVTM-HNNXBMFYSA-N, SOYKEARSMXGVTM-HNNXBMFYSA-N",Launched
dexfosfoserine,membrane integrity inhibitor,"CFTR, GRM4, GRM6, GRM7, GRM8, KCNC4, PDPK1, PIM1, PRKACA, PRKCQ, PYGL, PYGM, REG1A, RHO, SERPINB3, SMAD2, TAOK2",,,"Sigma, MicroSource",0,"N[C@@H](COP(O)(O)=O)C(O)=O, N[C@@H](COP(O)(O)=O)C(O)=O","BZQFBWGGLXLEPQ-REOHCLBHSA-N, BZQFBWGGLXLEPQ-REOHCLBHSA-N",Preclinical
dexlansoprazole,ATPase inhibitor,ATP4A,gastroenterology,"gastroesophageal reflux disease (GERD), erosive esophagitis (EE)","MicroSource, Selleck, Selleck, Selleck",95.4,"Cc1c(OCC(F)(F)F)ccnc1C[S@@](=O)c1nc2ccccc2[nH]1, Cc1c(OCC(F)(F)F)ccnc1C[S@@](=O)c1nc2ccccc2[nH]1, Cc1c(OCC(F)(F)F)ccnc1C[S@@](=O)c1nc2ccccc2[nH]1, Cc1c(OCC(F)(F)F)ccnc1C[S@@](=O)c1nc2ccccc2[nH]1","MJIHNNLFOKEZEW-RUZDIDTESA-N, MJIHNNLFOKEZEW-RUZDIDTESA-N, MJIHNNLFOKEZEW-RUZDIDTESA-N, MJIHNNLFOKEZEW-RUZDIDTESA-N",Launched
dexloxiglumide,CCK receptor antagonist,CCKAR,,,AdvChemBlocks,96.36,CCCCCN(CCCOC)C(=O)[C@@H](CCC(O)=O)NC(=O)c1ccc(Cl)c(Cl)c1,QNQZBKQEIFTHFZ-GOSISDBHSA-N,Phase 3
dexmedetomidine,adrenergic receptor agonist,"ADRA2A, ADRA2B, ADRA2C",neurology/psychiatry,sedative,"Tocris, Tocris, Selleck, Selleck",98.01,"C[C@H](c1cnc[nH]1)c1cccc(C)c1C, C[C@H](c1cnc[nH]1)c1cccc(C)c1C, C[C@H](c1cnc[nH]1)c1cccc(C)c1C, C[C@H](c1cnc[nH]1)c1cccc(C)c1C","CUHVIMMYOGQXCV-NSHDSACASA-N, CUHVIMMYOGQXCV-NSHDSACASA-N, CUHVIMMYOGQXCV-NSHDSACASA-N, CUHVIMMYOGQXCV-NSHDSACASA-N",Launched
dexniguldipine,calmodulin antagonist,ADORA3,,,"Tocris, Tocris, Tocris, Tocris, Tocris",92.38,"COC(=O)C1=C(C)NC(C)=C([C@@H]1c1cccc(c1)[N+]([O-])=O)C(=O)OCCCN1CCC(CC1)(c1ccccc1)c1ccccc1 |c:4,9|, COC(=O)C1=C(C)NC(C)=C([C@@H]1c1cccc(c1)[N+]([O-])=O)C(=O)OCCCN1CCC(CC1)(c1ccccc1)c1ccccc1 |c:4,9|, COC(=O)C1=C(C)NC(C)=C([C@@H]1c1cccc(c1)[N+]([O-])=O)C(=O)OCCCN1CCC(CC1)(c1ccccc1)c1ccccc1 |c:4,9|, COC(=O)C1=C(C)NC(C)=C([C@@H]1c1cccc(c1)[N+]([O-])=O)C(=O)OCCCN1CCC(CC1)(c1ccccc1)c1ccccc1 |c:4,9|, COC(=O)C1=C(C)NC(C)=C([C@@H]1c1cccc(c1)[N+]([O-])=O)C(=O)OCCCN1CCC(CC1)(c1ccccc1)c1ccccc1 |c:4,9|","SVJMLYUFVDMUHP-MGBGTMOVSA-N, SVJMLYUFVDMUHP-MGBGTMOVSA-N, SVJMLYUFVDMUHP-MGBGTMOVSA-N, SVJMLYUFVDMUHP-MGBGTMOVSA-N, SVJMLYUFVDMUHP-MGBGTMOVSA-N",Phase 2
dexpanthenol,,,gastroenterology,paralytic ileus,"MicroSource, MedChemEx",100,"CC(C)(CO)[C@@H](O)C(=O)NCCCO, CC(C)(CO)[C@@H](O)C(=O)NCCCO","SNPLKNRPJHDVJA-ZETCQYMHSA-N, SNPLKNRPJHDVJA-ZETCQYMHSA-N",Launched
dexrazoxane,"chelating agent, topoisomerase inhibitor","TOP2A, TOP2B",cardiology,cardiomyopathy,"Selleck, Selleck, Selleck, Selleck, Tocris",100,"C[C@@H](CN1CC(=O)NC(=O)C1)N1CC(=O)NC(=O)C1, C[C@@H](CN1CC(=O)NC(=O)C1)N1CC(=O)NC(=O)C1, C[C@@H](CN1CC(=O)NC(=O)C1)N1CC(=O)NC(=O)C1, C[C@@H](CN1CC(=O)NC(=O)C1)N1CC(=O)NC(=O)C1, C[C@@H](CN1CC(=O)NC(=O)C1)N1CC(=O)NC(=O)C1","BMKDZUISNHGIBY-ZETCQYMHSA-N, BMKDZUISNHGIBY-ZETCQYMHSA-N, BMKDZUISNHGIBY-ZETCQYMHSA-N, BMKDZUISNHGIBY-ZETCQYMHSA-N, BMKDZUISNHGIBY-ZETCQYMHSA-N",Launched
dextran,,,"hematology, critical care","thrombosis, hypovolemia",ANpharma,100,OC[C@H]1O[C@H](OC[C@H]2O[C@H](OC[C@@H](O)[C@@H](O)[C@H](O)[C@@H](O)C=O)[C@H](O)[C@@H](O)[C@@H]2O)[C@H](O)[C@@H](O)[C@@H]1O,FZWBNHMXJMCXLU-BLAUPYHCSA-N,Launched
dextromethorphan,"glutamate receptor antagonist, sigma receptor agonist","CHRNA2, CHRNA3, CHRNA4, CHRNA7, CHRNB2, CHRNB4, CYBA, CYBB, GRIN3A, NCF1, NCF2, NCF4, OPRD1, OPRK1, OPRM1, PGRMC1, RAC1, RAC2, SIGMAR1, SLC6A2, SLC6A4",pulmonary,cough suppressant,"MedChemEx, MicroSource, MicroSource",99.02,"COc1ccc2C[C@H]3[C@H]4CCCC[C@@]4(CCN3C)c2c1, COc1ccc2C[C@H]3[C@H]4CCCC[C@@]4(CCN3C)c2c1, COc1ccc2C[C@H]3[C@H]4CCCC[C@@]4(CCN3C)c2c1","MKXZASYAUGDDCJ-NJAFHUGGSA-N, MKXZASYAUGDDCJ-NJAFHUGGSA-N, MKXZASYAUGDDCJ-NJAFHUGGSA-N",Launched
dextrorotation-nimorazole-phosphate-ester,antiinfective drug,,,,MedChemEx,93.3,Cc1ncc(n1C[C@@H](CN1CCOCC1)OP(O)(O)=O)[N+]([O-])=O,CCDHHPOGWLYHAX-SNVBAGLBSA-N,Preclinical
dextrose,,,endocrinology,hypoglycemia,"MedChemEx, MedChemEx, Selleck",100,"OC[C@@H](O)[C@@H](O)[C@H](O)[C@@H](O)C=O, OC[C@@H](O)[C@@H](O)[C@H](O)[C@@H](O)C=O, OC[C@@H](O)[C@@H](O)[C@H](O)[C@@H](O)C=O","GZCGUPFRVQAUEE-SLPGGIOYSA-N, GZCGUPFRVQAUEE-SLPGGIOYSA-N, GZCGUPFRVQAUEE-SLPGGIOYSA-N",Launched
DFB,glutamate receptor agonist,GRM5,,,"Tocris, Tocris, Tocris, Tocris",98.04,"Fc1cccc(\C=N\N=C\c2cccc(F)c2)c1, Fc1cccc(\C=N\N=C\c2cccc(F)c2)c1, Fc1cccc(\C=N\N=C\c2cccc(F)c2)c1, Fc1cccc(\C=N\N=C\c2cccc(F)c2)c1","YYMCVDNIIFNDJK-BEQMOXJMSA-N, YYMCVDNIIFNDJK-BEQMOXJMSA-N, YYMCVDNIIFNDJK-BEQMOXJMSA-N, YYMCVDNIIFNDJK-BEQMOXJMSA-N",Preclinical
DG-172,PPAR receptor inverse agonist,PPARD,,,"Tocris, Tocris",87.99,"CN1CCN(CC1)c1ccc(\C=C(/C#N)c2ccccc2Br)cc1, CN1CCN(CC1)c1ccc(\C=C(/C#N)c2ccccc2Br)cc1","ZJMDTBBCNMGFMS-SAPNQHFASA-N, ZJMDTBBCNMGFMS-SAPNQHFASA-N",Preclinical
DG051,leukotriene synthesis inhibitor,,,,MedChemEx,95.07,OC(=O)CCCN1CCC[C@H]1COc1ccc(Oc2ccc(Cl)cc2)cc1,PVCTYSQBVIGZRU-KRWDZBQOSA-N,Preclinical
DH-97,melatonin receptor antagonist,MTNR1B,,,"Tocris, Tocris, Tocris",96.23,"CCCCC(=O)NCCc1c(Cc2ccccc2)[nH]c2ccccc12, CCCCC(=O)NCCc1c(Cc2ccccc2)[nH]c2ccccc12, CCCCC(=O)NCCc1c(Cc2ccccc2)[nH]c2ccccc12","HDOIPCLEKCEANF-UHFFFAOYSA-N, HDOIPCLEKCEANF-UHFFFAOYSA-N, HDOIPCLEKCEANF-UHFFFAOYSA-N",Preclinical
DHBP,ryanodine receptor blocker,,,,"Tocris, Tocris",84.11,"CCCCCCC[n+]1ccc(cc1)-c1cc[n+](CCCCCCC)cc1, CCCCCCC[n+]1ccc(cc1)-c1cc[n+](CCCCCCC)cc1","XJGZGUSMZSXHJI-UHFFFAOYSA-N, XJGZGUSMZSXHJI-UHFFFAOYSA-N",Preclinical
diacerein,interleukin inhibitor,IL1B,rheumatology,osteoarthritis,"MicroSource, MedChemEx, MedChemEx, Selleck, Selleck",95.35,"CC(=O)Oc1cccc2C(=O)c3cc(cc(OC(C)=O)c3C(=O)c12)C(O)=O, CC(=O)Oc1cccc2C(=O)c3cc(cc(OC(C)=O)c3C(=O)c12)C(O)=O, CC(=O)Oc1cccc2C(=O)c3cc(cc(OC(C)=O)c3C(=O)c12)C(O)=O, CC(=O)Oc1cccc2C(=O)c3cc(cc(OC(C)=O)c3C(=O)c12)C(O)=O, CC(=O)Oc1cccc2C(=O)c3cc(cc(OC(C)=O)c3C(=O)c12)C(O)=O","TYNLGDBUJLVSMA-UHFFFAOYSA-N, TYNLGDBUJLVSMA-UHFFFAOYSA-N, TYNLGDBUJLVSMA-UHFFFAOYSA-N, TYNLGDBUJLVSMA-UHFFFAOYSA-N, TYNLGDBUJLVSMA-UHFFFAOYSA-N",Launched
diacetamate,,,,,"MicroSource, Sigma",98.65,"CC(=O)Nc1ccc(OC(C)=O)cc1, CC(=O)Nc1ccc(OC(C)=O)cc1","UJAOSPFULOFZRR-UHFFFAOYSA-N, UJAOSPFULOFZRR-UHFFFAOYSA-N",Preclinical
diadenosine-tetraphosphate,adenosine kinase inhibitor,"P2RY13, P2RY2",,,Sigma,100,"Nc1ncnc2n(cnc12)[C@@H]1O[C@H](COP(O)(=O)OP(O)(=O)OP(O)(=O)OP(O)(=O)OC[C@H]2O[C@H]([C@H](O)[C@@H]2O)n2cnc3c(N)ncnc23)[C@@H](O)[C@H]1O |a:10,12,32,34,35,37,49,51,&1:15,&2:19,&3:23,&4:27|",YOAHKNVSNCMZGQ-XPWFQUROSA-N,Phase 1
dianhydrogalactitol,DNA alkylating agent,,,,"MedChemEx, MedChemEx, MedChemEx",78.8,"O[C@@H]([C@@H](O)[C@H]1CO1)[C@@H]1CO1, O[C@@H]([C@@H](O)[C@H]1CO1)[C@@H]1CO1, O[C@@H]([C@@H](O)[C@H]1CO1)[C@@H]1CO1","AAFJXZWCNVJTMK-GUCUJZIJSA-N, AAFJXZWCNVJTMK-GUCUJZIJSA-N, AAFJXZWCNVJTMK-GUCUJZIJSA-N",Phase 3
diarylpropionitrile,estrogen receptor agonist,ESR2,,,"Tocris, Tocris",94.36,"Oc1ccc(C[C@@H](C#N)c2ccc(O)cc2)cc1 |&1:6,r|, Oc1ccc(C[C@@H](C#N)c2ccc(O)cc2)cc1 |&1:6,r|","GHZHWDWADLAOIQ-ZDUSSCGKSA-N, GHZHWDWADLAOIQ-ZDUSSCGKSA-N",Preclinical
diatrizoic-acid,,,radiology,contrast agent,"MedChemEx, MicroSource",98.63,"CC(=O)Nc1c(I)c(NC(C)=O)c(I)c(C(O)=O)c1I, CC(=O)Nc1c(I)c(NC(C)=O)c(I)c(C(O)=O)c1I","YVPYQUNUQOZFHG-UHFFFAOYSA-N, YVPYQUNUQOZFHG-UHFFFAOYSA-N",Launched
diaveridine,dihydrofolate reductase inhibitor,,infectious disease,coccidiosis,"MedChemEx, MicroSource, MicroSource",99.41,"COc1ccc(Cc2cnc(N)nc2N)cc1OC, COc1ccc(Cc2cnc(N)nc2N)cc1OC, COc1ccc(Cc2cnc(N)nc2N)cc1OC","LDBTVAXGKYIFHO-UHFFFAOYSA-N, LDBTVAXGKYIFHO-UHFFFAOYSA-N, LDBTVAXGKYIFHO-UHFFFAOYSA-N",Launched
diazoxide,potassium channel activator,"ATP1A1, CA1, CA2, KCNJ11, KCNJ8, KCNMA1, SLC12A3",endocrinology,hypoglycemia,"Tocris, MicroSource, Tocris, Tocris, Tocris",99.38,"CC1=Nc2ccc(Cl)cc2S(=O)(=O)N1 |t:1|, CC1=Nc2ccc(Cl)cc2S(=O)(=O)N1 |t:1|, CC1=Nc2ccc(Cl)cc2S(=O)(=O)N1 |t:1|, CC1=Nc2ccc(Cl)cc2S(=O)(=O)N1 |t:1|, CC1=Nc2ccc(Cl)cc2S(=O)(=O)N1 |t:1|","GDLBFKVLRPITMI-UHFFFAOYSA-N, GDLBFKVLRPITMI-UHFFFAOYSA-N, GDLBFKVLRPITMI-UHFFFAOYSA-N, GDLBFKVLRPITMI-UHFFFAOYSA-N, GDLBFKVLRPITMI-UHFFFAOYSA-N",Launched
dibekacin,bacterial 30S ribosomal subunit inhibitor,,infectious disease,gram-negative bacterial infections,MicroSource,0,NC[C@@H]1CC[C@@H](N)[C@@H](O[C@@H]2[C@@H](N)C[C@@H](N)[C@H](O[C@H]3O[C@H](CO)[C@@H](O)[C@H](N)[C@H]3O)[C@H]2O)O1,JJCQSGDBDPYCEO-XVZSLQNASA-N,Launched
dibenzepine,norepinephrine reputake inhibitor,,,,"Selleck, Selleck",99.06,"CN(C)CCN1c2ccccc2N(C)c2ccccc2C1=O, CN(C)CCN1c2ccccc2N(C)c2ccccc2C1=O","QPGGEKPRGVJKQB-UHFFFAOYSA-N, QPGGEKPRGVJKQB-UHFFFAOYSA-N",Preclinical
dibenzothiophene,,,,,"MicroSource, Selleck, Selleck",99.86,"c1ccc2c(c1)sc1ccccc21, c1ccc2c(c1)sc1ccccc21, c1ccc2c(c1)sc1ccccc21","IYYZUPMFVPLQIF-UHFFFAOYSA-N, IYYZUPMFVPLQIF-UHFFFAOYSA-N, IYYZUPMFVPLQIF-UHFFFAOYSA-N",Preclinical
dibutyl-phthalate,,TRPA1,,,"MedChemEx, MicroSource",99.18,"CCCCOC(=O)c1ccccc1C(=O)OCCCC, CCCCOC(=O)c1ccccc1C(=O)OCCCC","DOIRQSBPFJWKBE-UHFFFAOYSA-N, DOIRQSBPFJWKBE-UHFFFAOYSA-N",Preclinical
dichlorisone-acetate,,,,,"MedChemEx, MicroSource, Selleck, Selleck",91.61,"CC(=O)OCC(=O)[C@@]1(O)CC[C@H]2[C@@H]3CCC4=CC(=O)C=C[C@]4(C)[C@@]3(Cl)[C@@H](Cl)C[C@]12C |c:19,t:15|, CC(=O)OCC(=O)[C@@]1(O)CC[C@H]2[C@@H]3CCC4=CC(=O)C=C[C@]4(C)[C@@]3(Cl)[C@@H](Cl)C[C@]12C |c:19,t:15|, CC(=O)OCC(=O)[C@@]1(O)CC[C@H]2[C@@H]3CCC4=CC(=O)C=C[C@]4(C)[C@@]3(Cl)[C@@H](Cl)C[C@]12C |c:19,t:15|, CC(=O)OCC(=O)[C@@]1(O)CC[C@H]2[C@@H]3CCC4=CC(=O)C=C[C@]4(C)[C@@]3(Cl)[C@@H](Cl)C[C@]12C |c:19,t:15|","YNNURTVKPVJVEI-GSLJADNHSA-N, YNNURTVKPVJVEI-GSLJADNHSA-N, YNNURTVKPVJVEI-GSLJADNHSA-N, YNNURTVKPVJVEI-GSLJADNHSA-N",Phase 2
dichloroacetate,pyruvate dehydrogenase kinase inhibitor,,,,"Sigma, Sigma, Tocris",96.5,"[Na].OC(=O)C(Cl)Cl, [Na].OC(=O)C(Cl)Cl, [Na].OC(=O)C(Cl)Cl","FLWQSOHPGISTPX-UHFFFAOYSA-N, FLWQSOHPGISTPX-UHFFFAOYSA-N, FLWQSOHPGISTPX-UHFFFAOYSA-N",Phase 3
dichlorophen,anticestodal agent,,infectious disease,"hookworm, tapeworm","Sigma, Sigma, Sigma, MicroSource, MicroSource, MicroSource, MicroSource",93.8,"Oc1ccc(Cl)cc1Cc1cc(Cl)ccc1O, Oc1ccc(Cl)cc1Cc1cc(Cl)ccc1O, Oc1ccc(Cl)cc1Cc1cc(Cl)ccc1O, Oc1ccc(Cl)cc1Cc1cc(Cl)ccc1O, Oc1ccc(Cl)cc1Cc1cc(Cl)ccc1O, Oc1ccc(Cl)cc1Cc1cc(Cl)ccc1O, Oc1ccc(Cl)cc1Cc1cc(Cl)ccc1O","MDNWOSOZYLHTCG-UHFFFAOYSA-N, MDNWOSOZYLHTCG-UHFFFAOYSA-N, MDNWOSOZYLHTCG-UHFFFAOYSA-N, MDNWOSOZYLHTCG-UHFFFAOYSA-N, MDNWOSOZYLHTCG-UHFFFAOYSA-N, MDNWOSOZYLHTCG-UHFFFAOYSA-N, MDNWOSOZYLHTCG-UHFFFAOYSA-N",Launched
dichlorvos,acetylcholinesterase inhibitor,,,,"MicroSource, AMS",0,"COP(=O)(OC)OC=C(Cl)Cl, COP(=O)(OC)OC=C(Cl)Cl","OEBRKCOSUFCWJD-UHFFFAOYSA-N, OEBRKCOSUFCWJD-UHFFFAOYSA-N",Launched
diclazuril,antiprotozoal agent,,infectious disease,equine protozoal myeloencephalitis (EPM),"MicroSource, MedChemEx, Selleck, Selleck",98.14,"Clc1ccc(cc1)[C@@H](C#N)c1c(Cl)cc(cc1Cl)-n1ncc(=O)[nH]c1=O |&1:7,r|, Clc1ccc(cc1)[C@@H](C#N)c1c(Cl)cc(cc1Cl)-n1ncc(=O)[nH]c1=O |&1:7,r|, Clc1ccc(cc1)[C@@H](C#N)c1c(Cl)cc(cc1Cl)-n1ncc(=O)[nH]c1=O |&1:7,r|, Clc1ccc(cc1)[C@@H](C#N)c1c(Cl)cc(cc1Cl)-n1ncc(=O)[nH]c1=O |&1:7,r|","ZSZFUDFOPOMEET-GFCCVEGCSA-N, ZSZFUDFOPOMEET-GFCCVEGCSA-N, ZSZFUDFOPOMEET-GFCCVEGCSA-N, ZSZFUDFOPOMEET-GFCCVEGCSA-N",Launched
diclofenac,cyclooxygenase inhibitor,"AKR1C3, ALOX5, ASIC1, ASIC3, KCNQ2, KCNQ3, PLA2G2A, PPARG, PTGS1, PTGS2, SCN4A","rheumatology, neurology/psychiatry","rheumatoid arthritis, osteoarthritis, migraine headache","MicroSource, Selleck, Selleck, Selleck",99.61,"OC(=O)Cc1ccccc1Nc1c(Cl)cccc1Cl, OC(=O)Cc1ccccc1Nc1c(Cl)cccc1Cl, OC(=O)Cc1ccccc1Nc1c(Cl)cccc1Cl, OC(=O)Cc1ccccc1Nc1c(Cl)cccc1Cl","DCOPUUMXTXDBNB-UHFFFAOYSA-N, DCOPUUMXTXDBNB-UHFFFAOYSA-N, DCOPUUMXTXDBNB-UHFFFAOYSA-N, DCOPUUMXTXDBNB-UHFFFAOYSA-N",Launched
diclofenamide,carbonic anhydrase inhibitor,"CA1, CA12, CA2, CA4, CA7","ophthalmology, neurology/psychiatry","glaucoma, epilepsy","MedChemEx, Selleck",98.21,"NS(=O)(=O)c1cc(Cl)c(Cl)c(c1)S(N)(=O)=O, NS(=O)(=O)c1cc(Cl)c(Cl)c(c1)S(N)(=O)=O","GJQPMPFPNINLKP-UHFFFAOYSA-N, GJQPMPFPNINLKP-UHFFFAOYSA-N",Launched
diclofensine,dopamine reuptake inhibitor,"DRD1, MAOA, MAOB",,,"MedChemEx, MedChemEx",97.83,"COc1ccc2[C@@H](CN(C)Cc2c1)c1ccc(Cl)c(Cl)c1 |&1:6|, COc1ccc2[C@@H](CN(C)Cc2c1)c1ccc(Cl)c(Cl)c1 |&1:6|","ZJDCGVDEEHWEIG-HNNXBMFYSA-N, ZJDCGVDEEHWEIG-HNNXBMFYSA-N",Phase 3
dicloralurea,,,,,"MicroSource, Labotest",100,"O[C@@H](NC(=O)N[C@@H](O)C(Cl)(Cl)Cl)C(Cl)(Cl)Cl |&1:1,&2:6,r|, O[C@@H](NC(=O)N[C@@H](O)C(Cl)(Cl)Cl)C(Cl)(Cl)Cl |&1:1,&2:6,r|","PPJXIHLNYDVTDI-XIXRPRMCSA-N, PPJXIHLNYDVTDI-XIXRPRMCSA-N",Preclinical
dicloxacillin,bacterial cell wall synthesis inhibitor,,infectious disease,gram-positive bacterial infections,"MedChemEx, MicroSource, Selleck, Selleck",87.83,"Cc1onc(c1C(=O)N[C@H]1[C@H]2SC(C)(C)[C@@H](N2C1=O)C(O)=O)-c1c(Cl)cccc1Cl, Cc1onc(c1C(=O)N[C@H]1[C@H]2SC(C)(C)[C@@H](N2C1=O)C(O)=O)-c1c(Cl)cccc1Cl, Cc1onc(c1C(=O)N[C@H]1[C@H]2SC(C)(C)[C@@H](N2C1=O)C(O)=O)-c1c(Cl)cccc1Cl, Cc1onc(c1C(=O)N[C@H]1[C@H]2SC(C)(C)[C@@H](N2C1=O)C(O)=O)-c1c(Cl)cccc1Cl","YFAGHNZHGGCZAX-JKIFEVAISA-N, YFAGHNZHGGCZAX-JKIFEVAISA-N, YFAGHNZHGGCZAX-JKIFEVAISA-N, YFAGHNZHGGCZAX-JKIFEVAISA-N",Launched
dicoumarol,NADPH inhibitor,"CRYZ, NQO1, VKORC1",hematology,deep vein thrombosis (DVT),"MedChemEx, MicroSource",99.51,"Oc1c(Cc2c(O)c3ccccc3oc2=O)c(=O)oc2ccccc12, Oc1c(Cc2c(O)c3ccccc3oc2=O)c(=O)oc2ccccc12","DOBMPNYZJYQDGZ-UHFFFAOYSA-N, DOBMPNYZJYQDGZ-UHFFFAOYSA-N",Launched
dicyclohexylamine,,,,,"Vitas-M, Labotest",96.38,"C1CCC(CC1)NC1CCCCC1, C1CCC(CC1)NC1CCCCC1","XBPCUCUWBYBCDP-UHFFFAOYSA-N, XBPCUCUWBYBCDP-UHFFFAOYSA-N",Preclinical
dicycloverine,acetylcholine receptor antagonist,"CHRM1, CHRM2, CHRM3",gastroenterology,irritable bowel syndrome,"MicroSource, Selleck, Selleck",100,"CCN(CC)CCOC(=O)C1(CCCCC1)C1CCCCC1, CCN(CC)CCOC(=O)C1(CCCCC1)C1CCCCC1, CCN(CC)CCOC(=O)C1(CCCCC1)C1CCCCC1","CURUTKGFNZGFSE-UHFFFAOYSA-N, CURUTKGFNZGFSE-UHFFFAOYSA-N, CURUTKGFNZGFSE-UHFFFAOYSA-N",Launched
didanosine,nucleoside reverse transcriptase inhibitor,PNP,infectious disease,human immunodeficiency virus (HIV-1),"MedChemEx, Selleck, Selleck, Selleck, Selleck, Selleck",99.4,"OC[C@@H]1CC[C@@H](O1)n1cnc2c1[nH]cnc2=O, OC[C@@H]1CC[C@@H](O1)n1cnc2c1[nH]cnc2=O, OC[C@@H]1CC[C@@H](O1)n1cnc2c1[nH]cnc2=O, OC[C@@H]1CC[C@@H](O1)n1cnc2c1[nH]cnc2=O, OC[C@@H]1CC[C@@H](O1)n1cnc2c1[nH]cnc2=O, OC[C@@H]1CC[C@@H](O1)n1cnc2c1[nH]cnc2=O","BXZVVICBKDXVGW-NKWVEPMBSA-N, BXZVVICBKDXVGW-NKWVEPMBSA-N, BXZVVICBKDXVGW-NKWVEPMBSA-N, BXZVVICBKDXVGW-NKWVEPMBSA-N, BXZVVICBKDXVGW-NKWVEPMBSA-N, BXZVVICBKDXVGW-NKWVEPMBSA-N",Launched
dideoxyadenosine,nucleoside reverse transcriptase inhibitor,,,,"Berry, Berry",97.9,"Nc1ncnc2n(cnc12)[C@H]1CC[C@@H](CO)O1, Nc1ncnc2n(cnc12)[C@H]1CC[C@@H](CO)O1","WVXRAFOPTSTNLL-NKWVEPMBSA-N, WVXRAFOPTSTNLL-NKWVEPMBSA-N",Phase 1
didox,ribonucleotide reductase inhibitor,RRM1,oncology,breast cancer,MedChemEx,95.72,ONC(=O)c1ccc(O)c(O)c1,QJMCKEPOKRERLN-UHFFFAOYSA-N,Launched
dienestrol,estrogen receptor agonist,ESR1,endocrinology,menopause,"MedChemEx, MicroSource, MicroSource, MicroSource",93.72,"C\C=C(\C(=C\C)\c1ccc(O)cc1)/c1ccc(O)cc1, C\C=C(\C(=C\C)\c1ccc(O)cc1)/c1ccc(O)cc1, C\C=C(\C(=C\C)\c1ccc(O)cc1)/c1ccc(O)cc1, C\C=C(\C(=C\C)\c1ccc(O)cc1)/c1ccc(O)cc1","NFDFQCUYFHCNBW-SCGPFSFSSA-N, NFDFQCUYFHCNBW-SCGPFSFSSA-N, NFDFQCUYFHCNBW-SCGPFSFSSA-N, NFDFQCUYFHCNBW-SCGPFSFSSA-N",Launched
dienogest,progesterone receptor agonist,PGR,"endocrinology, obstetrics/gynecology","contraceptive, endometriosis","MedChemEx, MedChemEx, Selleck",95.22,"C[C@]12CCC3=C4CCC(=O)C=C4CC[C@H]3[C@@H]1CC[C@@]2(O)CC#N |c:4,10|, C[C@]12CCC3=C4CCC(=O)C=C4CC[C@H]3[C@@H]1CC[C@@]2(O)CC#N |c:4,10|, C[C@]12CCC3=C4CCC(=O)C=C4CC[C@H]3[C@@H]1CC[C@@]2(O)CC#N |c:4,10|","AZFLJNIPTRTECV-FUMNGEBKSA-N, AZFLJNIPTRTECV-FUMNGEBKSA-N, AZFLJNIPTRTECV-FUMNGEBKSA-N",Launched
diethylcarbamazine,lipoxygenase inhibitor,"ALOX5, PTGS1",infectious disease,filariasis,"MedChemEx, MedChemEx, MicroSource",99.23,"CCN(CC)C(=O)N1CCN(C)CC1, CCN(CC)C(=O)N1CCN(C)CC1, CCN(CC)C(=O)N1CCN(C)CC1","RCKMWOKWVGPNJF-UHFFFAOYSA-N, RCKMWOKWVGPNJF-UHFFFAOYSA-N, RCKMWOKWVGPNJF-UHFFFAOYSA-N",Launched
diethylstilbestrol,estrogen receptor agonist,"ESR1, ESR2, ESRRB, ESRRG",,,"MicroSource, Selleck, Selleck",93.73,"CC\C(=C(\CC)c1ccc(O)cc1)c1ccc(O)cc1, CC\C(=C(\CC)c1ccc(O)cc1)c1ccc(O)cc1, CC\C(=C(\CC)c1ccc(O)cc1)c1ccc(O)cc1","RGLYKWWBQGJZGM-ISLYRVAYSA-N, RGLYKWWBQGJZGM-ISLYRVAYSA-N, RGLYKWWBQGJZGM-ISLYRVAYSA-N",Withdrawn
diethyltoluamide,ionotropic receptor IR40a activator,,dermatology,sunscreen lotion,"MedChemEx, MicroSource, MicroSource",98.89,"CCN(CC)C(=O)c1cccc(C)c1, CCN(CC)C(=O)c1cccc(C)c1, CCN(CC)C(=O)c1cccc(C)c1","MMOXZBCLCQITDF-UHFFFAOYSA-N, MMOXZBCLCQITDF-UHFFFAOYSA-N, MMOXZBCLCQITDF-UHFFFAOYSA-N",Launched
difenpiramide,"cyclooxygenase inhibitor, prostaglandin inhibitor",,neurology/psychiatry,pain relief,Enamine,85.55,O=C(Cc1ccc(cc1)-c1ccccc1)Nc1ccccn1,PWHROYKAGRUWDQ-UHFFFAOYSA-N,Launched
diflorasone-diacetate,glucocorticoid receptor agonist,NR3C1,dermatology,corticosteroid-responsive dermatoses,,0,,,Launched
difloxacin,bacterial DNA gyrase inhibitor,,infectious disease,"skin infections, urinary tract infections","MicroSource, Selleck, Selleck",97.01,"CN1CCN(CC1)c1cc2n(cc(C(O)=O)c(=O)c2cc1F)-c1ccc(F)cc1, CN1CCN(CC1)c1cc2n(cc(C(O)=O)c(=O)c2cc1F)-c1ccc(F)cc1, CN1CCN(CC1)c1cc2n(cc(C(O)=O)c(=O)c2cc1F)-c1ccc(F)cc1","NOCJXYPHIIZEHN-UHFFFAOYSA-N, NOCJXYPHIIZEHN-UHFFFAOYSA-N, NOCJXYPHIIZEHN-UHFFFAOYSA-N",Launched
diflunisal,prostanoid receptor antagonist,"PTGS1, PTGS2",rheumatology,"rheumatoid arthritis, osteoarthritis",MicroSource,98.97,OC(=O)c1cc(ccc1O)-c1ccc(F)cc1F,HUPFGZXOMWLGNK-UHFFFAOYSA-N,Launched
difluprednate,glucocorticoid receptor agonist,NR3C1,ophthalmology,endogenous uveitis,MedChemEx,91.09,"CCCC(=O)O[C@@]1(CC[C@H]2[C@@H]3C[C@H](F)C4=CC(=O)C=C[C@]4(C)[C@@]3(F)[C@@H](O)C[C@]12C)C(=O)COC(C)=O |c:18,t:14|",WYQPLTPSGFELIB-JTQPXKBDSA-N,Launched
diftalone,cyclooxygenase inhibitor,,endocrinology,thyroiditis,"Vitas-M, Vitas-M",98.16,"O=C1N2Cc3ccccc3C(=O)N2Cc2ccccc12, O=C1N2Cc3ccccc3C(=O)N2Cc2ccccc12","CXSJGNHRBWJXEA-UHFFFAOYSA-N, CXSJGNHRBWJXEA-UHFFFAOYSA-N",Launched
digitoxigenin,ATPase inhibitor,ATP1A1,,,"Sigma, Prestwick, Prestwick, Prestwick, Prestwick",93.94,"C[C@]12CC[C@H]3[C@@H](CC[C@@H]4C[C@@H](O)CC[C@]34C)[C@@]1(O)CC[C@@H]2C1=CC(=O)OC1 |t:25|, C[C@]12CC[C@H]3[C@@H](CC[C@@H]4C[C@@H](O)CC[C@]34C)[C@@]1(O)CC[C@@H]2C1=CC(=O)OC1 |t:25|, C[C@]12CC[C@H]3[C@@H](CC[C@@H]4C[C@@H](O)CC[C@]34C)[C@@]1(O)CC[C@@H]2C1=CC(=O)OC1 |t:25|, C[C@]12CC[C@H]3[C@@H](CC[C@@H]4C[C@@H](O)CC[C@]34C)[C@@]1(O)CC[C@@H]2C1=CC(=O)OC1 |t:25|, C[C@]12CC[C@H]3[C@@H](CC[C@@H]4C[C@@H](O)CC[C@]34C)[C@@]1(O)CC[C@@H]2C1=CC(=O)OC1 |t:25|","XZTUSOXSLKTKJQ-CESUGQOBSA-N, XZTUSOXSLKTKJQ-CESUGQOBSA-N, XZTUSOXSLKTKJQ-CESUGQOBSA-N, XZTUSOXSLKTKJQ-CESUGQOBSA-N, XZTUSOXSLKTKJQ-CESUGQOBSA-N",Preclinical
digitoxin,ATPase inhibitor,"ATP1A1, ATP1A2, ATP1A3, ATP1A4, ATP1B1, ATP1B2, ATP1B3, FXYD2",cardiology,"congestive heart failure, cardiac arrythmia","MedChemEx, MedChemEx",89.4,"C[C@H]1O[C@H](C[C@H](O)[C@@H]1O)O[C@H]1[C@@H](O)C[C@H](O[C@H]2[C@@H](O)C[C@H](O[C@H]3CC[C@@]4(C)[C@H](CC[C@@H]5[C@@H]4CC[C@]4(C)[C@H](CC[C@]54O)C4=CC(=O)OC4)C3)O[C@@H]2C)O[C@@H]1C |t:45|, C[C@H]1O[C@H](C[C@H](O)[C@@H]1O)O[C@H]1[C@@H](O)C[C@H](O[C@H]2[C@@H](O)C[C@H](O[C@H]3CC[C@@]4(C)[C@H](CC[C@@H]5[C@@H]4CC[C@]4(C)[C@H](CC[C@]54O)C4=CC(=O)OC4)C3)O[C@@H]2C)O[C@@H]1C |t:45|","WDJUZGPOPHTGOT-XUDUSOBPSA-N, WDJUZGPOPHTGOT-XUDUSOBPSA-N",Launched
digoxigenin,steroid,,,,"MedChemEx, MedChemEx, Selleck",97.81,"C[C@@]12[C@H](CC[C@]1(O)[C@@H]1CC[C@@H]3C[C@@H](O)CC[C@]3(C)[C@H]1C[C@H]2O)C1=CC(=O)OC1 |t:26|, C[C@@]12[C@H](CC[C@]1(O)[C@@H]1CC[C@@H]3C[C@@H](O)CC[C@]3(C)[C@H]1C[C@H]2O)C1=CC(=O)OC1 |t:26|, C[C@@]12[C@H](CC[C@]1(O)[C@@H]1CC[C@@H]3C[C@@H](O)CC[C@]3(C)[C@H]1C[C@H]2O)C1=CC(=O)OC1 |t:26|","SHIBSTMRCDJXLN-KCZCNTNESA-N, SHIBSTMRCDJXLN-KCZCNTNESA-N, SHIBSTMRCDJXLN-KCZCNTNESA-N",Preclinical
digoxin,ATPase inhibitor,ATP1A1,cardiology,"congestive heart failure, atrial fibrillation (AF)","Tocris, Tocris",96.21,"[H][C@@]1(C[C@H](O)[C@H](O[C@@]2([H])C[C@H](O)[C@H](O[C@@]3([H])C[C@H](O)[C@H](O)[C@@H](C)O3)[C@@H](C)O2)[C@@H](C)O1)O[C@H]1CC[C@@]2(C)[C@]([H])(CC[C@]3([H])[C@]2([H])C[C@@H](O)[C@@]2(C)[C@H](CC[C@]32O)C2=CC(=O)OC2)C1 |t:60|, [H][C@@]1(C[C@H](O)[C@H](O[C@@]2([H])C[C@H](O)[C@H](O[C@@]3([H])C[C@H](O)[C@H](O)[C@@H](C)O3)[C@@H](C)O2)[C@@H](C)O1)O[C@H]1CC[C@@]2(C)[C@]([H])(CC[C@]3([H])[C@]2([H])C[C@@H](O)[C@@]2(C)[C@H](CC[C@]32O)C2=CC(=O)OC2)C1 |t:60|","LTMHDMANZUZIPE-SYUUTQQWSA-N, LTMHDMANZUZIPE-SYUUTQQWSA-N",Launched
dihomo-gamma-linolenic-acid,prostanoid receptor agonist,"PTGS1, PTGS2",,,"Sigma, Sigma, Enzo",81.2,"CCCCC\C=C/C\C=C/C\C=C/CCCCCCC(O)=O, CCCCC\C=C/C\C=C/C\C=C/CCCCCCC(O)=O, CCCCC\C=C/C\C=C/C\C=C/CCCCCCC(O)=O","HOBAELRKJCKHQD-QNEBEIHSSA-N, HOBAELRKJCKHQD-QNEBEIHSSA-N, HOBAELRKJCKHQD-QNEBEIHSSA-N",Phase 2
dihydrexidine,dopamine receptor agonist,"DRD1, DRD2, DRD3, DRD4, DRD5",,,"Tocris, Tocris, Tocris, Tocris",100,"Oc1cc2CC[C@H]3NCc4ccccc4[C@@H]3c2cc1O, Oc1cc2CC[C@H]3NCc4ccccc4[C@@H]3c2cc1O, Oc1cc2CC[C@H]3NCc4ccccc4[C@@H]3c2cc1O, Oc1cc2CC[C@H]3NCc4ccccc4[C@@H]3c2cc1O","BGOQGUHWXBGXJW-RHSMWYFYSA-N, BGOQGUHWXBGXJW-RHSMWYFYSA-N, BGOQGUHWXBGXJW-RHSMWYFYSA-N, BGOQGUHWXBGXJW-RHSMWYFYSA-N",Phase 2
dihydroartemisinin,antimalarial agent,,infectious disease,malaria,"MedChemEx, MicroSource, MicroSource, Selleck",94.91,"C[C@@H]1CC[C@H]2[C@@H](C)[C@@H](O)O[C@@H]3O[C@@]4(C)CC[C@@H]1[C@@]23OO4, C[C@@H]1CC[C@H]2[C@@H](C)[C@@H](O)O[C@@H]3O[C@@]4(C)CC[C@@H]1[C@@]23OO4, C[C@@H]1CC[C@H]2[C@@H](C)[C@@H](O)O[C@@H]3O[C@@]4(C)CC[C@@H]1[C@@]23OO4, C[C@@H]1CC[C@H]2[C@@H](C)[C@@H](O)O[C@@H]3O[C@@]4(C)CC[C@@H]1[C@@]23OO4","BJDCWCLMFKKGEE-ISOSDAIHSA-N, BJDCWCLMFKKGEE-ISOSDAIHSA-N, BJDCWCLMFKKGEE-ISOSDAIHSA-N, BJDCWCLMFKKGEE-ISOSDAIHSA-N",Launched
dihydroergocristine,"adrenergic receptor antagonist, prolactin inhibitor","ADRA1A, ADRB1, DRD1, DRD2, DRD3, DRD4, DRD5, HTR1A, HTR2A, HTR3A, HTR4, HTR5A, HTR6, HTR7",neurology/psychiatry,"senile dementia, cerebrovascular insufficiency","Tocris, Tocris, Tocris, Tocris, Tocris, Tocris, Tocris",96.31,"CC(C)[C@@]1(NC(=O)[C@@H]2C[C@H]3[C@@H](Cc4c[nH]c5cccc3c45)N(C)C2)O[C@@]2(O)[C@@H]3CCCN3C(=O)[C@H](Cc3ccccc3)N2C1=O, CC(C)[C@@]1(NC(=O)[C@@H]2C[C@H]3[C@@H](Cc4c[nH]c5cccc3c45)N(C)C2)O[C@@]2(O)[C@@H]3CCCN3C(=O)[C@H](Cc3ccccc3)N2C1=O, CC(C)[C@@]1(NC(=O)[C@@H]2C[C@H]3[C@@H](Cc4c[nH]c5cccc3c45)N(C)C2)O[C@@]2(O)[C@@H]3CCCN3C(=O)[C@H](Cc3ccccc3)N2C1=O, CC(C)[C@@]1(NC(=O)[C@@H]2C[C@H]3[C@@H](Cc4c[nH]c5cccc3c45)N(C)C2)O[C@@]2(O)[C@@H]3CCCN3C(=O)[C@H](Cc3ccccc3)N2C1=O, CC(C)[C@@]1(NC(=O)[C@@H]2C[C@H]3[C@@H](Cc4c[nH]c5cccc3c45)N(C)C2)O[C@@]2(O)[C@@H]3CCCN3C(=O)[C@H](Cc3ccccc3)N2C1=O, CC(C)[C@@]1(NC(=O)[C@@H]2C[C@H]3[C@@H](Cc4c[nH]c5cccc3c45)N(C)C2)O[C@@]2(O)[C@@H]3CCCN3C(=O)[C@H](Cc3ccccc3)N2C1=O, CC(C)[C@@]1(NC(=O)[C@@H]2C[C@H]3[C@@H](Cc4c[nH]c5cccc3c45)N(C)C2)O[C@@]2(O)[C@@H]3CCCN3C(=O)[C@H](Cc3ccccc3)N2C1=O","DEQITUUQPICUMR-HJPBWRTMSA-N, DEQITUUQPICUMR-HJPBWRTMSA-N, DEQITUUQPICUMR-HJPBWRTMSA-N, DEQITUUQPICUMR-HJPBWRTMSA-N, DEQITUUQPICUMR-HJPBWRTMSA-N, DEQITUUQPICUMR-HJPBWRTMSA-N, DEQITUUQPICUMR-HJPBWRTMSA-N",Launched
dihydroergotamine,serotonin receptor agonist,"ADRA2A, DRD2, HTR1B, HTR1D, HTR1E, HTR1F, HTR2B, HTR7",neurology/psychiatry,migraine headache,"Tocris, MicroSource, Tocris, Tocris",97.15,"CN1C[C@@H](C[C@H]2[C@H]1Cc1c[nH]c3cccc2c13)C(=O)N[C@]1(C)O[C@@]2(O)[C@@H]3CCCN3C(=O)[C@H](Cc3ccccc3)N2C1=O, CN1C[C@@H](C[C@H]2[C@H]1Cc1c[nH]c3cccc2c13)C(=O)N[C@]1(C)O[C@@]2(O)[C@@H]3CCCN3C(=O)[C@H](Cc3ccccc3)N2C1=O, CN1C[C@@H](C[C@H]2[C@H]1Cc1c[nH]c3cccc2c13)C(=O)N[C@]1(C)O[C@@]2(O)[C@@H]3CCCN3C(=O)[C@H](Cc3ccccc3)N2C1=O, CN1C[C@@H](C[C@H]2[C@H]1Cc1c[nH]c3cccc2c13)C(=O)N[C@]1(C)O[C@@]2(O)[C@@H]3CCCN3C(=O)[C@H](Cc3ccccc3)N2C1=O","LUZRJRNZXALNLM-JGRZULCMSA-N, LUZRJRNZXALNLM-JGRZULCMSA-N, LUZRJRNZXALNLM-JGRZULCMSA-N, LUZRJRNZXALNLM-JGRZULCMSA-N",Launched
dihydromyricetin,,,,,"MedChemEx, MedChemEx, Selleck, Selleck",80.78,"O[C@@H]1[C@H](Oc2cc(O)cc(O)c2C1=O)c1cc(O)c(O)c(O)c1, O[C@@H]1[C@H](Oc2cc(O)cc(O)c2C1=O)c1cc(O)c(O)c(O)c1, O[C@@H]1[C@H](Oc2cc(O)cc(O)c2C1=O)c1cc(O)c(O)c(O)c1, O[C@@H]1[C@H](Oc2cc(O)cc(O)c2C1=O)c1cc(O)c(O)c(O)c1","KJXSIXMJHKAJOD-LSDHHAIUSA-N, KJXSIXMJHKAJOD-LSDHHAIUSA-N, KJXSIXMJHKAJOD-LSDHHAIUSA-N, KJXSIXMJHKAJOD-LSDHHAIUSA-N",Preclinical
dihydrostreptomycin,bacterial 30S ribosomal subunit inhibitor,,,,Selleck,54.8,CN[C@H]1[C@H](O)[C@@H](O)[C@H](CO)O[C@H]1O[C@H]1[C@H](O[C@@H]2[C@@H](O)[C@H](O)[C@@H](NC(N)=N)[C@H](O)[C@H]2NC(N)=N)O[C@@H](C)[C@]1(O)CO.CN[C@H]1[C@H](O)[C@@H](O)[C@H](CO)O[C@H]1O[C@H]1[C@H](O[C@@H]2[C@@H](O)[C@H](O)[C@@H](NC(N)=N)[C@H](O)[C@H]2NC(N)=N)O[C@@H](C)[C@]1(O)CO,DLNWBHHJUACHNB-SNGKZNBCSA-N,Withdrawn
dihydrotachysterol,vitamin analog,VDR,"orthopedics, endocrinology","rickets, hypocalcemia, osteomalacia",Sigma,0,"CC(C)[C@@H](C)\C=C\[C@@H](C)[C@H]1CC[C@@H]2\C(CCC[C@@]12C)=C\C=C1/C[C@@H](O)CC[C@@H]1C |&1:3,&2:7,&3:9,&4:12,&5:17,&6:23,&7:27,r|",ILYCWAKSDCYMBB-CEQNRCNESA-N,Launched
dihydroxyacetone,,,dermatology,skin protectant,Sigma,0,OCC(=O)CO,RXKJFZQQPQGTFL-UHFFFAOYSA-N,Launched
dihydroxyphenylglycine,glutamate receptor agonist,"GRM1, GRM5",,,"Tocris, Tocris",100,"N[C@@H](C(O)=O)c1cc(O)cc(O)c1 |&1:1,r|, N[C@@H](C(O)=O)c1cc(O)cc(O)c1 |&1:1,r|","HOOWCUZPEFNHDT-SSDOTTSWSA-N, HOOWCUZPEFNHDT-SSDOTTSWSA-N",Preclinical
diiodothyropropionic-acid,thyroid hormone stimulant,,,,Sigma,3.17,OC(=O)CCc1cc(I)c(Oc2ccc(O)cc2)c(I)c1,WONYMNWUJVKVII-UHFFFAOYSA-N,Phase 2
dilazep,adenosine reuptake inhibitor,SLC29A1,cardiology,coronary heart disease,"MicroSource, Tocris",92.84,"COc1cc(cc(OC)c1OC)C(=O)OCCCN1CCCN(CCCOC(=O)c2cc(OC)c(OC)c(OC)c2)CC1, COc1cc(cc(OC)c1OC)C(=O)OCCCN1CCCN(CCCOC(=O)c2cc(OC)c(OC)c(OC)c2)CC1","QVZCXCJXTMIDME-UHFFFAOYSA-N, QVZCXCJXTMIDME-UHFFFAOYSA-N",Launched
dilmapimod,p38 MAPK inhibitor,,,,MedChemEx,95.74,Cc1cc(F)ccc1-c1nc(NC(CO)CO)nc2n(-c3c(F)cccc3F)c(=O)ccc12,ORVNHOYNEHYKJG-UHFFFAOYSA-N,Phase 1
diloxanide,protein synthesis inhibitor,,infectious disease,amebiasis,MicroSource,98.59,CN(C(=O)C(Cl)Cl)c1ccc(OC(=O)c2ccco2)cc1,BDYYDXJSHYEDGB-UHFFFAOYSA-N,Launched
diltiazem,calcium channel blocker,"CACNA1C, CACNA1S, CACNA2D1, CACNG1, HTR3A, KCNA5",cardiology,"hypertension, angina pectoris","Tocris, Tocris, Tocris, Tocris, Selleck, Tocris",99.25,"COc1ccc(cc1)[C@@H]1Sc2ccccc2N(CCN(C)C)C(=O)[C@@H]1OC(C)=O, COc1ccc(cc1)[C@@H]1Sc2ccccc2N(CCN(C)C)C(=O)[C@@H]1OC(C)=O, COc1ccc(cc1)[C@@H]1Sc2ccccc2N(CCN(C)C)C(=O)[C@@H]1OC(C)=O, COc1ccc(cc1)[C@@H]1Sc2ccccc2N(CCN(C)C)C(=O)[C@@H]1OC(C)=O, COc1ccc(cc1)[C@@H]1Sc2ccccc2N(CCN(C)C)C(=O)[C@@H]1OC(C)=O, COc1ccc(cc1)[C@@H]1Sc2ccccc2N(CCN(C)C)C(=O)[C@@H]1OC(C)=O","HSUGRBWQSSZJOP-RTWAWAEBSA-N, HSUGRBWQSSZJOP-RTWAWAEBSA-N, HSUGRBWQSSZJOP-RTWAWAEBSA-N, HSUGRBWQSSZJOP-RTWAWAEBSA-N, HSUGRBWQSSZJOP-RTWAWAEBSA-N, HSUGRBWQSSZJOP-RTWAWAEBSA-N",Launched
DIM-C-pPhCO2Me,nuclear receptor antagonist,,,,MedChemEx,95.06,COC(=O)c1ccc(cc1)C(c1c[nH]c2ccccc12)c1c[nH]c2ccccc12,BBAOKSZCULLDIW-UHFFFAOYSA-N,Preclinical
dimaprit,histamine receptor agonist,"HRH2, HRH3, HRH4",,,"Selleck, Tocris, Tocris, Tocris",100,"CN(C)CCCSC(N)=N, CN(C)CCCSC(N)=N, CN(C)CCCSC(N)=N, CN(C)CCCSC(N)=N","OLHQOJYVQUNWPL-UHFFFAOYSA-N, OLHQOJYVQUNWPL-UHFFFAOYSA-N, OLHQOJYVQUNWPL-UHFFFAOYSA-N, OLHQOJYVQUNWPL-UHFFFAOYSA-N",Preclinical
dimemorfan,sigma receptor agonist,SIGMAR1,pulmonary,cough suppressant,"Key, Key, Key",98.52,"CN1CC[C@@]23CCCC[C@@H]2[C@@H]1Cc1ccc(C)cc31, CN1CC[C@@]23CCCC[C@@H]2[C@@H]1Cc1ccc(C)cc31, CN1CC[C@@]23CCCC[C@@H]2[C@@H]1Cc1ccc(C)cc31","KBEZZLAAKIIPFK-NJAFHUGGSA-N, KBEZZLAAKIIPFK-NJAFHUGGSA-N, KBEZZLAAKIIPFK-NJAFHUGGSA-N",Launched
dimenhydrinate,histamine receptor antagonist,HRH1,"neurology/psychiatry, gastroenterology","motion sickness, nausea, vomiting",,0,,,Launched
dimercaprol,chelating agent,,neurology/psychiatry,metal toxicity,"Sigma, MicroSource",0,"OC[C@@H](S)CS |&1:2,r|, OC[C@@H](S)CS |&1:2,r|","WQABCVAJNWAXTE-GSVOUGTGSA-N, WQABCVAJNWAXTE-GSVOUGTGSA-N",Launched
dimercaptosuccinic-acid,chelating agent,DNMT1,neurology/psychiatry,metal toxicity,"AlfaAesar, AlfaAesar, AlfaAesar, AlfaAesar",0,"OC(=O)[C@@H](S)[C@@H](S)C(O)=O, OC(=O)[C@@H](S)[C@@H](S)C(O)=O, OC(=O)[C@@H](S)[C@@H](S)C(O)=O, OC(=O)[C@@H](S)[C@@H](S)C(O)=O","ACTRVOBWPAIOHC-XIXRPRMCSA-N, ACTRVOBWPAIOHC-XIXRPRMCSA-N, ACTRVOBWPAIOHC-XIXRPRMCSA-N, ACTRVOBWPAIOHC-XIXRPRMCSA-N",Launched
dimesna,tubulin polymerization inhibitor,,,,"MedChemEx, MicroSource, Selleck",100,"OS(=O)(=O)CCSSCCS(O)(=O)=O, OS(=O)(=O)CCSSCCS(O)(=O)=O, OS(=O)(=O)CCSSCCS(O)(=O)=O","BYUKOOOZTSTOOH-UHFFFAOYSA-N, BYUKOOOZTSTOOH-UHFFFAOYSA-N, BYUKOOOZTSTOOH-UHFFFAOYSA-N",Phase 3
dimethadione,oxazolidine antiepileptic,,,,MicroSource,0,CC1(C)OC(=O)NC1=O,JYJFNDQBESEHJQ-UHFFFAOYSA-N,Preclinical
dimethicone,,,dermatology,cosmetic,Sigma,0,C[Si](C)(C)O[Si](C)(C)C,UQEAIHBTYFGYIE-UHFFFAOYSA-N,Launched
dimethindene-(S)-(+),acetylcholine receptor antagonist,HRH1,,,"Tocris, Tocris, Tocris, Tocris, Tocris",97.21,"C[C@@H](C1=C(CCN(C)C)Cc2ccccc12)c1ccccn1 |c:2|, C[C@@H](C1=C(CCN(C)C)Cc2ccccc12)c1ccccn1 |c:2|, C[C@@H](C1=C(CCN(C)C)Cc2ccccc12)c1ccccn1 |c:2|, C[C@@H](C1=C(CCN(C)C)Cc2ccccc12)c1ccccn1 |c:2|, C[C@@H](C1=C(CCN(C)C)Cc2ccccc12)c1ccccn1 |c:2|","MVMQESMQSYOVGV-OAHLLOKOSA-N, MVMQESMQSYOVGV-OAHLLOKOSA-N, MVMQESMQSYOVGV-OAHLLOKOSA-N, MVMQESMQSYOVGV-OAHLLOKOSA-N, MVMQESMQSYOVGV-OAHLLOKOSA-N",Preclinical
dimethisoquin,local anesthetic,,neurology/psychiatry,local anesthetic,"Prestwick, Toronto",97.5,"CCCCc1cc2ccccc2c(OCCN(C)C)n1, CCCCc1cc2ccccc2c(OCCN(C)C)n1","XNMYNYSCEJBRPZ-UHFFFAOYSA-N, XNMYNYSCEJBRPZ-UHFFFAOYSA-N",Launched
dimethyl-fumarate,"nuclear factor erythroid derived, like (NRF2) activator",KEAP1,neurology/psychiatry,multiple sclerosis,"MicroSource, MicroSource, Selleck, Selleck, Selleck",97.66,"COC(=O)\C=C\C(=O)OC, COC(=O)\C=C\C(=O)OC, COC(=O)\C=C\C(=O)OC, COC(=O)\C=C\C(=O)OC, COC(=O)\C=C\C(=O)OC","LDCRTTXIJACKKU-ONEGZZNKSA-N, LDCRTTXIJACKKU-ONEGZZNKSA-N, LDCRTTXIJACKKU-ONEGZZNKSA-N, LDCRTTXIJACKKU-ONEGZZNKSA-N, LDCRTTXIJACKKU-ONEGZZNKSA-N",Launched
dimethyl-isosorbide,cosmetic moisturizer,,,,AMS,0,"CO[C@@H]1CO[C@H]2[C@H](CO[C@@H]12)OC |&1:6,&2:9,&3:2,&4:5,r|",MEJYDZQQVZJMPP-YWIQKCBGSA-N,Preclinical
dimetindene,"cholinergic receptor antagonist, histamine receptor antagonist",HRH1,allergy,allergic rhinitis,AMS,52.79,"C[C@@H](C1=C(CCN(C)C)Cc2ccccc12)c1ccccn1 |&1:1,r,c:2|",MVMQESMQSYOVGV-OAHLLOKOSA-N,Launched
dimetridazole,bacterial DNA inhibitor,,infectious disease,protozoan infection,MicroSource,96.89,Cc1ncc(n1C)[N+]([O-])=O,IBXPYPUJPLLOIN-UHFFFAOYSA-N,Launched
diminazene-aceturate,angiotensin converting enzyme activator,"AOC1, PRDX5, PRSS1",,,"MicroSource, Selleck, Selleck, Selleck",90.29,"NC(=N)c1ccc(N\N=N\c2ccc(cc2)C(N)=N)cc1, NC(=N)c1ccc(N\N=N\c2ccc(cc2)C(N)=N)cc1, NC(=N)c1ccc(N\N=N\c2ccc(cc2)C(N)=N)cc1, NC(=N)c1ccc(N\N=N\c2ccc(cc2)C(N)=N)cc1","XNYZHCFCZNMTFY-UHFFFAOYSA-N, XNYZHCFCZNMTFY-UHFFFAOYSA-N, XNYZHCFCZNMTFY-UHFFFAOYSA-N, XNYZHCFCZNMTFY-UHFFFAOYSA-N",Phase 3
dimpylate,acetylcholinesterase inhibitor,ACHE,infectious disease,flea control,"MicroSource, MicroSource, Sigma",91.18,"CCOP(=S)(OCC)Oc1cc(C)nc(n1)C(C)C, CCOP(=S)(OCC)Oc1cc(C)nc(n1)C(C)C, CCOP(=S)(OCC)Oc1cc(C)nc(n1)C(C)C","FHIVAFMUCKRCQO-UHFFFAOYSA-N, FHIVAFMUCKRCQO-UHFFFAOYSA-N, FHIVAFMUCKRCQO-UHFFFAOYSA-N",Launched
dinaciclib,CDK inhibitor,"CDK1, CDK2, CDK5, CDK9",,,"Selleck, Selleck, Selleck, Selleck, Selleck, Selleck",98.56,"CCc1cnn2c(NCc3ccc[n+]([O-])c3)cc(nc12)N1CCCC[C@H]1CCO, CCc1cnn2c(NCc3ccc[n+]([O-])c3)cc(nc12)N1CCCC[C@H]1CCO, CCc1cnn2c(NCc3ccc[n+]([O-])c3)cc(nc12)N1CCCC[C@H]1CCO, CCc1cnn2c(NCc3ccc[n+]([O-])c3)cc(nc12)N1CCCC[C@H]1CCO, CCc1cnn2c(NCc3ccc[n+]([O-])c3)cc(nc12)N1CCCC[C@H]1CCO, CCc1cnn2c(NCc3ccc[n+]([O-])c3)cc(nc12)N1CCCC[C@H]1CCO","PIMQWRZWLQKKBJ-SFHVURJKSA-N, PIMQWRZWLQKKBJ-SFHVURJKSA-N, PIMQWRZWLQKKBJ-SFHVURJKSA-N, PIMQWRZWLQKKBJ-SFHVURJKSA-N, InChI=1S/C21H28N6O2/c1-2-17-14-23-27-19(22-13-16-6-5-9-25(29)15-16)12-20(24-21(17)27)26-10-4-3-7-18(26)8-11-28/h5-6,9,12,14-15,18,22,28H,2-4,7-8,10-11,13H2,1H3/t18-/m0/s1, InChI=1S/C21H28N6O2/c1-2-17-14-23-27-19(22-13-16-6-5-9-25(29)15-16)12-20(24-21(17)27)26-10-4-3-7-18(26)8-11-28/h5-6,9,12,14-15,18,22,28H,2-4,7-8,10-11,13H2,1H3/t18-/m0/s1",Phase 3
dinitolmide,,,infectious disease,coccidiosis,"MedChemEx, MicroSource",98.55,"Cc1c(cc(cc1[N+]([O-])=O)[N+]([O-])=O)C(N)=O, Cc1c(cc(cc1[N+]([O-])=O)[N+]([O-])=O)C(N)=O","ZEFNOZRLAWVAQF-UHFFFAOYSA-N, ZEFNOZRLAWVAQF-UHFFFAOYSA-N",Launched
dinoprost,prostacyclin analog,"PTGDR, PTGDR2, PTGER1, PTGER2, PTGER3, PTGER4, PTGFR, TBXA2R",obstetrics/gynecology,labor induction,"Enzo, Enzo, Tocris",100,"CCCCC[C@H](O)\C=C\[C@H]1[C@H](O)C[C@H](O)[C@@H]1C\C=C/CCCC(O)=O, CCCCC[C@H](O)\C=C\[C@H]1[C@H](O)C[C@H](O)[C@@H]1C\C=C/CCCC(O)=O, CCCCC[C@H](O)\C=C\[C@H]1[C@H](O)C[C@H](O)[C@@H]1C\C=C/CCCC(O)=O","PXGPLTODNUVGFL-YNNPMVKQSA-N, PXGPLTODNUVGFL-YNNPMVKQSA-N, PXGPLTODNUVGFL-YNNPMVKQSA-N",Launched
dinoprostone,prostanoid receptor agonist,"CATSPER1, CATSPER2, CATSPER3, CATSPER4, PTGDR, PTGDR2, PTGER1, PTGER2, PTGER3, PTGER4, PTGFR, TBXA2R",,,"Tocris, Cayman",98.3,"CCCCC[C@H](O)\C=C\[C@H]1[C@H](O)CC(=O)[C@@H]1C\C=C/CCCC(O)=O, CCCCC[C@H](O)\C=C\[C@H]1[C@H](O)CC(=O)[C@@H]1C\C=C/CCCC(O)=O","XEYBRNLFEZDVAW-ARSRFYASSA-N, XEYBRNLFEZDVAW-ARSRFYASSA-N",Withdrawn
dioscin,apoptosis stimulant,CXCR3,,,MedChemEx,100,C[C@H]1[C@H]2[C@H](C[C@H]3[C@@H]4CC=C5C[C@H](CC[C@]5(C)[C@H]4CC[C@]23C)O[C@@H]2O[C@H](CO)[C@@H](O[C@@H]3O[C@@H](C)[C@H](O)[C@@H](O)[C@H]3O)[C@H](O)[C@H]2O[C@@H]2O[C@@H](C)[C@H](O)[C@@H](O)[C@H]2O)O[C@]11CC[C@@H](C)CO1 |t:8|,VNONINPVFQTJOC-ZGXDEBHDSA-N,Preclinical
diosgenin,steroid,,,,"MedChemEx, Selleck",100,"C[C@H]1[C@H]2[C@H](C[C@H]3[C@@H]4CC=C5C[C@@H](O)CC[C@]5(C)[C@H]4CC[C@]23C)O[C@]11CC[C@@H](C)CO1 |t:8|, C[C@H]1[C@H]2[C@H](C[C@H]3[C@@H]4CC=C5C[C@@H](O)CC[C@]5(C)[C@H]4CC[C@]23C)O[C@]11CC[C@@H](C)CO1 |t:8|","WQLVFSAGQJTQCK-VKROHFNGSA-N, WQLVFSAGQJTQCK-VKROHFNGSA-N",Preclinical
diosmetin,aryl hydrocarbon receptor agonist,CYP1B1,dermatology,cosmetic,"MedChemEx, Selleck, Selleck, Selleck, Selleck",98.29,"COc1ccc(cc1O)-c1cc(=O)c2c(O)cc(O)cc2o1, COc1ccc(cc1O)-c1cc(=O)c2c(O)cc(O)cc2o1, COc1ccc(cc1O)-c1cc(=O)c2c(O)cc(O)cc2o1, COc1ccc(cc1O)-c1cc(=O)c2c(O)cc(O)cc2o1, COc1ccc(cc1O)-c1cc(=O)c2c(O)cc(O)cc2o1","MBNGWHIJMBWFHU-UHFFFAOYSA-N, MBNGWHIJMBWFHU-UHFFFAOYSA-N, MBNGWHIJMBWFHU-UHFFFAOYSA-N, MBNGWHIJMBWFHU-UHFFFAOYSA-N, MBNGWHIJMBWFHU-UHFFFAOYSA-N",Launched
diosmin,"aryl hydrocarbon receptor agonist, capillary stabilizing agent",AHR,"cardiology, hematology, dermatology","chronic venous insufficiency (CVI), edema, deep vein thrombosis (DVT), statis dermatitis, heavy leg syndrome","MicroSource, MedChemEx, MedChemEx, Selleck, Selleck",89.97,"COc1ccc(cc1O)-c1cc(=O)c2c(O)cc(O[C@@H]3O[C@H](CO[C@@H]4O[C@@H](C)[C@H](O)[C@@H](O)[C@H]4O)[C@@H](O)[C@H](O)[C@H]3O)cc2o1, COc1ccc(cc1O)-c1cc(=O)c2c(O)cc(O[C@@H]3O[C@H](CO[C@@H]4O[C@@H](C)[C@H](O)[C@@H](O)[C@H]4O)[C@@H](O)[C@H](O)[C@H]3O)cc2o1, COc1ccc(cc1O)-c1cc(=O)c2c(O)cc(O[C@@H]3O[C@H](CO[C@@H]4O[C@@H](C)[C@H](O)[C@@H](O)[C@H]4O)[C@@H](O)[C@H](O)[C@H]3O)cc2o1, COc1ccc(cc1O)-c1cc(=O)c2c(O)cc(O[C@@H]3O[C@H](CO[C@@H]4O[C@@H](C)[C@H](O)[C@@H](O)[C@H]4O)[C@@H](O)[C@H](O)[C@H]3O)cc2o1, COc1ccc(cc1O)-c1cc(=O)c2c(O)cc(O[C@@H]3O[C@H](CO[C@@H]4O[C@@H](C)[C@H](O)[C@@H](O)[C@H]4O)[C@@H](O)[C@H](O)[C@H]3O)cc2o1","GZSOSUNBTXMUFQ-YFAPSIMESA-N, GZSOSUNBTXMUFQ-YFAPSIMESA-N, GZSOSUNBTXMUFQ-YFAPSIMESA-N, GZSOSUNBTXMUFQ-YFAPSIMESA-N, GZSOSUNBTXMUFQ-YFAPSIMESA-N",Launched
dioxybenzone,topical sunscreen agent,,,,"MedChemEx, MicroSource",98.11,"COc1ccc(C(=O)c2ccccc2O)c(O)c1, COc1ccc(C(=O)c2ccccc2O)c(O)c1","MEZZCSHVIGVWFI-UHFFFAOYSA-N, MEZZCSHVIGVWFI-UHFFFAOYSA-N",Preclinical
dipeptamin,,,,,"ChemImpex, ChemImpex",0,"C[C@H](N)C(=O)N[C@@H](CCC(N)=O)C(O)=O, C[C@H](N)C(=O)N[C@@H](CCC(N)=O)C(O)=O","HJCMDXDYPOUFDY-WHFBIAKZSA-N, HJCMDXDYPOUFDY-WHFBIAKZSA-N",Launched
diperodon,local anesthetic,,,,"Selleck, MicroSource, MicroSource, Selleck",98.2,"O=C(Nc1ccccc1)OC[C@@H](CN1CCCCC1)OC(=O)Nc1ccccc1 |&1:11|, O=C(Nc1ccccc1)OC[C@@H](CN1CCCCC1)OC(=O)Nc1ccccc1 |&1:11|, O=C(Nc1ccccc1)OC[C@@H](CN1CCCCC1)OC(=O)Nc1ccccc1 |&1:11|, O=C(Nc1ccccc1)OC[C@@H](CN1CCCCC1)OC(=O)Nc1ccccc1 |&1:11|","YUGZHQHSNYIFLG-HXUWFJFHSA-N, YUGZHQHSNYIFLG-HXUWFJFHSA-N, YUGZHQHSNYIFLG-HXUWFJFHSA-N, YUGZHQHSNYIFLG-HXUWFJFHSA-N",Preclinical
diphemanil,acetylcholine receptor antagonist,CHRM3,neurology/psychiatry,spasms,"MedChemEx, MedChemEx, Selleck",96.64,"C[N+]1(C)CCC(CC1)=C(c1ccccc1)c1ccccc1, C[N+]1(C)CCC(CC1)=C(c1ccccc1)c1ccccc1, C[N+]1(C)CCC(CC1)=C(c1ccccc1)c1ccccc1","LCTZPQRFOZKZNK-UHFFFAOYSA-N, LCTZPQRFOZKZNK-UHFFFAOYSA-N, LCTZPQRFOZKZNK-UHFFFAOYSA-N",Launched
diphencyprone,immunostimulant,,,,"Sigma, Vitas-M",98.43,"O=c1c(c1-c1ccccc1)-c1ccccc1, O=c1c(c1-c1ccccc1)-c1ccccc1","HCIBTBXNLVOFER-UHFFFAOYSA-N, HCIBTBXNLVOFER-UHFFFAOYSA-N",Phase 2
diphenhydramine,histamine receptor antagonist,HRH1,neurology/psychiatry,headache,"MicroSource, MicroSource, Selleck",98.11,"CN(C)CCOC(c1ccccc1)c1ccccc1, CN(C)CCOC(c1ccccc1)c1ccccc1, CN(C)CCOC(c1ccccc1)c1ccccc1","ZZVUWRFHKOJYTH-UHFFFAOYSA-N, ZZVUWRFHKOJYTH-UHFFFAOYSA-N, ZZVUWRFHKOJYTH-UHFFFAOYSA-N",Launched
diphenidol,acetylcholine receptor agonist,"CHRM1, CHRM2, CHRM3, CHRM4",neurology/psychiatry,vertigo,"Enamine, Enamine, Enamine, Selleck, Selleck",99.63,"OC(CCCN1CCCCC1)(c1ccccc1)c1ccccc1, OC(CCCN1CCCCC1)(c1ccccc1)c1ccccc1, OC(CCCN1CCCCC1)(c1ccccc1)c1ccccc1, OC(CCCN1CCCCC1)(c1ccccc1)c1ccccc1, OC(CCCN1CCCCC1)(c1ccccc1)c1ccccc1","OGAKLTJNUQRZJU-UHFFFAOYSA-N, OGAKLTJNUQRZJU-UHFFFAOYSA-N, OGAKLTJNUQRZJU-UHFFFAOYSA-N, OGAKLTJNUQRZJU-UHFFFAOYSA-N, OGAKLTJNUQRZJU-UHFFFAOYSA-N",Launched
diphenyleneiodonium,nitric oxide synthase inhibitor,"NOS2, NOS3",,,"Tocris, Tocris, Tocris",100,"[I]1c2ccccc2-c2ccccc12 |^1:0|, [I]1c2ccccc2-c2ccccc12 |^1:0|, [I]1c2ccccc2-c2ccccc12 |^1:0|","ZSZPLBNCHKXQRY-UHFFFAOYSA-N, ZSZPLBNCHKXQRY-UHFFFAOYSA-N, ZSZPLBNCHKXQRY-UHFFFAOYSA-N",Preclinical
diphenylguanidine,,,,,"Vitas-M, Sigma",95.16,"N=C(Nc1ccccc1)Nc1ccccc1, N=C(Nc1ccccc1)Nc1ccccc1","OWRCNXZUPFZXOS-UHFFFAOYSA-N, OWRCNXZUPFZXOS-UHFFFAOYSA-N",Preclinical
diphenylpyraline,dopamine reuptake inhibitor,"HRH1, SLC6A3",allergy,allergic rhinitis,"MicroSource, MicroSource, Selleck, Selleck",97.93,"CN1CCC(CC1)OC(c1ccccc1)c1ccccc1, CN1CCC(CC1)OC(c1ccccc1)c1ccccc1, CN1CCC(CC1)OC(c1ccccc1)c1ccccc1, CN1CCC(CC1)OC(c1ccccc1)c1ccccc1","OWQUZNMMYNAXSL-UHFFFAOYSA-N, OWQUZNMMYNAXSL-UHFFFAOYSA-N, OWQUZNMMYNAXSL-UHFFFAOYSA-N, OWQUZNMMYNAXSL-UHFFFAOYSA-N",Launched
dipivefrine,adrenergic receptor agonist,,ophthalmology,"glaucoma, intraocular pressure",Prestwick,94.37,CNC[C@@H](O)c1ccc(OC(=O)C(C)(C)C)c(OC(=O)C(C)(C)C)c1 |&1:3|,OCUJLLGVOUDECM-CYBMUJFWSA-N,Launched
dipraglurant,glutamate receptor negative allosteric modulator,GRM5,,,"MedChemEx, MedChemEx",94.48,"Fc1ccc2nc(CCC#Cc3ccccn3)cn2c1, Fc1ccc2nc(CCC#Cc3ccccn3)cn2c1","LZXMUJCJAWVHPZ-UHFFFAOYSA-N, LZXMUJCJAWVHPZ-UHFFFAOYSA-N",Phase 2
DIPT,"dopamine reuptake inhibitor, serotonin reuptake inhibitor","HTR1A, HTR2A, HTR2C",,,Cayman,88.49,CC(C)N(CCc1c[nH]c2ccccc12)C(C)C,ZRVAAGAZUWXRIP-UHFFFAOYSA-N,Launched
dipyridamole,phosphodiesterase inhibitor,"ADA, PDE10A, PDE1A, PDE1B, PDE1C, PDE2A, PDE3A, PDE3B, PDE4A, PDE4B, PDE4C, PDE4D, PDE5A, PDE6A, PDE6B, PDE6C, PDE6D, PDE6G, PDE6H, PDE7A, PDE7B, PDE8A, PDE8B, PDE9A, SLC29A1",cardiology,"coronary artery disease (CAD), peripheral artery disease (PAD), hypertension","Tocris, MicroSource, Selleck, Selleck, Tocris, Tocris, Selleck, Tocris",97.6,"OCCN(CCO)c1nc(N2CCCCC2)c2nc(nc(N3CCCCC3)c2n1)N(CCO)CCO, OCCN(CCO)c1nc(N2CCCCC2)c2nc(nc(N3CCCCC3)c2n1)N(CCO)CCO, OCCN(CCO)c1nc(N2CCCCC2)c2nc(nc(N3CCCCC3)c2n1)N(CCO)CCO, OCCN(CCO)c1nc(N2CCCCC2)c2nc(nc(N3CCCCC3)c2n1)N(CCO)CCO, OCCN(CCO)c1nc(N2CCCCC2)c2nc(nc(N3CCCCC3)c2n1)N(CCO)CCO, OCCN(CCO)c1nc(N2CCCCC2)c2nc(nc(N3CCCCC3)c2n1)N(CCO)CCO, OCCN(CCO)c1nc(N2CCCCC2)c2nc(nc(N3CCCCC3)c2n1)N(CCO)CCO, OCCN(CCO)c1nc(N2CCCCC2)c2nc(nc(N3CCCCC3)c2n1)N(CCO)CCO","IZEKFCXSFNUWAM-UHFFFAOYSA-N, IZEKFCXSFNUWAM-UHFFFAOYSA-N, IZEKFCXSFNUWAM-UHFFFAOYSA-N, IZEKFCXSFNUWAM-UHFFFAOYSA-N, IZEKFCXSFNUWAM-UHFFFAOYSA-N, IZEKFCXSFNUWAM-UHFFFAOYSA-N, IZEKFCXSFNUWAM-UHFFFAOYSA-N, IZEKFCXSFNUWAM-UHFFFAOYSA-N",Launched
dipyrocetyl,chelating agent,,"endocrinology, neurology/psychiatry","fever, pain relief","MedChemEx, MicroSource",80.37,"CC(=O)Oc1cccc(C(O)=O)c1OC(C)=O, CC(=O)Oc1cccc(C(O)=O)c1OC(C)=O","NYIZXMGNIUSNKL-UHFFFAOYSA-N, NYIZXMGNIUSNKL-UHFFFAOYSA-N",Launched
diquafosol,purinergic receptor activator,,,,MedChemEx,97.3,O[C@@H]1[C@@H](COP(O)(=O)OP(O)(=O)OP(O)(=O)OP(O)(=O)OC[C@H]2O[C@H]([C@H](O)[C@@H]2O)n2ccc(=O)[nH]c2=O)O[C@H]([C@@H]1O)n1ccc(=O)[nH]c1=O,NMLMACJWHPHKGR-NCOIDOBVSA-N,Phase 3
dirithromycin,bacterial 50S ribosomal subunit inhibitor,,pulmonary,bronchitis,"AvaChem, AvaChem, AvaChem, MicroSource, Sigma, MedChemEx, MedChemEx, MedChemEx, Selleck, Selleck",100,"CC[C@H]1OC(=O)[C@H](C)[C@@H](O[C@H]2C[C@@](C)(OC)[C@@H](O)[C@H](C)O2)[C@H](C)[C@@H](O[C@@H]2O[C@H](C)C[C@@H]([C@H]2O)N(C)C)[C@](C)(O)C[C@@H](C)[C@@H]2N[C@@H](COCCOC)O[C@H]([C@H]2C)[C@]1(C)O, CC[C@H]1OC(=O)[C@H](C)[C@@H](O[C@H]2C[C@@](C)(OC)[C@@H](O)[C@H](C)O2)[C@H](C)[C@@H](O[C@@H]2O[C@H](C)C[C@@H]([C@H]2O)N(C)C)[C@](C)(O)C[C@@H](C)[C@@H]2N[C@@H](COCCOC)O[C@H]([C@H]2C)[C@]1(C)O, CC[C@H]1OC(=O)[C@H](C)[C@@H](O[C@H]2C[C@@](C)(OC)[C@@H](O)[C@H](C)O2)[C@H](C)[C@@H](O[C@@H]2O[C@H](C)C[C@@H]([C@H]2O)N(C)C)[C@](C)(O)C[C@@H](C)[C@@H]2N[C@@H](COCCOC)O[C@H]([C@H]2C)[C@]1(C)O, CC[C@H]1OC(=O)[C@H](C)[C@@H](O[C@H]2C[C@@](C)(OC)[C@@H](O)[C@H](C)O2)[C@H](C)[C@@H](O[C@@H]2O[C@H](C)C[C@@H]([C@H]2O)N(C)C)[C@](C)(O)C[C@@H](C)[C@@H]2N[C@@H](COCCOC)O[C@H]([C@H]2C)[C@]1(C)O, CC[C@H]1OC(=O)[C@H](C)[C@@H](O[C@H]2C[C@@](C)(OC)[C@@H](O)[C@H](C)O2)[C@H](C)[C@@H](O[C@@H]2O[C@H](C)C[C@@H]([C@H]2O)N(C)C)[C@](C)(O)C[C@@H](C)[C@@H]2N[C@@H](COCCOC)O[C@H]([C@H]2C)[C@]1(C)O, CC[C@H]1OC(=O)[C@H](C)[C@@H](O[C@H]2C[C@@](C)(OC)[C@@H](O)[C@H](C)O2)[C@H](C)[C@@H](O[C@@H]2O[C@H](C)C[C@@H]([C@H]2O)N(C)C)[C@](C)(O)C[C@@H](C)[C@@H]2N[C@@H](COCCOC)O[C@H]([C@H]2C)[C@]1(C)O, CC[C@H]1OC(=O)[C@H](C)[C@@H](O[C@H]2C[C@@](C)(OC)[C@@H](O)[C@H](C)O2)[C@H](C)[C@@H](O[C@@H]2O[C@H](C)C[C@@H]([C@H]2O)N(C)C)[C@](C)(O)C[C@@H](C)[C@@H]2N[C@@H](COCCOC)O[C@H]([C@H]2C)[C@]1(C)O, CC[C@H]1OC(=O)[C@H](C)[C@@H](O[C@H]2C[C@@](C)(OC)[C@@H](O)[C@H](C)O2)[C@H](C)[C@@H](O[C@@H]2O[C@H](C)C[C@@H]([C@H]2O)N(C)C)[C@](C)(O)C[C@@H](C)[C@@H]2N[C@@H](COCCOC)O[C@H]([C@H]2C)[C@]1(C)O, CC[C@H]1OC(=O)[C@H](C)[C@@H](O[C@H]2C[C@@](C)(OC)[C@@H](O)[C@H](C)O2)[C@H](C)[C@@H](O[C@@H]2O[C@H](C)C[C@@H]([C@H]2O)N(C)C)[C@](C)(O)C[C@@H](C)[C@@H]2N[C@@H](COCCOC)O[C@H]([C@H]2C)[C@]1(C)O, CC[C@H]1OC(=O)[C@H](C)[C@@H](O[C@H]2C[C@@](C)(OC)[C@@H](O)[C@H](C)O2)[C@H](C)[C@@H](O[C@@H]2O[C@H](C)C[C@@H]([C@H]2O)N(C)C)[C@](C)(O)C[C@@H](C)[C@@H]2N[C@@H](COCCOC)O[C@H]([C@H]2C)[C@]1(C)O","WLOHNSSYAXHWNR-FDEBZETHSA-N, WLOHNSSYAXHWNR-FDEBZETHSA-N, WLOHNSSYAXHWNR-FDEBZETHSA-N, WLOHNSSYAXHWNR-FDEBZETHSA-N, WLOHNSSYAXHWNR-FDEBZETHSA-N, WLOHNSSYAXHWNR-FDEBZETHSA-N, WLOHNSSYAXHWNR-FDEBZETHSA-N, WLOHNSSYAXHWNR-FDEBZETHSA-N, WLOHNSSYAXHWNR-FDEBZETHSA-N, WLOHNSSYAXHWNR-FDEBZETHSA-N",Launched
diroximel-fumarate,anti-inflammatory agent,,,,WuXi,97.29,COC(=O)\C=C\C(=O)OCCN1C(=O)CCC1=O,YIMYDTCOUQIDMT-SNAWJCMRSA-N,Phase 3
disodium-sebacate,,HBB,,,Sigma,68.1,OC(=O)CCCCCCCCC(O)=O,CXMXRPHRNRROMY-UHFFFAOYSA-N,Phase 1
disopyramide,sodium channel blocker,"CHRM1, CHRM2, CHRM3, KCND2, KCND3, KCNH2, SCN5A",cardiology,"ventricular tachycardia (VT), ventricular arrhythmias","MicroSource, Selleck, Selleck, Selleck, Selleck",97.94,"CC(C)N(CCC(C(N)=O)(c1ccccc1)c1ccccn1)C(C)C |&1:6|, CC(C)N(CCC(C(N)=O)(c1ccccc1)c1ccccn1)C(C)C |&1:6|, CC(C)N(CCC(C(N)=O)(c1ccccc1)c1ccccn1)C(C)C |&1:6|, CC(C)N(CCC(C(N)=O)(c1ccccc1)c1ccccn1)C(C)C |&1:6|, CC(C)N(CCC(C(N)=O)(c1ccccc1)c1ccccn1)C(C)C |&1:6|","UVTNFZQICZKOEM-UHFFFAOYSA-N, UVTNFZQICZKOEM-UHFFFAOYSA-N, UVTNFZQICZKOEM-UHFFFAOYSA-N, UVTNFZQICZKOEM-UHFFFAOYSA-N, UVTNFZQICZKOEM-UHFFFAOYSA-N",Launched
disulfiram,"aldehyde dehydrogenase inhibitor, DNA methyltransferase inhibitor, TRPV agonist","ALDH2, DBH",neurology/psychiatry,abstinence from alcohol,"MicroSource, MicroSource, MicroSource, MicroSource, MicroSource, Selleck, Selleck, Selleck, Selleck, Selleck, Selleck, Selleck, Selleck, Selleck",100,"CCN(CC)C(=S)SSC(=S)N(CC)CC, CCN(CC)C(=S)SSC(=S)N(CC)CC, CCN(CC)C(=S)SSC(=S)N(CC)CC, CCN(CC)C(=S)SSC(=S)N(CC)CC, CCN(CC)C(=S)SSC(=S)N(CC)CC, CCN(CC)C(=S)SSC(=S)N(CC)CC, CCN(CC)C(=S)SSC(=S)N(CC)CC, CCN(CC)C(=S)SSC(=S)N(CC)CC, CCN(CC)C(=S)SSC(=S)N(CC)CC, CCN(CC)C(=S)SSC(=S)N(CC)CC, CCN(CC)C(=S)SSC(=S)N(CC)CC, CCN(CC)C(=S)SSC(=S)N(CC)CC, CCN(CC)C(=S)SSC(=S)N(CC)CC, CCN(CC)C(=S)SSC(=S)N(CC)CC","AUZONCFQVSMFAP-UHFFFAOYSA-N, AUZONCFQVSMFAP-UHFFFAOYSA-N, AUZONCFQVSMFAP-UHFFFAOYSA-N, AUZONCFQVSMFAP-UHFFFAOYSA-N, AUZONCFQVSMFAP-UHFFFAOYSA-N, AUZONCFQVSMFAP-UHFFFAOYSA-N, AUZONCFQVSMFAP-UHFFFAOYSA-N, AUZONCFQVSMFAP-UHFFFAOYSA-N, AUZONCFQVSMFAP-UHFFFAOYSA-N, AUZONCFQVSMFAP-UHFFFAOYSA-N, AUZONCFQVSMFAP-UHFFFAOYSA-N, AUZONCFQVSMFAP-UHFFFAOYSA-N, AUZONCFQVSMFAP-UHFFFAOYSA-N, AUZONCFQVSMFAP-UHFFFAOYSA-N",Launched
dithranol,DNA synthesis inhibitor,,dermatology,psoriasis,Sigma,0,Oc1cccc2cc3cccc(O)c3c(O)c12,YUTJCNNFTOIOGT-UHFFFAOYSA-N,Launched
ditiocarb-sodium-trihydrate,immunostimulant,"CA1, CA2, CA4",,,"Enamine, Enamine",0,"CCN(CC)C(S)=S, CCN(CC)C(S)=S","LMBWSYZSUOEYSN-UHFFFAOYSA-N, LMBWSYZSUOEYSN-UHFFFAOYSA-N",Phase 3
ditolylguanidine,sigma receptor agonist,"GRIN1, GRIN2A, GRIN2B, SIGMAR1",,,"Tocris, Tocris",93.56,"Cc1ccccc1NC(=N)Nc1ccccc1C, Cc1ccccc1NC(=N)Nc1ccccc1C","OPNUROKCUBTKLF-UHFFFAOYSA-N, OPNUROKCUBTKLF-UHFFFAOYSA-N",Preclinical
dixanthogen,,,,,"MicroSource, Sigma",0,"CCOC(=S)SSC(=S)OCC, CCOC(=S)SSC(=S)OCC","FVIGODVHAVLZOO-UHFFFAOYSA-N, FVIGODVHAVLZOO-UHFFFAOYSA-N",Preclinical
dixyrazine,antipsychotic,,,,MedChemEx,96.92,"C[C@H](CN1CCN(CCOCCO)CC1)CN1c2ccccc2Sc2ccccc12 |&1:1,r|",MSYUMPGNGDNTIQ-HXUWFJFHSA-N,Preclinical
dizocilpine-(+),glutamate receptor antagonist,"GRIN1, GRIN2A, GRIN2B, GRIN2C, GRIN2D",,,"Tocris, Tocris, Tocris, Tocris, Tocris, Selleck",98.82,"C[C@]12N[C@H](Cc3ccccc13)c1ccccc21, C[C@]12N[C@H](Cc3ccccc13)c1ccccc21, C[C@]12N[C@H](Cc3ccccc13)c1ccccc21, C[C@]12N[C@H](Cc3ccccc13)c1ccccc21, C[C@]12N[C@H](Cc3ccccc13)c1ccccc21, C[C@]12N[C@H](Cc3ccccc13)c1ccccc21","LBOJYSIDWZQNJS-CVEARBPZSA-N, LBOJYSIDWZQNJS-CVEARBPZSA-N, LBOJYSIDWZQNJS-CVEARBPZSA-N, LBOJYSIDWZQNJS-CVEARBPZSA-N, LBOJYSIDWZQNJS-CVEARBPZSA-N, LBOJYSIDWZQNJS-CVEARBPZSA-N",Preclinical
dizocilpine-(-),glutamate receptor antagonist,,,,"Tocris, Tocris, Tocris, Selleck",99.01,"C[C@@]12N[C@@H](Cc3ccccc13)c1ccccc21, C[C@@]12N[C@@H](Cc3ccccc13)c1ccccc21, C[C@@]12N[C@@H](Cc3ccccc13)c1ccccc21, C[C@@]12N[C@@H](Cc3ccccc13)c1ccccc21","LBOJYSIDWZQNJS-JKSUJKDBSA-N, LBOJYSIDWZQNJS-JKSUJKDBSA-N, LBOJYSIDWZQNJS-JKSUJKDBSA-N, LBOJYSIDWZQNJS-JKSUJKDBSA-N",Phase 1
DMAB-anabaseine,adrenergic receptor agonist,CHRNA7,,,"Tocris, Tocris, Tocris, Tocris",91.34,"CN(C)c1ccc(\C=C2/CCCN=C2c2cccnc2)cc1 |c:12|, CN(C)c1ccc(\C=C2/CCCN=C2c2cccnc2)cc1 |c:12|, CN(C)c1ccc(\C=C2/CCCN=C2c2cccnc2)cc1 |c:12|, CN(C)c1ccc(\C=C2/CCCN=C2c2cccnc2)cc1 |c:12|","KHUUTHZSRXABAC-DTQAZKPQSA-N, KHUUTHZSRXABAC-DTQAZKPQSA-N, KHUUTHZSRXABAC-DTQAZKPQSA-N, KHUUTHZSRXABAC-DTQAZKPQSA-N",Preclinical
DMeOB,glutamate receptor modulator,GRM5,,,"Tocris, Tocris",98.09,"COc1cccc(\C=N\N=C\c2cccc(OC)c2)c1, COc1cccc(\C=N\N=C\c2cccc(OC)c2)c1","FBNPHFBYHYNMHC-JYFOCSDGSA-N, FBNPHFBYHYNMHC-JYFOCSDGSA-N",Preclinical
DMH1,ALK tyrosine kinase receptor inhibitor,ACVR1,,,"Selleck, Selleck, Selleck, Tocris, Tocris, Tocris",98.8,"CC(C)Oc1ccc(cc1)-c1cnc2c(cnn2c1)-c1ccnc2ccccc12, CC(C)Oc1ccc(cc1)-c1cnc2c(cnn2c1)-c1ccnc2ccccc12, CC(C)Oc1ccc(cc1)-c1cnc2c(cnn2c1)-c1ccnc2ccccc12, CC(C)Oc1ccc(cc1)-c1cnc2c(cnn2c1)-c1ccnc2ccccc12, CC(C)Oc1ccc(cc1)-c1cnc2c(cnn2c1)-c1ccnc2ccccc12, CC(C)Oc1ccc(cc1)-c1cnc2c(cnn2c1)-c1ccnc2ccccc12","JMIFGARJSWXZSH-UHFFFAOYSA-N, JMIFGARJSWXZSH-UHFFFAOYSA-N, JMIFGARJSWXZSH-UHFFFAOYSA-N, JMIFGARJSWXZSH-UHFFFAOYSA-N, JMIFGARJSWXZSH-UHFFFAOYSA-N, JMIFGARJSWXZSH-UHFFFAOYSA-N",Preclinical
DMH4,VEGFR inhibitor,KDR,,,"Tocris, Tocris, Tocris",97.3,"C(CN1CCOCC1)Oc1ccc(cc1)-c1cnc2c(cnn2c1)-c1ccccc1, C(CN1CCOCC1)Oc1ccc(cc1)-c1cnc2c(cnn2c1)-c1ccccc1, C(CN1CCOCC1)Oc1ccc(cc1)-c1cnc2c(cnn2c1)-c1ccccc1","SKZQZGSPYYHTQG-UHFFFAOYSA-N, SKZQZGSPYYHTQG-UHFFFAOYSA-N, SKZQZGSPYYHTQG-UHFFFAOYSA-N",Preclinical
DMNB,DNA dependent protein kinase inhibitor,,,,"Tocris, Tocris",94.25,"COc1cc(C=O)c(cc1OC)[N+]([O-])=O, COc1cc(C=O)c(cc1OC)[N+]([O-])=O","YWSPWKXREVSQCA-UHFFFAOYSA-N, YWSPWKXREVSQCA-UHFFFAOYSA-N",Preclinical
DMP-543,acetylcholine release enhancer,,,,"Tocris, Tocris, Tocris",98.35,"Fc1cc(CC2(Cc3ccnc(F)c3)c3ccccc3C(=O)c3ccccc23)ccn1, Fc1cc(CC2(Cc3ccnc(F)c3)c3ccccc3C(=O)c3ccccc23)ccn1, Fc1cc(CC2(Cc3ccnc(F)c3)c3ccccc3C(=O)c3ccccc23)ccn1","MUJBUUDUXGDXLW-UHFFFAOYSA-N, MUJBUUDUXGDXLW-UHFFFAOYSA-N, MUJBUUDUXGDXLW-UHFFFAOYSA-N",Phase 2
DMP-777,elastase inhibitor,MPO,,,"MedChemEx, MedChemEx, MedChemEx",87.92,"CCC[C@@H](NC(=O)N1[C@@H](Oc2ccc(cc2)C(=O)N2CCN(C)CC2)C(CC)(CC)C1=O)c1ccc2OCOc2c1, CCC[C@@H](NC(=O)N1[C@@H](Oc2ccc(cc2)C(=O)N2CCN(C)CC2)C(CC)(CC)C1=O)c1ccc2OCOc2c1, CCC[C@@H](NC(=O)N1[C@@H](Oc2ccc(cc2)C(=O)N2CCN(C)CC2)C(CC)(CC)C1=O)c1ccc2OCOc2c1","ZSDCIRYNTCVTMF-GIGWZHCTSA-N, ZSDCIRYNTCVTMF-GIGWZHCTSA-N, ZSDCIRYNTCVTMF-GIGWZHCTSA-N",Phase 2
DMPS,chelating agent,,,,Vitas-M,0,"OS(=O)(=O)C[C@@H](S)CS |&1:5,r|",JLVSRWOIZZXQAD-VKHMYHEASA-N,Phase 1
DMSO,control vehicle,,,,Sigma,0,CS(C)=O.CS(C)=O,CETRZFQIITUQQL-UHFFFAOYSA-N,Preclinical
DNQX,glutamate receptor antagonist,"GRIA1, GRIA2, GRIK1, GRIN1, GRIN2A, GRIN2B",,,"Tocris, Tocris, Tocris, Tocris, Tocris, Tocris",95.86,"[O-][N+](=O)c1cc2[nH]c(=O)c(=O)[nH]c2cc1[N+]([O-])=O, [O-][N+](=O)c1cc2[nH]c(=O)c(=O)[nH]c2cc1[N+]([O-])=O, [O-][N+](=O)c1cc2[nH]c(=O)c(=O)[nH]c2cc1[N+]([O-])=O, [O-][N+](=O)c1cc2[nH]c(=O)c(=O)[nH]c2cc1[N+]([O-])=O, [O-][N+](=O)c1cc2[nH]c(=O)c(=O)[nH]c2cc1[N+]([O-])=O, [O-][N+](=O)c1cc2[nH]c(=O)c(=O)[nH]c2cc1[N+]([O-])=O","RWVIMCIPOAXUDG-UHFFFAOYSA-N, RWVIMCIPOAXUDG-UHFFFAOYSA-N, RWVIMCIPOAXUDG-UHFFFAOYSA-N, RWVIMCIPOAXUDG-UHFFFAOYSA-N, RWVIMCIPOAXUDG-UHFFFAOYSA-N, RWVIMCIPOAXUDG-UHFFFAOYSA-N",Preclinical
dobutamine,adrenergic receptor agonist,"ADRB1, ADRB2",cardiology,congestive heart failure,"Tocris, MedChemEx, MedChemEx, Tocris, MedChemEx, MedChemEx, Tocris, Tocris",97.16,"CC(CCc1ccc(O)cc1)NCCc1ccc(O)c(O)c1, CC(CCc1ccc(O)cc1)NCCc1ccc(O)c(O)c1, CC(CCc1ccc(O)cc1)NCCc1ccc(O)c(O)c1, CC(CCc1ccc(O)cc1)NCCc1ccc(O)c(O)c1, CC(CCc1ccc(O)cc1)NCCc1ccc(O)c(O)c1, CC(CCc1ccc(O)cc1)NCCc1ccc(O)c(O)c1, CC(CCc1ccc(O)cc1)NCCc1ccc(O)c(O)c1, CC(CCc1ccc(O)cc1)NCCc1ccc(O)c(O)c1","JRWZLRBJNMZMFE-UHFFFAOYSA-N, JRWZLRBJNMZMFE-UHFFFAOYSA-N, JRWZLRBJNMZMFE-UHFFFAOYSA-N, JRWZLRBJNMZMFE-UHFFFAOYSA-N, JRWZLRBJNMZMFE-UHFFFAOYSA-N, JRWZLRBJNMZMFE-UHFFFAOYSA-N, JRWZLRBJNMZMFE-UHFFFAOYSA-N, JRWZLRBJNMZMFE-UHFFFAOYSA-N",Launched
docebenone,lipoxygenase inhibitor,ALOX5,,,Enzo,62.9,"CC1=C(C)C(=O)C(CCCCC#CCCCC#CCO)=C(C)C1=O |c:1,t:19|",WDEABJKSGGRCQA-UHFFFAOYSA-N,Phase 2
docetaxel,tubulin polymerization inhibitor,"BCL2, MAP2, MAP4, MAPT, NR1I2, TUBA1A, TUBA1B, TUBA1C, TUBA3C, TUBA3D, TUBA3E, TUBA4A, TUBB, TUBB1, TUBB2A, TUBB2B, TUBB3, TUBB4A, TUBB4B, TUBB6, TUBB8",oncology,"breast cancer, non-small cell lung cancer (NSCLC), prostate cancer, gastric adenocarcinoma, head and neck squamous cell carcinoma (HNSCC)","MicroSource, MicroSource, Selleck, Selleck, Selleck, Selleck, Selleck",99.62,"CC(=O)O[C@@]12CO[C@@H]1C[C@H](O)[C@]1(C)[C@@H]2[C@H](OC(=O)c2ccccc2)[C@]2(O)C[C@H](OC(=O)[C@H](O)[C@@H](NC(=O)OC(C)(C)C)c3ccccc3)C(C)=C([C@@H](O)C1=O)C2(C)C |t:53|, CC(=O)O[C@@]12CO[C@@H]1C[C@H](O)[C@]1(C)[C@@H]2[C@H](OC(=O)c2ccccc2)[C@]2(O)C[C@H](OC(=O)[C@H](O)[C@@H](NC(=O)OC(C)(C)C)c3ccccc3)C(C)=C([C@@H](O)C1=O)C2(C)C |t:53|, CC(=O)O[C@@]12CO[C@@H]1C[C@H](O)[C@]1(C)[C@@H]2[C@H](OC(=O)c2ccccc2)[C@]2(O)C[C@H](OC(=O)[C@H](O)[C@@H](NC(=O)OC(C)(C)C)c3ccccc3)C(C)=C([C@@H](O)C1=O)C2(C)C |t:53|, CC(=O)O[C@@]12CO[C@@H]1C[C@H](O)[C@]1(C)[C@@H]2[C@H](OC(=O)c2ccccc2)[C@]2(O)C[C@H](OC(=O)[C@H](O)[C@@H](NC(=O)OC(C)(C)C)c3ccccc3)C(C)=C([C@@H](O)C1=O)C2(C)C |t:53|, CC(=O)O[C@@]12CO[C@@H]1C[C@H](O)[C@]1(C)[C@@H]2[C@H](OC(=O)c2ccccc2)[C@]2(O)C[C@H](OC(=O)[C@H](O)[C@@H](NC(=O)OC(C)(C)C)c3ccccc3)C(C)=C([C@@H](O)C1=O)C2(C)C |t:53|, CC(=O)O[C@@]12CO[C@@H]1C[C@H](O)[C@]1(C)[C@@H]2[C@H](OC(=O)c2ccccc2)[C@]2(O)C[C@H](OC(=O)[C@H](O)[C@@H](NC(=O)OC(C)(C)C)c3ccccc3)C(C)=C([C@@H](O)C1=O)C2(C)C |t:53|, CC(=O)O[C@@]12CO[C@@H]1C[C@H](O)[C@]1(C)[C@@H]2[C@H](OC(=O)c2ccccc2)[C@]2(O)C[C@H](OC(=O)[C@H](O)[C@@H](NC(=O)OC(C)(C)C)c3ccccc3)C(C)=C([C@@H](O)C1=O)C2(C)C |t:53|","ZDZOTLJHXYCWBA-VCVYQWHSSA-N, ZDZOTLJHXYCWBA-VCVYQWHSSA-N, ZDZOTLJHXYCWBA-VCVYQWHSSA-N, ZDZOTLJHXYCWBA-VCVYQWHSSA-N, ZDZOTLJHXYCWBA-VCVYQWHSSA-N, ZDZOTLJHXYCWBA-VCVYQWHSSA-N, ZDZOTLJHXYCWBA-VCVYQWHSSA-N",Launched
doconexent,PPAR receptor agonist,"FFAR1, PTGS1, PTGS2",,,"MicroSource, Sigma",56.12,"CC\C=C/C\C=C/C\C=C/C\C=C/C\C=C/C\C=C/CCC(O)=O, CC\C=C/C\C=C/C\C=C/C\C=C/C\C=C/C\C=C/CCC(O)=O","MBMBGCFOFBJSGT-KUBAVDMBSA-N, MBMBGCFOFBJSGT-KUBAVDMBSA-N",Launched
doconexent-ethyl-ester,omega 3 fatty acid stimulant,,endocrinology,hypertriglyceridemia,Cayman,0,CCOC(=O)CC\C=C/C\C=C/C\C=C/C\C=C/C\C=C/C\C=C/CC,ITNKVODZACVXDS-YNUSHXQLSA-N,Launched
docosanol,lipase clearing factor inhibitor,TLR7,dental,cold sore,"MedChemEx, MicroSource, Selleck, Selleck",0,"CCCCCCCCCCCCCCCCCCCCCCO, CCCCCCCCCCCCCCCCCCCCCCO, CCCCCCCCCCCCCCCCCCCCCCO, CCCCCCCCCCCCCCCCCCCCCCO","NOPFSRXAKWQILS-UHFFFAOYSA-N, NOPFSRXAKWQILS-UHFFFAOYSA-N, NOPFSRXAKWQILS-UHFFFAOYSA-N, NOPFSRXAKWQILS-UHFFFAOYSA-N",Launched
docusate,laxative,,gastroenterology,constipation,"MedChemEx, MicroSource",93.4,"CCCC[C@@H](CC)COC(=O)C[C@@H](C(=O)OC[C@@H](CC)CCCC)S(O)(=O)=O |&1:4,&2:12,&3:17|, CCCC[C@@H](CC)COC(=O)C[C@@H](C(=O)OC[C@@H](CC)CCCC)S(O)(=O)=O |&1:4,&2:12,&3:17|","HNSDLXPSAYFUHK-SQNIBIBYSA-N, HNSDLXPSAYFUHK-SQNIBIBYSA-N",Launched
dodecyl-sulfate,,LYZ,,,Sigma,0,CCCCCCCCCCCCOS(O)(=O)=O,MOTZDAYCYVMXPC-UHFFFAOYSA-N,Preclinical
dofequidar,"MRP inhibitor, P glycoprotein inhibitor",ABCB1,,,"MedChemEx, MedChemEx",98.23,"OC(COc1cccc2ncccc12)CN1CCN(CC1)C(=O)C(c1ccccc1)c1ccccc1, OC(COc1cccc2ncccc12)CN1CCN(CC1)C(=O)C(c1ccccc1)c1ccccc1","KLWUUPVJTLHYIM-UHFFFAOYSA-N, KLWUUPVJTLHYIM-UHFFFAOYSA-N",Phase 3
dofetilide,potassium channel blocker,"KCNH1, KCNH2, KCNJ12, KCNK2",,,"Tocris, Selleck, Selleck, Tocris, Selleck",95.15,"CN(CCOc1ccc(NS(C)(=O)=O)cc1)CCc1ccc(NS(C)(=O)=O)cc1, CN(CCOc1ccc(NS(C)(=O)=O)cc1)CCc1ccc(NS(C)(=O)=O)cc1, CN(CCOc1ccc(NS(C)(=O)=O)cc1)CCc1ccc(NS(C)(=O)=O)cc1, CN(CCOc1ccc(NS(C)(=O)=O)cc1)CCc1ccc(NS(C)(=O)=O)cc1, CN(CCOc1ccc(NS(C)(=O)=O)cc1)CCc1ccc(NS(C)(=O)=O)cc1","IXTMWRCNAAVVAI-UHFFFAOYSA-N, IXTMWRCNAAVVAI-UHFFFAOYSA-N, IXTMWRCNAAVVAI-UHFFFAOYSA-N, IXTMWRCNAAVVAI-UHFFFAOYSA-N, IXTMWRCNAAVVAI-UHFFFAOYSA-N",Withdrawn
dolasetron,serotonin receptor antagonist,HTR3A,gastroenterology,"nausea, vomiting","Tocris, Tocris, Enzo",99.45,"O=C(O[C@H]1C[C@H]2C[C@H]3C[C@@H](C1)N2CC3=O)c1c[nH]c2ccccc12, O=C(O[C@H]1C[C@H]2C[C@H]3C[C@@H](C1)N2CC3=O)c1c[nH]c2ccccc12, O=C(O[C@H]1C[C@H]2C[C@H]3C[C@@H](C1)N2CC3=O)c1c[nH]c2ccccc12","UKTAZPQNNNJVKR-YXSUXZIUSA-N, UKTAZPQNNNJVKR-YXSUXZIUSA-N, UKTAZPQNNNJVKR-YXSUXZIUSA-N",Launched
dolastatin-10,tubulin polymerization inhibitor,TUBB,,,"MedChemEx, MedChemEx, MedChemEx, MedChemEx, MedChemEx, MedChemEx, MedChemEx",94.05,"CC[C@H](C)[C@@H]([C@@H](CC(=O)N1CCC[C@H]1[C@H](OC)[C@@H](C)C(=O)N[C@@H](Cc1ccccc1)c1nccs1)OC)N(C)C(=O)[C@@H](NC(=O)[C@H](C(C)C)N(C)C)C(C)C, CC[C@H](C)[C@@H]([C@@H](CC(=O)N1CCC[C@H]1[C@H](OC)[C@@H](C)C(=O)N[C@@H](Cc1ccccc1)c1nccs1)OC)N(C)C(=O)[C@@H](NC(=O)[C@H](C(C)C)N(C)C)C(C)C, CC[C@H](C)[C@@H]([C@@H](CC(=O)N1CCC[C@H]1[C@H](OC)[C@@H](C)C(=O)N[C@@H](Cc1ccccc1)c1nccs1)OC)N(C)C(=O)[C@@H](NC(=O)[C@H](C(C)C)N(C)C)C(C)C, CC[C@H](C)[C@@H]([C@@H](CC(=O)N1CCC[C@H]1[C@H](OC)[C@@H](C)C(=O)N[C@@H](Cc1ccccc1)c1nccs1)OC)N(C)C(=O)[C@@H](NC(=O)[C@H](C(C)C)N(C)C)C(C)C, CC[C@H](C)[C@@H]([C@@H](CC(=O)N1CCC[C@H]1[C@H](OC)[C@@H](C)C(=O)N[C@@H](Cc1ccccc1)c1nccs1)OC)N(C)C(=O)[C@@H](NC(=O)[C@H](C(C)C)N(C)C)C(C)C, CC[C@H](C)[C@@H]([C@@H](CC(=O)N1CCC[C@H]1[C@H](OC)[C@@H](C)C(=O)N[C@@H](Cc1ccccc1)c1nccs1)OC)N(C)C(=O)[C@@H](NC(=O)[C@H](C(C)C)N(C)C)C(C)C, CC[C@H](C)[C@@H]([C@@H](CC(=O)N1CCC[C@H]1[C@H](OC)[C@@H](C)C(=O)N[C@@H](Cc1ccccc1)c1nccs1)OC)N(C)C(=O)[C@@H](NC(=O)[C@H](C(C)C)N(C)C)C(C)C","OFDNQWIFNXBECV-VFSYNPLYSA-N, OFDNQWIFNXBECV-VFSYNPLYSA-N, OFDNQWIFNXBECV-VFSYNPLYSA-N, OFDNQWIFNXBECV-VFSYNPLYSA-N, OFDNQWIFNXBECV-VFSYNPLYSA-N, OFDNQWIFNXBECV-VFSYNPLYSA-N, OFDNQWIFNXBECV-VFSYNPLYSA-N",Phase 2
dolutegravir,HIV integrase inhibitor,"CYP3A4, CYP3A5, CYP3A7, POU2F2, UGT1A1",infectious disease,human immunodeficiency virus (HIV-1),MedChemEx,98.59,C[C@@H]1CCO[C@H]2Cn3cc(C(=O)NCc4ccc(F)cc4F)c(=O)c(O)c3C(=O)N12,RHWKPHLQXYSBKR-BMIGLBTASA-N,Launched
domiphen,,,,,"MedChemEx, MedChemEx, Selleck, Selleck, Selleck, Selleck",98.79,"CCCCCCCCCCCC[N+](C)(C)CCOc1ccccc1, CCCCCCCCCCCC[N+](C)(C)CCOc1ccccc1, CCCCCCCCCCCC[N+](C)(C)CCOc1ccccc1, CCCCCCCCCCCC[N+](C)(C)CCOc1ccccc1, CCCCCCCCCCCC[N+](C)(C)CCOc1ccccc1, CCCCCCCCCCCC[N+](C)(C)CCOc1ccccc1","YXUPZGKORWTXID-UHFFFAOYSA-N, YXUPZGKORWTXID-UHFFFAOYSA-N, YXUPZGKORWTXID-UHFFFAOYSA-N, YXUPZGKORWTXID-UHFFFAOYSA-N, YXUPZGKORWTXID-UHFFFAOYSA-N, YXUPZGKORWTXID-UHFFFAOYSA-N",Preclinical
domperidone,dopamine receptor antagonist,"DRD2, DRD3",infectious disease,fescue toxicosis,"MicroSource, MicroSource, Tocris, Selleck",97.24,"Clc1ccc2n(C3CCN(CCCn4c5ccccc5[nH]c4=O)CC3)c(=O)[nH]c2c1, Clc1ccc2n(C3CCN(CCCn4c5ccccc5[nH]c4=O)CC3)c(=O)[nH]c2c1, Clc1ccc2n(C3CCN(CCCn4c5ccccc5[nH]c4=O)CC3)c(=O)[nH]c2c1, Clc1ccc2n(C3CCN(CCCn4c5ccccc5[nH]c4=O)CC3)c(=O)[nH]c2c1","FGXWKSZFVQUSTL-UHFFFAOYSA-N, FGXWKSZFVQUSTL-UHFFFAOYSA-N, FGXWKSZFVQUSTL-UHFFFAOYSA-N, FGXWKSZFVQUSTL-UHFFFAOYSA-N",Launched
donepezil,acetylcholinesterase inhibitor,ACHE,neurology/psychiatry,Alzheimer's disease,"MicroSource, Selleck",97.71,"COc1cc2C[C@@H](CC3CCN(Cc4ccccc4)CC3)C(=O)c2cc1OC |r|, COc1cc2C[C@@H](CC3CCN(Cc4ccccc4)CC3)C(=O)c2cc1OC |r|","ADEBPBSSDYVVLD-HXUWFJFHSA-N, ADEBPBSSDYVVLD-HXUWFJFHSA-N",Launched
donitriptan,serotonin receptor agonist,"HTR1A, HTR1B, HTR1D, HTR1E, HTR1F, HTR2A, HTR5A, HTR6",,,"Tocris, Tocris, Tocris",97.35,"NCCc1c[nH]c2ccc(OCC(=O)N3CCN(CC3)c3ccc(cc3)C#N)cc12, NCCc1c[nH]c2ccc(OCC(=O)N3CCN(CC3)c3ccc(cc3)C#N)cc12, NCCc1c[nH]c2ccc(OCC(=O)N3CCN(CC3)c3ccc(cc3)C#N)cc12","SOHCKWZVTCTQBG-UHFFFAOYSA-N, SOHCKWZVTCTQBG-UHFFFAOYSA-N, SOHCKWZVTCTQBG-UHFFFAOYSA-N",Phase 2
dopamine,dopamine receptor agonist,"DBH, DRD1, DRD2, DRD3, DRD4, DRD5, HTR1A, HTR7, SLC6A2, SLC6A3, SLC6A4","cardiology, neurology/psychiatry","ventricular arrhythmias, depression, headache, tremors","MicroSource, Selleck, Selleck, Selleck",100,"NCCc1ccc(O)c(O)c1, NCCc1ccc(O)c(O)c1, NCCc1ccc(O)c(O)c1, NCCc1ccc(O)c(O)c1","VYFYYTLLBUKUHU-UHFFFAOYSA-N, VYFYYTLLBUKUHU-UHFFFAOYSA-N, VYFYYTLLBUKUHU-UHFFFAOYSA-N, VYFYYTLLBUKUHU-UHFFFAOYSA-N",Launched
doramapimod,p38 MAPK inhibitor,"MAPK11, MAPK12, MAPK13, MAPK14",,,"Tocris, Selleck, Selleck, Selleck, Selleck",96.66,"Cc1ccc(cc1)-n1nc(cc1NC(=O)Nc1ccc(OCCN2CCOCC2)c2ccccc12)C(C)(C)C, Cc1ccc(cc1)-n1nc(cc1NC(=O)Nc1ccc(OCCN2CCOCC2)c2ccccc12)C(C)(C)C, Cc1ccc(cc1)-n1nc(cc1NC(=O)Nc1ccc(OCCN2CCOCC2)c2ccccc12)C(C)(C)C, Cc1ccc(cc1)-n1nc(cc1NC(=O)Nc1ccc(OCCN2CCOCC2)c2ccccc12)C(C)(C)C, Cc1ccc(cc1)-n1nc(cc1NC(=O)Nc1ccc(OCCN2CCOCC2)c2ccccc12)C(C)(C)C","MVCOAUNKQVWQHZ-UHFFFAOYSA-N, MVCOAUNKQVWQHZ-UHFFFAOYSA-N, MVCOAUNKQVWQHZ-UHFFFAOYSA-N, MVCOAUNKQVWQHZ-UHFFFAOYSA-N, MVCOAUNKQVWQHZ-UHFFFAOYSA-N",Phase 2
doramectin,,,infectious disease,gastrointestinal roundworms,MedChemEx,85.08,"[H][C@@]12OC\C3=C/C=C/[C@H](C)[C@H](O[C@@]4([H])C[C@H](OC)[C@@H](O[C@@]5([H])C[C@H](OC)[C@@H](O)[C@H](C)O5)[C@H](C)O4)\C(C)=C\C[C@]4([H])C[C@@]([H])(C[C@@]5(O[C@H](C6CCCCC6)[C@@H](C)C=C5)O4)OC(=O)[C@]([H])(C=C(C)[C@H]1O)[C@@]23O |c:4,58,t:6,37,68|",QLFZZSKTJWDQOS-YDBLARSUSA-N,Launched
doravirine,non-nucleoside reverse transcriptase inhibitor,,,,MedChemEx,88.76,Cn1c(Cn2ccc(c(Oc3cc(Cl)cc(c3)C#N)c2=O)C(F)(F)F)n[nH]c1=O,ZIAOVIPSKUPPQW-UHFFFAOYSA-N,Launched
doripenem,bacterial cell wall synthesis inhibitor,DPEP1,infectious disease,"intra-abdominal infections, urinary tract infections, pyelonephritis","Sigma, MedChemEx, MedChemEx, Selleck, Selleck",42.28,"C[C@@H](O)[C@@H]1[C@H]2[C@@H](C)C(S[C@@H]3CN[C@H](CNS(N)(=O)=O)C3)=C(N2C1=O)C(O)=O |c:20|, C[C@@H](O)[C@@H]1[C@H]2[C@@H](C)C(S[C@@H]3CN[C@H](CNS(N)(=O)=O)C3)=C(N2C1=O)C(O)=O |c:20|, C[C@@H](O)[C@@H]1[C@H]2[C@@H](C)C(S[C@@H]3CN[C@H](CNS(N)(=O)=O)C3)=C(N2C1=O)C(O)=O |c:20|, C[C@@H](O)[C@@H]1[C@H]2[C@@H](C)C(S[C@@H]3CN[C@H](CNS(N)(=O)=O)C3)=C(N2C1=O)C(O)=O |c:20|, C[C@@H](O)[C@@H]1[C@H]2[C@@H](C)C(S[C@@H]3CN[C@H](CNS(N)(=O)=O)C3)=C(N2C1=O)C(O)=O |c:20|","AVAACINZEOAHHE-VFZPANTDSA-N, AVAACINZEOAHHE-VFZPANTDSA-N, AVAACINZEOAHHE-VFZPANTDSA-N, AVAACINZEOAHHE-VFZPANTDSA-N, AVAACINZEOAHHE-VFZPANTDSA-N",Launched
dorsomorphin,AMPK inhibitor,"ACVR1, BMPR1A, BMPR1B, EPHA2, FKBP1A, FLT1, FLT3, KDR, LCK, MKNK1, PRKAA1, RPS6KA1, SRC",,,"Tocris, Tocris, MedChemEx, MedChemEx, MedChemEx, MedChemEx",98.79,"C(CN1CCCCC1)Oc1ccc(cc1)-c1cnc2c(cnn2c1)-c1ccncc1, C(CN1CCCCC1)Oc1ccc(cc1)-c1cnc2c(cnn2c1)-c1ccncc1, C(CN1CCCCC1)Oc1ccc(cc1)-c1cnc2c(cnn2c1)-c1ccncc1, C(CN1CCCCC1)Oc1ccc(cc1)-c1cnc2c(cnn2c1)-c1ccncc1, C(CN1CCCCC1)Oc1ccc(cc1)-c1cnc2c(cnn2c1)-c1ccncc1, C(CN1CCCCC1)Oc1ccc(cc1)-c1cnc2c(cnn2c1)-c1ccncc1","XHBVYDAKJHETMP-UHFFFAOYSA-N, XHBVYDAKJHETMP-UHFFFAOYSA-N, InChI=1S/C24H25N5O/c1-2-12-28(13-3-1)14-15-30-22-6-4-19(5-7-22)21-16-26-24-23(17-27-29(24)18-21)20-8-10-25-11-9-20/h4-11,16-18H,1-3,12-15H2, InChI=1S/C24H25N5O/c1-2-12-28(13-3-1)14-15-30-22-6-4-19(5-7-22)21-16-26-24-23(17-27-29(24)18-21)20-8-10-25-11-9-20/h4-11,16-18H,1-3,12-15H2, InChI=1S/C24H25N5O/c1-2-12-28(13-3-1)14-15-30-22-6-4-19(5-7-22)21-16-26-24-23(17-27-29(24)18-21)20-8-10-25-11-9-20/h4-11,16-18H,1-3,12-15H2, InChI=1S/C24H25N5O/c1-2-12-28(13-3-1)14-15-30-22-6-4-19(5-7-22)21-16-26-24-23(17-27-29(24)18-21)20-8-10-25-11-9-20/h4-11,16-18H,1-3,12-15H2",Preclinical
dorzolamide,carbonic anhydrase inhibitor,"CA1, CA12, CA14, CA2, CA4, CA7",ophthalmology,"intraocular pressure, glaucoma",MedChemEx,78.1,CCN[C@H]1C[C@H](C)S(=O)(=O)c2sc(cc12)S(N)(=O)=O,IAVUPMFITXYVAF-XPUUQOCRSA-N,Launched
dosulepin,"norepinephrine reuptake inhibitor, serotonin–norepinephrine reuptake inhibitor (SNRI), tricyclic antidepressant","CHRM1, CHRM2, CHRM3, CHRM4, CHRM5, HRH1, SLC6A2, SLC6A4",neurology/psychiatry,depression,"Prestwick, Prestwick, SantaCruz",97.97,"CN(C)CC\C=C1/c2ccccc2CSc2ccccc12, CN(C)CC\C=C1/c2ccccc2CSc2ccccc12, CN(C)CC\C=C1/c2ccccc2CSc2ccccc12","PHTUQLWOUWZIMZ-GZTJUZNOSA-N, PHTUQLWOUWZIMZ-GZTJUZNOSA-N, PHTUQLWOUWZIMZ-GZTJUZNOSA-N",Launched
DOTMP,,,,,AMS,0,OP(O)(=O)CN1CCN(CP(O)(O)=O)CCN(CP(O)(O)=O)CCN(CP(O)(O)=O)CC1,RCXMQNIDOFXYDO-UHFFFAOYSA-N,Preclinical
dovitinib,"EGFR inhibitor, FGFR inhibitor, FLT3 inhibitor, PDGFR tyrosine kinase receptor inhibitor, VEGFR inhibitor","CSF1R, EGFR, FGFR1, FGFR2, FGFR3, FLT1, FLT3, FLT4, INSR, KDR, KIT, PDGFRA, PDGFRB",,,"Selleck, Selleck, Selleck, Selleck, Selleck, Selleck, Selleck, Selleck, Selleck, Selleck, Selleck, Selleck, Selleck",96.83,"CN1CCN(CC1)c1ccc2nc([nH]c2c1)-c1c(N)c2c(F)cccc2[nH]c1=O, CN1CCN(CC1)c1ccc2nc([nH]c2c1)-c1c(N)c2c(F)cccc2[nH]c1=O, CN1CCN(CC1)c1ccc2nc([nH]c2c1)-c1c(N)c2c(F)cccc2[nH]c1=O, CN1CCN(CC1)c1ccc2nc([nH]c2c1)-c1c(N)c2c(F)cccc2[nH]c1=O, CN1CCN(CC1)c1ccc2nc([nH]c2c1)-c1c(N)c2c(F)cccc2[nH]c1=O, CN1CCN(CC1)c1ccc2nc([nH]c2c1)-c1c(N)c2c(F)cccc2[nH]c1=O, CN1CCN(CC1)c1ccc2nc([nH]c2c1)-c1c(N)c2c(F)cccc2[nH]c1=O, CN1CCN(CC1)c1ccc2nc([nH]c2c1)-c1c(N)c2c(F)cccc2[nH]c1=O, CN1CCN(CC1)c1ccc2nc([nH]c2c1)-c1c(N)c2c(F)cccc2[nH]c1=O, CN1CCN(CC1)c1ccc2nc([nH]c2c1)-c1c(N)c2c(F)cccc2[nH]c1=O, CN1CCN(CC1)c1ccc2nc([nH]c2c1)-c1c(N)c2c(F)cccc2[nH]c1=O, CN1CCN(CC1)c1ccc2nc([nH]c2c1)-c1c(N)c2c(F)cccc2[nH]c1=O, CN1CCN(CC1)c1ccc2nc([nH]c2c1)-c1c(N)c2c(F)cccc2[nH]c1=O","PIQCTGMSNWUMAF-UHFFFAOYSA-N, PIQCTGMSNWUMAF-UHFFFAOYSA-N, PIQCTGMSNWUMAF-UHFFFAOYSA-N, PIQCTGMSNWUMAF-UHFFFAOYSA-N, PIQCTGMSNWUMAF-UHFFFAOYSA-N, PIQCTGMSNWUMAF-UHFFFAOYSA-N, PIQCTGMSNWUMAF-UHFFFAOYSA-N, PIQCTGMSNWUMAF-UHFFFAOYSA-N, PIQCTGMSNWUMAF-UHFFFAOYSA-N, PIQCTGMSNWUMAF-UHFFFAOYSA-N, PIQCTGMSNWUMAF-UHFFFAOYSA-N, PIQCTGMSNWUMAF-UHFFFAOYSA-N, PIQCTGMSNWUMAF-UHFFFAOYSA-N",Phase 3
doxapram,potassium channel blocker,,"pulmonary, neurology/psychiatry","respiratory depression, central nervous system depression, acute hypercapnia (AHC)","MedChemEx, Selleck, MicroSource",97.8,"CCN1C[C@@H](CCN2CCOCC2)C(C1=O)(c1ccccc1)c1ccccc1 |&1:4|, CCN1C[C@@H](CCN2CCOCC2)C(C1=O)(c1ccccc1)c1ccccc1 |&1:4|, CCN1C[C@@H](CCN2CCOCC2)C(C1=O)(c1ccccc1)c1ccccc1 |&1:4|","XFDJYSQDBULQSI-JOCHJYFZSA-N, XFDJYSQDBULQSI-JOCHJYFZSA-N, XFDJYSQDBULQSI-JOCHJYFZSA-N",Launched
doxazosin,adrenergic receptor antagonist,"ADRA1A, ADRA1B, ADRA1D","urology, cardiology","benign prostatic hyperplasia (BPH), hypertension","Tocris, Tocris",98.41,"COc1cc2nc(nc(N)c2cc1OC)N1CCN(CC1)C(=O)[C@H]1COc2ccccc2O1 |&1:23,r|, COc1cc2nc(nc(N)c2cc1OC)N1CCN(CC1)C(=O)[C@H]1COc2ccccc2O1 |&1:23,r|","RUZYUOTYCVRMRZ-HXUWFJFHSA-N, RUZYUOTYCVRMRZ-HXUWFJFHSA-N",Launched
doxepin,histamine receptor antagonist,"HRH1, SLC6A2, SLC6A4",neurology/psychiatry,"depression, anxiety","MicroSource, Tocris",98.99,"CN(C)CC\C=C1\c2ccccc2COc2ccccc12, CN(C)CC\C=C1\c2ccccc2COc2ccccc12","ODQWQRRAPPTVAG-BOPFTXTBSA-N, ODQWQRRAPPTVAG-BOPFTXTBSA-N",Launched
doxercalciferol,vitamin D receptor agonist,VDR,"nephrology, endocrinology","chronic kidney disease (CKD), hyperparathyroidism","Selleck, Selleck, Selleck, Selleck",95.96,"CC(C)[C@H](C)\C=C\[C@@H](C)[C@H]1CC[C@H]2\C(CCC[C@]12C)=C\C=C1/C[C@@H](O)C[C@H](O)C1=C, CC(C)[C@H](C)\C=C\[C@@H](C)[C@H]1CC[C@H]2\C(CCC[C@]12C)=C\C=C1/C[C@@H](O)C[C@H](O)C1=C, CC(C)[C@H](C)\C=C\[C@@H](C)[C@H]1CC[C@H]2\C(CCC[C@]12C)=C\C=C1/C[C@@H](O)C[C@H](O)C1=C, CC(C)[C@H](C)\C=C\[C@@H](C)[C@H]1CC[C@H]2\C(CCC[C@]12C)=C\C=C1/C[C@@H](O)C[C@H](O)C1=C","HKXBNHCUPKIYDM-ZKVKAWQFSA-N, HKXBNHCUPKIYDM-ZKVKAWQFSA-N, HKXBNHCUPKIYDM-ZKVKAWQFSA-N, HKXBNHCUPKIYDM-ZKVKAWQFSA-N",Launched
doxifluridine,thymidylate synthase inhibitor,TYMS,oncology,colorectal cancer,"MedChemEx, MicroSource, MicroSource, Selleck, Selleck",97.12,"C[C@H]1O[C@H]([C@H](O)[C@@H]1O)n1cc(F)c(=O)[nH]c1=O, C[C@H]1O[C@H]([C@H](O)[C@@H]1O)n1cc(F)c(=O)[nH]c1=O, C[C@H]1O[C@H]([C@H](O)[C@@H]1O)n1cc(F)c(=O)[nH]c1=O, C[C@H]1O[C@H]([C@H](O)[C@@H]1O)n1cc(F)c(=O)[nH]c1=O, C[C@H]1O[C@H]([C@H](O)[C@@H]1O)n1cc(F)c(=O)[nH]c1=O","ZWAOHEXOSAUJHY-ZIYNGMLESA-N, ZWAOHEXOSAUJHY-ZIYNGMLESA-N, ZWAOHEXOSAUJHY-ZIYNGMLESA-N, ZWAOHEXOSAUJHY-ZIYNGMLESA-N, ZWAOHEXOSAUJHY-ZIYNGMLESA-N",Launched
doxofylline,adenosine receptor antagonist,"ADORA1, PDE4A, PDE4B, PDE4C, PDE4D",pulmonary,asthma,"MedChemEx, MicroSource, MicroSource, MicroSource, Selleck",99.7,"Cn1c2ncn(CC3OCCO3)c2c(=O)n(C)c1=O, Cn1c2ncn(CC3OCCO3)c2c(=O)n(C)c1=O, Cn1c2ncn(CC3OCCO3)c2c(=O)n(C)c1=O, Cn1c2ncn(CC3OCCO3)c2c(=O)n(C)c1=O, Cn1c2ncn(CC3OCCO3)c2c(=O)n(C)c1=O","HWXIGFIVGWUZAO-UHFFFAOYSA-N, HWXIGFIVGWUZAO-UHFFFAOYSA-N, HWXIGFIVGWUZAO-UHFFFAOYSA-N, HWXIGFIVGWUZAO-UHFFFAOYSA-N, HWXIGFIVGWUZAO-UHFFFAOYSA-N",Launched
doxorubicin,topoisomerase inhibitor,TOP2A,"hematologic malignancy, oncology","acute lymphoblastic leukemia (ALL), acute myeloid leukemia (AML), Wilm's tumor, breast cancer, ovarian cancer, Hodgkin's lymphoma, bladder cancer, multiple myeloma",,0,,,Launched
doxycycline,"bacterial 30S ribosomal subunit inhibitor, metalloproteinase inhibitor",MMP8,dental,periodontitis,"MedChemEx, Selleck, Selleck, Selleck, Selleck",99,"C[C@@H]1[C@H]2[C@H](O)[C@H]3[C@H](N(C)C)C(O)=C(C(N)=O)C(=O)[C@@]3(O)C(O)=C2C(=O)c2c(O)cccc12 |a:1,2,3,5,6,18,&1:12,&2:22,c:22,t:11|, C[C@@H]1[C@H]2[C@H](O)[C@H]3[C@H](N(C)C)C(O)=C(C(N)=O)C(=O)[C@@]3(O)C(O)=C2C(=O)c2c(O)cccc12 |a:1,2,3,5,6,18,&1:12,&2:22,c:22,t:11|, C[C@@H]1[C@H]2[C@H](O)[C@H]3[C@H](N(C)C)C(O)=C(C(N)=O)C(=O)[C@@]3(O)C(O)=C2C(=O)c2c(O)cccc12 |a:1,2,3,5,6,18,&1:12,&2:22,c:22,t:11|, C[C@@H]1[C@H]2[C@H](O)[C@H]3[C@H](N(C)C)C(O)=C(C(N)=O)C(=O)[C@@]3(O)C(O)=C2C(=O)c2c(O)cccc12 |a:1,2,3,5,6,18,&1:12,&2:22,c:22,t:11|, C[C@@H]1[C@H]2[C@H](O)[C@H]3[C@H](N(C)C)C(O)=C(C(N)=O)C(=O)[C@@]3(O)C(O)=C2C(=O)c2c(O)cccc12 |a:1,2,3,5,6,18,&1:12,&2:22,c:22,t:11|","JBIWCJUYHHGXTC-AKNGSSGZSA-N, JBIWCJUYHHGXTC-AKNGSSGZSA-N, JBIWCJUYHHGXTC-AKNGSSGZSA-N, JBIWCJUYHHGXTC-AKNGSSGZSA-N, JBIWCJUYHHGXTC-AKNGSSGZSA-N",Launched
doxylamine,histamine receptor antagonist,HRH1,neurology/psychiatry,sedative,"MicroSource, Selleck",98.3,"CN(C)CCOC(C)(c1ccccc1)c1ccccn1, CN(C)CCOC(C)(c1ccccc1)c1ccccn1","HCFDWZZGGLSKEP-UHFFFAOYSA-N, HCFDWZZGGLSKEP-UHFFFAOYSA-N",Launched
DpC,,,,,Sigma,100,CN(C1CCCCC1)C(=S)NN=C(c1ccccn1)c1ccccn1,GNLZNQJBZNOUBM-UHFFFAOYSA-N,Phase 1
DPC-681,HIV protease inhibitor,,,,MedChemEx,97.55,CC(C)CN(C[C@@H](O)[C@H](Cc1ccccc1)NC(=O)[C@@H](NC(=O)CNCc1cccc(F)c1)C(C)(C)C)S(=O)(=O)c1cccc(N)c1,PNIFFZXGBAYVMQ-RKKDRKJOSA-N,Phase 1
DPCPX,adenosine receptor antagonist,"ADORA1, ADORA2A, ADORA2B, ADORA3",,,"Tocris, Tocris, Tocris",99.02,"CCCn1c2nc([nH]c2c(=O)n(CCC)c1=O)C1CCCC1, CCCn1c2nc([nH]c2c(=O)n(CCC)c1=O)C1CCCC1, CCCn1c2nc([nH]c2c(=O)n(CCC)c1=O)C1CCCC1","FFBDFADSZUINTG-UHFFFAOYSA-N, FFBDFADSZUINTG-UHFFFAOYSA-N, FFBDFADSZUINTG-UHFFFAOYSA-N",Phase 1
DPI-201106,sodium channel activator,ADRB2,,,Enzo,94.82,"O[C@@H](COc1cccc2[nH]c(cc12)C#N)CN1CCN(CC1)C(c1ccccc1)c1ccccc1 |&1:1,r|",BYBYHCOEAFHGJL-RUZDIDTESA-N,Phase 2
DPO-1,potassium channel blocker,KCNA5,,,"Tocris, Tocris, Tocris",98.66,"CC(C)[C@@H]1CC[C@@H](C)C[C@@H]1P(=O)(c1ccccc1)c1ccccc1, CC(C)[C@@H]1CC[C@@H](C)C[C@@H]1P(=O)(c1ccccc1)c1ccccc1, CC(C)[C@@H]1CC[C@@H](C)C[C@@H]1P(=O)(c1ccccc1)c1ccccc1","BPCNGVCAHAIZEE-COPCDDAFSA-N, BPCNGVCAHAIZEE-COPCDDAFSA-N, BPCNGVCAHAIZEE-COPCDDAFSA-N",Preclinical
DPPE,histamine receptor antagonist,"ABCB1, HRH1",,,"Tocris, Tocris, Tocris",94.69,"CCN(CC)CCOc1ccc(Cc2ccccc2)cc1, CCN(CC)CCOc1ccc(Cc2ccccc2)cc1, CCN(CC)CCOc1ccc(Cc2ccccc2)cc1","NFIXBCVWIPOYCD-UHFFFAOYSA-N, NFIXBCVWIPOYCD-UHFFFAOYSA-N, NFIXBCVWIPOYCD-UHFFFAOYSA-N",Phase 3
DQP-1105,glutamate receptor antagonist,"GRIN2C, GRIN2D",,,"Tocris, Tocris, Tocris",94.9,"Cc1ccc2[nH]c(=O)c(C3=NN([C@@H](C3)c3ccc(Br)cc3)C(=O)CCC(O)=O)c(-c3ccccc3)c2c1 |&1:12,r,t:9|, Cc1ccc2[nH]c(=O)c(C3=NN([C@@H](C3)c3ccc(Br)cc3)C(=O)CCC(O)=O)c(-c3ccccc3)c2c1 |&1:12,r,t:9|, Cc1ccc2[nH]c(=O)c(C3=NN([C@@H](C3)c3ccc(Br)cc3)C(=O)CCC(O)=O)c(-c3ccccc3)c2c1 |&1:12,r,t:9|","MVYNQMRZRULRIE-DEOSSOPVSA-N, MVYNQMRZRULRIE-DEOSSOPVSA-N, MVYNQMRZRULRIE-DEOSSOPVSA-N",Preclinical
DR-2313,PARP inhibitor,"PARP1, PARP3",,,"Tocris, Tocris",86.89,"Cc1nc(=O)c2CSCCc2[nH]1, Cc1nc(=O)c2CSCCc2[nH]1","HRYKZAKEAVZGJD-UHFFFAOYSA-N, HRYKZAKEAVZGJD-UHFFFAOYSA-N",Preclinical
DR-4485,serotonin receptor antagonist,HTR7,,,"Tocris, Tocris, Tocris",98.04,"Clc1ccc(cc1)C1=CCN(CCCC[C@@]23CCCc4c2c(NC3=O)ccc4Cl)CC1 |&1:15,t:8|, Clc1ccc(cc1)C1=CCN(CCCC[C@@]23CCCc4c2c(NC3=O)ccc4Cl)CC1 |&1:15,t:8|, Clc1ccc(cc1)C1=CCN(CCCC[C@@]23CCCc4c2c(NC3=O)ccc4Cl)CC1 |&1:15,t:8|","SBTRHJHOLCAPFT-AREMUKBSSA-N, SBTRHJHOLCAPFT-AREMUKBSSA-N, SBTRHJHOLCAPFT-AREMUKBSSA-N",Preclinical
DRF053-(R),CDK inhibitor,CSNK1A1,,,"Tocris, Tocris, Tocris",95.49,"CC[C@H](CO)Nc1nc(Nc2cccc(c2)-c2ccccn2)c2ncn(C(C)C)c2n1, CC[C@H](CO)Nc1nc(Nc2cccc(c2)-c2ccccn2)c2ncn(C(C)C)c2n1, CC[C@H](CO)Nc1nc(Nc2cccc(c2)-c2ccccn2)c2ncn(C(C)C)c2n1","LWANFAFTTOKZAX-QGZVFWFLSA-N, LWANFAFTTOKZAX-QGZVFWFLSA-N, LWANFAFTTOKZAX-QGZVFWFLSA-N",Preclinical
drofenine,,,neurology/psychiatry,spasms,"MicroSource, MedChemEx",93.04,"CCN(CC)CCOC(=O)[C@@H](C1CCCCC1)c1ccccc1 |&1:10|, CCN(CC)CCOC(=O)[C@@H](C1CCCCC1)c1ccccc1 |&1:10|","AGJBLWCLQCKRJP-LJQANCHMSA-N, AGJBLWCLQCKRJP-LJQANCHMSA-N",Launched
droloxifene,selective estrogen receptor modulator (SERM),ESR1,,,LKT,82.82,CC\C(=C(\c1ccc(OCCN(C)C)cc1)c1cccc(O)c1)c1ccccc1,ZQZFYGIXNQKOAV-OCEACIFDSA-N,Phase 3
dromostanolone-propionate,androgen receptor modulator,AR,oncology,breast cancer,"ANpharma, ANpharma",99.15,"CCC(=O)O[C@H]1CC[C@H]2[C@H]3CC[C@H]4CC(=O)[C@@H](C)C[C@@]4(C)[C@@H]3CC[C@@]12C |&1:5,&2:8,&3:9,&4:12,&5:16,&6:19,&7:21,&8:24,r|, CCC(=O)O[C@H]1CC[C@H]2[C@H]3CC[C@H]4CC(=O)[C@@H](C)C[C@@]4(C)[C@@H]3CC[C@@]12C |&1:5,&2:8,&3:9,&4:12,&5:16,&6:19,&7:21,&8:24,r|","NOTIQUSPUUHHEH-QOMQUSCHSA-N, NOTIQUSPUUHHEH-QOMQUSCHSA-N",Launched
dronedarone,adrenergic receptor antagonist,"ADRA1A, ADRA1B, ADRA1D, ADRA2A, ADRA2B, ADRA2C, ADRB1, CACNA1C, CACNA1D, CACNA1F, CACNA1S, CACNB1, CACNB2, CACNB3, CACNB4, KCNA5, KCNH2, KCNK2, SCN1A",cardiology,atrial fibrillation (AF),"MedChemEx, MedChemEx, Selleck, Selleck, Selleck",98.57,"CCCCN(CCCC)CCCOc1ccc(cc1)C(=O)c1c(CCCC)oc2ccc(NS(C)(=O)=O)cc12, CCCCN(CCCC)CCCOc1ccc(cc1)C(=O)c1c(CCCC)oc2ccc(NS(C)(=O)=O)cc12, CCCCN(CCCC)CCCOc1ccc(cc1)C(=O)c1c(CCCC)oc2ccc(NS(C)(=O)=O)cc12, CCCCN(CCCC)CCCOc1ccc(cc1)C(=O)c1c(CCCC)oc2ccc(NS(C)(=O)=O)cc12, CCCCN(CCCC)CCCOc1ccc(cc1)C(=O)c1c(CCCC)oc2ccc(NS(C)(=O)=O)cc12","ZQTNQVWKHCQYLQ-UHFFFAOYSA-N, ZQTNQVWKHCQYLQ-UHFFFAOYSA-N, ZQTNQVWKHCQYLQ-UHFFFAOYSA-N, ZQTNQVWKHCQYLQ-UHFFFAOYSA-N, ZQTNQVWKHCQYLQ-UHFFFAOYSA-N",Launched
droperidol,dopamine receptor antagonist,"ADRA1A, DRD2, DRD3, DRD4, HTR2A",gastroenterology,"nausea, vomiting","Tocris, MicroSource, Selleck",94.72,"Fc1ccc(cc1)C(=O)CCCN1CCC(=CC1)n1c2ccccc2[nH]c1=O |c:16|, Fc1ccc(cc1)C(=O)CCCN1CCC(=CC1)n1c2ccccc2[nH]c1=O |c:16|, Fc1ccc(cc1)C(=O)CCCN1CCC(=CC1)n1c2ccccc2[nH]c1=O |c:16|","RMEDXOLNCUSCGS-UHFFFAOYSA-N, RMEDXOLNCUSCGS-UHFFFAOYSA-N, RMEDXOLNCUSCGS-UHFFFAOYSA-N",Launched
dropropizine,antitussive,,pulmonary,cough suppressant,"MicroSource, Selleck, MedChemEx, Selleck",95.89,"OC[C@@H](O)CN1CCN(CC1)c1ccccc1 |&1:2,r|, OC[C@@H](O)CN1CCN(CC1)c1ccccc1 |&1:2,r|, OC[C@@H](O)CN1CCN(CC1)c1ccccc1 |&1:2,r|, OC[C@@H](O)CN1CCN(CC1)c1ccccc1 |&1:2,r|","PTVWPYVOOKLBCG-ZDUSSCGKSA-N, PTVWPYVOOKLBCG-ZDUSSCGKSA-N, PTVWPYVOOKLBCG-ZDUSSCGKSA-N, PTVWPYVOOKLBCG-ZDUSSCGKSA-N",Launched
drospirenone,mineralocorticoid receptor antagonist,"AR, NR3C2, PGR",endocrinology,contraceptive,"Selleck, Selleck, Selleck, Selleck, MicroSource, Selleck, Selleck",99.66,"C[C@]12CC[C@H]3[C@@H]([C@H]4C[C@H]4C4=CC(=O)CC[C@]34C)[C@@H]1[C@@H]1C[C@@H]1[C@@]21CCC(=O)O1 |t:10|, C[C@]12CC[C@H]3[C@@H]([C@H]4C[C@H]4C4=CC(=O)CC[C@]34C)[C@@H]1[C@@H]1C[C@@H]1[C@@]21CCC(=O)O1 |t:10|, C[C@]12CC[C@H]3[C@@H]([C@H]4C[C@H]4C4=CC(=O)CC[C@]34C)[C@@H]1[C@@H]1C[C@@H]1[C@@]21CCC(=O)O1 |t:10|, C[C@]12CC[C@H]3[C@@H]([C@H]4C[C@H]4C4=CC(=O)CC[C@]34C)[C@@H]1[C@@H]1C[C@@H]1[C@@]21CCC(=O)O1 |t:10|, C[C@]12CC[C@H]3[C@@H]([C@H]4C[C@H]4C4=CC(=O)CC[C@]34C)[C@@H]1[C@@H]1C[C@@H]1[C@@]21CCC(=O)O1 |t:10|, C[C@]12CC[C@H]3[C@@H]([C@H]4C[C@H]4C4=CC(=O)CC[C@]34C)[C@@H]1[C@@H]1C[C@@H]1[C@@]21CCC(=O)O1 |t:10|, C[C@]12CC[C@H]3[C@@H]([C@H]4C[C@H]4C4=CC(=O)CC[C@]34C)[C@@H]1[C@@H]1C[C@@H]1[C@@]21CCC(=O)O1 |t:10|","METQSPRSQINEEU-HXCATZOESA-N, METQSPRSQINEEU-HXCATZOESA-N, METQSPRSQINEEU-HXCATZOESA-N, METQSPRSQINEEU-HXCATZOESA-N, METQSPRSQINEEU-HXCATZOESA-N, METQSPRSQINEEU-HXCATZOESA-N, METQSPRSQINEEU-HXCATZOESA-N",Launched
drotaverine,phosphodiesterase inhibitor,,obstetrics/gynecology,labor induction,"Enamine, Vitas-M, Vitas-M, Vitas-M",88.7,"CCOc1ccc(CC2=NCCc3cc(OCC)c(OCC)cc23)cc1OCC |t:8|, CCOc1ccc(CC2=NCCc3cc(OCC)c(OCC)cc23)cc1OCC |t:8|, CCOc1ccc(CC2=NCCc3cc(OCC)c(OCC)cc23)cc1OCC |t:8|, CCOc1ccc(CC2=NCCc3cc(OCC)c(OCC)cc23)cc1OCC |t:8|","NCVXEYAKRVJMTQ-UHFFFAOYSA-N, NCVXEYAKRVJMTQ-UHFFFAOYSA-N, NCVXEYAKRVJMTQ-UHFFFAOYSA-N, NCVXEYAKRVJMTQ-UHFFFAOYSA-N",Launched
droxicam,cyclooxygenase inhibitor,PTGS1,rheumatology,"rheumatoid arthritis, osteoarthritis","Sigma, Ark",0,"CN1c2c(oc(=O)n(-c3ccccn3)c2=O)-c2ccccc2S1(=O)=O, CN1c2c(oc(=O)n(-c3ccccn3)c2=O)-c2ccccc2S1(=O)=O","OEHFRZLKGRKFAS-UHFFFAOYSA-N, OEHFRZLKGRKFAS-UHFFFAOYSA-N",Launched
droxidopa,norepinephrine precursor,"ADRA1A, ADRA1B, ADRA1D, ADRA2A, ADRA2B, ADRA2C, ADRB1, ADRB2, ADRB3, PAH","cardiology, neurology/psychiatry","hypertension, Parkinson's Disease","MedChemEx, MedChemEx, Selleck, Selleck, Selleck",100,"N[C@@H]([C@H](O)c1ccc(O)c(O)c1)C(O)=O, N[C@@H]([C@H](O)c1ccc(O)c(O)c1)C(O)=O, N[C@@H]([C@H](O)c1ccc(O)c(O)c1)C(O)=O, N[C@@H]([C@H](O)c1ccc(O)c(O)c1)C(O)=O, N[C@@H]([C@H](O)c1ccc(O)c(O)c1)C(O)=O","QXWYKJLNLSIPIN-JGVFFNPUSA-N, QXWYKJLNLSIPIN-JGVFFNPUSA-N, QXWYKJLNLSIPIN-JGVFFNPUSA-N, QXWYKJLNLSIPIN-JGVFFNPUSA-N, QXWYKJLNLSIPIN-JGVFFNPUSA-N",Launched
droxinostat,HDAC inhibitor,"HDAC6, HDAC8",,,"Selleck, Selleck, Selleck, Selleck",95.12,"Cc1cc(Cl)ccc1OCCCC(=O)NO, Cc1cc(Cl)ccc1OCCCC(=O)NO, Cc1cc(Cl)ccc1OCCCC(=O)NO, Cc1cc(Cl)ccc1OCCCC(=O)NO","JHSXDAWGLCZYSM-UHFFFAOYSA-N, JHSXDAWGLCZYSM-UHFFFAOYSA-N, JHSXDAWGLCZYSM-UHFFFAOYSA-N, JHSXDAWGLCZYSM-UHFFFAOYSA-N",Preclinical
DSM265,dihydroorotate dehydrogenase inhibitor,,,,MedChemEx,97.71,Cc1cc(Nc2ccc(cc2)S(F)(F)(F)(F)F)n2nc(nc2n1)C(C)(F)F,OIZSVTOIBNSVOS-UHFFFAOYSA-N,Phase 2
DSPC,,,,,ChemImpex,0,"CCCCCCCCCCCCCCCCCC(=O)OC[C@@H](COP(O)(=O)OCC[N+](C)(C)C)OC(=O)CCCCCCCCCCCCCCCCC |&1:21,r|",NRJAVPSFFCBXDT-WBCKFURZSA-O,Preclinical
DSR-6434,toll-like receptor agonist,TLR7,,,"Tocris, Tocris",95.77,"CCCCNc1nc(N)c2[nH]c(=O)n(Cc3ccc(OCCN(C)C)nc3)c2n1, CCCCNc1nc(N)c2[nH]c(=O)n(Cc3ccc(OCCN(C)C)nc3)c2n1","SSZHESNDOMBSRV-UHFFFAOYSA-N, SSZHESNDOMBSRV-UHFFFAOYSA-N",Preclinical
DS2-(806622),,,,,"Tocris, Tocris, Tocris",90.61,"Clc1ccc(cc1)C(=O)Nc1c(nc2ccccn12)-c1cccs1, Clc1ccc(cc1)C(=O)Nc1c(nc2ccccn12)-c1cccs1, Clc1ccc(cc1)C(=O)Nc1c(nc2ccccn12)-c1cccs1","AZKMWHRDICVYEI-UHFFFAOYSA-N, AZKMWHRDICVYEI-UHFFFAOYSA-N, AZKMWHRDICVYEI-UHFFFAOYSA-N",Preclinical
DU-728,structural glycoprotein antagonist,"ITGA2B, ITGB3",,,"MedChemEx, MedChemEx",100,"N[C@@H](CCCNC(N)=N)C(=O)NCC(=O)N[C@@H](CC(O)=O)C(=O)N[C@@H](CO)C(O)=O, N[C@@H](CCCNC(N)=N)C(=O)NCC(=O)N[C@@H](CC(O)=O)C(=O)N[C@@H](CO)C(O)=O","NNRFRJQMBSBXGO-CIUDSAMLSA-N, NNRFRJQMBSBXGO-CIUDSAMLSA-N",Phase 1
duloxetine,"norepinephrine reuptake inhibitor, serotonin–norepinephrine reuptake inhibitor (SNRI)","HTR2A, HTR2C, HTR6, SLC6A2, SLC6A3, SLC6A4",neurology/psychiatry,"depression, generalized anxiety disorder (GAD), muscle pain, peripheral neuropathy","Tocris, MicroSource, MicroSource, MicroSource, Selleck, Selleck",98.66,"CNCC[C@H](Oc1cccc2ccccc12)c1cccs1, CNCC[C@H](Oc1cccc2ccccc12)c1cccs1, CNCC[C@H](Oc1cccc2ccccc12)c1cccs1, CNCC[C@H](Oc1cccc2ccccc12)c1cccs1, CNCC[C@H](Oc1cccc2ccccc12)c1cccs1, CNCC[C@H](Oc1cccc2ccccc12)c1cccs1","ZEUITGRIYCTCEM-KRWDZBQOSA-N, ZEUITGRIYCTCEM-KRWDZBQOSA-N, ZEUITGRIYCTCEM-KRWDZBQOSA-N, ZEUITGRIYCTCEM-KRWDZBQOSA-N, ZEUITGRIYCTCEM-KRWDZBQOSA-N, ZEUITGRIYCTCEM-KRWDZBQOSA-N",Launched
DUP-697,cyclooxygenase inhibitor,PTGS2,,,"Tocris, Tocris, Tocris",97.02,"CS(=O)(=O)c1ccc(cc1)-c1cc(Br)sc1-c1ccc(F)cc1, CS(=O)(=O)c1ccc(cc1)-c1cc(Br)sc1-c1ccc(F)cc1, CS(=O)(=O)c1ccc(cc1)-c1cc(Br)sc1-c1ccc(F)cc1","AJFTZWGGHJXZOB-UHFFFAOYSA-N, AJFTZWGGHJXZOB-UHFFFAOYSA-N, AJFTZWGGHJXZOB-UHFFFAOYSA-N",Phase 1
dutasteride,5 alpha reductase inhibitor,"SRD5A1, SRD5A2, SRD5A3",urology,benign prostatic hyperplasia (BPH),"MedChemEx, Selleck, Selleck",97.58,"C[C@]12CC[C@H]3[C@@H](CC[C@H]4NC(=O)C=C[C@]34C)[C@@H]1CC[C@@H]2C(=O)Nc1cc(ccc1C(F)(F)F)C(F)(F)F |c:12|, C[C@]12CC[C@H]3[C@@H](CC[C@H]4NC(=O)C=C[C@]34C)[C@@H]1CC[C@@H]2C(=O)Nc1cc(ccc1C(F)(F)F)C(F)(F)F |c:12|, C[C@]12CC[C@H]3[C@@H](CC[C@H]4NC(=O)C=C[C@]34C)[C@@H]1CC[C@@H]2C(=O)Nc1cc(ccc1C(F)(F)F)C(F)(F)F |c:12|","JWJOTENAMICLJG-QWBYCMEYSA-N, JWJOTENAMICLJG-QWBYCMEYSA-N, JWJOTENAMICLJG-QWBYCMEYSA-N",Launched
duvelisib,PI3K inhibitor,"PIK3CA, PIK3CB, PIK3CD, PIK3CG",,,"Selleck, Selleck, Selleck, MedChemEx",98.68,"C[C@H](Nc1ncnc2nc[nH]c12)c1cc2cccc(Cl)c2c(=O)n1-c1ccccc1, C[C@H](Nc1ncnc2nc[nH]c12)c1cc2cccc(Cl)c2c(=O)n1-c1ccccc1, C[C@H](Nc1ncnc2nc[nH]c12)c1cc2cccc(Cl)c2c(=O)n1-c1ccccc1, C[C@H](Nc1ncnc2nc[nH]c12)c1cc2cccc(Cl)c2c(=O)n1-c1ccccc1","SJVQHLPISAIATJ-ZDUSSCGKSA-N, SJVQHLPISAIATJ-ZDUSSCGKSA-N, SJVQHLPISAIATJ-ZDUSSCGKSA-N, SJVQHLPISAIATJ-ZDUSSCGKSA-N",Launched
DVD-111,,,,,"MedChemEx, MedChemEx",99.45,"CCOC(=O)CNC(=O)[C@@H]1CCCN1C(=O)Cc1ccccc1, CCOC(=O)CNC(=O)[C@@H]1CCCN1C(=O)Cc1ccccc1","PJNSMUBMSNAEEN-AWEZNQCLSA-N, PJNSMUBMSNAEEN-AWEZNQCLSA-N",Phase 2
DWK-1339,beta amyloid aggregation inhibitor,,,,MedChemEx,95.08,COCCCc1ccc2oc(cc2c1)-c1ccc(OC)c(OC)c1,CUEPJIGXQLIOIK-UHFFFAOYSA-N,Preclinical
dyclonine,sodium channel blocker,"SCN10A, SCN5A",neurology/psychiatry,local anesthetic,"MedChemEx, MedChemEx, MicroSource, Selleck, Selleck, Selleck, MedChemEx",93.29,"CCCCOc1ccc(cc1)C(=O)CCN1CCCCC1, CCCCOc1ccc(cc1)C(=O)CCN1CCCCC1, CCCCOc1ccc(cc1)C(=O)CCN1CCCCC1, CCCCOc1ccc(cc1)C(=O)CCN1CCCCC1, CCCCOc1ccc(cc1)C(=O)CCN1CCCCC1, CCCCOc1ccc(cc1)C(=O)CCN1CCCCC1, CCCCOc1ccc(cc1)C(=O)CCN1CCCCC1","BZEWSEKUUPWQDQ-UHFFFAOYSA-N, BZEWSEKUUPWQDQ-UHFFFAOYSA-N, BZEWSEKUUPWQDQ-UHFFFAOYSA-N, BZEWSEKUUPWQDQ-UHFFFAOYSA-N, BZEWSEKUUPWQDQ-UHFFFAOYSA-N, BZEWSEKUUPWQDQ-UHFFFAOYSA-N, BZEWSEKUUPWQDQ-UHFFFAOYSA-N",Launched
dydrogesterone,progesterone receptor agonist,PGR,obstetrics/gynecology,infertility,"MicroSource, MedChemEx, Selleck, Selleck",100,"CC(=O)[C@H]1CC[C@H]2[C@@H]3C=CC4=CC(=O)CC[C@@]4(C)[C@@H]3CC[C@]12C |c:8,t:10|, CC(=O)[C@H]1CC[C@H]2[C@@H]3C=CC4=CC(=O)CC[C@@]4(C)[C@@H]3CC[C@]12C |c:8,t:10|, CC(=O)[C@H]1CC[C@H]2[C@@H]3C=CC4=CC(=O)CC[C@@]4(C)[C@@H]3CC[C@]12C |c:8,t:10|, CC(=O)[C@H]1CC[C@H]2[C@@H]3C=CC4=CC(=O)CC[C@@]4(C)[C@@H]3CC[C@]12C |c:8,t:10|","JGMOKGBVKVMRFX-HQZYFCCVSA-N, JGMOKGBVKVMRFX-HQZYFCCVSA-N, JGMOKGBVKVMRFX-HQZYFCCVSA-N, JGMOKGBVKVMRFX-HQZYFCCVSA-N",Launched
dynasore,dynamin inhibitor,"DNM1, DNM1L, DNM2",,,"Tocris, Selleck, Selleck, Selleck, Selleck, Selleck",89.1,"Oc1ccc(\C=N\NC(=O)c2cc3ccccc3cc2O)cc1O, Oc1ccc(\C=N\NC(=O)c2cc3ccccc3cc2O)cc1O, Oc1ccc(\C=N\NC(=O)c2cc3ccccc3cc2O)cc1O, Oc1ccc(\C=N\NC(=O)c2cc3ccccc3cc2O)cc1O, Oc1ccc(\C=N\NC(=O)c2cc3ccccc3cc2O)cc1O, Oc1ccc(\C=N\NC(=O)c2cc3ccccc3cc2O)cc1O","SYNDQCRDGGCQRZ-VXLYETTFSA-N, SYNDQCRDGGCQRZ-VXLYETTFSA-N, SYNDQCRDGGCQRZ-VXLYETTFSA-N, SYNDQCRDGGCQRZ-VXLYETTFSA-N, SYNDQCRDGGCQRZ-VXLYETTFSA-N, SYNDQCRDGGCQRZ-VXLYETTFSA-N",Preclinical
dynole-34-2,dynamin inhibitor,DNM1,,,"Tocris, Tocris",92.06,"CCCCCCCCNC(=O)C(=C\c1cn(CCCN(C)C)c2ccccc12)\C#N, CCCCCCCCNC(=O)C(=C\c1cn(CCCN(C)C)c2ccccc12)\C#N","MYIMRONQBLZJFI-DYTRJAOYSA-N, MYIMRONQBLZJFI-DYTRJAOYSA-N",Preclinical
dyphylline,"adenosine receptor antagonist, phosphodiesterase inhibitor",PDE4A,pulmonary,"asthma, bronchitis, emphysema","MicroSource, Selleck, MedChemEx",99.68,"Cn1c2ncn(C[C@@H](O)CO)c2c(=O)n(C)c1=O |&1:7,r|, Cn1c2ncn(C[C@@H](O)CO)c2c(=O)n(C)c1=O |&1:7,r|, Cn1c2ncn(C[C@@H](O)CO)c2c(=O)n(C)c1=O |&1:7,r|","KSCFJBIXMNOVSH-ZCFIWIBFSA-N, KSCFJBIXMNOVSH-ZCFIWIBFSA-N, KSCFJBIXMNOVSH-ZCFIWIBFSA-N",Launched
DY131,estrogen-related receptor agonist,"ESRRB, ESRRG",,,"Tocris, Tocris, Tocris",88.82,"CCN(CC)c1ccc(\C=N\NC(=O)c2ccc(O)cc2)cc1, CCN(CC)c1ccc(\C=N\NC(=O)c2ccc(O)cc2)cc1, CCN(CC)c1ccc(\C=N\NC(=O)c2ccc(O)cc2)cc1","WLKOCYWYAWBGKY-CPNJWEJPSA-N, WLKOCYWYAWBGKY-CPNJWEJPSA-N, WLKOCYWYAWBGKY-CPNJWEJPSA-N",Preclinical
D609,phospholipase inhibitor,,,,"MedChemEx, MedChemEx, Enzo, Tocris",86.67,"SC(=S)OC1CC2CC1C1CCCC21, SC(=S)OC1CC2CC1C1CCCC21, SC(=S)OC1CC2CC1C1CCCC21, SC(=S)OC1CC2CC1C1CCCC21","PWLXJBSAUKKGCM-UHFFFAOYSA-N, PWLXJBSAUKKGCM-UHFFFAOYSA-N, PWLXJBSAUKKGCM-UHFFFAOYSA-N, PWLXJBSAUKKGCM-UHFFFAOYSA-N",Preclinical
E-2001,antioxidant,,,,Sigma,31.37,Fc1ccc(cc1)C(=O)C1CCN(CC(=O)c2ccc3ccccc3c2)CC1,WPFPDSUMDURRRW-UHFFFAOYSA-N,Preclinical
E-2012,gamma secretase modulator,"APH1A, APH1B, PSENEN",,,"MedChemEx, MedChemEx",91.68,"COc1cc(\C=C2/CCCN([C@@H](C)c3ccc(F)cc3)C2=O)ccc1-n1cnc(C)c1, COc1cc(\C=C2/CCCN([C@@H](C)c3ccc(F)cc3)C2=O)ccc1-n1cnc(C)c1","PUOAETJYKQITMO-LANLRWRYSA-N, PUOAETJYKQITMO-LANLRWRYSA-N",Phase 1
E-4031,potassium channel blocker,"KCNH1, KCNH2",,,"Tocris, Tocris, Tocris, Tocris",96.27,"Cc1cccc(CCN2CCC(CC2)C(=O)c2ccc(NS(C)(=O)=O)cc2)n1, Cc1cccc(CCN2CCC(CC2)C(=O)c2ccc(NS(C)(=O)=O)cc2)n1, Cc1cccc(CCN2CCC(CC2)C(=O)c2ccc(NS(C)(=O)=O)cc2)n1, Cc1cccc(CCN2CCC(CC2)C(=O)c2ccc(NS(C)(=O)=O)cc2)n1","SRUISGSHWFJION-UHFFFAOYSA-N, SRUISGSHWFJION-UHFFFAOYSA-N, SRUISGSHWFJION-UHFFFAOYSA-N, SRUISGSHWFJION-UHFFFAOYSA-N",Phase 1
E-64,"calpain inhibitor, cysteine protease inhibitor",CTSS,,,"Tocris, Tocris",94.41,"CC(C)C[C@H](NC(=O)[C@H]1O[C@@H]1C(O)=O)C(=O)NCCCCNC(N)=N, CC(C)C[C@H](NC(=O)[C@H]1O[C@@H]1C(O)=O)C(=O)NCCCCNC(N)=N","LTLYEAJONXGNFG-DCAQKATOSA-N, LTLYEAJONXGNFG-DCAQKATOSA-N",Preclinical
eact,calcium-activated chloride channel inhibitor,ANO1,,,"Tocris, Tocris",97.95,"COCCN(C(=O)c1cc(OC)c(OC)c(OC)c1)c1nc(cs1)-c1ccccc1, COCCN(C(=O)c1cc(OC)c(OC)c(OC)c1)c1nc(cs1)-c1ccccc1","ZUXNHFFVQWADJL-UHFFFAOYSA-N, ZUXNHFFVQWADJL-UHFFFAOYSA-N",Preclinical
EB-47,PARP inhibitor,PARP1,,,"Tocris, Tocris, Tocris, Tocris",96.22,"Nc1ncnc2n(cnc12)[C@H]1O[C@H]([C@H](O)[C@@H]1O)C(=O)N1CCN(CC(=O)Nc2cccc3C(=O)NCc23)CC1, Nc1ncnc2n(cnc12)[C@H]1O[C@H]([C@H](O)[C@@H]1O)C(=O)N1CCN(CC(=O)Nc2cccc3C(=O)NCc23)CC1, Nc1ncnc2n(cnc12)[C@H]1O[C@H]([C@H](O)[C@@H]1O)C(=O)N1CCN(CC(=O)Nc2cccc3C(=O)NCc23)CC1, Nc1ncnc2n(cnc12)[C@H]1O[C@H]([C@H](O)[C@@H]1O)C(=O)N1CCN(CC(=O)Nc2cccc3C(=O)NCc23)CC1","DDFLFKTXUWPNMV-LFALDJFMSA-N, DDFLFKTXUWPNMV-LFALDJFMSA-N, DDFLFKTXUWPNMV-LFALDJFMSA-N, DDFLFKTXUWPNMV-LFALDJFMSA-N",Preclinical
ebastine,histamine receptor antagonist,"CYP3A4, HRH1",allergy,"allergic rhinitis, urticaria","MedChemEx, Selleck, Selleck, Selleck",97.98,"CC(C)(C)c1ccc(cc1)C(=O)CCCN1CCC(CC1)OC(c1ccccc1)c1ccccc1, CC(C)(C)c1ccc(cc1)C(=O)CCCN1CCC(CC1)OC(c1ccccc1)c1ccccc1, CC(C)(C)c1ccc(cc1)C(=O)CCCN1CCC(CC1)OC(c1ccccc1)c1ccccc1, CC(C)(C)c1ccc(cc1)C(=O)CCCN1CCC(CC1)OC(c1ccccc1)c1ccccc1","MJJALKDDGIKVBE-UHFFFAOYSA-N, MJJALKDDGIKVBE-UHFFFAOYSA-N, MJJALKDDGIKVBE-UHFFFAOYSA-N, MJJALKDDGIKVBE-UHFFFAOYSA-N",Launched
EBPC,aldose reductase inhibitor,AKR1B1,,,Tocris,90.37,"CCOC(=O)[C@@H]1CN(Cc2ccccc2)C(=O)C1=O |&1:5,r|",FQMSSTZJKSWSMP-LLVKDONJSA-N,Preclinical
ebrotidine,histamine receptor antagonist,HRH2,,,"MedChemEx, MedChemEx, MedChemEx, MedChemEx",83.9,"NC(=N)Nc1nc(CSCCN\C=N\S(=O)(=O)c2ccc(Br)cc2)cs1, NC(=N)Nc1nc(CSCCN\C=N\S(=O)(=O)c2ccc(Br)cc2)cs1, NC(=N)Nc1nc(CSCCN\C=N\S(=O)(=O)c2ccc(Br)cc2)cs1, NC(=N)Nc1nc(CSCCN\C=N\S(=O)(=O)c2ccc(Br)cc2)cs1","ZQHFZHPUZXNPMF-UHFFFAOYSA-N, ZQHFZHPUZXNPMF-UHFFFAOYSA-N, ZQHFZHPUZXNPMF-UHFFFAOYSA-N, ZQHFZHPUZXNPMF-UHFFFAOYSA-N",Withdrawn
ebselen,"cyclooxygenase inhibitor, glutathione peroxidase agonist, H+/K+-ATPase inhibitor, nitric oxide synthase inhibitor",ALB,,,"MicroSource, MicroSource, MicroSource",93.11,"O=c1n([se]c2ccccc12)-c1ccccc1, O=c1n([se]c2ccccc12)-c1ccccc1, O=c1n([se]c2ccccc12)-c1ccccc1","DYEFUKCXAQOFHX-UHFFFAOYSA-N, DYEFUKCXAQOFHX-UHFFFAOYSA-N, DYEFUKCXAQOFHX-UHFFFAOYSA-N",Phase 2/Phase 3
EC-144,HSP inhibitor,"HSP90AA1, HSP90AB1",,,"Tocris, Tocris, Tocris, Tocris",96.8,"COc1c(C)cnc(Cn2cc(C#CCC(C)(C)O)c3c(Cl)nc(N)nc23)c1C, COc1c(C)cnc(Cn2cc(C#CCC(C)(C)O)c3c(Cl)nc(N)nc23)c1C, COc1c(C)cnc(Cn2cc(C#CCC(C)(C)O)c3c(Cl)nc(N)nc23)c1C, COc1c(C)cnc(Cn2cc(C#CCC(C)(C)O)c3c(Cl)nc(N)nc23)c1C","VOASEWXFCTZRDF-UHFFFAOYSA-N, VOASEWXFCTZRDF-UHFFFAOYSA-N, VOASEWXFCTZRDF-UHFFFAOYSA-N, VOASEWXFCTZRDF-UHFFFAOYSA-N",Preclinical
EC-23,retinoid receptor agonist,"RARA, RARB, RARG",,,"Sigma, Sigma, Tocris",98.05,"CC1(C)CCC(C)(C)c2cc(ccc12)C#Cc1ccc(cc1)C(O)=O, CC1(C)CCC(C)(C)c2cc(ccc12)C#Cc1ccc(cc1)C(O)=O, CC1(C)CCC(C)(C)c2cc(ccc12)C#Cc1ccc(cc1)C(O)=O","OQVLOWLEEHYBJH-UHFFFAOYSA-N, OQVLOWLEEHYBJH-UHFFFAOYSA-N, OQVLOWLEEHYBJH-UHFFFAOYSA-N",Preclinical
ecabapide,,,,,"Enamine, Enamine, Enamine",87.95,"CNC(=O)c1cccc(NCC(=O)NCCc2ccc(OC)c(OC)c2)c1, CNC(=O)c1cccc(NCC(=O)NCCc2ccc(OC)c(OC)c2)c1, CNC(=O)c1cccc(NCC(=O)NCCc2ccc(OC)c(OC)c2)c1","JTAGHJPZEDNHHA-UHFFFAOYSA-N, JTAGHJPZEDNHHA-UHFFFAOYSA-N, JTAGHJPZEDNHHA-UHFFFAOYSA-N",Phase 3
ecabet,"gastrin inhibitor, urease inhibitor",NOXO1,ophthalmology,dry eye syndrome,"OxChem, OxChem",98.28,"CC(C)c1cc2CC[C@H]3[C@@](C)(CCC[C@]3(C)c2cc1S(O)(=O)=O)C(O)=O, CC(C)c1cc2CC[C@H]3[C@@](C)(CCC[C@]3(C)c2cc1S(O)(=O)=O)C(O)=O","IWCWQNVIUXZOMJ-MISYRCLQSA-N, IWCWQNVIUXZOMJ-MISYRCLQSA-N",Launched
ecamsule-triethanolamine,,,dermatology,"skin protectant, sunscreen lotion",Sigma,77.09,"CC1(C)[C@H]2CC[C@]1(CS(O)(=O)=O)C(=O)C2=Cc1ccc(C=C2[C@@H]3CC[C@](CS(O)(=O)=O)(C2=O)C3(C)C)cc1 |&1:3,6,&2:22,25,r|",HEAHZSUCFKFERC-MPPVQRIUSA-N,Launched
echinomycin,DNA intercalating agent,,,,Tocris,96.61,"[H][C@]1(COC(=O)[C@]([H])(C(C)C)N(C)C(=O)[C@]2([H])N(C)C(=O)[C@H](C)NC(=O)[C@@]([H])(COC(=O)[C@]([H])(C(C)C)N(C)C(=O)[C@]([H])(CS[C@]2([H])SC)N(C)C(=O)[C@H](C)NC1=O)NC(=O)c1cnc2ccccc2n1)NC(=O)c1cnc2ccccc2n1 |&1:45,@:8,34|",AUJXLBOHYWTPFV-DYWXRLDNSA-N,Phase 2
econazole,"lanosterol demethylase inhibitor, sterol demethylase inhibitor","NPY1R, NPY2R, TRPM2, TRPV5",infectious disease,"tinea pedis, tinea cruris, tinea corporis, tinea versicolor, cutaneous candidiasis","MicroSource, MicroSource, MicroSource, MicroSource, MicroSource, MicroSource, MedChemEx, Selleck",100,"Clc1ccc(CO[C@@H](Cn2ccnc2)c2ccc(Cl)cc2Cl)cc1 |&1:7|, Clc1ccc(CO[C@@H](Cn2ccnc2)c2ccc(Cl)cc2Cl)cc1 |&1:7|, Clc1ccc(CO[C@@H](Cn2ccnc2)c2ccc(Cl)cc2Cl)cc1 |&1:7|, Clc1ccc(CO[C@@H](Cn2ccnc2)c2ccc(Cl)cc2Cl)cc1 |&1:7|, Clc1ccc(CO[C@@H](Cn2ccnc2)c2ccc(Cl)cc2Cl)cc1 |&1:7|, Clc1ccc(CO[C@@H](Cn2ccnc2)c2ccc(Cl)cc2Cl)cc1 |&1:7|, Clc1ccc(CO[C@@H](Cn2ccnc2)c2ccc(Cl)cc2Cl)cc1 |&1:7|, Clc1ccc(CO[C@@H](Cn2ccnc2)c2ccc(Cl)cc2Cl)cc1 |&1:7|","LEZWWPYKPKIXLL-SFHVURJKSA-N, LEZWWPYKPKIXLL-SFHVURJKSA-N, LEZWWPYKPKIXLL-SFHVURJKSA-N, LEZWWPYKPKIXLL-SFHVURJKSA-N, LEZWWPYKPKIXLL-SFHVURJKSA-N, LEZWWPYKPKIXLL-SFHVURJKSA-N, LEZWWPYKPKIXLL-SFHVURJKSA-N, LEZWWPYKPKIXLL-SFHVURJKSA-N",Launched
ectoine,anti-inflammatory agent,,,,"Sigma, Sigma",100,"CC1=NCC[C@H](N1)C(O)=O |t:1|, CC1=NCC[C@H](N1)C(O)=O |t:1|","WQXNXVUDBPYKBA-YFKPBYRVSA-N, WQXNXVUDBPYKBA-YFKPBYRVSA-N",Launched
edaglitazone,PPAR receptor agonist,PPARG,,,Tocris,97.51,"Cc1oc(nc1CCOc1ccc(C[C@@H]2SC(=O)NC2=O)c2sccc12)-c1ccccc1 |&1:14,r|",HAAXAFNSRADSMK-FQEVSTJZSA-N,Phase 2
edaravone,nootropic agent,BCL2,neurology/psychiatry,stroke,"MedChemEx, MedChemEx, MicroSource, Sigma, Selleck, Tocris, Selleck",65.37,"Cc1cc(=O)n([nH]1)-c1ccccc1, Cc1cc(=O)n([nH]1)-c1ccccc1, Cc1cc(=O)n([nH]1)-c1ccccc1, Cc1cc(=O)n([nH]1)-c1ccccc1, Cc1cc(=O)n([nH]1)-c1ccccc1, Cc1cc(=O)n([nH]1)-c1ccccc1, Cc1cc(=O)n([nH]1)-c1ccccc1","KZQYIMCESJLPQH-UHFFFAOYSA-N, KZQYIMCESJLPQH-UHFFFAOYSA-N, KZQYIMCESJLPQH-UHFFFAOYSA-N, KZQYIMCESJLPQH-UHFFFAOYSA-N, KZQYIMCESJLPQH-UHFFFAOYSA-N, KZQYIMCESJLPQH-UHFFFAOYSA-N, KZQYIMCESJLPQH-UHFFFAOYSA-N",Launched
edasalonexent,NFkB pathway inhibitor,,,,MedChemEx,0,CC\C=C/C\C=C/C\C=C/C\C=C/C\C=C/C\C=C/CCC(=O)NCCNC(=O)c1ccccc1O,JQLBBYLGWHUHRW-KUBAVDMBSA-N,Phase 3
edelfosine,phospholipase inhibitor,,,,"Cayman, Enzo",100,"CCCCCCCCCCCCCCCCCCOC[C@H](COP(O)(=O)OCC[N+](C)(C)C)OC |a:20,&1:23|, CCCCCCCCCCCCCCCCCCOC[C@H](COP(O)(=O)OCC[N+](C)(C)C)OC |a:20,&1:23|","MHFRGQHAERHWKZ-HHHXNRCGSA-O, MHFRGQHAERHWKZ-HHHXNRCGSA-O",Phase 2
editol,,,,,"MicroSource, MedChemEx",100,"C[C@@H](O)CN(CCN(C[C@@H](C)O)C[C@@H](C)O)C[C@@H](C)O |&1:1,&2:9,&3:13,&4:17,r|, C[C@@H](O)CN(CCN(C[C@@H](C)O)C[C@@H](C)O)C[C@@H](C)O |&1:1,&2:9,&3:13,&4:17,r|","NSOXQYCFHDMMGV-AAVRWANBSA-N, NSOXQYCFHDMMGV-AAVRWANBSA-N",Preclinical
EDO-S101,HDAC inhibitor,,,,MedChemEx,55.12,Cn1c(CCCCCCC(=O)NO)nc2cc(ccc12)N(CCCl)CCCl,GISXTRIGVCKQBX-UHFFFAOYSA-N,Phase 1/Phase 2
edonerpic-maleate,beta amyloid inhibitor,,,,MedChemEx,94.04,OC1CN(CCCOCCc2ccc3sccc3c2)C1,HQNACSFBDBYLJP-UHFFFAOYSA-N,Preclinical
edoxaban,coagulation factor inhibitor,F10,"neurology/psychiatry, hematology, cardiology","stroke, pulmonary embolism (PE), systemic embolism, deep vein thrombosis (DVT), atrial fibrillation (AF)","Selleck, Selleck",89.81,"CN(C)C(=O)[C@H]1CC[C@H](NC(=O)C(=O)Nc2ccc(Cl)cn2)[C@@H](C1)NC(=O)c1nc2CCN(C)Cc2s1, CN(C)C(=O)[C@H]1CC[C@H](NC(=O)C(=O)Nc2ccc(Cl)cn2)[C@@H](C1)NC(=O)c1nc2CCN(C)Cc2s1","HGVDHZBSSITLCT-JLJPHGGASA-N, HGVDHZBSSITLCT-JLJPHGGASA-N",Launched
edoxudine,DNA directed DNA polymerase inhibitor,,infectious disease,virus herpes simplex (HSV),"MedChemEx, MicroSource",98.02,"CCc1cn([C@H]2C[C@H](O)[C@@H](CO)O2)c(=O)[nH]c1=O, CCc1cn([C@H]2C[C@H](O)[C@@H](CO)O2)c(=O)[nH]c1=O","XACKNLSZYYIACO-DJLDLDEBSA-N, XACKNLSZYYIACO-DJLDLDEBSA-N",Launched
edrophonium,acetylcholinesterase inhibitor,"ACHE, BCHE",neurology/psychiatry,myasthenia gravis,"MedChemEx, MicroSource, MicroSource",98.99,"CC[N+](C)(C)c1cccc(O)c1, CC[N+](C)(C)c1cccc(O)c1, CC[N+](C)(C)c1cccc(O)c1","VWLHWLSRQJQWRG-UHFFFAOYSA-O, VWLHWLSRQJQWRG-UHFFFAOYSA-O, VWLHWLSRQJQWRG-UHFFFAOYSA-O",Launched
EDTMP,chelating agent,,,,"Vitas-M, Vitas-M",0,"OP(O)(=O)CN(CCN(CP(O)(O)=O)CP(O)(O)=O)CP(O)(O)=O, OP(O)(=O)CN(CCN(CP(O)(O)=O)CP(O)(O)=O)CP(O)(O)=O","NFDRPXJGHKJRLJ-UHFFFAOYSA-N, NFDRPXJGHKJRLJ-UHFFFAOYSA-N",Preclinical
EED226,polycomb protein inhibitor,EED,,,"MedChemEx, MedChemEx",96.75,"CS(=O)(=O)c1ccc(cc1)-c1cnc(NCc2ccco2)n2cnnc12, CS(=O)(=O)c1ccc(cc1)-c1cnc(NCc2ccco2)n2cnnc12","DYIRSNMPIZZNBK-UHFFFAOYSA-N, DYIRSNMPIZZNBK-UHFFFAOYSA-N",Preclinical
efaproxiral,hemoglobin oxygen release stimulant,"HBA1, HBB",,,"MedChemEx, Selleck, Selleck",97.94,"Cc1cc(C)cc(NC(=O)Cc2ccc(OC(C)(C)C(O)=O)cc2)c1, Cc1cc(C)cc(NC(=O)Cc2ccc(OC(C)(C)C(O)=O)cc2)c1, Cc1cc(C)cc(NC(=O)Cc2ccc(OC(C)(C)C(O)=O)cc2)c1","BNFRJXLZYUTIII-UHFFFAOYSA-N, BNFRJXLZYUTIII-UHFFFAOYSA-N, BNFRJXLZYUTIII-UHFFFAOYSA-N",Phase 3
efaroxan,adrenergic receptor antagonist,ADORA2A,,,"MicroSource, MicroSource, Tocris",98.28,"CCC1(Cc2ccccc2O1)C1=NCCN1, CCC1(Cc2ccccc2O1)C1=NCCN1, CCC1(Cc2ccccc2O1)C1=NCCN1","RATZLMXRALDSJW-UHFFFAOYSA-N, RATZLMXRALDSJW-UHFFFAOYSA-N, RATZLMXRALDSJW-UHFFFAOYSA-N",Phase 2
efatutazone,PPAR receptor agonist,PPARG,,,"MedChemEx, MedChemEx, MedChemEx",96.26,"Cc1cc(Oc2ccc3nc(COc4ccc(C[C@H]5SC(=O)NC5=O)cc4)n(C)c3c2)cc(C)c1N |r|, Cc1cc(Oc2ccc3nc(COc4ccc(C[C@H]5SC(=O)NC5=O)cc4)n(C)c3c2)cc(C)c1N |r|, Cc1cc(Oc2ccc3nc(COc4ccc(C[C@H]5SC(=O)NC5=O)cc4)n(C)c3c2)cc(C)c1N |r|","JCYNMRJCUYVDBC-HSZRJFAPSA-N, JCYNMRJCUYVDBC-HSZRJFAPSA-N, JCYNMRJCUYVDBC-HSZRJFAPSA-N",Phase 2
efavirenz,HIV protease inhibitor,"CYP1A2, CYP2B6, CYP2C19, CYP2C9, CYP2D6, CYP3A4",infectious disease,human immunodeficiency virus (HIV-1),"MedChemEx, Enzo, Enzo",98.9,"FC(F)(F)[C@]1(OC(=O)Nc2ccc(Cl)cc12)C#CC1CC1, FC(F)(F)[C@]1(OC(=O)Nc2ccc(Cl)cc12)C#CC1CC1, FC(F)(F)[C@]1(OC(=O)Nc2ccc(Cl)cc12)C#CC1CC1","XPOQHMRABVBWPR-ZDUSSCGKSA-N, XPOQHMRABVBWPR-ZDUSSCGKSA-N, XPOQHMRABVBWPR-ZDUSSCGKSA-N",Launched
efinaconazole,lanosterol demethylase inhibitor,CYP51A1,infectious disease,onychomycosis,MedChemEx,92.45,"C[C@@H](N1CCC(=C)CC1)[C@@](O)(Cn1cncn1)c1ccc(F)cc1F |a:1,&1:9|",NFEZZTICAUWDHU-KDOFPFPSSA-N,Launched
efletirizine,antihistamine,,,,Sigma,100,OC(=O)COCCN1CCN(CC1)C(c1ccc(F)cc1)c1ccc(F)cc1,BAWMMJAUVBLLEE-UHFFFAOYSA-N,Phase 3
eflornithine,ornithine decarboxylase inhibitor,"ARG2, ODC1",dermatology,facial hair reduction,Enzo,100,NCCCC(N)(C(F)F)C(O)=O |&1:4|,VLCYCQAOQCDTCN-UHFFFAOYSA-N,Launched
efloxate,vasodilator,,,,MicroSource,97.67,CCOC(=O)COc1ccc2c(c1)oc(cc2=O)-c1ccccc1,ZVXBAHLOGZCFTP-UHFFFAOYSA-N,Preclinical
efonidipine,calcium channel blocker,,cardiology,hypertension,"MedChemEx, Tocris",97.16,"CC1=C([C@@H](C(=C(C)N1)P1(=O)OCC(C)(C)CO1)c1cccc(c1)[N+]([O-])=O)C(=O)OCCN(Cc1ccccc1)c1ccccc1 |&1:3,r,t:1,4|, CC1=C([C@@H](C(=C(C)N1)P1(=O)OCC(C)(C)CO1)c1cccc(c1)[N+]([O-])=O)C(=O)OCCN(Cc1ccccc1)c1ccccc1 |&1:3,r,t:1,4|","NSVFSAJIGAJDMR-HKBQPEDESA-N, NSVFSAJIGAJDMR-HKBQPEDESA-N",Launched
EF5,cytochrome P450 activator,,,,Sigma,100,[O-][N+](=O)c1nccn1CC(=O)NCC(F)(F)C(F)(F)F,JGGDSDPOPRWSCX-UHFFFAOYSA-N,Phase 2
EGF816,EGFR inhibitor,EGFR,,,"MedChemEx, MedChemEx, MedChemEx",92.84,"CN(C)C\C=C\C(=O)N1CCCC[C@H](C1)n1c(NC(=O)c2ccnc(C)c2)nc2cccc(Cl)c12, CN(C)C\C=C\C(=O)N1CCCC[C@H](C1)n1c(NC(=O)c2ccnc(C)c2)nc2cccc(Cl)c12, CN(C)C\C=C\C(=O)N1CCCC[C@H](C1)n1c(NC(=O)c2ccnc(C)c2)nc2cccc(Cl)c12","IOMMMLWIABWRKL-WUTDNEBXSA-N, IOMMMLWIABWRKL-WUTDNEBXSA-N, IOMMMLWIABWRKL-WUTDNEBXSA-N",Phase 2
eglumetad,glutamate receptor agonist,"GRM2, GRM3, GRM6, GRM8",,,"MedChemEx, MedChemEx, EMDBio",100,"N[C@]1(CC[C@H]2[C@@H]([C@@H]12)C(O)=O)C(O)=O, N[C@]1(CC[C@H]2[C@@H]([C@@H]12)C(O)=O)C(O)=O, N[C@]1(CC[C@H]2[C@@H]([C@@H]12)C(O)=O)C(O)=O","VTAARTQTOOYTES-RGDLXGNYSA-N, VTAARTQTOOYTES-RGDLXGNYSA-N, VTAARTQTOOYTES-RGDLXGNYSA-N",Phase 2
EG00229,neuropilin receptor antagonist,NRP1,,,"MedChemEx, Tocris",96.86,"NC(=N)NCCC[C@H](NC(=O)c1sccc1NS(=O)(=O)c1cccc2nsnc12)C(O)=O, NC(=N)NCCC[C@H](NC(=O)c1sccc1NS(=O)(=O)c1cccc2nsnc12)C(O)=O","ZWWMEDURALZMEV-NSHDSACASA-N, ZWWMEDURALZMEV-NSHDSACASA-N",Preclinical
EHop-016,Ras GTPase inhibitor,"RAC1, RAC3",,,"Selleck, Selleck, Selleck, Selleck, Selleck, Selleck, Selleck",93.91,"CCn1c2ccccc2c2cc(Nc3ccnc(NCCCN4CCOCC4)n3)ccc12, CCn1c2ccccc2c2cc(Nc3ccnc(NCCCN4CCOCC4)n3)ccc12, CCn1c2ccccc2c2cc(Nc3ccnc(NCCCN4CCOCC4)n3)ccc12, CCn1c2ccccc2c2cc(Nc3ccnc(NCCCN4CCOCC4)n3)ccc12, CCn1c2ccccc2c2cc(Nc3ccnc(NCCCN4CCOCC4)n3)ccc12, CCn1c2ccccc2c2cc(Nc3ccnc(NCCCN4CCOCC4)n3)ccc12, CCn1c2ccccc2c2cc(Nc3ccnc(NCCCN4CCOCC4)n3)ccc12","AFTZZRFCMOAFCR-UHFFFAOYSA-N, AFTZZRFCMOAFCR-UHFFFAOYSA-N, AFTZZRFCMOAFCR-UHFFFAOYSA-N, AFTZZRFCMOAFCR-UHFFFAOYSA-N, AFTZZRFCMOAFCR-UHFFFAOYSA-N, AFTZZRFCMOAFCR-UHFFFAOYSA-N, AFTZZRFCMOAFCR-UHFFFAOYSA-N",Preclinical
EIPA,"sodium/hydrogen exchanger inhibitor, transient receptor potential polycystic inhibitor","ADRA2A, ASIC1, PKD2L1",,,"Tocris, Tocris",93.61,"CCN(C(C)C)c1nc(N)c(nc1Cl)C(=O)N=C(N)N, CCN(C(C)C)c1nc(N)c(nc1Cl)C(=O)N=C(N)N","QDERNBXNXJCIQK-UHFFFAOYSA-N, QDERNBXNXJCIQK-UHFFFAOYSA-N",Preclinical
EIT-hydrobromide,nitric oxide synthase inhibitor,"NOS2, NOS3",,,"Tocris, Tocris",93.66,"CCSC(N)=N, CCSC(N)=N","VFIZBHJTOHUOEK-UHFFFAOYSA-N, VFIZBHJTOHUOEK-UHFFFAOYSA-N",Preclinical
EI1,histone lysine methyltransferase inhibitor,EZH2,,,MedChemEx,93.04,CCC(CC)n1ccc2c(cc(cc12)C#N)C(=O)NCc1c(C)cc(C)[nH]c1=O,PFHDWRIVDDIFRP-UHFFFAOYSA-N,Preclinical
elacestrant,estrogen receptor degrader,,,,"MedChemEx, MedChemEx",97.32,"CCNCCc1ccc(CN(CC)c2cc(OC)ccc2[C@@H]2CCc3cc(O)ccc3C2)cc1, CCNCCc1ccc(CN(CC)c2cc(OC)ccc2[C@@H]2CCc3cc(O)ccc3C2)cc1","SIFNOOUKXBRGGB-AREMUKBSSA-N, SIFNOOUKXBRGGB-AREMUKBSSA-N",Phase 3
elacridar,P glycoprotein inhibitor,ABCB1,,,"MedChemEx, MedChemEx, MedChemEx, Selleck, Selleck, MedChemEx, MedChemEx, MedChemEx, MedChemEx, MedChemEx, MedChemEx",94.19,"COc1cc2CCN(CCc3ccc(NC(=O)c4cccc5c4[nH]c4c(OC)cccc4c5=O)cc3)Cc2cc1OC, COc1cc2CCN(CCc3ccc(NC(=O)c4cccc5c4[nH]c4c(OC)cccc4c5=O)cc3)Cc2cc1OC, COc1cc2CCN(CCc3ccc(NC(=O)c4cccc5c4[nH]c4c(OC)cccc4c5=O)cc3)Cc2cc1OC, COc1cc2CCN(CCc3ccc(NC(=O)c4cccc5c4[nH]c4c(OC)cccc4c5=O)cc3)Cc2cc1OC, COc1cc2CCN(CCc3ccc(NC(=O)c4cccc5c4[nH]c4c(OC)cccc4c5=O)cc3)Cc2cc1OC, COc1cc2CCN(CCc3ccc(NC(=O)c4cccc5c4[nH]c4c(OC)cccc4c5=O)cc3)Cc2cc1OC, COc1cc2CCN(CCc3ccc(NC(=O)c4cccc5c4[nH]c4c(OC)cccc4c5=O)cc3)Cc2cc1OC, COc1cc2CCN(CCc3ccc(NC(=O)c4cccc5c4[nH]c4c(OC)cccc4c5=O)cc3)Cc2cc1OC, COc1cc2CCN(CCc3ccc(NC(=O)c4cccc5c4[nH]c4c(OC)cccc4c5=O)cc3)Cc2cc1OC, COc1cc2CCN(CCc3ccc(NC(=O)c4cccc5c4[nH]c4c(OC)cccc4c5=O)cc3)Cc2cc1OC, COc1cc2CCN(CCc3ccc(NC(=O)c4cccc5c4[nH]c4c(OC)cccc4c5=O)cc3)Cc2cc1OC","OSFCMRGOZNQUSW-UHFFFAOYSA-N, OSFCMRGOZNQUSW-UHFFFAOYSA-N, OSFCMRGOZNQUSW-UHFFFAOYSA-N, OSFCMRGOZNQUSW-UHFFFAOYSA-N, OSFCMRGOZNQUSW-UHFFFAOYSA-N, OSFCMRGOZNQUSW-UHFFFAOYSA-N, OSFCMRGOZNQUSW-UHFFFAOYSA-N, OSFCMRGOZNQUSW-UHFFFAOYSA-N, OSFCMRGOZNQUSW-UHFFFAOYSA-N, OSFCMRGOZNQUSW-UHFFFAOYSA-N, OSFCMRGOZNQUSW-UHFFFAOYSA-N",Phase 1
elactocin,exportin antagonist,XPO1,,,,0,,,Phase 1
elacytarabine,antineoplastic agent,DCK,,,MedChemEx,93.33,CCCCCCCC\C=C\CCCCCCCC(=O)OC[C@H]1O[C@H]([C@@H](O)[C@@H]1O)n1ccc(N)nc1=O,FLFGNMFWNBOBGE-FNNZEKJRSA-N,Phase 3
elafibranor,PPAR receptor agonist,"PPARA, PPARD, PPARG",,,"MedChemEx, MedChemEx",92.97,"CSc1ccc(cc1)C(=O)\C=C\c1cc(C)c(OC(C)(C)C(O)=O)c(C)c1, CSc1ccc(cc1)C(=O)\C=C\c1cc(C)c(OC(C)(C)C(O)=O)c(C)c1","AFLFKFHDSCQHOL-IZZDOVSWSA-N, AFLFKFHDSCQHOL-IZZDOVSWSA-N",Phase 3
elagolix,gonadotropin releasing factor hormone receptor antagonist,GNRHR,,,"MedChemEx, MedChemEx",95.19,"COc1cccc(c1F)-c1c(C)n(Cc2c(F)cccc2C(F)(F)F)c(=O)n(C[C@H](NCCCC(O)=O)c2ccccc2)c1=O, COc1cccc(c1F)-c1c(C)n(Cc2c(F)cccc2C(F)(F)F)c(=O)n(C[C@H](NCCCC(O)=O)c2ccccc2)c1=O","HEAUOKZIVMZVQL-VWLOTQADSA-N, HEAUOKZIVMZVQL-VWLOTQADSA-N",Launched
elbasvir,HCV inhibitor,,infectious disease,hepatitis C,"MedChemEx, MedChemEx",95.63,"COC(=O)N[C@@H](C(C)C)C(=O)N1CCC[C@H]1c1nc(c[nH]1)-c1ccc2-c3cc4cc(ccc4n3[C@@H](Oc2c1)c1ccccc1)-c1c[nH]c(n1)[C@@H]1CCCN1C(=O)[C@@H](NC(=O)OC)C(C)C, COC(=O)N[C@@H](C(C)C)C(=O)N1CCC[C@H]1c1nc(c[nH]1)-c1ccc2-c3cc4cc(ccc4n3[C@@H](Oc2c1)c1ccccc1)-c1c[nH]c(n1)[C@@H]1CCCN1C(=O)[C@@H](NC(=O)OC)C(C)C","BVAZQCUMNICBAQ-PZHYSIFUSA-N, BVAZQCUMNICBAQ-PZHYSIFUSA-N",Launched
eldecalcitol,bone formation stimulant,VDR,,,MedChemEx,94.13,[H][C@@]12CC[C@H]([C@H](C)CCCC(C)(C)O)[C@@]1(C)CCC\C2=C/C=C1/C[C@@H](O)[C@@H](OCCCO)[C@H](O)C1=C,FZEXGDDBXLBRTD-AYIMTCTASA-N,Phase 3
eleclazine,late sodium current inhibitor,,,,MedChemEx,98.9,FC(F)(F)Oc1ccc(cc1)-c1ccc2OCCN(Cc3ncccn3)C(=O)c2c1,YNUAEEJQYHYLMS-UHFFFAOYSA-N,Phase 3
elemene,VEGFR inhibitor,,,,Enamine,0,CC(=C)[C@@H]1CC[C@@](C)(C=C)[C@H](C1)C(C)=C,OPFTUNCRGUEPRZ-RBSFLKMASA-N,Phase 3
elesclomol,oxidative stress inducer,HSPA1A,,,"Selleck, Selleck, MedChemEx, MedChemEx",96,"CN(NC(=O)CC(=O)NN(C)C(=S)c1ccccc1)C(=S)c1ccccc1, CN(NC(=O)CC(=O)NN(C)C(=S)c1ccccc1)C(=S)c1ccccc1, CN(NC(=O)CC(=O)NN(C)C(=S)c1ccccc1)C(=S)c1ccccc1, CN(NC(=O)CC(=O)NN(C)C(=S)c1ccccc1)C(=S)c1ccccc1","BKJIXTWSNXCKJH-UHFFFAOYSA-N, BKJIXTWSNXCKJH-UHFFFAOYSA-N, BKJIXTWSNXCKJH-UHFFFAOYSA-N, BKJIXTWSNXCKJH-UHFFFAOYSA-N",Phase 3
eletriptan,serotonin receptor agonist,"HTR1A, HTR1B, HTR1D, HTR1E, HTR1F, HTR2B, HTR7",neurology/psychiatry,migraine headache,"Tocris, Tocris, MicroSource, Selleck, Tocris, Tocris",97.64,"CN1CCC[C@@H]1Cc1c[nH]c2ccc(CCS(=O)(=O)c3ccccc3)cc12, CN1CCC[C@@H]1Cc1c[nH]c2ccc(CCS(=O)(=O)c3ccccc3)cc12, CN1CCC[C@@H]1Cc1c[nH]c2ccc(CCS(=O)(=O)c3ccccc3)cc12, CN1CCC[C@@H]1Cc1c[nH]c2ccc(CCS(=O)(=O)c3ccccc3)cc12, CN1CCC[C@@H]1Cc1c[nH]c2ccc(CCS(=O)(=O)c3ccccc3)cc12, CN1CCC[C@@H]1Cc1c[nH]c2ccc(CCS(=O)(=O)c3ccccc3)cc12","PWVXXGRKLHYWKM-LJQANCHMSA-N, PWVXXGRKLHYWKM-LJQANCHMSA-N, PWVXXGRKLHYWKM-LJQANCHMSA-N, PWVXXGRKLHYWKM-LJQANCHMSA-N, PWVXXGRKLHYWKM-LJQANCHMSA-N, PWVXXGRKLHYWKM-LJQANCHMSA-N",Launched
eliglustat,glycosyl transferase inhibitor,UGCG,hematology,Gaucher disease,"MedChemEx, MedChemEx, MedChemEx, MedChemEx, MedChemEx",93.73,"CCCCCCCC(=O)N[C@H](CN1CCCC1)[C@H](O)c1ccc2OCCOc2c1, CCCCCCCC(=O)N[C@H](CN1CCCC1)[C@H](O)c1ccc2OCCOc2c1, CCCCCCCC(=O)N[C@H](CN1CCCC1)[C@H](O)c1ccc2OCCOc2c1, CCCCCCCC(=O)N[C@H](CN1CCCC1)[C@H](O)c1ccc2OCCOc2c1, CCCCCCCC(=O)N[C@H](CN1CCCC1)[C@H](O)c1ccc2OCCOc2c1","FJZZPCZKBUKGGU-AUSIDOKSSA-N, FJZZPCZKBUKGGU-AUSIDOKSSA-N, FJZZPCZKBUKGGU-AUSIDOKSSA-N, FJZZPCZKBUKGGU-AUSIDOKSSA-N, FJZZPCZKBUKGGU-AUSIDOKSSA-N",Launched
elinogrel,purinergic receptor antagonist,P2RY12,,,"Tocris, Tocris",13.9,"CNc1cc2[nH]c(=O)n(-c3ccc(NC(=O)NS(=O)(=O)c4ccc(Cl)s4)cc3)c(=O)c2cc1F, CNc1cc2[nH]c(=O)n(-c3ccc(NC(=O)NS(=O)(=O)c4ccc(Cl)s4)cc3)c(=O)c2cc1F","LGSDFTPAICUONK-UHFFFAOYSA-N, LGSDFTPAICUONK-UHFFFAOYSA-N",Phase 2
eliprodil,glutamate receptor antagonist,"GRIN1, GRIN2B",,,"Tocris, Tocris, Tocris, Tocris",94.59,"O[C@@H](CN1CCC(Cc2ccc(F)cc2)CC1)c1ccc(Cl)cc1 |&1:1,r|, O[C@@H](CN1CCC(Cc2ccc(F)cc2)CC1)c1ccc(Cl)cc1 |&1:1,r|, O[C@@H](CN1CCC(Cc2ccc(F)cc2)CC1)c1ccc(Cl)cc1 |&1:1,r|, O[C@@H](CN1CCC(Cc2ccc(F)cc2)CC1)c1ccc(Cl)cc1 |&1:1,r|","GGUSQTSTQSHJAH-FQEVSTJZSA-N, GGUSQTSTQSHJAH-FQEVSTJZSA-N, GGUSQTSTQSHJAH-FQEVSTJZSA-N, GGUSQTSTQSHJAH-FQEVSTJZSA-N",Phase 3
ellagic-acid,"glutathione transferase inhibitor, non-nucleoside reverse transcriptase inhibitor","CA1, CA12, CA14, CA2, CA3, CA4, CA5A, CA5B, CA6, CA7, CA9, CSNK2A1, GSK3B, PRKACA, PRKCA, PRKCB, SQLE, SYK",,,"MedChemEx, MicroSource, MicroSource, Selleck, Selleck",98.25,"Oc1cc2c3c(oc(=O)c4cc(O)c(O)c(oc2=O)c34)c1O, Oc1cc2c3c(oc(=O)c4cc(O)c(O)c(oc2=O)c34)c1O, Oc1cc2c3c(oc(=O)c4cc(O)c(O)c(oc2=O)c34)c1O, Oc1cc2c3c(oc(=O)c4cc(O)c(O)c(oc2=O)c34)c1O, Oc1cc2c3c(oc(=O)c4cc(O)c(O)c(oc2=O)c34)c1O","AFSDNFLWKVMVRB-UHFFFAOYSA-N, AFSDNFLWKVMVRB-UHFFFAOYSA-N, AFSDNFLWKVMVRB-UHFFFAOYSA-N, AFSDNFLWKVMVRB-UHFFFAOYSA-N, AFSDNFLWKVMVRB-UHFFFAOYSA-N",Phase 2
ELN-441958,bradykinin receptor antagonist,BDKRB1,,,"MedChemEx, MedChemEx",97.7,"Clc1cccc2CN(C(=O)c12)c1cccc(c1)C(=O)N1CCC2(CC1)CCN(CC2)c1ccncc1, Clc1cccc2CN(C(=O)c12)c1cccc(c1)C(=O)N1CCC2(CC1)CCN(CC2)c1ccncc1","ARYQHSWJGHCGJS-UHFFFAOYSA-N, ARYQHSWJGHCGJS-UHFFFAOYSA-N",Preclinical
eltanexor,exportin inhibitor,,,,MedChemEx,88.82,NC(=O)C(=C/n1cnc(n1)-c1cc(cc(c1)C(F)(F)F)C(F)(F)F)\c1cncnc1,JFBAVWVBLRIWHM-MLPAPPSSSA-N,Preclinical
eltanolone,GABA receptor positive allosteric modulator,"GABRA1, GABRA2, GABRA3, GABRA4, GABRA5, GABRA6, GABRB2, GABRG2",,,"Tocris, Tocris",97.4,"CC(=O)[C@H]1CC[C@H]2[C@@H]3CC[C@@H]4C[C@H](O)CC[C@]4(C)[C@H]3CC[C@]12C, CC(=O)[C@H]1CC[C@H]2[C@@H]3CC[C@@H]4C[C@H](O)CC[C@]4(C)[C@H]3CC[C@]12C","AURFZBICLPNKBZ-YZRLXODZSA-N, AURFZBICLPNKBZ-YZRLXODZSA-N",Phase 3
eltoprazine,serotonin receptor agonist,"HTR1A, HTR1B",,,"MedChemEx, MedChemEx, MedChemEx",97.53,"C1CN(CCN1)c1cccc2OCCOc12, C1CN(CCN1)c1cccc2OCCOc12, C1CN(CCN1)c1cccc2OCCOc12","WVLHGCRWEHCIOT-UHFFFAOYSA-N, WVLHGCRWEHCIOT-UHFFFAOYSA-N, WVLHGCRWEHCIOT-UHFFFAOYSA-N",Phase 2
eltrombopag,thrombopoietin receptor agonist,MPL,"hematology, infectious disease","anemia, hepatitis C, thrombocytopenia",MedChemEx,98.21,CC1=NN(C(=O)\C1=N/Nc1cccc(-c2cccc(c2)C(O)=O)c1O)c1ccc(C)c(C)c1 |t:1|,XDXWLKQMMKQXPV-QYQHSDTDSA-N,Launched
eluxadoline,"opioid receptor agonist, opioid receptor antagonist","OPRD1, OPRK1, OPRM1",gastroenterology,irritable bowel syndrome,MedChemEx,94.62,COc1ccc(CN([C@@H](C)c2nc(c[nH]2)-c2ccccc2)C(=O)[C@@H](N)Cc2c(C)cc(cc2C)C(N)=O)cc1C(O)=O,QFNHIDANIVGXPE-FNZWTVRRSA-N,Launched
elvitegravir,HIV integrase inhibitor,,infectious disease,human immunodeficiency virus (HIV-1),Selleck,94.69,COc1cc2n(cc(C(O)=O)c(=O)c2cc1Cc1cccc(Cl)c1F)[C@H](CO)C(C)C,JUZYLCPPVHEVSV-LJQANCHMSA-N,Launched
emamectin,GABA receptor agonist,,,,MedChemEx,1.78,"[H][C@@]12OC\C3=C/C=C/[C@H](C)[C@]([H])(O[C@H]4C[C@H](OC)[C@@]([H])(O[C@H]5C[C@@H](OC)[C@H](NC)[C@@H](C)O5)[C@H](C)O4)\C(C)=C\C[C@@H]4C[C@@H](C[C@]5(O4)O[C@H](C(C)C)[C@@H](C)C=C5)OC(=O)[C@H](C=C(C)[C@H]1O)[C@@]23O |c:4,55,t:6,38,62|",DXIOOXFZLKCVHK-HGIWSLISSA-N,Preclinical
embelin,"HCV inhibitor, XIAP inhibitor",XIAP,,,"Tocris, Tocris, Tocris, Tocris, Tocris, Tocris, Selleck, Selleck",94.95,"CCCCCCCCCCCC1C(=O)C(O)=CC(=O)C1=O |c:15|, CCCCCCCCCCCC1C(=O)C(O)=CC(=O)C1=O |c:15|, CCCCCCCCCCCC1C(=O)C(O)=CC(=O)C1=O |c:15|, CCCCCCCCCCCC1C(=O)C(O)=CC(=O)C1=O |c:15|, CCCCCCCCCCCC1C(=O)C(O)=CC(=O)C1=O |c:15|, CCCCCCCCCCCC1C(=O)C(O)=CC(=O)C1=O |c:15|, CCCCCCCCCCCC1C(=O)C(O)=CC(=O)C1=O |c:15|, CCCCCCCCCCCC1C(=O)C(O)=CC(=O)C1=O |c:15|","HQWGBIUMYSOPFP-UHFFFAOYSA-N, HQWGBIUMYSOPFP-UHFFFAOYSA-N, HQWGBIUMYSOPFP-UHFFFAOYSA-N, HQWGBIUMYSOPFP-UHFFFAOYSA-N, HQWGBIUMYSOPFP-UHFFFAOYSA-N, HQWGBIUMYSOPFP-UHFFFAOYSA-N, HQWGBIUMYSOPFP-UHFFFAOYSA-N, HQWGBIUMYSOPFP-UHFFFAOYSA-N",Preclinical
EMD-1214063,hepatocyte growth factor receptor inhibitor,MET,,,"MedChemEx, MedChemEx, MedChemEx, MedChemEx",95.6,"CN1CCC(COc2cnc(nc2)-c2cccc(Cn3nc(ccc3=O)-c3cccc(c3)C#N)c2)CC1, CN1CCC(COc2cnc(nc2)-c2cccc(Cn3nc(ccc3=O)-c3cccc(c3)C#N)c2)CC1, CN1CCC(COc2cnc(nc2)-c2cccc(Cn3nc(ccc3=O)-c3cccc(c3)C#N)c2)CC1, CN1CCC(COc2cnc(nc2)-c2cccc(Cn3nc(ccc3=O)-c3cccc(c3)C#N)c2)CC1","AHYMHWXQRWRBKT-UHFFFAOYSA-N, AHYMHWXQRWRBKT-UHFFFAOYSA-N, AHYMHWXQRWRBKT-UHFFFAOYSA-N, AHYMHWXQRWRBKT-UHFFFAOYSA-N",Phase 2
EMD-386088,serotonin receptor agonist,HTR6,,,"Tocris, Tocris, Tocris, Tocris",97.4,"Cc1[nH]c2ccc(Cl)cc2c1C1=CCNCC1 |t:13|, Cc1[nH]c2ccc(Cl)cc2c1C1=CCNCC1 |t:13|, Cc1[nH]c2ccc(Cl)cc2c1C1=CCNCC1 |t:13|, Cc1[nH]c2ccc(Cl)cc2c1C1=CCNCC1 |t:13|","BPPGPYJBCVXILI-UHFFFAOYSA-N, BPPGPYJBCVXILI-UHFFFAOYSA-N, BPPGPYJBCVXILI-UHFFFAOYSA-N, BPPGPYJBCVXILI-UHFFFAOYSA-N",Preclinical
EMD-53998,phosphodiesterase inhibitor,TNNC1,,,"EMDBio, EMDBio, EMDBio, EMDBio",97.01,"COc1ccc(cc1OC)C(=O)N1CCCc2cc(ccc12)C1=NNC(=O)S[C@@H]1C |r,t:25|, COc1ccc(cc1OC)C(=O)N1CCCc2cc(ccc12)C1=NNC(=O)S[C@@H]1C |r,t:25|, COc1ccc(cc1OC)C(=O)N1CCCc2cc(ccc12)C1=NNC(=O)S[C@@H]1C |r,t:25|, COc1ccc(cc1OC)C(=O)N1CCCc2cc(ccc12)C1=NNC(=O)S[C@@H]1C |r,t:25|","IZLRMTJLQCLMKF-CYBMUJFWSA-N, IZLRMTJLQCLMKF-CYBMUJFWSA-N, IZLRMTJLQCLMKF-CYBMUJFWSA-N, IZLRMTJLQCLMKF-CYBMUJFWSA-N",Phase 1
EMD-66684,angiotensin receptor antagonist,AGTR1,,,"Tocris, Tocris, Tocris, Tocris",99.17,"CCCCc1nc2ccn(CC(=O)N(C)C)c(=O)c2n1Cc1ccc(cc1)-c1ccccc1-c1nn[nH]n1, CCCCc1nc2ccn(CC(=O)N(C)C)c(=O)c2n1Cc1ccc(cc1)-c1ccccc1-c1nn[nH]n1, CCCCc1nc2ccn(CC(=O)N(C)C)c(=O)c2n1Cc1ccc(cc1)-c1ccccc1-c1nn[nH]n1, CCCCc1nc2ccn(CC(=O)N(C)C)c(=O)c2n1Cc1ccc(cc1)-c1ccccc1-c1nn[nH]n1","CQVJTTOZTTVVBK-UHFFFAOYSA-N, CQVJTTOZTTVVBK-UHFFFAOYSA-N, CQVJTTOZTTVVBK-UHFFFAOYSA-N, CQVJTTOZTTVVBK-UHFFFAOYSA-N",Preclinical
EMD534085,kinesin inhibitor,,,,MedChemEx,93.34,[H][C@@]12CC[C@H](CNC(=O)NCCN(C)C)O[C@]1([H])c1cc(ccc1N[C@H]2c1ccccc1)C(F)(F)F,MARIUIDCPUZLKZ-FUKQBSRTSA-N,Preclinical
emedastine,histamine receptor antagonist,HRH1,ophthalmology,conjunctivitis,"Prestwick, TCI",86.56,"CCOCCn1c(nc2ccccc12)N1CCCN(C)CC1, CCOCCn1c(nc2ccccc12)N1CCCN(C)CC1","KBUZBQVCBVDWKX-UHFFFAOYSA-N, KBUZBQVCBVDWKX-UHFFFAOYSA-N",Launched
emeramide,antioxidant,,,,MedChemEx,29.63,SCCNC(=O)c1cccc(c1)C(=O)NCCS,JUTBAVRYDAKVGQ-UHFFFAOYSA-N,Phase 2
emetine,protein synthesis inhibitor,RPS2,,,"MedChemEx, MedChemEx, Selleck, Selleck, Selleck, Selleck, Selleck",97.59,"CC[C@H]1CN2CCc3cc(OC)c(OC)cc3[C@@H]2C[C@@H]1C[C@H]1NCCc2cc(OC)c(OC)cc12, CC[C@H]1CN2CCc3cc(OC)c(OC)cc3[C@@H]2C[C@@H]1C[C@H]1NCCc2cc(OC)c(OC)cc12, CC[C@H]1CN2CCc3cc(OC)c(OC)cc3[C@@H]2C[C@@H]1C[C@H]1NCCc2cc(OC)c(OC)cc12, CC[C@H]1CN2CCc3cc(OC)c(OC)cc3[C@@H]2C[C@@H]1C[C@H]1NCCc2cc(OC)c(OC)cc12, CC[C@H]1CN2CCc3cc(OC)c(OC)cc3[C@@H]2C[C@@H]1C[C@H]1NCCc2cc(OC)c(OC)cc12, CC[C@H]1CN2CCc3cc(OC)c(OC)cc3[C@@H]2C[C@@H]1C[C@H]1NCCc2cc(OC)c(OC)cc12, CC[C@H]1CN2CCc3cc(OC)c(OC)cc3[C@@H]2C[C@@H]1C[C@H]1NCCc2cc(OC)c(OC)cc12","AUVVAXYIELKVAI-CKBKHPSWSA-N, AUVVAXYIELKVAI-CKBKHPSWSA-N, AUVVAXYIELKVAI-CKBKHPSWSA-N, AUVVAXYIELKVAI-CKBKHPSWSA-N, AUVVAXYIELKVAI-CKBKHPSWSA-N, AUVVAXYIELKVAI-CKBKHPSWSA-N, AUVVAXYIELKVAI-CKBKHPSWSA-N",Phase 2
emiglitate,alpha glucoside inhibitor,,,,MedChemEx,90.99,CCOC(=O)c1ccc(OCCN2C[C@H](O)[C@@H](O)[C@H](O)[C@H]2CO)cc1,NWWORXYTJRPSMC-QKPAOTATSA-N,Preclinical
emixustat,retinoid isomerohydrolase inhibitor,,,,MedChemEx,92.6,NCC[C@@H](O)c1cccc(OCC2CCCCC2)c1,WJIGGYYSZBWCGC-MRXNPFEDSA-N,Phase 3
emodepside,nematocide,,,,MedChemEx,95.47,[H][C@]1(C)OC(=O)[C@H](CC(C)C)N(C)C(=O)[C@@H](Cc2ccc(cc2)N2CCOCC2)OC(=O)[C@H](CC(C)C)N(C)C(=O)[C@@H](C)OC(=O)[C@@H](CC(C)C)N(C)C(=O)[C@@H](Cc2ccc(cc2)N2CCOCC2)OC(=O)[C@H](CC(C)C)N(C)C1=O,ZMQMTKVVAMWKNY-CZOLZNPPSA-N,Phase 1
emodin,11-beta hydroxysteroid dehydrogenase inhibitor,CSNK2A1,,,"Selleck, Selleck",97.91,"Cc1cc(O)c2C(=O)c3c(O)cc(O)cc3C(=O)c2c1, Cc1cc(O)c2C(=O)c3c(O)cc(O)cc3C(=O)c2c1","RHMXXJGYXNZAPX-UHFFFAOYSA-N, RHMXXJGYXNZAPX-UHFFFAOYSA-N",Preclinical
emorfazone,"anti-inflammatory agent, cyclooxygenase inhibitor",,dental,mouth inflammation,Sigma,99.42,CCOc1c(cnn(C)c1=O)N1CCOCC1,URJQOOISAKEBKW-UHFFFAOYSA-N,Launched
emoxipin,,,,,Vitas-M,95.96,CCc1nc(C)ccc1O,JPGDYIGSCHWQCC-UHFFFAOYSA-N,Phase 3
empagliflozin,sodium/glucose cotransporter inhibitor,"SLC5A1, SLC5A2",endocrinology,diabetes mellitus,"Selleck, MedChemEx, MedChemEx",97.64,"OC[C@H]1O[C@H]([C@H](O)[C@@H](O)[C@@H]1O)c1ccc(Cl)c(Cc2ccc(O[C@H]3CCOC3)cc2)c1, OC[C@H]1O[C@H]([C@H](O)[C@@H](O)[C@@H]1O)c1ccc(Cl)c(Cc2ccc(O[C@H]3CCOC3)cc2)c1, OC[C@H]1O[C@H]([C@H](O)[C@@H](O)[C@@H]1O)c1ccc(Cl)c(Cc2ccc(O[C@H]3CCOC3)cc2)c1","OBWASQILIWPZMG-QZMOQZSNSA-N, OBWASQILIWPZMG-QZMOQZSNSA-N, OBWASQILIWPZMG-QZMOQZSNSA-N",Launched
emricasan,caspase inhibitor,"CASP1, CASP3, CASP7",,,"Cayman, Cayman, Cayman",91.7,"C[C@H](NC(=O)C(=O)Nc1ccccc1C(C)(C)C)C(=O)N[C@@H](CC(O)=O)C(=O)COc1c(F)c(F)cc(F)c1F, C[C@H](NC(=O)C(=O)Nc1ccccc1C(C)(C)C)C(=O)N[C@@H](CC(O)=O)C(=O)COc1c(F)c(F)cc(F)c1F, C[C@H](NC(=O)C(=O)Nc1ccccc1C(C)(C)C)C(=O)N[C@@H](CC(O)=O)C(=O)COc1c(F)c(F)cc(F)c1F","SCVHJVCATBPIHN-SJCJKPOMSA-N, SCVHJVCATBPIHN-SJCJKPOMSA-N, SCVHJVCATBPIHN-SJCJKPOMSA-N",Phase 2
emtricitabine,nucleoside reverse transcriptase inhibitor,,infectious disease,human immunodeficiency virus (HIV-1),"Selleck, MedChemEx",96.41,"Nc1nc(=O)n(cc1F)[C@@H]1CS[C@H](CO)O1, Nc1nc(=O)n(cc1F)[C@@H]1CS[C@H](CO)O1","XQSPYNMVSIKCOC-NTSWFWBYSA-N, XQSPYNMVSIKCOC-NTSWFWBYSA-N",Launched
enalapril,angiotensin converting enzyme inhibitor,ACE,cardiology,"hypertension, congestive heart failure, left ventricular systolic dysfunction (LVSD)","Selleck, Selleck, MicroSource, MedChemEx, MedChemEx",94.83,"CCOC(=O)[C@H](CCc1ccccc1)N[C@@H](C)C(=O)N1CCC[C@H]1C(O)=O, CCOC(=O)[C@H](CCc1ccccc1)N[C@@H](C)C(=O)N1CCC[C@H]1C(O)=O, CCOC(=O)[C@H](CCc1ccccc1)N[C@@H](C)C(=O)N1CCC[C@H]1C(O)=O, CCOC(=O)[C@H](CCc1ccccc1)N[C@@H](C)C(=O)N1CCC[C@H]1C(O)=O, CCOC(=O)[C@H](CCc1ccccc1)N[C@@H](C)C(=O)N1CCC[C@H]1C(O)=O","GBXSMTUPTTWBMN-XIRDDKMYSA-N, GBXSMTUPTTWBMN-XIRDDKMYSA-N, GBXSMTUPTTWBMN-XIRDDKMYSA-N, GBXSMTUPTTWBMN-XIRDDKMYSA-N, GBXSMTUPTTWBMN-XIRDDKMYSA-N",Launched
enalaprilat,angiotensin converting enzyme inhibitor,ACE,cardiology,hypertension,"MicroSource, MedChemEx, Selleck, MedChemEx, MedChemEx, Selleck, Selleck",94.1,"C[C@H](N[C@@H](CCc1ccccc1)C(O)=O)C(=O)N1CCC[C@H]1C(O)=O, C[C@H](N[C@@H](CCc1ccccc1)C(O)=O)C(=O)N1CCC[C@H]1C(O)=O, C[C@H](N[C@@H](CCc1ccccc1)C(O)=O)C(=O)N1CCC[C@H]1C(O)=O, C[C@H](N[C@@H](CCc1ccccc1)C(O)=O)C(=O)N1CCC[C@H]1C(O)=O, C[C@H](N[C@@H](CCc1ccccc1)C(O)=O)C(=O)N1CCC[C@H]1C(O)=O, C[C@H](N[C@@H](CCc1ccccc1)C(O)=O)C(=O)N1CCC[C@H]1C(O)=O, C[C@H](N[C@@H](CCc1ccccc1)C(O)=O)C(=O)N1CCC[C@H]1C(O)=O","LZFZMUMEGBBDTC-QEJZJMRPSA-N, LZFZMUMEGBBDTC-QEJZJMRPSA-N, LZFZMUMEGBBDTC-QEJZJMRPSA-N, LZFZMUMEGBBDTC-QEJZJMRPSA-N, LZFZMUMEGBBDTC-QEJZJMRPSA-N, LZFZMUMEGBBDTC-QEJZJMRPSA-N, LZFZMUMEGBBDTC-QEJZJMRPSA-N",Launched
enasidenib,isocitrate dehydrogenase inhibitor,IDH1,hematologic malignancy,acute myeloid leukemia (AML),"MedChemEx, MedChemEx, MedChemEx, MedChemEx",97.57,"CC(C)(O)CNc1nc(Nc2ccnc(c2)C(F)(F)F)nc(n1)-c1cccc(n1)C(F)(F)F, CC(C)(O)CNc1nc(Nc2ccnc(c2)C(F)(F)F)nc(n1)-c1cccc(n1)C(F)(F)F, CC(C)(O)CNc1nc(Nc2ccnc(c2)C(F)(F)F)nc(n1)-c1cccc(n1)C(F)(F)F, CC(C)(O)CNc1nc(Nc2ccnc(c2)C(F)(F)F)nc(n1)-c1cccc(n1)C(F)(F)F","DYLUUSLLRIQKOE-UHFFFAOYSA-N, DYLUUSLLRIQKOE-UHFFFAOYSA-N, DYLUUSLLRIQKOE-UHFFFAOYSA-N, DYLUUSLLRIQKOE-UHFFFAOYSA-N",Launched
enbucrilate,,,dermatology,"skin lacerations, tissue adhesive",Ark,0,CCCCOC(=O)C(=C)C#N,JJJFUHOGVZWXNQ-UHFFFAOYSA-N,Launched
enciprazine,GABA receptor modulator,GABRA1,,,"Key, Key, Key",98.17,"COc1ccccc1N1CCN(C[C@@H](O)COc2cc(OC)c(OC)c(OC)c2)CC1 |&1:13,r|, COc1ccccc1N1CCN(C[C@@H](O)COc2cc(OC)c(OC)c(OC)c2)CC1 |&1:13,r|, COc1ccccc1N1CCN(C[C@@H](O)COc2cc(OC)c(OC)c(OC)c2)CC1 |&1:13,r|","KSQCNASWXSCJTD-QGZVFWFLSA-N, KSQCNASWXSCJTD-QGZVFWFLSA-N, KSQCNASWXSCJTD-QGZVFWFLSA-N",Phase 3
encorafenib,RAF inhibitor,BRAF,oncology,melanoma,MedChemEx,97.1,COC(=O)N[C@@H](C)CNc1nccc(n1)-c1cn(nc1-c1cc(Cl)cc(NS(C)(=O)=O)c1F)C(C)C,CMJCXYNUCSMDBY-ZDUSSCGKSA-N,Launched
endo-IWR-1,PARP inhibitor,"TNKS, TNKS2",,,"Tocris, Tocris, Tocris, Tocris, Selleck, Selleck, Selleck, Selleck",97.96,"O=C(Nc1cccc2cccnc12)c1ccc(cc1)N1C(=O)[C@H]2[C@@H]3C[C@@H](C=C3)[C@H]2C1=O |c:29|, O=C(Nc1cccc2cccnc12)c1ccc(cc1)N1C(=O)[C@H]2[C@@H]3C[C@@H](C=C3)[C@H]2C1=O |c:29|, O=C(Nc1cccc2cccnc12)c1ccc(cc1)N1C(=O)[C@H]2[C@@H]3C[C@@H](C=C3)[C@H]2C1=O |c:29|, O=C(Nc1cccc2cccnc12)c1ccc(cc1)N1C(=O)[C@H]2[C@@H]3C[C@@H](C=C3)[C@H]2C1=O |c:29|, O=C(Nc1cccc2cccnc12)c1ccc(cc1)N1C(=O)[C@H]2[C@@H]3C[C@@H](C=C3)[C@H]2C1=O |c:29|, O=C(Nc1cccc2cccnc12)c1ccc(cc1)N1C(=O)[C@H]2[C@@H]3C[C@@H](C=C3)[C@H]2C1=O |c:29|, O=C(Nc1cccc2cccnc12)c1ccc(cc1)N1C(=O)[C@H]2[C@@H]3C[C@@H](C=C3)[C@H]2C1=O |c:29|, O=C(Nc1cccc2cccnc12)c1ccc(cc1)N1C(=O)[C@H]2[C@@H]3C[C@@H](C=C3)[C@H]2C1=O |c:29|","ZGSXEXBYLJIOGF-ALFLXDJESA-N, ZGSXEXBYLJIOGF-ALFLXDJESA-N, ZGSXEXBYLJIOGF-ALFLXDJESA-N, ZGSXEXBYLJIOGF-ALFLXDJESA-N, ZGSXEXBYLJIOGF-ALFLXDJESA-N, ZGSXEXBYLJIOGF-ALFLXDJESA-N, ZGSXEXBYLJIOGF-ALFLXDJESA-N, ZGSXEXBYLJIOGF-ALFLXDJESA-N",Preclinical
endoxifen,estrogen receptor antagonist,ESR1,,,"MedChemEx, Selleck",52.03,"CC\C(=C(/c1ccc(O)cc1)c1ccc(OCCNC)cc1)c1ccccc1, CC\C(=C(/c1ccc(O)cc1)c1ccc(OCCNC)cc1)c1ccccc1","MHJBZVSGOZTKRH-IZHYLOQSSA-N, MHJBZVSGOZTKRH-IZHYLOQSSA-N",Phase 2
enflurane,membrane permeability inhibitor,"GABRA1, GABRA2, GABRA3, GABRA4, GABRA5, GABRA6, GABRB1, GABRB2, GABRB3, GABRD, GABRE, GABRG1, GABRG2, GABRG3, GABRP, GABRQ, GLRA1, GLRB, KCNK10, KCNK18, KCNK2, KCNK3, KCNK9",neurology/psychiatry,anesthetic,"Sigma, Apollo, Apollo",0,"FC(F)OC(F)(F)[C@@H](F)Cl |&1:7,r|, FC(F)OC(F)(F)[C@@H](F)Cl |&1:7,r|, FC(F)OC(F)(F)[C@@H](F)Cl |&1:7,r|","JPGQOUSTVILISH-PVQJCKRUSA-N, JPGQOUSTVILISH-PVQJCKRUSA-N, JPGQOUSTVILISH-PVQJCKRUSA-N",Launched
enilconazole,sterol demethylase inhibitor,"CYP19A1, CYP1A2, CYP2B6, CYP2C9, CYP2J2, CYP3A4, CYP3A5, NR1I2, PPARA, PTGER2",infectious disease,skin infections,"MedChemEx, MicroSource",98.23,"Clc1ccc([C@@H](Cn2ccnc2)OCC=C)c(Cl)c1 |&1:5|, Clc1ccc([C@@H](Cn2ccnc2)OCC=C)c(Cl)c1 |&1:5|","PZBPKYOVPCNPJY-CQSZACIVSA-N, PZBPKYOVPCNPJY-CQSZACIVSA-N",Launched
eniluracil,dihydropyrimidine dehydrogenase inhibitor,"AOX1, DPYD, XDH",,,Sigma,0,O=c1[nH]cc(C#C)c(=O)[nH]1,JOZGNYDSEBIJDH-UHFFFAOYSA-N,Phase 3
eniporide,sodium/hydrogen antiport inhibitor,,,,Sigma,96.24,Cc1cc(c(cc1C(=O)NC(N)=N)S(C)(=O)=O)-n1cccc1,UADMBZFZZOBWBB-UHFFFAOYSA-N,Preclinical
enisamium-iodide,,,,,"Vitas-M, Broad Institute",97.96,"C[n+]1ccc(cc1)C(=O)NCc1ccccc1, C[n+]1ccc(cc1)C(=O)NCc1ccccc1","QOEJDHLJOKRPJG-UHFFFAOYSA-O, QOEJDHLJOKRPJG-UHFFFAOYSA-O",Launched
ENMD-2076,"Aurora kinase inhibitor, FLT3 inhibitor, VEGFR inhibitor","AURKA, FLT3, KDR, PDGFRA, PTK2, SRC",,,"Selleck, Selleck, Selleck",96.02,"CN1CCN(CC1)c1cc(Nc2cc(C)n[nH]2)nc(\C=C\c2ccccc2)n1, CN1CCN(CC1)c1cc(Nc2cc(C)n[nH]2)nc(\C=C\c2ccccc2)n1, CN1CCN(CC1)c1cc(Nc2cc(C)n[nH]2)nc(\C=C\c2ccccc2)n1","BLQYVHBZHAISJM-CMDGGOBGSA-N, BLQYVHBZHAISJM-CMDGGOBGSA-N, BLQYVHBZHAISJM-CMDGGOBGSA-N",Phase 2
enocitabine,DNA synthesis inhibitor,"CMPK1, RRM1, TYMS",hematologic malignancy,acute myeloid leukemia (AML),"AKSci, Carbosynth",97.2,"CCCCCCCCCCCCCCCCCCCCCC(=O)Nc1ccn([C@@H]2O[C@H](CO)[C@@H](O)[C@@H]2O)c(=O)n1, CCCCCCCCCCCCCCCCCCCCCC(=O)Nc1ccn([C@@H]2O[C@H](CO)[C@@H](O)[C@@H]2O)c(=O)n1","SAMRUMKYXPVKPA-VFKOLLTISA-N, SAMRUMKYXPVKPA-VFKOLLTISA-N",Launched
enoxacin,topoisomerase inhibitor,TOP2A,infectious disease,"urinary tract infections, gonorrhea","MedChemEx, MicroSource, Selleck, Selleck",89.69,"CCn1cc(C(O)=O)c(=O)c2cc(F)c(nc12)N1CCNCC1, CCn1cc(C(O)=O)c(=O)c2cc(F)c(nc12)N1CCNCC1, CCn1cc(C(O)=O)c(=O)c2cc(F)c(nc12)N1CCNCC1, CCn1cc(C(O)=O)c(=O)c2cc(F)c(nc12)N1CCNCC1","IDYZIJYBMGIQMJ-UHFFFAOYSA-N, IDYZIJYBMGIQMJ-UHFFFAOYSA-N, IDYZIJYBMGIQMJ-UHFFFAOYSA-N, IDYZIJYBMGIQMJ-UHFFFAOYSA-N",Launched
enoximone,phosphodiesterase inhibitor,PDE3A,cardiology,congestive heart failure,"Sigma, Sigma, Sigma, Sigma, Sigma, Sigma, Tocris",96.98,"CSc1ccc(cc1)C(=O)c1[nH]c(=O)[nH]c1C, CSc1ccc(cc1)C(=O)c1[nH]c(=O)[nH]c1C, CSc1ccc(cc1)C(=O)c1[nH]c(=O)[nH]c1C, CSc1ccc(cc1)C(=O)c1[nH]c(=O)[nH]c1C, CSc1ccc(cc1)C(=O)c1[nH]c(=O)[nH]c1C, CSc1ccc(cc1)C(=O)c1[nH]c(=O)[nH]c1C, CSc1ccc(cc1)C(=O)c1[nH]c(=O)[nH]c1C","ZJKNESGOIKRXQY-UHFFFAOYSA-N, ZJKNESGOIKRXQY-UHFFFAOYSA-N, ZJKNESGOIKRXQY-UHFFFAOYSA-N, ZJKNESGOIKRXQY-UHFFFAOYSA-N, ZJKNESGOIKRXQY-UHFFFAOYSA-N, ZJKNESGOIKRXQY-UHFFFAOYSA-N, ZJKNESGOIKRXQY-UHFFFAOYSA-N",Launched
enoxolone,gap junction modulator,HSD11B1,"gastroenterology, otolaryngology","peptic ulcer disease (PUD), common cold","MicroSource, MicroSource, MicroSource, MedChemEx, Selleck",99.76,"CC1(C)[C@@H](O)CC[C@@]2(C)[C@H]1CC[C@]1(C)[C@@H]2C(=O)C=C2[C@@H]3C[C@](C)(CC[C@]3(C)CC[C@@]12C)C(O)=O |t:19|, CC1(C)[C@@H](O)CC[C@@]2(C)[C@H]1CC[C@]1(C)[C@@H]2C(=O)C=C2[C@@H]3C[C@](C)(CC[C@]3(C)CC[C@@]12C)C(O)=O |t:19|, CC1(C)[C@@H](O)CC[C@@]2(C)[C@H]1CC[C@]1(C)[C@@H]2C(=O)C=C2[C@@H]3C[C@](C)(CC[C@]3(C)CC[C@@]12C)C(O)=O |t:19|, CC1(C)[C@@H](O)CC[C@@]2(C)[C@H]1CC[C@]1(C)[C@@H]2C(=O)C=C2[C@@H]3C[C@](C)(CC[C@]3(C)CC[C@@]12C)C(O)=O |t:19|, CC1(C)[C@@H](O)CC[C@@]2(C)[C@H]1CC[C@]1(C)[C@@H]2C(=O)C=C2[C@@H]3C[C@](C)(CC[C@]3(C)CC[C@@]12C)C(O)=O |t:19|","MPDGHEJMBKOTSU-YKLVYJNSSA-N, MPDGHEJMBKOTSU-YKLVYJNSSA-N, MPDGHEJMBKOTSU-YKLVYJNSSA-N, MPDGHEJMBKOTSU-YKLVYJNSSA-N, MPDGHEJMBKOTSU-YKLVYJNSSA-N",Launched
enprofylline,phosphodiesterase inhibitor,"ADORA1, ADORA2A, ADORA2B, ADORA3, PDE4A, PDE4B",,,"Enzo, Enzo, Enzo, Enzo, Enzo, Sigma",98.71,"CCCn1c2nc[nH]c2c(=O)[nH]c1=O, CCCn1c2nc[nH]c2c(=O)[nH]c1=O, CCCn1c2nc[nH]c2c(=O)[nH]c1=O, CCCn1c2nc[nH]c2c(=O)[nH]c1=O, CCCn1c2nc[nH]c2c(=O)[nH]c1=O, CCCn1c2nc[nH]c2c(=O)[nH]c1=O","SIQPXVQCUCHWDI-UHFFFAOYSA-N, SIQPXVQCUCHWDI-UHFFFAOYSA-N, SIQPXVQCUCHWDI-UHFFFAOYSA-N, SIQPXVQCUCHWDI-UHFFFAOYSA-N, SIQPXVQCUCHWDI-UHFFFAOYSA-N, SIQPXVQCUCHWDI-UHFFFAOYSA-N",Phase 3
enrofloxacin,bacterial DNA gyrase inhibitor,,infectious disease,gram-negative bacterial infections,"MicroSource, MedChemEx, Selleck",96.46,"CCN1CCN(CC1)c1cc2n(cc(C(O)=O)c(=O)c2cc1F)C1CC1, CCN1CCN(CC1)c1cc2n(cc(C(O)=O)c(=O)c2cc1F)C1CC1, CCN1CCN(CC1)c1cc2n(cc(C(O)=O)c(=O)c2cc1F)C1CC1","SPFYMRJSYKOXGV-UHFFFAOYSA-N, SPFYMRJSYKOXGV-UHFFFAOYSA-N, SPFYMRJSYKOXGV-UHFFFAOYSA-N",Launched
entacapone,catechol O methyltransferase inhibitor,COMT,neurology/psychiatry,Parkinson's Disease,"Tocris, Tocris, MicroSource, Selleck, Selleck",97.59,"CCN(CC)C(=O)C(=C\c1cc(O)c(O)c(c1)[N+]([O-])=O)\C#N, CCN(CC)C(=O)C(=C\c1cc(O)c(O)c(c1)[N+]([O-])=O)\C#N, CCN(CC)C(=O)C(=C\c1cc(O)c(O)c(c1)[N+]([O-])=O)\C#N, CCN(CC)C(=O)C(=C\c1cc(O)c(O)c(c1)[N+]([O-])=O)\C#N, CCN(CC)C(=O)C(=C\c1cc(O)c(O)c(c1)[N+]([O-])=O)\C#N","JRURYQJSLYLRLN-BJMVGYQFSA-N, JRURYQJSLYLRLN-BJMVGYQFSA-N, JRURYQJSLYLRLN-BJMVGYQFSA-N, JRURYQJSLYLRLN-BJMVGYQFSA-N, JRURYQJSLYLRLN-BJMVGYQFSA-N",Launched
entasobulin,tubulin polymerization inhibitor,,,,MedChemEx,97.5,Clc1ccc(Cn2cc(C(=O)C(=O)Nc3ccc4ncccc4c3)c3ccccc23)cc1,LJIUXAHLYIPHOK-UHFFFAOYSA-N,Preclinical
entecavir,"DNA replication inhibitor, nucleoside reverse transcriptase inhibitor",,infectious disease,hepatitis B,Selleck,99.22,Nc1nc(=O)c2ncn([C@H]3C[C@H](O)[C@@H](CO)C3=C)c2[nH]1,QDGZDCVAUDNJFG-FXQIFTODSA-N,Launched
entinostat,HDAC inhibitor,"HDAC1, HDAC2, HDAC3, HDAC9",,,"Selleck, Selleck, Selleck, Selleck, MedChemEx, MedChemEx, MedChemEx, Selleck, Selleck",94.4,"Nc1ccccc1NC(=O)c1ccc(CNC(=O)OCc2cccnc2)cc1, Nc1ccccc1NC(=O)c1ccc(CNC(=O)OCc2cccnc2)cc1, Nc1ccccc1NC(=O)c1ccc(CNC(=O)OCc2cccnc2)cc1, Nc1ccccc1NC(=O)c1ccc(CNC(=O)OCc2cccnc2)cc1, Nc1ccccc1NC(=O)c1ccc(CNC(=O)OCc2cccnc2)cc1, Nc1ccccc1NC(=O)c1ccc(CNC(=O)OCc2cccnc2)cc1, Nc1ccccc1NC(=O)c1ccc(CNC(=O)OCc2cccnc2)cc1, Nc1ccccc1NC(=O)c1ccc(CNC(=O)OCc2cccnc2)cc1, Nc1ccccc1NC(=O)c1ccc(CNC(=O)OCc2cccnc2)cc1","INVTYAOGFAGBOE-UHFFFAOYSA-N, INVTYAOGFAGBOE-UHFFFAOYSA-N, INVTYAOGFAGBOE-UHFFFAOYSA-N, INVTYAOGFAGBOE-UHFFFAOYSA-N, INVTYAOGFAGBOE-UHFFFAOYSA-N, INVTYAOGFAGBOE-UHFFFAOYSA-N, INVTYAOGFAGBOE-UHFFFAOYSA-N, INVTYAOGFAGBOE-UHFFFAOYSA-N, INVTYAOGFAGBOE-UHFFFAOYSA-N",Phase 3
entrectinib,"ALK tyrosine kinase receptor inhibitor, proto-oncogene tyrosine protein kinase inhibitor","ALK, NTRK1, NTRK2, NTRK3, ROS1",oncology,non-small cell lung cancer (NSCLC),"Selleck, Selleck",87.23,"CN1CCN(CC1)c1ccc(C(=O)Nc2[nH]nc3ccc(Cc4cc(F)cc(F)c4)cc23)c(NC2CCOCC2)c1, CN1CCN(CC1)c1ccc(C(=O)Nc2[nH]nc3ccc(Cc4cc(F)cc(F)c4)cc23)c(NC2CCOCC2)c1","HAYYBYPASCDWEQ-UHFFFAOYSA-N, HAYYBYPASCDWEQ-UHFFFAOYSA-N",Launched
enzalutamide,androgen receptor antagonist,AR,oncology,prostate cancer,Selleck,95.96,CNC(=O)c1ccc(cc1F)N1C(=S)N(C(=O)C1(C)C)c1ccc(C#N)c(c1)C(F)(F)F,WXCXUHSOUPDCQV-UHFFFAOYSA-N,Launched
enzastaurin,PKC inhibitor,"AKT1, GSK3B, PRKCA, PRKCB, PRKCD, PRKCG",,,"Tocris, Selleck, Selleck",98.11,"Cn1cc(C2=C(C(=O)NC2=O)c2cn(C3CCN(Cc4ccccn4)CC3)c3ccccc23)c2ccccc12 |t:4|, Cn1cc(C2=C(C(=O)NC2=O)c2cn(C3CCN(Cc4ccccn4)CC3)c3ccccc23)c2ccccc12 |t:4|, Cn1cc(C2=C(C(=O)NC2=O)c2cn(C3CCN(Cc4ccccn4)CC3)c3ccccc23)c2ccccc12 |t:4|","AXRCEOKUDYDWLF-UHFFFAOYSA-N, AXRCEOKUDYDWLF-UHFFFAOYSA-N, AXRCEOKUDYDWLF-UHFFFAOYSA-N",Phase 3
EN460,endoplasmic reticulum oxidation inhibitor,ERO1A,,,"MedChemEx, MedChemEx",49.85,"OC(=O)c1cc(ccc1Cl)N1N=C(\C(=C\c2ccc(o2)-c2ccccc2)C1=O)C(F)(F)F |c:12|, OC(=O)c1cc(ccc1Cl)N1N=C(\C(=C\c2ccc(o2)-c2ccccc2)C1=O)C(F)(F)F |c:12|","RSLFQCNAOMQAIH-WJDWOHSUSA-N, RSLFQCNAOMQAIH-WJDWOHSUSA-N",Preclinical
EO-1428,p38 MAPK inhibitor,"MAPK11, MAPK14",,,"Tocris, Tocris, Tocris, Tocris",97.01,"Cc1ccccc1C(=O)c1ccc(Nc2ccc(Br)cc2N)cc1Cl, Cc1ccccc1C(=O)c1ccc(Nc2ccc(Br)cc2N)cc1Cl, Cc1ccccc1C(=O)c1ccc(Nc2ccc(Br)cc2N)cc1Cl, Cc1ccccc1C(=O)c1ccc(Nc2ccc(Br)cc2N)cc1Cl","HDCLCHNAEZNGNV-UHFFFAOYSA-N, HDCLCHNAEZNGNV-UHFFFAOYSA-N, HDCLCHNAEZNGNV-UHFFFAOYSA-N, HDCLCHNAEZNGNV-UHFFFAOYSA-N",Preclinical
epacadostat,"indoleamine 2,3-dioxygenase inhibitor",IDO1,,,"MedChemEx, MedChemEx, MedChemEx, Selleck",97.41,"NS(=O)(=O)NCCNc1nonc1C(NO)=Nc1ccc(F)c(Br)c1, NS(=O)(=O)NCCNc1nonc1C(NO)=Nc1ccc(F)c(Br)c1, NS(=O)(=O)NCCNc1nonc1C(NO)=Nc1ccc(F)c(Br)c1, NS(=O)(=O)NCCNc1nonc1C(NO)=Nc1ccc(F)c(Br)c1","FBKMWOJEPMPVTQ-UHFFFAOYSA-N, FBKMWOJEPMPVTQ-UHFFFAOYSA-N, FBKMWOJEPMPVTQ-UHFFFAOYSA-N, FBKMWOJEPMPVTQ-UHFFFAOYSA-N",Phase 3
epalrestat,aldose reductase inhibitor,AKR1B1,nephrology,diabetic nephropathy,"MedChemEx, MedChemEx, Selleck, Selleck, Selleck",81.25,"C\C(\C=C1/SC(=S)N(CC(O)=O)C1=O)=C/c1ccccc1, C\C(\C=C1/SC(=S)N(CC(O)=O)C1=O)=C/c1ccccc1, C\C(\C=C1/SC(=S)N(CC(O)=O)C1=O)=C/c1ccccc1, C\C(\C=C1/SC(=S)N(CC(O)=O)C1=O)=C/c1ccccc1, C\C(\C=C1/SC(=S)N(CC(O)=O)C1=O)=C/c1ccccc1","CHNUOJQWGUIOLD-NFZZJPOKSA-N, CHNUOJQWGUIOLD-NFZZJPOKSA-N, CHNUOJQWGUIOLD-NFZZJPOKSA-N, CHNUOJQWGUIOLD-NFZZJPOKSA-N, CHNUOJQWGUIOLD-NFZZJPOKSA-N",Launched
eperezolid,bacterial 30S ribosomal subunit inhibitor,,,,"MedChemEx, MedChemEx, MedChemEx, MedChemEx",91.48,"CC(=O)NC[C@H]1CN(C(=O)O1)c1ccc(N2CCN(CC2)C(=O)CO)c(F)c1, CC(=O)NC[C@H]1CN(C(=O)O1)c1ccc(N2CCN(CC2)C(=O)CO)c(F)c1, CC(=O)NC[C@H]1CN(C(=O)O1)c1ccc(N2CCN(CC2)C(=O)CO)c(F)c1, CC(=O)NC[C@H]1CN(C(=O)O1)c1ccc(N2CCN(CC2)C(=O)CO)c(F)c1","SIMWTRCFFSTNMG-AWEZNQCLSA-N, SIMWTRCFFSTNMG-AWEZNQCLSA-N, SIMWTRCFFSTNMG-AWEZNQCLSA-N, SIMWTRCFFSTNMG-AWEZNQCLSA-N",Phase 1
eperisone,acetylcholine receptor antagonist,CYP2J2,neurology/psychiatry,"amyotrophic lateral sclerosis (ALS), spasms, head injury, spinal injury",CombiBlocks,99,CCc1ccc(cc1)C(=O)[C@@H](C)CN1CCCCC1 |r|,SQUNAWUMZGQQJD-AWEZNQCLSA-N,Launched
epetraborole,leucyl-tRNA synthetase inhibitor,,,,MedChemEx,94.68,NC[C@H]1OB(O)c2c1cccc2OCCCO,FXQIIDINBDJDKL-SNVBAGLBSA-N,Preclinical
ephedrine,adrenergic receptor agonist,"ACHE, ADRA1A, ADRB2, SLC18A2, SLC6A2","cardiology, pulmonary, neurology/psychiatry, endocrinology","hypotension, asthma, narcolepsy, obesity","MicroSource, MicroSource",97.68,"CN[C@@H](C)[C@H](O)c1ccccc1, CN[C@@H](C)[C@H](O)c1ccccc1","KWGRBVOPPLSCSI-WPRPVWTQSA-N, KWGRBVOPPLSCSI-WPRPVWTQSA-N",Launched
ephedrine-(racemic),adrenergic receptor agonist,"ADRA1A, ADRA2A, ADRB1, ADRB2, ATF1, ATF2, ATF3, ATF4, ATF5, ATF6, ATF7, FOS, IL2, JDP2, JUN, NFATC1, SLC6A2, SLC6A3, SLC6A4, TNF","cardiology, pulmonary, neurology/psychiatry, endocrinology","hypotension, asthma, narcolepsy, obesity","MicroSource, MicroSource",97.69,"CN[C@@H](C)[C@@H](O)c1ccccc1 |&1:2,&2:4|, CN[C@@H](C)[C@@H](O)c1ccccc1 |&1:2,&2:4|","KWGRBVOPPLSCSI-WCBMZHEXSA-N, KWGRBVOPPLSCSI-WCBMZHEXSA-N",Launched
epiandrosterone,steroid,G6PD,,,MedChemEx,100,C[C@]12CC[C@H]3[C@@H](CC[C@H]4C[C@@H](O)CC[C@]34C)[C@@H]1CCC2=O,QGXBDMJGAMFCBF-LUJOEAJASA-N,Preclinical
epicatechin-gallate-(-),bacterial DNA gyrase inhibitor,"BACE1, FASN",,,"AnalytiCon, MedChemEx",96.2,"Oc1cc(O)c2C[C@@H](OC(=O)c3cc(O)c(O)c(O)c3)[C@H](Oc2c1)c1ccc(O)c(O)c1, Oc1cc(O)c2C[C@@H](OC(=O)c3cc(O)c(O)c(O)c3)[C@H](Oc2c1)c1ccc(O)c(O)c1","LSHVYAFMTMFKBA-TZIWHRDSSA-N, LSHVYAFMTMFKBA-TZIWHRDSSA-N",Phase 2
epiestriol,,,,,Toronto,91.12,C[C@]12CC[C@H]3[C@@H](CCc4cc(O)ccc34)[C@@H]1C[C@H](O)[C@@H]2O,PROQIPRRNZUXQM-ZMSHIADSSA-N,Preclinical
epigallocatechin-(-),,,,,MedChemEx,91.93,O[C@@H]1Cc2c(O)cc(O)cc2O[C@@H]1c1cc(O)c(O)c(O)c1,XMOCLSLCDHWDHP-IUODEOHRSA-N,Phase 2
epigallocatechin-gallate-(-),bacterial DNA gyrase inhibitor,"ELANE, EP300, FASN, KAT2B, MMP14, MMP2",,,"MedChemEx, MedChemEx, MedChemEx, Selleck, Selleck",81.58,"Oc1cc(O)c2C[C@@H](OC(=O)c3cc(O)c(O)c(O)c3)[C@H](Oc2c1)c1cc(O)c(O)c(O)c1, Oc1cc(O)c2C[C@@H](OC(=O)c3cc(O)c(O)c(O)c3)[C@H](Oc2c1)c1cc(O)c(O)c(O)c1, Oc1cc(O)c2C[C@@H](OC(=O)c3cc(O)c(O)c(O)c3)[C@H](Oc2c1)c1cc(O)c(O)c(O)c1, Oc1cc(O)c2C[C@@H](OC(=O)c3cc(O)c(O)c(O)c3)[C@H](Oc2c1)c1cc(O)c(O)c(O)c1, Oc1cc(O)c2C[C@@H](OC(=O)c3cc(O)c(O)c(O)c3)[C@H](Oc2c1)c1cc(O)c(O)c(O)c1","WMBWREPUVVBILR-WIYYLYMNSA-N, WMBWREPUVVBILR-WIYYLYMNSA-N, WMBWREPUVVBILR-WIYYLYMNSA-N, WMBWREPUVVBILR-WIYYLYMNSA-N, WMBWREPUVVBILR-WIYYLYMNSA-N",Phase 2/Phase 3
epinastine,histamine receptor antagonist,HRH1,ophthalmology,conjunctivitis,"Selleck, MedChemEx",98.59,"NC1=NC[C@H]2N1c1ccccc1Cc1ccccc21 |&1:4,t:1|, NC1=NC[C@H]2N1c1ccccc1Cc1ccccc21 |&1:4,t:1|","WHWZLSFABNNENI-OAHLLOKOSA-N, WHWZLSFABNNENI-OAHLLOKOSA-N",Launched
epinephrine,"adrenergic receptor agonist, carbonic anhydrase activator, neurotransmitter","ADRA1A, ADRA1B, ADRA1D, ADRA2A, ADRA2B, ADRA2C, ADRB1, ADRB2, ADRB3, PAH, TNF","cardiology, allergy, pulmonary","cardiac arrest, anaphylactic shock, asthma","MicroSource, Selleck, Selleck, Selleck, Selleck, Selleck, Selleck, Selleck",100,"CNC[C@H](O)c1ccc(O)c(O)c1, CNC[C@H](O)c1ccc(O)c(O)c1, CNC[C@H](O)c1ccc(O)c(O)c1, CNC[C@H](O)c1ccc(O)c(O)c1, CNC[C@H](O)c1ccc(O)c(O)c1, CNC[C@H](O)c1ccc(O)c(O)c1, CNC[C@H](O)c1ccc(O)c(O)c1, CNC[C@H](O)c1ccc(O)c(O)c1","UCTWMZQNUQWSLP-VIFPVBQESA-N, UCTWMZQNUQWSLP-VIFPVBQESA-N, UCTWMZQNUQWSLP-VIFPVBQESA-N, UCTWMZQNUQWSLP-VIFPVBQESA-N, UCTWMZQNUQWSLP-VIFPVBQESA-N, UCTWMZQNUQWSLP-VIFPVBQESA-N, UCTWMZQNUQWSLP-VIFPVBQESA-N, UCTWMZQNUQWSLP-VIFPVBQESA-N",Launched
epirizole,cyclooxygenase inhibitor,"PTGS1, PTGS2",neurology/psychiatry,pain relief,"Labotest, Prestwick",98.14,"COc1cc(C)nn1-c1nc(C)cc(OC)n1, COc1cc(C)nn1-c1nc(C)cc(OC)n1","RHAXSHUQNIEUEY-UHFFFAOYSA-N, RHAXSHUQNIEUEY-UHFFFAOYSA-N",Launched
epirubicin,topoisomerase inhibitor,"CHD1, TOP2A",oncology,breast cancer,"MicroSource, Selleck, Selleck, Selleck, Selleck, Selleck, Selleck, Selleck, Selleck",94.71,"COc1cccc2C(=O)c3c(O)c4C[C@](O)(C[C@H](O[C@H]5C[C@H](N)[C@@H](O)[C@H](C)O5)c4c(O)c3C(=O)c12)C(=O)CO, COc1cccc2C(=O)c3c(O)c4C[C@](O)(C[C@H](O[C@H]5C[C@H](N)[C@@H](O)[C@H](C)O5)c4c(O)c3C(=O)c12)C(=O)CO, COc1cccc2C(=O)c3c(O)c4C[C@](O)(C[C@H](O[C@H]5C[C@H](N)[C@@H](O)[C@H](C)O5)c4c(O)c3C(=O)c12)C(=O)CO, COc1cccc2C(=O)c3c(O)c4C[C@](O)(C[C@H](O[C@H]5C[C@H](N)[C@@H](O)[C@H](C)O5)c4c(O)c3C(=O)c12)C(=O)CO, COc1cccc2C(=O)c3c(O)c4C[C@](O)(C[C@H](O[C@H]5C[C@H](N)[C@@H](O)[C@H](C)O5)c4c(O)c3C(=O)c12)C(=O)CO, COc1cccc2C(=O)c3c(O)c4C[C@](O)(C[C@H](O[C@H]5C[C@H](N)[C@@H](O)[C@H](C)O5)c4c(O)c3C(=O)c12)C(=O)CO, COc1cccc2C(=O)c3c(O)c4C[C@](O)(C[C@H](O[C@H]5C[C@H](N)[C@@H](O)[C@H](C)O5)c4c(O)c3C(=O)c12)C(=O)CO, COc1cccc2C(=O)c3c(O)c4C[C@](O)(C[C@H](O[C@H]5C[C@H](N)[C@@H](O)[C@H](C)O5)c4c(O)c3C(=O)c12)C(=O)CO, COc1cccc2C(=O)c3c(O)c4C[C@](O)(C[C@H](O[C@H]5C[C@H](N)[C@@H](O)[C@H](C)O5)c4c(O)c3C(=O)c12)C(=O)CO","AOJJSUZBOXZQNB-VTZDEGQISA-N, AOJJSUZBOXZQNB-VTZDEGQISA-N, AOJJSUZBOXZQNB-VTZDEGQISA-N, AOJJSUZBOXZQNB-VTZDEGQISA-N, AOJJSUZBOXZQNB-VTZDEGQISA-N, InChI=1S/C27H29NO11/c1-10-22(31)13(28)6-17(38-10)39-15-8-27(36,16(30)9-29)7-12-19(15)26(35)21-20(24(12)33)23(32)11-4-3-5-14(37-2)18(11)25(21)34/h3-5,10,13,15,17,22,29,31,33,35-36H,6-9,28H2,1-2H3/t10-,13-,15-,17-,22-,27-/m0/s1, InChI=1S/C27H29NO11/c1-10-22(31)13(28)6-17(38-10)39-15-8-27(36,16(30)9-29)7-12-19(15)26(35)21-20(24(12)33)23(32)11-4-3-5-14(37-2)18(11)25(21)34/h3-5,10,13,15,17,22,29,31,33,35-36H,6-9,28H2,1-2H3/t10-,13-,15-,17-,22-,27-/m0/s1, InChI=1S/C27H29NO11/c1-10-22(31)13(28)6-17(38-10)39-15-8-27(36,16(30)9-29)7-12-19(15)26(35)21-20(24(12)33)23(32)11-4-3-5-14(37-2)18(11)25(21)34/h3-5,10,13,15,17,22,29,31,33,35-36H,6-9,28H2,1-2H3/t10-,13-,15-,17-,22-,27-/m0/s1, InChI=1S/C27H29NO11/c1-10-22(31)13(28)6-17(38-10)39-15-8-27(36,16(30)9-29)7-12-19(15)26(35)21-20(24(12)33)23(32)11-4-3-5-14(37-2)18(11)25(21)34/h3-5,10,13,15,17,22,29,31,33,35-36H,6-9,28H2,1-2H3/t10-,13-,15-,17-,22-,27-/m0/s1",Launched
epitiostanol,androgen receptor agonist,AR,oncology,breast cancer,"Prestwick, Prestwick, Prestwick",90.16,"C[C@]12CC[C@H]3[C@@H](CC[C@H]4C[C@@H]5S[C@@H]5C[C@]34C)[C@@H]1CC[C@@H]2O, C[C@]12CC[C@H]3[C@@H](CC[C@H]4C[C@@H]5S[C@@H]5C[C@]34C)[C@@H]1CC[C@@H]2O, C[C@]12CC[C@H]3[C@@H](CC[C@H]4C[C@@H]5S[C@@H]5C[C@]34C)[C@@H]1CC[C@@H]2O","OBMLHUPNRURLOK-XGRAFVIBSA-N, OBMLHUPNRURLOK-XGRAFVIBSA-N, OBMLHUPNRURLOK-XGRAFVIBSA-N",Launched
eplerenone,cytochrome P450 inhibitor,NR3C2,cardiology,"congestive heart failure, hypertension","Selleck, Tocris, Tocris, Tocris, Tocris, Selleck, Selleck, Selleck",99.75,"COC(=O)[C@@H]1CC2=CC(=O)CC[C@]2(C)[C@@]23O[C@@H]2C[C@@]2(C)[C@@H](CC[C@@]22CCC(=O)O2)[C@H]13 |t:6|, COC(=O)[C@@H]1CC2=CC(=O)CC[C@]2(C)[C@@]23O[C@@H]2C[C@@]2(C)[C@@H](CC[C@@]22CCC(=O)O2)[C@H]13 |t:6|, COC(=O)[C@@H]1CC2=CC(=O)CC[C@]2(C)[C@@]23O[C@@H]2C[C@@]2(C)[C@@H](CC[C@@]22CCC(=O)O2)[C@H]13 |t:6|, COC(=O)[C@@H]1CC2=CC(=O)CC[C@]2(C)[C@@]23O[C@@H]2C[C@@]2(C)[C@@H](CC[C@@]22CCC(=O)O2)[C@H]13 |t:6|, COC(=O)[C@@H]1CC2=CC(=O)CC[C@]2(C)[C@@]23O[C@@H]2C[C@@]2(C)[C@@H](CC[C@@]22CCC(=O)O2)[C@H]13 |t:6|, COC(=O)[C@@H]1CC2=CC(=O)CC[C@]2(C)[C@@]23O[C@@H]2C[C@@]2(C)[C@@H](CC[C@@]22CCC(=O)O2)[C@H]13 |t:6|, COC(=O)[C@@H]1CC2=CC(=O)CC[C@]2(C)[C@@]23O[C@@H]2C[C@@]2(C)[C@@H](CC[C@@]22CCC(=O)O2)[C@H]13 |t:6|, COC(=O)[C@@H]1CC2=CC(=O)CC[C@]2(C)[C@@]23O[C@@H]2C[C@@]2(C)[C@@H](CC[C@@]22CCC(=O)O2)[C@H]13 |t:6|","JUKPWJGBANNWMW-VWBFHTRKSA-N, JUKPWJGBANNWMW-VWBFHTRKSA-N, JUKPWJGBANNWMW-VWBFHTRKSA-N, JUKPWJGBANNWMW-VWBFHTRKSA-N, JUKPWJGBANNWMW-VWBFHTRKSA-N, JUKPWJGBANNWMW-VWBFHTRKSA-N, JUKPWJGBANNWMW-VWBFHTRKSA-N, JUKPWJGBANNWMW-VWBFHTRKSA-N",Launched
epomediol,cholesterol inhibitor,CYP7A1,neurology/psychiatry,itching,TimTec,0,"CC1(C)OC2(C)[C@@H](O)C[C@H]1C[C@@H]2O |&1:11,&2:9,&3:6,r,THB:12:11:1.3:8.6,7:6:1.3:11.10|",JSNQSLSBBZFGBM-XAKJDZQGSA-N,Launched
epoprostenol,prostacyclin analog,"P2RY12, PTGER1, PTGER4, PTGIR, PTGIS",cardiology,hypertension,"Enzo, Biomol, Biomol, Biomol",100,"CCCCC[C@H](O)\C=C\[C@H]1[C@H](O)C[C@@H]2O\C(C[C@H]12)=C/CCCC(O)=O, CCCCC[C@H](O)\C=C\[C@H]1[C@H](O)C[C@@H]2O\C(C[C@H]12)=C/CCCC(O)=O, CCCCC[C@H](O)\C=C\[C@H]1[C@H](O)C[C@@H]2O\C(C[C@H]12)=C/CCCC(O)=O, CCCCC[C@H](O)\C=C\[C@H]1[C@H](O)C[C@@H]2O\C(C[C@H]12)=C/CCCC(O)=O","KAQKFAOMNZTLHT-OZUDYXHBSA-N, InChI=1S/C20H32O5/c1-2-3-4-7-14(21)10-11-16-17-12-15(8-5-6-9-20(23)24)25-19(17)13-18(16)22/h8,10-11,14,16-19,21-22H,2-7,9,12-13H2,1H3,(H,23,24)/b11-10+,15-8-/t14-,16+,17+,18+,19-/m0/s1, InChI=1S/C20H32O5/c1-2-3-4-7-14(21)10-11-16-17-12-15(8-5-6-9-20(23)24)25-19(17)13-18(16)22/h8,10-11,14,16-19,21-22H,2-7,9,12-13H2,1H3,(H,23,24)/b11-10+,15-8-/t14-,16+,17+,18+,19-/m0/s1, InChI=1S/C20H32O5/c1-2-3-4-7-14(21)10-11-16-17-12-15(8-5-6-9-20(23)24)25-19(17)13-18(16)22/h8,10-11,14,16-19,21-22H,2-7,9,12-13H2,1H3,(H,23,24)/b11-10+,15-8-/t14-,16+,17+,18+,19-/m0/s1",Launched
epothilone-A,microtubule stabilizing agent,,,,"Selleck, Selleck",97.44,"C[C@H]1CCC[C@H]2O[C@H]2C[C@H](OC(=O)C[C@H](O)C(C)(C)C(=O)[C@H](C)[C@H]1O)C(\C)=C\c1csc(C)n1, C[C@H]1CCC[C@H]2O[C@H]2C[C@H](OC(=O)C[C@H](O)C(C)(C)C(=O)[C@H](C)[C@H]1O)C(\C)=C\c1csc(C)n1","HESCAJZNRMSMJG-QJCAGBKWSA-N, HESCAJZNRMSMJG-QJCAGBKWSA-N",Preclinical
epothilone-B,"microtubule stabilizing agent, tubulin polymerization inhibitor",TUBB,,,MedChemEx,95.52,C[C@H]1CCC[C@@]2(C)O[C@H]2C[C@H](OC(=O)C[C@H](O)C(C)(C)C(=O)[C@H](C)[C@H]1O)C(\C)=C\c1csc(C)n1,QXRSDHAAWVKZLJ-QBNZTRRJSA-N,Phase 3
epothilone-D,"microtubule stabilizing agent, tubulin polymerization inhibitor",TUBB,,,"MedChemEx, MedChemEx",97.71,"C[C@H]1CCC\C(C)=C/C[C@H](OC(=O)C[C@H](O)C(C)(C)C(=O)[C@H](C)[C@H]1O)C(\C)=C\c1csc(C)n1 |c:6|, C[C@H]1CCC\C(C)=C/C[C@H](OC(=O)C[C@H](O)C(C)(C)C(=O)[C@H](C)[C@H]1O)C(\C)=C\c1csc(C)n1 |c:6|","XOZIUKBZLSUILX-HFHFCCBWSA-N, XOZIUKBZLSUILX-HFHFCCBWSA-N",Phase 2
EPPTB,trace amine associated receptor antagonist,TAAR1,,,"Tocris, Tocris, Tocris",97.76,"CCOc1cccc(NC(=O)c2ccc(N3CCCC3)c(c2)C(F)(F)F)c1, CCOc1cccc(NC(=O)c2ccc(N3CCCC3)c(c2)C(F)(F)F)c1, CCOc1cccc(NC(=O)c2ccc(N3CCCC3)c(c2)C(F)(F)F)c1","KLFVWQCQUXXLOU-UHFFFAOYSA-N, KLFVWQCQUXXLOU-UHFFFAOYSA-N, KLFVWQCQUXXLOU-UHFFFAOYSA-N",Preclinical
eprazinone,mucolytic agent,,pulmonary,bronchospasm,"Selleck, Selleck, Selleck",94.62,"CCO[C@@H](CN1CCN(C[C@@H](C)C(=O)c2ccccc2)CC1)c1ccccc1 |a:10,&1:3|, CCO[C@@H](CN1CCN(C[C@@H](C)C(=O)c2ccccc2)CC1)c1ccccc1 |a:10,&1:3|, CCO[C@@H](CN1CCN(C[C@@H](C)C(=O)c2ccccc2)CC1)c1ccccc1 |a:10,&1:3|","BSHWLCACYCVCJE-OFNKIYASSA-N, BSHWLCACYCVCJE-OFNKIYASSA-N, BSHWLCACYCVCJE-OFNKIYASSA-N",Launched
eprinomectin,benzodiazepine receptor agonist,,infectious disease,"gastrointestinal roundworms, lungworms",MedChemEx,66.82,"[H][C@@]12OC\C3=C/C=C/[C@]([H])(C)[C@]([H])(O[C@@]4([H])C[C@H](OC)[C@@H](O[C@@]5([H])C[C@H](OC)[C@@H](NC(C)=O)[C@H](C)O5)[C@H](C)O4)\C(C)=C\C[C@]4([H])C[C@@]([H])(C[C@]5(O4)O[C@]([H])([C@@H](C)CC)[C@@]([H])(C)C=C5)OC(=O)[C@]([H])(C=C(C)[C@@]1([H])O)[C@@]23O |c:4,64,t:6,42,72|",ZKWQQXZUCOBISE-NQMKODOQSA-N,Launched
epristeride,5 alpha reductase inhibitor,,,,MedChemEx,79.7,"[H][C@@]12CC[C@H](C(=O)NC(C)(C)C)[C@@]1(C)CC[C@@]1([H])[C@@]2([H])CC=C2C=C(CC[C@]12C)C(O)=O |c:25,t:23|",VAPSMQAHNAZRKC-PQWRYPMOSA-N,Preclinical
eprobemide,monoamine oxidase inhibitor,MAOA,neurology/psychiatry,depression,"MedChemEx, MicroSource, MicroSource",96.11,"Clc1ccc(cc1)C(=O)NCCCN1CCOCC1, Clc1ccc(cc1)C(=O)NCCCN1CCOCC1, Clc1ccc(cc1)C(=O)NCCCN1CCOCC1","YYFGRAGNYHYWEZ-UHFFFAOYSA-N, YYFGRAGNYHYWEZ-UHFFFAOYSA-N, YYFGRAGNYHYWEZ-UHFFFAOYSA-N",Launched
eprodisate,"amyloid protein inhibitor, antiamyloidogenic agent",SAA1,,,"MicroSource, Sigma, MedChemEx",95.43,"OS(=O)(=O)CCCS(O)(=O)=O, OS(=O)(=O)CCCS(O)(=O)=O, OS(=O)(=O)CCCS(O)(=O)=O","MGNVWUDMMXZUDI-UHFFFAOYSA-N, MGNVWUDMMXZUDI-UHFFFAOYSA-N, MGNVWUDMMXZUDI-UHFFFAOYSA-N",Phase 3
eprosartan,angiotensin receptor antagonist,AGTR1,cardiology,hypertension,"Selleck, Selleck, Selleck, Selleck, Selleck",99.15,"CCCCc1ncc(\C=C(/Cc2cccs2)C(O)=O)n1Cc1ccc(cc1)C(O)=O, CCCCc1ncc(\C=C(/Cc2cccs2)C(O)=O)n1Cc1ccc(cc1)C(O)=O, CCCCc1ncc(\C=C(/Cc2cccs2)C(O)=O)n1Cc1ccc(cc1)C(O)=O, CCCCc1ncc(\C=C(/Cc2cccs2)C(O)=O)n1Cc1ccc(cc1)C(O)=O, CCCCc1ncc(\C=C(/Cc2cccs2)C(O)=O)n1Cc1ccc(cc1)C(O)=O","OROAFUQRIXKEMV-LDADJPATSA-N, OROAFUQRIXKEMV-LDADJPATSA-N, OROAFUQRIXKEMV-LDADJPATSA-N, OROAFUQRIXKEMV-LDADJPATSA-N, OROAFUQRIXKEMV-LDADJPATSA-N",Launched
eptifibatide,platelet aggregation inhibitor,"ITGA2B, ITGB3",cardiology,"acute coronary syndrome (ACS), percutaneous coronary intervention (PCI)","Selleck, Selleck",96.92,"NC(=N)NCCCC[C@@H]1NC(=O)CCSSC[C@H](NC(=O)[C@@H]2CCCN2C(=O)[C@H](Cc2c[nH]c3ccccc23)NC(=O)[C@H](CC(O)=O)NC(=O)CNC1=O)C(N)=O, NC(=N)NCCCC[C@@H]1NC(=O)CCSSC[C@H](NC(=O)[C@@H]2CCCN2C(=O)[C@H](Cc2c[nH]c3ccccc23)NC(=O)[C@H](CC(O)=O)NC(=O)CNC1=O)C(N)=O","CZKPOZZJODAYPZ-IQENKEMDSA-N, CZKPOZZJODAYPZ-IQENKEMDSA-N",Launched
EPZ-5676,histone lysine methyltransferase inhibitor,DOT1L,,,"Selleck, Selleck, Selleck, Selleck, Selleck, MedChemEx, Selleck, Selleck, Selleck, Selleck",95.25,"CC(C)N(C[C@H]1O[C@H]([C@H](O)[C@@H]1O)n1cnc2c(N)ncnc12)[C@@H]1C[C@H](CCc2nc3ccc(cc3[nH]2)C(C)(C)C)C1, CC(C)N(C[C@H]1O[C@H]([C@H](O)[C@@H]1O)n1cnc2c(N)ncnc12)[C@@H]1C[C@H](CCc2nc3ccc(cc3[nH]2)C(C)(C)C)C1, CC(C)N(C[C@H]1O[C@H]([C@H](O)[C@@H]1O)n1cnc2c(N)ncnc12)[C@@H]1C[C@H](CCc2nc3ccc(cc3[nH]2)C(C)(C)C)C1, CC(C)N(C[C@H]1O[C@H]([C@H](O)[C@@H]1O)n1cnc2c(N)ncnc12)[C@@H]1C[C@H](CCc2nc3ccc(cc3[nH]2)C(C)(C)C)C1, CC(C)N(C[C@H]1O[C@H]([C@H](O)[C@@H]1O)n1cnc2c(N)ncnc12)[C@@H]1C[C@H](CCc2nc3ccc(cc3[nH]2)C(C)(C)C)C1, CC(C)N(C[C@H]1O[C@H]([C@H](O)[C@@H]1O)n1cnc2c(N)ncnc12)[C@@H]1C[C@H](CCc2nc3ccc(cc3[nH]2)C(C)(C)C)C1, CC(C)N(C[C@H]1O[C@H]([C@H](O)[C@@H]1O)n1cnc2c(N)ncnc12)[C@@H]1C[C@H](CCc2nc3ccc(cc3[nH]2)C(C)(C)C)C1, CC(C)N(C[C@H]1O[C@H]([C@H](O)[C@@H]1O)n1cnc2c(N)ncnc12)[C@@H]1C[C@H](CCc2nc3ccc(cc3[nH]2)C(C)(C)C)C1, CC(C)N(C[C@H]1O[C@H]([C@H](O)[C@@H]1O)n1cnc2c(N)ncnc12)[C@@H]1C[C@H](CCc2nc3ccc(cc3[nH]2)C(C)(C)C)C1, CC(C)N(C[C@H]1O[C@H]([C@H](O)[C@@H]1O)n1cnc2c(N)ncnc12)[C@@H]1C[C@H](CCc2nc3ccc(cc3[nH]2)C(C)(C)C)C1","LXFOLMYKSYSZQS-LURJZOHASA-N, LXFOLMYKSYSZQS-LURJZOHASA-N, LXFOLMYKSYSZQS-LURJZOHASA-N, LXFOLMYKSYSZQS-LURJZOHASA-N, LXFOLMYKSYSZQS-LURJZOHASA-N, LXFOLMYKSYSZQS-LURJZOHASA-N, LXFOLMYKSYSZQS-LURJZOHASA-N, LXFOLMYKSYSZQS-LURJZOHASA-N, LXFOLMYKSYSZQS-LURJZOHASA-N, LXFOLMYKSYSZQS-LURJZOHASA-N",Phase 1
EPZ004777,histone lysine methyltransferase inhibitor,DOT1L,,,"Selleck, Selleck, Selleck, Selleck, Selleck",94.61,"CC(C)N(CCCNC(=O)Nc1ccc(cc1)C(C)(C)C)C[C@H]1O[C@H]([C@H](O)[C@@H]1O)n1ccc2c(N)ncnc12, CC(C)N(CCCNC(=O)Nc1ccc(cc1)C(C)(C)C)C[C@H]1O[C@H]([C@H](O)[C@@H]1O)n1ccc2c(N)ncnc12, CC(C)N(CCCNC(=O)Nc1ccc(cc1)C(C)(C)C)C[C@H]1O[C@H]([C@H](O)[C@@H]1O)n1ccc2c(N)ncnc12, CC(C)N(CCCNC(=O)Nc1ccc(cc1)C(C)(C)C)C[C@H]1O[C@H]([C@H](O)[C@@H]1O)n1ccc2c(N)ncnc12, CC(C)N(CCCNC(=O)Nc1ccc(cc1)C(C)(C)C)C[C@H]1O[C@H]([C@H](O)[C@@H]1O)n1ccc2c(N)ncnc12","WXRGFPHDRFQODR-ICLZECGLSA-N, WXRGFPHDRFQODR-ICLZECGLSA-N, WXRGFPHDRFQODR-ICLZECGLSA-N, WXRGFPHDRFQODR-ICLZECGLSA-N, WXRGFPHDRFQODR-ICLZECGLSA-N",Preclinical
EPZ005687,histone lysine methyltransferase inhibitor,EZH2,,,Selleck,95.53,Cc1cc(C)c(CNC(=O)c2cc(cc3n(ncc23)C2CCCC2)-c2ccc(CN3CCOCC3)cc2)c(=O)[nH]1,ZOIBZSZLMJDVDQ-UHFFFAOYSA-N,Preclinical
EPZ011989,histone lysine methyltransferase inhibitor,EZH2,,,"MedChemEx, MedChemEx, MedChemEx",95.82,"CCN([C@H]1CC[C@@H](CC1)N(C)CCOC)c1cc(cc(C(=O)NCc2c(C)cc(C)[nH]c2=O)c1C)C#CCN1CCOCC1 |r|, CCN([C@H]1CC[C@@H](CC1)N(C)CCOC)c1cc(cc(C(=O)NCc2c(C)cc(C)[nH]c2=O)c1C)C#CCN1CCOCC1 |r|, CCN([C@H]1CC[C@@H](CC1)N(C)CCOC)c1cc(cc(C(=O)NCc2c(C)cc(C)[nH]c2=O)c1C)C#CCN1CCOCC1 |r|","XQFINGFCBFHOPE-WXUXXXNLSA-N, XQFINGFCBFHOPE-WXUXXXNLSA-N, XQFINGFCBFHOPE-WXUXXXNLSA-N",Preclinical
EPZ015666,protein arginine N-methyltransferase inhibitor,PRMT5,,,"MedChemEx, MedChemEx, MedChemEx, MedChemEx, MedChemEx, MedChemEx, MedChemEx, MedChemEx, MedChemEx",95.64,"O[C@@H](CNC(=O)c1cc(NC2COC2)ncn1)CN1CCc2ccccc2C1, O[C@@H](CNC(=O)c1cc(NC2COC2)ncn1)CN1CCc2ccccc2C1, O[C@@H](CNC(=O)c1cc(NC2COC2)ncn1)CN1CCc2ccccc2C1, O[C@@H](CNC(=O)c1cc(NC2COC2)ncn1)CN1CCc2ccccc2C1, O[C@@H](CNC(=O)c1cc(NC2COC2)ncn1)CN1CCc2ccccc2C1, O[C@@H](CNC(=O)c1cc(NC2COC2)ncn1)CN1CCc2ccccc2C1, O[C@@H](CNC(=O)c1cc(NC2COC2)ncn1)CN1CCc2ccccc2C1, O[C@@H](CNC(=O)c1cc(NC2COC2)ncn1)CN1CCc2ccccc2C1, O[C@@H](CNC(=O)c1cc(NC2COC2)ncn1)CN1CCc2ccccc2C1","ZKXZLIFRWWKZRY-KRWDZBQOSA-N, ZKXZLIFRWWKZRY-KRWDZBQOSA-N, ZKXZLIFRWWKZRY-KRWDZBQOSA-N, ZKXZLIFRWWKZRY-KRWDZBQOSA-N, ZKXZLIFRWWKZRY-KRWDZBQOSA-N, ZKXZLIFRWWKZRY-KRWDZBQOSA-N, ZKXZLIFRWWKZRY-KRWDZBQOSA-N, ZKXZLIFRWWKZRY-KRWDZBQOSA-N, ZKXZLIFRWWKZRY-KRWDZBQOSA-N",Preclinical
EPZ020411,protein arginine N-methyltransferase inhibitor,PRMT6,,,"MedChemEx, MedChemEx, MedChemEx, MedChemEx",94.2,"CNCCN(C)Cc1c[nH]nc1-c1ccc(O[C@H]2C[C@@H](C2)OCCC2CCOCC2)cc1 |r|, CNCCN(C)Cc1c[nH]nc1-c1ccc(O[C@H]2C[C@@H](C2)OCCC2CCOCC2)cc1 |r|, CNCCN(C)Cc1c[nH]nc1-c1ccc(O[C@H]2C[C@@H](C2)OCCC2CCOCC2)cc1 |r|, CNCCN(C)Cc1c[nH]nc1-c1ccc(O[C@H]2C[C@@H](C2)OCCC2CCOCC2)cc1 |r|","QMDKVNSQXPVCRD-RQNOJGIXSA-N, QMDKVNSQXPVCRD-RQNOJGIXSA-N, QMDKVNSQXPVCRD-RQNOJGIXSA-N, QMDKVNSQXPVCRD-RQNOJGIXSA-N",Preclinical
equilin,estrogen receptor agonist,HSD17B1,,,"MicroSource, MicroSource, MicroSource",86.71,"C[C@@]12CC[C@H]3C(=CCc4cc(O)ccc34)[C@@H]1CCC2=O |&1:1,&2:4,&3:15,r,c:5|, C[C@@]12CC[C@H]3C(=CCc4cc(O)ccc34)[C@@H]1CCC2=O |&1:1,&2:4,&3:15,r,c:5|, C[C@@]12CC[C@H]3C(=CCc4cc(O)ccc34)[C@@H]1CCC2=O |&1:1,&2:4,&3:15,r,c:5|","WKRLQDKEXYKHJB-UWWQBHOKSA-N, WKRLQDKEXYKHJB-UWWQBHOKSA-N, WKRLQDKEXYKHJB-UWWQBHOKSA-N",Preclinical
equol,estrogen receptor agonist,"ESR1, ESR2",,,"Selleck, Selleck, Selleck",94.86,"Oc1ccc(cc1)[C@H]1COc2cc(O)ccc2C1, Oc1ccc(cc1)[C@H]1COc2cc(O)ccc2C1, Oc1ccc(cc1)[C@H]1COc2cc(O)ccc2C1","ADFCQWZHKCXPAJ-GFCCVEGCSA-N, ADFCQWZHKCXPAJ-GFCCVEGCSA-N, ADFCQWZHKCXPAJ-GFCCVEGCSA-N",Launched
ER-27319,"mediator release inhibitor, SYK inhibitor",SYK,,,"Tocris, Tocris, Tocris, Tocris, Tocris, Tocris",100,"Cc1ccc2c(c1C)n(CCCN)c1ccccc1c2=O, Cc1ccc2c(c1C)n(CCCN)c1ccccc1c2=O, Cc1ccc2c(c1C)n(CCCN)c1ccccc1c2=O, Cc1ccc2c(c1C)n(CCCN)c1ccccc1c2=O, Cc1ccc2c(c1C)n(CCCN)c1ccccc1c2=O, Cc1ccc2c(c1C)n(CCCN)c1ccccc1c2=O","CFPDEQBPNROZDC-UHFFFAOYSA-N, CFPDEQBPNROZDC-UHFFFAOYSA-N, CFPDEQBPNROZDC-UHFFFAOYSA-N, CFPDEQBPNROZDC-UHFFFAOYSA-N, CFPDEQBPNROZDC-UHFFFAOYSA-N, CFPDEQBPNROZDC-UHFFFAOYSA-N",Preclinical
ER-50891,retinoid receptor antagonist,RARA,,,"Tocris, Tocris",96.07,"CC(C)c1cccc2c(cc(nc12)-c1ccc([nH]1)-c1ccc(cc1)C(O)=O)-c1ccccc1, CC(C)c1cccc2c(cc(nc12)-c1ccc([nH]1)-c1ccc(cc1)C(O)=O)-c1ccccc1","LSGNKLDHMQVTEK-UHFFFAOYSA-N, LSGNKLDHMQVTEK-UHFFFAOYSA-N",Preclinical
erastin,ion channel antagonist,VDAC2,,,"Selleck, Selleck, Selleck, Selleck, Selleck",98.74,"CCOc1ccccc1-n1c(nc2ccccc2c1=O)[C@@H](C)N1CCN(CC1)C(=O)COc1ccc(Cl)cc1 |&1:20,r|, CCOc1ccccc1-n1c(nc2ccccc2c1=O)[C@@H](C)N1CCN(CC1)C(=O)COc1ccc(Cl)cc1 |&1:20,r|, CCOc1ccccc1-n1c(nc2ccccc2c1=O)[C@@H](C)N1CCN(CC1)C(=O)COc1ccc(Cl)cc1 |&1:20,r|, CCOc1ccccc1-n1c(nc2ccccc2c1=O)[C@@H](C)N1CCN(CC1)C(=O)COc1ccc(Cl)cc1 |&1:20,r|, CCOc1ccccc1-n1c(nc2ccccc2c1=O)[C@@H](C)N1CCN(CC1)C(=O)COc1ccc(Cl)cc1 |&1:20,r|","BKQFRNYHFIQEKN-OAQYLSRUSA-N, BKQFRNYHFIQEKN-OAQYLSRUSA-N, BKQFRNYHFIQEKN-OAQYLSRUSA-N, BKQFRNYHFIQEKN-OAQYLSRUSA-N, BKQFRNYHFIQEKN-OAQYLSRUSA-N",Preclinical
eravacycline,antibacterial,,,,MedChemEx,0,"[H][C@@]12Cc3c(F)cc(NC(=O)CN4CCCC4)c(O)c3C(=O)[C@H]1C(=O)[C@]1(O)C(=O)[C@H](C(N)=O)C(=O)[C@@H](N(C)C)[C@]1([H])C2 |&1:29,&2:22|",LSZZJAUTRJAFCO-KKCFVTAMSA-N,Launched
erbstatin-analog,"EGFR inhibitor, tyrosine kinase inhibitor",EGFR,,,Tocris,63.51,COC(=O)\C=C\c1cc(O)ccc1O,BQCNSTFWSKOWMA-GORDUTHDSA-N,Preclinical
ercalcitriol,vitamin D receptor agonist,VDR,,,"MedChemEx, MedChemEx, MedChemEx, MedChemEx",92.34,"C[C@H](\C=C\[C@H](C)C(C)(C)O)[C@H]1CC[C@H]2\C(CCC[C@]12C)=C\C=C1\C[C@@H](O)C[C@H](O)C1=C, C[C@H](\C=C\[C@H](C)C(C)(C)O)[C@H]1CC[C@H]2\C(CCC[C@]12C)=C\C=C1\C[C@@H](O)C[C@H](O)C1=C, C[C@H](\C=C\[C@H](C)C(C)(C)O)[C@H]1CC[C@H]2\C(CCC[C@]12C)=C\C=C1\C[C@@H](O)C[C@H](O)C1=C, C[C@H](\C=C\[C@H](C)C(C)(C)O)[C@H]1CC[C@H]2\C(CCC[C@]12C)=C\C=C1\C[C@@H](O)C[C@H](O)C1=C","ZGLHBRQAEXKACO-XJRQOBMKSA-N, ZGLHBRQAEXKACO-XJRQOBMKSA-N, ZGLHBRQAEXKACO-XJRQOBMKSA-N, ZGLHBRQAEXKACO-XJRQOBMKSA-N",Phase 1
erdafitinib,FGFR inhibitor,"FGFR1, FGFR2, FGFR3, FGFR4",,,"MedChemEx, MedChemEx, MedChemEx, MedChemEx, MedChemEx",95.96,"COc1cc(OC)cc(c1)N(CCNC(C)C)c1ccc2ncc(nc2c1)-c1cnn(C)c1, COc1cc(OC)cc(c1)N(CCNC(C)C)c1ccc2ncc(nc2c1)-c1cnn(C)c1, COc1cc(OC)cc(c1)N(CCNC(C)C)c1ccc2ncc(nc2c1)-c1cnn(C)c1, COc1cc(OC)cc(c1)N(CCNC(C)C)c1ccc2ncc(nc2c1)-c1cnn(C)c1, COc1cc(OC)cc(c1)N(CCNC(C)C)c1ccc2ncc(nc2c1)-c1cnn(C)c1","OLAHOMJCDNXHFI-UHFFFAOYSA-N, OLAHOMJCDNXHFI-UHFFFAOYSA-N, OLAHOMJCDNXHFI-UHFFFAOYSA-N, OLAHOMJCDNXHFI-UHFFFAOYSA-N, OLAHOMJCDNXHFI-UHFFFAOYSA-N",Launched
erdosteine,mucolytic agent,,"pulmonary, infectious disease","bronchitis, cough suppressant, chronic obstructive pulmonary disease (COPD), respiratory tract infections","MicroSource, Selleck, Selleck, MedChemEx",99.06,"OC(=O)CSCC(=O)N[C@H]1CCSC1=O |&1:9,r|, OC(=O)CSCC(=O)N[C@H]1CCSC1=O |&1:9,r|, OC(=O)CSCC(=O)N[C@H]1CCSC1=O |&1:9,r|, OC(=O)CSCC(=O)N[C@H]1CCSC1=O |&1:9,r|","QGFORSXNKQLDNO-YFKPBYRVSA-N, QGFORSXNKQLDNO-YFKPBYRVSA-N, QGFORSXNKQLDNO-YFKPBYRVSA-N, QGFORSXNKQLDNO-YFKPBYRVSA-N",Launched
ergocalciferol,vitamin analog,VDR,"endocrinology, orthopedics","hypoparathyroidism, rickets, hypophosphatemia","MicroSource, MicroSource, Sigma, Sigma, Selleck, Selleck, Selleck, Selleck, Selleck",79.58,"CC(C)[C@@H](C)\C=C\[C@@H](C)[C@H]1CC[C@H]2\C(CCC[C@]12C)=C\C=C1\C[C@@H](O)CCC1=C, CC(C)[C@@H](C)\C=C\[C@@H](C)[C@H]1CC[C@H]2\C(CCC[C@]12C)=C\C=C1\C[C@@H](O)CCC1=C, CC(C)[C@@H](C)\C=C\[C@@H](C)[C@H]1CC[C@H]2\C(CCC[C@]12C)=C\C=C1\C[C@@H](O)CCC1=C, CC(C)[C@@H](C)\C=C\[C@@H](C)[C@H]1CC[C@H]2\C(CCC[C@]12C)=C\C=C1\C[C@@H](O)CCC1=C, CC(C)[C@@H](C)\C=C\[C@@H](C)[C@H]1CC[C@H]2\C(CCC[C@]12C)=C\C=C1\C[C@@H](O)CCC1=C, CC(C)[C@@H](C)\C=C\[C@@H](C)[C@H]1CC[C@H]2\C(CCC[C@]12C)=C\C=C1\C[C@@H](O)CCC1=C, CC(C)[C@@H](C)\C=C\[C@@H](C)[C@H]1CC[C@H]2\C(CCC[C@]12C)=C\C=C1\C[C@@H](O)CCC1=C, CC(C)[C@@H](C)\C=C\[C@@H](C)[C@H]1CC[C@H]2\C(CCC[C@]12C)=C\C=C1\C[C@@H](O)CCC1=C, CC(C)[C@@H](C)\C=C\[C@@H](C)[C@H]1CC[C@H]2\C(CCC[C@]12C)=C\C=C1\C[C@@H](O)CCC1=C","MECHNRXZTMCUDQ-RKHKHRCZSA-N, MECHNRXZTMCUDQ-RKHKHRCZSA-N, MECHNRXZTMCUDQ-RKHKHRCZSA-N, MECHNRXZTMCUDQ-RKHKHRCZSA-N, MECHNRXZTMCUDQ-RKHKHRCZSA-N, MECHNRXZTMCUDQ-RKHKHRCZSA-N, MECHNRXZTMCUDQ-RKHKHRCZSA-N, MECHNRXZTMCUDQ-RKHKHRCZSA-N, MECHNRXZTMCUDQ-RKHKHRCZSA-N",Launched
ergonovine,"adrenergic receptor agonist, serotonin receptor agonist","ADRA1A, HTR1E",hematology,postpartum hemorrhage (PPH),USP,97.04,C[C@@H](CO)NC(=O)[C@H]1CN(C)[C@@H]2Cc3c[nH]c4cccc(C2=C1)c34 |c:22|,WVVSZNPYNCNODU-XTQGRXLLSA-N,Launched
ergosterol,vitamin D precursor,,,,"Selleck, Selleck, Selleck, Selleck, Selleck",0,"CC(C)[C@@H](C)\C=C\[C@@H](C)[C@H]1CC[C@H]2C3=CC=C4C[C@@H](O)CC[C@]4(C)[C@H]3CC[C@]12C |t:13,15|, CC(C)[C@@H](C)\C=C\[C@@H](C)[C@H]1CC[C@H]2C3=CC=C4C[C@@H](O)CC[C@]4(C)[C@H]3CC[C@]12C |t:13,15|, CC(C)[C@@H](C)\C=C\[C@@H](C)[C@H]1CC[C@H]2C3=CC=C4C[C@@H](O)CC[C@]4(C)[C@H]3CC[C@]12C |t:13,15|, CC(C)[C@@H](C)\C=C\[C@@H](C)[C@H]1CC[C@H]2C3=CC=C4C[C@@H](O)CC[C@]4(C)[C@H]3CC[C@]12C |t:13,15|, CC(C)[C@@H](C)\C=C\[C@@H](C)[C@H]1CC[C@H]2C3=CC=C4C[C@@H](O)CC[C@]4(C)[C@H]3CC[C@]12C |t:13,15|","DNVPQKQSNYMLRS-APGDWVJJSA-N, DNVPQKQSNYMLRS-APGDWVJJSA-N, DNVPQKQSNYMLRS-APGDWVJJSA-N, DNVPQKQSNYMLRS-APGDWVJJSA-N, DNVPQKQSNYMLRS-APGDWVJJSA-N",Preclinical
ergotamine,adrenergic receptor antagonist,"ADRA1A, ADRA1B, ADRA1D, ADRA2A, ADRA2B, DRD1, DRD2, DRD5, HTR1A, HTR1B, HTR1D, HTR1E, HTR1F, HTR2A, HTR2B, HTR2C, HTR5A, HTR6, SLC6A2",neurology/psychiatry,migraine headache,"Sigma, Sigma",79,"CN1C[C@@H](C=C2[C@H]1Cc1c[nH]c3cccc2c13)C(=O)N[C@]1(C)O[C@@]2(O)[C@@H]3CCCN3C(=O)[C@H](Cc3ccccc3)N2C1=O |c:4|, CN1C[C@@H](C=C2[C@H]1Cc1c[nH]c3cccc2c13)C(=O)N[C@]1(C)O[C@@]2(O)[C@@H]3CCCN3C(=O)[C@H](Cc3ccccc3)N2C1=O |c:4|","XCGSFFUVFURLIX-VFGNJEKYSA-N, XCGSFFUVFURLIX-VFGNJEKYSA-N",Launched
eribulin,microtubule inhibitor,,oncology,breast cancer,MedChemEx,100,"[H][C@@]12CC(=C)[C@]([H])(CC[C@@]3([H])C[C@@H](C)C(=C)[C@@]([H])(C[C@]4([H])O[C@H](C[C@H](O)CN)[C@H](OC)[C@@]4([H])CC(=O)C[C@@]4([H])CC[C@]5([H])O[C@@]6([H])[C@@]7([H])O[C@@]8(C[C@@]7([H])O[C@@]6([H])[C@@]([H])(O8)[C@@]5([H])O4)CC1)O3)O2 |THB:43:44:51.53:48.49.56.58,50:49:44:51.53,50:51:44:48.49.56.58,53:54:46.48.49.58:41.43.59,59:56:44:51.53|",UFNVPOGXISZXJD-JBQZKEIOSA-N,Launched
ERK5-IN-1,MAP kinase inhibitor,MAPK7,,,"MedChemEx, MedChemEx, MedChemEx",87.52,"COc1cc(ccc1Nc1ncc2N(C)C(=O)c3ccccc3N(C)c2n1)N1CCN(C)CC1, COc1cc(ccc1Nc1ncc2N(C)C(=O)c3ccccc3N(C)c2n1)N1CCN(C)CC1, COc1cc(ccc1Nc1ncc2N(C)C(=O)c3ccccc3N(C)c2n1)N1CCN(C)CC1","DDTPGANIPBKTNU-UHFFFAOYSA-N, DDTPGANIPBKTNU-UHFFFAOYSA-N, DDTPGANIPBKTNU-UHFFFAOYSA-N",Preclinical
erlotinib,EGFR inhibitor,"EGFR, NR1I2",oncology,"non-small cell lung cancer (NSCLC), pancreatic cancer","Selleck, Selleck, Selleck, Selleck, Selleck, Selleck, Selleck, Selleck, Selleck, Selleck, Selleck, Selleck, Selleck, Selleck, Selleck, Selleck, Selleck",99.27,"COCCOc1cc2ncnc(Nc3cccc(c3)C#C)c2cc1OCCOC, COCCOc1cc2ncnc(Nc3cccc(c3)C#C)c2cc1OCCOC, COCCOc1cc2ncnc(Nc3cccc(c3)C#C)c2cc1OCCOC, COCCOc1cc2ncnc(Nc3cccc(c3)C#C)c2cc1OCCOC, COCCOc1cc2ncnc(Nc3cccc(c3)C#C)c2cc1OCCOC, COCCOc1cc2ncnc(Nc3cccc(c3)C#C)c2cc1OCCOC, COCCOc1cc2ncnc(Nc3cccc(c3)C#C)c2cc1OCCOC, COCCOc1cc2ncnc(Nc3cccc(c3)C#C)c2cc1OCCOC, COCCOc1cc2ncnc(Nc3cccc(c3)C#C)c2cc1OCCOC, COCCOc1cc2ncnc(Nc3cccc(c3)C#C)c2cc1OCCOC, COCCOc1cc2ncnc(Nc3cccc(c3)C#C)c2cc1OCCOC, COCCOc1cc2ncnc(Nc3cccc(c3)C#C)c2cc1OCCOC, COCCOc1cc2ncnc(Nc3cccc(c3)C#C)c2cc1OCCOC, COCCOc1cc2ncnc(Nc3cccc(c3)C#C)c2cc1OCCOC, COCCOc1cc2ncnc(Nc3cccc(c3)C#C)c2cc1OCCOC, COCCOc1cc2ncnc(Nc3cccc(c3)C#C)c2cc1OCCOC, COCCOc1cc2ncnc(Nc3cccc(c3)C#C)c2cc1OCCOC","AAKJLRGGTJKAMG-UHFFFAOYSA-N, AAKJLRGGTJKAMG-UHFFFAOYSA-N, AAKJLRGGTJKAMG-UHFFFAOYSA-N, AAKJLRGGTJKAMG-UHFFFAOYSA-N, AAKJLRGGTJKAMG-UHFFFAOYSA-N, AAKJLRGGTJKAMG-UHFFFAOYSA-N, AAKJLRGGTJKAMG-UHFFFAOYSA-N, AAKJLRGGTJKAMG-UHFFFAOYSA-N, AAKJLRGGTJKAMG-UHFFFAOYSA-N, AAKJLRGGTJKAMG-UHFFFAOYSA-N, InChI=1S/C22H23N3O4/c1-4-16-6-5-7-17(12-16)25-22-18-13-20(28-10-8-26-2)21(29-11-9-27-3)14-19(18)23-15-24-22/h1,5-7,12-15H,8-11H2,2-3H3,(H,23,24,25), InChI=1S/C22H23N3O4/c1-4-16-6-5-7-17(12-16)25-22-18-13-20(28-10-8-26-2)21(29-11-9-27-3)14-19(18)23-15-24-22/h1,5-7,12-15H,8-11H2,2-3H3,(H,23,24,25), InChI=1S/C22H23N3O4/c1-4-16-6-5-7-17(12-16)25-22-18-13-20(28-10-8-26-2)21(29-11-9-27-3)14-19(18)23-15-24-22/h1,5-7,12-15H,8-11H2,2-3H3,(H,23,24,25), InChI=1S/C22H23N3O4/c1-4-16-6-5-7-17(12-16)25-22-18-13-20(28-10-8-26-2)21(29-11-9-27-3)14-19(18)23-15-24-22/h1,5-7,12-15H,8-11H2,2-3H3,(H,23,24,25), InChI=1S/C22H23N3O4/c1-4-16-6-5-7-17(12-16)25-22-18-13-20(28-10-8-26-2)21(29-11-9-27-3)14-19(18)23-15-24-22/h1,5-7,12-15H,8-11H2,2-3H3,(H,23,24,25), InChI=1S/C22H23N3O4/c1-4-16-6-5-7-17(12-16)25-22-18-13-20(28-10-8-26-2)21(29-11-9-27-3)14-19(18)23-15-24-22/h1,5-7,12-15H,8-11H2,2-3H3,(H,23,24,25), InChI=1S/C22H23N3O4/c1-4-16-6-5-7-17(12-16)25-22-18-13-20(28-10-8-26-2)21(29-11-9-27-3)14-19(18)23-15-24-22/h1,5-7,12-15H,8-11H2,2-3H3,(H,23,24,25)",Launched
ertapenem,bacterial cell wall synthesis inhibitor,,infectious disease,"intra-abdominal infections, skin infections, pneumonia, urinary tract infections, gynecologic infections, postpartum endomyometritis",SantaCruz,0,"C[C@@H](O)[C@H]1[C@H]2[C@@H](C)C(S[C@@H]3CN[C@@H](C3)C(=O)Nc3cccc(c3)C(O)=O)=C(N2C1=O)C(O)=O |a:1,4,5,9,12,&1:3,c:27|",JUZNIMUFDBIJCM-FKTXGUMASA-N,Launched
erteberel,estrogen receptor agonist,"ESR1, ESR2",,,"Selleck, Selleck",97.54,"Oc1ccc(cc1)[C@@H]1Oc2ccc(O)cc2[C@@H]2CCC[C@H]12, Oc1ccc(cc1)[C@@H]1Oc2ccc(O)cc2[C@@H]2CCC[C@H]12","XIESSJVMWNJCGZ-VKJFTORMSA-N, XIESSJVMWNJCGZ-VKJFTORMSA-N",Phase 2
ertugliflozin,sodium/glucose cotransporter inhibitor,SLC5A2,endocrinology,diabetes mellitus,MedChemEx,97.81,CCOc1ccc(Cc2cc(ccc2Cl)[C@]23OC[C@](CO)(O2)[C@@H](O)[C@H](O)[C@H]3O)cc1,MCIACXAZCBVDEE-CUUWFGFTSA-N,Launched
erythritol,,,,,"MedChemEx, MedChemEx, Selleck, Selleck",100,"OC[C@H](O)[C@H](O)CO, OC[C@H](O)[C@H](O)CO, OC[C@H](O)[C@H](O)CO, OC[C@H](O)[C@H](O)CO","UNXHWFMMPAWVPI-ZXZARUISSA-N, UNXHWFMMPAWVPI-ZXZARUISSA-N, UNXHWFMMPAWVPI-ZXZARUISSA-N, UNXHWFMMPAWVPI-ZXZARUISSA-N",Launched
erythromycin,NFkB pathway inhibitor,MLNR,infectious disease,"listeria, respiratory tract infections, skin infections, syphilis, amebiasis, pelvic inflammatory disease, chlamydia, diphtheria, erythrasma","MedChemEx, MicroSource, MicroSource, Selleck, Selleck",88.23,"CC[C@H]1OC(=O)[C@H](C)[C@@H](O[C@H]2C[C@@](C)(OC)[C@@H](O)[C@H](C)O2)[C@H](C)[C@@H](O[C@@H]2O[C@H](C)C[C@@H]([C@H]2O)N(C)C)[C@](C)(O)C[C@@H](C)C(=O)[C@H](C)[C@@H](O)[C@]1(C)O, CC[C@H]1OC(=O)[C@H](C)[C@@H](O[C@H]2C[C@@](C)(OC)[C@@H](O)[C@H](C)O2)[C@H](C)[C@@H](O[C@@H]2O[C@H](C)C[C@@H]([C@H]2O)N(C)C)[C@](C)(O)C[C@@H](C)C(=O)[C@H](C)[C@@H](O)[C@]1(C)O, CC[C@H]1OC(=O)[C@H](C)[C@@H](O[C@H]2C[C@@](C)(OC)[C@@H](O)[C@H](C)O2)[C@H](C)[C@@H](O[C@@H]2O[C@H](C)C[C@@H]([C@H]2O)N(C)C)[C@](C)(O)C[C@@H](C)C(=O)[C@H](C)[C@@H](O)[C@]1(C)O, CC[C@H]1OC(=O)[C@H](C)[C@@H](O[C@H]2C[C@@](C)(OC)[C@@H](O)[C@H](C)O2)[C@H](C)[C@@H](O[C@@H]2O[C@H](C)C[C@@H]([C@H]2O)N(C)C)[C@](C)(O)C[C@@H](C)C(=O)[C@H](C)[C@@H](O)[C@]1(C)O, CC[C@H]1OC(=O)[C@H](C)[C@@H](O[C@H]2C[C@@](C)(OC)[C@@H](O)[C@H](C)O2)[C@H](C)[C@@H](O[C@@H]2O[C@H](C)C[C@@H]([C@H]2O)N(C)C)[C@](C)(O)C[C@@H](C)C(=O)[C@H](C)[C@@H](O)[C@]1(C)O","ULGZDMOVFRHVEP-BCQGSPHWSA-N, ULGZDMOVFRHVEP-BCQGSPHWSA-N, ULGZDMOVFRHVEP-BCQGSPHWSA-N, ULGZDMOVFRHVEP-BCQGSPHWSA-N, ULGZDMOVFRHVEP-BCQGSPHWSA-N",Launched
erythromycin-estolate,bacterial 50S ribosomal subunit inhibitor,"ABCB1, ALB, CYP3A4, CYP51A1, KCNH2, MLNR, SLC47A1",infectious disease,"listeria, respiratory tract infections, skin infections, syphilis, amebiasis, pelvic inflammatory disease, chlamydia, diphtheria, erythrasma","AlfaAesar, MicroSource",66.36,"CC[C@H]1OC(=O)[C@H](C)[C@@H](O[C@H]2C[C@@](C)(OC)[C@@H](O)[C@H](C)O2)[C@H](C)[C@@H](O[C@@H]2O[C@H](C)C[C@@H]([C@H]2OC(=O)CC)N(C)C)[C@](C)(O)C[C@@H](C)C(=O)[C@H](C)[C@@H](O)[C@]1(C)O, CC[C@H]1OC(=O)[C@H](C)[C@@H](O[C@H]2C[C@@](C)(OC)[C@@H](O)[C@H](C)O2)[C@H](C)[C@@H](O[C@@H]2O[C@H](C)C[C@@H]([C@H]2OC(=O)CC)N(C)C)[C@](C)(O)C[C@@H](C)C(=O)[C@H](C)[C@@H](O)[C@]1(C)O","TYQXKHPOXXXCTP-JKQIPHDKSA-N, TYQXKHPOXXXCTP-JKQIPHDKSA-N",Launched
erythromycin-ethylsuccinate,"cytochrome P450 inhibitor, protein synthesis inhibitor","ABCB1, ALB, CYP3A4, CYP51A1, KCNH2, MLNR, SLC47A1",infectious disease,"listeria, respiratory tract infections, skin infections, syphilis, amebiasis, pelvic inflammatory disease, chlamydia, diphtheria, erythrasma","MedChemEx, MicroSource, Selleck, Selleck",93.05,"CCOC(=O)CCC(=O)O[C@H]1[C@H](O[C@@H]2[C@@H](C)[C@H](O[C@H]3C[C@@](C)(OC)[C@@H](O)[C@H](C)O3)[C@@H](C)C(=O)O[C@H](CC)[C@@](C)(O)[C@H](O)[C@@H](C)C(=O)[C@H](C)C[C@@]2(C)O)O[C@H](C)C[C@@H]1N(C)C, CCOC(=O)CCC(=O)O[C@H]1[C@H](O[C@@H]2[C@@H](C)[C@H](O[C@H]3C[C@@](C)(OC)[C@@H](O)[C@H](C)O3)[C@@H](C)C(=O)O[C@H](CC)[C@@](C)(O)[C@H](O)[C@@H](C)C(=O)[C@H](C)C[C@@]2(C)O)O[C@H](C)C[C@@H]1N(C)C, CCOC(=O)CCC(=O)O[C@H]1[C@H](O[C@@H]2[C@@H](C)[C@H](O[C@H]3C[C@@](C)(OC)[C@@H](O)[C@H](C)O3)[C@@H](C)C(=O)O[C@H](CC)[C@@](C)(O)[C@H](O)[C@@H](C)C(=O)[C@H](C)C[C@@]2(C)O)O[C@H](C)C[C@@H]1N(C)C, CCOC(=O)CCC(=O)O[C@H]1[C@H](O[C@@H]2[C@@H](C)[C@H](O[C@H]3C[C@@](C)(OC)[C@@H](O)[C@H](C)O3)[C@@H](C)C(=O)O[C@H](CC)[C@@](C)(O)[C@H](O)[C@@H](C)C(=O)[C@H](C)C[C@@]2(C)O)O[C@H](C)C[C@@H]1N(C)C","NSYZCCDSJNWWJL-ZBFNRKITSA-N, NSYZCCDSJNWWJL-ZBFNRKITSA-N, NSYZCCDSJNWWJL-ZBFNRKITSA-N, NSYZCCDSJNWWJL-ZBFNRKITSA-N",Launched
erythrosine,coloring agent,,,,MedChemEx,92.35,Oc1c(I)cc2c(Oc3c(I)c(O)c(I)cc3C22OC(=O)c3ccccc23)c1I,OALHHIHQOFIMEF-UHFFFAOYSA-N,Preclinical
esaprazole,,,,,"Enamine, Enamine",89.47,"O=C(CN1CCNCC1)NC1CCCCC1, O=C(CN1CCNCC1)NC1CCCCC1","RTFADALJKSFJDZ-UHFFFAOYSA-N, RTFADALJKSFJDZ-UHFFFAOYSA-N",Phase 2
esaxerenone,mineralocorticoid receptor antagonist,,,,MedChemEx,95.72,Cc1c(cn(CCO)c1-c1ccccc1C(F)(F)F)C(=O)Nc1ccc(cc1)S(C)(=O)=O,NOSNHVJANRODGR-UHFFFAOYSA-N,Preclinical
escin,nitric oxide synthase stimulant,,dermatology,varicose veins,Sigma,34.39,CC=C(C)C(=O)O[C@H]1[C@H](OC(C)=O)[C@]2(CO)[C@H](O)C[C@]3(C)C(=CC[C@@H]4[C@@]5(C)CC[C@H](O[C@@H]6O[C@@H]([C@@H](O[C@@H]7O[C@H](CO)[C@@H](O)[C@H](O)[C@H]7O)[C@H](O)[C@H]6O[C@@H]6O[C@H](CO)[C@@H](O)[C@H](O)[C@H]6O)C(O)=O)[C@](C)(CO)[C@@H]5CC[C@@]34C)[C@@H]2CC1(C)C |c:21|,AXNVHPCVMSNXNP-FDGZCRRKSA-N,Launched
escitalopram,selective serotonin reuptake inhibitor (SSRI),SLC6A4,neurology/psychiatry,"depression, generalized anxiety disorder (GAD)","MicroSource, MicroSource, Tocris, Tocris, Selleck",98.5,"CN(C)CCC[C@]1(OCc2cc(ccc12)C#N)c1ccc(F)cc1, CN(C)CCC[C@]1(OCc2cc(ccc12)C#N)c1ccc(F)cc1, CN(C)CCC[C@]1(OCc2cc(ccc12)C#N)c1ccc(F)cc1, CN(C)CCC[C@]1(OCc2cc(ccc12)C#N)c1ccc(F)cc1, OC(=O)C(O)=O.CN(C)CCC[C@]1(OCc2cc(ccc12)C#N)c1ccc(F)cc1 |&1:12,r|","WSEQXVZVJXJVFP-FQEVSTJZSA-N, WSEQXVZVJXJVFP-FQEVSTJZSA-N, WSEQXVZVJXJVFP-FQEVSTJZSA-N, WSEQXVZVJXJVFP-FQEVSTJZSA-N, KTGRHKOEFSJQNS-BDQAORGHSA-N",Launched
esculin,antioxidant,,,,Selleck,89.73,OC[C@H]1O[C@@H](Oc2cc3ccc(=O)oc3cc2O)[C@H](O)[C@@H](O)[C@@H]1O,XHCADAYNFIFUHF-TVKJYDDYSA-N,Phase 1
eseroline-(-),acetylcholinesterase inhibitor,"OPRD1, OPRM1",,,Prestwick,0,CN1CC[C@]2(C)[C@H]1N(C)c1ccc(O)cc21,HKGWQUVGHPDEBZ-OLZOCXBDSA-N,Preclinical
ESI-09,EPAC inhibitor,"RAPGEF3, RAPGEF4",,,"MedChemEx, Tocris",96.93,"CC(C)(C)c1cc(no1)C(=O)C(=N\Nc1cccc(Cl)c1)\C#N, CC(C)(C)c1cc(no1)C(=O)C(=N\Nc1cccc(Cl)c1)\C#N","DXEATJQGQHDURZ-DEDYPNTBSA-N, DXEATJQGQHDURZ-DEDYPNTBSA-N",Preclinical
eslicarbazepine-acetate,sodium channel blocker,"SCN10A, SCN11A, SCN1A, SCN2A, SCN3A, SCN4A, SCN5A, SCN7A, SCN8A, SCN9A",neurology/psychiatry,seizures,"MedChemEx, MedChemEx",99.86,"CC(=O)O[C@H]1Cc2ccccc2N(C(N)=O)c2ccccc12, CC(=O)O[C@H]1Cc2ccccc2N(C(N)=O)c2ccccc12","QIALRBLEEWJACW-INIZCTEOSA-N, QIALRBLEEWJACW-INIZCTEOSA-N",Launched
esmolol,adrenergic receptor antagonist,ADRB1,cardiology,"ventricular tachycardia (VT), hypertension","MedChemEx, MedChemEx",96.13,"COC(=O)CCc1ccc(OC[C@@H](O)CNC(C)C)cc1 |&1:12,r|, COC(=O)CCc1ccc(OC[C@@H](O)CNC(C)C)cc1 |&1:12,r|","AQNDDEOPVVGCPG-AWEZNQCLSA-N, AQNDDEOPVVGCPG-AWEZNQCLSA-N",Launched
esomeprazole,ATPase inhibitor,ATP4A,gastroenterology,"gastroesophageal reflux disease (GERD), Zollinger-Ellison syndrome, peptic ulcer disease (PUD)","Selleck, MicroSource, Selleck, MedChemEx",98.67,"COc1ccc2nc([nH]c2c1)[S@@](=O)Cc1ncc(C)c(OC)c1C, COc1ccc2nc([nH]c2c1)[S@@](=O)Cc1ncc(C)c(OC)c1C, COc1ccc2nc([nH]c2c1)[S@@](=O)Cc1ncc(C)c(OC)c1C, COc1ccc2nc([nH]c2c1)[S@@](=O)Cc1ncc(C)c(OC)c1C","SUBDBMMJDZJVOS-DEOSSOPVSA-N, SUBDBMMJDZJVOS-DEOSSOPVSA-N, SUBDBMMJDZJVOS-DEOSSOPVSA-N, SUBDBMMJDZJVOS-DEOSSOPVSA-N",Launched
esonarimod,antirheumatic drug,,,,MedChemEx,96.22,"CC(=O)SC[C@H](CC(=O)c1ccc(C)cc1)C(O)=O |&1:5,r|",YRSSFEUQNAXQMX-LBPRGKRZSA-N,Preclinical
estetrol,selective estrogen receptor modulator (SERM),ESR1,,,Sigma,86.38,C[C@]12CC[C@H]3[C@@H](CCc4cc(O)ccc34)[C@@H]1[C@@H](O)[C@@H](O)[C@@H]2O,AJIPIJNNOJSSQC-NYLIRDPKSA-N,Phase 3
estradiol,estrogen receptor agonist,"ESR1, ESR2, GPER1, KCNMA1, NR1I2",endocrinology,contraceptive,"MicroSource, MicroSource, MicroSource, MicroSource, Selleck, Selleck, Selleck, Selleck, Selleck, Selleck",93.41,"C[C@]12CC[C@H]3[C@@H](CCc4cc(O)ccc34)[C@@H]1CC[C@@H]2O, C[C@]12CC[C@H]3[C@@H](CCc4cc(O)ccc34)[C@@H]1CC[C@@H]2O, C[C@]12CC[C@H]3[C@@H](CCc4cc(O)ccc34)[C@@H]1CC[C@@H]2O, C[C@]12CC[C@H]3[C@@H](CCc4cc(O)ccc34)[C@@H]1CC[C@@H]2O, C[C@]12CC[C@H]3[C@@H](CCc4cc(O)ccc34)[C@@H]1CC[C@@H]2O, C[C@]12CC[C@H]3[C@@H](CCc4cc(O)ccc34)[C@@H]1CC[C@@H]2O, C[C@]12CC[C@H]3[C@@H](CCc4cc(O)ccc34)[C@@H]1CC[C@@H]2O, C[C@]12CC[C@H]3[C@@H](CCc4cc(O)ccc34)[C@@H]1CC[C@@H]2O, C[C@]12CC[C@H]3[C@@H](CCc4cc(O)ccc34)[C@@H]1CC[C@@H]2O, C[C@]12CC[C@H]3[C@@H](CCc4cc(O)ccc34)[C@@H]1CC[C@@H]2O","VOXZDWNPVJITMN-ZBRFXRBCSA-N, VOXZDWNPVJITMN-ZBRFXRBCSA-N, VOXZDWNPVJITMN-ZBRFXRBCSA-N, VOXZDWNPVJITMN-ZBRFXRBCSA-N, VOXZDWNPVJITMN-ZBRFXRBCSA-N, VOXZDWNPVJITMN-ZBRFXRBCSA-N, VOXZDWNPVJITMN-ZBRFXRBCSA-N, VOXZDWNPVJITMN-ZBRFXRBCSA-N, VOXZDWNPVJITMN-ZBRFXRBCSA-N, VOXZDWNPVJITMN-ZBRFXRBCSA-N",Launched
estradiol-acetate,estrogen receptor agonist,ESR1,"endocrinology, obstetrics/gynecology","menopause, vaginal atrophy",Sigma,96.27,CC(=O)Oc1ccc2[C@H]3CC[C@]4(C)[C@@H](O)CC[C@H]4[C@@H]3CCc2c1,FHXBMXJMKMWVRG-SLHNCBLASA-N,Launched
estradiol-benzoate,contraceptive agent,ESR1,,,MedChemEx,87.32,C[C@]12CC[C@H]3[C@@H](CCc4cc(OC(=O)c5ccccc5)ccc34)[C@@H]1CC[C@@H]2O,UYIFTLBWAOGQBI-BZDYCCQFSA-N,Preclinical
estradiol-cypionate,estrogen receptor agonist,ESR1,endocrinology,"hypoestrogenism, menopause",MedChemEx,97.01,C[C@]12CC[C@H]3[C@@H](CCc4cc(O)ccc34)[C@@H]1CC[C@@H]2OC(=O)CCC1CCCC1,UOACKFBJUYNSLK-XRKIENNPSA-N,Launched
estradiol-valerate,estrogen receptor agonist,ESR1,"oncology, endocrinology, obstetrics/gynecology","prostate cancer, hypoestrogenism, menopause, vaginal atrophy","MedChemEx, MicroSource, MicroSource, MicroSource, Selleck, Selleck, Selleck",96.27,"CCCCC(=O)O[C@H]1CC[C@H]2[C@@H]3CCc4cc(O)ccc4[C@H]3CC[C@]12C, CCCCC(=O)O[C@H]1CC[C@H]2[C@@H]3CCc4cc(O)ccc4[C@H]3CC[C@]12C, CCCCC(=O)O[C@H]1CC[C@H]2[C@@H]3CCc4cc(O)ccc4[C@H]3CC[C@]12C, CCCCC(=O)O[C@H]1CC[C@H]2[C@@H]3CCc4cc(O)ccc4[C@H]3CC[C@]12C, CCCCC(=O)O[C@H]1CC[C@H]2[C@@H]3CCc4cc(O)ccc4[C@H]3CC[C@]12C, CCCCC(=O)O[C@H]1CC[C@H]2[C@@H]3CCc4cc(O)ccc4[C@H]3CC[C@]12C, CCCCC(=O)O[C@H]1CC[C@H]2[C@@H]3CCc4cc(O)ccc4[C@H]3CC[C@]12C","RSEPBGGWRJCQGY-RBRWEJTLSA-N, RSEPBGGWRJCQGY-RBRWEJTLSA-N, RSEPBGGWRJCQGY-RBRWEJTLSA-N, RSEPBGGWRJCQGY-RBRWEJTLSA-N, RSEPBGGWRJCQGY-RBRWEJTLSA-N, RSEPBGGWRJCQGY-RBRWEJTLSA-N, RSEPBGGWRJCQGY-RBRWEJTLSA-N",Launched
estradiol-3-O-sulfamate,steryl sulfatase inhibitor,,,,MedChemEx,81.52,C[C@]12CC[C@H]3[C@@H](CCc4cc(OS(N)(=O)=O)ccc34)[C@@H]1CC[C@@H]2O,YXYXCSOJKUAPJI-ZBRFXRBCSA-N,Phase 2
estramustine,DNA alkylating agent,"ESR1, ESR2, MAP1A, MAP2",oncology,prostate cancer,,0,,,Launched
estramustine-phosphate,"DNA synthesis inhibitor, microtubule inhibitor","ESR1, ESR2, MAP1A, MAP2",oncology,prostate cancer,"Enzo, MedChemEx, MedChemEx",93.37,"C[C@]12CC[C@H]3[C@@H](CCc4cc(OC(=O)N(CCCl)CCCl)ccc34)[C@@H]1CC[C@@H]2OP(O)(O)=O, C[C@]12CC[C@H]3[C@@H](CCc4cc(OC(=O)N(CCCl)CCCl)ccc34)[C@@H]1CC[C@@H]2OP(O)(O)=O, C[C@]12CC[C@H]3[C@@H](CCc4cc(OC(=O)N(CCCl)CCCl)ccc34)[C@@H]1CC[C@@H]2OP(O)(O)=O","ADFOJJHRTBFFOF-RBRWEJTLSA-N, ADFOJJHRTBFFOF-RBRWEJTLSA-N, ADFOJJHRTBFFOF-RBRWEJTLSA-N",Launched
estriol,estrogen receptor agonist,"ESR1, ESR2","endocrinology, obstetrics/gynecology, infectious disease","menopause, vaginal atrophy, urinary tract infections","MedChemEx, MicroSource, Selleck, Selleck",88.19,"C[C@]12CC[C@H]3[C@@H](CCc4cc(O)ccc34)[C@@H]1C[C@@H](O)[C@@H]2O, C[C@]12CC[C@H]3[C@@H](CCc4cc(O)ccc34)[C@@H]1C[C@@H](O)[C@@H]2O, C[C@]12CC[C@H]3[C@@H](CCc4cc(O)ccc34)[C@@H]1C[C@@H](O)[C@@H]2O, C[C@]12CC[C@H]3[C@@H](CCc4cc(O)ccc34)[C@@H]1C[C@@H](O)[C@@H]2O","PROQIPRRNZUXQM-ZXXIGWHRSA-N, PROQIPRRNZUXQM-ZXXIGWHRSA-N, PROQIPRRNZUXQM-ZXXIGWHRSA-N, PROQIPRRNZUXQM-ZXXIGWHRSA-N",Launched
estrone,"estrogen receptor agonist, estrogenic hormone","ESR1, ESR2",endocrinology,menopause,"MedChemEx, MicroSource, Selleck, Selleck, Selleck, Selleck",95.52,"C[C@]12CC[C@H]3[C@@H](CCc4cc(O)ccc34)[C@@H]1CCC2=O, C[C@]12CC[C@H]3[C@@H](CCc4cc(O)ccc34)[C@@H]1CCC2=O, C[C@]12CC[C@H]3[C@@H](CCc4cc(O)ccc34)[C@@H]1CCC2=O, C[C@]12CC[C@H]3[C@@H](CCc4cc(O)ccc34)[C@@H]1CCC2=O, C[C@]12CC[C@H]3[C@@H](CCc4cc(O)ccc34)[C@@H]1CCC2=O, C[C@]12CC[C@H]3[C@@H](CCc4cc(O)ccc34)[C@@H]1CCC2=O","DNXHEGUUPJUMQT-CBZIJGRNSA-N, DNXHEGUUPJUMQT-CBZIJGRNSA-N, DNXHEGUUPJUMQT-CBZIJGRNSA-N, DNXHEGUUPJUMQT-CBZIJGRNSA-N, DNXHEGUUPJUMQT-CBZIJGRNSA-N, DNXHEGUUPJUMQT-CBZIJGRNSA-N",Launched
estropipate,estrogen receptor agonist,"ESR1, ESR2","orthopedics, endocrinology, obstetrics/gynecology","osteoporosis, menopause, vaginal atrophy, hypoestrogenism",Tocris,90.34,C[C@]12CC[C@H]3[C@@H](CCc4cc(OS(O)(=O)=O)ccc34)[C@@H]1CCC2=O,JKKFKPJIXZFSSB-CBZIJGRNSA-N,Launched
etacrynic-acid,sodium/potassium/chloride transporter inhibitor,"ATP1A1, SLC12A1","cardiology, gastroenterology, nephrology, rheumatology","hypertension, congestive heart failure, edema, hepatic cirrhosis, chronic renal failure, nephrotic syndrome","MedChemEx, MedChemEx, MicroSource",98.7,"CCC(=C)C(=O)c1ccc(OCC(O)=O)c(Cl)c1Cl, CCC(=C)C(=O)c1ccc(OCC(O)=O)c(Cl)c1Cl, CCC(=C)C(=O)c1ccc(OCC(O)=O)c(Cl)c1Cl","AVOLMBLBETYQHX-UHFFFAOYSA-N, AVOLMBLBETYQHX-UHFFFAOYSA-N, AVOLMBLBETYQHX-UHFFFAOYSA-N",Launched
etafenone,calcium channel blocker,,,,"Vitas-M, Vitas-M, Vitas-M, Vitas-M, Vitas-M, Vitas-M",100,"CCN(CC)CCOc1ccccc1C(=O)CCc1ccccc1, CCN(CC)CCOc1ccccc1C(=O)CCc1ccccc1, CCN(CC)CCOc1ccccc1C(=O)CCc1ccccc1, CCN(CC)CCOc1ccccc1C(=O)CCc1ccccc1, CCN(CC)CCOc1ccccc1C(=O)CCc1ccccc1, CCN(CC)CCOc1ccccc1C(=O)CCc1ccccc1","OEGDFSLNGABBKJ-UHFFFAOYSA-N, OEGDFSLNGABBKJ-UHFFFAOYSA-N, OEGDFSLNGABBKJ-UHFFFAOYSA-N, OEGDFSLNGABBKJ-UHFFFAOYSA-N, OEGDFSLNGABBKJ-UHFFFAOYSA-N, OEGDFSLNGABBKJ-UHFFFAOYSA-N",Launched
etamsylate,hemostatic agent,,hematology,hemorrhage,"MedChemEx, MedChemEx, Selleck, Selleck",100,"Oc1ccc(O)c(c1)S(O)(=O)=O, Oc1ccc(O)c(c1)S(O)(=O)=O, Oc1ccc(O)c(c1)S(O)(=O)=O, Oc1ccc(O)c(c1)S(O)(=O)=O","IKQCSJBQLWJEPU-UHFFFAOYSA-N, IKQCSJBQLWJEPU-UHFFFAOYSA-N, IKQCSJBQLWJEPU-UHFFFAOYSA-N, IKQCSJBQLWJEPU-UHFFFAOYSA-N",Launched
etanidazole,bacterial cell wall synthesis inhibitor,,,,"Prestwick, Toronto",100,"OCCNC(=O)Cn1ccnc1[N+]([O-])=O, OCCNC(=O)Cn1ccnc1[N+]([O-])=O","WCDWBPCFGJXFJZ-UHFFFAOYSA-N, WCDWBPCFGJXFJZ-UHFFFAOYSA-N",Phase 3
etazolate,phosphodiesterase inhibitor,"GABRB3, PDE4A",,,"Tocris, Tocris, Tocris",91.77,"CCOC(=O)c1cnc2n(CC)ncc2c1NN=C(C)C, CCOC(=O)c1cnc2n(CC)ncc2c1NN=C(C)C, CCOC(=O)c1cnc2n(CC)ncc2c1NN=C(C)C","OPQRBXUBWHDHPQ-UHFFFAOYSA-N, OPQRBXUBWHDHPQ-UHFFFAOYSA-N, OPQRBXUBWHDHPQ-UHFFFAOYSA-N",Phase 2
ETC-159,"beta catenin inhibitor, porcupine inhibitor",PORCN,,,MedChemEx,97.74,Cn1c2ncn(CC(=O)Nc3ccc(nn3)-c3ccccc3)c2c(=O)n(C)c1=O,QTRXIFVSTWXRJJ-UHFFFAOYSA-N,Phase 1
ETC-206,MAPK-interacting kinase inhibitor,,,,MedChemEx,97.55,O=C(N1CCOCC1)c1ccc(cc1)-c1ccc2ncc(-c3ccc(cc3)C#N)n2c1,FWRFPHJSGLYXTD-UHFFFAOYSA-N,Phase 1
etebenecid,uricosuric blocker,,,,MicroSource,98.34,CCN(CC)S(=O)(=O)c1ccc(cc1)C(O)=O,UACOQEQOBAQRDQ-UHFFFAOYSA-N,Preclinical
eterobarb,anticonvulsant,,,,"Vitas-M, Vitas-M",94.62,"CCC1(C(=O)N(COC)C(=O)N(COC)C1=O)c1ccccc1, CCC1(C(=O)N(COC)C(=O)N(COC)C1=O)c1ccccc1","DACOQFZGGLCXMA-UHFFFAOYSA-N, DACOQFZGGLCXMA-UHFFFAOYSA-N",Phase 2
ethacizin,anticonvulsant,,cardiology,"ventricular tachycardia (VT), Wolff-Parkinson-White Syndrome (WPW)","Vitas-M, Vitas-M",97.95,"CCOC(=O)Nc1ccc2Sc3ccccc3N(C(=O)CCN(CC)CC)c2c1, CCOC(=O)Nc1ccc2Sc3ccccc3N(C(=O)CCN(CC)CC)c2c1","PQXGNJKJMFUPPM-UHFFFAOYSA-N, PQXGNJKJMFUPPM-UHFFFAOYSA-N",Launched
ethacridine-lactate-monohydrate,DNA intercalating agent,,,,"MicroSource, Selleck, Selleck, Selleck, Selleck, Selleck, Selleck, Selleck",91.12,"CCOc1ccc2nc3cc(N)ccc3c(N)c2c1, CCOc1ccc2nc3cc(N)ccc3c(N)c2c1, CCOc1ccc2nc3cc(N)ccc3c(N)c2c1, CCOc1ccc2nc3cc(N)ccc3c(N)c2c1, CCOc1ccc2nc3cc(N)ccc3c(N)c2c1, CCOc1ccc2nc3cc(N)ccc3c(N)c2c1, CCOc1ccc2nc3cc(N)ccc3c(N)c2c1, CCOc1ccc2nc3cc(N)ccc3c(N)c2c1","CIKWKGFPFXJVGW-UHFFFAOYSA-N, CIKWKGFPFXJVGW-UHFFFAOYSA-N, CIKWKGFPFXJVGW-UHFFFAOYSA-N, CIKWKGFPFXJVGW-UHFFFAOYSA-N, CIKWKGFPFXJVGW-UHFFFAOYSA-N, CIKWKGFPFXJVGW-UHFFFAOYSA-N, CIKWKGFPFXJVGW-UHFFFAOYSA-N, CIKWKGFPFXJVGW-UHFFFAOYSA-N",Preclinical
ethambutol,bacterial cell wall synthesis inhibitor,,infectious disease,tuberculosis,"MicroSource, MedChemEx, Selleck",100,"CC[C@@H](CO)NCCN[C@@H](CC)CO, CC[C@@H](CO)NCCN[C@@H](CC)CO, CC[C@@H](CO)NCCN[C@@H](CC)CO","AEUTYOVWOVBAKS-UWVGGRQHSA-N, AEUTYOVWOVBAKS-UWVGGRQHSA-N, AEUTYOVWOVBAKS-UWVGGRQHSA-N",Launched
ethamivan,respiratory stimulant,,,,"Sigma, MicroSource",87.48,"CCN(CC)C(=O)c1ccc(O)c(OC)c1, CCN(CC)C(=O)c1ccc(O)c(OC)c1","BQJODPIMMWWMFC-UHFFFAOYSA-N, BQJODPIMMWWMFC-UHFFFAOYSA-N",Preclinical
ethanolamine-oleate,immunostimulant,"F12, FABP4, FFAR1, FFAR4, PLD2",gastroenterology,esophageal varices,MicroSource,0,NCCO.CCCCCCCC\C=C/CCCCCCCC(O)=O,KGWDUNBJIMUFAP-KVVVOXFISA-N,Launched
ethaverine,calcium channel blocker,,neurology/psychiatry,"muscle relaxant, spasms","MicroSource, Toronto",99.19,"CCOc1ccc(Cc2nccc3cc(OCC)c(OCC)cc23)cc1OCC, CCOc1ccc(Cc2nccc3cc(OCC)c(OCC)cc23)cc1OCC","ZOWYFYXTIWQBEP-UHFFFAOYSA-N, ZOWYFYXTIWQBEP-UHFFFAOYSA-N",Launched
ethenzamide,analgesic agent,,"neurology/psychiatry, endocrinology, otolaryngology","headache, fever, common cold","MedChemEx, MicroSource, MicroSource",99.07,"CCOc1ccccc1C(N)=O, CCOc1ccccc1C(N)=O, CCOc1ccccc1C(N)=O","SBNKFTQSBPKMBZ-UHFFFAOYSA-N, SBNKFTQSBPKMBZ-UHFFFAOYSA-N, SBNKFTQSBPKMBZ-UHFFFAOYSA-N",Launched
ethimizol,,,,,"MedChemEx, MedChemEx",99.78,"CCn1cnc(C(=O)NC)c1C(=O)NC, CCn1cnc(C(=O)NC)c1C(=O)NC","RYRFAMRQBZNEPX-UHFFFAOYSA-N, RYRFAMRQBZNEPX-UHFFFAOYSA-N",Phase 1
ethinyl-estradiol,"estrogen receptor agonist, estrogenic hormone","ESR1, ESR2, NR1I2",endocrinology,contraceptive,"MicroSource, MicroSource, MicroSource, MicroSource, Selleck, Selleck",96.04,"C[C@]12CC[C@H]3[C@@H](CCc4cc(O)ccc34)[C@@H]1CC[C@@]2(O)C#C, C[C@]12CC[C@H]3[C@@H](CCc4cc(O)ccc34)[C@@H]1CC[C@@]2(O)C#C, C[C@]12CC[C@H]3[C@@H](CCc4cc(O)ccc34)[C@@H]1CC[C@@]2(O)C#C, C[C@]12CC[C@H]3[C@@H](CCc4cc(O)ccc34)[C@@H]1CC[C@@]2(O)C#C, C[C@]12CC[C@H]3[C@@H](CCc4cc(O)ccc34)[C@@H]1CC[C@@]2(O)C#C, C[C@]12CC[C@H]3[C@@H](CCc4cc(O)ccc34)[C@@H]1CC[C@@]2(O)C#C","BFPYWIDHMRZLRN-SLHNCBLASA-N, BFPYWIDHMRZLRN-SLHNCBLASA-N, BFPYWIDHMRZLRN-SLHNCBLASA-N, BFPYWIDHMRZLRN-SLHNCBLASA-N, BFPYWIDHMRZLRN-SLHNCBLASA-N, BFPYWIDHMRZLRN-SLHNCBLASA-N",Launched
ethionamide,mycolic synthesis inhibitor,,infectious disease,tuberculosis,"MicroSource, Selleck, MedChemEx",98.1,"CCc1cc(ccn1)C(N)=S, CCc1cc(ccn1)C(N)=S, CCc1cc(ccn1)C(N)=S","AEOCXXJPGCBFJA-UHFFFAOYSA-N, AEOCXXJPGCBFJA-UHFFFAOYSA-N, AEOCXXJPGCBFJA-UHFFFAOYSA-N",Launched
ethisterone,progestogen hormone,TYR,endocrinology,amenorrhea,"Selleck, MedChemEx, Selleck",83.11,"C[C@]12CC[C@H]3[C@@H](CCC4=CC(=O)CC[C@]34C)[C@@H]1CC[C@@]2(O)C#C |t:8|, C[C@]12CC[C@H]3[C@@H](CCC4=CC(=O)CC[C@]34C)[C@@H]1CC[C@@]2(O)C#C |t:8|, C[C@]12CC[C@H]3[C@@H](CCC4=CC(=O)CC[C@]34C)[C@@H]1CC[C@@]2(O)C#C |t:8|","CHNXZKVNWQUJIB-CEGNMAFCSA-N, CHNXZKVNWQUJIB-CEGNMAFCSA-N, CHNXZKVNWQUJIB-CEGNMAFCSA-N",Launched
ethopabate,antiprotozoal agent,,infectious disease,coccidiosis,"MicroSource, MedChemEx, MedChemEx",97.78,"CCOc1cc(NC(C)=O)ccc1C(=O)OC, CCOc1cc(NC(C)=O)ccc1C(=O)OC, CCOc1cc(NC(C)=O)ccc1C(=O)OC","GOVWOKSKFSBNGD-UHFFFAOYSA-N, GOVWOKSKFSBNGD-UHFFFAOYSA-N, GOVWOKSKFSBNGD-UHFFFAOYSA-N",Launched
ethosuximide,succinimide antiepileptic,"CACNA1G, CACNA1H, CACNA1I",neurology/psychiatry,epilepsy,"Sigma, MicroSource",99.47,"CC[C@@]1(C)CC(=O)NC1=O |&1:2,r|, CC[C@@]1(C)CC(=O)NC1=O |&1:2,r|","HAPOVYFOVVWLRS-ZETCQYMHSA-N, HAPOVYFOVVWLRS-ZETCQYMHSA-N",Launched
ethotoin,hydantoin antiepileptic,SCN5A,neurology/psychiatry,seizures,"MicroSource, AMS, AMS",97.23,"CCN1C(=O)N[C@@H](C1=O)c1ccccc1 |r|, CCN1C(=O)N[C@@H](C1=O)c1ccccc1 |r|, CCN1C(=O)N[C@@H](C1=O)c1ccccc1 |r|","SZQIFWWUIBRPBZ-SECBINFHSA-N, SZQIFWWUIBRPBZ-SECBINFHSA-N, SZQIFWWUIBRPBZ-SECBINFHSA-N",Launched
ethoxyquin,antioxidant,,,,"MedChemEx, Prestwick",93.42,"CCOc1ccc2NC(C)(C)C=C(C)c2c1 |t:11|, CCOc1ccc2NC(C)(C)C=C(C)c2c1 |t:11|","DECIPOUIJURFOJ-UHFFFAOYSA-N, DECIPOUIJURFOJ-UHFFFAOYSA-N",Preclinical
ethoxzolamide,carbonic anhydrase inhibitor,"CA1, CA12, CA13, CA14, CA2, CA3, CA4, CA5A, CA5B, CA6, CA7, CA9","ophthalmology, gastroenterology","glaucoma, duodenal ulcer disease","MicroSource, Selleck, Selleck",96.7,"CCOc1ccc2nc(sc2c1)S(N)(=O)=O, CCOc1ccc2nc(sc2c1)S(N)(=O)=O, CCOc1ccc2nc(sc2c1)S(N)(=O)=O","OUZWUKMCLIBBOG-UHFFFAOYSA-N, OUZWUKMCLIBBOG-UHFFFAOYSA-N, OUZWUKMCLIBBOG-UHFFFAOYSA-N",Launched
ethyl-paraben,,,,,"MedChemEx, MicroSource",99.39,"CCOC(=O)c1ccc(O)cc1, CCOC(=O)c1ccc(O)cc1","NUVBSKCKDOMJSU-UHFFFAOYSA-N, NUVBSKCKDOMJSU-UHFFFAOYSA-N",Preclinical
ethyl-pyruvate,tumor necrosis factor production inhibitor,,,,"Sigma, Sigma",0,"CCOC(=O)C(O)=C, CCOC(=O)C(O)=C","PSYUBHDPOIZRST-UHFFFAOYSA-N, PSYUBHDPOIZRST-UHFFFAOYSA-N",Phase 2
ethyl-vanillin,,,,,"MedChemEx, MicroSource",97.9,"CCOc1cc(C=O)ccc1O, CCOc1cc(C=O)ccc1O","CBOQJANXLMLOSS-UHFFFAOYSA-N, CBOQJANXLMLOSS-UHFFFAOYSA-N",Preclinical
ethyl-2-(carbamoyloxy)benzoate,,,,,Enamine,0,CCOC(=O)c1ccccc1OC(N)=O,JFMIIMPCFQKAAD-UHFFFAOYSA-N,Phase 1
ethylenediaminetetraacetic-acid,PKC inhibitor,,neurology/psychiatry,metal toxicity,"MicroSource, MedChemEx",100,"OC(=O)CN(CCN(CC(O)=O)CC(O)=O)CC(O)=O, OC(=O)CN(CCN(CC(O)=O)CC(O)=O)CC(O)=O","KCXVZYZYPLLWCC-UHFFFAOYSA-N, KCXVZYZYPLLWCC-UHFFFAOYSA-N",Launched
ethylnorepinephrine,bronchodilator,,,,MicroSource,95.14,"CC[C@@H](N)[C@@H](O)c1ccc(O)c(O)c1 |&1:2,&2:4|",LENNRXOJHWNHSD-XCBNKYQSSA-N,Preclinical
ethynodiol-diacetate,,"ESR1, PGR",endocrinology,contraceptive,"MedChemEx, MicroSource, MicroSource, Selleck, Selleck",99.51,"CC(=O)O[C@H]1CC[C@@H]2[C@H]3CC[C@@]4(C)[C@@H](CC[C@@]4(OC(C)=O)C#C)[C@@H]3CCC2=C1 |c:29|, CC(=O)O[C@H]1CC[C@@H]2[C@H]3CC[C@@]4(C)[C@@H](CC[C@@]4(OC(C)=O)C#C)[C@@H]3CCC2=C1 |c:29|, CC(=O)O[C@H]1CC[C@@H]2[C@H]3CC[C@@]4(C)[C@@H](CC[C@@]4(OC(C)=O)C#C)[C@@H]3CCC2=C1 |c:29|, CC(=O)O[C@H]1CC[C@@H]2[C@H]3CC[C@@]4(C)[C@@H](CC[C@@]4(OC(C)=O)C#C)[C@@H]3CCC2=C1 |c:29|, CC(=O)O[C@H]1CC[C@@H]2[C@H]3CC[C@@]4(C)[C@@H](CC[C@@]4(OC(C)=O)C#C)[C@@H]3CCC2=C1 |c:29|","ONKUMRGIYFNPJW-KIEAKMPYSA-N, ONKUMRGIYFNPJW-KIEAKMPYSA-N, ONKUMRGIYFNPJW-KIEAKMPYSA-N, ONKUMRGIYFNPJW-KIEAKMPYSA-N, ONKUMRGIYFNPJW-KIEAKMPYSA-N",Launched
ethynylcytidine,antimetabolite,,,,MedChemEx,88.5,Nc1ccn([C@@H]2O[C@H](CO)[C@](O)(C#C)[C@H]2O)c(=O)n1,JFIWEPHGRUDAJN-DYUFWOLASA-N,Preclinical
eticlopride,dopamine receptor antagonist,"DRD2, DRD3, DRD4",,,"Tocris, Tocris, Tocris",98.13,"CCN1CCC[C@H]1CNC(=O)c1c(O)c(CC)cc(Cl)c1OC, CCN1CCC[C@H]1CNC(=O)c1c(O)c(CC)cc(Cl)c1OC, CCN1CCC[C@H]1CNC(=O)c1c(O)c(CC)cc(Cl)c1OC","AADCDMQTJNYOSS-LBPRGKRZSA-N, AADCDMQTJNYOSS-LBPRGKRZSA-N, AADCDMQTJNYOSS-LBPRGKRZSA-N",Preclinical
etidronic-acid,bone resorption inhibitor,"ATP6V1A, PTPRS","endocrinology, orthopedics","Paget's disease, heterotopic ossification","MicroSource, MedChemEx, Selleck, Selleck, Selleck",100,"CC(O)(P(O)(O)=O)P(O)(O)=O, CC(O)(P(O)(O)=O)P(O)(O)=O, CC(O)(P(O)(O)=O)P(O)(O)=O, CC(O)(P(O)(O)=O)P(O)(O)=O, CC(O)(P(O)(O)=O)P(O)(O)=O","DBVJJBKOTRCVKF-UHFFFAOYSA-N, DBVJJBKOTRCVKF-UHFFFAOYSA-N, DBVJJBKOTRCVKF-UHFFFAOYSA-N, DBVJJBKOTRCVKF-UHFFFAOYSA-N, DBVJJBKOTRCVKF-UHFFFAOYSA-N",Launched
etifenin,renal function diagnostic agent,,,,"CombiBlocks, Prestwick",90.72,"CCc1cccc(CC)c1NC(=O)CN(CC(O)=O)CC(O)=O, CCc1cccc(CC)c1NC(=O)CN(CC(O)=O)CC(O)=O","WNIDXAKKFOKNEF-UHFFFAOYSA-N, WNIDXAKKFOKNEF-UHFFFAOYSA-N",Preclinical
etifoxine,GABA receptor modulator,"GABRA1, GABRA2, GABRA3, GABRA5",neurology/psychiatry,anxiety,MedChemEx,98.68,"CCNC1=Nc2ccc(Cl)cc2[C@@](C)(O1)c1ccccc1 |&1:12,r,t:3|",IBYCYJFUEJQSMK-KRWDZBQOSA-N,Launched
etilefrine,adrenergic receptor agonist,"ADRA1A, ADRB1","neurology/psychiatry, otolaryngology, endocrinology, pulmonary","headache, nasal congestion, fever, cough suppressant, common cold",Prestwick,88.17,CCNCC(O)c1cccc(O)c1,SQVIAVUSQAWMKL-UHFFFAOYSA-N,Launched
etilevodopa,dopamine receptor agonist,DRD3,,,"Enamine, Sigma, Sigma",95.55,"CCOC(=O)[C@@H](N)Cc1ccc(O)c(O)c1, CCOC(=O)[C@@H](N)Cc1ccc(O)c(O)c1, CCOC(=O)[C@@H](N)Cc1ccc(O)c(O)c1","NULMGOSOSZBEQL-QMMMGPOBSA-N, NULMGOSOSZBEQL-QMMMGPOBSA-N, NULMGOSOSZBEQL-QMMMGPOBSA-N",Phase 3
etizolam,benzodiazepine receptor agonist,GABRA1,neurology/psychiatry,"insomnia, anxiety","MedChemEx, MedChemEx, MedChemEx, MedChemEx",99.78,"CCc1cc2c(s1)-n1c(C)nnc1CN=C2c1ccccc1Cl |c:16|, CCc1cc2c(s1)-n1c(C)nnc1CN=C2c1ccccc1Cl |c:16|, CCc1cc2c(s1)-n1c(C)nnc1CN=C2c1ccccc1Cl |c:16|, CCc1cc2c(s1)-n1c(C)nnc1CN=C2c1ccccc1Cl |c:16|","VMZUTJCNQWMAGF-UHFFFAOYSA-N, VMZUTJCNQWMAGF-UHFFFAOYSA-N, VMZUTJCNQWMAGF-UHFFFAOYSA-N, VMZUTJCNQWMAGF-UHFFFAOYSA-N",Launched
etodolac,cyclooxygenase inhibitor,PTGS2,rheumatology,"osteoarthritis, rheumatoid arthritis","Selleck, MicroSource, Tocris",99.16,"CCc1cccc2c3CCO[C@@](CC)(CC(O)=O)c3[nH]c12 |&1:11,r|, CCc1cccc2c3CCO[C@@](CC)(CC(O)=O)c3[nH]c12 |&1:11,r|, CCc1cccc2c3CCO[C@@](CC)(CC(O)=O)c3[nH]c12 |&1:11,r|","NNYBQONXHNTVIJ-KRWDZBQOSA-N, NNYBQONXHNTVIJ-KRWDZBQOSA-N, NNYBQONXHNTVIJ-KRWDZBQOSA-N",Launched
etofenamate,cyclooxygenase inhibitor,"PTGS1, PTGS2","neurology/psychiatry, rheumatology","muscle pain, joint pain","MedChemEx, MedChemEx",98.02,"OCCOCCOC(=O)c1ccccc1Nc1cccc(c1)C(F)(F)F, OCCOCCOC(=O)c1ccccc1Nc1cccc(c1)C(F)(F)F","XILVEPYQJIOVNB-UHFFFAOYSA-N, XILVEPYQJIOVNB-UHFFFAOYSA-N",Launched
etofibrate,PPAR receptor agonist,PPARA,endocrinology,hypertriglyceridemia,Selleck,95.38,CC(C)(Oc1ccc(Cl)cc1)C(=O)OCCOC(=O)c1cccnc1,XXRVYAFBUDSLJX-UHFFFAOYSA-N,Launched
etofylline,adenosine receptor antagonist,ADORA1,pulmonary,"asthma, bronchitis","MedChemEx, MedChemEx, Enzo, Enzo, Enzo",99.1,"Cn1c2ncn(CCO)c2c(=O)n(C)c1=O, Cn1c2ncn(CCO)c2c(=O)n(C)c1=O, Cn1c2ncn(CCO)c2c(=O)n(C)c1=O, Cn1c2ncn(CCO)c2c(=O)n(C)c1=O, Cn1c2ncn(CCO)c2c(=O)n(C)c1=O","NWPRCRWQMGIBOT-UHFFFAOYSA-N, NWPRCRWQMGIBOT-UHFFFAOYSA-N, NWPRCRWQMGIBOT-UHFFFAOYSA-N, NWPRCRWQMGIBOT-UHFFFAOYSA-N, NWPRCRWQMGIBOT-UHFFFAOYSA-N",Launched
etofylline-clofibrate,platelet aggregation inhibitor,PPARA,endocrinology,hyperlipidemia,"Enamine, Enamine, SantaCruz",99.43,"Cn1c2ncn(CCOC(=O)C(C)(C)Oc3ccc(Cl)cc3)c2c(=O)n(C)c1=O, Cn1c2ncn(CCOC(=O)C(C)(C)Oc3ccc(Cl)cc3)c2c(=O)n(C)c1=O, Cn1c2ncn(CCOC(=O)C(C)(C)Oc3ccc(Cl)cc3)c2c(=O)n(C)c1=O","KYAKGJDISSNVPZ-UHFFFAOYSA-N, KYAKGJDISSNVPZ-UHFFFAOYSA-N, KYAKGJDISSNVPZ-UHFFFAOYSA-N",Launched
etomidate,GABA receptor modulator,"ADRA2B, GABRA1, GABRA2, GABRA3, GABRA4, GABRA5, GABRA6, GABRB1, GABRB2, GABRB3, GABRD, GABRE, GABRG1, GABRG2, GABRG3, GABRP, GABRQ",neurology/psychiatry,general anaesthetic,"MicroSource, Selleck, Tocris",95.99,"CCOC(=O)c1cncn1[C@H](C)c1ccccc1, CCOC(=O)c1cncn1[C@H](C)c1ccccc1, CCOC(=O)c1cncn1[C@H](C)c1ccccc1","NPUKDXXFDDZOKR-LLVKDONJSA-N, NPUKDXXFDDZOKR-LLVKDONJSA-N, NPUKDXXFDDZOKR-LLVKDONJSA-N",Launched
etomoxir,carnitine palmitoyltransferase inhibitor,CPT1A,,,"MedChemEx, MedChemEx",98.66,"CCOC(=O)[C@@]1(CCCCCCOc2ccc(Cl)cc2)CO1, CCOC(=O)[C@@]1(CCCCCCOc2ccc(Cl)cc2)CO1","DZLOHEOHWICNIL-QGZVFWFLSA-N, DZLOHEOHWICNIL-QGZVFWFLSA-N",Phase 2
etonogestrel,progesterone receptor agonist,"ESR1, PGR",endocrinology,contraceptive,MedChemEx,76.12,[H][C@@]12CC[C@@](O)(C#C)[C@@]1(CC)CC(=C)[C@]1([H])[C@@]3([H])CCC(=O)C=C3CC[C@@]21[H] |c:23|,GCKFUYQCUCGESZ-BPIQYHPVSA-N,Launched
etoposide,topoisomerase inhibitor,"TOP2A, TOP2B",oncology,non-small cell lung cancer (NSCLC),"Tocris, MedChemEx, Selleck, MicroSource, MicroSource, Selleck, Tocris",99.86,"COc1cc(cc(OC)c1O)[C@H]1[C@@H]2[C@H](COC2=O)[C@H](O[C@@H]2O[C@@H]3CO[C@@H](C)O[C@H]3[C@H](O)[C@H]2O)c2cc3OCOc3cc12, COc1cc(cc(OC)c1O)[C@H]1[C@@H]2[C@H](COC2=O)[C@H](O[C@@H]2O[C@@H]3CO[C@@H](C)O[C@H]3[C@H](O)[C@H]2O)c2cc3OCOc3cc12, COc1cc(cc(OC)c1O)[C@H]1[C@@H]2[C@H](COC2=O)[C@H](O[C@@H]2O[C@@H]3CO[C@@H](C)O[C@H]3[C@H](O)[C@H]2O)c2cc3OCOc3cc12, COc1cc(cc(OC)c1O)[C@H]1[C@@H]2[C@H](COC2=O)[C@H](O[C@@H]2O[C@@H]3CO[C@@H](C)O[C@H]3[C@H](O)[C@H]2O)c2cc3OCOc3cc12, COc1cc(cc(OC)c1O)[C@H]1[C@@H]2[C@H](COC2=O)[C@H](O[C@@H]2O[C@@H]3CO[C@@H](C)O[C@H]3[C@H](O)[C@H]2O)c2cc3OCOc3cc12, COc1cc(cc(OC)c1O)[C@H]1[C@@H]2[C@H](COC2=O)[C@H](O[C@@H]2O[C@@H]3CO[C@@H](C)O[C@H]3[C@H](O)[C@H]2O)c2cc3OCOc3cc12, COc1cc(cc(OC)c1O)[C@H]1[C@@H]2[C@H](COC2=O)[C@H](O[C@@H]2O[C@@H]3CO[C@@H](C)O[C@H]3[C@H](O)[C@H]2O)c2cc3OCOc3cc12","VJJPUSNTGOMMGY-MRVIYFEKSA-N, VJJPUSNTGOMMGY-MRVIYFEKSA-N, VJJPUSNTGOMMGY-MRVIYFEKSA-N, VJJPUSNTGOMMGY-MRVIYFEKSA-N, VJJPUSNTGOMMGY-MRVIYFEKSA-N, VJJPUSNTGOMMGY-MRVIYFEKSA-N, VJJPUSNTGOMMGY-MRVIYFEKSA-N",Launched
etoposide-phosphate,topoisomerase inhibitor,TOP2A,oncology,"testicular carcinoma, small cell lung cancer","ChemImpex, ChemImpex, ChemImpex",94.37,"COc1cc(cc(OC)c1OP(O)(O)=O)[C@H]1[C@@H]2[C@H](COC2=O)[C@H](O[C@@H]2O[C@@H]3CO[C@@H](C)O[C@H]3[C@H](O)[C@H]2O)c2cc3OCOc3cc12, COc1cc(cc(OC)c1OP(O)(O)=O)[C@H]1[C@@H]2[C@H](COC2=O)[C@H](O[C@@H]2O[C@@H]3CO[C@@H](C)O[C@H]3[C@H](O)[C@H]2O)c2cc3OCOc3cc12, COc1cc(cc(OC)c1OP(O)(O)=O)[C@H]1[C@@H]2[C@H](COC2=O)[C@H](O[C@@H]2O[C@@H]3CO[C@@H](C)O[C@H]3[C@H](O)[C@H]2O)c2cc3OCOc3cc12","LIQODXNTTZAGID-OCBXBXKTSA-N, LIQODXNTTZAGID-OCBXBXKTSA-N, LIQODXNTTZAGID-OCBXBXKTSA-N",Launched
etoricoxib,cyclooxygenase inhibitor,PTGS2,rheumatology,"rheumatoid arthritis, psoriatic arthritis, osteoarthritis, gout, ankylosing spondylitis","MedChemEx, MedChemEx",99.25,"Cc1ccc(cn1)-c1ncc(Cl)cc1-c1ccc(cc1)S(C)(=O)=O, Cc1ccc(cn1)-c1ncc(Cl)cc1-c1ccc(cc1)S(C)(=O)=O","MNJVRJDLRVPLFE-UHFFFAOYSA-N, MNJVRJDLRVPLFE-UHFFFAOYSA-N",Launched
etosalamide,anti-inflammatory agent,,,,"MicroSource, MedChemEx",95.92,"CCOCCOc1ccccc1C(N)=O, CCOCCOc1ccccc1C(N)=O","XBNRCMFFZFCWMH-UHFFFAOYSA-N, XBNRCMFFZFCWMH-UHFFFAOYSA-N",Preclinical
etoxybamide,,,,,Sigma,69.8,OCCCC(=O)NCCO,MFHPPMMWHSHDSI-UHFFFAOYSA-N,Phase 2
ETP-45658,PI3K inhibitor,"PIK3CA, PIK3CB, PIK3CD, PIK3CG",,,"Tocris, Tocris, Tocris",97.88,"Cn1ncc2c(nc(nc12)-c1cccc(O)c1)N1CCOCC1, Cn1ncc2c(nc(nc12)-c1cccc(O)c1)N1CCOCC1, Cn1ncc2c(nc(nc12)-c1cccc(O)c1)N1CCOCC1","BJVRNXSHJLDZJR-UHFFFAOYSA-N, BJVRNXSHJLDZJR-UHFFFAOYSA-N, BJVRNXSHJLDZJR-UHFFFAOYSA-N",Preclinical
ETP-46464,ATR kinase inhibitor,,,,"Selleck, Selleck, Selleck, Selleck, Selleck, Selleck, Selleck, Selleck, CNIO, CNIO, CNIO",98.25,"CC(C)(C#N)c1ccc(cc1)N1C(=O)OCc2cnc3ccc(cc3c12)-c1cnc2ccccc2c1, CC(C)(C#N)c1ccc(cc1)N1C(=O)OCc2cnc3ccc(cc3c12)-c1cnc2ccccc2c1, CC(C)(C#N)c1ccc(cc1)N1C(=O)OCc2cnc3ccc(cc3c12)-c1cnc2ccccc2c1, CC(C)(C#N)c1ccc(cc1)N1C(=O)OCc2cnc3ccc(cc3c12)-c1cnc2ccccc2c1, CC(C)(C#N)c1ccc(cc1)N1C(=O)OCc2cnc3ccc(cc3c12)-c1cnc2ccccc2c1, CC(C)(C#N)c1ccc(cc1)N1C(=O)OCc2cnc3ccc(cc3c12)-c1cnc2ccccc2c1, CC(C)(C#N)c1ccc(cc1)N1C(=O)OCc2cnc3ccc(cc3c12)-c1cnc2ccccc2c1, CC(C)(C#N)c1ccc(cc1)N1C(=O)OCc2cnc3ccc(cc3c12)-c1cnc2ccccc2c1, CC(C)(C#N)c1ccc(cc1)N1C(=O)OCc2cnc3ccc(cc3c12)-c1cnc2ccccc2c1, CC(C)(C#N)c1ccc(cc1)N1C(=O)OCc2cnc3ccc(cc3c12)-c1cnc2ccccc2c1, CC(C)(C#N)c1ccc(cc1)N1C(=O)OCc2cnc3ccc(cc3c12)-c1cnc2ccccc2c1","DPLMXAYKJZOTKO-UHFFFAOYSA-N, DPLMXAYKJZOTKO-UHFFFAOYSA-N, DPLMXAYKJZOTKO-UHFFFAOYSA-N, DPLMXAYKJZOTKO-UHFFFAOYSA-N, DPLMXAYKJZOTKO-UHFFFAOYSA-N, DPLMXAYKJZOTKO-UHFFFAOYSA-N, DPLMXAYKJZOTKO-UHFFFAOYSA-N, DPLMXAYKJZOTKO-UHFFFAOYSA-N, InChI=1S/C30H22N4O2/c1-30(2,18-31)23-8-10-24(11-9-23)34-28-22(17-36-29(34)35)16-33-27-12-7-19(14-25(27)28)21-13-20-5-3-4-6-26(20)32-15-21/h3-16H,17H2,1-2H3, InChI=1S/C30H22N4O2/c1-30(2,18-31)23-8-10-24(11-9-23)34-28-22(17-36-29(34)35)16-33-27-12-7-19(14-25(27)28)21-13-20-5-3-4-6-26(20)32-15-21/h3-16H,17H2,1-2H3, InChI=1S/C30H22N4O2/c1-30(2,18-31)23-8-10-24(11-9-23)34-28-22(17-36-29(34)35)16-33-27-12-7-19(14-25(27)28)21-13-20-5-3-4-6-26(20)32-15-21/h3-16H,17H2,1-2H3",Preclinical
etrabamine,dopamine receptor agonist,,,,Enamine,100,"CN[C@H]1CCc2ncsc2C1 |&1:2,r|",YDSVAKPJAOSZJA-LURJTMIESA-N,Phase 2
etrasimod,sphingosine 1-phosphate receptor antagonist,,,,MedChemEx,95.59,OC(=O)C[C@H]1CCc2c1[nH]c1ccc(OCc3ccc(C4CCCC4)c(c3)C(F)(F)F)cc21,MVGWUTBTXDYMND-QGZVFWFLSA-N,Phase 3
etravirine,non-nucleoside reverse transcriptase inhibitor,"CYP2C19, CYP2C9, CYP3A4",infectious disease,human immunodeficiency virus (HIV-1),"MedChemEx, Selleck, Selleck, Selleck",97.45,"Cc1cc(cc(C)c1Oc1nc(Nc2ccc(cc2)C#N)nc(N)c1Br)C#N, Cc1cc(cc(C)c1Oc1nc(Nc2ccc(cc2)C#N)nc(N)c1Br)C#N, Cc1cc(cc(C)c1Oc1nc(Nc2ccc(cc2)C#N)nc(N)c1Br)C#N, Cc1cc(cc(C)c1Oc1nc(Nc2ccc(cc2)C#N)nc(N)c1Br)C#N","PYGWGZALEOIKDF-UHFFFAOYSA-N, PYGWGZALEOIKDF-UHFFFAOYSA-N, PYGWGZALEOIKDF-UHFFFAOYSA-N, PYGWGZALEOIKDF-UHFFFAOYSA-N",Launched
etretinate,protein synthesis inhibitor,"RARA, RXRG",,,"MedChemEx, MedChemEx, Prestwick, MedChemEx",87.97,"CCOC(=O)\C=C(/C)\C=C\C=C(/C)\C=C\c1c(C)cc(OC)c(C)c1C, CCOC(=O)\C=C(/C)\C=C\C=C(/C)\C=C\c1c(C)cc(OC)c(C)c1C, CCOC(=O)\C=C(/C)\C=C\C=C(/C)\C=C\c1c(C)cc(OC)c(C)c1C, CCOC(=O)\C=C(/C)\C=C\C=C(/C)\C=C\c1c(C)cc(OC)c(C)c1C","HQMNCQVAMBCHCO-DJRRULDNSA-N, HQMNCQVAMBCHCO-DJRRULDNSA-N, HQMNCQVAMBCHCO-DJRRULDNSA-N, HQMNCQVAMBCHCO-DJRRULDNSA-N",Withdrawn
eucalyptol,acetylcholinesterase inhibitor,ACHE,dental,gingivitis,"MicroSource, AMS",0,"CC12CCC(CC1)C(C)(C)O2, CC12CCC(CC1)C(C)(C)O2","WEEGYLXZBRQIMU-UHFFFAOYSA-N, WEEGYLXZBRQIMU-UHFFFAOYSA-N",Launched
eucatropine,acetylcholine receptor antagonist,,,,"AMS, Prestwick",54.26,"C[C@H]1C[C@@H](CC(C)(C)N1C)OC(=O)[C@@H](O)c1ccccc1 |&1:1,&2:3,&3:13|, C[C@H]1C[C@@H](CC(C)(C)N1C)OC(=O)[C@@H](O)c1ccccc1 |&1:1,&2:3,&3:13|","QSAVEGSLJISCDF-QEJZJMRPSA-N, QSAVEGSLJISCDF-QEJZJMRPSA-N",Preclinical
eugenol,androgen receptor antagonist,AR,dental,toothache,"MicroSource, MedChemEx",92.11,"COc1cc(CC=C)ccc1O, COc1cc(CC=C)ccc1O","RRAFCDWBNXTKKO-UHFFFAOYSA-N, RRAFCDWBNXTKKO-UHFFFAOYSA-N",Launched
EUK-134,catalase stimulant,"APP, SOD2",,,"Selleck, Selleck, Selleck, Selleck",59.9,"COc1cccc2C=[N+]3CC[N+]4=Cc5cccc(OC)c5O[Mn]34(Cl)Oc12 |t:7,11|, COc1cccc2C=[N+]3CC[N+]4=Cc5cccc(OC)c5O[Mn]34(Cl)Oc12 |t:7,11|, COc1cccc2C=[N+]3CC[N+]4=Cc5cccc(OC)c5O[Mn]34(Cl)Oc12 |t:7,11|, COc1cccc2C=[N+]3CC[N+]4=Cc5cccc(OC)c5O[Mn]34(Cl)Oc12 |t:7,11|","QCAWBJDECIOVBU-GAMUHHASSA-K, QCAWBJDECIOVBU-GAMUHHASSA-K, QCAWBJDECIOVBU-GAMUHHASSA-K, QCAWBJDECIOVBU-GAMUHHASSA-K",Preclinical
eupatilin,mucus protecting agent,,,,"MedChemEx, MedChemEx, Astatech",94.26,"COc1ccc(cc1OC)-c1cc(=O)c2c(O)c(OC)c(O)cc2o1, COc1ccc(cc1OC)-c1cc(=O)c2c(O)c(OC)c(O)cc2o1, COc1ccc(cc1OC)-c1cc(=O)c2c(O)c(OC)c(O)cc2o1","DRRWBCNQOKKKOL-UHFFFAOYSA-N, DRRWBCNQOKKKOL-UHFFFAOYSA-N, DRRWBCNQOKKKOL-UHFFFAOYSA-N",Launched
evacetrapib,cholesteryl ester transfer protein inhibitor,CETP,,,"MedChemEx, Selleck, Selleck, Selleck",94.86,"Cc1cc(C)c2N(C[C@H]3CC[C@@H](CC3)C(O)=O)CCC[C@H](N(Cc3cc(cc(c3)C(F)(F)F)C(F)(F)F)c3nnn(C)n3)c2c1, Cc1cc(C)c2N(C[C@H]3CC[C@@H](CC3)C(O)=O)CCC[C@H](N(Cc3cc(cc(c3)C(F)(F)F)C(F)(F)F)c3nnn(C)n3)c2c1, Cc1cc(C)c2N(C[C@H]3CC[C@@H](CC3)C(O)=O)CCC[C@H](N(Cc3cc(cc(c3)C(F)(F)F)C(F)(F)F)c3nnn(C)n3)c2c1, Cc1cc(C)c2N(C[C@H]3CC[C@@H](CC3)C(O)=O)CCC[C@H](N(Cc3cc(cc(c3)C(F)(F)F)C(F)(F)F)c3nnn(C)n3)c2c1","IHIUGIVXARLYHP-YBXDKENTSA-N, IHIUGIVXARLYHP-YBXDKENTSA-N, IHIUGIVXARLYHP-YBXDKENTSA-N, IHIUGIVXARLYHP-YBXDKENTSA-N",Phase 3
evans-blue,glutamate receptor negative allosteric modulator,"GRIA1, PTPN1",,,"MicroSource, MicroSource, MicroSource, Tocris, Tocris",92.8,"Cc1cc(ccc1NN=C1C=Cc2c(cc(c(N)c2C1=O)S(O)(=O)=O)S(O)(=O)=O)-c1ccc(NN=C2C=Cc3c(cc(c(N)c3C2=O)S(O)(=O)=O)S(O)(=O)=O)c(C)c1 |c:11,39|, Cc1cc(ccc1NN=C1C=Cc2c(cc(c(N)c2C1=O)S(O)(=O)=O)S(O)(=O)=O)-c1ccc(NN=C2C=Cc3c(cc(c(N)c3C2=O)S(O)(=O)=O)S(O)(=O)=O)c(C)c1 |c:11,39|, Cc1cc(ccc1NN=C1C=Cc2c(cc(c(N)c2C1=O)S(O)(=O)=O)S(O)(=O)=O)-c1ccc(NN=C2C=Cc3c(cc(c(N)c3C2=O)S(O)(=O)=O)S(O)(=O)=O)c(C)c1 |c:11,39|, Cc1cc(ccc1NN=C1C=Cc2c(cc(c(N)c2C1=O)S(O)(=O)=O)S(O)(=O)=O)-c1ccc(NN=C2C=Cc3c(cc(c(N)c3C2=O)S(O)(=O)=O)S(O)(=O)=O)c(C)c1 |c:11,39|, Cc1cc(ccc1NN=C1C=Cc2c(cc(c(N)c2C1=O)S(O)(=O)=O)S(O)(=O)=O)-c1ccc(NN=C2C=Cc3c(cc(c(N)c3C2=O)S(O)(=O)=O)S(O)(=O)=O)c(C)c1 |c:11,39|","LIRUWPZKVZZTHC-UHFFFAOYSA-N, LIRUWPZKVZZTHC-UHFFFAOYSA-N, LIRUWPZKVZZTHC-UHFFFAOYSA-N, LIRUWPZKVZZTHC-UHFFFAOYSA-N, LIRUWPZKVZZTHC-UHFFFAOYSA-N",Launched
evatanepag,prostaglandin inhibitor,"PTGER2, PTGER4",,,"MedChemEx, MedChemEx",96.84,"CC(C)(C)c1ccc(CN(Cc2cccc(OCC(O)=O)c2)S(=O)(=O)c2cccnc2)cc1, CC(C)(C)c1ccc(CN(Cc2cccc(OCC(O)=O)c2)S(=O)(=O)c2cccnc2)cc1","WOHRHWDYFNWPNG-UHFFFAOYSA-N, WOHRHWDYFNWPNG-UHFFFAOYSA-N",Phase 2
evenamide,voltage-gated sodium channel blocker,,,,Astatech,87.12,CCCCOc1cccc(CCNCC(=O)N(C)C)c1,GRHBODILPPXVKN-UHFFFAOYSA-N,Phase 2
everolimus,mTOR inhibitor,MTOR,"oncology, neurology/psychiatry, genetics, urology","breast cancer, neuroendocrine tumors of pancreatic origin (PNET), renal cell carcinoma (RCC), subependymal giant cell astrocytoma (SEGA), tuberous sclerosis complex (TSC), renal angiomyolipoma","Tocris, Tocris, Selleck, Selleck, Selleck, Selleck, Selleck, Selleck, Selleck, Selleck",95.59,"CO[C@@H]1C[C@H](C[C@@H](C)[C@@H]2CC(=O)[C@H](C)\C=C(C)\[C@@H](O)[C@@H](OC)C(=O)[C@H](C)C[C@H](C)\C=C\C=C\C=C(C)\[C@H](C[C@@H]3CC[C@@H](C)[C@@](O)(O3)C(=O)C(=O)N3CCCC[C@H]3C(=O)O2)OC)CC[C@H]1OCCO |c:14,33,t:29,31|, CO[C@@H]1C[C@H](C[C@@H](C)[C@@H]2CC(=O)[C@H](C)\C=C(C)\[C@@H](O)[C@@H](OC)C(=O)[C@H](C)C[C@H](C)\C=C\C=C\C=C(C)\[C@H](C[C@@H]3CC[C@@H](C)[C@@](O)(O3)C(=O)C(=O)N3CCCC[C@H]3C(=O)O2)OC)CC[C@H]1OCCO |c:14,33,t:29,31|, CO[C@@H]1C[C@H](C[C@@H](C)[C@@H]2CC(=O)[C@H](C)\C=C(C)\[C@@H](O)[C@@H](OC)C(=O)[C@H](C)C[C@H](C)\C=C\C=C\C=C(C)\[C@H](C[C@@H]3CC[C@@H](C)[C@@](O)(O3)C(=O)C(=O)N3CCCC[C@H]3C(=O)O2)OC)CC[C@H]1OCCO |c:14,33,t:29,31|, CO[C@@H]1C[C@H](C[C@@H](C)[C@@H]2CC(=O)[C@H](C)\C=C(C)\[C@@H](O)[C@@H](OC)C(=O)[C@H](C)C[C@H](C)\C=C\C=C\C=C(C)\[C@H](C[C@@H]3CC[C@@H](C)[C@@](O)(O3)C(=O)C(=O)N3CCCC[C@H]3C(=O)O2)OC)CC[C@H]1OCCO |c:14,33,t:29,31|, CO[C@@H]1C[C@H](C[C@@H](C)[C@@H]2CC(=O)[C@H](C)\C=C(C)\[C@@H](O)[C@@H](OC)C(=O)[C@H](C)C[C@H](C)\C=C\C=C\C=C(C)\[C@H](C[C@@H]3CC[C@@H](C)[C@@](O)(O3)C(=O)C(=O)N3CCCC[C@H]3C(=O)O2)OC)CC[C@H]1OCCO |c:14,33,t:29,31|, CO[C@@H]1C[C@H](C[C@@H](C)[C@@H]2CC(=O)[C@H](C)\C=C(C)\[C@@H](O)[C@@H](OC)C(=O)[C@H](C)C[C@H](C)\C=C\C=C\C=C(C)\[C@H](C[C@@H]3CC[C@@H](C)[C@@](O)(O3)C(=O)C(=O)N3CCCC[C@H]3C(=O)O2)OC)CC[C@H]1OCCO |c:14,33,t:29,31|, CO[C@@H]1C[C@H](C[C@@H](C)[C@@H]2CC(=O)[C@H](C)\C=C(C)\[C@@H](O)[C@@H](OC)C(=O)[C@H](C)C[C@H](C)\C=C\C=C\C=C(C)\[C@H](C[C@@H]3CC[C@@H](C)[C@@](O)(O3)C(=O)C(=O)N3CCCC[C@H]3C(=O)O2)OC)CC[C@H]1OCCO |c:14,33,t:29,31|, CO[C@@H]1C[C@H](C[C@@H](C)[C@@H]2CC(=O)[C@H](C)\C=C(C)\[C@@H](O)[C@@H](OC)C(=O)[C@H](C)C[C@H](C)\C=C\C=C\C=C(C)\[C@H](C[C@@H]3CC[C@@H](C)[C@@](O)(O3)C(=O)C(=O)N3CCCC[C@H]3C(=O)O2)OC)CC[C@H]1OCCO |c:14,33,t:29,31|, CO[C@@H]1C[C@H](C[C@@H](C)[C@@H]2CC(=O)[C@H](C)\C=C(C)\[C@@H](O)[C@@H](OC)C(=O)[C@H](C)C[C@H](C)\C=C\C=C\C=C(C)\[C@H](C[C@@H]3CC[C@@H](C)[C@@](O)(O3)C(=O)C(=O)N3CCCC[C@H]3C(=O)O2)OC)CC[C@H]1OCCO |c:14,33,t:29,31|, CO[C@@H]1C[C@H](C[C@@H](C)[C@@H]2CC(=O)[C@H](C)\C=C(C)\[C@@H](O)[C@@H](OC)C(=O)[C@H](C)C[C@H](C)\C=C\C=C\C=C(C)\[C@H](C[C@@H]3CC[C@@H](C)[C@@](O)(O3)C(=O)C(=O)N3CCCC[C@H]3C(=O)O2)OC)CC[C@H]1OCCO |c:14,33,t:29,31|","HKVAMNSJSFKALM-FLOWVUKKSA-N, HKVAMNSJSFKALM-FLOWVUKKSA-N, HKVAMNSJSFKALM-FLOWVUKKSA-N, HKVAMNSJSFKALM-FLOWVUKKSA-N, HKVAMNSJSFKALM-FLOWVUKKSA-N, HKVAMNSJSFKALM-FLOWVUKKSA-N, HKVAMNSJSFKALM-FLOWVUKKSA-N, HKVAMNSJSFKALM-FLOWVUKKSA-N, HKVAMNSJSFKALM-FLOWVUKKSA-N, HKVAMNSJSFKALM-FLOWVUKKSA-N",Launched
evobrutinib,Bruton's tyrosine kinase (BTK) inhibitor,,,,MedChemEx,97.4,Nc1ncnc(NCC2CCN(CC2)C(=O)C=C)c1-c1ccc(Oc2ccccc2)cc1,QUIWHXQETADMGN-UHFFFAOYSA-N,Phase 2
evocalcet,calcium sensitizer,,,,MedChemEx,96.3,C[C@@H](N[C@H]1CCN(C1)c1ccc(CC(O)=O)cc1)c1cccc2ccccc12,RZNUIYPHQFXBAN-XLIONFOSSA-N,Phase 3
evodiamine,"ATPase inhibitor, TRPV agonist",TRPV1,,,"Selleck, Selleck, Selleck, Selleck",99,"CN1[C@H]2N(CCc3c2[nH]c2ccccc32)C(=O)c2ccccc12 |&1:2,r|, CN1[C@H]2N(CCc3c2[nH]c2ccccc32)C(=O)c2ccccc12 |&1:2,r|, CN1[C@H]2N(CCc3c2[nH]c2ccccc32)C(=O)c2ccccc12 |&1:2,r|, CN1[C@H]2N(CCc3c2[nH]c2ccccc32)C(=O)c2ccccc12 |&1:2,r|","TXDUTHBFYKGSAH-SFHVURJKSA-N, TXDUTHBFYKGSAH-SFHVURJKSA-N, TXDUTHBFYKGSAH-SFHVURJKSA-N, TXDUTHBFYKGSAH-SFHVURJKSA-N",Preclinical
EVP-6124,acetylcholine receptor agonist,CHRNA7,,,"MedChemEx, MedChemEx, MedChemEx, MedChemEx",95.74,"Clc1cccc2cc(sc12)C(=O)N[C@H]1CN2CCC1CC2, Clc1cccc2cc(sc12)C(=O)N[C@H]1CN2CCC1CC2, Clc1cccc2cc(sc12)C(=O)N[C@H]1CN2CCC1CC2, Clc1cccc2cc(sc12)C(=O)N[C@H]1CN2CCC1CC2","SSRDSYXGYPJKRR-ZDUSSCGKSA-N, SSRDSYXGYPJKRR-ZDUSSCGKSA-N, SSRDSYXGYPJKRR-ZDUSSCGKSA-N, SSRDSYXGYPJKRR-ZDUSSCGKSA-N",Phase 3
EVP4593,NFkB pathway inhibitor,,,,"MedChemEx, MedChemEx, Selleck, Selleck",95.8,"Nc1ccc2ncnc(NCCc3ccc(Oc4ccccc4)cc3)c2c1, Nc1ccc2ncnc(NCCc3ccc(Oc4ccccc4)cc3)c2c1, Nc1ccc2ncnc(NCCc3ccc(Oc4ccccc4)cc3)c2c1, Nc1ccc2ncnc(NCCc3ccc(Oc4ccccc4)cc3)c2c1","IBAKVEUZKHOWNG-UHFFFAOYSA-N, IBAKVEUZKHOWNG-UHFFFAOYSA-N, IBAKVEUZKHOWNG-UHFFFAOYSA-N, IBAKVEUZKHOWNG-UHFFFAOYSA-N",Preclinical
EW-7197,TGF beta receptor inhibitor,"ACVR1B, TGFBR1",,,"Selleck, Selleck, Selleck, Selleck, Selleck",89.86,"Cc1cccc(n1)-c1nc(CNc2ccccc2F)[nH]c1-c1ccc2ncnn2c1, Cc1cccc(n1)-c1nc(CNc2ccccc2F)[nH]c1-c1ccc2ncnn2c1, Cc1cccc(n1)-c1nc(CNc2ccccc2F)[nH]c1-c1ccc2ncnn2c1, Cc1cccc(n1)-c1nc(CNc2ccccc2F)[nH]c1-c1ccc2ncnn2c1, Cc1cccc(n1)-c1nc(CNc2ccccc2F)[nH]c1-c1ccc2ncnn2c1","FJCDSQATIJKQKA-UHFFFAOYSA-N, FJCDSQATIJKQKA-UHFFFAOYSA-N, FJCDSQATIJKQKA-UHFFFAOYSA-N, FJCDSQATIJKQKA-UHFFFAOYSA-N, FJCDSQATIJKQKA-UHFFFAOYSA-N",Phase 2
EX-527,SIRT inhibitor,SIRT1,,,"Selleck, Selleck, Selleck",94.26,"NC(=O)[C@H]1CCCc2c1[nH]c1ccc(Cl)cc21 |&1:3,r|, NC(=O)[C@H]1CCCc2c1[nH]c1ccc(Cl)cc21 |&1:3,r|, NC(=O)[C@H]1CCCc2c1[nH]c1ccc(Cl)cc21 |&1:3,r|","FUZYTVDVLBBXDL-VIFPVBQESA-N, FUZYTVDVLBBXDL-VIFPVBQESA-N, FUZYTVDVLBBXDL-VIFPVBQESA-N",Phase 2
exalamide,membrane permeability inhibitor,,,,"MicroSource, MedChemEx",98.99,"CCCCCCOc1ccccc1C(N)=O, CCCCCCOc1ccccc1C(N)=O","CKSJXOVLXUMMFF-UHFFFAOYSA-N, CKSJXOVLXUMMFF-UHFFFAOYSA-N",Launched
examorelin,growth hormone releasing factor agonist,"GHRHR, GHSR",,,Sigma,85.7,C[C@H](NC(=O)[C@@H](Cc1c(C)[nH]c2ccccc12)NC(=O)[C@@H](N)Cc1cnc[nH]1)C(=O)N[C@@H](Cc1c[nH]c2ccccc12)C(=O)N[C@H](Cc1ccccc1)C(=O)N[C@@H](CCCCN)C(N)=O,RVWNMGKSNGWLOL-GIIHNPQRSA-N,Phase 2
exatecan-mesylate,topoisomerase inhibitor,TOP1,,,"MedChemEx, MedChemEx, MedChemEx, MedChemEx",91.3,"CC[C@@]1(O)C(=O)OCc2c1cc1-c3nc4cc(F)c(C)c5CC[C@H](N)c(c3Cn1c2=O)c45, CC[C@@]1(O)C(=O)OCc2c1cc1-c3nc4cc(F)c(C)c5CC[C@H](N)c(c3Cn1c2=O)c45, CC[C@@]1(O)C(=O)OCc2c1cc1-c3nc4cc(F)c(C)c5CC[C@H](N)c(c3Cn1c2=O)c45, CC[C@@]1(O)C(=O)OCc2c1cc1-c3nc4cc(F)c(C)c5CC[C@H](N)c(c3Cn1c2=O)c45","ZVYVPGLRVWUPMP-FYSMJZIKSA-N, ZVYVPGLRVWUPMP-FYSMJZIKSA-N, ZVYVPGLRVWUPMP-FYSMJZIKSA-N, ZVYVPGLRVWUPMP-FYSMJZIKSA-N",Phase 3
exemestane,aromatase inhibitor,CYP19A1,oncology,breast cancer,"Tocris, MicroSource, Selleck, Selleck",98.07,"C[C@]12CC[C@H]3[C@@H](CC(=C)C4=CC(=O)C=C[C@]34C)[C@@H]1CCC2=O |c:13,t:9|, C[C@]12CC[C@H]3[C@@H](CC(=C)C4=CC(=O)C=C[C@]34C)[C@@H]1CCC2=O |c:13,t:9|, C[C@]12CC[C@H]3[C@@H](CC(=C)C4=CC(=O)C=C[C@]34C)[C@@H]1CCC2=O |c:13,t:9|, C[C@]12CC[C@H]3[C@@H](CC(=C)C4=CC(=O)C=C[C@]34C)[C@@H]1CCC2=O |c:13,t:9|","BFYIZQONLCFLEV-DAELLWKTSA-N, BFYIZQONLCFLEV-DAELLWKTSA-N, BFYIZQONLCFLEV-DAELLWKTSA-N, BFYIZQONLCFLEV-DAELLWKTSA-N",Launched
exenatide,GLP receptor agonist,GLP1R,endocrinology,diabetes mellitus,MedChemEx,79.7,[H]N[C@@H](Cc1c[nH]cn1)C(=O)NCC(=O)N[C@@H](CCC(O)=O)C(=O)NCC(=O)N[C@@H]([C@@H](C)O)C(=O)N[C@@H](Cc1ccccc1)C(=O)N[C@@H]([C@@H](C)O)C(=O)N[C@@H](CO)C(=O)N[C@@H](CC(O)=O)C(=O)N[C@@H](CC(C)C)C(=O)N[C@@H](CO)C(=O)N[C@@H](CCCCN)C(=O)N[C@@H](CCC(N)=O)C(=O)N[C@@H](CCSC)C(=O)N[C@@H](CCC(O)=O)C(=O)N[C@@H](CCC(O)=O)C(=O)N[C@@H](CCC(O)=O)C(=O)N[C@@H](C)C(=O)N[C@@H](C(C)C)C(=O)N[C@@H](CCCNC(N)=N)C(=O)N[C@@H](CC(C)C)C(=O)N[C@@H](Cc1ccccc1)C(=O)N[C@@H]([C@@H](C)CC)C(=O)N[C@@H](CCC(O)=O)C(=O)N[C@@H](Cc1c[nH]c2ccccc12)C(=O)N[C@@H](CC(C)C)C(=O)N[C@@H](CCCCN)C(=O)N[C@@H](CC(N)=O)C(=O)NCC(=O)NCC(=O)N1CCC[C@H]1C(=O)N[C@@H](CO)C(=O)N[C@@H](CO)C(=O)NCC(=O)N[C@@H](C)C(=O)N1CCC[C@H]1C(=O)N1CCC[C@H]1C(=O)N1CCC[C@H]1C(=O)N[C@@H](CO)C(N)=O |r|,HTQBXNHDCUEHJF-XWLPCZSASA-N,Launched
exherin,cadherin antagonist,CDH2,,,"MedChemEx, MedChemEx, MedChemEx, MedChemEx, MedChemEx",94.47,"CC(C)[C@@H]1NC(=O)[C@H](C)NC(=O)[C@H](Cc2cnc[nH]2)NC(=O)[C@H](CSSC[C@H](NC1=O)C(N)=O)NC(C)=O, CC(C)[C@@H]1NC(=O)[C@H](C)NC(=O)[C@H](Cc2cnc[nH]2)NC(=O)[C@H](CSSC[C@H](NC1=O)C(N)=O)NC(C)=O, CC(C)[C@@H]1NC(=O)[C@H](C)NC(=O)[C@H](Cc2cnc[nH]2)NC(=O)[C@H](CSSC[C@H](NC1=O)C(N)=O)NC(C)=O, CC(C)[C@@H]1NC(=O)[C@H](C)NC(=O)[C@H](Cc2cnc[nH]2)NC(=O)[C@H](CSSC[C@H](NC1=O)C(N)=O)NC(C)=O, CC(C)[C@@H]1NC(=O)[C@H](C)NC(=O)[C@H](Cc2cnc[nH]2)NC(=O)[C@H](CSSC[C@H](NC1=O)C(N)=O)NC(C)=O","FQVLRGLGWNWPSS-XDKAFHOCSA-N, FQVLRGLGWNWPSS-XDKAFHOCSA-N, FQVLRGLGWNWPSS-XDKAFHOCSA-N, FQVLRGLGWNWPSS-XDKAFHOCSA-N, FQVLRGLGWNWPSS-XDKAFHOCSA-N",Phase 2
exifone,nootropic agent,TYR,,,"Sigma, Enzo",95.11,"Oc1ccc(C(=O)c2cc(O)c(O)c(O)c2)c(O)c1O, Oc1ccc(C(=O)c2cc(O)c(O)c(O)c2)c(O)c1O","XEDWWPGWIXPVRQ-UHFFFAOYSA-N, XEDWWPGWIXPVRQ-UHFFFAOYSA-N",Withdrawn
exisulind,phosphodiesterase inhibitor,PDE5A,,,"LKT, LKT, LKT",96.77,"CC1=C(CC(O)=O)c2cc(F)ccc2\C1=C/c1ccc(cc1)S(C)(=O)=O |c:1|, CC1=C(CC(O)=O)c2cc(F)ccc2\C1=C/c1ccc(cc1)S(C)(=O)=O |c:1|, CC1=C(CC(O)=O)c2cc(F)ccc2\C1=C/c1ccc(cc1)S(C)(=O)=O |c:1|","MVGSNCBCUWPVDA-MFOYZWKCSA-N, MVGSNCBCUWPVDA-MFOYZWKCSA-N, MVGSNCBCUWPVDA-MFOYZWKCSA-N",Phase 3
exo-IWR-1,WNT signaling inhibitor negative control,TNKS,,,"Tocris, Tocris",95.46,"O=C(Nc1cccc2cccnc12)c1ccc(cc1)N1C(=O)[C@H]2[C@H]3C[C@H](C=C3)[C@H]2C1=O |c:29|, O=C(Nc1cccc2cccnc12)c1ccc(cc1)N1C(=O)[C@H]2[C@H]3C[C@H](C=C3)[C@H]2C1=O |c:29|","ZGSXEXBYLJIOGF-BTYSMDAFSA-N, ZGSXEXBYLJIOGF-BTYSMDAFSA-N",Preclinical
EXO-1,ARF inhibitor,,,,"Tocris, Tocris, Tocris",99.03,"COC(=O)c1ccccc1NC(=O)c1ccc(F)cc1, COC(=O)c1ccccc1NC(=O)c1ccc(F)cc1, COC(=O)c1ccccc1NC(=O)c1ccc(F)cc1","KIAPWMKFHIKQOZ-UHFFFAOYSA-N, KIAPWMKFHIKQOZ-UHFFFAOYSA-N, KIAPWMKFHIKQOZ-UHFFFAOYSA-N",Preclinical
ezatiostat,glutathione transferase inhibitor,GSTP1,,,"MedChemEx, MedChemEx, MedChemEx, MedChemEx",88.92,"CCOC(=O)[C@@H](N)CCC(=O)N[C@@H](CSCc1ccccc1)C(=O)N[C@@H](C(=O)OCC)c1ccccc1, CCOC(=O)[C@@H](N)CCC(=O)N[C@@H](CSCc1ccccc1)C(=O)N[C@@H](C(=O)OCC)c1ccccc1, CCOC(=O)[C@@H](N)CCC(=O)N[C@@H](CSCc1ccccc1)C(=O)N[C@@H](C(=O)OCC)c1ccccc1, CCOC(=O)[C@@H](N)CCC(=O)N[C@@H](CSCc1ccccc1)C(=O)N[C@@H](C(=O)OCC)c1ccccc1","GWEJFLVSOGNLSS-WPFOTENUSA-N, GWEJFLVSOGNLSS-WPFOTENUSA-N, GWEJFLVSOGNLSS-WPFOTENUSA-N, GWEJFLVSOGNLSS-WPFOTENUSA-N",Phase 2
ezetimibe,"cholesterol inhibitor, Niemann-Pick C1-like 1 protein antagonist","ANPEP, NPC1L1, SOAT1","endocrinology, metabolism","hyperlipidemia, hypercholesterolemia, sitosterolemia","Adooq, Selleck, Selleck, Selleck, Selleck, MedChemEx, MedChemEx, Selleck",97.97,"O[C@@H](CC[C@@H]1[C@H](N(C1=O)c1ccc(F)cc1)c1ccc(O)cc1)c1ccc(F)cc1, O[C@@H](CC[C@@H]1[C@H](N(C1=O)c1ccc(F)cc1)c1ccc(O)cc1)c1ccc(F)cc1, O[C@@H](CC[C@@H]1[C@H](N(C1=O)c1ccc(F)cc1)c1ccc(O)cc1)c1ccc(F)cc1, O[C@@H](CC[C@@H]1[C@H](N(C1=O)c1ccc(F)cc1)c1ccc(O)cc1)c1ccc(F)cc1, O[C@@H](CC[C@@H]1[C@H](N(C1=O)c1ccc(F)cc1)c1ccc(O)cc1)c1ccc(F)cc1, O[C@@H](CC[C@@H]1[C@H](N(C1=O)c1ccc(F)cc1)c1ccc(O)cc1)c1ccc(F)cc1, O[C@@H](CC[C@@H]1[C@H](N(C1=O)c1ccc(F)cc1)c1ccc(O)cc1)c1ccc(F)cc1, O[C@@H](CC[C@@H]1[C@H](N(C1=O)c1ccc(F)cc1)c1ccc(O)cc1)c1ccc(F)cc1","OLNTVTPDXPETLC-XPWALMASSA-N, OLNTVTPDXPETLC-XPWALMASSA-N, OLNTVTPDXPETLC-XPWALMASSA-N, OLNTVTPDXPETLC-XPWALMASSA-N, OLNTVTPDXPETLC-XPWALMASSA-N, OLNTVTPDXPETLC-XPWALMASSA-N, OLNTVTPDXPETLC-XPWALMASSA-N, OLNTVTPDXPETLC-XPWALMASSA-N",Launched
ezutromid,utrophin enhancer,UTRN,,,Vitas-M,77.14,CCN(CC)c1ccc(cc1)-n1nc2cc(C)c(N)cc2n1,WRIPKYOZKAJHRL-UHFFFAOYSA-N,Phase 2
E3330,NFkB pathway inhibitor,,,,Sigma,79.51,"CCCCCCCCC\C(=C/C1=C(C)C(=O)C(OC)=C(OC)C1=O)C(O)=O |c:11,t:18|",AALSSIXXBDPENJ-FYWRMAATSA-N,Preclinical
E7046,prostanoid receptor antagonist,,,,MedChemEx,97.54,C[C@H](NC(=O)c1c(nn(C)c1Oc1cccc(c1)C(F)(F)F)C(F)F)c1ccc(cc1)C(O)=O,MKLKAQMPKHNQPR-NSHDSACASA-N,Phase 1
E7449,PARP inhibitor,"PARP1, PARP2, TNKS, TNKS2",,,"MedChemEx, MedChemEx, MedChemEx, MedChemEx",94.48,"O=c1[nH][nH]c2nc(CN3Cc4ccccc4C3)nc3cccc1c23, O=c1[nH][nH]c2nc(CN3Cc4ccccc4C3)nc3cccc1c23, O=c1[nH][nH]c2nc(CN3Cc4ccccc4C3)nc3cccc1c23, O=c1[nH][nH]c2nc(CN3Cc4ccccc4C3)nc3cccc1c23","JLFSBHQQXIAQEC-UHFFFAOYSA-N, JLFSBHQQXIAQEC-UHFFFAOYSA-N, JLFSBHQQXIAQEC-UHFFFAOYSA-N, JLFSBHQQXIAQEC-UHFFFAOYSA-N",Phase 2
E7820,angiogenesis inhibitor,,,,MedChemEx,97.34,Cc1ccc(NS(=O)(=O)c2cccc(c2)C#N)c2[nH]cc(C#N)c12,LWGUASZLXHYWIV-UHFFFAOYSA-N,Phase 2
F-11440,serotonin receptor agonist,HTR1A,,,"MedChemEx, MedChemEx",92.26,"Cn1c(=O)cnn(CCCCN2CCN(CC2)c2ncccn2)c1=O, Cn1c(=O)cnn(CCCCN2CCN(CC2)c2ncccn2)c1=O","NMYAHEULKSYAPP-UHFFFAOYSA-N, NMYAHEULKSYAPP-UHFFFAOYSA-N",Phase 2
F-16915,,,,,MedChemEx,100,CC\C=C/C\C=C/C\C=C/C\C=C/C\C=C/C\C=C/CCC(=O)OCc1cccnc1,BUWVEXMRBAWBPJ-KUBAVDMBSA-N,Preclinical
fadrozole,aromatase inhibitor,"CYP11B1, CYP19A1",oncology,breast cancer,"SantaCruz, SantaCruz",98.89,"N#Cc1ccc(cc1)[C@H]1CCCc2cncn12 |&1:8|, N#Cc1ccc(cc1)[C@H]1CCCc2cncn12 |&1:8|","CLPFFLWZZBQMAO-CQSZACIVSA-N, CLPFFLWZZBQMAO-CQSZACIVSA-N",Launched
fagomine,glucosidase inhibitor,GLB1,,,MedChemEx,99.3,OC[C@H]1NCC[C@@H](O)[C@@H]1O,YZNNBIPIQWYLDM-HSUXUTPPSA-N,Phase 2
falecalcitriol,vitamin D receptor agonist,VDR,endocrinology,hyperparathyroidism,"MedChemEx, MedChemEx, MedChemEx, MedChemEx, MedChemEx, MedChemEx",89.51,"C[C@H](CCCC(O)(C(F)(F)F)C(F)(F)F)[C@H]1CC[C@H]2\C(CCC[C@]12C)=C\C=C1\C[C@@H](O)C[C@H](O)C1=C, C[C@H](CCCC(O)(C(F)(F)F)C(F)(F)F)[C@H]1CC[C@H]2\C(CCC[C@]12C)=C\C=C1\C[C@@H](O)C[C@H](O)C1=C, C[C@H](CCCC(O)(C(F)(F)F)C(F)(F)F)[C@H]1CC[C@H]2\C(CCC[C@]12C)=C\C=C1\C[C@@H](O)C[C@H](O)C1=C, C[C@H](CCCC(O)(C(F)(F)F)C(F)(F)F)[C@H]1CC[C@H]2\C(CCC[C@]12C)=C\C=C1\C[C@@H](O)C[C@H](O)C1=C, C[C@H](CCCC(O)(C(F)(F)F)C(F)(F)F)[C@H]1CC[C@H]2\C(CCC[C@]12C)=C\C=C1\C[C@@H](O)C[C@H](O)C1=C, C[C@H](CCCC(O)(C(F)(F)F)C(F)(F)F)[C@H]1CC[C@H]2\C(CCC[C@]12C)=C\C=C1\C[C@@H](O)C[C@H](O)C1=C","XPYGGHVSFMUHLH-UUSULHAXSA-N, XPYGGHVSFMUHLH-UUSULHAXSA-N, XPYGGHVSFMUHLH-UUSULHAXSA-N, XPYGGHVSFMUHLH-UUSULHAXSA-N, XPYGGHVSFMUHLH-UUSULHAXSA-N, XPYGGHVSFMUHLH-UUSULHAXSA-N",Launched
famciclovir,DNA polymerase inhibitor,,"dental, infectious disease","cold sore, genitial herpes, shingles","MicroSource, Selleck, MedChemEx",99.1,"CC(=O)OCC(CCn1cnc2cnc(N)nc12)COC(C)=O, CC(=O)OCC(CCn1cnc2cnc(N)nc12)COC(C)=O, CC(=O)OCC(CCn1cnc2cnc(N)nc12)COC(C)=O","GGXKWVWZWMLJEH-UHFFFAOYSA-N, GGXKWVWZWMLJEH-UHFFFAOYSA-N, GGXKWVWZWMLJEH-UHFFFAOYSA-N",Launched
famotidine,histamine receptor antagonist,HRH2,gastroenterology,heartburn,"Selleck, MicroSource",99.08,"NC(=N)Nc1nc(CSCC\C(N)=N/S(N)(=O)=O)cs1, NC(=N)Nc1nc(CSCC\C(N)=N/S(N)(=O)=O)cs1","XUFQPHANEAPEMJ-UHFFFAOYSA-N, XUFQPHANEAPEMJ-UHFFFAOYSA-N",Launched
famprofazone,cyclooxygenase inhibitor,,,,"Selleck, MicroSource, Selleck",95.25,"CC(C)c1c(CN(C)[C@@H](C)Cc2ccccc2)n(C)n(-c2ccccc2)c1=O |&1:8,r|, CC(C)c1c(CN(C)[C@@H](C)Cc2ccccc2)n(C)n(-c2ccccc2)c1=O |&1:8,r|, CC(C)c1c(CN(C)[C@@H](C)Cc2ccccc2)n(C)n(-c2ccccc2)c1=O |&1:8,r|","GNUXVOXXWGNPIV-IBGZPJMESA-N, GNUXVOXXWGNPIV-IBGZPJMESA-N, GNUXVOXXWGNPIV-IBGZPJMESA-N",Preclinical
fananserin,"dopamine receptor antagonist, serotonin receptor antagonist",HTR2A,,,"Tocris, Tocris",93.07,"Fc1ccc(cc1)N1CCN(CCCN2c3cccc4cccc(c34)S2(=O)=O)CC1, Fc1ccc(cc1)N1CCN(CCCN2c3cccc4cccc(c34)S2(=O)=O)CC1","VGIGHGMPMUCLIQ-UHFFFAOYSA-N, VGIGHGMPMUCLIQ-UHFFFAOYSA-N",Phase 2
fanetizole,neutrophil superoxide production,,,,Enamine,94.26,C(Cc1ccccc1)Nc1nc(cs1)-c1ccccc1,WEEYMMXMBFJUAI-UHFFFAOYSA-N,Phase 3
fantofarone,calcium channel blocker,,,,MedChemEx,96.18,COc1ccc(CCN(C)CCCOc2ccc(cc2)S(=O)(=O)c2c(cn3ccccc23)C(C)C)cc1OC,ITAMRBIZWGDOHW-UHFFFAOYSA-N,Preclinical
farampator,ionotropic glutamate receptor agonist,,,,MedChemEx,98.96,O=C(N1CCCCC1)c1ccc2nonc2c1,XFVRBYKKGGDPAJ-UHFFFAOYSA-N,Preclinical
farnesyl-thiosalicylic-acid-amide,Ras GTPase inhibitor,HRAS,,,"Cayman, Cayman, Cayman",96.81,"CC(C)=CCC\C(C)=C\CC\C(C)=C\CSc1ccccc1C(N)=O, CC(C)=CCC\C(C)=C\CC\C(C)=C\CSc1ccccc1C(N)=O, CC(C)=CCC\C(C)=C\CC\C(C)=C\CSc1ccccc1C(N)=O","GZTMFRUGZMZCRD-CFBAGHHKSA-N, GZTMFRUGZMZCRD-CFBAGHHKSA-N, GZTMFRUGZMZCRD-CFBAGHHKSA-N",Phase 1
faropenem,lactamase inhibitor,,"infectious disease, pulmonary, otolaryngology","pneumonia, bronchitis, skin infections, urinary tract infections, sinusitis",Astatech,98.06,"C[C@@H](O)[C@H]1[C@H]2SC([C@H]3CCCO3)=C(N2C1=O)C(O)=O |&1:1,&2:3,&3:4,&4:7,r,c:12|",HGGAKXAHAYOLDJ-OJKLQORTSA-N,Launched
faropenem-medoxomil,lactamase inhibitor,,"otolaryngology, infectious disease, pulmonary","sinusitis, pneumonia, bronchitis, skin infections, urinary tract infections","MedChemEx, MedChemEx, MedChemEx",82.42,"C[C@@H](O)[C@@H]1[C@H]2SC([C@H]3CCCO3)=C(N2C1=O)C(=O)OCc1oc(=O)oc1C |c:12|, C[C@@H](O)[C@@H]1[C@H]2SC([C@H]3CCCO3)=C(N2C1=O)C(=O)OCc1oc(=O)oc1C |c:12|, C[C@@H](O)[C@@H]1[C@H]2SC([C@H]3CCCO3)=C(N2C1=O)C(=O)OCc1oc(=O)oc1C |c:12|","JQBKWZPHJOEQAO-DVPVEWDBSA-N, JQBKWZPHJOEQAO-DVPVEWDBSA-N, JQBKWZPHJOEQAO-DVPVEWDBSA-N",Launched
fasoracetam,GABA receptor antagonist,,,,Astatech,92.33,O=C([C@H]1CCC(=O)N1)N1CCCCC1,GOWRRBABHQUJMX-MRVPVSSYSA-N,Preclinical
fasudil,rho associated kinase inhibitor,"PKIA, PRKACA, ROCK1, ROCK2",neurology/psychiatry,cerebral vasospasm,"MicroSource, Tocris, Selleck, Tocris, Tocris, Tocris, Tocris",98.59,"O=S(=O)(N1CCCNCC1)c1cccc2cnccc12, O=S(=O)(N1CCCNCC1)c1cccc2cnccc12, O=S(=O)(N1CCCNCC1)c1cccc2cnccc12, O=S(=O)(N1CCCNCC1)c1cccc2cnccc12, O=S(=O)(N1CCCNCC1)c1cccc2cnccc12, O=S(=O)(N1CCCNCC1)c1cccc2cnccc12, O=S(=O)(N1CCCNCC1)c1cccc2cnccc12","NGOGFTYYXHNFQH-UHFFFAOYSA-N, NGOGFTYYXHNFQH-UHFFFAOYSA-N, NGOGFTYYXHNFQH-UHFFFAOYSA-N, NGOGFTYYXHNFQH-UHFFFAOYSA-N, NGOGFTYYXHNFQH-UHFFFAOYSA-N, NGOGFTYYXHNFQH-UHFFFAOYSA-N, NGOGFTYYXHNFQH-UHFFFAOYSA-N",Launched
favipiravir,RNA polymerase inhibitor,,,,"AdvChemBlocks, AdvChemBlocks",95.67,"NC(=O)c1nc(F)c[nH]c1=O, NC(=O)c1nc(F)c[nH]c1=O","ZCGNOVWYSGBHAU-UHFFFAOYSA-N, ZCGNOVWYSGBHAU-UHFFFAOYSA-N",Phase 3
FCE-22250,DNA directed DNA polymerase inhibitor,,,,Vitas-M,68.34,"CO[C@H]1\C=C\O[C@@]2(C)Oc3c(C2=O)c2c(O)c(\C=N\N=C\N4CCCCC4)c(NC(=O)\C(C)=C/C=C/[C@H](C)[C@H](O)[C@@H](C)[C@@H](O)[C@@H](C)[C@H](OC(C)=O)[C@@H]1C)c(O)c2c(O)c3C |c:34,t:3,36|",JEGGQYICWGMXOZ-KLZPLVFYSA-N,Phase 1
fdcyd,DNA methyltransferase inhibitor,,,,"SantaCruz, SantaCruz",94.9,"Nc1nc(=O)n(cc1F)[C@H]1C[C@H](O)[C@@H](CO)O1, Nc1nc(=O)n(cc1F)[C@H]1C[C@H](O)[C@@H](CO)O1","IDYKCXHJJGMAEV-RRKCRQDMSA-N, IDYKCXHJJGMAEV-RRKCRQDMSA-N",Phase 2
febuprol,choleretic agent,,,,Sigma,93.98,"CCCCOC[C@@H](O)COc1ccccc1 |&1:6,r|",WBLXZPHICYCDGN-GFCCVEGCSA-N,Launched
febuxostat,xanthine oxidase inhibitor,XDH,nephrology,hyperuricemia,"Tocris, Tocris, MicroSource, Selleck",98.36,"CC(C)COc1ccc(cc1C#N)-c1nc(C)c(s1)C(O)=O, CC(C)COc1ccc(cc1C#N)-c1nc(C)c(s1)C(O)=O, CC(C)COc1ccc(cc1C#N)-c1nc(C)c(s1)C(O)=O, CC(C)COc1ccc(cc1C#N)-c1nc(C)c(s1)C(O)=O","BQSJTQLCZDPROO-UHFFFAOYSA-N, BQSJTQLCZDPROO-UHFFFAOYSA-N, BQSJTQLCZDPROO-UHFFFAOYSA-N, BQSJTQLCZDPROO-UHFFFAOYSA-N",Launched
fedratinib,"FLT3 inhibitor, JAK inhibitor","BRD4, JAK1, JAK2, JAK3, TYK2",hematologic malignancy,myelofibrosis,"Selleck, Selleck, Selleck, Selleck, Selleck, Selleck, Selleck, Selleck, Selleck, Selleck, Selleck",91.26,"Cc1cnc(Nc2ccc(OCCN3CCCC3)cc2)nc1Nc1cccc(c1)S(=O)(=O)NC(C)(C)C, Cc1cnc(Nc2ccc(OCCN3CCCC3)cc2)nc1Nc1cccc(c1)S(=O)(=O)NC(C)(C)C, Cc1cnc(Nc2ccc(OCCN3CCCC3)cc2)nc1Nc1cccc(c1)S(=O)(=O)NC(C)(C)C, Cc1cnc(Nc2ccc(OCCN3CCCC3)cc2)nc1Nc1cccc(c1)S(=O)(=O)NC(C)(C)C, Cc1cnc(Nc2ccc(OCCN3CCCC3)cc2)nc1Nc1cccc(c1)S(=O)(=O)NC(C)(C)C, Cc1cnc(Nc2ccc(OCCN3CCCC3)cc2)nc1Nc1cccc(c1)S(=O)(=O)NC(C)(C)C, Cc1cnc(Nc2ccc(OCCN3CCCC3)cc2)nc1Nc1cccc(c1)S(=O)(=O)NC(C)(C)C, Cc1cnc(Nc2ccc(OCCN3CCCC3)cc2)nc1Nc1cccc(c1)S(=O)(=O)NC(C)(C)C, Cc1cnc(Nc2ccc(OCCN3CCCC3)cc2)nc1Nc1cccc(c1)S(=O)(=O)NC(C)(C)C, Cc1cnc(Nc2ccc(OCCN3CCCC3)cc2)nc1Nc1cccc(c1)S(=O)(=O)NC(C)(C)C, Cc1cnc(Nc2ccc(OCCN3CCCC3)cc2)nc1Nc1cccc(c1)S(=O)(=O)NC(C)(C)C","JOOXLOJCABQBSG-UHFFFAOYSA-N, JOOXLOJCABQBSG-UHFFFAOYSA-N, JOOXLOJCABQBSG-UHFFFAOYSA-N, JOOXLOJCABQBSG-UHFFFAOYSA-N, JOOXLOJCABQBSG-UHFFFAOYSA-N, JOOXLOJCABQBSG-UHFFFAOYSA-N, JOOXLOJCABQBSG-UHFFFAOYSA-N, JOOXLOJCABQBSG-UHFFFAOYSA-N, JOOXLOJCABQBSG-UHFFFAOYSA-N, JOOXLOJCABQBSG-UHFFFAOYSA-N, JOOXLOJCABQBSG-UHFFFAOYSA-N",Launched
felbamate,glutamate receptor antagonist,"GRIN1, GRIN2A, GRIN2B, GRIN2C, GRIN2D, GRIN3A, GRIN3B",neurology/psychiatry,epilepsy,"Tocris, Tocris, Tocris, Tocris, Tocris, Tocris, Tocris, Selleck, Selleck, Selleck",100,"NC(=O)OCC(COC(N)=O)c1ccccc1, NC(=O)OCC(COC(N)=O)c1ccccc1, NC(=O)OCC(COC(N)=O)c1ccccc1, NC(=O)OCC(COC(N)=O)c1ccccc1, NC(=O)OCC(COC(N)=O)c1ccccc1, NC(=O)OCC(COC(N)=O)c1ccccc1, NC(=O)OCC(COC(N)=O)c1ccccc1, NC(=O)OCC(COC(N)=O)c1ccccc1, NC(=O)OCC(COC(N)=O)c1ccccc1, NC(=O)OCC(COC(N)=O)c1ccccc1","WKGXYQFOCVYPAC-UHFFFAOYSA-N, WKGXYQFOCVYPAC-UHFFFAOYSA-N, WKGXYQFOCVYPAC-UHFFFAOYSA-N, WKGXYQFOCVYPAC-UHFFFAOYSA-N, WKGXYQFOCVYPAC-UHFFFAOYSA-N, WKGXYQFOCVYPAC-UHFFFAOYSA-N, WKGXYQFOCVYPAC-UHFFFAOYSA-N, WKGXYQFOCVYPAC-UHFFFAOYSA-N, WKGXYQFOCVYPAC-UHFFFAOYSA-N, WKGXYQFOCVYPAC-UHFFFAOYSA-N",Launched
felbinac,cyclooxygenase inhibitor,CTSL,"rheumatology, neurology/psychiatry","rheumatoid arthritis, muscle pain","MedChemEx, MicroSource",99.79,"OC(=O)Cc1ccc(cc1)-c1ccccc1, OC(=O)Cc1ccc(cc1)-c1ccccc1","QRZAKQDHEVVFRX-UHFFFAOYSA-N, QRZAKQDHEVVFRX-UHFFFAOYSA-N",Launched
felbinac-ethyl,cyclooxygenase inhibitor,"PTGS1, PTGS2",,,AMS,47.98,CCOC(=O)Cc1ccc(cc1)-c1ccccc1,NPPJLSILDPVHCM-UHFFFAOYSA-N,Launched
felodipine,calcium channel blocker,CFTR,cardiology,hypertension,"Tocris, MicroSource, Selleck, Selleck",98.85,"CCOC(=O)C1=C(C)NC(C)=C([C@@H]1c1cccc(Cl)c1Cl)C(=O)OC |&1:12,r,c:5,10|, CCOC(=O)C1=C(C)NC(C)=C([C@@H]1c1cccc(Cl)c1Cl)C(=O)OC |&1:12,r,c:5,10|, CCOC(=O)C1=C(C)NC(C)=C([C@@H]1c1cccc(Cl)c1Cl)C(=O)OC |&1:12,r,c:5,10|, CCOC(=O)C1=C(C)NC(C)=C([C@@H]1c1cccc(Cl)c1Cl)C(=O)OC |&1:12,r,c:5,10|","RZTAMFZIAATZDJ-HNNXBMFYSA-N, RZTAMFZIAATZDJ-HNNXBMFYSA-N, RZTAMFZIAATZDJ-HNNXBMFYSA-N, RZTAMFZIAATZDJ-HNNXBMFYSA-N",Launched
felypressin,vasopressin receptor agonist,,,,MedChemEx,82.6,[H][C@@]1(Cc2ccccc2)NC(=O)[C@H](Cc2ccccc2)NC(=O)[C@@H](N)CSSC[C@H](NC(=O)[C@H](CC(N)=O)NC(=O)[C@H](CCC(N)=O)NC1=O)C(=O)N1CCC[C@H]1C(=O)N[C@@H](CCCCN)C(=O)NCC(N)=O,SFKQVVDKFKYTNA-HLQBGFAYSA-N,Preclinical
fenaclon,,,,,"MicroSource, MicroSource, Enamine",89.95,"ClCCC(=O)NCCc1ccccc1, ClCCC(=O)NCCc1ccccc1, ClCCC(=O)NCCc1ccccc1","BITWVVLBVUMFHU-UHFFFAOYSA-N, BITWVVLBVUMFHU-UHFFFAOYSA-N, BITWVVLBVUMFHU-UHFFFAOYSA-N",Preclinical
fenbendazole,tubulin polymerization inhibitor,TUBB,infectious disease,"gastrointestinal parasites, gastrointestinal roundworms","Selleck, MicroSource, MicroSource",98.69,"COC(=O)Nc1nc2ccc(Sc3ccccc3)cc2[nH]1, COC(=O)Nc1nc2ccc(Sc3ccccc3)cc2[nH]1, COC(=O)Nc1nc2ccc(Sc3ccccc3)cc2[nH]1","HDDSHPAODJUKPD-UHFFFAOYSA-N, HDDSHPAODJUKPD-UHFFFAOYSA-N, HDDSHPAODJUKPD-UHFFFAOYSA-N",Launched
fenbufen,cyclooxygenase inhibitor,"PTGS1, PTGS2",neurology/psychiatry,pain relief,"MedChemEx, MicroSource",99.5,"OC(=O)CCC(=O)c1ccc(cc1)-c1ccccc1, OC(=O)CCC(=O)c1ccc(cc1)-c1ccccc1","ZPAKPRAICRBAOD-UHFFFAOYSA-N, ZPAKPRAICRBAOD-UHFFFAOYSA-N",Launched
fenclonine-(+/-),tryptophan hydroxylase inhibitor,"PAH, TPH1, TPH2",,,"MicroSource, Tocris",89.42,"N[C@@H](Cc1ccc(Cl)cc1)C(O)=O |&1:1|, N[C@@H](Cc1ccc(Cl)cc1)C(O)=O |&1:1|","NIGWMJHCCYYCSF-QMMMGPOBSA-N, NIGWMJHCCYYCSF-QMMMGPOBSA-N",Preclinical
fendiline,calcium channel blocker,HTR2B,,,"Tocris, Tocris, Tocris, MicroSource, MicroSource, MicroSource",97.8,"C[C@@H](NCCC(c1ccccc1)c1ccccc1)c1ccccc1 |&1:1|, C[C@@H](NCCC(c1ccccc1)c1ccccc1)c1ccccc1 |&1:1|, C[C@@H](NCCC(c1ccccc1)c1ccccc1)c1ccccc1 |&1:1|, C[C@@H](NCCC(c1ccccc1)c1ccccc1)c1ccccc1 |&1:1|, C[C@@H](NCCC(c1ccccc1)c1ccccc1)c1ccccc1 |&1:1|, C[C@@H](NCCC(c1ccccc1)c1ccccc1)c1ccccc1 |&1:1|","NMKSAYKQLCHXDK-LJQANCHMSA-N, NMKSAYKQLCHXDK-LJQANCHMSA-N, NMKSAYKQLCHXDK-LJQANCHMSA-N, NMKSAYKQLCHXDK-LJQANCHMSA-N, NMKSAYKQLCHXDK-LJQANCHMSA-N, NMKSAYKQLCHXDK-LJQANCHMSA-N",Preclinical
fenebrutinib,Bruton's tyrosine kinase (BTK) inhibitor,,,,MedChemEx,95.35,C[C@H]1CN(CCN1c1ccc(Nc2cc(cn(C)c2=O)-c2ccnc(N3CCn4c5CC(C)(C)Cc5cc4C3=O)c2CO)nc1)C1COC1,WNEODWDFDXWOLU-QHCPKHFHSA-N,Phase 2
fenigam,benzodiazepine receptor agonist,"GABBR1, GABBR2",neurology/psychiatry,"posttraumatic stress disorder, anxiety, depression","Vitas-M, Enamine, Enamine",92.36,"NC[C@@H](CC(O)=O)c1ccccc1 |&1:2,r|, NC[C@@H](CC(O)=O)c1ccccc1 |&1:2,r|, NC[C@@H](CC(O)=O)c1ccccc1 |&1:2,r|","DAFOCGYVTAOKAJ-SECBINFHSA-N, DAFOCGYVTAOKAJ-SECBINFHSA-N, DAFOCGYVTAOKAJ-SECBINFHSA-N",Launched
fenipentol,choleretic agent,,gastroenterology,bile stimulation,"MicroSource, Sigma",0,"CCCC[C@@H](O)c1ccccc1 |&1:4,r|, CCCC[C@@H](O)c1ccccc1 |&1:4,r|","OVGORFFCBUIFIA-LLVKDONJSA-N, OVGORFFCBUIFIA-LLVKDONJSA-N",Launched
fenobam,glutamate receptor antagonist,GRM5,,,"Tocris, Tocris, Tocris, Tocris",96.49,"CN1CC(=O)N=C1NC(=O)Nc1cccc(Cl)c1 |c:5|, CN1CC(=O)N=C1NC(=O)Nc1cccc(Cl)c1 |c:5|, CN1CC(=O)N=C1NC(=O)Nc1cccc(Cl)c1 |c:5|, CN1CC(=O)N=C1NC(=O)Nc1cccc(Cl)c1 |c:5|","DWPQODZAOSWNHB-UHFFFAOYSA-N, DWPQODZAOSWNHB-UHFFFAOYSA-N, DWPQODZAOSWNHB-UHFFFAOYSA-N, DWPQODZAOSWNHB-UHFFFAOYSA-N",Phase 2
fenofibrate,PPAR receptor agonist,"MMP25, PPARA",endocrinology,"hypercholesterolemia, hypertriglyceridemia","Tocris, MicroSource, Selleck",99.56,"CC(C)OC(=O)C(C)(C)Oc1ccc(cc1)C(=O)c1ccc(Cl)cc1, CC(C)OC(=O)C(C)(C)Oc1ccc(cc1)C(=O)c1ccc(Cl)cc1, CC(C)OC(=O)C(C)(C)Oc1ccc(cc1)C(=O)c1ccc(Cl)cc1","YMTINGFKWWXKFG-UHFFFAOYSA-N, YMTINGFKWWXKFG-UHFFFAOYSA-N, YMTINGFKWWXKFG-UHFFFAOYSA-N",Launched
fenofibric-acid,cytochrome P450 inhibitor,"CLCN1, PPARA",cardiology,dyslipidemia,"MicroSource, MedChemEx, MedChemEx",98.41,"CC(C)(Oc1ccc(cc1)C(=O)c1ccc(Cl)cc1)C(O)=O, CC(C)(Oc1ccc(cc1)C(=O)c1ccc(Cl)cc1)C(O)=O, CC(C)(Oc1ccc(cc1)C(=O)c1ccc(Cl)cc1)C(O)=O","MQOBSOSZFYZQOK-UHFFFAOYSA-N, MQOBSOSZFYZQOK-UHFFFAOYSA-N, MQOBSOSZFYZQOK-UHFFFAOYSA-N",Launched
fenoldopam,dopamine receptor agonist,"DRD1, DRD4",cardiology,hypertension,"MicroSource, MicroSource",98.42,"Oc1ccc(cc1)[C@H]1CNCCc2c(Cl)c(O)c(O)cc12 |&1:7|, Oc1ccc(cc1)[C@H]1CNCCc2c(Cl)c(O)c(O)cc12 |&1:7|","TVURRHSHRRELCG-CYBMUJFWSA-N, TVURRHSHRRELCG-CYBMUJFWSA-N",Launched
fenoprofen,prostaglandin inhibitor,"PTGS1, SLC5A8",rheumatology,"rheumatoid arthritis, osteoarthritis",MedChemEx,95.93,C[C@@H](C(O)=O)c1cccc(Oc2ccccc2)c1 |&1:1|,RDJGLLICXDHJDY-LLVKDONJSA-N,Launched
fenoterol,adrenergic receptor agonist,ADRB2,,,MedChemEx,96.59,"C[C@@H](Cc1ccc(O)cc1)NC[C@@H](O)c1cc(O)cc(O)c1 |&1:1,12,r|",LSLYOANBFKQKPT-APPDUMDISA-N,Withdrawn
fenoverine,acetylcholine receptor antagonist,,neurology/psychiatry,spasms,Vitas-M,94.91,O=C(CN1CCN(Cc2ccc3OCOc3c2)CC1)N1c2ccccc2Sc2ccccc12,UBAJTZKNDCEGKL-UHFFFAOYSA-N,Launched
fenoxaprop-p-ethyl,,NOS3,,,MedChemEx,94.27,CCOC(=O)[C@@H](C)Oc1ccc(Oc2nc3ccc(Cl)cc3o2)cc1,PQKBPHSEKWERTG-LLVKDONJSA-N,Preclinical
fenretinide,"apoptosis stimulant, retinoid receptor agonist",RARA,,,"MedChemEx, MedChemEx, MedChemEx, MedChemEx, Adooq, Tocris",82.51,"C\C(\C=C\C1=C(C)CCCC1(C)C)=C/C=C/C(/C)=C/C(=O)Nc1ccc(O)cc1 |c:4|, C\C(\C=C\C1=C(C)CCCC1(C)C)=C/C=C/C(/C)=C/C(=O)Nc1ccc(O)cc1 |c:4|, C\C(\C=C\C1=C(C)CCCC1(C)C)=C/C=C/C(/C)=C/C(=O)Nc1ccc(O)cc1 |c:4|, C\C(\C=C\C1=C(C)CCCC1(C)C)=C/C=C/C(/C)=C/C(=O)Nc1ccc(O)cc1 |c:4|, C\C(\C=C\C1=C(C)CCCC1(C)C)=C/C=C/C(/C)=C/C(=O)Nc1ccc(O)cc1 |c:4|, C\C(\C=C\C1=C(C)CCCC1(C)C)=C/C=C/C(/C)=C/C(=O)Nc1ccc(O)cc1 |c:4|","AKJHMTWEGVYYSE-FXILSDISSA-N, AKJHMTWEGVYYSE-FXILSDISSA-N, AKJHMTWEGVYYSE-FXILSDISSA-N, AKJHMTWEGVYYSE-FXILSDISSA-N, AKJHMTWEGVYYSE-FXILSDISSA-N, AKJHMTWEGVYYSE-FXILSDISSA-N",Phase 3
fenspiride,bronchodilator,,"pulmonary, otolaryngology","asthma, otitis, sinusitis, rhinopharyngitis, laryngitis","MedChemEx, Selleck, MicroSource",98.6,"O=C1NCC2(CCN(CCc3ccccc3)CC2)O1, O=C1NCC2(CCN(CCc3ccccc3)CC2)O1, O=C1NCC2(CCN(CCc3ccccc3)CC2)O1","FVNFBBAOMBJTST-UHFFFAOYSA-N, FVNFBBAOMBJTST-UHFFFAOYSA-N, FVNFBBAOMBJTST-UHFFFAOYSA-N",Launched
fenthion,cholinesterase inhibitor,,,,MicroSource,78.04,COP(=S)(OC)Oc1ccc(SC)c(C)c1,PNVJTZOFSHSLTO-UHFFFAOYSA-N,Launched
fentiazac,cyclooxygenase inhibitor,"PTGS1, PTGS2","neurology/psychiatry, rheumatology","muscle pain, joint pain","PrincetonBio, Prestwick",97.7,"OC(=O)Cc1sc(nc1-c1ccc(Cl)cc1)-c1ccccc1, OC(=O)Cc1sc(nc1-c1ccc(Cl)cc1)-c1ccccc1","JIEKMACRVQTPRC-UHFFFAOYSA-N, JIEKMACRVQTPRC-UHFFFAOYSA-N",Launched
fenticonazole,bacterial cell wall synthesis inhibitor,,infectious disease,vulvovaginal candidiasis,"MedChemEx, Selleck, Selleck",98.76,"Clc1ccc([C@@H](Cn2ccnc2)OCc2ccc(Sc3ccccc3)cc2)c(Cl)c1 |&1:5|, Clc1ccc([C@@H](Cn2ccnc2)OCc2ccc(Sc3ccccc3)cc2)c(Cl)c1 |&1:5|, Clc1ccc([C@@H](Cn2ccnc2)OCc2ccc(Sc3ccccc3)cc2)c(Cl)c1 |&1:5|","ZCJYUTQZBAIHBS-XMMPIXPASA-N, ZCJYUTQZBAIHBS-XMMPIXPASA-N, ZCJYUTQZBAIHBS-XMMPIXPASA-N",Launched
FERb-033,EGFR inhibitor,ERBB2,,,"Tocris, Tocris, Tocris",94.02,"O\N=C\c1ccc(c(Cl)c1O)-c1ccc(O)c(F)c1, O\N=C\c1ccc(c(Cl)c1O)-c1ccc(O)c(F)c1, O\N=C\c1ccc(c(Cl)c1O)-c1ccc(O)c(F)c1","LRRMQNGSYOUANY-OMCISZLKSA-N, LRRMQNGSYOUANY-OMCISZLKSA-N, LRRMQNGSYOUANY-OMCISZLKSA-N",Preclinical
ferroquine,antimalarial agent,,,,MedChemEx,97.4,"CN(C)CC1=CC=C[C@@]1(CNc1ccnc2cc(Cl)ccc12)[Fe]C1C=CC=C1 |&1:8,r,c:6,27,29,t:4|",UZTPLPOYSVSMBU-UHFFFAOYSA-N,Phase 2
ferrostatin-1,ferroptosis inhibitor,,,,"Tocris, Selleck, Tocris, Selleck",87.75,"CCOC(=O)c1ccc(NC2CCCCC2)c(N)c1, CCOC(=O)c1ccc(NC2CCCCC2)c(N)c1, CCOC(=O)c1ccc(NC2CCCCC2)c(N)c1, CCOC(=O)c1ccc(NC2CCCCC2)c(N)c1","UJHBVMHOBZBWMX-UHFFFAOYSA-N, UJHBVMHOBZBWMX-UHFFFAOYSA-N, UJHBVMHOBZBWMX-UHFFFAOYSA-N, UJHBVMHOBZBWMX-UHFFFAOYSA-N",Preclinical
ferulic-acid,antioxidant,"CA1, CA12, CA14, CA2, CA4, CA6, CA9",,,"MedChemEx, MedChemEx, Selleck, Selleck, Selleck",95.29,"COc1cc(\C=C\C(O)=O)ccc1O, COc1cc(\C=C\C(O)=O)ccc1O, COc1cc(\C=C\C(O)=O)ccc1O, COc1cc(\C=C\C(O)=O)ccc1O, COc1cc(\C=C\C(O)=O)ccc1O","KSEBMYQBYZTDHS-HWKANZROSA-N, KSEBMYQBYZTDHS-HWKANZROSA-N, KSEBMYQBYZTDHS-HWKANZROSA-N, KSEBMYQBYZTDHS-HWKANZROSA-N, KSEBMYQBYZTDHS-HWKANZROSA-N",Phase 2
fesoterodine,acetylcholine receptor antagonist,"CHRM1, CHRM2, CHRM3, CHRM4, CHRM5",urology,urinary incontinence,"MedChemEx, Selleck, Selleck",91.18,"CC(C)N(CC[C@H](c1ccccc1)c1cc(CO)ccc1OC(=O)C(C)C)C(C)C, CC(C)N(CC[C@H](c1ccccc1)c1cc(CO)ccc1OC(=O)C(C)C)C(C)C, CC(C)N(CC[C@H](c1ccccc1)c1cc(CO)ccc1OC(=O)C(C)C)C(C)C","DCCSDBARQIPTGU-HSZRJFAPSA-N, DCCSDBARQIPTGU-HSZRJFAPSA-N, DCCSDBARQIPTGU-HSZRJFAPSA-N",Launched
fevipiprant,prostaglandin inhibitor,,,,MedChemEx,95.33,Cc1c(CC(O)=O)c2cccnc2n1Cc1ccc(cc1C(F)(F)F)S(C)(=O)=O,GFPPXZDRVCSVNR-UHFFFAOYSA-N,Phase 2
fexaramine,FXR agonist,NR1H4,,,"Tocris, Tocris, Tocris",86.74,"COC(=O)\C=C\c1cccc(c1)N(Cc1ccc(cc1)-c1ccc(cc1)N(C)C)C(=O)C1CCCCC1, COC(=O)\C=C\c1cccc(c1)N(Cc1ccc(cc1)-c1ccc(cc1)N(C)C)C(=O)C1CCCCC1, COC(=O)\C=C\c1cccc(c1)N(Cc1ccc(cc1)-c1ccc(cc1)N(C)C)C(=O)C1CCCCC1","VLQTUNDJHLEFEQ-KGENOOAVSA-N, VLQTUNDJHLEFEQ-KGENOOAVSA-N, VLQTUNDJHLEFEQ-KGENOOAVSA-N",Preclinical
fexinidazole,,,,,Ark,99.04,CSc1ccc(OCc2ncc(n2C)[N+]([O-])=O)cc1,MIWWSGDADVMLTG-UHFFFAOYSA-N,Phase 3
fexofenadine,histamine receptor antagonist,HRH1,allergy,"allergic rhinitis, urticaria","MicroSource, Tocris, Tocris, Selleck",98.09,"CC(C)(C(O)=O)c1ccc(cc1)[C@@H](O)CCCN1CCC(CC1)C(O)(c1ccccc1)c1ccccc1 |&1:12|, CC(C)(C(O)=O)c1ccc(cc1)[C@@H](O)CCCN1CCC(CC1)C(O)(c1ccccc1)c1ccccc1 |&1:12|, CC(C)(C(O)=O)c1ccc(cc1)[C@@H](O)CCCN1CCC(CC1)C(O)(c1ccccc1)c1ccccc1 |&1:12|, CC(C)(C(O)=O)c1ccc(cc1)[C@@H](O)CCCN1CCC(CC1)C(O)(c1ccccc1)c1ccccc1 |&1:12|","RWTNPBWLLIMQHL-LJAQVGFWSA-N, RWTNPBWLLIMQHL-LJAQVGFWSA-N, RWTNPBWLLIMQHL-LJAQVGFWSA-N, RWTNPBWLLIMQHL-LJAQVGFWSA-N",Launched
fezolinetant,neurokinin receptor antagonist,,,,MedChemEx,95.34,C[C@H]1N(CCn2c1nnc2-c1nc(C)ns1)C(=O)c1ccc(F)cc1,PPSNFPASKFYPMN-SECBINFHSA-N,Phase 2
FG-2216,hypoxia inducible factor prolyl hydroxylase inhibitor,"EGLN1, EGLN2, HIF1A",,,MedChemEx,96.03,OC(=O)CNC(=O)c1nc(Cl)c2ccccc2c1O,OUQVKRKGTAUJQA-UHFFFAOYSA-N,Phase 2
FG-4592,hypoxia inducible factor prolyl hydroxylase inhibitor,"EGLN1, EGLN2, EGLN3",,,"Selleck, Selleck, Selleck, Selleck, Selleck",93.33,"Cc1nc(C(=O)NCC(O)=O)c(O)c2ccc(Oc3ccccc3)cc12, Cc1nc(C(=O)NCC(O)=O)c(O)c2ccc(Oc3ccccc3)cc12, Cc1nc(C(=O)NCC(O)=O)c(O)c2ccc(Oc3ccccc3)cc12, Cc1nc(C(=O)NCC(O)=O)c(O)c2ccc(Oc3ccccc3)cc12, Cc1nc(C(=O)NCC(O)=O)c(O)c2ccc(Oc3ccccc3)cc12","YOZBGTLTNGAVFU-UHFFFAOYSA-N, YOZBGTLTNGAVFU-UHFFFAOYSA-N, YOZBGTLTNGAVFU-UHFFFAOYSA-N, YOZBGTLTNGAVFU-UHFFFAOYSA-N, YOZBGTLTNGAVFU-UHFFFAOYSA-N",Phase 3
FG-7142,GABA benzodiazepine site receptor inverse agonist,,,,"Tocris, Tocris, Tocris, Tocris",97.73,"CNC(=O)c1cc2c(cn1)[nH]c1ccccc21, CNC(=O)c1cc2c(cn1)[nH]c1ccccc21, CNC(=O)c1cc2c(cn1)[nH]c1ccccc21, CNC(=O)c1cc2c(cn1)[nH]c1ccccc21","QMCOPDWHWYSJSA-UHFFFAOYSA-N, QMCOPDWHWYSJSA-UHFFFAOYSA-N, QMCOPDWHWYSJSA-UHFFFAOYSA-N, QMCOPDWHWYSJSA-UHFFFAOYSA-N",Preclinical
FGIN-1-27,inositol monophosphatase inhibitor,TSPO,,,"Tocris, Tocris, Tocris, Tocris",96.53,"CCCCCCN(CCCCCC)C(=O)Cc1c([nH]c2ccccc12)-c1ccc(F)cc1, CCCCCCN(CCCCCC)C(=O)Cc1c([nH]c2ccccc12)-c1ccc(F)cc1, CCCCCCN(CCCCCC)C(=O)Cc1c([nH]c2ccccc12)-c1ccc(F)cc1, CCCCCCN(CCCCCC)C(=O)Cc1c([nH]c2ccccc12)-c1ccc(F)cc1","VUWXAQFLTSBUDB-UHFFFAOYSA-N, VUWXAQFLTSBUDB-UHFFFAOYSA-N, VUWXAQFLTSBUDB-UHFFFAOYSA-N, VUWXAQFLTSBUDB-UHFFFAOYSA-N",Preclinical
FGIN-1-43,benzodiazepine receptor agonist,TSPO,,,"Tocris, Tocris, Tocris, Tocris, Tocris",98.62,"CCCCCCN(CCCCCC)C(=O)Cc1c([nH]c2ccc(Cl)cc12)-c1ccc(Cl)cc1, CCCCCCN(CCCCCC)C(=O)Cc1c([nH]c2ccc(Cl)cc12)-c1ccc(Cl)cc1, CCCCCCN(CCCCCC)C(=O)Cc1c([nH]c2ccc(Cl)cc12)-c1ccc(Cl)cc1, CCCCCCN(CCCCCC)C(=O)Cc1c([nH]c2ccc(Cl)cc12)-c1ccc(Cl)cc1, CCCCCCN(CCCCCC)C(=O)Cc1c([nH]c2ccc(Cl)cc12)-c1ccc(Cl)cc1","XTZUPNNVXIMWAR-UHFFFAOYSA-N, XTZUPNNVXIMWAR-UHFFFAOYSA-N, XTZUPNNVXIMWAR-UHFFFAOYSA-N, XTZUPNNVXIMWAR-UHFFFAOYSA-N, XTZUPNNVXIMWAR-UHFFFAOYSA-N",Preclinical
FH-535,"PPAR receptor antagonist, WNT signaling inhibitor","PPARD, PPARG",,,"Tocris, Tocris",95.44,"Cc1cc(ccc1NS(=O)(=O)c1cc(Cl)ccc1Cl)[N+]([O-])=O, Cc1cc(ccc1NS(=O)(=O)c1cc(Cl)ccc1Cl)[N+]([O-])=O","AXNUEXXEQGQWPA-UHFFFAOYSA-N, AXNUEXXEQGQWPA-UHFFFAOYSA-N",Preclinical
FH1,hepatocyte function enhancer,,,,"Selleck, Tocris",97.97,"CC(=O)Nc1ccc(Cc2ccc(NC(C)=O)cc2)cc1, CC(=O)Nc1ccc(Cc2ccc(NC(C)=O)cc2)cc1","OEXMNSOPAKOPEF-UHFFFAOYSA-N, OEXMNSOPAKOPEF-UHFFFAOYSA-N",Preclinical
fiacitabine,DNA synthesis inhibitor,,,,"MedChemEx, MedChemEx",99.3,"Nc1nc(=O)n(cc1I)[C@@H]1O[C@H](CO)[C@@H](O)[C@@H]1F, Nc1nc(=O)n(cc1I)[C@@H]1O[C@H](CO)[C@@H](O)[C@@H]1F","GIMSJJHKKXRFGV-BYPJNBLXSA-N, GIMSJJHKKXRFGV-BYPJNBLXSA-N",Phase 2
fidarestat,aldose reductase inhibitor,AKR1B1,,,"Vitas-M, Vitas-M",88.01,"NC(=O)[C@H]1C[C@]2(NC(=O)NC2=O)c2cc(F)ccc2O1 |&1:3,&2:5,r|, NC(=O)[C@H]1C[C@]2(NC(=O)NC2=O)c2cc(F)ccc2O1 |&1:3,&2:5,r|","WAAPEIZFCHNLKK-PELKAZGASA-N, WAAPEIZFCHNLKK-PELKAZGASA-N",Phase 3
fidaxomicin,RNA polymerase inhibitor,,gastroenterology,diarrhea,MedChemEx,88.01,"CC[C@H]1\C=C(C)\[C@@H](O)C\C=C\C=C(CO[C@@H]2O[C@H](C)[C@@H](OC(=O)c3c(O)c(Cl)c(O)c(Cl)c3CC)[C@H](O)[C@@H]2OC)\C(=O)O[C@@H](C\C=C(/C)\C=C(C)\[C@@H]1O[C@@H]1OC(C)(C)[C@@H](OC(=O)C(C)C)[C@H](O)[C@@H]1O)[C@@H](C)O |c:3,11,47,50,t:9|",ZVGNESXIJDCBKN-UUEYKCAUSA-N,Launched
filanesib,"kinesin inhibitor, kinesin-like spindle protein inhibitor",KIF11,,,"MedChemEx, MedChemEx, MedChemEx, MedChemEx, MedChemEx, MedChemEx",85.47,"CON(C)C(=O)N1N=C(S[C@@]1(CCCN)c1ccccc1)c1cc(F)ccc1F |c:7|, CON(C)C(=O)N1N=C(S[C@@]1(CCCN)c1ccccc1)c1cc(F)ccc1F |c:7|, CON(C)C(=O)N1N=C(S[C@@]1(CCCN)c1ccccc1)c1cc(F)ccc1F |c:7|, CON(C)C(=O)N1N=C(S[C@@]1(CCCN)c1ccccc1)c1cc(F)ccc1F |c:7|, CON(C)C(=O)N1N=C(S[C@@]1(CCCN)c1ccccc1)c1cc(F)ccc1F |c:7|, CON(C)C(=O)N1N=C(S[C@@]1(CCCN)c1ccccc1)c1cc(F)ccc1F |c:7|","LLXISKGBWFTGEI-FQEVSTJZSA-N, LLXISKGBWFTGEI-FQEVSTJZSA-N, LLXISKGBWFTGEI-FQEVSTJZSA-N, LLXISKGBWFTGEI-FQEVSTJZSA-N, LLXISKGBWFTGEI-FQEVSTJZSA-N, LLXISKGBWFTGEI-FQEVSTJZSA-N",Phase 3
filgotinib,JAK inhibitor,"JAK1, JAK2, JAK3, TYK2",,,"MedChemEx, MedChemEx, MedChemEx, MedChemEx, MedChemEx",96.83,"O=C(Nc1nc2cccc(-c3ccc(CN4CCS(=O)(=O)CC4)cc3)n2n1)C1CC1, O=C(Nc1nc2cccc(-c3ccc(CN4CCS(=O)(=O)CC4)cc3)n2n1)C1CC1, O=C(Nc1nc2cccc(-c3ccc(CN4CCS(=O)(=O)CC4)cc3)n2n1)C1CC1, O=C(Nc1nc2cccc(-c3ccc(CN4CCS(=O)(=O)CC4)cc3)n2n1)C1CC1, O=C(Nc1nc2cccc(-c3ccc(CN4CCS(=O)(=O)CC4)cc3)n2n1)C1CC1","RIJLVEAXPNLDTC-UHFFFAOYSA-N, RIJLVEAXPNLDTC-UHFFFAOYSA-N, RIJLVEAXPNLDTC-UHFFFAOYSA-N, RIJLVEAXPNLDTC-UHFFFAOYSA-N, RIJLVEAXPNLDTC-UHFFFAOYSA-N",Phase 3
fimasartan,angiotensin receptor antagonist,AGTR1,cardiology,"hypertension, congestive heart failure","MedChemEx, MedChemEx, MedChemEx",89.33,"CCCCc1nc(C)c(CC(=S)N(C)C)c(=O)n1Cc1ccc(cc1)-c1ccccc1-c1nn[nH]n1, CCCCc1nc(C)c(CC(=S)N(C)C)c(=O)n1Cc1ccc(cc1)-c1ccccc1-c1nn[nH]n1, CCCCc1nc(C)c(CC(=S)N(C)C)c(=O)n1Cc1ccc(cc1)-c1ccccc1-c1nn[nH]n1","AMEROGPZOLAFBN-UHFFFAOYSA-N, AMEROGPZOLAFBN-UHFFFAOYSA-N, AMEROGPZOLAFBN-UHFFFAOYSA-N",Launched
finafloxacin,bacterial DNA gyrase inhibitor,,"infectious disease, pulmonary","intra-abdominal infections, chronic obstructive pulmonary disease (COPD), cystic fibrosis","MedChemEx, SantaCruz, SantaCruz",95.28,"OC(=O)c1cn(C2CC2)c2c(C#N)c(N3C[C@@H]4NCCO[C@H]4C3)c(F)cc2c1=O, OC(=O)c1cn(C2CC2)c2c(C#N)c(N3C[C@@H]4NCCO[C@H]4C3)c(F)cc2c1=O, OC(=O)c1cn(C2CC2)c2c(C#N)c(N3C[C@@H]4NCCO[C@H]4C3)c(F)cc2c1=O","FYMHQCNFKNMJAV-HOTGVXAUSA-N, FYMHQCNFKNMJAV-HOTGVXAUSA-N, FYMHQCNFKNMJAV-HOTGVXAUSA-N",Launched
finasteride,5 alpha reductase inhibitor,"AKR1D1, SRD5A1, SRD5A2",endocrinology,androgenetic alopecia,"MicroSource, MicroSource, Tocris, Tocris, Selleck",98.29,"CC(C)(C)NC(=O)[C@H]1CC[C@H]2[C@@H]3CC[C@H]4NC(=O)C=C[C@]4(C)[C@H]3CC[C@]12C |c:18|, CC(C)(C)NC(=O)[C@H]1CC[C@H]2[C@@H]3CC[C@H]4NC(=O)C=C[C@]4(C)[C@H]3CC[C@]12C |c:18|, CC(C)(C)NC(=O)[C@H]1CC[C@H]2[C@@H]3CC[C@H]4NC(=O)C=C[C@]4(C)[C@H]3CC[C@]12C |c:18|, CC(C)(C)NC(=O)[C@H]1CC[C@H]2[C@@H]3CC[C@H]4NC(=O)C=C[C@]4(C)[C@H]3CC[C@]12C |c:18|, CC(C)(C)NC(=O)[C@H]1CC[C@H]2[C@@H]3CC[C@H]4NC(=O)C=C[C@]4(C)[C@H]3CC[C@]12C |c:18|","DBEPLOCGEIEOCV-WSBQPABSSA-N, DBEPLOCGEIEOCV-WSBQPABSSA-N, DBEPLOCGEIEOCV-WSBQPABSSA-N, DBEPLOCGEIEOCV-WSBQPABSSA-N, DBEPLOCGEIEOCV-WSBQPABSSA-N",Launched
fingolimod,"immunosuppressant, sphingosine 1-phosphate receptor agonist","S1PR1, S1PR5",neurology/psychiatry,multiple sclerosis,"MedChemEx, MedChemEx, Selleck, Selleck, Selleck, Selleck, Selleck, Selleck, Selleck, Selleck, Selleck",95.28,"CCCCCCCCc1ccc(CCC(N)(CO)CO)cc1, CCCCCCCCc1ccc(CCC(N)(CO)CO)cc1, CCCCCCCCc1ccc(CCC(N)(CO)CO)cc1, CCCCCCCCc1ccc(CCC(N)(CO)CO)cc1, CCCCCCCCc1ccc(CCC(N)(CO)CO)cc1, CCCCCCCCc1ccc(CCC(N)(CO)CO)cc1, CCCCCCCCc1ccc(CCC(N)(CO)CO)cc1, CCCCCCCCc1ccc(CCC(N)(CO)CO)cc1, CCCCCCCCc1ccc(CCC(N)(CO)CO)cc1, CCCCCCCCc1ccc(CCC(N)(CO)CO)cc1, CCCCCCCCc1ccc(CCC(N)(CO)CO)cc1","KKGQTZUTZRNORY-UHFFFAOYSA-N, KKGQTZUTZRNORY-UHFFFAOYSA-N, KKGQTZUTZRNORY-UHFFFAOYSA-N, KKGQTZUTZRNORY-UHFFFAOYSA-N, KKGQTZUTZRNORY-UHFFFAOYSA-N, KKGQTZUTZRNORY-UHFFFAOYSA-N, KKGQTZUTZRNORY-UHFFFAOYSA-N, KKGQTZUTZRNORY-UHFFFAOYSA-N, KKGQTZUTZRNORY-UHFFFAOYSA-N, KKGQTZUTZRNORY-UHFFFAOYSA-N, KKGQTZUTZRNORY-UHFFFAOYSA-N",Launched
fipexide,psychoactive drug,,,,MicroSource,98.95,Clc1ccc(OCC(=O)N2CCN(Cc3ccc4OCOc4c3)CC2)cc1,BFUJHVVEMMWLHC-UHFFFAOYSA-N,Withdrawn
FIPI,phospholipase inhibitor,"PLD1, PLD2",,,"Tocris, Tocris",97.99,"Fc1ccc2[nH]c(cc2c1)C(=O)NCCN1CCC(CC1)n1c2ccccc2[nH]c1=O, Fc1ccc2[nH]c(cc2c1)C(=O)NCCN1CCC(CC1)n1c2ccccc2[nH]c1=O","LHABRXRGDLASIH-UHFFFAOYSA-N, LHABRXRGDLASIH-UHFFFAOYSA-N",Preclinical
fipronil,"chloride channel blocker, GABA gated chloride channel blocker",,infectious disease,flea control,"MicroSource, Sigma",97.11,"Nc1c(c(nn1-c1c(Cl)cc(cc1Cl)C(F)(F)F)C#N)[S@@](=O)C(F)(F)F |&1:20,r|, Nc1c(c(nn1-c1c(Cl)cc(cc1Cl)C(F)(F)F)C#N)[S@@](=O)C(F)(F)F |&1:20,r|","ZOCSXAVNDGMNBV-AREMUKBSSA-N, ZOCSXAVNDGMNBV-AREMUKBSSA-N",Launched
firategrast,integrin antagonist,ITGA4,,,"MedChemEx, MedChemEx, MedChemEx, MedChemEx, MedChemEx, MedChemEx, MedChemEx, MedChemEx",99.31,"CCOCc1cc(OC)c(c(OC)c1)-c1ccc(C[C@H](NC(=O)c2c(F)cccc2F)C(O)=O)cc1, CCOCc1cc(OC)c(c(OC)c1)-c1ccc(C[C@H](NC(=O)c2c(F)cccc2F)C(O)=O)cc1, CCOCc1cc(OC)c(c(OC)c1)-c1ccc(C[C@H](NC(=O)c2c(F)cccc2F)C(O)=O)cc1, CCOCc1cc(OC)c(c(OC)c1)-c1ccc(C[C@H](NC(=O)c2c(F)cccc2F)C(O)=O)cc1, CCOCc1cc(OC)c(c(OC)c1)-c1ccc(C[C@H](NC(=O)c2c(F)cccc2F)C(O)=O)cc1, CCOCc1cc(OC)c(c(OC)c1)-c1ccc(C[C@H](NC(=O)c2c(F)cccc2F)C(O)=O)cc1, CCOCc1cc(OC)c(c(OC)c1)-c1ccc(C[C@H](NC(=O)c2c(F)cccc2F)C(O)=O)cc1, CCOCc1cc(OC)c(c(OC)c1)-c1ccc(C[C@H](NC(=O)c2c(F)cccc2F)C(O)=O)cc1","YLFZHHDVRSYTKT-NRFANRHFSA-N, YLFZHHDVRSYTKT-NRFANRHFSA-N, YLFZHHDVRSYTKT-NRFANRHFSA-N, YLFZHHDVRSYTKT-NRFANRHFSA-N, YLFZHHDVRSYTKT-NRFANRHFSA-N, YLFZHHDVRSYTKT-NRFANRHFSA-N, YLFZHHDVRSYTKT-NRFANRHFSA-N, YLFZHHDVRSYTKT-NRFANRHFSA-N",Phase 2
firocoxib,cyclooxygenase inhibitor,PTGS2,rheumatology,osteoarthritis,MicroSource,99.46,CC1(C)OC(=O)C(OCC2CC2)=C1c1ccc(cc1)S(C)(=O)=O |c:12|,FULAPETWGIGNMT-UHFFFAOYSA-N,Launched
firsocostat,acetyl-CoA carboxylase inhibitor,,,,MedChemEx,94.78,COc1ccccc1[C@H](Cn1c2sc(c(C)c2c(=O)n(c1=O)C(C)(C)C(O)=O)-c1ncco1)OC1CCOCC1,ZZWWXIBKLBMSCS-FQEVSTJZSA-N,Phase 2
fisetin,Aurora kinase inhibitor,"CDK6, FASN",,,"MedChemEx, MedChemEx, Selleck, Selleck",99.4,"Oc1ccc2c(c1)oc(-c1ccc(O)c(O)c1)c(O)c2=O, Oc1ccc2c(c1)oc(-c1ccc(O)c(O)c1)c(O)c2=O, Oc1ccc2c(c1)oc(-c1ccc(O)c(O)c1)c(O)c2=O, Oc1ccc2c(c1)oc(-c1ccc(O)c(O)c1)c(O)c2=O","XHEFDIBZLJXQHF-UHFFFAOYSA-N, XHEFDIBZLJXQHF-UHFFFAOYSA-N, XHEFDIBZLJXQHF-UHFFFAOYSA-N, XHEFDIBZLJXQHF-UHFFFAOYSA-N",Preclinical
fisogatinib,fibroblast growth factor inhibitor,,,,MedChemEx,93.64,COc1cc(OC)c(Cl)c(c1Cl)-c1ccc2nc(N[C@@H]3COCC[C@@H]3NC(=O)C=C)ncc2c1,MGZKYOAQVGSSGC-DLBZAZTESA-N,Phase 1
FIT,opioid receptor agonist,OPRD1,,,Tocris,8.53,CCC(=O)N(C1CCN(CCc2ccc(cc2)N=C=S)CC1)c1ccccc1,VDKBIFPJULZUPU-UHFFFAOYSA-N,Preclinical
FK-33-824,opioid receptor agonist,OPRM1,,,"Enzo, Enzo",81.78,"C[C@H](NC(=O)[C@@H](N)Cc1ccc(O)cc1)C(=O)NCC(=O)N(C)[C@@H](Cc1ccccc1)C(=O)N[C@H](CO)CC[S@@](C)=O |a:1,5,23,34,&1:39|, C[C@H](NC(=O)[C@@H](N)Cc1ccc(O)cc1)C(=O)NCC(=O)N(C)[C@@H](Cc1ccccc1)C(=O)N[C@H](CO)CC[S@@](C)=O |a:1,5,23,34,&1:39|","HYZHONGSQNXMPH-YJRDZJJMSA-N, HYZHONGSQNXMPH-YJRDZJJMSA-N",Phase 2
FK-3311,cyclooxygenase inhibitor,PTGS2,,,"MedChemEx, MedChemEx, Tocris",95.84,"CC(=O)c1ccc(NS(C)(=O)=O)c(Oc2ccc(F)cc2F)c1, CC(=O)c1ccc(NS(C)(=O)=O)c(Oc2ccc(F)cc2F)c1, CC(=O)c1ccc(NS(C)(=O)=O)c(Oc2ccc(F)cc2F)c1","DIIYLGZNZGPXRR-UHFFFAOYSA-N, DIIYLGZNZGPXRR-UHFFFAOYSA-N, DIIYLGZNZGPXRR-UHFFFAOYSA-N",Phase 2
FK-409,guanylyl cyclase activator,,,,Sigma,100,"CC\C(=C/C(=N/O)/C(N)=O)[C@@H](C)[N+]([O-])=O |&1:10,r|",MZAGXDHQGXUDDX-FGCOBAPNSA-N,Phase 2
FK-866,niacinamide phosphoribosyltransferase inhibitor,NAMPT,,,"Enzo, Enzo",93.54,"O=C(NCCCCC1CCN(CC1)C(=O)c1ccccc1)\C=C\c1cccnc1, O=C(NCCCCC1CCN(CC1)C(=O)c1ccccc1)\C=C\c1cccnc1","KPBNHDGDUADAGP-VAWYXSNFSA-N, KPBNHDGDUADAGP-VAWYXSNFSA-N",Phase 2
FK-888,tachykinin antagonist,"TACR1, TACR2",,,"Tocris, Tocris, Tocris, Tocris",97.91,"CN(Cc1ccccc1)C(=O)[C@H](Cc1ccc2ccccc2c1)NC(=O)[C@@H]1C[C@@H](O)CN1C(=O)c1cn(C)c2ccccc12, CN(Cc1ccccc1)C(=O)[C@H](Cc1ccc2ccccc2c1)NC(=O)[C@@H]1C[C@@H](O)CN1C(=O)c1cn(C)c2ccccc12, CN(Cc1ccccc1)C(=O)[C@H](Cc1ccc2ccccc2c1)NC(=O)[C@@H]1C[C@@H](O)CN1C(=O)c1cn(C)c2ccccc12, CN(Cc1ccccc1)C(=O)[C@H](Cc1ccc2ccccc2c1)NC(=O)[C@@H]1C[C@@H](O)CN1C(=O)c1cn(C)c2ccccc12","BFNKQTIJVFGCKQ-PDJGWCFMSA-N, BFNKQTIJVFGCKQ-PDJGWCFMSA-N, BFNKQTIJVFGCKQ-PDJGWCFMSA-N, BFNKQTIJVFGCKQ-PDJGWCFMSA-N",Phase 2
FK-962,somatostatin receptor agonist,,,,"Enamine, Enamine",98.54,"CC(=O)N1CCC(CC1)NC(=O)c1ccc(F)cc1, CC(=O)N1CCC(CC1)NC(=O)c1ccc(F)cc1","VBHVOHJOTMCSBQ-UHFFFAOYSA-N, VBHVOHJOTMCSBQ-UHFFFAOYSA-N",Phase 2
flavin-adenine-dinucleotide,,"ACAD8, ACADM, ACADS, ACOX1, AIFM1, CYB5R1, CYB5R3, DAO, DLD, DPYD, ERO1LB, FDXR, GCDH, GFER, GSR, IL4I1, IVD, MAOA, MAOB, NOS1, NQO1, NQO2, POR, TXNRD1, XDH",,,CombiBlocks,73.4,"Cc1cc2nc3c(nc(=O)[nH]c3=O)n(C[C@H](O)[C@H](O)[C@H](O)CO[P@@](O)(=O)O[P@@](O)(=O)OC[C@H]3O[C@H]([C@H](O)[C@@H]3O)n3cnc4c(N)ncnc34)c2cc1C |a:15,17,19,32,34,35,37,&1:23,&2:27|",VWWQXMAJTJZDQX-UYBVJOGSSA-N,Preclinical
flavoxate,acetylcholine receptor antagonist,"CHRM1, CHRM2",urology,"urinary incontinence, interstitial cystitis (IC), urethritis, prostatitis","Selleck, Selleck",96.85,"Cc1c(oc2c(cccc2c1=O)C(=O)OCCN1CCCCC1)-c1ccccc1, Cc1c(oc2c(cccc2c1=O)C(=O)OCCN1CCCCC1)-c1ccccc1","SPIUTQOUKAMGCX-UHFFFAOYSA-N, SPIUTQOUKAMGCX-UHFFFAOYSA-N",Launched
flecainide,sodium channel blocker,"KCNA5, KCNA7, SCN5A",cardiology,"ventricular tachycardia (VT), atrial fibrillation (AF), ventricular arrhythmias","Tocris, Tocris, MicroSource, MicroSource, Tocris, Tocris",96.6,"FC(F)(F)COc1ccc(OCC(F)(F)F)c(c1)C(=O)NCC1CCCCN1, FC(F)(F)COc1ccc(OCC(F)(F)F)c(c1)C(=O)NCC1CCCCN1, FC(F)(F)COc1ccc(OCC(F)(F)F)c(c1)C(=O)NCC1CCCCN1, FC(F)(F)COc1ccc(OCC(F)(F)F)c(c1)C(=O)NCC1CCCCN1, FC(F)(F)COc1ccc(OCC(F)(F)F)c(c1)C(=O)NCC1CCCCN1, FC(F)(F)COc1ccc(OCC(F)(F)F)c(c1)C(=O)NCC1CCCCN1","DJBNUMBKLMJRSA-UHFFFAOYSA-N, DJBNUMBKLMJRSA-UHFFFAOYSA-N, DJBNUMBKLMJRSA-UHFFFAOYSA-N, DJBNUMBKLMJRSA-UHFFFAOYSA-N, DJBNUMBKLMJRSA-UHFFFAOYSA-N, DJBNUMBKLMJRSA-UHFFFAOYSA-N",Launched
fleroxacin,topoisomerase inhibitor,TOP2A,"infectious disease, gastroenterology","gonorrhea, enteritis, diarrhea, respiratory tract infections","MedChemEx, Selleck, Selleck, Selleck",99.55,"CN1CCN(CC1)c1c(F)cc2c(c1F)n(CCF)cc(C(O)=O)c2=O, CN1CCN(CC1)c1c(F)cc2c(c1F)n(CCF)cc(C(O)=O)c2=O, CN1CCN(CC1)c1c(F)cc2c(c1F)n(CCF)cc(C(O)=O)c2=O, CN1CCN(CC1)c1c(F)cc2c(c1F)n(CCF)cc(C(O)=O)c2=O","XBJBPGROQZJDOJ-UHFFFAOYSA-N, XBJBPGROQZJDOJ-UHFFFAOYSA-N, XBJBPGROQZJDOJ-UHFFFAOYSA-N, XBJBPGROQZJDOJ-UHFFFAOYSA-N",Launched
FLI-06,notch signaling inhibitor,,,,"Tocris, Tocris, Selleck, Selleck, Tocris, Tocris, Selleck, Selleck",97.33,"CC1=NC2=C([C@@H](C1C(=O)OC1CCCCC1)c1ccc(cc1)[N+]([O-])=O)C(=O)CC(C)(C)C2 |&1:5,r,c:3,t:1|, CC1=NC2=C([C@@H](C1C(=O)OC1CCCCC1)c1ccc(cc1)[N+]([O-])=O)C(=O)CC(C)(C)C2 |&1:5,r,c:3,t:1|, CC1=NC2=C([C@@H](C1C(=O)OC1CCCCC1)c1ccc(cc1)[N+]([O-])=O)C(=O)CC(C)(C)C2 |&1:5,r,c:3,t:1|, CC1=NC2=C([C@@H](C1C(=O)OC1CCCCC1)c1ccc(cc1)[N+]([O-])=O)C(=O)CC(C)(C)C2 |&1:5,r,c:3,t:1|, CC1=NC2=C([C@@H](C1C(=O)OC1CCCCC1)c1ccc(cc1)[N+]([O-])=O)C(=O)CC(C)(C)C2 |&1:5,r,c:3,t:1|, CC1=NC2=C([C@@H](C1C(=O)OC1CCCCC1)c1ccc(cc1)[N+]([O-])=O)C(=O)CC(C)(C)C2 |&1:5,r,c:3,t:1|, CC1=NC2=C([C@@H](C1C(=O)OC1CCCCC1)c1ccc(cc1)[N+]([O-])=O)C(=O)CC(C)(C)C2 |&1:5,r,c:3,t:1|, CC1=NC2=C([C@@H](C1C(=O)OC1CCCCC1)c1ccc(cc1)[N+]([O-])=O)C(=O)CC(C)(C)C2 |&1:5,r,c:3,t:1|","DUGBYNJMBYPWGS-FOIFJWKZSA-N, DUGBYNJMBYPWGS-FOIFJWKZSA-N, DUGBYNJMBYPWGS-FOIFJWKZSA-N, DUGBYNJMBYPWGS-FOIFJWKZSA-N, DUGBYNJMBYPWGS-FOIFJWKZSA-N, DUGBYNJMBYPWGS-FOIFJWKZSA-N, DUGBYNJMBYPWGS-FOIFJWKZSA-N, DUGBYNJMBYPWGS-FOIFJWKZSA-N",Preclinical
flibanserin,serotonin receptor agonist,"DRD4, HTR1A, HTR2A",neurology/psychiatry,hypoactive sexual desire disorder,MedChemEx,96.14,FC(F)(F)c1cccc(c1)N1CCN(CCn2c3ccccc3[nH]c2=O)CC1,PPRRDFIXUUSXRA-UHFFFAOYSA-N,Launched
flindokalner,potassium channel agonist,"KCNMA1, KCNN4, KCNQ2, KCNQ4, KCNQ5",,,"Tocris, Tocris, Sigma",98.77,"COc1ccc(Cl)cc1[C@]1(F)C(=O)Nc2cc(ccc12)C(F)(F)F, COc1ccc(Cl)cc1[C@]1(F)C(=O)Nc2cc(ccc12)C(F)(F)F, COc1ccc(Cl)cc1[C@]1(F)C(=O)Nc2cc(ccc12)C(F)(F)F","ULYONBAOIMCNEH-HNNXBMFYSA-N, ULYONBAOIMCNEH-HNNXBMFYSA-N, ULYONBAOIMCNEH-HNNXBMFYSA-N",Phase 3
floctafenine,cyclooxygenase inhibitor,"PTGS1, PTGS2",neurology/psychiatry,pain relief,"Carbosynth, Carbosynth, Carbosynth",99.43,"OC[C@@H](O)COC(=O)c1ccccc1Nc1ccnc2c(cccc12)C(F)(F)F |&1:2,r|, OC[C@@H](O)COC(=O)c1ccccc1Nc1ccnc2c(cccc12)C(F)(F)F |&1:2,r|, OC[C@@H](O)COC(=O)c1ccccc1Nc1ccnc2c(cccc12)C(F)(F)F |&1:2,r|","APQPGQGAWABJLN-GFCCVEGCSA-N, APQPGQGAWABJLN-GFCCVEGCSA-N, APQPGQGAWABJLN-GFCCVEGCSA-N",Launched
flopropione,serotonin receptor antagonist,HTR1A,neurology/psychiatry,spasms,"MicroSource, MicroSource, MicroSource, Selleck",98.95,"CCC(=O)c1c(O)cc(O)cc1O, CCC(=O)c1c(O)cc(O)cc1O, CCC(=O)c1c(O)cc(O)cc1O, CCC(=O)c1c(O)cc(O)cc1O","PTHLEKANMPKYDB-UHFFFAOYSA-N, PTHLEKANMPKYDB-UHFFFAOYSA-N, PTHLEKANMPKYDB-UHFFFAOYSA-N, PTHLEKANMPKYDB-UHFFFAOYSA-N",Launched
florfenicol,protein synthesis inhibitor,,pulmonary,bovine respiratory disease (BRD),"MedChemEx, Selleck, Selleck",97.3,"CS(=O)(=O)c1ccc(cc1)[C@@H](O)[C@@H](CF)NC(=O)C(Cl)Cl, CS(=O)(=O)c1ccc(cc1)[C@@H](O)[C@@H](CF)NC(=O)C(Cl)Cl, CS(=O)(=O)c1ccc(cc1)[C@@H](O)[C@@H](CF)NC(=O)C(Cl)Cl","AYIRNRDRBQJXIF-NXEZZACHSA-N, AYIRNRDRBQJXIF-NXEZZACHSA-N, AYIRNRDRBQJXIF-NXEZZACHSA-N",Launched
florifenine,anti-inflammatory agent,,,,Sigma,75.09,FC(F)(F)c1ccc2c(Nc3ccccc3C(=O)OCCN3CCCC3)ccnc2c1,DQOYUDHAZMAVLD-UHFFFAOYSA-N,Preclinical
flosequinan,phosphodiesterase inhibitor,,,,Key,99.63,Cn1cc([S@@](C)=O)c(=O)c2ccc(F)cc12 |r|,UYGONJYYUKVHDD-MRXNPFEDSA-N,Withdrawn
floxuridine,DNA synthesis inhibitor,TYMS,oncology,colorectal cancer,"Selleck, Selleck, Selleck",100,"OC[C@H]1O[C@H](C[C@@H]1O)n1cc(F)c(=O)[nH]c1=O, OC[C@H]1O[C@H](C[C@@H]1O)n1cc(F)c(=O)[nH]c1=O, OC[C@H]1O[C@H](C[C@@H]1O)n1cc(F)c(=O)[nH]c1=O","ODKNJVUHOIMIIZ-RRKCRQDMSA-N, ODKNJVUHOIMIIZ-RRKCRQDMSA-N, ODKNJVUHOIMIIZ-RRKCRQDMSA-N",Launched
FLT3-IN-1,FLT3 inhibitor,,,,MedChemEx,97.13,CCCNc1nc(Nc2ccc(cc2)C#N)ncc1C#CCCCNC(=O)[C@H](C)N(C)C(=O)\C=C\CN(C)C,HJFSVYUFOXAVAA-YUAYGMJFSA-N,Preclinical
flubendazole,tubulin polymerization inhibitor,TUBB,infectious disease,gastrointestinal parasites,"MicroSource, MicroSource, MicroSource, MedChemEx, Selleck",97.49,"COC(=O)Nc1nc2ccc(cc2[nH]1)C(=O)c1ccc(F)cc1, COC(=O)Nc1nc2ccc(cc2[nH]1)C(=O)c1ccc(F)cc1, COC(=O)Nc1nc2ccc(cc2[nH]1)C(=O)c1ccc(F)cc1, COC(=O)Nc1nc2ccc(cc2[nH]1)C(=O)c1ccc(F)cc1, COC(=O)Nc1nc2ccc(cc2[nH]1)C(=O)c1ccc(F)cc1","CPEUVMUXAHMANV-UHFFFAOYSA-N, CPEUVMUXAHMANV-UHFFFAOYSA-N, CPEUVMUXAHMANV-UHFFFAOYSA-N, CPEUVMUXAHMANV-UHFFFAOYSA-N, CPEUVMUXAHMANV-UHFFFAOYSA-N",Launched
flucloxacillin,bacterial cell wall synthesis inhibitor,,"infectious disease, otolaryngology, dermatology, gastroenterology","gram-positive bacterial infections, tonsillitis, sinusitis, pneumonia, eczema, endocarditis, meningitis, enteritis, bacterial septicemia","Sigma, Prestwick",78.07,"Cc1onc(c1C(=O)N[C@H]1[C@H]2SC(C)(C)[C@@H](N2C1=O)C(O)=O)-c1c(F)cccc1Cl, Cc1onc(c1C(=O)N[C@H]1[C@H]2SC(C)(C)[C@@H](N2C1=O)C(O)=O)-c1c(F)cccc1Cl","UIOFUWFRIANQPC-JKIFEVAISA-N, UIOFUWFRIANQPC-JKIFEVAISA-N",Launched
fluconazole,sterol demethylase inhibitor,CYP51A1,infectious disease,"esophageal candidiasis, meningitis","MicroSource, Sigma, Selleck",97.95,"OC(Cn1cncn1)(Cn1cncn1)c1ccc(F)cc1F, OC(Cn1cncn1)(Cn1cncn1)c1ccc(F)cc1F, OC(Cn1cncn1)(Cn1cncn1)c1ccc(F)cc1F","RFHAOTPXVQNOHP-UHFFFAOYSA-N, RFHAOTPXVQNOHP-UHFFFAOYSA-N, RFHAOTPXVQNOHP-UHFFFAOYSA-N",Launched
flucytosine,other antifungal,DNMT1,infectious disease,"bacterial septicemia, endocarditis, urinary tract infections, meningitis","MedChemEx, MicroSource, Selleck, Selleck",100,"Nc1nc(=O)[nH]cc1F, Nc1nc(=O)[nH]cc1F, Nc1nc(=O)[nH]cc1F, Nc1nc(=O)[nH]cc1F","XRECTZIEBJDKEO-UHFFFAOYSA-N, XRECTZIEBJDKEO-UHFFFAOYSA-N, XRECTZIEBJDKEO-UHFFFAOYSA-N, XRECTZIEBJDKEO-UHFFFAOYSA-N",Launched
fludarabine,ribonucleotide reductase inhibitor,"ADA, DCK, POLA1, RRM1, RRM2",hematologic malignancy,chronic lymphocytic leukemia (CLL),"Tocris, Tocris, Tocris, Tocris, Selleck, Selleck",98.32,"Nc1nc(F)nc2n(cnc12)[C@@H]1O[C@H](CO)[C@@H](O)[C@@H]1O, Nc1nc(F)nc2n(cnc12)[C@@H]1O[C@H](CO)[C@@H](O)[C@@H]1O, Nc1nc(F)nc2n(cnc12)[C@@H]1O[C@H](CO)[C@@H](O)[C@@H]1O, Nc1nc(F)nc2n(cnc12)[C@@H]1O[C@H](CO)[C@@H](O)[C@@H]1O, Nc1nc(F)nc2n(cnc12)[C@@H]1O[C@H](CO)[C@@H](O)[C@@H]1O, Nc1nc(F)nc2n(cnc12)[C@@H]1O[C@H](CO)[C@@H](O)[C@@H]1O","HBUBKKRHXORPQB-FJFJXFQQSA-N, HBUBKKRHXORPQB-FJFJXFQQSA-N, HBUBKKRHXORPQB-FJFJXFQQSA-N, HBUBKKRHXORPQB-FJFJXFQQSA-N, HBUBKKRHXORPQB-FJFJXFQQSA-N, HBUBKKRHXORPQB-FJFJXFQQSA-N",Launched
fludarabine-phosphate,ribonucleotide reductase inhibitor,"POLA1, POLD1, POLE, RRM1, RRM2, RRM2B",hematologic malignancy,chronic lymphocytic leukemia (CLL),"MicroSource, MicroSource, Selleck, Selleck",96.99,"Nc1nc(F)nc2n(cnc12)[C@@H]1O[C@H](COP(O)(O)=O)[C@@H](O)[C@@H]1O, Nc1nc(F)nc2n(cnc12)[C@@H]1O[C@H](COP(O)(O)=O)[C@@H](O)[C@@H]1O, Nc1nc(F)nc2n(cnc12)[C@@H]1O[C@H](COP(O)(O)=O)[C@@H](O)[C@@H]1O, Nc1nc(F)nc2n(cnc12)[C@@H]1O[C@H](COP(O)(O)=O)[C@@H](O)[C@@H]1O","GIUYCYHIANZCFB-FJFJXFQQSA-N, GIUYCYHIANZCFB-FJFJXFQQSA-N, GIUYCYHIANZCFB-FJFJXFQQSA-N, GIUYCYHIANZCFB-FJFJXFQQSA-N",Launched
fludrocortisone-acetate,,NR3C2,endocrinology,"Addison's disease, adrenogenital syndrome","MicroSource, MicroSource, MedChemEx, MedChemEx, Sigma",92.71,"CC(=O)OCC(=O)[C@@]1(O)CC[C@H]2[C@@H]3CCC4=CC(=O)CC[C@]4(C)[C@@]3(F)[C@@H](O)C[C@]12C |t:15|, CC(=O)OCC(=O)[C@@]1(O)CC[C@H]2[C@@H]3CCC4=CC(=O)CC[C@]4(C)[C@@]3(F)[C@@H](O)C[C@]12C |t:15|, CC(=O)OCC(=O)[C@@]1(O)CC[C@H]2[C@@H]3CCC4=CC(=O)CC[C@]4(C)[C@@]3(F)[C@@H](O)C[C@]12C |t:15|, CC(=O)OCC(=O)[C@@]1(O)CC[C@H]2[C@@H]3CCC4=CC(=O)CC[C@]4(C)[C@@]3(F)[C@@H](O)C[C@]12C |t:15|, CC(=O)OCC(=O)[C@@]1(O)CC[C@H]2[C@@H]3CCC4=CC(=O)CC[C@]4(C)[C@@]3(F)[C@@H](O)C[C@]12C |t:15|","SYWHXTATXSMDSB-GSLJADNHSA-N, SYWHXTATXSMDSB-GSLJADNHSA-N, SYWHXTATXSMDSB-GSLJADNHSA-N, SYWHXTATXSMDSB-GSLJADNHSA-N, SYWHXTATXSMDSB-GSLJADNHSA-N",Launched
fludroxycortide,glucocorticoid receptor agonist,"NR3C1, SERPINA6","infectious disease, dermatology","skin infections, psoriasis",MedChemEx,91.88,CC1(C)O[C@@H]2C[C@H]3[C@@H]4C[C@H](F)C5=CC(=O)CC[C@]5(C)[C@H]4[C@@H](O)C[C@]3(C)[C@@]2(O1)C(=O)CO |t:11|,POPFMWWJOGLOIF-XWCQMRHXSA-N,Launched
flufenamic-acid,chloride channel blocker,"AKR1C3, ANO1, AR, GJA1, GJA10, GJA3, GJA4, GJA5, GJA8, GJA9, GJB1, GJB2, GJB3, GJB4, GJB5, GJB6, GJB7, GJC1, GJC2, GJC3, GJD2, GJD3, GJD4, GJE1, PANX1, PANX2, PANX3, PKD2L1, PTGS1, PTGS2, TRPC5, TRPM2, TRPM5",,,"MicroSource, Selleck",99.37,"OC(=O)c1ccccc1Nc1cccc(c1)C(F)(F)F, OC(=O)c1ccccc1Nc1cccc(c1)C(F)(F)F","LPEPZBJOKDYZAD-UHFFFAOYSA-N, LPEPZBJOKDYZAD-UHFFFAOYSA-N",Preclinical
flumatinib,Bcr-Abl kinase inhibitor,"ABL1, PDGFRB",,,"MedChemEx, MedChemEx, MedChemEx, MedChemEx, MedChemEx, MedChemEx",97.8,"CN1CCN(Cc2ccc(cc2C(F)(F)F)C(=O)Nc2cnc(C)c(Nc3nccc(n3)-c3cccnc3)c2)CC1, CN1CCN(Cc2ccc(cc2C(F)(F)F)C(=O)Nc2cnc(C)c(Nc3nccc(n3)-c3cccnc3)c2)CC1, CN1CCN(Cc2ccc(cc2C(F)(F)F)C(=O)Nc2cnc(C)c(Nc3nccc(n3)-c3cccnc3)c2)CC1, CN1CCN(Cc2ccc(cc2C(F)(F)F)C(=O)Nc2cnc(C)c(Nc3nccc(n3)-c3cccnc3)c2)CC1, CN1CCN(Cc2ccc(cc2C(F)(F)F)C(=O)Nc2cnc(C)c(Nc3nccc(n3)-c3cccnc3)c2)CC1, CN1CCN(Cc2ccc(cc2C(F)(F)F)C(=O)Nc2cnc(C)c(Nc3nccc(n3)-c3cccnc3)c2)CC1","BJCJYEYYYGBROF-UHFFFAOYSA-N, BJCJYEYYYGBROF-UHFFFAOYSA-N, BJCJYEYYYGBROF-UHFFFAOYSA-N, BJCJYEYYYGBROF-UHFFFAOYSA-N, BJCJYEYYYGBROF-UHFFFAOYSA-N, BJCJYEYYYGBROF-UHFFFAOYSA-N",Phase 3
flumazenil,benzodiazepine receptor antagonist,"GABRA1, GABRA2, GABRA3, GABRA4, GABRA5, GABRA6, GABRB1, GABRB2, GABRB3, GABRD, GABRE, GABRG1, GABRG2, GABRG3, GABRP, GABRQ",neurology/psychiatry,sedative,"Tocris, MicroSource, Tocris, Selleck, Tocris",99.3,"CCOC(=O)c1ncn-2c1CN(C)C(=O)c1cc(F)ccc-21, CCOC(=O)c1ncn-2c1CN(C)C(=O)c1cc(F)ccc-21, CCOC(=O)c1ncn-2c1CN(C)C(=O)c1cc(F)ccc-21, CCOC(=O)c1ncn-2c1CN(C)C(=O)c1cc(F)ccc-21, CCOC(=O)c1ncn-2c1CN(C)C(=O)c1cc(F)ccc-21","OFBIFZUFASYYRE-UHFFFAOYSA-N, OFBIFZUFASYYRE-UHFFFAOYSA-N, OFBIFZUFASYYRE-UHFFFAOYSA-N, OFBIFZUFASYYRE-UHFFFAOYSA-N, OFBIFZUFASYYRE-UHFFFAOYSA-N",Launched
flumecinol,,,,,Enamine,97.8,"CC[C@@](O)(c1ccccc1)c1cccc(c1)C(F)(F)F |&1:2,r|",DVASNQYQOZHAJN-OAHLLOKOSA-N,Launched
flumequine,topoisomerase inhibitor,,infectious disease,urinary tract infections,"MicroSource, MedChemEx, Selleck, Selleck, Selleck",98.1,"C[C@H]1CCc2cc(F)cc3c2n1cc(C(O)=O)c3=O |&1:1,r|, C[C@H]1CCc2cc(F)cc3c2n1cc(C(O)=O)c3=O |&1:1,r|, C[C@H]1CCc2cc(F)cc3c2n1cc(C(O)=O)c3=O |&1:1,r|, C[C@H]1CCc2cc(F)cc3c2n1cc(C(O)=O)c3=O |&1:1,r|, C[C@H]1CCc2cc(F)cc3c2n1cc(C(O)=O)c3=O |&1:1,r|","DPSPPJIUMHPXMA-ZETCQYMHSA-N, DPSPPJIUMHPXMA-ZETCQYMHSA-N, DPSPPJIUMHPXMA-ZETCQYMHSA-N, DPSPPJIUMHPXMA-ZETCQYMHSA-N, DPSPPJIUMHPXMA-ZETCQYMHSA-N",Launched
flumethasone,glucocorticoid receptor agonist,"NR3C1, PLA2G1B","otolaryngology, infectious disease, dermatology","otitis, ear infections, corticosteroid-responsive dermatoses","MedChemEx, MicroSource, Selleck, Selleck, Selleck, Selleck",97.76,"C[C@@H]1C[C@H]2[C@@H]3C[C@H](F)C4=CC(=O)C=C[C@]4(C)[C@@]3(F)[C@@H](O)C[C@]2(C)[C@@]1(O)C(=O)CO |c:12,t:8|, C[C@@H]1C[C@H]2[C@@H]3C[C@H](F)C4=CC(=O)C=C[C@]4(C)[C@@]3(F)[C@@H](O)C[C@]2(C)[C@@]1(O)C(=O)CO |c:12,t:8|, C[C@@H]1C[C@H]2[C@@H]3C[C@H](F)C4=CC(=O)C=C[C@]4(C)[C@@]3(F)[C@@H](O)C[C@]2(C)[C@@]1(O)C(=O)CO |c:12,t:8|, C[C@@H]1C[C@H]2[C@@H]3C[C@H](F)C4=CC(=O)C=C[C@]4(C)[C@@]3(F)[C@@H](O)C[C@]2(C)[C@@]1(O)C(=O)CO |c:12,t:8|, C[C@@H]1C[C@H]2[C@@H]3C[C@H](F)C4=CC(=O)C=C[C@]4(C)[C@@]3(F)[C@@H](O)C[C@]2(C)[C@@]1(O)C(=O)CO |c:12,t:8|, C[C@@H]1C[C@H]2[C@@H]3C[C@H](F)C4=CC(=O)C=C[C@]4(C)[C@@]3(F)[C@@H](O)C[C@]2(C)[C@@]1(O)C(=O)CO |c:12,t:8|","WXURHACBFYSXBI-GQKYHHCASA-N, WXURHACBFYSXBI-GQKYHHCASA-N, WXURHACBFYSXBI-GQKYHHCASA-N, WXURHACBFYSXBI-GQKYHHCASA-N, WXURHACBFYSXBI-GQKYHHCASA-N, WXURHACBFYSXBI-GQKYHHCASA-N",Launched
flumethasone-pivalate,glucocorticoid receptor agonist,"NR3C1, SERPINA6",allergy,allergic rhinitis,Sigma,94.44,"C[C@@H]1C[C@H]2[C@@H]3C[C@H](F)C4=CC(=O)C=C[C@]4(C)[C@@]3(F)[C@@H](O)C[C@]2(C)[C@@]1(O)C(=O)COC(=O)C(C)(C)C |c:12,t:8|",JWRMHDSINXPDHB-OJAGFMMFSA-N,Launched
flumexadol,,,,,"Enamine, Enamine",29.46,"FC(F)(F)c1cccc(c1)[C@H]1CNCCO1 |&1:10,r|, FC(F)(F)c1cccc(c1)[C@H]1CNCCO1 |&1:10,r|","GXPYCYWPUGKQIJ-SNVBAGLBSA-N, GXPYCYWPUGKQIJ-SNVBAGLBSA-N",Preclinical
flunarizine,calcium channel blocker,"CACNA1G, CACNA1H, CACNA1I, CALM1, HRH1","neurology/psychiatry, cardiology","migraine headache, vertigo, peripheral artery disease (PAD)","Tocris, Selleck, Selleck, Selleck, Selleck, MicroSource, MicroSource, Tocris",98.96,"Fc1ccc(cc1)C(N1CCN(C\C=C\c2ccccc2)CC1)c1ccc(F)cc1, Fc1ccc(cc1)C(N1CCN(C\C=C\c2ccccc2)CC1)c1ccc(F)cc1, Fc1ccc(cc1)C(N1CCN(C\C=C\c2ccccc2)CC1)c1ccc(F)cc1, Fc1ccc(cc1)C(N1CCN(C\C=C\c2ccccc2)CC1)c1ccc(F)cc1, Fc1ccc(cc1)C(N1CCN(C\C=C\c2ccccc2)CC1)c1ccc(F)cc1, Fc1ccc(cc1)C(N1CCN(C\C=C\c2ccccc2)CC1)c1ccc(F)cc1, Fc1ccc(cc1)C(N1CCN(C\C=C\c2ccccc2)CC1)c1ccc(F)cc1, Fc1ccc(cc1)C(N1CCN(C\C=C\c2ccccc2)CC1)c1ccc(F)cc1","SMANXXCATUTDDT-QPJJXVBHSA-N, SMANXXCATUTDDT-QPJJXVBHSA-N, SMANXXCATUTDDT-QPJJXVBHSA-N, SMANXXCATUTDDT-QPJJXVBHSA-N, SMANXXCATUTDDT-QPJJXVBHSA-N, SMANXXCATUTDDT-QPJJXVBHSA-N, SMANXXCATUTDDT-QPJJXVBHSA-N, SMANXXCATUTDDT-QPJJXVBHSA-N",Launched
flunisolide,cytochrome P450 inhibitor,NR3C1,allergy,allergic rhinitis,MedChemEx,91.32,"CC1(C)O[C@@H]2C[C@H]3[C@@H]4C[C@H](F)C5=CC(=O)C=C[C@]5(C)[C@H]4[C@@H](O)C[C@]3(C)[C@@]2(O1)C(=O)CO |c:15,t:11|",XSFJVAJPIHIPKU-XWCQMRHXSA-N,Launched
flunixin-meglumin,prostanoid receptor antagonist,,pulmonary,bovine respiratory disease (BRD),"MicroSource, MedChemEx, Selleck",99.53,"Cc1c(Nc2ncccc2C(O)=O)cccc1C(F)(F)F, Cc1c(Nc2ncccc2C(O)=O)cccc1C(F)(F)F, Cc1c(Nc2ncccc2C(O)=O)cccc1C(F)(F)F","NOOCSNJCXJYGPE-UHFFFAOYSA-N, NOOCSNJCXJYGPE-UHFFFAOYSA-N, NOOCSNJCXJYGPE-UHFFFAOYSA-N",Launched
fluocinolone-acetonide,glucocorticoid receptor agonist,"NR3C1, SERPINA6",dermatology,seborrheic dermatitis,"MedChemEx, MedChemEx, MicroSource, Selleck, Selleck",97.2,"CC1(C)O[C@@H]2C[C@H]3[C@@H]4C[C@H](F)C5=CC(=O)C=C[C@]5(C)[C@@]4(F)[C@@H](O)C[C@]3(C)[C@@]2(O1)C(=O)CO |c:15,t:11|, CC1(C)O[C@@H]2C[C@H]3[C@@H]4C[C@H](F)C5=CC(=O)C=C[C@]5(C)[C@@]4(F)[C@@H](O)C[C@]3(C)[C@@]2(O1)C(=O)CO |c:15,t:11|, CC1(C)O[C@@H]2C[C@H]3[C@@H]4C[C@H](F)C5=CC(=O)C=C[C@]5(C)[C@@]4(F)[C@@H](O)C[C@]3(C)[C@@]2(O1)C(=O)CO |c:15,t:11|, CC1(C)O[C@@H]2C[C@H]3[C@@H]4C[C@H](F)C5=CC(=O)C=C[C@]5(C)[C@@]4(F)[C@@H](O)C[C@]3(C)[C@@]2(O1)C(=O)CO |c:15,t:11|, CC1(C)O[C@@H]2C[C@H]3[C@@H]4C[C@H](F)C5=CC(=O)C=C[C@]5(C)[C@@]4(F)[C@@H](O)C[C@]3(C)[C@@]2(O1)C(=O)CO |c:15,t:11|","FEBLZLNTKCEFIT-VSXGLTOVSA-N, FEBLZLNTKCEFIT-VSXGLTOVSA-N, FEBLZLNTKCEFIT-VSXGLTOVSA-N, FEBLZLNTKCEFIT-VSXGLTOVSA-N, FEBLZLNTKCEFIT-VSXGLTOVSA-N",Launched
fluocinonide,glucocorticoid receptor agonist,"NR3C1, SERPINA6, SMO",dermatology,"seborrheic dermatitis, eczema","MedChemEx, Selleck, Selleck, Selleck, Selleck, Selleck, Selleck",93.28,"CC(=O)OCC(=O)[C@@]12OC(C)(C)O[C@@H]1C[C@H]1[C@@H]3C[C@H](F)C4=CC(=O)C=C[C@]4(C)[C@@]3(F)[C@@H](O)C[C@]21C |c:25,t:21|, CC(=O)OCC(=O)[C@@]12OC(C)(C)O[C@@H]1C[C@H]1[C@@H]3C[C@H](F)C4=CC(=O)C=C[C@]4(C)[C@@]3(F)[C@@H](O)C[C@]21C |c:25,t:21|, CC(=O)OCC(=O)[C@@]12OC(C)(C)O[C@@H]1C[C@H]1[C@@H]3C[C@H](F)C4=CC(=O)C=C[C@]4(C)[C@@]3(F)[C@@H](O)C[C@]21C |c:25,t:21|, CC(=O)OCC(=O)[C@@]12OC(C)(C)O[C@@H]1C[C@H]1[C@@H]3C[C@H](F)C4=CC(=O)C=C[C@]4(C)[C@@]3(F)[C@@H](O)C[C@]21C |c:25,t:21|, CC(=O)OCC(=O)[C@@]12OC(C)(C)O[C@@H]1C[C@H]1[C@@H]3C[C@H](F)C4=CC(=O)C=C[C@]4(C)[C@@]3(F)[C@@H](O)C[C@]21C |c:25,t:21|, CC(=O)OCC(=O)[C@@]12OC(C)(C)O[C@@H]1C[C@H]1[C@@H]3C[C@H](F)C4=CC(=O)C=C[C@]4(C)[C@@]3(F)[C@@H](O)C[C@]21C |c:25,t:21|, CC(=O)OCC(=O)[C@@]12OC(C)(C)O[C@@H]1C[C@H]1[C@@H]3C[C@H](F)C4=CC(=O)C=C[C@]4(C)[C@@]3(F)[C@@H](O)C[C@]21C |c:25,t:21|","WJOHZNCJWYWUJD-IUGZLZTKSA-N, WJOHZNCJWYWUJD-IUGZLZTKSA-N, WJOHZNCJWYWUJD-IUGZLZTKSA-N, WJOHZNCJWYWUJD-IUGZLZTKSA-N, WJOHZNCJWYWUJD-IUGZLZTKSA-N, WJOHZNCJWYWUJD-IUGZLZTKSA-N, WJOHZNCJWYWUJD-IUGZLZTKSA-N",Launched
fluorescein,,SLC22A6,ophthalmology,ophthalmology diagnostic,"MicroSource, MedChemEx",95.86,"Oc1ccc2c(Oc3cc(O)ccc3C22OC(=O)c3ccccc23)c1, Oc1ccc2c(Oc3cc(O)ccc3C22OC(=O)c3ccccc23)c1","GNBHRKFJIUUOQI-UHFFFAOYSA-N, GNBHRKFJIUUOQI-UHFFFAOYSA-N",Launched
fluorometholone,glucocorticoid receptor agonist,NR3C1,ophthalmology,eye inflammation,,0,,,Launched
fluorometholone-acetate,,NR3C1,ophthalmology,eye inflammation,"Selleck, Selleck, Selleck, Selleck",97.54,"C[C@H]1C[C@H]2[C@@H]3CC[C@](OC(C)=O)(C(C)=O)[C@@]3(C)C[C@H](O)[C@]2(F)[C@@]2(C)C=CC(=O)C=C12 |c:26,t:30|, C[C@H]1C[C@H]2[C@@H]3CC[C@](OC(C)=O)(C(C)=O)[C@@]3(C)C[C@H](O)[C@]2(F)[C@@]2(C)C=CC(=O)C=C12 |c:26,t:30|, C[C@H]1C[C@H]2[C@@H]3CC[C@](OC(C)=O)(C(C)=O)[C@@]3(C)C[C@H](O)[C@]2(F)[C@@]2(C)C=CC(=O)C=C12 |c:26,t:30|, C[C@H]1C[C@H]2[C@@H]3CC[C@](OC(C)=O)(C(C)=O)[C@@]3(C)C[C@H](O)[C@]2(F)[C@@]2(C)C=CC(=O)C=C12 |c:26,t:30|","YRFXGQHBPBMFHW-SBTZIJSASA-N, YRFXGQHBPBMFHW-SBTZIJSASA-N, YRFXGQHBPBMFHW-SBTZIJSASA-N, YRFXGQHBPBMFHW-SBTZIJSASA-N",Launched
fluoromethylcholine,,,,,MatrixSci,100,C[N+](C)(CF)CCO,PBVFROWIWWGIFK-UHFFFAOYSA-N,Launched
fluoxetine,selective serotonin reuptake inhibitor (SSRI),"ANO1, HTR2B, SLC6A4",neurology/psychiatry,"depression, obsessive compulsive disorder (OCD), bulimia nervosa, panic disorders, bipolar disorder","MicroSource, Selleck, Tocris, Tocris",98.86,"CNCCC(Oc1ccc(cc1)C(F)(F)F)c1ccccc1, CNCCC(Oc1ccc(cc1)C(F)(F)F)c1ccccc1, CNCCC(Oc1ccc(cc1)C(F)(F)F)c1ccccc1, CNCCC(Oc1ccc(cc1)C(F)(F)F)c1ccccc1","RTHCYVBBDHJXIQ-UHFFFAOYSA-N, RTHCYVBBDHJXIQ-UHFFFAOYSA-N, RTHCYVBBDHJXIQ-UHFFFAOYSA-N, RTHCYVBBDHJXIQ-UHFFFAOYSA-N",Launched
flupentixol,dopamine receptor antagonist,"ADRA1A, CHRM1, DRD1, DRD2, DRD3, DRD5, HTR2A",neurology/psychiatry,"schizophrenia, depression","Enzo, Enzo",93.69,"OCCN1CCN(CC\C=C2\c3ccccc3Sc3ccc(cc23)C(F)(F)F)CC1, OCCN1CCN(CC\C=C2\c3ccccc3Sc3ccc(cc23)C(F)(F)F)CC1","NJMYODHXAKYRHW-DVZOWYKESA-N, NJMYODHXAKYRHW-DVZOWYKESA-N",Launched
fluphenazine,dopamine receptor antagonist,"CALM1, DRD1, DRD2, DRD5, HRH1, HTR2A, HTR6, HTR7",neurology/psychiatry,schizophrenia,"MicroSource, MicroSource, MicroSource",95.33,"OCCN1CCN(CCCN2c3ccccc3Sc3ccc(cc23)C(F)(F)F)CC1, OCCN1CCN(CCCN2c3ccccc3Sc3ccc(cc23)C(F)(F)F)CC1, OCCN1CCN(CCCN2c3ccccc3Sc3ccc(cc23)C(F)(F)F)CC1","PLDUPXSUYLZYBN-UHFFFAOYSA-N, PLDUPXSUYLZYBN-UHFFFAOYSA-N, PLDUPXSUYLZYBN-UHFFFAOYSA-N",Launched
fluphenazine-decanoate,dopamine receptor antagonist,"DRD2, HTR1B, HTR4",neurology/psychiatry,schizophrenia,AKSci,59.41,CCCCCCCCCC(=O)OCCN1CCN(CCCN2c3ccccc3Sc3ccc(cc23)C(F)(F)F)CC1,VIQCGTZFEYDQMR-UHFFFAOYSA-N,Launched
flupirtine,glutamate receptor antagonist,"ADRA2A, KCNQ1, KCNQ2",neurology/psychiatry,pain relief,"Tocris, MedChemEx, Selleck, Selleck, MedChemEx, Selleck",85.76,"CCOC(=O)Nc1ccc(NCc2ccc(F)cc2)nc1N, CCOC(=O)Nc1ccc(NCc2ccc(F)cc2)nc1N, CCOC(=O)Nc1ccc(NCc2ccc(F)cc2)nc1N, CCOC(=O)Nc1ccc(NCc2ccc(F)cc2)nc1N, CCOC(=O)Nc1ccc(NCc2ccc(F)cc2)nc1N, CCOC(=O)Nc1ccc(NCc2ccc(F)cc2)nc1N","JUUFBMODXQKSTD-UHFFFAOYSA-N, JUUFBMODXQKSTD-UHFFFAOYSA-N, JUUFBMODXQKSTD-UHFFFAOYSA-N, JUUFBMODXQKSTD-UHFFFAOYSA-N, JUUFBMODXQKSTD-UHFFFAOYSA-N, JUUFBMODXQKSTD-UHFFFAOYSA-N",Launched
fluprazine,serotonin receptor agonist,"HTR1A, HTR1B",,,"Enamine, Enamine",92.16,"NC(=O)NCCN1CCN(CC1)c1cccc(c1)C(F)(F)F, NC(=O)NCCN1CCN(CC1)c1cccc(c1)C(F)(F)F","CHQKHXJPWDSTPY-UHFFFAOYSA-N, CHQKHXJPWDSTPY-UHFFFAOYSA-N",Phase 1
fluralaner,GABA receptor antagonist,,,,MedChemEx,99.1,"Cc1cc(ccc1C(=O)NCC(=O)NCC(F)(F)F)C1=NO[C@](C1)(c1cc(Cl)cc(Cl)c1)C(F)(F)F |&1:22,r,t:20|",MLBZKOGAMRTSKP-HXUWFJFHSA-N,Preclinical
flurbiprofen-(+/-),cyclooxygenase inhibitor,,rheumatology,"rheumatoid arthritis, osteoarthritis","Tocris, Tocris, MicroSource",98.21,"C[C@@H](C(O)=O)c1ccc(c(F)c1)-c1ccccc1 |&1:1,r|, C[C@@H](C(O)=O)c1ccc(c(F)c1)-c1ccccc1 |&1:1,r|, C[C@@H](C(O)=O)c1ccc(c(F)c1)-c1ccccc1 |&1:1,r|","SYTBZMRGLBWNTM-SNVBAGLBSA-N, SYTBZMRGLBWNTM-SNVBAGLBSA-N, SYTBZMRGLBWNTM-SNVBAGLBSA-N",Launched
flurbiprofen-(S)-(+),cyclooxygenase inhibitor,"PTGS1, PTGS2",rheumatology,"rheumatoid arthritis, osteoarthritis","Selleck, Selleck",99.2,"C[C@H](C(O)=O)c1ccc(c(F)c1)-c1ccccc1, C[C@H](C(O)=O)c1ccc(c(F)c1)-c1ccccc1","SYTBZMRGLBWNTM-JTQLQIEISA-N, SYTBZMRGLBWNTM-JTQLQIEISA-N",Launched
flurbiprofen-axetil,analgesic agent,,,,CombiBlocks,50.9,"C[C@H](OC(C)=O)OC(=O)[C@H](C)c1ccc(c(F)c1)-c1ccccc1 |&1:9,&2:1,r|",ALIVXCSEERJYHU-TZMCWYRMSA-N,Launched
flurizan,gamma secretase inhibitor,"APH1B, BACE1, IKBKG, PSEN1, PSEN2, PTGS1, PTGS2",,,"Tocris, Tocris, Tocris, Tocris",98.84,"C[C@@H](C(O)=O)c1ccc(c(F)c1)-c1ccccc1, C[C@@H](C(O)=O)c1ccc(c(F)c1)-c1ccccc1, C[C@@H](C(O)=O)c1ccc(c(F)c1)-c1ccccc1, C[C@@H](C(O)=O)c1ccc(c(F)c1)-c1ccccc1","SYTBZMRGLBWNTM-SNVBAGLBSA-N, SYTBZMRGLBWNTM-SNVBAGLBSA-N, SYTBZMRGLBWNTM-SNVBAGLBSA-N, SYTBZMRGLBWNTM-SNVBAGLBSA-N",Phase 3
flurofamide,urease inhibitor,,,,"Tocris, Tocris, Tocris",73.24,"NP(N)(=O)NC(=O)c1ccc(F)cc1, NP(N)(=O)NC(=O)c1ccc(F)cc1, NP(N)(=O)NC(=O)c1ccc(F)cc1","QWZFVMCWPLMLTL-UHFFFAOYSA-N, QWZFVMCWPLMLTL-UHFFFAOYSA-N, QWZFVMCWPLMLTL-UHFFFAOYSA-N",Preclinical
flurothyl,,,,,"MicroSource, MicroSource, TCI",0,"FC(F)(F)COCC(F)(F)F, FC(F)(F)COCC(F)(F)F, FC(F)(F)COCC(F)(F)F","KGPPDNUWZNWPSI-UHFFFAOYSA-N, KGPPDNUWZNWPSI-UHFFFAOYSA-N, KGPPDNUWZNWPSI-UHFFFAOYSA-N",Preclinical
fluroxene,local anesthetic,,,,"MicroSource, MedChemEx",0,"FC(F)(F)COC=C, FC(F)(F)COC=C","DLEGDLSLRSOURQ-UHFFFAOYSA-N, DLEGDLSLRSOURQ-UHFFFAOYSA-N",Preclinical
fluspirilene,dopamine receptor antagonist,"CACNG1, DRD2, HRH1, HTR1A, HTR1D, HTR1E, HTR2A",neurology/psychiatry,schizophrenia,"Enzo, Enzo, Enzo, Sigma",96.22,"Fc1ccc(cc1)C(CCCN1CCC2(CC1)N(CNC2=O)c1ccccc1)c1ccc(F)cc1, Fc1ccc(cc1)C(CCCN1CCC2(CC1)N(CNC2=O)c1ccccc1)c1ccc(F)cc1, Fc1ccc(cc1)C(CCCN1CCC2(CC1)N(CNC2=O)c1ccccc1)c1ccc(F)cc1, Fc1ccc(cc1)C(CCCN1CCC2(CC1)N(CNC2=O)c1ccccc1)c1ccc(F)cc1","QOYHHIBFXOOADH-UHFFFAOYSA-N, QOYHHIBFXOOADH-UHFFFAOYSA-N, QOYHHIBFXOOADH-UHFFFAOYSA-N, QOYHHIBFXOOADH-UHFFFAOYSA-N",Launched
flutamide,androgen receptor antagonist,"AHR, AR",oncology,prostate cancer,"Tocris, MicroSource, Selleck",99.28,"CC(C)C(=O)Nc1ccc(c(c1)C(F)(F)F)[N+]([O-])=O, CC(C)C(=O)Nc1ccc(c(c1)C(F)(F)F)[N+]([O-])=O, CC(C)C(=O)Nc1ccc(c(c1)C(F)(F)F)[N+]([O-])=O","MKXKFYHWDHIYRV-UHFFFAOYSA-N, MKXKFYHWDHIYRV-UHFFFAOYSA-N, MKXKFYHWDHIYRV-UHFFFAOYSA-N",Launched
fluticasone-propionate,glucocorticoid receptor agonist,"NR3C1, NR3C2, PGR, PLA2G4A",dermatology,corticosteroid-responsive dermatoses,"Tocris, Tocris, Selleck, Selleck, Selleck, Tocris",96.66,"CCC(=O)O[C@@]1([C@H](C)C[C@H]2[C@@H]3C[C@H](F)C4=CC(=O)C=C[C@]4(C)[C@@]3(F)[C@@H](O)C[C@]12C)C(=O)SCF |c:18,t:14|, CCC(=O)O[C@@]1([C@H](C)C[C@H]2[C@@H]3C[C@H](F)C4=CC(=O)C=C[C@]4(C)[C@@]3(F)[C@@H](O)C[C@]12C)C(=O)SCF |c:18,t:14|, CCC(=O)O[C@@]1([C@H](C)C[C@H]2[C@@H]3C[C@H](F)C4=CC(=O)C=C[C@]4(C)[C@@]3(F)[C@@H](O)C[C@]12C)C(=O)SCF |c:18,t:14|, CCC(=O)O[C@@]1([C@H](C)C[C@H]2[C@@H]3C[C@H](F)C4=CC(=O)C=C[C@]4(C)[C@@]3(F)[C@@H](O)C[C@]12C)C(=O)SCF |c:18,t:14|, CCC(=O)O[C@@]1([C@H](C)C[C@H]2[C@@H]3C[C@H](F)C4=CC(=O)C=C[C@]4(C)[C@@]3(F)[C@@H](O)C[C@]12C)C(=O)SCF |c:18,t:14|, CCC(=O)O[C@@]1([C@H](C)C[C@H]2[C@@H]3C[C@H](F)C4=CC(=O)C=C[C@]4(C)[C@@]3(F)[C@@H](O)C[C@]12C)C(=O)SCF |c:18,t:14|","WMWTYOKRWGGJOA-CENSZEJFSA-N, WMWTYOKRWGGJOA-CENSZEJFSA-N, WMWTYOKRWGGJOA-CENSZEJFSA-N, WMWTYOKRWGGJOA-CENSZEJFSA-N, WMWTYOKRWGGJOA-CENSZEJFSA-N, WMWTYOKRWGGJOA-CENSZEJFSA-N",Launched
flutrimazole,sterol demethylase inhibitor,,infectious disease,mycosis,SantaCruz,99.39,Fc1ccc(cc1)C(c1ccccc1)(c1ccccc1F)n1ccnc1 |&1:7|,QHMWCHQXCUNUAK-UHFFFAOYSA-N,Launched
fluvastatin,HMGCR inhibitor,HMGCR,"endocrinology, cardiology","hypercholesterolemia, congenital heart defects","MicroSource, Tocris, Tocris, Selleck, Selleck, Selleck, Selleck, Selleck, Selleck, Selleck",97.47,"CC(C)n1c(\C=C\[C@@H](O)C[C@@H](O)CC(O)=O)c(-c2ccc(F)cc2)c2ccccc12, CC(C)n1c(\C=C\[C@@H](O)C[C@@H](O)CC(O)=O)c(-c2ccc(F)cc2)c2ccccc12, CC(C)n1c(\C=C\[C@@H](O)C[C@@H](O)CC(O)=O)c(-c2ccc(F)cc2)c2ccccc12, CC(C)n1c(\C=C\[C@@H](O)C[C@@H](O)CC(O)=O)c(-c2ccc(F)cc2)c2ccccc12, CC(C)n1c(\C=C\[C@@H](O)C[C@@H](O)CC(O)=O)c(-c2ccc(F)cc2)c2ccccc12, CC(C)n1c(\C=C\[C@@H](O)C[C@@H](O)CC(O)=O)c(-c2ccc(F)cc2)c2ccccc12, CC(C)n1c(\C=C\[C@@H](O)C[C@@H](O)CC(O)=O)c(-c2ccc(F)cc2)c2ccccc12, CC(C)n1c(\C=C\[C@@H](O)C[C@@H](O)CC(O)=O)c(-c2ccc(F)cc2)c2ccccc12, CC(C)n1c(\C=C\[C@@H](O)C[C@@H](O)CC(O)=O)c(-c2ccc(F)cc2)c2ccccc12, CC(C)n1c(\C=C\[C@@H](O)C[C@@H](O)CC(O)=O)c(-c2ccc(F)cc2)c2ccccc12","FJLGEFLZQAZZCD-MCBHFWOFSA-N, FJLGEFLZQAZZCD-MCBHFWOFSA-N, FJLGEFLZQAZZCD-MCBHFWOFSA-N, FJLGEFLZQAZZCD-MCBHFWOFSA-N, FJLGEFLZQAZZCD-MCBHFWOFSA-N, FJLGEFLZQAZZCD-MCBHFWOFSA-N, FJLGEFLZQAZZCD-MCBHFWOFSA-N, FJLGEFLZQAZZCD-MCBHFWOFSA-N, FJLGEFLZQAZZCD-MCBHFWOFSA-N, FJLGEFLZQAZZCD-MCBHFWOFSA-N",Launched
fluvoxamine,selective serotonin reuptake inhibitor (SSRI),SLC6A4,neurology/psychiatry,obsessive compulsive disorder (OCD),"MicroSource, Tocris, Tocris, Selleck, Selleck",95.13,"COCCCC\C(=N/OCCN)c1ccc(cc1)C(F)(F)F, COCCCC\C(=N/OCCN)c1ccc(cc1)C(F)(F)F, COCCCC\C(=N/OCCN)c1ccc(cc1)C(F)(F)F, COCCCC\C(=N/OCCN)c1ccc(cc1)C(F)(F)F, COCCCC\C(=N/OCCN)c1ccc(cc1)C(F)(F)F","CJOFXWAVKWHTFT-XSFVSMFZSA-N, CJOFXWAVKWHTFT-XSFVSMFZSA-N, CJOFXWAVKWHTFT-XSFVSMFZSA-N, CJOFXWAVKWHTFT-XSFVSMFZSA-N, CJOFXWAVKWHTFT-XSFVSMFZSA-N",Launched
fmoc-L-leucine,PPAR receptor agonist,,,,"Sigma, Sigma",99.78,"CC(C)C[C@H](NC(=O)OCC1c2ccccc2-c2ccccc12)C(O)=O, CC(C)C[C@H](NC(=O)OCC1c2ccccc2-c2ccccc12)C(O)=O","CBPJQFCAFFNICX-IBGZPJMESA-N, CBPJQFCAFFNICX-IBGZPJMESA-N",Phase 2
FN-1501,tyrosine kinase inhibitor,,,,"MedChemEx, MedChemEx",95.77,"CN1CCN(Cc2ccc(NC(=O)c3[nH]ncc3Nc3ncnc4[nH]ccc34)cc2)CC1, CN1CCN(Cc2ccc(NC(=O)c3[nH]ncc3Nc3ncnc4[nH]ccc34)cc2)CC1","VXLAKHWYGRKCGI-UHFFFAOYSA-N, VXLAKHWYGRKCGI-UHFFFAOYSA-N",Phase 1
folic-acid,folate receptor ligand,"FOLR2, FOLR3, SLC19A1, SLC46A1",hematology,megaloblastic anemia,MicroSource,89.21,Nc1nc(=O)c2nc(CNc3ccc(cc3)C(=O)N[C@@H](CCC(O)=O)C(O)=O)cnc2[nH]1,OVBPIULPVIDEAO-LBPRGKRZSA-N,Launched
fomepizole,alcohol dehydrogenase inhibitor,"ADH1A, ADH1B, ADH1C, AKR1A1, CAT",critical care,poison antidote,"MicroSource, MicroSource, MedChemEx, MedChemEx, MicroSource",98.99,"Cc1cn[nH]c1, Cc1cn[nH]c1, Cc1cn[nH]c1, Cc1cn[nH]c1, Cc1cn[nH]c1","RIKMMFOAQPJVMX-UHFFFAOYSA-N, RIKMMFOAQPJVMX-UHFFFAOYSA-N, RIKMMFOAQPJVMX-UHFFFAOYSA-N, RIKMMFOAQPJVMX-UHFFFAOYSA-N, RIKMMFOAQPJVMX-UHFFFAOYSA-N",Launched
fomocaine,voltage-gated sodium channel modulator,,neurology/psychiatry,local anesthetic,"Sigma, ChemDiv",96.22,"C(CN1CCOCC1)Cc1ccc(COc2ccccc2)cc1, C(CN1CCOCC1)Cc1ccc(COc2ccccc2)cc1","CVHGCWVMTZWGAY-UHFFFAOYSA-N, CVHGCWVMTZWGAY-UHFFFAOYSA-N",Launched
fondaparinux,coagulation factor inhibitor,"F10, SERPINC1",hematology,deep vein thrombosis (DVT),MedChemEx,93.3,[H][C@@]1(O[C@@H]2[C@@H](COS(O)(=O)=O)O[C@H](O[C@@]3([H])[C@H](O)[C@@H](OS(O)(=O)=O)[C@H](O[C@@]4([H])[C@H](O)[C@@H](NS(O)(=O)=O)[C@@H](OC)O[C@@H]4COS(O)(=O)=O)O[C@H]3C(O)=O)[C@H](NS(O)(=O)=O)[C@H]2OS(O)(=O)=O)O[C@@H]([C@@H](O[C@@]2([H])O[C@H](COS(O)(=O)=O)[C@@H](O)[C@H](O)[C@H]2NS(O)(=O)=O)[C@H](O)[C@H]1O)C(O)=O,KANJSNBRCNMZMV-ABRZTLGGSA-N,Launched
foretinib,VEGFR inhibitor,"FLT1, FLT4, KDR, MET",,,"Selleck, Selleck, Selleck, Selleck, Selleck, Selleck, Selleck",98.42,"COc1cc2c(Oc3ccc(NC(=O)C4(CC4)C(=O)Nc4ccc(F)cc4)cc3F)ccnc2cc1OCCCN1CCOCC1, COc1cc2c(Oc3ccc(NC(=O)C4(CC4)C(=O)Nc4ccc(F)cc4)cc3F)ccnc2cc1OCCCN1CCOCC1, COc1cc2c(Oc3ccc(NC(=O)C4(CC4)C(=O)Nc4ccc(F)cc4)cc3F)ccnc2cc1OCCCN1CCOCC1, COc1cc2c(Oc3ccc(NC(=O)C4(CC4)C(=O)Nc4ccc(F)cc4)cc3F)ccnc2cc1OCCCN1CCOCC1, COc1cc2c(Oc3ccc(NC(=O)C4(CC4)C(=O)Nc4ccc(F)cc4)cc3F)ccnc2cc1OCCCN1CCOCC1, COc1cc2c(Oc3ccc(NC(=O)C4(CC4)C(=O)Nc4ccc(F)cc4)cc3F)ccnc2cc1OCCCN1CCOCC1, COc1cc2c(Oc3ccc(NC(=O)C4(CC4)C(=O)Nc4ccc(F)cc4)cc3F)ccnc2cc1OCCCN1CCOCC1","CXQHYVUVSFXTMY-UHFFFAOYSA-N, CXQHYVUVSFXTMY-UHFFFAOYSA-N, CXQHYVUVSFXTMY-UHFFFAOYSA-N, CXQHYVUVSFXTMY-UHFFFAOYSA-N, CXQHYVUVSFXTMY-UHFFFAOYSA-N, InChI=1S/C34H34F2N4O6/c1-43-30-20-25-27(21-31(30)45-16-2-13-40-14-17-44-18-15-40)37-12-9-28(25)46-29-8-7-24(19-26(29)36)39-33(42)34(10-11-34)32(41)38-23-5-3-22(35)4-6-23/h3-9,12,19-21H,2,10-11,13-18H2,1H3,(H,38,41)(H,39,42), InChI=1S/C34H34F2N4O6/c1-43-30-20-25-27(21-31(30)45-16-2-13-40-14-17-44-18-15-40)37-12-9-28(25)46-29-8-7-24(19-26(29)36)39-33(42)34(10-11-34)32(41)38-23-5-3-22(35)4-6-23/h3-9,12,19-21H,2,10-11,13-18H2,1H3,(H,38,41)(H,39,42)",Phase 2
formestane,aromatase inhibitor,CYP19A1,oncology,breast cancer,"MicroSource, MicroSource, MedChemEx, Selleck",100,"C[C@]12CC[C@H]3[C@@H](CC[C@H]4C(=O)C(=O)CC[C@]34C)[C@@H]1CCC2=O |a:1,4,5,15,17,&1:8|, C[C@]12CC[C@H]3[C@@H](CC[C@H]4C(=O)C(=O)CC[C@]34C)[C@@H]1CCC2=O |a:1,4,5,15,17,&1:8|, C[C@]12CC[C@H]3[C@@H](CC[C@H]4C(=O)C(=O)CC[C@]34C)[C@@H]1CCC2=O |a:1,4,5,15,17,&1:8|, C[C@]12CC[C@H]3[C@@H](CC[C@H]4C(=O)C(=O)CC[C@]34C)[C@@H]1CCC2=O |a:1,4,5,15,17,&1:8|","ZMEULISFKSVRLQ-LZBOESDWSA-N, ZMEULISFKSVRLQ-LZBOESDWSA-N, ZMEULISFKSVRLQ-LZBOESDWSA-N, ZMEULISFKSVRLQ-LZBOESDWSA-N",Launched
formononetin,alcohol dehydrogenase inhibitor,"ADH1C, SLC5A2",,,"MedChemEx, Selleck, Selleck",96.93,"COc1ccc(cc1)-c1coc2cc(O)ccc2c1=O, COc1ccc(cc1)-c1coc2cc(O)ccc2c1=O, COc1ccc(cc1)-c1coc2cc(O)ccc2c1=O","HKQYGTCOTHHOMP-UHFFFAOYSA-N, HKQYGTCOTHHOMP-UHFFFAOYSA-N, HKQYGTCOTHHOMP-UHFFFAOYSA-N",Preclinical
formoterol,adrenergic receptor agonist,ADRB2,pulmonary,"asthma, chronic obstructive pulmonary disease (COPD), bronchospasm","Tocris, Tocris, Selleck, Tocris, Selleck, Selleck, Tocris",98.09,"COc1ccc(C[C@H](C)NC[C@@H](O)c2ccc(O)c(NC=O)c2)cc1, COc1ccc(C[C@H](C)NC[C@@H](O)c2ccc(O)c(NC=O)c2)cc1, COc1ccc(C[C@H](C)NC[C@@H](O)c2ccc(O)c(NC=O)c2)cc1, COc1ccc(C[C@H](C)NC[C@@H](O)c2ccc(O)c(NC=O)c2)cc1, COc1ccc(C[C@H](C)NC[C@@H](O)c2ccc(O)c(NC=O)c2)cc1, COc1ccc(C[C@H](C)NC[C@@H](O)c2ccc(O)c(NC=O)c2)cc1, COc1ccc(C[C@H](C)NC[C@@H](O)c2ccc(O)c(NC=O)c2)cc1","BPZSYCZIITTYBL-ORAYPTAESA-N, BPZSYCZIITTYBL-ORAYPTAESA-N, BPZSYCZIITTYBL-ORAYPTAESA-N, BPZSYCZIITTYBL-ORAYPTAESA-N, BPZSYCZIITTYBL-ORAYPTAESA-N, BPZSYCZIITTYBL-ORAYPTAESA-N, BPZSYCZIITTYBL-ORAYPTAESA-N",Launched
forodesine,purinergic receptor antagonist,PNP,hematologic malignancy,peripheral T-cell lymphoma (PTCL),"MedChemEx, MedChemEx, MedChemEx, MedChemEx",100,"OC[C@H]1N[C@H]([C@H](O)[C@@H]1O)c1c[nH]c2c1[nH]cnc2=O, OC[C@H]1N[C@H]([C@H](O)[C@@H]1O)c1c[nH]c2c1[nH]cnc2=O, OC[C@H]1N[C@H]([C@H](O)[C@@H]1O)c1c[nH]c2c1[nH]cnc2=O, OC[C@H]1N[C@H]([C@H](O)[C@@H]1O)c1c[nH]c2c1[nH]cnc2=O","IWKXDMQDITUYRK-KUBHLMPHSA-N, IWKXDMQDITUYRK-KUBHLMPHSA-N, IWKXDMQDITUYRK-KUBHLMPHSA-N, IWKXDMQDITUYRK-KUBHLMPHSA-N",Launched
foropafant,platelet activating factor receptor antagonist,PTAFR,,,"Sigma, Sigma, Sigma",97.36,"CC(C)c1cc(C(C)C)c(-c2csc(n2)N(CCN(C)C)Cc2cccnc2)c(c1)C(C)C, CC(C)c1cc(C(C)C)c(-c2csc(n2)N(CCN(C)C)Cc2cccnc2)c(c1)C(C)C, CC(C)c1cc(C(C)C)c(-c2csc(n2)N(CCN(C)C)Cc2cccnc2)c(c1)C(C)C","VVBFISAUNSXQGZ-UHFFFAOYSA-N, VVBFISAUNSXQGZ-UHFFFAOYSA-N, VVBFISAUNSXQGZ-UHFFFAOYSA-N",Phase 3
forskolin,adenylyl cyclase activator,"ADCY2, ADCY5, GNAS",,,"Tocris, Tocris, Tocris, Selleck, Selleck, Selleck",100,"CC(=O)O[C@H]1[C@@H](O)[C@H]2C(C)(C)CC[C@H](O)[C@]2(C)[C@@]2(O)C(=O)C[C@@](C)(O[C@]12C)C=C, CC(=O)O[C@H]1[C@@H](O)[C@H]2C(C)(C)CC[C@H](O)[C@]2(C)[C@@]2(O)C(=O)C[C@@](C)(O[C@]12C)C=C, CC(=O)O[C@H]1[C@@H](O)[C@H]2C(C)(C)CC[C@H](O)[C@]2(C)[C@@]2(O)C(=O)C[C@@](C)(O[C@]12C)C=C, CC(=O)O[C@H]1[C@@H](O)[C@H]2C(C)(C)CC[C@H](O)[C@]2(C)[C@@]2(O)C(=O)C[C@@](C)(O[C@]12C)C=C, CC(=O)O[C@H]1[C@@H](O)[C@H]2C(C)(C)CC[C@H](O)[C@]2(C)[C@@]2(O)C(=O)C[C@@](C)(O[C@]12C)C=C, CC(=O)O[C@H]1[C@@H](O)[C@H]2C(C)(C)CC[C@H](O)[C@]2(C)[C@@]2(O)C(=O)C[C@@](C)(O[C@]12C)C=C","OHCQJHSOBUTRHG-KGGHGJDLSA-N, OHCQJHSOBUTRHG-KGGHGJDLSA-N, OHCQJHSOBUTRHG-KGGHGJDLSA-N, OHCQJHSOBUTRHG-KGGHGJDLSA-N, OHCQJHSOBUTRHG-KGGHGJDLSA-N, OHCQJHSOBUTRHG-KGGHGJDLSA-N",Launched
fosamprenavir,HIV protease inhibitor,,infectious disease,human immunodeficiency virus (HIV-1),"MedChemEx, MedChemEx, MedChemEx, MedChemEx",96.18,"CC(C)CN(C[C@@H](OP(O)(O)=O)[C@H](Cc1ccccc1)NC(=O)O[C@H]1CCOC1)S(=O)(=O)c1ccc(N)cc1, CC(C)CN(C[C@@H](OP(O)(O)=O)[C@H](Cc1ccccc1)NC(=O)O[C@H]1CCOC1)S(=O)(=O)c1ccc(N)cc1, CC(C)CN(C[C@@H](OP(O)(O)=O)[C@H](Cc1ccccc1)NC(=O)O[C@H]1CCOC1)S(=O)(=O)c1ccc(N)cc1, CC(C)CN(C[C@@H](OP(O)(O)=O)[C@H](Cc1ccccc1)NC(=O)O[C@H]1CCOC1)S(=O)(=O)c1ccc(N)cc1","MLBVMOWEQCZNCC-OEMFJLHTSA-N, MLBVMOWEQCZNCC-OEMFJLHTSA-N, MLBVMOWEQCZNCC-OEMFJLHTSA-N, MLBVMOWEQCZNCC-OEMFJLHTSA-N",Launched
fosaprepitant-dimeglumine,tachykinin antagonist,TACR1,gastroenterology,"nausea, vomiting","MedChemEx, MedChemEx, Selleck, Selleck, Selleck",78.2,"C[C@@H](O[C@H]1OCCN(Cc2nn(c(=O)[nH]2)P(O)(O)=O)[C@H]1c1ccc(F)cc1)c1cc(cc(c1)C(F)(F)F)C(F)(F)F, C[C@@H](O[C@H]1OCCN(Cc2nn(c(=O)[nH]2)P(O)(O)=O)[C@H]1c1ccc(F)cc1)c1cc(cc(c1)C(F)(F)F)C(F)(F)F, C[C@@H](O[C@H]1OCCN(Cc2nn(c(=O)[nH]2)P(O)(O)=O)[C@H]1c1ccc(F)cc1)c1cc(cc(c1)C(F)(F)F)C(F)(F)F, C[C@@H](O[C@H]1OCCN(Cc2nn(c(=O)[nH]2)P(O)(O)=O)[C@H]1c1ccc(F)cc1)c1cc(cc(c1)C(F)(F)F)C(F)(F)F, C[C@@H](O[C@H]1OCCN(Cc2nn(c(=O)[nH]2)P(O)(O)=O)[C@H]1c1ccc(F)cc1)c1cc(cc(c1)C(F)(F)F)C(F)(F)F","BARDROPHSZEBKC-OITMNORJSA-N, BARDROPHSZEBKC-OITMNORJSA-N, BARDROPHSZEBKC-OITMNORJSA-N, BARDROPHSZEBKC-OITMNORJSA-N, BARDROPHSZEBKC-OITMNORJSA-N",Launched
fosbretabulin,"tubulin polymerization inhibitor, VE-cadherin antagonist",CDH5,,,"MedChemEx, MedChemEx, MedChemEx, MedChemEx",90.79,"COc1ccc(\C=C/c2cc(OC)c(OC)c(OC)c2)cc1OP(O)(O)=O, COc1ccc(\C=C/c2cc(OC)c(OC)c(OC)c2)cc1OP(O)(O)=O, COc1ccc(\C=C/c2cc(OC)c(OC)c(OC)c2)cc1OP(O)(O)=O, COc1ccc(\C=C/c2cc(OC)c(OC)c(OC)c2)cc1OP(O)(O)=O","WDOGQTQEKVLZIJ-WAYWQWQTSA-N, WDOGQTQEKVLZIJ-WAYWQWQTSA-N, WDOGQTQEKVLZIJ-WAYWQWQTSA-N, WDOGQTQEKVLZIJ-WAYWQWQTSA-N",Phase 3
foscarnet,DNA polymerase inhibitor,,infectious disease,"cytomegalovirus retinitis, acquired immunodeficiency syndrome (AIDS), virus herpes simplex (HSV)","MicroSource, Selleck, Selleck, Selleck",0,"OC(=O)P(O)(O)=O, OC(=O)P(O)(O)=O, OC(=O)P(O)(O)=O, OC(=O)P(O)(O)=O","ZJAOAACCNHFJAH-UHFFFAOYSA-N, ZJAOAACCNHFJAH-UHFFFAOYSA-N, ZJAOAACCNHFJAH-UHFFFAOYSA-N, ZJAOAACCNHFJAH-UHFFFAOYSA-N",Launched
fosfestrol,synthetic estrogen,"ESR1, ESR2",oncology,prostate cancer,MatrixSci,0,CC\C(=C(\CC)c1ccc(OP(O)(O)=O)cc1)c1ccc(OP(O)(O)=O)cc1,NLORYLAYLIXTID-ISLYRVAYSA-N,Launched
fosfluconazole,other antifungal,,,,MedChemEx,63.38,OP(O)(=O)OC(Cn1cncn1)(Cn1cncn1)c1ccc(F)cc1F,GHJWNRRCRIGGIO-UHFFFAOYSA-N,Preclinical
fosfomycin,bacterial cell wall synthesis inhibitor,,infectious disease,urinary tract infections,"MedChemEx, Selleck, CombiBlocks",100,"C[C@@H]1O[C@@H]1P(O)(O)=O, C[C@@H]1O[C@@H]1P(O)(O)=O, C[C@@H]1O[C@@H]1P(O)(O)=O","YMDXZJFXQJVXBF-STHAYSLISA-N, YMDXZJFXQJVXBF-STHAYSLISA-N, YMDXZJFXQJVXBF-STHAYSLISA-N",Launched
fosfosal,phosphodiesterase inhibitor,"PTGS1, PTGS2",neurology/psychiatry,pain relief,"MicroSource, Sigma, Sigma",84.64,"OC(=O)c1ccccc1OP(O)(O)=O, OC(=O)c1ccccc1OP(O)(O)=O, OC(=O)c1ccccc1OP(O)(O)=O","FFKUDWZICMJVPA-UHFFFAOYSA-N, FFKUDWZICMJVPA-UHFFFAOYSA-N, FFKUDWZICMJVPA-UHFFFAOYSA-N",Launched
fosfructose,fructose diphosphate stimulant,,,,CombiBlocks,1.47,O[C@H](COP(O)(O)=O)[C@@H](O)[C@H](O)C(=O)COP(O)(O)=O,XPYBSIWDXQFNMH-UYFOZJQFSA-N,Phase 3
fosinopril,angiotensin converting enzyme inhibitor,ACE,cardiology,"hypertension, congestive heart failure","Selleck, Selleck, Selleck, Selleck, Selleck",97.48,"CCC(=O)O[C@@H](OP(=O)(CCCCc1ccccc1)CC(=O)N1C[C@@H](C[C@H]1C(O)=O)C1CCCCC1)C(C)C |a:5,24,26,&1:7|, CCC(=O)O[C@@H](OP(=O)(CCCCc1ccccc1)CC(=O)N1C[C@@H](C[C@H]1C(O)=O)C1CCCCC1)C(C)C |a:5,24,26,&1:7|, CCC(=O)O[C@@H](OP(=O)(CCCCc1ccccc1)CC(=O)N1C[C@@H](C[C@H]1C(O)=O)C1CCCCC1)C(C)C |a:5,24,26,&1:7|, CCC(=O)O[C@@H](OP(=O)(CCCCc1ccccc1)CC(=O)N1C[C@@H](C[C@H]1C(O)=O)C1CCCCC1)C(C)C |a:5,24,26,&1:7|, CCC(=O)O[C@@H](OP(=O)(CCCCc1ccccc1)CC(=O)N1C[C@@H](C[C@H]1C(O)=O)C1CCCCC1)C(C)C |a:5,24,26,&1:7|","BIDNLKIUORFRQP-AJTMIRJTSA-N, BIDNLKIUORFRQP-AJTMIRJTSA-N, BIDNLKIUORFRQP-AJTMIRJTSA-N, BIDNLKIUORFRQP-AJTMIRJTSA-N, BIDNLKIUORFRQP-AJTMIRJTSA-N",Launched
fosinoprilat,angiotensin converting enzyme inhibitor,ACE,cardiology,hypertension,AvaChem,61.88,"OC(=O)[C@@H]1C[C@H](CN1C(=O)C[P@](O)(=O)CCCCc1ccccc1)C1CCCCC1 |a:3,5,&1:11|",WOIWWYDXDVSWAZ-RTWAWAEBSA-N,Launched
fosphenytoin,sodium channel blocker,SCN5A,neurology/psychiatry,"epilepsy, seizures","CombiBlocks, CombiBlocks, AKSci",94.91,"OP(O)(=O)OCN1C(=O)NC(C1=O)(c1ccccc1)c1ccccc1, OP(O)(=O)OCN1C(=O)NC(C1=O)(c1ccccc1)c1ccccc1, OP(O)(=O)OCN1C(=O)NC(C1=O)(c1ccccc1)c1ccccc1","XWLUWCNOOVRFPX-UHFFFAOYSA-N, XWLUWCNOOVRFPX-UHFFFAOYSA-N, XWLUWCNOOVRFPX-UHFFFAOYSA-N",Launched
fostamatinib,SYK inhibitor,SYK,hematology,chronic immune thrombocytopenia (ITP),"Selleck, MedChemEx, Selleck",92.92,"COc1cc(Nc2ncc(F)c(Nc3ccc4OC(C)(C)C(=O)N(COP(O)(O)=O)c4n3)n2)cc(OC)c1OC, COc1cc(Nc2ncc(F)c(Nc3ccc4OC(C)(C)C(=O)N(COP(O)(O)=O)c4n3)n2)cc(OC)c1OC, COc1cc(Nc2ncc(F)c(Nc3ccc4OC(C)(C)C(=O)N(COP(O)(O)=O)c4n3)n2)cc(OC)c1OC","GKDRMWXFWHEQQT-UHFFFAOYSA-N, GKDRMWXFWHEQQT-UHFFFAOYSA-N, GKDRMWXFWHEQQT-UHFFFAOYSA-N",Launched
fostemsavir,antiviral,,,,MedChemEx,97.19,COc1cnc(-n2cnc(C)n2)c2n(COP(O)(O)=O)cc(C(=O)C(=O)N3CCN(CC3)C(=O)c3ccccc3)c12,SWMDAPWAQQTBOG-UHFFFAOYSA-N,Phase 3
fotemustine,thioredoxin inhibitor,,oncology,melanoma,"MedChemEx, MedChemEx",36.92,"CCOP(=O)(OCC)[C@@H](C)NC(=O)N(CCCl)[NH2+][O-] |&1:8,r|, CCOP(=O)(OCC)[C@@H](C)NC(=O)N(CCCl)[NH2+][O-] |&1:8,r|","UETIXAMLWBFWOE-QMMMGPOBSA-N, UETIXAMLWBFWOE-QMMMGPOBSA-N",Launched
foxy-5,WNT5a peptide mimetic,WNT5A,,,"Tocris, Tocris",99.26,"CSCC[C@H](NC=O)C(=O)N[C@@H](CC(O)=O)C(=O)NCC(=O)N[C@@H](CS)C(=O)N[C@@H](CCC(O)=O)C(=O)N[C@@H](CC(C)C)C(O)=O, CSCC[C@H](NC=O)C(=O)N[C@@H](CC(O)=O)C(=O)NCC(=O)N[C@@H](CS)C(=O)N[C@@H](CCC(O)=O)C(=O)N[C@@H](CC(C)C)C(O)=O","WFZPJYYCTSHDJI-ATIWLJMLSA-N, WFZPJYYCTSHDJI-ATIWLJMLSA-N",Phase 2
FPA-124,AKT inhibitor,,,,,0,,,Preclinical
FPH1-(BRD-6125),hepatocyte function enhancer,,,,"Selleck, Selleck",96.07,"Cc1ccc(Cl)cc1N(CC(=O)Nc1c(F)cccc1F)S(C)(=O)=O, Cc1ccc(Cl)cc1N(CC(=O)Nc1c(F)cccc1F)S(C)(=O)=O","WAOBCCBUTHNTFO-UHFFFAOYSA-N, WAOBCCBUTHNTFO-UHFFFAOYSA-N",Preclinical
FPL-12495,glutamate receptor antagonist,,,,"Enamine, Enamine, Enamine",92.23,"CC(N)(Cc1ccccc1)c1ccccc1 |&1:1|, CC(N)(Cc1ccccc1)c1ccccc1 |&1:1|, CC(N)(Cc1ccccc1)c1ccccc1 |&1:1|","JINQHBRSXWQJAZ-UHFFFAOYSA-N, JINQHBRSXWQJAZ-UHFFFAOYSA-N, JINQHBRSXWQJAZ-UHFFFAOYSA-N",Phase 1
FPL-55712,leukotriene receptor antagonist,,,,"Tocris, Tocris, Tocris, Tocris",97.14,"CCCc1c(OC[C@@H](O)COc2ccc3c(oc(cc3=O)C(O)=O)c2CCC)ccc(C(C)=O)c1O |&1:7,r|, CCCc1c(OC[C@@H](O)COc2ccc3c(oc(cc3=O)C(O)=O)c2CCC)ccc(C(C)=O)c1O |&1:7,r|, CCCc1c(OC[C@@H](O)COc2ccc3c(oc(cc3=O)C(O)=O)c2CCC)ccc(C(C)=O)c1O |&1:7,r|, CCCc1c(OC[C@@H](O)COc2ccc3c(oc(cc3=O)C(O)=O)c2CCC)ccc(C(C)=O)c1O |&1:7,r|","LMQBMWHHGVZWMR-MRXNPFEDSA-N, LMQBMWHHGVZWMR-MRXNPFEDSA-N, LMQBMWHHGVZWMR-MRXNPFEDSA-N, LMQBMWHHGVZWMR-MRXNPFEDSA-N",Phase 1
FPL-62064,"cyclooxygenase inhibitor, lipoxygenase inhibitor",,,,"Astatech, Astatech, Astatech",86.14,"COc1ccc(Nc2ccn(n2)-c2ccccc2)cc1, COc1ccc(Nc2ccn(n2)-c2ccccc2)cc1, COc1ccc(Nc2ccn(n2)-c2ccccc2)cc1","WKLGNFJHVJIZPK-UHFFFAOYSA-N, WKLGNFJHVJIZPK-UHFFFAOYSA-N, WKLGNFJHVJIZPK-UHFFFAOYSA-N",Phase 2
FPL-64176,calcium channel activator,"CACNA1C, CACNA1S",,,"Tocris, Tocris, Tocris, Tocris, Tocris",98.96,"COC(=O)c1c(C)[nH]c(C)c1C(=O)c1ccccc1Cc1ccccc1, COC(=O)c1c(C)[nH]c(C)c1C(=O)c1ccccc1Cc1ccccc1, COC(=O)c1c(C)[nH]c(C)c1C(=O)c1ccccc1Cc1ccccc1, COC(=O)c1c(C)[nH]c(C)c1C(=O)c1ccccc1Cc1ccccc1, COC(=O)c1c(C)[nH]c(C)c1C(=O)c1ccccc1Cc1ccccc1","MDMWHKZANMNXTF-UHFFFAOYSA-N, MDMWHKZANMNXTF-UHFFFAOYSA-N, MDMWHKZANMNXTF-UHFFFAOYSA-N, MDMWHKZANMNXTF-UHFFFAOYSA-N, MDMWHKZANMNXTF-UHFFFAOYSA-N",Preclinical
FPS-ZM1,RAGE receptor antagonist,AGER,,,"MedChemEx, MedChemEx",97.01,"Clc1ccc(cc1)C(=O)N(Cc1ccccc1)C1CCCCC1, Clc1ccc(cc1)C(=O)N(Cc1ccccc1)C1CCCCC1","XDFKWGIBQMHSOH-UHFFFAOYSA-N, XDFKWGIBQMHSOH-UHFFFAOYSA-N",Preclinical
FR-122047,cyclooxygenase inhibitor,,,,"Tocris, Tocris",98.1,"COc1ccc(cc1)-c1nc(sc1-c1ccc(OC)cc1)C(=O)N1CCN(C)CC1, COc1ccc(cc1)-c1nc(sc1-c1ccc(OC)cc1)C(=O)N1CCN(C)CC1","UBHKJRYGKOSQDJ-UHFFFAOYSA-N, UBHKJRYGKOSQDJ-UHFFFAOYSA-N",Preclinical
FR-139317,endothelin receptor antagonist,EDNRA,,,"Tocris, Tocris, Tocris, Tocris",97.59,"CC(C)C[C@H](NC(=O)N1CCCCCC1)C(=O)N[C@H](Cc1cn(C)c2ccccc12)C(=O)N[C@H](Cc1ccccn1)C(O)=O, CC(C)C[C@H](NC(=O)N1CCCCCC1)C(=O)N[C@H](Cc1cn(C)c2ccccc12)C(=O)N[C@H](Cc1ccccn1)C(O)=O, CC(C)C[C@H](NC(=O)N1CCCCCC1)C(=O)N[C@H](Cc1cn(C)c2ccccc12)C(=O)N[C@H](Cc1ccccn1)C(O)=O, CC(C)C[C@H](NC(=O)N1CCCCCC1)C(=O)N[C@H](Cc1cn(C)c2ccccc12)C(=O)N[C@H](Cc1ccccn1)C(O)=O","LIOKMIQQPDDTNO-UPRLRBBYSA-N, LIOKMIQQPDDTNO-UPRLRBBYSA-N, LIOKMIQQPDDTNO-UPRLRBBYSA-N, LIOKMIQQPDDTNO-UPRLRBBYSA-N",Phase 1
FR-180204,MAP kinase inhibitor,"MAPK1, MAPK3",,,"Tocris, Tocris, Tocris, Adooq",97.63,"Nc1[nH]nc2nnc(cc12)-c1c(nn2ccccc12)-c1ccccc1, Nc1[nH]nc2nnc(cc12)-c1c(nn2ccccc12)-c1ccccc1, Nc1[nH]nc2nnc(cc12)-c1c(nn2ccccc12)-c1ccccc1, Nc1[nH]nc2nnc(cc12)-c1c(nn2ccccc12)-c1ccccc1","XVECMUKVOMUNLE-UHFFFAOYSA-N, XVECMUKVOMUNLE-UHFFFAOYSA-N, XVECMUKVOMUNLE-UHFFFAOYSA-N, XVECMUKVOMUNLE-UHFFFAOYSA-N",Preclinical
FRAX486,serine/threonine kinase inhibitor,"PAK1, PAK2, PAK3, PAK4",,,"Tocris, MedChemEx, MedChemEx, MedChemEx, MedChemEx",93.24,"CCn1c2nc(Nc3ccc(N4CCNCC4)c(F)c3)ncc2cc(-c2ccc(Cl)cc2Cl)c1=O, CCn1c2nc(Nc3ccc(N4CCNCC4)c(F)c3)ncc2cc(-c2ccc(Cl)cc2Cl)c1=O, CCn1c2nc(Nc3ccc(N4CCNCC4)c(F)c3)ncc2cc(-c2ccc(Cl)cc2Cl)c1=O, CCn1c2nc(Nc3ccc(N4CCNCC4)c(F)c3)ncc2cc(-c2ccc(Cl)cc2Cl)c1=O, CCn1c2nc(Nc3ccc(N4CCNCC4)c(F)c3)ncc2cc(-c2ccc(Cl)cc2Cl)c1=O","DHKFOIHIUYFSOF-UHFFFAOYSA-N, DHKFOIHIUYFSOF-UHFFFAOYSA-N, DHKFOIHIUYFSOF-UHFFFAOYSA-N, DHKFOIHIUYFSOF-UHFFFAOYSA-N, DHKFOIHIUYFSOF-UHFFFAOYSA-N",Preclinical
frentizole,immunosuppressant,,,,"MedChemEx, MedChemEx, MedChemEx",87.55,"COc1ccc2nc(NC(=O)Nc3ccccc3)sc2c1, COc1ccc2nc(NC(=O)Nc3ccccc3)sc2c1, COc1ccc2nc(NC(=O)Nc3ccccc3)sc2c1","JHBWYQRKOUBPCA-UHFFFAOYSA-N, JHBWYQRKOUBPCA-UHFFFAOYSA-N, JHBWYQRKOUBPCA-UHFFFAOYSA-N",Phase 1
freselestat,elastase inhibitor,"CELA1, ELANE",,,Adooq,92.52,CC(C)[C@@H](NC(=O)Cn1c(ncc(N)c1=O)-c1ccccc1)[C@@H](O)c1nnc(o1)C(C)(C)C,HMPQTEPEMQZWQH-QZTJIDSGSA-N,Preclinical
frovatriptan,serotonin receptor agonist,"HTR1A, HTR1B, HTR1D",neurology/psychiatry,migraine headache,Sigma,91.96,CN[C@@H]1CCc2[nH]c3ccc(cc3c2C1)C(N)=O,XPSQPHWEGNHMSK-SECBINFHSA-N,Launched
fruquintinib,VEGFR inhibitor,KDR,oncology,colorectal cancer,"MedChemEx, MedChemEx, MedChemEx",97.88,"CNC(=O)c1c(C)oc2cc(Oc3ncnc4cc(OC)c(OC)cc34)ccc12, CNC(=O)c1c(C)oc2cc(Oc3ncnc4cc(OC)c(OC)cc34)ccc12, CNC(=O)c1c(C)oc2cc(Oc3ncnc4cc(OC)c(OC)cc34)ccc12","BALLNEJQLSTPIO-UHFFFAOYSA-N, BALLNEJQLSTPIO-UHFFFAOYSA-N, BALLNEJQLSTPIO-UHFFFAOYSA-N",Launched
ftaxilide,,,,,"MedChemEx, MicroSource",91.41,"Cc1cccc(C)c1NC(=O)c1ccccc1C(O)=O, Cc1cccc(C)c1NC(=O)c1ccccc1C(O)=O","LLECMGGNFBKPRH-UHFFFAOYSA-N, LLECMGGNFBKPRH-UHFFFAOYSA-N",Preclinical
ftorafur,thymidylate synthase inhibitor,TYMS,oncology,colorectal cancer,"Selleck, Selleck, Selleck, Selleck, MedChemEx",100,"Fc1cn([C@H]2CCCO2)c(=O)[nH]c1=O, Fc1cn([C@H]2CCCO2)c(=O)[nH]c1=O, Fc1cn([C@H]2CCCO2)c(=O)[nH]c1=O, Fc1cn([C@H]2CCCO2)c(=O)[nH]c1=O, Fc1cn([C@H]2CCCO2)c(=O)[nH]c1=O","WFWLQNSHRPWKFK-ZCFIWIBFSA-N, WFWLQNSHRPWKFK-ZCFIWIBFSA-N, WFWLQNSHRPWKFK-ZCFIWIBFSA-N, WFWLQNSHRPWKFK-ZCFIWIBFSA-N, WFWLQNSHRPWKFK-ZCFIWIBFSA-N",Launched
FT011,TGF beta receptor inhibitor,,,,MedChemEx,95.13,COc1cc(\C=C\C(=O)Nc2ccccc2C(O)=O)ccc1OCC#C,UIWZIDIJCUEOMT-PKNBQFBNSA-N,Preclinical
fucoxanthin,anticancer agent,,,,MedChemEx,100,[H]C(=[C@@]=C1C(C)(C)C[C@@H](C[C@@]1(C)O)OC(C)=O)C(\C)=C\C=C\C(\C)=C\C=C\C=C(/C)\C=C\C=C(/C)C(=O)C[C@]12O[C@@]1(C)C[C@H](O)CC2(C)C,SJWWTRQNNRNTPU-BWRPRJLXSA-N,Phase 2
fudosteine,mucolytic agent,,pulmonary,chest congestion,"MedChemEx, Selleck, Selleck",100,"N[C@@H](CSCCCO)C(O)=O, N[C@@H](CSCCCO)C(O)=O, N[C@@H](CSCCCO)C(O)=O","KINWYTAUPKOPCQ-YFKPBYRVSA-N, KINWYTAUPKOPCQ-YFKPBYRVSA-N, KINWYTAUPKOPCQ-YFKPBYRVSA-N",Launched
fulvestrant,estrogen receptor antagonist,"ESR1, ESR2, GPER1",oncology,breast cancer,"Tocris, Tocris, MicroSource, MicroSource, MicroSource, Tocris, Tocris, Tocris, Tocris, Tocris, Selleck, Selleck, Selleck",97.7,"C[C@]12CC[C@H]3[C@H]([C@@H]1CC[C@@H]2O)[C@H](CCCCCCCCC[S@@](=O)CCCC(F)(F)C(F)(F)F)Cc1cc(O)ccc31 |a:1,4,5,6,9,11,&1:21|, C[C@]12CC[C@H]3[C@H]([C@@H]1CC[C@@H]2O)[C@H](CCCCCCCCC[S@@](=O)CCCC(F)(F)C(F)(F)F)Cc1cc(O)ccc31 |a:1,4,5,6,9,11,&1:21|, C[C@]12CC[C@H]3[C@H]([C@@H]1CC[C@@H]2O)[C@H](CCCCCCCCC[S@@](=O)CCCC(F)(F)C(F)(F)F)Cc1cc(O)ccc31 |a:1,4,5,6,9,11,&1:21|, C[C@]12CC[C@H]3[C@H]([C@@H]1CC[C@@H]2O)[C@H](CCCCCCCCC[S@@](=O)CCCC(F)(F)C(F)(F)F)Cc1cc(O)ccc31 |a:1,4,5,6,9,11,&1:21|, C[C@]12CC[C@H]3[C@H]([C@@H]1CC[C@@H]2O)[C@H](CCCCCCCCC[S@@](=O)CCCC(F)(F)C(F)(F)F)Cc1cc(O)ccc31 |a:1,4,5,6,9,11,&1:21|, C[C@]12CC[C@H]3[C@H]([C@@H]1CC[C@@H]2O)[C@H](CCCCCCCCC[S@@](=O)CCCC(F)(F)C(F)(F)F)Cc1cc(O)ccc31 |a:1,4,5,6,9,11,&1:21|, C[C@]12CC[C@H]3[C@H]([C@@H]1CC[C@@H]2O)[C@H](CCCCCCCCC[S@@](=O)CCCC(F)(F)C(F)(F)F)Cc1cc(O)ccc31 |a:1,4,5,6,9,11,&1:21|, C[C@]12CC[C@H]3[C@H]([C@@H]1CC[C@@H]2O)[C@H](CCCCCCCCC[S@@](=O)CCCC(F)(F)C(F)(F)F)Cc1cc(O)ccc31 |a:1,4,5,6,9,11,&1:21|, C[C@]12CC[C@H]3[C@H]([C@@H]1CC[C@@H]2O)[C@H](CCCCCCCCC[S@@](=O)CCCC(F)(F)C(F)(F)F)Cc1cc(O)ccc31 |a:1,4,5,6,9,11,&1:21|, C[C@]12CC[C@H]3[C@H]([C@@H]1CC[C@@H]2O)[C@H](CCCCCCCCC[S@@](=O)CCCC(F)(F)C(F)(F)F)Cc1cc(O)ccc31 |a:1,4,5,6,9,11,&1:21|, C[C@]12CC[C@H]3[C@H]([C@@H]1CC[C@@H]2O)[C@H](CCCCCCCCC[S@@](=O)CCCC(F)(F)C(F)(F)F)Cc1cc(O)ccc31 |a:1,4,5,6,9,11,&1:21|, C[C@]12CC[C@H]3[C@H]([C@@H]1CC[C@@H]2O)[C@H](CCCCCCCCC[S@@](=O)CCCC(F)(F)C(F)(F)F)Cc1cc(O)ccc31 |a:1,4,5,6,9,11,&1:21|, C[C@]12CC[C@H]3[C@H]([C@@H]1CC[C@@H]2O)[C@H](CCCCCCCCC[S@@](=O)CCCC(F)(F)C(F)(F)F)Cc1cc(O)ccc31 |a:1,4,5,6,9,11,&1:21|","VWUXBMIQPBEWFH-CIAKRVSBSA-N, VWUXBMIQPBEWFH-CIAKRVSBSA-N, VWUXBMIQPBEWFH-CIAKRVSBSA-N, VWUXBMIQPBEWFH-CIAKRVSBSA-N, VWUXBMIQPBEWFH-CIAKRVSBSA-N, VWUXBMIQPBEWFH-CIAKRVSBSA-N, VWUXBMIQPBEWFH-CIAKRVSBSA-N, VWUXBMIQPBEWFH-CIAKRVSBSA-N, VWUXBMIQPBEWFH-CIAKRVSBSA-N, VWUXBMIQPBEWFH-CIAKRVSBSA-N, VWUXBMIQPBEWFH-CIAKRVSBSA-N, VWUXBMIQPBEWFH-CIAKRVSBSA-N, VWUXBMIQPBEWFH-CIAKRVSBSA-N",Launched
fumagillin,methionine aminopeptidase inhibitor,METAP2,infectious disease,microsporidiosis,"MedChemEx, Enzo, MedChemEx, MedChemEx",86.8,"CO[C@@H]1[C@@H](CC[C@]2(CO2)[C@@H]1[C@@]1(C)O[C@@H]1CC=C(C)C)OC(=O)\C=C\C=C\C=C\C=C\C(O)=O |a:2,3,6,10,13,&1:9|, CO[C@@H]1[C@@H](CC[C@]2(CO2)[C@@H]1[C@@]1(C)O[C@@H]1CC=C(C)C)OC(=O)\C=C\C=C\C=C\C=C\C(O)=O |a:2,3,6,10,13,&1:9|, CO[C@@H]1[C@@H](CC[C@]2(CO2)[C@@H]1[C@@]1(C)O[C@@H]1CC=C(C)C)OC(=O)\C=C\C=C\C=C\C=C\C(O)=O |a:2,3,6,10,13,&1:9|, CO[C@@H]1[C@@H](CC[C@]2(CO2)[C@@H]1[C@@]1(C)O[C@@H]1CC=C(C)C)OC(=O)\C=C\C=C\C=C\C=C\C(O)=O |a:2,3,6,10,13,&1:9|","NGGMYCMLYOUNGM-FKSJYSFPSA-N, NGGMYCMLYOUNGM-FKSJYSFPSA-N, NGGMYCMLYOUNGM-FKSJYSFPSA-N, NGGMYCMLYOUNGM-FKSJYSFPSA-N",Launched
fumonisin-B1,,CERS1,,,MedChemEx,0,CCCC[C@@H](C)[C@@H](OC(=O)C[C@@H](CC(O)=O)C(O)=O)[C@H](C[C@@H](C)C[C@H](O)CCCC[C@@H](O)C[C@H](O)[C@H](C)N)OC(=O)C[C@@H](CC(O)=O)C(O)=O,UVBUBMSSQKOIBE-DSLOAKGESA-N,Preclinical
funapide,sodium channel blocker,,,,AMS,94.46,FC(F)(F)c1ccc(CN2C(=O)[C@@]3(COc4cc5OCOc5cc34)c3ccccc23)o1,NEBUOXBYNAHKFV-NRFANRHFSA-N,Preclinical
furagin,antibacterial,,,,MedChemEx,84.97,[O-][N+](=O)c1ccc(\C=C\C=N\N2CC(=O)NC2=O)o1,DECBQELQORZLLP-UAIOPKHMSA-N,Preclinical
furaltadone,bacterial DNA inhibitor,,infectious disease,gram-negative bacterial infections,"MedChemEx, MicroSource",83.59,"[O-][N+](=O)c1ccc(\C=N\N2C[C@@H](CN3CCOCC3)OC2=O)o1 |&1:11,r|, [O-][N+](=O)c1ccc(\C=N\N2C[C@@H](CN3CCOCC3)OC2=O)o1 |&1:11,r|","YVQVOQKFMFRVGR-LLUUXILJSA-N, YVQVOQKFMFRVGR-LLUUXILJSA-N",Launched
furamidine,protein arginine N-methyltransferase inhibitor,PRMT1,,,"Tocris, Tocris",93.75,"NC(=N)c1ccc(cc1)-c1ccc(o1)-c1ccc(cc1)C(N)=N, NC(=N)c1ccc(cc1)-c1ccc(o1)-c1ccc(cc1)C(N)=N","ZJHZBDRZEZEDGB-UHFFFAOYSA-N, ZJHZBDRZEZEDGB-UHFFFAOYSA-N",Preclinical
furazolidone,bacterial DNA inhibitor,,"gastroenterology, infectious disease","diarrhea, enteritis, cholera","MedChemEx, MicroSource",91.67,"[O-][N+](=O)c1ccc(\C=N\N2CCOC2=O)o1, [O-][N+](=O)c1ccc(\C=N\N2CCOC2=O)o1","PLHJDBGFXBMTGZ-WEVVVXLNSA-N, PLHJDBGFXBMTGZ-WEVVVXLNSA-N",Launched
furegrelate,thromboxane synthase inhibitor,TBXAS1,,,"Cayman, Cayman",98.91,"OC(=O)c1cc2cc(Cc3cccnc3)ccc2o1, OC(=O)c1cc2cc(Cc3cccnc3)ccc2o1","VHWFITPGPFLBGT-UHFFFAOYSA-N, VHWFITPGPFLBGT-UHFFFAOYSA-N",Phase 1
furosemide,diuretic,"CA2, GPR35, SLC12A1, SLC12A2","cardiology, rheumatology","edema, hypertension, congestive heart failure, nephrotic syndrome","Tocris, Selleck, Tocris, Tocris, Tocris, MicroSource",99.55,"NS(=O)(=O)c1cc(C(O)=O)c(NCc2ccco2)cc1Cl, NS(=O)(=O)c1cc(C(O)=O)c(NCc2ccco2)cc1Cl, NS(=O)(=O)c1cc(C(O)=O)c(NCc2ccco2)cc1Cl, NS(=O)(=O)c1cc(C(O)=O)c(NCc2ccco2)cc1Cl, NS(=O)(=O)c1cc(C(O)=O)c(NCc2ccco2)cc1Cl, NS(=O)(=O)c1cc(C(O)=O)c(NCc2ccco2)cc1Cl","ZZUFCTLCJUWOSV-UHFFFAOYSA-N, ZZUFCTLCJUWOSV-UHFFFAOYSA-N, ZZUFCTLCJUWOSV-UHFFFAOYSA-N, ZZUFCTLCJUWOSV-UHFFFAOYSA-N, ZZUFCTLCJUWOSV-UHFFFAOYSA-N, ZZUFCTLCJUWOSV-UHFFFAOYSA-N",Launched
fursultiamine,vitamin B,,metabolism,thiamine deficiency,"Prestwick, MedChemEx",99.61,"C\C(N(Cc1cnc(C)nc1N)C=O)=C(\CCO)SSC[C@H]1CCCO1 |&1:21|, C\C(N(Cc1cnc(C)nc1N)C=O)=C(\CCO)SSC[C@H]1CCCO1 |&1:21|","JTLXCMOFVBXEKD-XYGUXCPDSA-N, JTLXCMOFVBXEKD-XYGUXCPDSA-N",Launched
furvina,quorum sensing signaling inhibitor,,,,Labotest,0,[O-][N+](=O)C(\Br)=C/c1ccc(Br)o1,MJPPGVVIDGQOQT-HYXAFXHYSA-N,Preclinical
fusidic-acid,bacterial 30S ribosomal subunit inhibitor,,dermatology,acne vulgaris (AV),MedChemEx,94.82,C[C@@H]1[C@H](O)CC[C@@]2(C)[C@H]1CC[C@@]1(C)[C@H]2[C@H](O)C[C@H]2\C([C@H](C[C@]12C)OC(C)=O)=C(/CCC=C(C)C)C(O)=O,IECPWNUMDGFDKC-MZJAQBGESA-N,Launched
futibatinib,FGFR inhibitor,,,,MedChemEx,96.33,COc1cc(OC)cc(c1)C#Cc1nn([C@H]2CCN(C2)C(=O)C=C)c2ncnc(N)c12,KEIPNCCJPRMIAX-HNNXBMFYSA-N,Phase 3
F351,TGF beta receptor inhibitor,TGFB1,,,"Carbosynth, Toronto",95.15,"Cc1ccc(=O)n(c1)-c1ccc(O)cc1, Cc1ccc(=O)n(c1)-c1ccc(O)cc1","NETTXQJYJRFTFS-UHFFFAOYSA-N, NETTXQJYJRFTFS-UHFFFAOYSA-N",Phase 2
g-caryophyllene,acetylcholinesterase inhibitor,ACHE,,,"Sigma, Sigma",0,"C\C1=C/CCC(=C)[C@H]2CC(C)(C)[C@@H]2CC1 |c:1|, C\C1=C/CCC(=C)[C@H]2CC(C)(C)[C@@H]2CC1 |c:1|","NPNUFJAVOOONJE-GFUGXAQUSA-N, NPNUFJAVOOONJE-GFUGXAQUSA-N",Preclinical
G-1,G protein-coupled receptor agonist,GPER1,,,"Tocris, Tocris",97.15,"CC(=O)c1ccc2N[C@H]([C@H]3CC=C[C@H]3c2c1)c1cc2OCOc2cc1Br |c:11|, CC(=O)c1ccc2N[C@H]([C@H]3CC=C[C@H]3c2c1)c1cc2OCOc2cc1Br |c:11|","VHSVKVWHYFBIFJ-HKZYLEAXSA-N, VHSVKVWHYFBIFJ-HKZYLEAXSA-N",Preclinical
G-15,estrogen receptor antagonist,GPER1,,,Tocris,95.87,"Brc1cc2OCOc2cc1[C@H]1Nc2ccccc2[C@H]2C=CC[C@@H]12 |&1:10,18,22,c:22|",YOLTZIVRJAPVPH-MVBJNABHSA-N,Preclinical
G-749,tyrosine kinase inhibitor,,,,MedChemEx,92.89,CN1CCC(CC1)Nc1nc(Nc2ccc(Oc3ccccc3)cc2)c2c(O)ncc(Br)c2n1,SXWMIXPJPNCXQQ-UHFFFAOYSA-N,Preclinical
GABA-linoleamide,benzodiazepine receptor agonist,,,,Enzo,0,CCCCC\C=C/C\C=C/CCCCCCCC(=O)NCCCC(O)=O,YGFYZZQGVSUXJE-HZJYTTRNSA-N,Phase 2
gabapentin,calcium channel blocker,"ADORA1, CACNA1A, CACNA1B, CACNA1C, CACNA1D, CACNA1E, CACNA1F, CACNA1G, CACNA1H, CACNA1I, CACNA1S, CACNA2D1, CACNA2D2, CACNA2D3, CACNA2D4, CACNB1, CACNB2, CACNB3, CACNB4, CACNG1, CACNG2, CACNG3, CACNG4, CACNG5, CACNG6, CACNG7, CACNG8, GRIN1, GRIN2A, GRIN2B, GRIN2C, GRIN2D, GRIN3A, GRIN3B","infectious disease, neurology/psychiatry","virus herpes simplex (HSV), shingles, seizures, restless leg syndrome","Selleck, MicroSource, MicroSource, Selleck",100,"NCC1(CC(O)=O)CCCCC1, NCC1(CC(O)=O)CCCCC1, NCC1(CC(O)=O)CCCCC1, NCC1(CC(O)=O)CCCCC1","UGJMXCAKCUNAIE-UHFFFAOYSA-N, UGJMXCAKCUNAIE-UHFFFAOYSA-N, UGJMXCAKCUNAIE-UHFFFAOYSA-N, UGJMXCAKCUNAIE-UHFFFAOYSA-N",Launched
gabapentin-enacarbil,adrenergic receptor agonist,CACNA1G,neurology/psychiatry,"restless leg syndrome, postherpetic neuralgia",AdvChemBlocks,89.16,"CC(C)C(=O)O[C@@H](C)OC(=O)NCC1(CC(O)=O)CCCCC1 |&1:6,r|",TZDUHAJSIBHXDL-GFCCVEGCSA-N,Launched
gabazine,GABA receptor antagonist,"GABRA1, GABRA2, GABRA3, GABRA4, GABRA5, GABRA6, GABRG2",,,"Tocris, Tocris, Tocris, Tocris, Tocris",98.53,"COc1ccc(cc1)-c1ccc(=N)n(CCCC(O)=O)n1, COc1ccc(cc1)-c1ccc(=N)n(CCCC(O)=O)n1, COc1ccc(cc1)-c1ccc(=N)n(CCCC(O)=O)n1, COc1ccc(cc1)-c1ccc(=N)n(CCCC(O)=O)n1, COc1ccc(cc1)-c1ccc(=N)n(CCCC(O)=O)n1","ACVGNKYJVGNLIL-UHFFFAOYSA-N, ACVGNKYJVGNLIL-UHFFFAOYSA-N, ACVGNKYJVGNLIL-UHFFFAOYSA-N, ACVGNKYJVGNLIL-UHFFFAOYSA-N, ACVGNKYJVGNLIL-UHFFFAOYSA-N",Preclinical
gabexate,serine protease inhibitor,"PRSS1, TPSAB1",gastroenterology,pancreatitis,"MedChemEx, Selleck, MedChemEx, Selleck, Selleck, Tocris",85.7,"CCOC(=O)c1ccc(OC(=O)CCCCCNC(N)=N)cc1, CCOC(=O)c1ccc(OC(=O)CCCCCNC(N)=N)cc1, CCOC(=O)c1ccc(OC(=O)CCCCCNC(N)=N)cc1, CCOC(=O)c1ccc(OC(=O)CCCCCNC(N)=N)cc1, CCOC(=O)c1ccc(OC(=O)CCCCCNC(N)=N)cc1, CCOC(=O)c1ccc(OC(=O)CCCCCNC(N)=N)cc1","YKGYIDJEEQRWQH-UHFFFAOYSA-N, YKGYIDJEEQRWQH-UHFFFAOYSA-N, YKGYIDJEEQRWQH-UHFFFAOYSA-N, YKGYIDJEEQRWQH-UHFFFAOYSA-N, YKGYIDJEEQRWQH-UHFFFAOYSA-N, YKGYIDJEEQRWQH-UHFFFAOYSA-N",Launched
gaboxadol,benzodiazepine receptor agonist,"GABRA1, GABRA2, GABRA3, GABRA4, GABRA5, GABRA6, GABRD, GABRR1, GABRR2, GABRR3",,,"Tocris, Tocris, MicroSource, Tocris, Tocris",100,"O=c1[nH]oc2CNCCc12, O=c1[nH]oc2CNCCc12, O=c1[nH]oc2CNCCc12, O=c1[nH]oc2CNCCc12, O=c1[nH]oc2CNCCc12","ZXRVKCBLGJOCEE-UHFFFAOYSA-N, ZXRVKCBLGJOCEE-UHFFFAOYSA-N, ZXRVKCBLGJOCEE-UHFFFAOYSA-N, ZXRVKCBLGJOCEE-UHFFFAOYSA-N, ZXRVKCBLGJOCEE-UHFFFAOYSA-N",Phase 3
gadobutrol,radiopaque medium,,radiology,MRI contrast agent,MedChemEx,81.6,"[H]O[C@@H](CO)[C@H](CO)N1CCN2CCN3CCN(CC1)CC(=O)O[Gd](OC(=O)C3)OC(=O)C2 |&1:2,5|",ZPDFIIGFYAHNSK-YYLIZZNMSA-K,Launched
gadodiamide,radiopaque medium,,radiology,MRI contrast agent,"MedChemEx, Selleck",100,"CNC(=O)CN1CCN2CCN(CC(=O)NC)CC(=O)O[Gd](OC(=O)C1)OC(=O)C2, CNC(=O)CN1CCN2CCN(CC(=O)NC)CC(=O)O[Gd](OC(=O)C1)OC(=O)C2","HZHFFEYYPYZMNU-UHFFFAOYSA-K, HZHFFEYYPYZMNU-UHFFFAOYSA-K",Launched
gadopentetic-acid,contrast agent,PGD,radiology,contrast agent,Sigma,0,OC(=O)CN1CCN2CCN(CC(O)=O)CC(=O)O[Gd](OC(=O)C1)OC(=O)C2,IZOOGPBRAOKZFK-UHFFFAOYSA-K,Launched
gadoterate-meglumine,radiopaque medium,,radiology,MRI contrast agent,"Sigma, TCI",97.1,"OC(=O)CN1CCN(CC(O)=O)CCN(CC(O)=O)CCN(CC(O)=O)CC1, OC(=O)CN1CCN(CC(O)=O)CCN(CC(O)=O)CCN(CC(O)=O)CC1","WDLRUFUQRNWCPK-UHFFFAOYSA-N, WDLRUFUQRNWCPK-UHFFFAOYSA-N",Launched
gadoteridol,radiopaque medium,,radiology,MRI contrast agent,"Kemprotec, MicroSource",86.8,"C[C@@H](O)CN1CCN2CCN3CCN(CC1)CC(=O)O[Gd](OC(=O)C2)OC(=O)C3 |&1:1,r|, C[C@@H](O)CN1CCN2CCN3CCN(CC1)CC(=O)O[Gd](OC(=O)C2)OC(=O)C3 |&1:1,r|","DPNNNPAKRZOSMO-PFEQFJNWSA-K, DPNNNPAKRZOSMO-PFEQFJNWSA-K",Launched
GAL-021,calcium channel blocker,,,,MedChemEx,95.98,CCCNc1nc(NCCC)nc(n1)N(C)OC,FJNLCHNQVJVCPY-UHFFFAOYSA-N,Preclinical
galantamine,acetylcholinesterase inhibitor,"ACHE, BCHE, CHRNA1, CHRNA10, CHRNA2, CHRNA3, CHRNA4, CHRNA5, CHRNA6, CHRNA7, CHRNA9, CHRNB1, CHRNB2, CHRNB3, CHRNB4, CHRND, CHRNE, CHRNG",neurology/psychiatry,senile dementia,"MicroSource, Tocris, Tocris, Tocris",98.59,"COc1ccc2CN(C)CC[C@@]34C=C[C@H](O)C[C@@H]3Oc1c24 |c:12|, COc1ccc2CN(C)CC[C@@]34C=C[C@H](O)C[C@@H]3Oc1c24 |c:12|, COc1ccc2CN(C)CC[C@@]34C=C[C@H](O)C[C@@H]3Oc1c24 |c:12|, COc1ccc2CN(C)CC[C@@]34C=C[C@H](O)C[C@@H]3Oc1c24 |c:12|","ASUTZQLVASHGKV-JDFRZJQESA-N, ASUTZQLVASHGKV-JDFRZJQESA-N, ASUTZQLVASHGKV-JDFRZJQESA-N, ASUTZQLVASHGKV-JDFRZJQESA-N",Launched
galeterone,androgen receptor modulator,"AR, CYP17A1",,,Tocris,95.97,"[H][C@@]12CC=C(n3cnc4ccccc34)[C@@]1(C)CC[C@@]1([H])[C@@]2([H])CC=C2C[C@@H](O)CC[C@]12C |t:3,27|",PAFKTGFSEFKSQG-PAASFTFBSA-N,Phase 3
galidesivir,antiviral,,,,MedChemEx,100,Nc1ncnc2c(c[nH]c12)[C@@H]1N[C@H](CO)[C@@H](O)[C@H]1O,AMFDITJFBUXZQN-KUBHLMPHSA-N,Phase 1
gallamine-triethiodide,acetylcholine receptor antagonist,"CHRM2, CHRNA1",neurology/psychiatry,muscle relaxant,"MedChemEx, MedChemEx, MedChemEx, Selleck, MicroSource, Selleck",98.46,"CC[N+](CC)(CC)CCOc1cccc(OCC[N+](CC)(CC)CC)c1OCC[N+](CC)(CC)CC, CC[N+](CC)(CC)CCOc1cccc(OCC[N+](CC)(CC)CC)c1OCC[N+](CC)(CC)CC, CC[N+](CC)(CC)CCOc1cccc(OCC[N+](CC)(CC)CC)c1OCC[N+](CC)(CC)CC, CC[N+](CC)(CC)CCOc1cccc(OCC[N+](CC)(CC)CC)c1OCC[N+](CC)(CC)CC, CC[N+](CC)(CC)CCOc1cccc(OCC[N+](CC)(CC)CC)c1OCC[N+](CC)(CC)CC, CC[N+](CC)(CC)CCOc1cccc(OCC[N+](CC)(CC)CC)c1OCC[N+](CC)(CC)CC","OZLPUNFFCJDMJD-UHFFFAOYSA-N, OZLPUNFFCJDMJD-UHFFFAOYSA-N, OZLPUNFFCJDMJD-UHFFFAOYSA-N, OZLPUNFFCJDMJD-UHFFFAOYSA-N, OZLPUNFFCJDMJD-UHFFFAOYSA-N, OZLPUNFFCJDMJD-UHFFFAOYSA-N",Launched
gallic-acid,"beta amyloid protein neurotoxicity inhibitor, PPAR receptor agonist","CA1, CA12, CA14, CA2, CA4, CA6, CA9, SELP",,,"MicroSource, MedChemEx",99,"OC(=O)c1cc(O)c(O)c(O)c1, OC(=O)c1cc(O)c(O)c(O)c1","LNTHITQWFMADLM-UHFFFAOYSA-N, LNTHITQWFMADLM-UHFFFAOYSA-N",Preclinical
gallium-triquinolin-8-olate,,,,,Sigma,0,O([Ga](Oc1cccc2cccnc12)Oc1cccc2cccnc12)c1cccc2cccnc12,KWQNQSDKCINQQP-UHFFFAOYSA-K,Phase 1
gallopamil,L-type calcium channel blocker,ATP2A2,cardiology,"hypertension, cardiac arrythmia","Enzo, Sigma, Sigma, Sigma, Sigma",99.31,"COc1ccc(CCN(C)CCCC(C#N)(C(C)C)c2cc(OC)c(OC)c(OC)c2)cc1OC |&1:13|, COc1ccc(CCN(C)CCCC(C#N)(C(C)C)c2cc(OC)c(OC)c(OC)c2)cc1OC |&1:13|, COc1ccc(CCN(C)CCCC(C#N)(C(C)C)c2cc(OC)c(OC)c(OC)c2)cc1OC |&1:13|, COc1ccc(CCN(C)CCCC(C#N)(C(C)C)c2cc(OC)c(OC)c(OC)c2)cc1OC |&1:13|, COc1ccc(CCN(C)CCCC(C#N)(C(C)C)c2cc(OC)c(OC)c(OC)c2)cc1OC |&1:13|","XQLWNAFCTODIRK-UHFFFAOYSA-N, XQLWNAFCTODIRK-UHFFFAOYSA-N, XQLWNAFCTODIRK-UHFFFAOYSA-N, XQLWNAFCTODIRK-UHFFFAOYSA-N, XQLWNAFCTODIRK-UHFFFAOYSA-N",Launched
gambogic-acid,caspase activator,BCL2,,,"MedChemEx, MedChemEx, MedChemEx, MedChemEx, Enzo",81.89,"CC(C)=CCC[C@@]1(C)Oc2c(CC=C(C)C)c3O[C@@]45[C@H]6C[C@@H](C=C4C(=O)c3c(O)c2C=C1)C(=O)[C@]5(C\C=C(\C)C(O)=O)OC6(C)C |c:22,33|, CC(C)=CCC[C@@]1(C)Oc2c(CC=C(C)C)c3O[C@@]45[C@H]6C[C@@H](C=C4C(=O)c3c(O)c2C=C1)C(=O)[C@]5(C\C=C(\C)C(O)=O)OC6(C)C |c:22,33|, CC(C)=CCC[C@@]1(C)Oc2c(CC=C(C)C)c3O[C@@]45[C@H]6C[C@@H](C=C4C(=O)c3c(O)c2C=C1)C(=O)[C@]5(C\C=C(\C)C(O)=O)OC6(C)C |c:22,33|, CC(C)=CCC[C@@]1(C)Oc2c(CC=C(C)C)c3O[C@@]45[C@H]6C[C@@H](C=C4C(=O)c3c(O)c2C=C1)C(=O)[C@]5(C\C=C(\C)C(O)=O)OC6(C)C |c:22,33|, CC(C)=CCC[C@@]1(C)Oc2c(CC=C(C)C)c3O[C@@]45[C@H]6C[C@@H](C=C4C(=O)c3c(O)c2C=C1)C(=O)[C@]5(C\C=C(\C)C(O)=O)OC6(C)C |c:22,33|","GEZHEQNLKAOMCA-RRZNCOCZSA-N, GEZHEQNLKAOMCA-RRZNCOCZSA-N, GEZHEQNLKAOMCA-RRZNCOCZSA-N, GEZHEQNLKAOMCA-RRZNCOCZSA-N, GEZHEQNLKAOMCA-RRZNCOCZSA-N",Phase 2
gamithromycin,antibacterial ,,,,MedChemEx,98.9,[H][C@@]1(C[C@@](C)(OC)[C@@H](O)[C@H](C)O1)O[C@H]1[C@H](C)[C@@H](O[C@]2([H])O[C@H](C)C[C@@H]([C@H]2O)N(C)C)[C@](C)(O)C[C@@H](C)N(CCC)C[C@H](C)[C@@H](O)[C@](C)(O)[C@@H](CC)OC(=O)[C@@H]1C,VWAMTBXLZPEDQO-RHJMDXJBSA-N,Preclinical
gamma-aminobutyric-acid,benzodiazepine receptor agonist,"GABBR1, GABBR2, GABRA1, GABRA2, GABRA3, GABRA5, GABRB2, GABRG2, GATM, KCTD12, KCTD16, KCTD8, SLC6A1",,,"MicroSource, MicroSource, MedChemEx, MedChemEx",100,"NCCCC(O)=O, NCCCC(O)=O, NCCCC(O)=O, NCCCC(O)=O","BTCSSZJGUNDROE-UHFFFAOYSA-N, BTCSSZJGUNDROE-UHFFFAOYSA-N, BTCSSZJGUNDROE-UHFFFAOYSA-N, BTCSSZJGUNDROE-UHFFFAOYSA-N",Preclinical
gamma-linolenic-acid,"cyclooxygenase inhibitor, prostanoid receptor agonist","PTGS1, PTGS2",,,"Sigma, Sigma, Enzo, Enzo, Cayman",87.22,"CCCCC\C=C/C\C=C/C\C=C/CCCCC(O)=O, CCCCC\C=C/C\C=C/C\C=C/CCCCC(O)=O, CCCCC\C=C/C\C=C/C\C=C/CCCCC(O)=O, CCCCC\C=C/C\C=C/C\C=C/CCCCC(O)=O, CCCCC\C=C/C\C=C/C\C=C/CCCCC(O)=O","VZCCETWTMQHEPK-QNEBEIHSSA-N, VZCCETWTMQHEPK-QNEBEIHSSA-N, VZCCETWTMQHEPK-QNEBEIHSSA-N, VZCCETWTMQHEPK-QNEBEIHSSA-N, VZCCETWTMQHEPK-QNEBEIHSSA-N",Phase 2
ganaxolone,GABA receptor modulator,"GABRA1, GABRA2, GABRA3, GABRA4, GABRA5, GABRA6",,,"Tocris, Tocris, Tocris",100,"CC(=O)[C@H]1CC[C@H]2[C@@H]3CC[C@H]4C[C@](C)(O)CC[C@]4(C)[C@H]3CC[C@]12C, CC(=O)[C@H]1CC[C@H]2[C@@H]3CC[C@H]4C[C@](C)(O)CC[C@]4(C)[C@H]3CC[C@]12C, CC(=O)[C@H]1CC[C@H]2[C@@H]3CC[C@H]4C[C@](C)(O)CC[C@]4(C)[C@H]3CC[C@]12C","PGTVWKLGGCQMBR-FLBATMFCSA-N, PGTVWKLGGCQMBR-FLBATMFCSA-N, PGTVWKLGGCQMBR-FLBATMFCSA-N",Phase 3
ganciclovir,DNA polymerase inhibitor,,infectious disease,cytomegalovirus (CMV),"MicroSource, Selleck, Selleck, Selleck",100,"Nc1nc(=O)c2ncn(COC(CO)CO)c2[nH]1, Nc1nc(=O)c2ncn(COC(CO)CO)c2[nH]1, Nc1nc(=O)c2ncn(COC(CO)CO)c2[nH]1, Nc1nc(=O)c2ncn(COC(CO)CO)c2[nH]1","IRSCQMHQWWYFCW-UHFFFAOYSA-N, IRSCQMHQWWYFCW-UHFFFAOYSA-N, IRSCQMHQWWYFCW-UHFFFAOYSA-N, IRSCQMHQWWYFCW-UHFFFAOYSA-N",Launched
ganetespib,HSP inhibitor,HSP90AA1,,,"Selleck, Selleck, Selleck, Selleck, MedChemEx, MedChemEx, MedChemEx",98.5,"CC(C)c1cc(-c2n[nH]c(=O)n2-c2ccc3n(C)ccc3c2)c(O)cc1O, CC(C)c1cc(-c2n[nH]c(=O)n2-c2ccc3n(C)ccc3c2)c(O)cc1O, CC(C)c1cc(-c2n[nH]c(=O)n2-c2ccc3n(C)ccc3c2)c(O)cc1O, CC(C)c1cc(-c2n[nH]c(=O)n2-c2ccc3n(C)ccc3c2)c(O)cc1O, CC(C)c1cc(-c2n[nH]c(=O)n2-c2ccc3n(C)ccc3c2)c(O)cc1O, CC(C)c1cc(-c2n[nH]c(=O)n2-c2ccc3n(C)ccc3c2)c(O)cc1O, CC(C)c1cc(-c2n[nH]c(=O)n2-c2ccc3n(C)ccc3c2)c(O)cc1O","RVAQIUULWULRNW-UHFFFAOYSA-N, RVAQIUULWULRNW-UHFFFAOYSA-N, RVAQIUULWULRNW-UHFFFAOYSA-N, RVAQIUULWULRNW-UHFFFAOYSA-N, RVAQIUULWULRNW-UHFFFAOYSA-N, RVAQIUULWULRNW-UHFFFAOYSA-N, RVAQIUULWULRNW-UHFFFAOYSA-N",Phase 3
ganoderic-acid-a,JAK inhibitor,,,,MedChemEx,66.53,[H][C@@]12C[C@H](O)C3=C(C(=O)C[C@]4(C)[C@H](C[C@H](O)[C@@]34C)[C@H](C)CC(=O)C[C@@H](C)C(O)=O)[C@@]1(C)CCC(=O)C2(C)C |t:5|,DYOKDAQBNHPJFD-JNTBEZBXSA-N,Preclinical
GANT-58,GLI antagonist,GLI1,,,"Tocris, Tocris",96.49,"c1cc(ccn1)-c1sc(c(c1-c1ccncc1)-c1ccncc1)-c1ccncc1, c1cc(ccn1)-c1sc(c(c1-c1ccncc1)-c1ccncc1)-c1ccncc1","USWLOKMMUTWFMD-UHFFFAOYSA-N, USWLOKMMUTWFMD-UHFFFAOYSA-N",Preclinical
GANT-61,GLI antagonist,"GLI1, GLI2",,,"Tocris, Tocris, Tocris, Tocris, Tocris, Tocris, Tocris, Tocris",100,"CN(C)c1ccccc1CN1CCCN(Cc2ccccc2N(C)C)C1c1ccncc1, CN(C)c1ccccc1CN1CCCN(Cc2ccccc2N(C)C)C1c1ccncc1, CN(C)c1ccccc1CN1CCCN(Cc2ccccc2N(C)C)C1c1ccncc1, CN(C)c1ccccc1CN1CCCN(Cc2ccccc2N(C)C)C1c1ccncc1, CN(C)c1ccccc1CN1CCCN(Cc2ccccc2N(C)C)C1c1ccncc1, CN(C)c1ccccc1CN1CCCN(Cc2ccccc2N(C)C)C1c1ccncc1, CN(C)c1ccccc1CN1CCCN(Cc2ccccc2N(C)C)C1c1ccncc1, CN(C)c1ccccc1CN1CCCN(Cc2ccccc2N(C)C)C1c1ccncc1","KVQOGDQTWWCZFX-UHFFFAOYSA-N, KVQOGDQTWWCZFX-UHFFFAOYSA-N, KVQOGDQTWWCZFX-UHFFFAOYSA-N, KVQOGDQTWWCZFX-UHFFFAOYSA-N, KVQOGDQTWWCZFX-UHFFFAOYSA-N, KVQOGDQTWWCZFX-UHFFFAOYSA-N, KVQOGDQTWWCZFX-UHFFFAOYSA-N, KVQOGDQTWWCZFX-UHFFFAOYSA-N",Preclinical
garenoxacin,topoisomerase inhibitor,TOP2A,infectious disease,respiratory tract infections,"MedChemEx, MedChemEx",96.9,"C[C@H]1NCc2cc(ccc12)-c1ccc2c(c1OC(F)F)n(cc(C(O)=O)c2=O)C1CC1, C[C@H]1NCc2cc(ccc12)-c1ccc2c(c1OC(F)F)n(cc(C(O)=O)c2=O)C1CC1","NJDRXTDGYFKORP-LLVKDONJSA-N, NJDRXTDGYFKORP-LLVKDONJSA-N",Launched
gastrodin,,,,,MedChemEx,91.72,OC[C@H]1O[C@@H](Oc2ccc(CO)cc2)[C@H](O)[C@@H](O)[C@@H]1O,PUQSUZTXKPLAPR-UJPOAAIJSA-N,Phase 2
gatifloxacin,bacterial DNA gyrase inhibitor,,,,"MicroSource, Tocris",94.86,"COc1c(N2CCN[C@@H](C)C2)c(F)cc2c1n(cc(C(O)=O)c2=O)C1CC1 |&1:8|, COc1c(N2CCN[C@@H](C)C2)c(F)cc2c1n(cc(C(O)=O)c2=O)C1CC1 |&1:8|","XUBOMFCQGDBHNK-JTQLQIEISA-N, XUBOMFCQGDBHNK-JTQLQIEISA-N",Withdrawn
gavestinel,glutamate receptor antagonist,"GLRB, GRIN1, GRIN2A, GRIN2B, GRIN2C, GRIN2D, GRIN3A, GRIN3B",,,"Tocris, Tocris, Tocris, Tocris",92.51,"OC(=O)c1[nH]c2cc(Cl)cc(Cl)c2c1\C=C\C(=O)Nc1ccccc1, OC(=O)c1[nH]c2cc(Cl)cc(Cl)c2c1\C=C\C(=O)Nc1ccccc1, OC(=O)c1[nH]c2cc(Cl)cc(Cl)c2c1\C=C\C(=O)Nc1ccccc1, OC(=O)c1[nH]c2cc(Cl)cc(Cl)c2c1\C=C\C(=O)Nc1ccccc1","WZBNEZWCNKUOSM-VOTSOKGWSA-N, WZBNEZWCNKUOSM-VOTSOKGWSA-N, WZBNEZWCNKUOSM-VOTSOKGWSA-N, WZBNEZWCNKUOSM-VOTSOKGWSA-N",Phase 3
GBR-12783,dopamine reuptake inhibitor,,,,"Tocris, Tocris, Tocris, Tocris, Tocris, Tocris",97.22,"C(CN1CCN(C\C=C\c2ccccc2)CC1)OC(c1ccccc1)c1ccccc1, C(CN1CCN(C\C=C\c2ccccc2)CC1)OC(c1ccccc1)c1ccccc1, C(CN1CCN(C\C=C\c2ccccc2)CC1)OC(c1ccccc1)c1ccccc1, C(CN1CCN(C\C=C\c2ccccc2)CC1)OC(c1ccccc1)c1ccccc1, C(CN1CCN(C\C=C\c2ccccc2)CC1)OC(c1ccccc1)c1ccccc1, C(CN1CCN(C\C=C\c2ccccc2)CC1)OC(c1ccccc1)c1ccccc1","XFBDGHFDKJITGC-JLHYYAGUSA-N, XFBDGHFDKJITGC-JLHYYAGUSA-N, XFBDGHFDKJITGC-JLHYYAGUSA-N, XFBDGHFDKJITGC-JLHYYAGUSA-N, XFBDGHFDKJITGC-JLHYYAGUSA-N, XFBDGHFDKJITGC-JLHYYAGUSA-N",Preclinical
GBR-12935,dopamine reuptake inhibitor,"AGTR1, SLC6A3",,,"Tocris, Tocris",97.4,"C(CN1CCN(CCOC(c2ccccc2)c2ccccc2)CC1)Cc1ccccc1, C(CN1CCN(CCOC(c2ccccc2)c2ccccc2)CC1)Cc1ccccc1","RAQPOZGWANIDQT-UHFFFAOYSA-N, RAQPOZGWANIDQT-UHFFFAOYSA-N",Preclinical
GBR-13069,dopamine reuptake inhibitor,SLC6A3,,,"Tocris, Tocris, Tocris, Tocris",95.51,"Fc1ccc(cc1)C(OCCN1CCN(C\C=C\c2ccccc2)CC1)c1ccc(F)cc1, Fc1ccc(cc1)C(OCCN1CCN(C\C=C\c2ccccc2)CC1)c1ccc(F)cc1, Fc1ccc(cc1)C(OCCN1CCN(C\C=C\c2ccccc2)CC1)c1ccc(F)cc1, Fc1ccc(cc1)C(OCCN1CCN(C\C=C\c2ccccc2)CC1)c1ccc(F)cc1","DASHZBBQOARCMQ-QPJJXVBHSA-N, DASHZBBQOARCMQ-QPJJXVBHSA-N, DASHZBBQOARCMQ-QPJJXVBHSA-N, DASHZBBQOARCMQ-QPJJXVBHSA-N",Preclinical
GDC-0068,AKT inhibitor,"AKT1, AKT2, AKT3, PRKG1",,,MedChemEx,75.09,CC(C)NC[C@@H](C(=O)N1CCN(CC1)c1ncnc2[C@H](O)C[C@@H](C)c12)c1ccc(Cl)cc1,GRZXWCHAXNAUHY-NSISKUIASA-N,Phase 3
GDC-0077,PI3K inhibitor,,,,MedChemEx,87.83,C[C@H](Nc1ccc2-c3nc(cn3CCOc2c1)N1[C@@H](COC1=O)C(F)F)C(N)=O,SGEUNORSOZVTOL-CABZTGNLSA-N,Phase 1
GDC-0084,"mTOR inhibitor, PI3K inhibitor",,,,MedChemEx,94.21,CC1(C)OCCn2c1nc1c(nc(nc21)-c1cnc(N)nc1)N1CCOCC1,LGWACEZVCMBSKW-UHFFFAOYSA-N,Phase 2
GDC-0152,XIAP inhibitor,"BIRC2, BIRC3, BIRC7, XIAP",,,"Selleck, Selleck, Selleck, Selleck, MedChemEx, MedChemEx",97.08,"CN[C@@H](C)C(=O)N[C@@H](C1CCCCC1)C(=O)N1CCC[C@H]1C(=O)Nc1snnc1-c1ccccc1, CN[C@@H](C)C(=O)N[C@@H](C1CCCCC1)C(=O)N1CCC[C@H]1C(=O)Nc1snnc1-c1ccccc1, CN[C@@H](C)C(=O)N[C@@H](C1CCCCC1)C(=O)N1CCC[C@H]1C(=O)Nc1snnc1-c1ccccc1, CN[C@@H](C)C(=O)N[C@@H](C1CCCCC1)C(=O)N1CCC[C@H]1C(=O)Nc1snnc1-c1ccccc1, CN[C@@H](C)C(=O)N[C@@H](C1CCCCC1)C(=O)N1CCC[C@H]1C(=O)Nc1snnc1-c1ccccc1, CN[C@@H](C)C(=O)N[C@@H](C1CCCCC1)C(=O)N1CCC[C@H]1C(=O)Nc1snnc1-c1ccccc1","WZRFLSDVFPIXOV-LRQRDZAKSA-N, WZRFLSDVFPIXOV-LRQRDZAKSA-N, WZRFLSDVFPIXOV-LRQRDZAKSA-N, WZRFLSDVFPIXOV-LRQRDZAKSA-N, WZRFLSDVFPIXOV-LRQRDZAKSA-N, WZRFLSDVFPIXOV-LRQRDZAKSA-N",Phase 1
GDC-0349,Pim kinase inhibitor,PIK3CA,,,"Selleck, Selleck, Selleck, Selleck, Selleck, Selleck, MedChemEx",89.78,"CCNC(=O)Nc1ccc(cc1)-c1nc2CN(CCc2c(n1)N1CCOC[C@@H]1C)C1COC1, CCNC(=O)Nc1ccc(cc1)-c1nc2CN(CCc2c(n1)N1CCOC[C@@H]1C)C1COC1, CCNC(=O)Nc1ccc(cc1)-c1nc2CN(CCc2c(n1)N1CCOC[C@@H]1C)C1COC1, CCNC(=O)Nc1ccc(cc1)-c1nc2CN(CCc2c(n1)N1CCOC[C@@H]1C)C1COC1, CCNC(=O)Nc1ccc(cc1)-c1nc2CN(CCc2c(n1)N1CCOC[C@@H]1C)C1COC1, CCNC(=O)Nc1ccc(cc1)-c1nc2CN(CCc2c(n1)N1CCOC[C@@H]1C)C1COC1, CCNC(=O)Nc1ccc(cc1)-c1nc2CN(CCc2c(n1)N1CCOC[C@@H]1C)C1COC1","RGJOJUGRHPQXGF-INIZCTEOSA-N, RGJOJUGRHPQXGF-INIZCTEOSA-N, RGJOJUGRHPQXGF-INIZCTEOSA-N, RGJOJUGRHPQXGF-INIZCTEOSA-N, RGJOJUGRHPQXGF-INIZCTEOSA-N, RGJOJUGRHPQXGF-INIZCTEOSA-N, RGJOJUGRHPQXGF-INIZCTEOSA-N",Phase 1
GDC-0575,CHK inhibitor,,,,MedChemEx,93.2,N[C@@H]1CCCN(C1)c1c(Br)cnc2[nH]cc(NC(=O)C3CC3)c12,BAZRWWGASYWYGB-SNVBAGLBSA-N,Phase 1
GDC-0623,MEK inhibitor,,,,"MedChemEx, MedChemEx, Selleck, Selleck, MedChemEx",92.75,"OCCONC(=O)c1ccc2cncn2c1Nc1ccc(I)cc1F, OCCONC(=O)c1ccc2cncn2c1Nc1ccc(I)cc1F, OCCONC(=O)c1ccc2cncn2c1Nc1ccc(I)cc1F, OCCONC(=O)c1ccc2cncn2c1Nc1ccc(I)cc1F, OCCONC(=O)c1ccc2cncn2c1Nc1ccc(I)cc1F","RFWVETIZUQEJEF-UHFFFAOYSA-N, RFWVETIZUQEJEF-UHFFFAOYSA-N, RFWVETIZUQEJEF-UHFFFAOYSA-N, RFWVETIZUQEJEF-UHFFFAOYSA-N, RFWVETIZUQEJEF-UHFFFAOYSA-N",Phase 1
GDC-0810,selective estrogen receptor destabilizer,ESR1,,,"MedChemEx, MedChemEx",96.55,"CC\C(=C(\c1ccc(\C=C\C(O)=O)cc1)c1ccc2n[nH]cc2c1)c1ccc(F)cc1Cl, CC\C(=C(\c1ccc(\C=C\C(O)=O)cc1)c1ccc2n[nH]cc2c1)c1ccc(F)cc1Cl","BURHGPHDEVGCEZ-KJGLQBJMSA-N, BURHGPHDEVGCEZ-KJGLQBJMSA-N",Phase 2
GDC-0834,Bruton's tyrosine kinase (BTK) inhibitor,BTK,,,"MedChemEx, MedChemEx, MedChemEx, MedChemEx, MedChemEx, MedChemEx, MedChemEx, MedChemEx",90.56,"CN1CCN(C)C(=O)[C@@H]1c1ccc(Nc2nc(cn(C)c2=O)-c2cccc(NC(=O)c3cc4CCCCc4s3)c2C)cc1 |&1:8,r|, CN1CCN(C)C(=O)[C@@H]1c1ccc(Nc2nc(cn(C)c2=O)-c2cccc(NC(=O)c3cc4CCCCc4s3)c2C)cc1 |&1:8,r|, CN1CCN(C)C(=O)[C@@H]1c1ccc(Nc2nc(cn(C)c2=O)-c2cccc(NC(=O)c3cc4CCCCc4s3)c2C)cc1 |&1:8,r|, CN1CCN(C)C(=O)[C@@H]1c1ccc(Nc2nc(cn(C)c2=O)-c2cccc(NC(=O)c3cc4CCCCc4s3)c2C)cc1 |&1:8,r|, CN1CCN(C)C(=O)[C@@H]1c1ccc(Nc2nc(cn(C)c2=O)-c2cccc(NC(=O)c3cc4CCCCc4s3)c2C)cc1 |&1:8,r|, CN1CCN(C)C(=O)[C@@H]1c1ccc(Nc2nc(cn(C)c2=O)-c2cccc(NC(=O)c3cc4CCCCc4s3)c2C)cc1 |&1:8,r|, CN1CCN(C)C(=O)[C@@H]1c1ccc(Nc2nc(cn(C)c2=O)-c2cccc(NC(=O)c3cc4CCCCc4s3)c2C)cc1 |&1:8,r|, CN1CCN(C)C(=O)[C@@H]1c1ccc(Nc2nc(cn(C)c2=O)-c2cccc(NC(=O)c3cc4CCCCc4s3)c2C)cc1 |&1:8,r|","CDOOFZZILLRUQH-LJAQVGFWSA-N, CDOOFZZILLRUQH-LJAQVGFWSA-N, CDOOFZZILLRUQH-LJAQVGFWSA-N, CDOOFZZILLRUQH-LJAQVGFWSA-N, CDOOFZZILLRUQH-LJAQVGFWSA-N, CDOOFZZILLRUQH-LJAQVGFWSA-N, CDOOFZZILLRUQH-LJAQVGFWSA-N, CDOOFZZILLRUQH-LJAQVGFWSA-N",Phase 1
GDC-0879,RAF inhibitor,BRAF,,,"Tocris, Selleck, Selleck, Selleck",97.55,"OCCn1cc(c(n1)-c1ccncc1)-c1ccc2\C(CCc2c1)=N\O, OCCn1cc(c(n1)-c1ccncc1)-c1ccc2\C(CCc2c1)=N\O, OCCn1cc(c(n1)-c1ccncc1)-c1ccc2\C(CCc2c1)=N\O, OCCn1cc(c(n1)-c1ccncc1)-c1ccc2\C(CCc2c1)=N\O","DEZZLWQELQORIU-RELWKKBWSA-N, DEZZLWQELQORIU-RELWKKBWSA-N, DEZZLWQELQORIU-RELWKKBWSA-N, DEZZLWQELQORIU-RELWKKBWSA-N",Preclinical
GDC-0927,estrogen receptor antagonist,,,,"MedChemEx, MedChemEx",92.6,"CC1=C([C@@H](Oc2ccc(O)cc12)c1ccc(OCCN2CC(CF)C2)cc1)c1cccc(O)c1 |t:1|, CC1=C([C@@H](Oc2ccc(O)cc12)c1ccc(OCCN2CC(CF)C2)cc1)c1cccc(O)c1 |t:1|","KJAAPZIFCQQQKX-NDEPHWFRSA-N, KJAAPZIFCQQQKX-NDEPHWFRSA-N",Phase 1
GDC-0941,PI3K inhibitor,"PIK3CA, PIK3CB, PIK3CD, PIK3CG",,,"Selleck, Selleck, Selleck, Selleck, Selleck, Selleck, Selleck",97.79,"CS(=O)(=O)N1CCN(Cc2cc3nc(nc(N4CCOCC4)c3s2)-c2cccc3n[nH]cc23)CC1, CS(=O)(=O)N1CCN(Cc2cc3nc(nc(N4CCOCC4)c3s2)-c2cccc3n[nH]cc23)CC1, CS(=O)(=O)N1CCN(Cc2cc3nc(nc(N4CCOCC4)c3s2)-c2cccc3n[nH]cc23)CC1, CS(=O)(=O)N1CCN(Cc2cc3nc(nc(N4CCOCC4)c3s2)-c2cccc3n[nH]cc23)CC1, CS(=O)(=O)N1CCN(Cc2cc3nc(nc(N4CCOCC4)c3s2)-c2cccc3n[nH]cc23)CC1, CS(=O)(=O)N1CCN(Cc2cc3nc(nc(N4CCOCC4)c3s2)-c2cccc3n[nH]cc23)CC1, CS(=O)(=O)N1CCN(Cc2cc3nc(nc(N4CCOCC4)c3s2)-c2cccc3n[nH]cc23)CC1","LHNIIDJUOCFXAP-UHFFFAOYSA-N, LHNIIDJUOCFXAP-UHFFFAOYSA-N, LHNIIDJUOCFXAP-UHFFFAOYSA-N, LHNIIDJUOCFXAP-UHFFFAOYSA-N, InChI=1S/C23H27N7O3S2/c1-35(31,32)30-7-5-28(6-8-30)15-16-13-20-21(34-16)23(29-9-11-33-12-10-29)26-22(25-20)17-3-2-4-19-18(17)14-24-27-19/h2-4,13-14H,5-12,15H2,1H3,(H,24,27), InChI=1S/C23H27N7O3S2/c1-35(31,32)30-7-5-28(6-8-30)15-16-13-20-21(34-16)23(29-9-11-33-12-10-29)26-22(25-20)17-3-2-4-19-18(17)14-24-27-19/h2-4,13-14H,5-12,15H2,1H3,(H,24,27), InChI=1S/C23H27N7O3S2/c1-35(31,32)30-7-5-28(6-8-30)15-16-13-20-21(34-16)23(29-9-11-33-12-10-29)26-22(25-20)17-3-2-4-19-18(17)14-24-27-19/h2-4,13-14H,5-12,15H2,1H3,(H,24,27)",Phase 2
GDC-0980,"mTOR inhibitor, PI3K inhibitor","FGR, MAP3K9, MTOR, PIK3CA, PIK3CB, PIK3CD, PIK3CG, SYK",,,"Selleck, Selleck, Selleck, Selleck, MedChemEx, MedChemEx, Selleck, Selleck, Selleck",97.29,"C[C@H](O)C(=O)N1CCN(Cc2sc3c(nc(nc3c2C)-c2cnc(N)nc2)N2CCOCC2)CC1, C[C@H](O)C(=O)N1CCN(Cc2sc3c(nc(nc3c2C)-c2cnc(N)nc2)N2CCOCC2)CC1, C[C@H](O)C(=O)N1CCN(Cc2sc3c(nc(nc3c2C)-c2cnc(N)nc2)N2CCOCC2)CC1, C[C@H](O)C(=O)N1CCN(Cc2sc3c(nc(nc3c2C)-c2cnc(N)nc2)N2CCOCC2)CC1, C[C@H](O)C(=O)N1CCN(Cc2sc3c(nc(nc3c2C)-c2cnc(N)nc2)N2CCOCC2)CC1, C[C@H](O)C(=O)N1CCN(Cc2sc3c(nc(nc3c2C)-c2cnc(N)nc2)N2CCOCC2)CC1, C[C@H](O)C(=O)N1CCN(Cc2sc3c(nc(nc3c2C)-c2cnc(N)nc2)N2CCOCC2)CC1, C[C@H](O)C(=O)N1CCN(Cc2sc3c(nc(nc3c2C)-c2cnc(N)nc2)N2CCOCC2)CC1, C[C@H](O)C(=O)N1CCN(Cc2sc3c(nc(nc3c2C)-c2cnc(N)nc2)N2CCOCC2)CC1","YOVVNQKCSKSHKT-HNNXBMFYSA-N, YOVVNQKCSKSHKT-HNNXBMFYSA-N, YOVVNQKCSKSHKT-HNNXBMFYSA-N, YOVVNQKCSKSHKT-HNNXBMFYSA-N, YOVVNQKCSKSHKT-HNNXBMFYSA-N, YOVVNQKCSKSHKT-HNNXBMFYSA-N, YOVVNQKCSKSHKT-HNNXBMFYSA-N, YOVVNQKCSKSHKT-HNNXBMFYSA-N, YOVVNQKCSKSHKT-HNNXBMFYSA-N",Phase 2
GDC-0994,MAP kinase inhibitor,"MAPK1, MAPK3",,,"Selleck, Selleck",98.7,"Cn1nccc1Nc1nccc(n1)-c1ccn([C@@H](CO)c2ccc(Cl)c(F)c2)c(=O)c1 |&1:17,r|, Cn1nccc1Nc1nccc(n1)-c1ccn([C@@H](CO)c2ccc(Cl)c(F)c2)c(=O)c1 |&1:17,r|","RZUOCXOYPYGSKL-SFHVURJKSA-N, RZUOCXOYPYGSKL-SFHVURJKSA-N",Phase 1
gedunin,HSP inhibitor,HSP90AA1,,,Tocris,95.65,CC(=O)O[C@@H]1C[C@H]2C(C)(C)C(=O)C=C[C@]2(C)[C@H]2CC[C@@]3(C)[C@@H](OC(=O)[C@H]4O[C@@]34[C@]12C)c1ccoc1 |c:12|,YJXDGWUNRYLINJ-BHAPSIHVSA-N,Preclinical
gefapixant,purinergic receptor antagonist,,,,MedChemEx,97.87,COc1cc(C(C)C)c(Oc2cnc(N)nc2N)cc1S(N)(=O)=O,HLWURFKMDLAKOD-UHFFFAOYSA-N,Phase 3
gefitinib,EGFR inhibitor,EGFR,oncology,non-small cell lung cancer (NSCLC),"Selleck, Selleck, Selleck, Selleck, Selleck, Selleck, Selleck, Tocris, Tocris, Tocris, Selleck, Tocris",99.54,"COc1cc2ncnc(Nc3ccc(F)c(Cl)c3)c2cc1OCCCN1CCOCC1, COc1cc2ncnc(Nc3ccc(F)c(Cl)c3)c2cc1OCCCN1CCOCC1, COc1cc2ncnc(Nc3ccc(F)c(Cl)c3)c2cc1OCCCN1CCOCC1, COc1cc2ncnc(Nc3ccc(F)c(Cl)c3)c2cc1OCCCN1CCOCC1, COc1cc2ncnc(Nc3ccc(F)c(Cl)c3)c2cc1OCCCN1CCOCC1, COc1cc2ncnc(Nc3ccc(F)c(Cl)c3)c2cc1OCCCN1CCOCC1, COc1cc2ncnc(Nc3ccc(F)c(Cl)c3)c2cc1OCCCN1CCOCC1, COc1cc2ncnc(Nc3ccc(F)c(Cl)c3)c2cc1OCCCN1CCOCC1, COc1cc2ncnc(Nc3ccc(F)c(Cl)c3)c2cc1OCCCN1CCOCC1, COc1cc2ncnc(Nc3ccc(F)c(Cl)c3)c2cc1OCCCN1CCOCC1, COc1cc2ncnc(Nc3ccc(F)c(Cl)c3)c2cc1OCCCN1CCOCC1, COc1cc2ncnc(Nc3ccc(F)c(Cl)c3)c2cc1OCCCN1CCOCC1","XGALLCVXEZPNRQ-UHFFFAOYSA-N, XGALLCVXEZPNRQ-UHFFFAOYSA-N, XGALLCVXEZPNRQ-UHFFFAOYSA-N, XGALLCVXEZPNRQ-UHFFFAOYSA-N, XGALLCVXEZPNRQ-UHFFFAOYSA-N, XGALLCVXEZPNRQ-UHFFFAOYSA-N, XGALLCVXEZPNRQ-UHFFFAOYSA-N, XGALLCVXEZPNRQ-UHFFFAOYSA-N, XGALLCVXEZPNRQ-UHFFFAOYSA-N, XGALLCVXEZPNRQ-UHFFFAOYSA-N, XGALLCVXEZPNRQ-UHFFFAOYSA-N, XGALLCVXEZPNRQ-UHFFFAOYSA-N",Launched
geldanamycin,HSP inhibitor,HSP90AA1,,,"Selleck, Selleck, Selleck, MedChemEx",85.51,"CO[C@H]1C[C@H](C)CC2=C(OC)C(=O)C=C(NC(=O)\C(C)=C\C=C\[C@H](OC)[C@@H](OC(N)=O)\C(C)=C\[C@H](C)[C@H]1O)C2=O |c:7,t:13,19,21,32|, CO[C@H]1C[C@H](C)CC2=C(OC)C(=O)C=C(NC(=O)\C(C)=C\C=C\[C@H](OC)[C@@H](OC(N)=O)\C(C)=C\[C@H](C)[C@H]1O)C2=O |c:7,t:13,19,21,32|, CO[C@H]1C[C@H](C)CC2=C(OC)C(=O)C=C(NC(=O)\C(C)=C\C=C\[C@H](OC)[C@@H](OC(N)=O)\C(C)=C\[C@H](C)[C@H]1O)C2=O |c:7,t:13,19,21,32|, CO[C@H]1C[C@H](C)CC2=C(OC)C(=O)C=C(NC(=O)\C(C)=C\C=C\[C@H](OC)[C@@H](OC(N)=O)\C(C)=C\[C@H](C)[C@H]1O)C2=O |c:7,t:13,19,21,32|","QTQAWLPCGQOSGP-SLOAUYBXSA-N, QTQAWLPCGQOSGP-SLOAUYBXSA-N, QTQAWLPCGQOSGP-SLOAUYBXSA-N, QTQAWLPCGQOSGP-SLOAUYBXSA-N",Preclinical
gemcadiol,antilipemic,,,,"Sigma, Sigma, Sigma",100,"CC(C)(CO)CCCCCCC(C)(C)CO, CC(C)(CO)CCCCCCC(C)(C)CO, CC(C)(CO)CCCCCCC(C)(C)CO","DJKWDKJYFYUEBQ-UHFFFAOYSA-N, DJKWDKJYFYUEBQ-UHFFFAOYSA-N, DJKWDKJYFYUEBQ-UHFFFAOYSA-N",Phase 2
gemcitabine,ribonucleotide reductase inhibitor,"CMPK1, RRM1, RRM2, TYMS",oncology,"ovarian cancer, breast cancer, non-small cell lung cancer (NSCLC), pancreatic cancer","MedChemEx, MedChemEx, MedChemEx, MedChemEx, Tocris, Selleck, Selleck, Selleck, Selleck, Selleck, Selleck, Selleck",100,"Nc1ccn([C@@H]2O[C@H](CO)[C@@H](O)C2(F)F)c(=O)n1, Nc1ccn([C@@H]2O[C@H](CO)[C@@H](O)C2(F)F)c(=O)n1, Nc1ccn([C@@H]2O[C@H](CO)[C@@H](O)C2(F)F)c(=O)n1, Nc1ccn([C@@H]2O[C@H](CO)[C@@H](O)C2(F)F)c(=O)n1, Nc1ccn([C@@H]2O[C@H](CO)[C@@H](O)C2(F)F)c(=O)n1, Nc1ccn([C@@H]2O[C@H](CO)[C@@H](O)C2(F)F)c(=O)n1, Nc1ccn([C@@H]2O[C@H](CO)[C@@H](O)C2(F)F)c(=O)n1, Nc1ccn([C@@H]2O[C@H](CO)[C@@H](O)C2(F)F)c(=O)n1, Nc1ccn([C@@H]2O[C@H](CO)[C@@H](O)C2(F)F)c(=O)n1, Nc1ccn([C@@H]2O[C@H](CO)[C@@H](O)C2(F)F)c(=O)n1, Nc1ccn([C@@H]2O[C@H](CO)[C@@H](O)C2(F)F)c(=O)n1, Nc1ccn([C@@H]2O[C@H](CO)[C@@H](O)C2(F)F)c(=O)n1","SDUQYLNIPVEERB-QPPQHZFASA-N, SDUQYLNIPVEERB-QPPQHZFASA-N, SDUQYLNIPVEERB-QPPQHZFASA-N, SDUQYLNIPVEERB-QPPQHZFASA-N, SDUQYLNIPVEERB-QPPQHZFASA-N, SDUQYLNIPVEERB-QPPQHZFASA-N, SDUQYLNIPVEERB-QPPQHZFASA-N, SDUQYLNIPVEERB-QPPQHZFASA-N, SDUQYLNIPVEERB-QPPQHZFASA-N, SDUQYLNIPVEERB-QPPQHZFASA-N, SDUQYLNIPVEERB-QPPQHZFASA-N, SDUQYLNIPVEERB-QPPQHZFASA-N",Launched
gemcitabine-elaidate,"apoptosis inhibitor, DNA synthesis inhibitor","CMPK1, RRM1, TYMS",,,"MedChemEx, MedChemEx, MedChemEx, MedChemEx",94.93,"CCCCCCCC\C=C\CCCCCCCC(=O)OC[C@H]1O[C@@H](n2ccc(N)nc2=O)C(F)(F)[C@@H]1O, CCCCCCCC\C=C\CCCCCCCC(=O)OC[C@H]1O[C@@H](n2ccc(N)nc2=O)C(F)(F)[C@@H]1O, CCCCCCCC\C=C\CCCCCCCC(=O)OC[C@H]1O[C@@H](n2ccc(N)nc2=O)C(F)(F)[C@@H]1O, CCCCCCCC\C=C\CCCCCCCC(=O)OC[C@H]1O[C@@H](n2ccc(N)nc2=O)C(F)(F)[C@@H]1O","HESSNRGIEVBPRB-QDDPNBLJSA-N, HESSNRGIEVBPRB-QDDPNBLJSA-N, HESSNRGIEVBPRB-QDDPNBLJSA-N, HESSNRGIEVBPRB-QDDPNBLJSA-N",Phase 1
gemfibrozil,lipoprotein lipase activator,"LPL, PPARA, SLCO1B1, SLCO1B3, SLCO2B1","endocrinology, cardiology","hyperlipidemia, coronary heart disease","Selleck, MicroSource, MicroSource, MicroSource",97.18,"Cc1ccc(C)c(OCCCC(C)(C)C(O)=O)c1, Cc1ccc(C)c(OCCCC(C)(C)C(O)=O)c1, Cc1ccc(C)c(OCCCC(C)(C)C(O)=O)c1, Cc1ccc(C)c(OCCCC(C)(C)C(O)=O)c1","HEMJJKBWTPKOJG-UHFFFAOYSA-N, HEMJJKBWTPKOJG-UHFFFAOYSA-N, HEMJJKBWTPKOJG-UHFFFAOYSA-N, HEMJJKBWTPKOJG-UHFFFAOYSA-N",Launched
gemifloxacin,bacterial DNA gyrase inhibitor,,"pulmonary, infectious disease","bronchitis, pneumonia",MicroSource,94.6,CO\N=C1/CN(C[C@@H]1CN)c1nc2n(cc(C(O)=O)c(=O)c2cc1F)C1CC1 |&1:7|,ZRCVYEYHRGVLOC-NOTZLVJDSA-N,Launched
gemigliptin,dipeptidyl peptidase inhibitor,,,,MedChemEx,23.21,N[C@H](CN1CC(F)(F)CCC1=O)CC(=O)N1CCc2c(C1)nc(nc2C(F)(F)F)C(F)(F)F,ZWPRRQZNBDYKLH-VIFPVBQESA-N,Launched
genipin,choleretic agent,,,,"MedChemEx, MedChemEx, Selleck, Selleck",99.08,"COC(=O)C1=CO[C@@H](O)[C@H]2[C@@H]1CC=C2CO |c:13,t:4|, COC(=O)C1=CO[C@@H](O)[C@H]2[C@@H]1CC=C2CO |c:13,t:4|, COC(=O)C1=CO[C@@H](O)[C@H]2[C@@H]1CC=C2CO |c:13,t:4|, COC(=O)C1=CO[C@@H](O)[C@H]2[C@@H]1CC=C2CO |c:13,t:4|","AZKVWQKMDGGDSV-BCMRRPTOSA-N, AZKVWQKMDGGDSV-BCMRRPTOSA-N, AZKVWQKMDGGDSV-BCMRRPTOSA-N, AZKVWQKMDGGDSV-BCMRRPTOSA-N",Preclinical
geniposide,GLP receptor agonist,GLP1R,,,"MedChemEx, Selleck, Selleck, Selleck",97.9,"COC(=O)C1=CO[C@@H](O[C@@H]2O[C@H](CO)[C@@H](O)[C@H](O)[C@H]2O)[C@H]2[C@@H]1CC=C2CO |c:25,t:4|, COC(=O)C1=CO[C@@H](O[C@@H]2O[C@H](CO)[C@@H](O)[C@H](O)[C@H]2O)[C@H]2[C@@H]1CC=C2CO |c:25,t:4|, COC(=O)C1=CO[C@@H](O[C@@H]2O[C@H](CO)[C@@H](O)[C@H](O)[C@H]2O)[C@H]2[C@@H]1CC=C2CO |c:25,t:4|, COC(=O)C1=CO[C@@H](O[C@@H]2O[C@H](CO)[C@@H](O)[C@H](O)[C@H]2O)[C@H]2[C@@H]1CC=C2CO |c:25,t:4|","IBFYXTRXDNAPMM-BVTMAQQCSA-N, IBFYXTRXDNAPMM-BVTMAQQCSA-N, IBFYXTRXDNAPMM-BVTMAQQCSA-N, IBFYXTRXDNAPMM-BVTMAQQCSA-N",Preclinical
geniposidic-acid,cyclooxygenase inhibitor,,,,"Selleck, Selleck, MedChemEx, Selleck",97.09,"OC[C@H]1O[C@@H](O[C@@H]2OC=C([C@H]3CC=C(CO)[C@@H]23)C(O)=O)[C@H](O)[C@@H](O)[C@@H]1O |c:8,t:12|, OC[C@H]1O[C@@H](O[C@@H]2OC=C([C@H]3CC=C(CO)[C@@H]23)C(O)=O)[C@H](O)[C@@H](O)[C@@H]1O |c:8,t:12|, OC[C@H]1O[C@@H](O[C@@H]2OC=C([C@H]3CC=C(CO)[C@@H]23)C(O)=O)[C@H](O)[C@@H](O)[C@@H]1O |c:8,t:12|, OC[C@H]1O[C@@H](O[C@@H]2OC=C([C@H]3CC=C(CO)[C@@H]23)C(O)=O)[C@H](O)[C@@H](O)[C@@H]1O |c:8,t:12|","ZJDOESGVOWAULF-OGJQONSISA-N, ZJDOESGVOWAULF-OGJQONSISA-N, ZJDOESGVOWAULF-OGJQONSISA-N, ZJDOESGVOWAULF-OGJQONSISA-N",Preclinical
genistein,tyrosine kinase inhibitor,"CFTR, ESR1, ESR2, ESRRA, ESRRB, ESRRG, NCOA1, NCOA2, PPARG, PTK2B, TOP2A, TRPC5",,,"Selleck, Selleck, MicroSource, Tocris, Tocris",97.71,"Oc1ccc(cc1)-c1coc2cc(O)cc(O)c2c1=O, Oc1ccc(cc1)-c1coc2cc(O)cc(O)c2c1=O, Oc1ccc(cc1)-c1coc2cc(O)cc(O)c2c1=O, Oc1ccc(cc1)-c1coc2cc(O)cc(O)c2c1=O, Oc1ccc(cc1)-c1coc2cc(O)cc(O)c2c1=O","TZBJGXHYKVUXJN-UHFFFAOYSA-N, TZBJGXHYKVUXJN-UHFFFAOYSA-N, TZBJGXHYKVUXJN-UHFFFAOYSA-N, TZBJGXHYKVUXJN-UHFFFAOYSA-N, TZBJGXHYKVUXJN-UHFFFAOYSA-N",Phase 2/Phase 3
gentamycin,bacterial 50S ribosomal subunit inhibitor,HSPA8,"infectious disease, critical care","bone and joint infections, endocarditis, pelvic inflammatory disease, meningitis, pneumonia, urinary tract infections, sepsis",MedChemEx,0,CN[C@H](C)[C@@H]1CC[C@@H](N)[C@@H](O[C@@H]2[C@@H](N)C[C@@H](N)[C@H](O[C@H]3OC[C@](C)(O)[C@H](NC)[C@H]3O)[C@H]2O)O1,CEAZRRDELHUEMR-CAMVTXANSA-N,Launched
gentiopicrin,glutamate receptor downregulator,GRIN2B,,,Sigma,97.46,"OC[C@H]1O[C@@H](O[C@@H]2OC=C3C(=O)OCC=C3[C@H]2C=C)[C@H](O)[C@@H](O)[C@@H]1O |c:14,t:8|",DUAGQYUORDTXOR-GPQRQXLASA-N,Phase 3
genz-123346,glucosylceramidase inhibitor,UGCG,,,"MedChemEx, MedChemEx",85.93,"CCCCCCCCC(=O)N[C@H](CN1CCCC1)[C@H](O)c1ccc2OCCOc2c1, CCCCCCCCC(=O)N[C@H](CN1CCCC1)[C@H](O)c1ccc2OCCOc2c1","JMNXWOFCUJJYEO-HYBUGGRVSA-N, JMNXWOFCUJJYEO-HYBUGGRVSA-N",Preclinical
genz-644282,topoisomerase inhibitor,TOP1,,,"MedChemEx, MedChemEx, MedChemEx",97.15,"CNCCn1c2c3cc4OCOc4cc3ncc2c2cc(OC)c(OC)cc2c1=O, CNCCn1c2c3cc4OCOc4cc3ncc2c2cc(OC)c(OC)cc2c1=O, CNCCn1c2c3cc4OCOc4cc3ncc2c2cc(OC)c(OC)cc2c1=O","BAORCAMWLWRZQG-UHFFFAOYSA-N, BAORCAMWLWRZQG-UHFFFAOYSA-N, BAORCAMWLWRZQG-UHFFFAOYSA-N",Phase 1
gepefrine,adrenergic receptor agonist,,cardiology,hypotension,"Sigma, Sigma",84.77,"C[C@@H](N)Cc1cccc(O)c1 |&1:1,r|, C[C@@H](N)Cc1cccc(O)c1 |&1:1,r|","WTDGMHYYGNJEKQ-SSDOTTSWSA-N, WTDGMHYYGNJEKQ-SSDOTTSWSA-N",Launched
gepon,,,,,"InterBioScreen, InterBioScreen",99.2,"CC(C)[C@@H](NC(=O)[C@@H](NC(=O)[C@@H](CCC(O)=O)NC(=O)[C@H](CCCNC(N)=N)NC(=O)[C@@H](CCCNC(N)=N)NC(=O)[C@@H](CCCCN)NC(=O)[C@@H](CCCCN)NC(=O)[C@@H](CCC(O)=O)NC(=O)[C@H](N)[C@@H](C)O)[C@@H](C)O)C(=O)N[C@H](CCC(O)=O)C(=O)N[C@@H](CCCNC(N)=N)C(=O)N[C@@H](CCC(O)=O)C(=O)N[C@@H](CCCCN)C(=O)N[C@@H](CCC(O)=O)C(O)=O |a:3,11,20,51,69,80,100,118,&1:7,&2:31,&3:42,&4:60,&5:71,&6:74,&7:89,&8:109|, CC(C)[C@@H](NC(=O)[C@@H](NC(=O)[C@@H](CCC(O)=O)NC(=O)[C@H](CCCNC(N)=N)NC(=O)[C@@H](CCCNC(N)=N)NC(=O)[C@@H](CCCCN)NC(=O)[C@@H](CCCCN)NC(=O)[C@@H](CCC(O)=O)NC(=O)[C@H](N)[C@@H](C)O)[C@@H](C)O)C(=O)N[C@H](CCC(O)=O)C(=O)N[C@@H](CCCNC(N)=N)C(=O)N[C@@H](CCC(O)=O)C(=O)N[C@@H](CCCCN)C(=O)N[C@@H](CCC(O)=O)C(O)=O |a:3,11,20,51,69,80,100,118,&1:7,&2:31,&3:42,&4:60,&5:71,&6:74,&7:89,&8:109|","HTQONPPEZULJKY-MUPFFGQUSA-N, HTQONPPEZULJKY-MUPFFGQUSA-N",Phase 1
gepotidacin,topoisomerase inhibitor,,,,MedChemEx,94.47,O=c1ccc2ncc(=O)n3[C@H](CN4CCC(CC4)NCc4cc5CCCOc5cn4)Cn1c23,PZFAZQUREQIODZ-LJQANCHMSA-N,Phase 2
geranyl-farnesylacetate,mucin production enhancer,,,,"Adooq, AKSci",49.56,"CC(C)=CCC\C(C)=C\CC\C(C)=C\CCC(=O)OC\C=C(/C)CCC=C(C)C, CC(C)=CCC\C(C)=C\CC\C(C)=C\CCC(=O)OC\C=C(/C)CCC=C(C)C","ZPACYDRSPFRDHO-ROBAGEODSA-N, ZPACYDRSPFRDHO-ROBAGEODSA-N",Phase 2
gestodene,contraceptive agent,,endocrinology,contraceptive,"MedChemEx, Selleck",95.03,"CC[C@]12CC[C@H]3[C@@H](CCC4=CC(=O)CC[C@H]34)[C@@H]1C=C[C@@]2(O)C#C |c:20,t:9|, CC[C@]12CC[C@H]3[C@@H](CCC4=CC(=O)CC[C@H]34)[C@@H]1C=C[C@@]2(O)C#C |c:20,t:9|","SIGSPDASOTUPFS-XUDSTZEESA-N, SIGSPDASOTUPFS-XUDSTZEESA-N",Launched
gestrinone,progesterone receptor antagonist,"AR, ESR1, PGR",obstetrics/gynecology,endometriosis,"MedChemEx, Prestwick, Prestwick, Prestwick, Prestwick",95.29,"CC[C@]12C=CC3=C4CCC(=O)C=C4CC[C@H]3[C@@H]1CC[C@@]2(O)C#C |c:3,5,11|, CC[C@]12C=CC3=C4CCC(=O)C=C4CC[C@H]3[C@@H]1CC[C@@]2(O)C#C |c:3,5,11|, CC[C@]12C=CC3=C4CCC(=O)C=C4CC[C@H]3[C@@H]1CC[C@@]2(O)C#C |c:3,5,11|, CC[C@]12C=CC3=C4CCC(=O)C=C4CC[C@H]3[C@@H]1CC[C@@]2(O)C#C |c:3,5,11|, CC[C@]12C=CC3=C4CCC(=O)C=C4CC[C@H]3[C@@H]1CC[C@@]2(O)C#C |c:3,5,11|","BJJXHLWLUDYTGC-ANULTFPQSA-N, BJJXHLWLUDYTGC-ANULTFPQSA-N, BJJXHLWLUDYTGC-ANULTFPQSA-N, BJJXHLWLUDYTGC-ANULTFPQSA-N, BJJXHLWLUDYTGC-ANULTFPQSA-N",Launched
GF109203X,PKC inhibitor,"PDPK1, PIM1, PRKCI, PRKCZ",,,"Tocris, Tocris, Tocris, Tocris, Tocris, Tocris, Tocris",94.62,"CN(C)CCCn1cc(C2=C(C(=O)NC2=O)c2c[nH]c3ccccc23)c2ccccc12 |t:9|, CN(C)CCCn1cc(C2=C(C(=O)NC2=O)c2c[nH]c3ccccc23)c2ccccc12 |t:9|, CN(C)CCCn1cc(C2=C(C(=O)NC2=O)c2c[nH]c3ccccc23)c2ccccc12 |t:9|, CN(C)CCCn1cc(C2=C(C(=O)NC2=O)c2c[nH]c3ccccc23)c2ccccc12 |t:9|, CN(C)CCCn1cc(C2=C(C(=O)NC2=O)c2c[nH]c3ccccc23)c2ccccc12 |t:9|, CN(C)CCCn1cc(C2=C(C(=O)NC2=O)c2c[nH]c3ccccc23)c2ccccc12 |t:9|, CN(C)CCCn1cc(C2=C(C(=O)NC2=O)c2c[nH]c3ccccc23)c2ccccc12 |t:9|","QMGUOJYZJKLOLH-UHFFFAOYSA-N, QMGUOJYZJKLOLH-UHFFFAOYSA-N, QMGUOJYZJKLOLH-UHFFFAOYSA-N, InChI=1S/C25H24N4O2/c1-28(2)12-7-13-29-15-19(17-9-4-6-11-21(17)29)23-22(24(30)27-25(23)31)18-14-26-20-10-5-3-8-16(18)20/h3-6,8-11,14-15,26H,7,12-13H2,1-2H3,(H,27,30,31), InChI=1S/C25H24N4O2/c1-28(2)12-7-13-29-15-19(17-9-4-6-11-21(17)29)23-22(24(30)27-25(23)31)18-14-26-20-10-5-3-8-16(18)20/h3-6,8-11,14-15,26H,7,12-13H2,1-2H3,(H,27,30,31), InChI=1S/C25H24N4O2/c1-28(2)12-7-13-29-15-19(17-9-4-6-11-21(17)29)23-22(24(30)27-25(23)31)18-14-26-20-10-5-3-8-16(18)20/h3-6,8-11,14-15,26H,7,12-13H2,1-2H3,(H,27,30,31), InChI=1S/C25H24N4O2/c1-28(2)12-7-13-29-15-19(17-9-4-6-11-21(17)29)23-22(24(30)27-25(23)31)18-14-26-20-10-5-3-8-16(18)20/h3-6,8-11,14-15,26H,7,12-13H2,1-2H3,(H,27,30,31)",Preclinical
GGsTop,gamma glutamyltransferase Inhibitor,GGT1,,,"Tocris, Tocris",82.42,"COP(=O)(CC[C@@H](N)C(O)=O)Oc1cccc(CC(O)=O)c1 |&1:2,&2:6,r|, COP(=O)(CC[C@@H](N)C(O)=O)Oc1cccc(CC(O)=O)c1 |&1:2,&2:6,r|","NTFPDEDRMYYPAC-FAYKFVSFSA-N, NTFPDEDRMYYPAC-FAYKFVSFSA-N",Preclinical
GGTI-298,GGTase inhibitor,CDKN1A,,,"MedChemEx, EMDBio",51.61,"COC(=O)[C@H](CC(C)C)NC(=O)c1ccc(NC[C@@H](N)CS)cc1-c1cccc2ccccc12, COC(=O)[C@H](CC(C)C)NC(=O)c1ccc(NC[C@@H](N)CS)cc1-c1cccc2ccccc12","XVWPFYDMUFBHBF-CLOONOSVSA-N, XVWPFYDMUFBHBF-CLOONOSVSA-N",Preclinical
gilteritinib,FLT3 inhibitor,FLT3,,,"MedChemEx, MedChemEx, MedChemEx, MedChemEx",90.94,"CCc1nc(C(N)=O)c(Nc2ccc(N3CCC(CC3)N3CCN(C)CC3)c(OC)c2)nc1NC1CCOCC1, CCc1nc(C(N)=O)c(Nc2ccc(N3CCC(CC3)N3CCN(C)CC3)c(OC)c2)nc1NC1CCOCC1, CCc1nc(C(N)=O)c(Nc2ccc(N3CCC(CC3)N3CCN(C)CC3)c(OC)c2)nc1NC1CCOCC1, CCc1nc(C(N)=O)c(Nc2ccc(N3CCC(CC3)N3CCN(C)CC3)c(OC)c2)nc1NC1CCOCC1","GYQYAJJFPNQOOW-UHFFFAOYSA-N, GYQYAJJFPNQOOW-UHFFFAOYSA-N, GYQYAJJFPNQOOW-UHFFFAOYSA-N, GYQYAJJFPNQOOW-UHFFFAOYSA-N",Launched
gimeracil,dihydropyrimidine dehydrogenase inhibitor,DPYD,oncology,gastric adenocarcinoma,"Selleck, Selleck",98.28,"Oc1cc(=O)[nH]cc1Cl, Oc1cc(=O)[nH]cc1Cl","ZPLQIPFOCGIIHV-UHFFFAOYSA-N, ZPLQIPFOCGIIHV-UHFFFAOYSA-N",Launched
ginkgolide-A,GABA receptor antagonist,"GLRA1, GLRB",,,MedChemEx,99.2,C[C@@H]1C(=O)O[C@H]2C[C@@]34[C@H]5C[C@@H](C(C)(C)C)[C@@]33[C@@H](O)C(=O)O[C@H]3O[C@@]4(C(=O)O5)[C@@]12O,FPUXKXIZEIDQKW-UEHATNFXSA-N,Preclinical
ginkgolide-B,platelet activating factor receptor antagonist,"GLRA1, GLRA2, GLRA3, GLRB, HTR3A, HTR3B",,,"Tocris, Tocris, Selleck, Selleck, Tocris, Tocris",100,"C[C@@H]1C(=O)O[C@H]2[C@H](O)[C@@]34[C@H]5C[C@@H](C(C)(C)C)[C@@]33[C@@H](O)C(=O)O[C@H]3O[C@@]4(C(=O)O5)[C@@]12O, C[C@@H]1C(=O)O[C@H]2[C@H](O)[C@@]34[C@H]5C[C@@H](C(C)(C)C)[C@@]33[C@@H](O)C(=O)O[C@H]3O[C@@]4(C(=O)O5)[C@@]12O, C[C@@H]1C(=O)O[C@H]2[C@H](O)[C@@]34[C@H]5C[C@@H](C(C)(C)C)[C@@]33[C@@H](O)C(=O)O[C@H]3O[C@@]4(C(=O)O5)[C@@]12O, C[C@@H]1C(=O)O[C@H]2[C@H](O)[C@@]34[C@H]5C[C@@H](C(C)(C)C)[C@@]33[C@@H](O)C(=O)O[C@H]3O[C@@]4(C(=O)O5)[C@@]12O, C[C@@H]1C(=O)O[C@H]2[C@H](O)[C@@]34[C@H]5C[C@@H](C(C)(C)C)[C@@]33[C@@H](O)C(=O)O[C@H]3O[C@@]4(C(=O)O5)[C@@]12O, C[C@@H]1C(=O)O[C@H]2[C@H](O)[C@@]34[C@H]5C[C@@H](C(C)(C)C)[C@@]33[C@@H](O)C(=O)O[C@H]3O[C@@]4(C(=O)O5)[C@@]12O","SQOJOAFXDQDRGF-AIQFLADASA-N, SQOJOAFXDQDRGF-AIQFLADASA-N, SQOJOAFXDQDRGF-AIQFLADASA-N, SQOJOAFXDQDRGF-AIQFLADASA-N, SQOJOAFXDQDRGF-AIQFLADASA-N, SQOJOAFXDQDRGF-AIQFLADASA-N",Phase 3
ginsenoside-C-K,"NFkB pathway inhibitor, nitric oxide synthase inhibitor",PTGS2,,,"MedChemEx, MedChemEx",99.5,"CC(C)=CCC[C@](C)(O[C@@H]1O[C@H](CO)[C@@H](O)[C@H](O)[C@H]1O)[C@H]1CC[C@]2(C)[C@@H]1[C@H](O)C[C@@H]1[C@@]3(C)CC[C@H](O)C(C)(C)[C@@H]3CC[C@@]21C, CC(C)=CCC[C@](C)(O[C@@H]1O[C@H](CO)[C@@H](O)[C@H](O)[C@H]1O)[C@H]1CC[C@]2(C)[C@@H]1[C@H](O)C[C@@H]1[C@@]3(C)CC[C@H](O)C(C)(C)[C@@H]3CC[C@@]21C","FVIZARNDLVOMSU-IRFFNABBSA-N, FVIZARNDLVOMSU-IRFFNABBSA-N",Phase 1
ginsenoside-RD,calcium channel blocker,,,,"MedChemEx, MedChemEx",100,"CC(C)=CCC[C@@](C)(O[C@@H]1O[C@H](CO)[C@@H](O)[C@H](O)[C@H]1O)[C@H]1CC[C@]2(C)[C@@H]1[C@H](O)C[C@@H]1[C@@]3(C)CC[C@H](O[C@@H]4O[C@H](CO)[C@@H](O)[C@H](O)[C@H]4O[C@@H]4O[C@H](CO)[C@@H](O)[C@H](O)[C@H]4O)C(C)(C)[C@@H]3CC[C@@]21C |a:9,11,14,16,18,20,23,25,26,29,30,34,36,38,41,43,45,47,49,52,54,56,61,64,&1:6|, CC(C)=CCC[C@@](C)(O[C@@H]1O[C@H](CO)[C@@H](O)[C@H](O)[C@H]1O)[C@H]1CC[C@]2(C)[C@@H]1[C@H](O)C[C@@H]1[C@@]3(C)CC[C@H](O[C@@H]4O[C@H](CO)[C@@H](O)[C@H](O)[C@H]4O[C@@H]4O[C@H](CO)[C@@H](O)[C@H](O)[C@H]4O)C(C)(C)[C@@H]3CC[C@@]21C |a:9,11,14,16,18,20,23,25,26,29,30,34,36,38,41,43,45,47,49,52,54,56,61,64,&1:6|","RLDVZILFNVRJTL-ZMHPOSLNSA-N, RLDVZILFNVRJTL-ZMHPOSLNSA-N",Phase 3
ginsenoside-RE,anti-inflammatory agent,,,,MedChemEx,100,[H][C@@]1(CC[C@]2(C)[C@]1([H])[C@H](O)C[C@]1([H])[C@@]3(C)CC[C@H](O)C(C)(C)[C@]3([H])[C@H](C[C@@]21C)O[C@@H]1O[C@H](CO)[C@@H](O)[C@H](O)[C@H]1O[C@@H]1O[C@@H](C)[C@H](O)[C@@H](O)[C@H]1O)[C@](C)(CCC=C(C)C)O[C@@H]1O[C@H](CO)[C@@H](O)[C@H](O)[C@H]1O,PWAOOJDMFUQOKB-WCZZMFLVSA-N,Phase 1
ginsenoside-RE3,"angiogenesis inhibitor, apoptosis stimulant",KCNH2,,,MedChemEx,99.4,"CC(C)=CCC[C@@](C)(O)[C@H]1CC[C@]2(C)[C@@H]1[C@H](O)C[C@@H]1[C@@]3(C)CC[C@H](O[C@@H]4O[C@H](CO)[C@@H](O)[C@H](O)[C@H]4O[C@@H]4O[C@H](CO)[C@@H](O)[C@H](O)[C@H]4O)C(C)(C)[C@@H]3CC[C@@]21C |a:9,12,14,15,18,19,23,25,27,30,32,34,36,38,41,43,45,50,53,&1:6|",RWXIFXNRCLMQCD-CZIWJLDFSA-N,Launched
givinostat,HDAC inhibitor,"HDAC1, HDAC2, HDAC3, HDAC4, HDAC5, HDAC6, HDAC7, HDAC8, HDAC9",,,"Selleck, Selleck, Selleck, Selleck, Selleck, Selleck, Selleck, Stanley, Stanley, Stanley, Stanley, Stanley",100,"CCN(CC)Cc1ccc2cc(COC(=O)Nc3ccc(cc3)C(=O)NO)ccc2c1, CCN(CC)Cc1ccc2cc(COC(=O)Nc3ccc(cc3)C(=O)NO)ccc2c1, CCN(CC)Cc1ccc2cc(COC(=O)Nc3ccc(cc3)C(=O)NO)ccc2c1, CCN(CC)Cc1ccc2cc(COC(=O)Nc3ccc(cc3)C(=O)NO)ccc2c1, CCN(CC)Cc1ccc2cc(COC(=O)Nc3ccc(cc3)C(=O)NO)ccc2c1, CCN(CC)Cc1ccc2cc(COC(=O)Nc3ccc(cc3)C(=O)NO)ccc2c1, CCN(CC)Cc1ccc2cc(COC(=O)Nc3ccc(cc3)C(=O)NO)ccc2c1, CCN(CC)Cc1ccc2cc(COC(=O)Nc3ccc(cc3)C(=O)NO)ccc2c1, CCN(CC)Cc1ccc2cc(COC(=O)Nc3ccc(cc3)C(=O)NO)ccc2c1, CCN(CC)Cc1ccc2cc(COC(=O)Nc3ccc(cc3)C(=O)NO)ccc2c1, CCN(CC)Cc1ccc2cc(COC(=O)Nc3ccc(cc3)C(=O)NO)ccc2c1, CCN(CC)Cc1ccc2cc(COC(=O)Nc3ccc(cc3)C(=O)NO)ccc2c1","YALNUENQHAQXEA-UHFFFAOYSA-N, YALNUENQHAQXEA-UHFFFAOYSA-N, YALNUENQHAQXEA-UHFFFAOYSA-N, YALNUENQHAQXEA-UHFFFAOYSA-N, YALNUENQHAQXEA-UHFFFAOYSA-N, YALNUENQHAQXEA-UHFFFAOYSA-N, YALNUENQHAQXEA-UHFFFAOYSA-N, InChI=1S/C24H27N3O4/c1-3-27(4-2)15-17-5-7-21-14-18(6-8-20(21)13-17)16-31-24(29)25-22-11-9-19(10-12-22)23(28)26-30/h5-14,30H,3-4,15-16H2,1-2H3,(H,25,29)(H,26,28), InChI=1S/C24H27N3O4/c1-3-27(4-2)15-17-5-7-21-14-18(6-8-20(21)13-17)16-31-24(29)25-22-11-9-19(10-12-22)23(28)26-30/h5-14,30H,3-4,15-16H2,1-2H3,(H,25,29)(H,26,28), InChI=1S/C24H27N3O4/c1-3-27(4-2)15-17-5-7-21-14-18(6-8-20(21)13-17)16-31-24(29)25-22-11-9-19(10-12-22)23(28)26-30/h5-14,30H,3-4,15-16H2,1-2H3,(H,25,29)(H,26,28), InChI=1S/C24H27N3O4/c1-3-27(4-2)15-17-5-7-21-14-18(6-8-20(21)13-17)16-31-24(29)25-22-11-9-19(10-12-22)23(28)26-30/h5-14,30H,3-4,15-16H2,1-2H3,(H,25,29)(H,26,28), InChI=1S/C24H27N3O4/c1-3-27(4-2)15-17-5-7-21-14-18(6-8-20(21)13-17)16-31-24(29)25-22-11-9-19(10-12-22)23(28)26-30/h5-14,30H,3-4,15-16H2,1-2H3,(H,25,29)(H,26,28)",Phase 3
GKA-50,glucokinase activator,GCK,,,"Tocris, Tocris, Tocris",96.9,"COC[C@H](C)Oc1cc(O[C@@H](C)Cc2ccccc2)cc(c1)C(=O)Nc1ccc(cn1)C(O)=O, COC[C@H](C)Oc1cc(O[C@@H](C)Cc2ccccc2)cc(c1)C(=O)Nc1ccc(cn1)C(O)=O, COC[C@H](C)Oc1cc(O[C@@H](C)Cc2ccccc2)cc(c1)C(=O)Nc1ccc(cn1)C(O)=O","OCBMECSFDVUYQN-ROUUACIJSA-N, OCBMECSFDVUYQN-ROUUACIJSA-N, OCBMECSFDVUYQN-ROUUACIJSA-N",Preclinical
GKT137831,NADPH oxidase inhibitor,"NOX1, NOX4",,,"MedChemEx, Selleck, MedChemEx",90,"CN(C)c1cccc(c1)-c1n(C)c(=O)cc2[nH]n(-c3ccccc3Cl)c(=O)c12, CN(C)c1cccc(c1)-c1n(C)c(=O)cc2[nH]n(-c3ccccc3Cl)c(=O)c12, CN(C)c1cccc(c1)-c1n(C)c(=O)cc2[nH]n(-c3ccccc3Cl)c(=O)c12","RGYQPQARIQKJKH-UHFFFAOYSA-N, RGYQPQARIQKJKH-UHFFFAOYSA-N, RGYQPQARIQKJKH-UHFFFAOYSA-N",Phase 2
GK921,transglutaminase inhibitor,TGM2,,,"MedChemEx, MedChemEx",94.48,"C(CN1CCCC1)Oc1nc2cccnc2nc1C#Cc1ccccc1, C(CN1CCCC1)Oc1nc2cccnc2nc1C#Cc1ccccc1","MNYJJHBAEYKXEG-UHFFFAOYSA-N, MNYJJHBAEYKXEG-UHFFFAOYSA-N",Preclinical
glafenine,DeltaF508-CFTR Correctors,CFTR,,,"MedChemEx, Selleck",98.69,"OC[C@@H](O)COC(=O)c1ccccc1Nc1ccnc2cc(Cl)ccc12 |&1:2|, OC[C@@H](O)COC(=O)c1ccccc1Nc1ccnc2cc(Cl)ccc12 |&1:2|","GWOFUCIGLDBNKM-CYBMUJFWSA-N, GWOFUCIGLDBNKM-CYBMUJFWSA-N",Withdrawn
glasdegib,hedgehog pathway inhibitor,SMO,hematologic malignancy,acute myeloid leukemia (AML),"MedChemEx, MedChemEx, MedChemEx, MedChemEx, MedChemEx",96,"CN1CC[C@H](C[C@@H]1c1nc2ccccc2[nH]1)NC(=O)Nc1ccc(cc1)C#N, CN1CC[C@H](C[C@@H]1c1nc2ccccc2[nH]1)NC(=O)Nc1ccc(cc1)C#N, CN1CC[C@H](C[C@@H]1c1nc2ccccc2[nH]1)NC(=O)Nc1ccc(cc1)C#N, CN1CC[C@H](C[C@@H]1c1nc2ccccc2[nH]1)NC(=O)Nc1ccc(cc1)C#N, CN1CC[C@H](C[C@@H]1c1nc2ccccc2[nH]1)NC(=O)Nc1ccc(cc1)C#N","SFNSLLSYNZWZQG-VQIMIIECSA-N, SFNSLLSYNZWZQG-VQIMIIECSA-N, SFNSLLSYNZWZQG-VQIMIIECSA-N, SFNSLLSYNZWZQG-VQIMIIECSA-N, SFNSLLSYNZWZQG-VQIMIIECSA-N",Launched
glecaprevir,serine protease inhibitor,,infectious disease,hepatitis C,"MedChemEx, MedChemEx",96.9,"[H]\C1=C([H])/C(F)(F)c2nc3ccccc3nc2O[C@@]2([H])CN(C(=O)[C@@]([H])(NC(=O)O[C@]3([H])CCC[C@@]3([H])OC1)C(C)(C)C)[C@@]([H])(C2)C(=O)N[C@@]1(C[C@@]1([H])C(F)F)C(=O)NS(=O)(=O)C1(C)CC1 |t:1|, [H]\C1=C([H])/C(F)(F)c2nc3ccccc3nc2O[C@@]2([H])CN(C(=O)[C@@]([H])(NC(=O)O[C@]3([H])CCC[C@@]3([H])OC1)C(C)(C)C)[C@@]([H])(C2)C(=O)N[C@@]1(C[C@@]1([H])C(F)F)C(=O)NS(=O)(=O)C1(C)CC1 |t:1|","MLSQGNCUYAMAHD-ITNVBOSISA-N, MLSQGNCUYAMAHD-ITNVBOSISA-N",Launched
glesatinib,tyrosine kinase inhibitor,,,,MedChemEx,76.83,COCCNCc1ccc(nc1)-c1cc2nccc(Oc3ccc(NC(=S)NC(=O)Cc4ccc(F)cc4)cc3F)c2s1,YRCHYHRCBXNYNU-UHFFFAOYSA-N,Phase 2
gliclazide,"ATP channel blocker, insulin secretagogue",,endocrinology,diabetes mellitus,"MicroSource, Selleck, MedChemEx, Selleck",88.04,"Cc1ccc(cc1)S(=O)(=O)NC(=O)NN1C[C@H]2CCC[C@@H]2C1 |&1:16,&2:20,r|, Cc1ccc(cc1)S(=O)(=O)NC(=O)NN1C[C@H]2CCC[C@@H]2C1 |&1:16,&2:20,r|, Cc1ccc(cc1)S(=O)(=O)NC(=O)NN1C[C@H]2CCC[C@@H]2C1 |&1:16,&2:20,r|, Cc1ccc(cc1)S(=O)(=O)NC(=O)NN1C[C@H]2CCC[C@@H]2C1 |&1:16,&2:20,r|","BOVGTQGAOIONJV-CHWSQXEVSA-N, BOVGTQGAOIONJV-CHWSQXEVSA-N, BOVGTQGAOIONJV-CHWSQXEVSA-N, BOVGTQGAOIONJV-CHWSQXEVSA-N",Launched
glimepiride,insulin secretagogue,"ABCC8, KCNJ1, KCNJ11",endocrinology,diabetes mellitus,"MicroSource, Tocris, Tocris, Tocris, Selleck, Selleck",97.4,"CCC1=C(C)CN(C(=O)NCCc2ccc(cc2)S(=O)(=O)NC(=O)N[C@H]2CC[C@H](C)CC2)C1=O |r,c:2|, CCC1=C(C)CN(C(=O)NCCc2ccc(cc2)S(=O)(=O)NC(=O)N[C@H]2CC[C@H](C)CC2)C1=O |r,c:2|, CCC1=C(C)CN(C(=O)NCCc2ccc(cc2)S(=O)(=O)NC(=O)N[C@H]2CC[C@H](C)CC2)C1=O |r,c:2|, CCC1=C(C)CN(C(=O)NCCc2ccc(cc2)S(=O)(=O)NC(=O)N[C@H]2CC[C@H](C)CC2)C1=O |r,c:2|, CCC1=C(C)CN(C(=O)NCCc2ccc(cc2)S(=O)(=O)NC(=O)N[C@H]2CC[C@H](C)CC2)C1=O |r,c:2|, CCC1=C(C)CN(C(=O)NCCc2ccc(cc2)S(=O)(=O)NC(=O)N[C@H]2CC[C@H](C)CC2)C1=O |r,c:2|","WIGIZIANZCJQQY-RUCARUNLSA-N, WIGIZIANZCJQQY-RUCARUNLSA-N, WIGIZIANZCJQQY-RUCARUNLSA-N, WIGIZIANZCJQQY-RUCARUNLSA-N, WIGIZIANZCJQQY-RUCARUNLSA-N, WIGIZIANZCJQQY-RUCARUNLSA-N",Launched
glipizide,sulfonylurea,"ABCC8, KCNJ10, KCNJ11, PPARG",endocrinology,"diabetes mellitus, hyperglycemia","MedChemEx, MicroSource, Selleck",98.53,"Cc1cnc(cn1)C(=O)NCCc1ccc(cc1)S(=O)(=O)NC(=O)NC1CCCCC1, Cc1cnc(cn1)C(=O)NCCc1ccc(cc1)S(=O)(=O)NC(=O)NC1CCCCC1, Cc1cnc(cn1)C(=O)NCCc1ccc(cc1)S(=O)(=O)NC(=O)NC1CCCCC1","ZJJXGWJIGJFDTL-UHFFFAOYSA-N, ZJJXGWJIGJFDTL-UHFFFAOYSA-N, ZJJXGWJIGJFDTL-UHFFFAOYSA-N",Launched
gliquidone,sulfonylurea,"ABCC8, KCNJ10, KCNJ8",endocrinology,diabetes mellitus,"MedChemEx, Selleck, Selleck, Selleck",98.3,"COc1ccc2c(c1)C(=O)N(CCc1ccc(cc1)S(=O)(=O)NC(=O)NC1CCCCC1)C(=O)C2(C)C, COc1ccc2c(c1)C(=O)N(CCc1ccc(cc1)S(=O)(=O)NC(=O)NC1CCCCC1)C(=O)C2(C)C, COc1ccc2c(c1)C(=O)N(CCc1ccc(cc1)S(=O)(=O)NC(=O)NC1CCCCC1)C(=O)C2(C)C, COc1ccc2c(c1)C(=O)N(CCc1ccc(cc1)S(=O)(=O)NC(=O)NC1CCCCC1)C(=O)C2(C)C","LLJFMFZYVVLQKT-UHFFFAOYSA-N, LLJFMFZYVVLQKT-UHFFFAOYSA-N, LLJFMFZYVVLQKT-UHFFFAOYSA-N, LLJFMFZYVVLQKT-UHFFFAOYSA-N",Launched
Gln-1062,cholinesterase inhibitor,,,,MedChemEx,97.73,COc1ccc2CN(C)CC[C@@]34C=C[C@@H](C[C@@H]3Oc1c24)OC(=O)c1ccccc1 |c:12|,JKVNJTYHRABHIY-WXVUKLJWSA-N,Preclinical
GLPG0187,integrin antagonist,,,,MedChemEx,100,COc1ccc(cc1)S(=O)(=O)N[C@@H](CNc1nc(C)nc(N2CCC(CC2)c2ccc3CCCNc3n2)c1C)C(O)=O,CXHCNOMGODVIKB-VWLOTQADSA-N,Phase 1
GLPG0492,androgen receptor modulator,AR,,,"MedChemEx, MedChemEx",95.84,"CN1C(=O)N(C(=O)[C@@]1(CO)c1ccccc1)c1ccc(C#N)c(c1)C(F)(F)F, CN1C(=O)N(C(=O)[C@@]1(CO)c1ccccc1)c1ccc(C#N)c(c1)C(F)(F)F","VAJGULUVTFDTAS-GOSISDBHSA-N, VAJGULUVTFDTAS-GOSISDBHSA-N",Phase 1
GLPG0492-R-enantiomer,androgen receptor modulator,AR,,,"MedChemEx, MedChemEx",90.37,"CN1C(=O)N(C(=O)[C@]1(CO)c1ccccc1)c1ccc(C#N)c(c1)C(F)(F)F, CN1C(=O)N(C(=O)[C@]1(CO)c1ccccc1)c1ccc(C#N)c(c1)C(F)(F)F","VAJGULUVTFDTAS-SFHVURJKSA-N, VAJGULUVTFDTAS-SFHVURJKSA-N",Phase 1
GLPG1837,CFTR channel potentiator,,,,MedChemEx,95.97,CC1(C)Cc2c(sc(NC(=O)c3cc[nH]n3)c2C(N)=O)C(C)(C)O1,GHTGYZMBQPXTCQ-UHFFFAOYSA-N,Phase 2
glucaric-acid,,,,,Sigma,0,O[C@@H]([C@H](O)[C@@H](O)C(O)=O)[C@H](O)C(O)=O,DSLZVSRJTYRBFB-LLEIAEIESA-N,Phase 1
gluconolactone,,LCT,,,MicroSource,0,OC[C@@H]1OC(=O)[C@@H](O)[C@H](O)[C@H]1O,PHOQVHQSTUBQQK-KLVWXMOXSA-N,Launched
glucosamine,glycosylated protein precursor,IL1B,"neurology/psychiatry, rheumatology","muscle pain, rheumatoid arthritis, joint pain, backache","MicroSource, MicroSource, MedChemEx",100,"N[C@H]1[C@H](O)O[C@H](CO)[C@@H](O)[C@@H]1O, N[C@H]1[C@H](O)O[C@H](CO)[C@@H](O)[C@@H]1O, N[C@H]1[C@H](O)O[C@H](CO)[C@@H](O)[C@@H]1O","MSWZFWKMSRAUBD-QZABAPFNSA-N, MSWZFWKMSRAUBD-QZABAPFNSA-N, MSWZFWKMSRAUBD-QZABAPFNSA-N",Launched
glutathione,antioxidant,"ESD, GGT1, GLO1, GLRX, GLRX2, GPX1, GPX2, GPX3, GPX4, GPX5, GPX6, GPX7, GPX8, GSR, GSS, GSTA1, GSTA2, GSTA3, GSTA4, GSTA5, GSTK1, GSTM1, GSTM2, GSTM3, GSTM4, GSTM5, GSTO1, GSTO2, GSTP1, GSTT1, GSTZ1, HAGH, HPGDS, LTC4S, MGST1, MGST2, MGST3, TXNDC12",,,MicroSource,0,N[C@@H](CCC(=O)N[C@@H](CS)C(=O)NCC(O)=O)C(O)=O,RWSXRVCMGQZWBV-WDSKDSINSA-N,Phase 3
glutathione-monoisopropyl-ester,lipid peroxidase inhibitor,,,,"Sigma, ChemImpex",79.96,"CC(C)OC(=O)CNC(=O)[C@H](CS)NC(=O)CC[C@H](N)C(O)=O, CC(C)OC(=O)CNC(=O)[C@H](CS)NC(=O)CC[C@H](N)C(O)=O","MVNCPACIPXNJIW-IUCAKERBSA-N, MVNCPACIPXNJIW-IUCAKERBSA-N",Phase 2
gly-gln,,,,,Ark,100,NCC(=O)N[C@@H](CCC(N)=O)C(O)=O,PNMUAGGSDZXTHX-BYPYZUCNSA-N,Phase 2
glyburide,"ATP channel blocker, insulin secretagogue, sulfonylurea","ABCA1, ABCB11, ABCC8, ABCC9, CFTR, CPT1A, KCNJ1, KCNJ11, KCNJ5, KCNJ8, SLCO2B1",endocrinology,"diabetes mellitus, hyperglycemia","Tocris, Selleck, Selleck, MicroSource, Tocris",97.94,"COc1ccc(Cl)cc1C(=O)NCCc1ccc(cc1)S(=O)(=O)NC(=O)NC1CCCCC1, COc1ccc(Cl)cc1C(=O)NCCc1ccc(cc1)S(=O)(=O)NC(=O)NC1CCCCC1, COc1ccc(Cl)cc1C(=O)NCCc1ccc(cc1)S(=O)(=O)NC(=O)NC1CCCCC1, COc1ccc(Cl)cc1C(=O)NCCc1ccc(cc1)S(=O)(=O)NC(=O)NC1CCCCC1, COc1ccc(Cl)cc1C(=O)NCCc1ccc(cc1)S(=O)(=O)NC(=O)NC1CCCCC1","ZNNLBTZKUZBEKO-UHFFFAOYSA-N, ZNNLBTZKUZBEKO-UHFFFAOYSA-N, ZNNLBTZKUZBEKO-UHFFFAOYSA-N, ZNNLBTZKUZBEKO-UHFFFAOYSA-N, ZNNLBTZKUZBEKO-UHFFFAOYSA-N",Launched
glycerol-monolaurate,beta lactamase inhibitor,,,,Sigma,98.1,"CCCCCCCCCCCC(=O)OC[C@@H](O)CO |&1:15,r|",ARIWANIATODDMH-AWEZNQCLSA-N,Launched
glycerol-phenylbutyrate,sigma receptor ligand,,,,MedChemEx,88.43,O=C(CCCc1ccccc1)OCC(COC(=O)CCCc1ccccc1)OC(=O)CCCc1ccccc1,ZSDBFLMJVAGKOU-UHFFFAOYSA-N,Phase 1
glycitein,tumor necrosis factor release inhibitor,TNF,,,"Cayman, Cayman",97.95,"COc1cc2c(cc1O)occ(-c1ccc(O)cc1)c2=O, COc1cc2c(cc1O)occ(-c1ccc(O)cc1)c2=O","DXYUAIFZCFRPTH-UHFFFAOYSA-N, DXYUAIFZCFRPTH-UHFFFAOYSA-N",Phase 3
glycopyrrolate,acetylcholine receptor antagonist,"CHRM1, CHRM2, CHRM3, CHRM4, CHRM5",gastroenterology,peptic ulcer disease (PUD),"MicroSource, MedChemEx",100,"C[N+]1(C)CC[C@@H](C1)OC(=O)[C@@](O)(C1CCCC1)c1ccccc1 |&1:5,&2:10|, C[N+]1(C)CC[C@@H](C1)OC(=O)[C@@](O)(C1CCCC1)c1ccccc1 |&1:5,&2:10|","ANGKOCUUWGHLCE-HKUYNNGSSA-N, ANGKOCUUWGHLCE-HKUYNNGSSA-N",Launched
GM-1485,immunophilin ligand,FKBP1A,,,Key,67.58,CCC(C)(C)C(=O)C(=O)N1CCC[C@H]1C(O)=O,FOPALECPEUVCTL-QMMMGPOBSA-N,Preclinical
GMX1778,NAMPT inhibitor,NAMPT,,,"MedChemEx, MedChemEx, MedChemEx",97.04,"Clc1ccc(OCCCCCCN\C(NC#N)=N\c2ccncc2)cc1, Clc1ccc(OCCCCCCN\C(NC#N)=N\c2ccncc2)cc1, Clc1ccc(OCCCCCCN\C(NC#N)=N\c2ccncc2)cc1","BOIPLTNGIAPDBY-UHFFFAOYSA-N, BOIPLTNGIAPDBY-UHFFFAOYSA-N, BOIPLTNGIAPDBY-UHFFFAOYSA-N",Phase 1/Phase 2
GNE-7915,leucine rich repeat kinase inhibitor,,,,Adooq,97.87,CCNc1nc(Nc2cc(F)c(cc2OC)C(=O)N2CCOCC2)ncc1C(F)(F)F,XCFLWTZSJYBCPF-UHFFFAOYSA-N,Preclinical
GNF-2,Bcr-Abl kinase inhibitor,"ABL1, BCR",,,"Tocris, Tocris, Selleck, Selleck",96.9,"NC(=O)c1cccc(c1)-c1cc(Nc2ccc(OC(F)(F)F)cc2)ncn1, NC(=O)c1cccc(c1)-c1cc(Nc2ccc(OC(F)(F)F)cc2)ncn1, NC(=O)c1cccc(c1)-c1cc(Nc2ccc(OC(F)(F)F)cc2)ncn1, NC(=O)c1cccc(c1)-c1cc(Nc2ccc(OC(F)(F)F)cc2)ncn1","WEVYNIUIFUYDGI-UHFFFAOYSA-N, WEVYNIUIFUYDGI-UHFFFAOYSA-N, WEVYNIUIFUYDGI-UHFFFAOYSA-N, WEVYNIUIFUYDGI-UHFFFAOYSA-N",Preclinical
GNF-5,Bcr-Abl kinase inhibitor,"ABL1, BCR",,,"Tocris, Tocris, Tocris",99.44,"OCCNC(=O)c1cccc(c1)-c1cc(Nc2ccc(OC(F)(F)F)cc2)ncn1, OCCNC(=O)c1cccc(c1)-c1cc(Nc2ccc(OC(F)(F)F)cc2)ncn1, OCCNC(=O)c1cccc(c1)-c1cc(Nc2ccc(OC(F)(F)F)cc2)ncn1","IIQUYGWWHIHOCF-UHFFFAOYSA-N, IIQUYGWWHIHOCF-UHFFFAOYSA-N, IIQUYGWWHIHOCF-UHFFFAOYSA-N",Preclinical
GNF-5837,growth factor receptor inhibitor,"NTRK1, NTRK2, NTRK3",,,"Tocris, MedChemEx",75.24,"Cc1ccc(NC(=O)Nc2cc(ccc2F)C(F)(F)F)cc1Nc1ccc2\C(=C\c3ccc[nH]3)C(=O)Nc2c1, Cc1ccc(NC(=O)Nc2cc(ccc2F)C(F)(F)F)cc1Nc1ccc2\C(=C\c3ccc[nH]3)C(=O)Nc2c1","YYDUWLSETXNJJT-MTJSOVHGSA-N, InChI=1S/C28H21F4N5O2/c1-15-4-6-19(35-27(39)37-25-11-16(28(30,31)32)5-9-22(25)29)13-23(15)34-18-7-8-20-21(12-17-3-2-10-33-17)26(38)36-24(20)14-18/h2-14,33-34H,1H3,(H,36,38)(H2,35,37,39)/b21-12-",Preclinical
GNF-7,"glucokinase inhibitor, protein kinase inhibitor","GCK, TNK2",,,"Tocris, Tocris, Tocris",95.94,"CN1C(=O)N(Cc2cnc(Nc3ccc(C)nc3)nc12)c1cc(NC(=O)c2cccc(c2)C(F)(F)F)ccc1C, CN1C(=O)N(Cc2cnc(Nc3ccc(C)nc3)nc12)c1cc(NC(=O)c2cccc(c2)C(F)(F)F)ccc1C, CN1C(=O)N(Cc2cnc(Nc3ccc(C)nc3)nc12)c1cc(NC(=O)c2cccc(c2)C(F)(F)F)ccc1C","SZNYUUZOQHNEKB-UHFFFAOYSA-N, SZNYUUZOQHNEKB-UHFFFAOYSA-N, SZNYUUZOQHNEKB-UHFFFAOYSA-N",Preclinical
GNTI,opioid receptor antagonist,"OPRK1, OPRM1",,,"Tocris, Tocris",91.42,"NC(=N)Nc1ccc2[nH]c3[C@@H]4Oc5c6c(C[C@H]7N(CC8CC8)CC[C@@]46[C@@]7(O)Cc3c2c1)ccc5O, NC(=N)Nc1ccc2[nH]c3[C@@H]4Oc5c6c(C[C@H]7N(CC8CC8)CC[C@@]46[C@@]7(O)Cc3c2c1)ccc5O","VLNHDKDBGWXJEE-GYHUNEDQSA-N, VLNHDKDBGWXJEE-GYHUNEDQSA-N",Preclinical
go-6983,protein kinase inhibitor,"PRKCA, PRKCB, PRKCD, PRKCG, PRKCZ",,,"Selleck, Selleck, Selleck",93.45,"COc1ccc2n(CCCN(C)C)cc(C3=C(C(=O)NC3=O)c3c[nH]c4ccccc34)c2c1 |t:15|, COc1ccc2n(CCCN(C)C)cc(C3=C(C(=O)NC3=O)c3c[nH]c4ccccc34)c2c1 |t:15|, COc1ccc2n(CCCN(C)C)cc(C3=C(C(=O)NC3=O)c3c[nH]c4ccccc34)c2c1 |t:15|","LLJJDLHGZUOMQP-UHFFFAOYSA-N, LLJJDLHGZUOMQP-UHFFFAOYSA-N, LLJJDLHGZUOMQP-UHFFFAOYSA-N",Preclinical
golgicide-A,ARF inhibitor,GBF1,,,"Tocris, Tocris, Selleck, Selleck, Tocris",97.26,"Fc1cc(F)c2N[C@@H]([C@@H]3CC=C[C@@H]3c2c1)c1cccnc1 |a:8,12,&1:7,c:10|, Fc1cc(F)c2N[C@@H]([C@@H]3CC=C[C@@H]3c2c1)c1cccnc1 |a:8,12,&1:7,c:10|, Fc1cc(F)c2N[C@@H]([C@@H]3CC=C[C@@H]3c2c1)c1cccnc1 |a:8,12,&1:7,c:10|, Fc1cc(F)c2N[C@@H]([C@@H]3CC=C[C@@H]3c2c1)c1cccnc1 |a:8,12,&1:7,c:10|, Fc1cc(F)c2N[C@@H]([C@@H]3CC=C[C@@H]3c2c1)c1cccnc1 |a:8,12,&1:7,c:10|","NJZHEQOUHLZCOX-WOSRLPQWSA-N, NJZHEQOUHLZCOX-WOSRLPQWSA-N, NJZHEQOUHLZCOX-WOSRLPQWSA-N, NJZHEQOUHLZCOX-WOSRLPQWSA-N, NJZHEQOUHLZCOX-WOSRLPQWSA-N",Preclinical
golvatinib,VEGFR inhibitor,"KDR, MET",,,"MedChemEx, Selleck, Selleck, Selleck",97.57,"CN1CCN(CC1)C1CCN(CC1)C(=O)Nc1cc(Oc2ccc(NC(=O)C3(CC3)C(=O)Nc3ccc(F)cc3)c(F)c2)ccn1, CN1CCN(CC1)C1CCN(CC1)C(=O)Nc1cc(Oc2ccc(NC(=O)C3(CC3)C(=O)Nc3ccc(F)cc3)c(F)c2)ccn1, CN1CCN(CC1)C1CCN(CC1)C(=O)Nc1cc(Oc2ccc(NC(=O)C3(CC3)C(=O)Nc3ccc(F)cc3)c(F)c2)ccn1, CN1CCN(CC1)C1CCN(CC1)C(=O)Nc1cc(Oc2ccc(NC(=O)C3(CC3)C(=O)Nc3ccc(F)cc3)c(F)c2)ccn1","UQRCJCNVNUFYDX-UHFFFAOYSA-N, UQRCJCNVNUFYDX-UHFFFAOYSA-N, UQRCJCNVNUFYDX-UHFFFAOYSA-N, UQRCJCNVNUFYDX-UHFFFAOYSA-N",Phase 2
gonadorelin,gonadotropin releasing factor hormone receptor agonist,GNRHR,obstetrics/gynecology,"cystic ovaries, reproductive synchrony",MedChemEx,95.93,CC(C)C[C@H](NC(=O)CNC(=O)[C@H](Cc1ccc(O)cc1)NC(=O)[C@H](CO)NC(=O)[C@H](Cc1c[nH]c2ccccc12)NC(=O)[C@H](Cc1cnc[nH]1)NC(=O)[C@@H]1CCC(=O)N1)C(=O)N[C@@H](CCCNC(N)=N)C(=O)N1CCC[C@H]1C(=O)NCC(N)=O,XLXSAKCOAKORKW-AQJXLSMYSA-N,Launched
goserelin-acetate,gonadotropin releasing factor hormone receptor agonist,"GNRHR, LHCGR","oncology, obstetrics/gynecology","prostate cancer, breast cancer, endometriosis","Enzo, MedChemEx",97.19,"CC(C)C[C@H](NC(=O)[C@@H](COC(C)(C)C)NC(=O)[C@H](Cc1ccc(O)cc1)NC(=O)[C@H](CO)NC(=O)[C@H](Cc1c[nH]c2ccccc12)NC(=O)[C@H](Cc1cnc[nH]1)NC(=O)[C@@H]1CCC(=O)N1)C(=O)N[C@@H](CCCNC(N)=N)C(=O)N1CCC[C@H]1C(=O)NNC(N)=O, CC(C)C[C@H](NC(=O)[C@@H](COC(C)(C)C)NC(=O)[C@H](Cc1ccc(O)cc1)NC(=O)[C@H](CO)NC(=O)[C@H](Cc1c[nH]c2ccccc12)NC(=O)[C@H](Cc1cnc[nH]1)NC(=O)[C@@H]1CCC(=O)N1)C(=O)N[C@@H](CCCNC(N)=N)C(=O)N1CCC[C@H]1C(=O)NNC(N)=O","BLCLNMBMMGCOAS-URPVMXJPSA-N, BLCLNMBMMGCOAS-URPVMXJPSA-N",Launched
gossypol,"BCL inhibitor, MCL1 inhibitor",BCL2,,,"Tocris, Selleck, Tocris, Selleck, Selleck, Selleck, Selleck, Selleck",96.16,"CC(C)c1c(O)c(O)c(C=O)c2c(O)c(c(C)cc12)-c1c(C)cc2c(C(C)C)c(O)c(O)c(C=O)c2c1O, CC(C)c1c(O)c(O)c(C=O)c2c(O)c(c(C)cc12)-c1c(C)cc2c(C(C)C)c(O)c(O)c(C=O)c2c1O, CC(C)c1c(O)c(O)c(C=O)c2c(O)c(c(C)cc12)-c1c(C)cc2c(C(C)C)c(O)c(O)c(C=O)c2c1O, CC(C)c1c(O)c(O)c(C=O)c2c(O)c(c(C)cc12)-c1c(C)cc2c(C(C)C)c(O)c(O)c(C=O)c2c1O, CC(C)c1c(O)c(O)c(C=O)c2c(O)c(c(C)cc12)-c1c(C)cc2c(C(C)C)c(O)c(O)c(C=O)c2c1O, CC(C)c1c(O)c(O)c(C=O)c2c(O)c(c(C)cc12)-c1c(C)cc2c(C(C)C)c(O)c(O)c(C=O)c2c1O, CC(C)c1c(O)c(O)c(C=O)c2c(O)c(c(C)cc12)-c1c(C)cc2c(C(C)C)c(O)c(O)c(C=O)c2c1O, CC(C)c1c(O)c(O)c(C=O)c2c(O)c(c(C)cc12)-c1c(C)cc2c(C(C)C)c(O)c(O)c(C=O)c2c1O","QBKSWRVVCFFDOT-UHFFFAOYSA-N, QBKSWRVVCFFDOT-UHFFFAOYSA-N, QBKSWRVVCFFDOT-UHFFFAOYSA-N, QBKSWRVVCFFDOT-UHFFFAOYSA-N, QBKSWRVVCFFDOT-UHFFFAOYSA-N, QBKSWRVVCFFDOT-UHFFFAOYSA-N, QBKSWRVVCFFDOT-UHFFFAOYSA-N, QBKSWRVVCFFDOT-UHFFFAOYSA-N",Phase 2
GPBAR-A,G protein-coupled receptor agonist,GPBAR1,,,"Tocris, Tocris, Tocris",98.67,"Fc1ccccc1-c1ccnc2OCC(=O)N(Cc3cc(cc(c3)C(F)(F)F)C(F)(F)F)Cc12, Fc1ccccc1-c1ccnc2OCC(=O)N(Cc3cc(cc(c3)C(F)(F)F)C(F)(F)F)Cc12, Fc1ccccc1-c1ccnc2OCC(=O)N(Cc3cc(cc(c3)C(F)(F)F)C(F)(F)F)Cc12","ZIXNJVGTAXRKAP-UHFFFAOYSA-N, ZIXNJVGTAXRKAP-UHFFFAOYSA-N, ZIXNJVGTAXRKAP-UHFFFAOYSA-N",Preclinical
GPI-1046,FKBP inhibitor,FKBP1A,,,Key,97.78,CCC(C)(C)C(=O)C(=O)N1CCC[C@H]1C(=O)OCCCc1cccnc1,OQAHHWOPVDDWHD-INIZCTEOSA-N,Preclinical
GPi-688,glycogen phosphorylase inhibitor,,,,"Tocris, Tocris",96.63,"OC[C@H](O)CN1C(=O)[C@@H](Cc2ccccc12)NC(=O)c1cc2cc(Cl)sc2[nH]1 |a:2,&1:8|, OC[C@H](O)CN1C(=O)[C@@H](Cc2ccccc12)NC(=O)c1cc2cc(Cl)sc2[nH]1 |a:2,&1:8|","UICNBXVDHCBKCE-TZMCWYRMSA-N, UICNBXVDHCBKCE-TZMCWYRMSA-N",Preclinical
GPP-78,NAMPT inhibitor,NAMPT,,,"Tocris, Tocris, Tocris",98.04,"O=C(CCCCCCCn1cc(nn1)-c1cccnc1)Nc1ccccc1-c1ccccc1, O=C(CCCCCCCn1cc(nn1)-c1cccnc1)Nc1ccccc1-c1ccccc1, O=C(CCCCCCCn1cc(nn1)-c1cccnc1)Nc1ccccc1-c1ccccc1","SJOLTIOPWDLDEB-UHFFFAOYSA-N, SJOLTIOPWDLDEB-UHFFFAOYSA-N, SJOLTIOPWDLDEB-UHFFFAOYSA-N",Preclinical
GPR120-modulator-1,G protein-coupled receptor modulator,FFAR4,,,MedChemEx,96.16,Cc1cc(OCc2nc(cs2)-c2ccccc2Cl)ccc1OCC(O)=O,FONSSTYHKIFEBM-UHFFFAOYSA-N,Preclinical
GP1a,cannabinoid receptor agonist,CNR2,,,"Tocris, Tocris, Tocris, Tocris, Tocris, SantaCruz",98,"Cc1ccc-2c(Cc3c(nn(c-23)-c2ccc(Cl)cc2Cl)C(=O)NN2CCCCC2)c1, Cc1ccc-2c(Cc3c(nn(c-23)-c2ccc(Cl)cc2Cl)C(=O)NN2CCCCC2)c1, Cc1ccc-2c(Cc3c(nn(c-23)-c2ccc(Cl)cc2Cl)C(=O)NN2CCCCC2)c1, Cc1ccc-2c(Cc3c(nn(c-23)-c2ccc(Cl)cc2Cl)C(=O)NN2CCCCC2)c1, Cc1ccc-2c(Cc3c(nn(c-23)-c2ccc(Cl)cc2Cl)C(=O)NN2CCCCC2)c1, Cc1ccc-2c(Cc3c(nn(c-23)-c2ccc(Cl)cc2Cl)C(=O)NN2CCCCC2)c1","FNOMTMVRTBHRET-UHFFFAOYSA-N, FNOMTMVRTBHRET-UHFFFAOYSA-N, FNOMTMVRTBHRET-UHFFFAOYSA-N, FNOMTMVRTBHRET-UHFFFAOYSA-N, FNOMTMVRTBHRET-UHFFFAOYSA-N, FNOMTMVRTBHRET-UHFFFAOYSA-N",Preclinical
GP2a,cannabinoid receptor agonist,CNR2,,,"Tocris, Tocris, Tocris",98.57,"Cc1ccc-2c(Cc3c(nn(c-23)-c2ccc(Cl)cc2Cl)C(=O)NC2CCCCC2)c1, Cc1ccc-2c(Cc3c(nn(c-23)-c2ccc(Cl)cc2Cl)C(=O)NC2CCCCC2)c1, Cc1ccc-2c(Cc3c(nn(c-23)-c2ccc(Cl)cc2Cl)C(=O)NC2CCCCC2)c1","SPEFJYZGXZENAF-UHFFFAOYSA-N, SPEFJYZGXZENAF-UHFFFAOYSA-N, SPEFJYZGXZENAF-UHFFFAOYSA-N",Preclinical
GR-103691,dopamine receptor antagonist,DRD3,,,"Tocris, Tocris",93.2,"COc1ccccc1N1CCN(CCCCNC(=O)c2ccc(cc2)-c2ccc(cc2)C(C)=O)CC1, COc1ccccc1N1CCN(CCCCNC(=O)c2ccc(cc2)-c2ccc(cc2)C(C)=O)CC1","JARNORYOPMINDY-UHFFFAOYSA-N, JARNORYOPMINDY-UHFFFAOYSA-N",Preclinical
GR-113808,serotonin receptor antagonist,HTR4,,,"Tocris, Tocris",96.58,"Cn1cc(C(=O)OCC2CCN(CCNS(C)(=O)=O)CC2)c2ccccc12, Cn1cc(C(=O)OCC2CCN(CCNS(C)(=O)=O)CC2)c2ccccc12","MOZPSIXKYJUTKI-UHFFFAOYSA-N, MOZPSIXKYJUTKI-UHFFFAOYSA-N",Preclinical
GR-127935,serotonin receptor antagonist,"HTR1A, HTR1B, HTR1D, HTR1E, HTR1F, HTR2A, HTR2B, HTR2C, HTR6",,,"Tocris, Tocris, Tocris, Tocris, Tocris",98.3,"COc1ccc(NC(=O)c2ccc(cc2)-c2ccc(cc2C)-c2noc(C)n2)cc1N1CCN(C)CC1, COc1ccc(NC(=O)c2ccc(cc2)-c2ccc(cc2C)-c2noc(C)n2)cc1N1CCN(C)CC1, COc1ccc(NC(=O)c2ccc(cc2)-c2ccc(cc2C)-c2noc(C)n2)cc1N1CCN(C)CC1, COc1ccc(NC(=O)c2ccc(cc2)-c2ccc(cc2C)-c2noc(C)n2)cc1N1CCN(C)CC1, COc1ccc(NC(=O)c2ccc(cc2)-c2ccc(cc2C)-c2noc(C)n2)cc1N1CCN(C)CC1","YDBCEBYHYKAFRX-UHFFFAOYSA-N, YDBCEBYHYKAFRX-UHFFFAOYSA-N, YDBCEBYHYKAFRX-UHFFFAOYSA-N, YDBCEBYHYKAFRX-UHFFFAOYSA-N, YDBCEBYHYKAFRX-UHFFFAOYSA-N",Preclinical
GR-135531,melatonin receptor agonist,,,,"Tocris, Tocris",90.72,"COC(=O)Nc1ccc2[nH]cc(CCNC(C)=O)c2c1, COC(=O)Nc1ccc2[nH]cc(CCNC(C)=O)c2c1","MPZVHKLZCUEJFO-UHFFFAOYSA-N, MPZVHKLZCUEJFO-UHFFFAOYSA-N",Preclinical
GR-144053,integrin antagonist,"ITGA2B, ITGB3",,,"Tocris, Tocris, Tocris",94.59,"NC(=N)c1ccc(cc1)N1CCN(CC1)C1CCN(CC(O)=O)CC1, NC(=N)c1ccc(cc1)N1CCN(CC1)C1CCN(CC(O)=O)CC1, NC(=N)c1ccc(cc1)N1CCN(CC1)C1CCN(CC(O)=O)CC1","QGEGSJUSWLLZLH-UHFFFAOYSA-N, QGEGSJUSWLLZLH-UHFFFAOYSA-N, QGEGSJUSWLLZLH-UHFFFAOYSA-N",Preclinical
GR-159897,tachykinin antagonist,"TAC1, TACR2",,,"Tocris, Tocris, Tocris, Tocris, Tocris",95.15,"COC1(C[S@@](=O)c2ccccc2)CCN(CCc2c[nH]c3ccc(F)cc23)CC1, COC1(C[S@@](=O)c2ccccc2)CCN(CCc2c[nH]c3ccc(F)cc23)CC1, COC1(C[S@@](=O)c2ccccc2)CCN(CCc2c[nH]c3ccc(F)cc23)CC1, COC1(C[S@@](=O)c2ccccc2)CCN(CCc2c[nH]c3ccc(F)cc23)CC1, COC1(C[S@@](=O)c2ccccc2)CCN(CCc2c[nH]c3ccc(F)cc23)CC1","BANYJBHWTOJQDU-GDLZYMKVSA-N, BANYJBHWTOJQDU-GDLZYMKVSA-N, BANYJBHWTOJQDU-GDLZYMKVSA-N, BANYJBHWTOJQDU-GDLZYMKVSA-N, BANYJBHWTOJQDU-GDLZYMKVSA-N",Preclinical
GR-235,"estrogen receptor agonist, FXR antagonist, progesterone receptor agonist",NR1H4,,,Tocris,51.94,[H][C@@]12CC(=O)C(=CC)[C@@]1(C)CC[C@@]1([H])[C@@]2([H])CCC2=CC(=O)CC[C@]12C |t:20|,WDXRGPWQVHZTQJ-NRJJLHBYSA-N,Launched
GR-79236,adenosine receptor agonist,"ADORA1, ADORA2A",,,"Tocris, Tocris, Tocris",98.53,"OC[C@H]1O[C@H]([C@H](O)[C@@H]1O)n1cnc2c(N[C@H]3CCC[C@@H]3O)ncnc12, OC[C@H]1O[C@H]([C@H](O)[C@@H]1O)n1cnc2c(N[C@H]3CCC[C@@H]3O)ncnc12, OC[C@H]1O[C@H]([C@H](O)[C@@H]1O)n1cnc2c(N[C@H]3CCC[C@@H]3O)ncnc12","GYWXTRVEUURNEW-TVDBPQCTSA-N, GYWXTRVEUURNEW-TVDBPQCTSA-N, GYWXTRVEUURNEW-TVDBPQCTSA-N",Phase 1
gramicidin,bacterial permeability inducer,,infectious disease,first-aid antibiotic,Enzo,50.33,CC(C)C[C@@H](NC(=O)[C@H](C)NC(=O)CNC(=O)[C@@H](NC=O)C(C)C)C(=O)N[C@@H](C)C(=O)N[C@H](C(C)C)C(=O)N[C@@H](C(C)C)C(=O)N[C@H](C(C)C)C(=O)N[C@@H](Cc1c[nH]c2ccccc12)C(=O)N[C@H](CC(C)C)C(=O)N[C@@H](Cc1c[nH]c2ccccc12)C(=O)N[C@H](CC(C)C)C(=O)N[C@@H](Cc1c[nH]c2ccccc12)C(=O)N[C@H](CC(C)C)C(=O)N[C@@H](Cc1c[nH]c2ccccc12)C(=O)NCCO,ZWCXYZRRTRDGQE-LUPIJMBPSA-N,Launched
gramine,norepinephrine reputake inhibitor,,,,Selleck,90.98,CN(C)Cc1c[nH]c2ccccc12,OCDGBSUVYYVKQZ-UHFFFAOYSA-N,Preclinical
granisetron,serotonin receptor antagonist,HTR3A,gastroenterology,"nausea, vomiting","MicroSource, Selleck",97.08,"CN1[C@H]2CCC[C@@H]1C[C@@H](C2)NC(=O)c1nn(C)c2ccccc12 |&1:2,&2:6,&3:8|, CN1[C@H]2CCC[C@@H]1C[C@@H](C2)NC(=O)c1nn(C)c2ccccc12 |&1:2,&2:6,&3:8|","MFWNKCLOYSRHCJ-BTTYYORXSA-N, MFWNKCLOYSRHCJ-BTTYYORXSA-N",Launched
grapiprant,prostaglandin inhibitor,PTGER4,rheumatology,osteoarthritis,"MedChemEx, MedChemEx",96.45,"CCc1nc2c(C)nc(C)cc2n1-c1ccc(CCNC(=O)NS(=O)(=O)c2ccc(C)cc2)cc1, CCc1nc2c(C)nc(C)cc2n1-c1ccc(CCNC(=O)NS(=O)(=O)c2ccc(C)cc2)cc1","HZVLFTCYCLXTGV-UHFFFAOYSA-N, HZVLFTCYCLXTGV-UHFFFAOYSA-N",Launched
grazoprevir,HCV inhibitor,,infectious disease,hepatitis C,"MedChemEx, MedChemEx, MedChemEx, MedChemEx, MedChemEx",98.97,"COc1ccc2nc3CCCCC[C@@H]4C[C@H]4OC(=O)N[C@H](C(=O)N4C[C@@H](C[C@H]4C(=O)N[C@@]4(C[C@H]4C=C)C(=O)NS(=O)(=O)C4CC4)Oc3nc2c1)C(C)(C)C, COc1ccc2nc3CCCCC[C@@H]4C[C@H]4OC(=O)N[C@H](C(=O)N4C[C@@H](C[C@H]4C(=O)N[C@@]4(C[C@H]4C=C)C(=O)NS(=O)(=O)C4CC4)Oc3nc2c1)C(C)(C)C, COc1ccc2nc3CCCCC[C@@H]4C[C@H]4OC(=O)N[C@H](C(=O)N4C[C@@H](C[C@H]4C(=O)N[C@@]4(C[C@H]4C=C)C(=O)NS(=O)(=O)C4CC4)Oc3nc2c1)C(C)(C)C, COc1ccc2nc3CCCCC[C@@H]4C[C@H]4OC(=O)N[C@H](C(=O)N4C[C@@H](C[C@H]4C(=O)N[C@@]4(C[C@H]4C=C)C(=O)NS(=O)(=O)C4CC4)Oc3nc2c1)C(C)(C)C, COc1ccc2nc3CCCCC[C@@H]4C[C@H]4OC(=O)N[C@H](C(=O)N4C[C@@H](C[C@H]4C(=O)N[C@@]4(C[C@H]4C=C)C(=O)NS(=O)(=O)C4CC4)Oc3nc2c1)C(C)(C)C","OBMNJSNZOWALQB-NCQNOWPTSA-N, OBMNJSNZOWALQB-NCQNOWPTSA-N, OBMNJSNZOWALQB-NCQNOWPTSA-N, OBMNJSNZOWALQB-NCQNOWPTSA-N, OBMNJSNZOWALQB-NCQNOWPTSA-N",Launched
griseofulvin,tubulin polymerization inhibitor,KRT12,infectious disease,"ringworm, tinea pedis","MicroSource, MicroSource, Selleck",95.44,"COC1=CC(=O)C[C@@H](C)[C@]11Oc2c(C1=O)c(OC)cc(OC)c2Cl |t:2|, COC1=CC(=O)C[C@@H](C)[C@]11Oc2c(C1=O)c(OC)cc(OC)c2Cl |t:2|, COC1=CC(=O)C[C@@H](C)[C@]11Oc2c(C1=O)c(OC)cc(OC)c2Cl |t:2|","DDUHZTYCFQRHIY-RBHXEPJQSA-N, DDUHZTYCFQRHIY-RBHXEPJQSA-N, DDUHZTYCFQRHIY-RBHXEPJQSA-N",Launched
GR125487,serotonin receptor antagonist,HTR4,,,"Tocris, Tocris, Tocris, Tocris",98.3,"COc1[nH]c2ccc(F)cc2c1C(=O)OCC1CCN(CCNS(C)(=O)=O)CC1, COc1[nH]c2ccc(F)cc2c1C(=O)OCC1CCN(CCNS(C)(=O)=O)CC1, COc1[nH]c2ccc(F)cc2c1C(=O)OCC1CCN(CCNS(C)(=O)=O)CC1, COc1[nH]c2ccc(F)cc2c1C(=O)OCC1CCN(CCNS(C)(=O)=O)CC1","SSPCCAYAIDNNJX-UHFFFAOYSA-N, SSPCCAYAIDNNJX-UHFFFAOYSA-N, SSPCCAYAIDNNJX-UHFFFAOYSA-N, SSPCCAYAIDNNJX-UHFFFAOYSA-N",Preclinical
GR46611,serotonin receptor agonist,HTR1D,,,"Tocris, Tocris, Tocris, Tocris",97.7,"COc1ccc(CNC(=O)\C=C\c2ccc3[nH]cc(CCN(C)C)c3c2)cc1, COc1ccc(CNC(=O)\C=C\c2ccc3[nH]cc(CCN(C)C)c3c2)cc1, COc1ccc(CNC(=O)\C=C\c2ccc3[nH]cc(CCN(C)C)c3c2)cc1, COc1ccc(CNC(=O)\C=C\c2ccc3[nH]cc(CCN(C)C)c3c2)cc1","LBVZWEWTNUDWNS-YRNVUSSQSA-N, LBVZWEWTNUDWNS-YRNVUSSQSA-N, LBVZWEWTNUDWNS-YRNVUSSQSA-N, LBVZWEWTNUDWNS-YRNVUSSQSA-N",Preclinical
GS-143,ubiquitin ligase inhibitor,"BTRC, NFKBIA",,,"Tocris, Tocris, Tocris, Tocris",75.7,"OC(=O)c1ccc(cc1)N1N=C(Cc2ccccc2)\C(=C/c2ccc(o2)-c2ccccc2F)C1=O |t:11|, OC(=O)c1ccc(cc1)N1N=C(Cc2ccccc2)\C(=C/c2ccc(o2)-c2ccccc2F)C1=O |t:11|, OC(=O)c1ccc(cc1)N1N=C(Cc2ccccc2)\C(=C/c2ccc(o2)-c2ccccc2F)C1=O |t:11|, OC(=O)c1ccc(cc1)N1N=C(Cc2ccccc2)\C(=C/c2ccc(o2)-c2ccccc2F)C1=O |t:11|","IZPMWFSVTDOCDI-HAVVHWLPSA-N, IZPMWFSVTDOCDI-HAVVHWLPSA-N, IZPMWFSVTDOCDI-HAVVHWLPSA-N, IZPMWFSVTDOCDI-HAVVHWLPSA-N",Preclinical
GS-39783,GABA receptor modulator,GABBR1,,,"Tocris, Tocris, Tocris",98.14,"CSc1nc(NC2CCCC2)c(c(NC2CCCC2)n1)[N+]([O-])=O, CSc1nc(NC2CCCC2)c(c(NC2CCCC2)n1)[N+]([O-])=O, CSc1nc(NC2CCCC2)c(c(NC2CCCC2)n1)[N+]([O-])=O","GSGVDKOCBKBMGG-UHFFFAOYSA-N, GSGVDKOCBKBMGG-UHFFFAOYSA-N, GSGVDKOCBKBMGG-UHFFFAOYSA-N",Preclinical
GS-6201,adenosine receptor antagonist,"ADORA1, ADORA2A, ADORA2B, ADORA3",,,"Tocris, Tocris, Tocris",99.12,"CCCn1c(=O)n(CC)c2nc([nH]c2c1=O)-c1cnn(Cc2cccc(c2)C(F)(F)F)c1, CCCn1c(=O)n(CC)c2nc([nH]c2c1=O)-c1cnn(Cc2cccc(c2)C(F)(F)F)c1, CCCn1c(=O)n(CC)c2nc([nH]c2c1=O)-c1cnn(Cc2cccc(c2)C(F)(F)F)c1","KOYXXLLNCXWUNF-UHFFFAOYSA-N, KOYXXLLNCXWUNF-UHFFFAOYSA-N, KOYXXLLNCXWUNF-UHFFFAOYSA-N",Phase 1
GS-9620,toll-like receptor agonist,TLR7,,,"MedChemEx, MedChemEx",86.83,"CCCCOc1nc(N)c2NC(=O)CN(Cc3cccc(CN4CCCC4)c3)c2n1, CCCCOc1nc(N)c2NC(=O)CN(Cc3cccc(CN4CCCC4)c3)c2n1","VFOKSTCIRGDTBR-UHFFFAOYSA-N, VFOKSTCIRGDTBR-UHFFFAOYSA-N",Phase 2
GS-967,voltage-gated sodium channel blocker,,,,Adooq,92.97,FC(F)(F)Oc1ccc(cc1)-c1ccc2nnc(n2c1)C(F)(F)F,FEVBKJITJDHASC-UHFFFAOYSA-N,Preclinical
GS-9973,SYK inhibitor,SYK,,,"MedChemEx, MedChemEx, Selleck, MedChemEx, MedChemEx, Selleck, Selleck, Selleck",95.21,"C1CN(CCO1)c1ccc(Nc2nc(cn3ccnc23)-c2ccc3c[nH]nc3c2)cc1, C1CN(CCO1)c1ccc(Nc2nc(cn3ccnc23)-c2ccc3c[nH]nc3c2)cc1, C1CN(CCO1)c1ccc(Nc2nc(cn3ccnc23)-c2ccc3c[nH]nc3c2)cc1, C1CN(CCO1)c1ccc(Nc2nc(cn3ccnc23)-c2ccc3c[nH]nc3c2)cc1, C1CN(CCO1)c1ccc(Nc2nc(cn3ccnc23)-c2ccc3c[nH]nc3c2)cc1, C1CN(CCO1)c1ccc(Nc2nc(cn3ccnc23)-c2ccc3c[nH]nc3c2)cc1, C1CN(CCO1)c1ccc(Nc2nc(cn3ccnc23)-c2ccc3c[nH]nc3c2)cc1, C1CN(CCO1)c1ccc(Nc2nc(cn3ccnc23)-c2ccc3c[nH]nc3c2)cc1","XSMSNFMDVXXHGJ-UHFFFAOYSA-N, XSMSNFMDVXXHGJ-UHFFFAOYSA-N, XSMSNFMDVXXHGJ-UHFFFAOYSA-N, XSMSNFMDVXXHGJ-UHFFFAOYSA-N, XSMSNFMDVXXHGJ-UHFFFAOYSA-N, XSMSNFMDVXXHGJ-UHFFFAOYSA-N, XSMSNFMDVXXHGJ-UHFFFAOYSA-N, XSMSNFMDVXXHGJ-UHFFFAOYSA-N",Phase 2
GSK-J1,histone demethylase inhibitor,KDM6B,,,"MedChemEx, MedChemEx, Tocris",94.8,"OC(=O)CCNc1cc(nc(n1)-c1ccccn1)N1CCc2ccccc2CC1, OC(=O)CCNc1cc(nc(n1)-c1ccccn1)N1CCc2ccccc2CC1, OC(=O)CCNc1cc(nc(n1)-c1ccccn1)N1CCc2ccccc2CC1","AVZCPICCWKMZDT-UHFFFAOYSA-N, AVZCPICCWKMZDT-UHFFFAOYSA-N, AVZCPICCWKMZDT-UHFFFAOYSA-N",Preclinical
GSK-J2,histone demethylase inhibitor,,,,"Tocris, MedChemEx, MedChemEx",95.52,"OC(=O)CCNc1cc(nc(n1)-c1cccnc1)N1CCc2ccccc2CC1, OC(=O)CCNc1cc(nc(n1)-c1cccnc1)N1CCc2ccccc2CC1, OC(=O)CCNc1cc(nc(n1)-c1cccnc1)N1CCc2ccccc2CC1","LJIFOCRGDDQFJF-UHFFFAOYSA-N, LJIFOCRGDDQFJF-UHFFFAOYSA-N, LJIFOCRGDDQFJF-UHFFFAOYSA-N",Preclinical
GSK-J4,histone lysine demethylase inhibitor,"KDM6A, KDM6B",,,"Tocris, Tocris, Selleck, Selleck, Selleck, Selleck, Selleck, Selleck",95.75,"CCOC(=O)CCNc1cc(nc(n1)-c1ccccn1)N1CCc2ccccc2CC1, CCOC(=O)CCNc1cc(nc(n1)-c1ccccn1)N1CCc2ccccc2CC1, CCOC(=O)CCNc1cc(nc(n1)-c1ccccn1)N1CCc2ccccc2CC1, CCOC(=O)CCNc1cc(nc(n1)-c1ccccn1)N1CCc2ccccc2CC1, CCOC(=O)CCNc1cc(nc(n1)-c1ccccn1)N1CCc2ccccc2CC1, CCOC(=O)CCNc1cc(nc(n1)-c1ccccn1)N1CCc2ccccc2CC1, CCOC(=O)CCNc1cc(nc(n1)-c1ccccn1)N1CCc2ccccc2CC1, CCOC(=O)CCNc1cc(nc(n1)-c1ccccn1)N1CCc2ccccc2CC1","WBKCKEHGXNWYMO-UHFFFAOYSA-N, WBKCKEHGXNWYMO-UHFFFAOYSA-N, WBKCKEHGXNWYMO-UHFFFAOYSA-N, WBKCKEHGXNWYMO-UHFFFAOYSA-N, WBKCKEHGXNWYMO-UHFFFAOYSA-N, WBKCKEHGXNWYMO-UHFFFAOYSA-N, WBKCKEHGXNWYMO-UHFFFAOYSA-N, WBKCKEHGXNWYMO-UHFFFAOYSA-N",Preclinical
GSK-J5,histone demethylase control,,,,"Tocris, Tocris",95.18,"CCOC(=O)CCNc1cc(nc(n1)-c1cccnc1)N1CCc2ccccc2CC1, CCOC(=O)CCNc1cc(nc(n1)-c1cccnc1)N1CCc2ccccc2CC1","LQPGVGSKBNXQDU-UHFFFAOYSA-N, LQPGVGSKBNXQDU-UHFFFAOYSA-N",Preclinical
GSK-LSD-1,histone lysine demethylase inhibitor,KDM1A,,,"Tocris, Cayman",94.74,"C1[C@@H](NC2CCNCC2)[C@@H]1c1ccccc1, C1[C@@H](NC2CCNCC2)[C@@H]1c1ccccc1","BASFYRLYJAZPPL-UONOGXRCSA-N, InChI=1S/C14H20N2/c1-2-4-11(5-3-1)13-10-14(13)16-12-6-8-15-9-7-12/h1-5,12-16H,6-10H2/t13-,14+/m0/s1",Preclinical
GSK-3-inhibitor-IX,"glycogen synthase kinase inhibitor, lipoxygenase inhibitor","GSK3A, GSK3B",,,"Tocris, Tocris, Tocris, Tocris, Selleck, Selleck, Selleck, Selleck, Selleck",96.66,"O\N=C1/C(/Nc2ccccc/12)=C1/C(=O)Nc2cc(Br)ccc12, O\N=C1/C(/Nc2ccccc/12)=C1/C(=O)Nc2cc(Br)ccc12, O\N=C1/C(/Nc2ccccc/12)=C1/C(=O)Nc2cc(Br)ccc12, O\N=C1/C(/Nc2ccccc/12)=C1/C(=O)Nc2cc(Br)ccc12, O\N=C1/C(/Nc2ccccc/12)=C1/C(=O)Nc2cc(Br)ccc12, O\N=C1/C(/Nc2ccccc/12)=C1/C(=O)Nc2cc(Br)ccc12, O\N=C1/C(/Nc2ccccc/12)=C1/C(=O)Nc2cc(Br)ccc12, O\N=C1/C(/Nc2ccccc/12)=C1/C(=O)Nc2cc(Br)ccc12, O\N=C1/C(/Nc2ccccc/12)=C1/C(=O)Nc2cc(Br)ccc12","DDLZLOKCJHBUHD-UJZLGWIISA-N, DDLZLOKCJHBUHD-UJZLGWIISA-N, DDLZLOKCJHBUHD-UJZLGWIISA-N, DDLZLOKCJHBUHD-UJZLGWIISA-N, DDLZLOKCJHBUHD-UJZLGWIISA-N, DDLZLOKCJHBUHD-UJZLGWIISA-N, DDLZLOKCJHBUHD-UJZLGWIISA-N, DDLZLOKCJHBUHD-UJZLGWIISA-N, DDLZLOKCJHBUHD-UJZLGWIISA-N",Preclinical
GSK0660,PPAR receptor antagonist,PPARD,,,"Tocris, Tocris, Tocris",96.98,"COC(=O)c1sccc1S(=O)(=O)Nc1ccc(Nc2ccccc2)cc1OC, COC(=O)c1sccc1S(=O)(=O)Nc1ccc(Nc2ccccc2)cc1OC, COC(=O)c1sccc1S(=O)(=O)Nc1ccc(Nc2ccccc2)cc1OC","NDFKBGWLUHKMFY-UHFFFAOYSA-N, NDFKBGWLUHKMFY-UHFFFAOYSA-N, NDFKBGWLUHKMFY-UHFFFAOYSA-N",Preclinical
GSK1059615,PI3K inhibitor,PIK3CG,,,"Selleck, Selleck, Selleck",82.73,"O=C1NC(=O)\C(S1)=C\c1ccc2nccc(-c3ccncc3)c2c1, O=C1NC(=O)\C(S1)=C\c1ccc2nccc(-c3ccncc3)c2c1, O=C1NC(=O)\C(S1)=C\c1ccc2nccc(-c3ccncc3)c2c1","QDITZBLZQQZVEE-YBEGLDIGSA-N, QDITZBLZQQZVEE-YBEGLDIGSA-N, QDITZBLZQQZVEE-YBEGLDIGSA-N",Phase 1
GSK1070916,Aurora kinase inhibitor,"AURKA, AURKB, AURKC, CYP2D6, CYP3A4",,,"MedChemEx, Selleck, Selleck, Selleck",96.68,"CCn1cc(c(n1)-c1ccc(NC(=O)N(C)C)cc1)-c1ccnc2[nH]c(cc12)-c1cccc(CN(C)C)c1, CCn1cc(c(n1)-c1ccc(NC(=O)N(C)C)cc1)-c1ccnc2[nH]c(cc12)-c1cccc(CN(C)C)c1, CCn1cc(c(n1)-c1ccc(NC(=O)N(C)C)cc1)-c1ccnc2[nH]c(cc12)-c1cccc(CN(C)C)c1, CCn1cc(c(n1)-c1ccc(NC(=O)N(C)C)cc1)-c1ccnc2[nH]c(cc12)-c1cccc(CN(C)C)c1","QTBWCSQGBMPECM-UHFFFAOYSA-N, QTBWCSQGBMPECM-UHFFFAOYSA-N, QTBWCSQGBMPECM-UHFFFAOYSA-N, QTBWCSQGBMPECM-UHFFFAOYSA-N",Phase 1
GSK1292263,glucose dependent insulinotropic receptor agonist,GRPR,,,"MedChemEx, Selleck",97.16,"CC(C)c1noc(n1)N1CCC(COc2ccc(nc2)-c2ccc(cc2)S(C)(=O)=O)CC1, CC(C)c1noc(n1)N1CCC(COc2ccc(nc2)-c2ccc(cc2)S(C)(=O)=O)CC1","AYJRTVVIBJSSKN-UHFFFAOYSA-N, AYJRTVVIBJSSKN-UHFFFAOYSA-N",Phase 2
GSK1562590,urotensin receptor antagonist,UTS2R,,,"Tocris, Tocris",96.68,"CN([C@@H](CN1CCCC1)c1ccc(cc1)-c1cccc(c1)C(N)=O)C(=O)CN1C(=O)COc2cc(Cl)c(Cl)cc12, CN([C@@H](CN1CCCC1)c1ccc(cc1)-c1cccc(c1)C(N)=O)C(=O)CN1C(=O)COc2cc(Cl)c(Cl)cc12","QDUMEBKFKOODFN-SANMLTNESA-N, QDUMEBKFKOODFN-SANMLTNESA-N",Preclinical
GSK163090,serotonin receptor antagonist,"HTR1A, HTR1B, HTR1D",,,"MedChemEx, MedChemEx",98.29,"Cc1ccc2c(cccc2n1)N1CCN(CCc2cccc(c2)N2CCNC2=O)CC1, Cc1ccc2c(cccc2n1)N1CCN(CCc2cccc(c2)N2CCNC2=O)CC1","ANGUXJDGJCHGOG-UHFFFAOYSA-N, ANGUXJDGJCHGOG-UHFFFAOYSA-N",Phase 2
GSK1838705A,insulin growth factor receptor inhibitor,"ALK, IGF1R, INSR, RPS6KA1",,,"Tocris, Tocris, Selleck, Selleck, Selleck, Selleck, Selleck",94.21,"CNC(=O)c1c(F)cccc1Nc1nc(Nc2cc3N(CCc3cc2OC)C(=O)CN(C)C)nc2[nH]ccc12, CNC(=O)c1c(F)cccc1Nc1nc(Nc2cc3N(CCc3cc2OC)C(=O)CN(C)C)nc2[nH]ccc12, CNC(=O)c1c(F)cccc1Nc1nc(Nc2cc3N(CCc3cc2OC)C(=O)CN(C)C)nc2[nH]ccc12, CNC(=O)c1c(F)cccc1Nc1nc(Nc2cc3N(CCc3cc2OC)C(=O)CN(C)C)nc2[nH]ccc12, CNC(=O)c1c(F)cccc1Nc1nc(Nc2cc3N(CCc3cc2OC)C(=O)CN(C)C)nc2[nH]ccc12, CNC(=O)c1c(F)cccc1Nc1nc(Nc2cc3N(CCc3cc2OC)C(=O)CN(C)C)nc2[nH]ccc12, CNC(=O)c1c(F)cccc1Nc1nc(Nc2cc3N(CCc3cc2OC)C(=O)CN(C)C)nc2[nH]ccc12","HZTYDQRUAWIZRE-UHFFFAOYSA-N, HZTYDQRUAWIZRE-UHFFFAOYSA-N, HZTYDQRUAWIZRE-UHFFFAOYSA-N, HZTYDQRUAWIZRE-UHFFFAOYSA-N, HZTYDQRUAWIZRE-UHFFFAOYSA-N, HZTYDQRUAWIZRE-UHFFFAOYSA-N, HZTYDQRUAWIZRE-UHFFFAOYSA-N",Preclinical
GSK189254,histamine receptor antagonist,,,,MedChemEx,96.08,CNC(=O)c1ccc(Oc2ccc3CCN(CCc3c2)C2CCC2)nc1,WROHEWWOCPRMIA-UHFFFAOYSA-N,Phase 2
GSK1904529A,"IGF-1 inhibitor, insulin growth factor receptor inhibitor, insulin receptor ligand","IGF1R, INSR",,,"MedChemEx, Selleck, Selleck",93.76,"CCc1cc(Nc2nccc(n2)-c2c(nc3ccccn23)-c2ccc(OC)c(c2)C(=O)Nc2c(F)cccc2F)c(OC)cc1N1CCC(CC1)N1CCN(CC1)S(C)(=O)=O, CCc1cc(Nc2nccc(n2)-c2c(nc3ccccn23)-c2ccc(OC)c(c2)C(=O)Nc2c(F)cccc2F)c(OC)cc1N1CCC(CC1)N1CCN(CC1)S(C)(=O)=O, CCc1cc(Nc2nccc(n2)-c2c(nc3ccccn23)-c2ccc(OC)c(c2)C(=O)Nc2c(F)cccc2F)c(OC)cc1N1CCC(CC1)N1CCN(CC1)S(C)(=O)=O","MOSKATHMXWSZTQ-UHFFFAOYSA-N, MOSKATHMXWSZTQ-UHFFFAOYSA-N, MOSKATHMXWSZTQ-UHFFFAOYSA-N",Preclinical
GSK2110183,AKT inhibitor,"AKT1, AKT2, AKT3",,,"MedChemEx, MedChemEx, MedChemEx, MedChemEx, MedChemEx",86.22,"Cn1ncc(Cl)c1-c1cc(sc1Cl)C(=O)N[C@H](CN)Cc1cccc(F)c1, Cn1ncc(Cl)c1-c1cc(sc1Cl)C(=O)N[C@H](CN)Cc1cccc(F)c1, Cn1ncc(Cl)c1-c1cc(sc1Cl)C(=O)N[C@H](CN)Cc1cccc(F)c1, Cn1ncc(Cl)c1-c1cc(sc1Cl)C(=O)N[C@H](CN)Cc1cccc(F)c1, Cn1ncc(Cl)c1-c1cc(sc1Cl)C(=O)N[C@H](CN)Cc1cccc(F)c1","AFJRDFWMXUECEW-LBPRGKRZSA-N, AFJRDFWMXUECEW-LBPRGKRZSA-N, AFJRDFWMXUECEW-LBPRGKRZSA-N, AFJRDFWMXUECEW-LBPRGKRZSA-N, AFJRDFWMXUECEW-LBPRGKRZSA-N",Phase 2
GSK2126458,"mTOR inhibitor, PI3K inhibitor","MTOR, PIK3CA, PIK3CB, PIK3CD, PIK3CG",,,"MedChemEx, MedChemEx, Selleck, Selleck, Selleck, Selleck, Selleck",97.23,"COc1ncc(cc1NS(=O)(=O)c1ccc(F)cc1F)-c1ccc2nccc(-c3ccnnc3)c2c1, COc1ncc(cc1NS(=O)(=O)c1ccc(F)cc1F)-c1ccc2nccc(-c3ccnnc3)c2c1, COc1ncc(cc1NS(=O)(=O)c1ccc(F)cc1F)-c1ccc2nccc(-c3ccnnc3)c2c1, COc1ncc(cc1NS(=O)(=O)c1ccc(F)cc1F)-c1ccc2nccc(-c3ccnnc3)c2c1, COc1ncc(cc1NS(=O)(=O)c1ccc(F)cc1F)-c1ccc2nccc(-c3ccnnc3)c2c1, COc1ncc(cc1NS(=O)(=O)c1ccc(F)cc1F)-c1ccc2nccc(-c3ccnnc3)c2c1, COc1ncc(cc1NS(=O)(=O)c1ccc(F)cc1F)-c1ccc2nccc(-c3ccnnc3)c2c1","CGBJSGAELGCMKE-UHFFFAOYSA-N, CGBJSGAELGCMKE-UHFFFAOYSA-N, CGBJSGAELGCMKE-UHFFFAOYSA-N, CGBJSGAELGCMKE-UHFFFAOYSA-N, CGBJSGAELGCMKE-UHFFFAOYSA-N, CGBJSGAELGCMKE-UHFFFAOYSA-N, CGBJSGAELGCMKE-UHFFFAOYSA-N",Phase 1
GSK2190915,lipoxygenase inhibitor,ALOX5AP,,,MedChemEx,97.5,CCOc1ccc(cn1)-c1ccc(Cn2c(CC(C)(C)C(O)=O)c(SC(C)(C)C)c3cc(OCc4ccc(C)cn4)ccc23)cc1,DFQGDHBGRSTTHX-UHFFFAOYSA-N,Phase 2
GSK2193874,transient receptor potential channel antagonist,TRPV4,,,"Tocris, Tocris, Tocris",98.2,"FC(F)(F)c1cccc(c1)-c1nc2cc(Br)ccc2c(C(=O)NC2(CC2)c2ccccc2)c1CN1CCC(CC1)N1CCCCC1, FC(F)(F)c1cccc(c1)-c1nc2cc(Br)ccc2c(C(=O)NC2(CC2)c2ccccc2)c1CN1CCC(CC1)N1CCCCC1, FC(F)(F)c1cccc(c1)-c1nc2cc(Br)ccc2c(C(=O)NC2(CC2)c2ccccc2)c1CN1CCC(CC1)N1CCCCC1","UIVOZBSCHXCGPS-UHFFFAOYSA-N, UIVOZBSCHXCGPS-UHFFFAOYSA-N, UIVOZBSCHXCGPS-UHFFFAOYSA-N",Preclinical
GSK2194069,fatty acid synthase inhibitor,FASN,,,"Tocris, Tocris, Tocris, Tocris",98.77,"O=C(C1CC1)N1CC[C@@H](Cc2n[nH]c(=O)n2-c2ccc(cc2)-c2ccc3occc3c2)C1, O=C(C1CC1)N1CC[C@@H](Cc2n[nH]c(=O)n2-c2ccc(cc2)-c2ccc3occc3c2)C1, O=C(C1CC1)N1CC[C@@H](Cc2n[nH]c(=O)n2-c2ccc(cc2)-c2ccc3occc3c2)C1, O=C(C1CC1)N1CC[C@@H](Cc2n[nH]c(=O)n2-c2ccc(cc2)-c2ccc3occc3c2)C1","AQTPWCUIYUOEMG-INIZCTEOSA-N, AQTPWCUIYUOEMG-INIZCTEOSA-N, AQTPWCUIYUOEMG-INIZCTEOSA-N, AQTPWCUIYUOEMG-INIZCTEOSA-N",Preclinical
GSK2239633A,CC chemokine receptor antagonist,,,,MedChemEx,93.36,COc1cccc2n(Cc3cccc(CNC(=O)C(C)(C)O)c3)nc(NS(=O)(=O)c3ccc(Cl)s3)c12,YTEVTHHGQMUPHC-UHFFFAOYSA-N,Preclinical
GSK2256098,kinase inhibitor,,,,MedChemEx,94.24,CONC(=O)c1ccccc1Nc1cc(Nc2cc(C)nn2C(C)C)ncc1Cl,BVAHPPKGOOJSPU-UHFFFAOYSA-N,Phase 2
GSK2256294A,epoxide hydolase inhibitor,EPHX2,,,MedChemEx,96.85,CNc1nc(C)nc(N[C@H]2CCC[C@H](C2)C(=O)NCc2ccc(cc2C(F)(F)F)C#N)n1,LQHDJQIMETZMPH-ZBFHGGJFSA-N,Phase 1
GSK2330672,bile acid transporter inhibitor,SLC10A2,,,MedChemEx,96.72,CCCC[C@]1(CC)CS(=O)(=O)c2cc(CNC(CC(O)=O)CC(O)=O)c(OC)cc2[C@H](N1)c1ccccc1,CZGVOBIGEBDYTP-VSGBNLITSA-N,Phase 2
GSK2334470,phosphoinositide dependent kinase inhibitor,"AURKA, AURKB, PDPK1",,,"Tocris, Tocris, Focus",97.09,"CNc1nc(cc(n1)-c1ccc2c(N)[nH]nc2c1)N1C[C@H](CC[C@H]1C)C(=O)NC1CCCCC1, CNc1nc(cc(n1)-c1ccc2c(N)[nH]nc2c1)N1C[C@H](CC[C@H]1C)C(=O)NC1CCCCC1, CNc1nc(cc(n1)-c1ccc2c(N)[nH]nc2c1)N1C[C@H](CC[C@H]1C)C(=O)NC1CCCCC1","QLPHOXTXAKOFMU-WBVHZDCISA-N, QLPHOXTXAKOFMU-WBVHZDCISA-N, QLPHOXTXAKOFMU-WBVHZDCISA-N",Preclinical
GSK239512,histamine receptor antagonist,,,,AMS,87.06,O=C1CCCN1c1ccc(Oc2ccc3CCN(CCc3c2)C2CCC2)nc1,YFRBKEVUUCQYOW-UHFFFAOYSA-N,Preclinical
GSK256066,phosphodiesterase inhibitor,PDE4A,,,"MedChemEx, Selleck, Selleck",95.91,"COc1cccc(Nc2c(cnc3c(C)cc(cc23)S(=O)(=O)c2cccc(c2)C(=O)N(C)C)C(N)=O)c1, COc1cccc(Nc2c(cnc3c(C)cc(cc23)S(=O)(=O)c2cccc(c2)C(=O)N(C)C)C(N)=O)c1, COc1cccc(Nc2c(cnc3c(C)cc(cc23)S(=O)(=O)c2cccc(c2)C(=O)N(C)C)C(N)=O)c1","JFHROPTYMMSOLG-UHFFFAOYSA-N, JFHROPTYMMSOLG-UHFFFAOYSA-N, JFHROPTYMMSOLG-UHFFFAOYSA-N",Phase 2
GSK2578215A,leucine rich repeat kinase inhibitor,LRRK2,,,"Tocris, Tocris",98.57,"Fc1cc(ccn1)-c1ccc(OCc2ccccc2)c(c1)C(=O)Nc1cccnc1, Fc1cc(ccn1)-c1ccc(OCc2ccccc2)c(c1)C(=O)Nc1cccnc1","WCIGMFCFPXZRMQ-UHFFFAOYSA-N, WCIGMFCFPXZRMQ-UHFFFAOYSA-N",Preclinical
GSK2606414,protein kinase inhibitor,"EIF2AK3, MYLK2",,,"MedChemEx, MedChemEx, MedChemEx, Tocris, MedChemEx",90.4,"Cn1cc(-c2ccc3N(CCc3c2)C(=O)Cc2cccc(c2)C(F)(F)F)c2c(N)ncnc12, Cn1cc(-c2ccc3N(CCc3c2)C(=O)Cc2cccc(c2)C(F)(F)F)c2c(N)ncnc12, Cn1cc(-c2ccc3N(CCc3c2)C(=O)Cc2cccc(c2)C(F)(F)F)c2c(N)ncnc12, Cn1cc(-c2ccc3N(CCc3c2)C(=O)Cc2cccc(c2)C(F)(F)F)c2c(N)ncnc12, Cn1cc(-c2ccc3N(CCc3c2)C(=O)Cc2cccc(c2)C(F)(F)F)c2c(N)ncnc12","SIXVRXARNAVBTC-UHFFFAOYSA-N, SIXVRXARNAVBTC-UHFFFAOYSA-N, SIXVRXARNAVBTC-UHFFFAOYSA-N, SIXVRXARNAVBTC-UHFFFAOYSA-N, SIXVRXARNAVBTC-UHFFFAOYSA-N",Preclinical
GSK2636771,PI3K inhibitor,PIK3CB,,,"Selleck, Selleck, Selleck, Selleck",94.3,"Cc1nc2c(cc(cc2n1Cc1cccc(c1C)C(F)(F)F)N1CCOCC1)C(O)=O, Cc1nc2c(cc(cc2n1Cc1cccc(c1C)C(F)(F)F)N1CCOCC1)C(O)=O, Cc1nc2c(cc(cc2n1Cc1cccc(c1C)C(F)(F)F)N1CCOCC1)C(O)=O, Cc1nc2c(cc(cc2n1Cc1cccc(c1C)C(F)(F)F)N1CCOCC1)C(O)=O","XTKLTGBKIDQGQL-UHFFFAOYSA-N, XTKLTGBKIDQGQL-UHFFFAOYSA-N, XTKLTGBKIDQGQL-UHFFFAOYSA-N, XTKLTGBKIDQGQL-UHFFFAOYSA-N",Phase 2
GSK2656157,PERK inhibitor,,,,Selleck,95.49,Cc1cccc(CC(=O)N2CCc3c2ccc(-c2cn(C)c4ncnc(N)c24)c3F)n1,PRWSIEBRGXYXAJ-UHFFFAOYSA-N,Preclinical
GSK269962,rho associated kinase inhibitor,"ROCK1, ROCK2",,,"Tocris, Tocris, Tocris, Tocris",98.12,"CCn1c(nc2cnc(Oc3cccc(NC(=O)c4ccc(OCCN5CCOCC5)cc4)c3)cc12)-c1nonc1N, CCn1c(nc2cnc(Oc3cccc(NC(=O)c4ccc(OCCN5CCOCC5)cc4)c3)cc12)-c1nonc1N, CCn1c(nc2cnc(Oc3cccc(NC(=O)c4ccc(OCCN5CCOCC5)cc4)c3)cc12)-c1nonc1N, CCn1c(nc2cnc(Oc3cccc(NC(=O)c4ccc(OCCN5CCOCC5)cc4)c3)cc12)-c1nonc1N","YOVNFNXUCOWYSG-UHFFFAOYSA-N, YOVNFNXUCOWYSG-UHFFFAOYSA-N, YOVNFNXUCOWYSG-UHFFFAOYSA-N, YOVNFNXUCOWYSG-UHFFFAOYSA-N",Preclinical
GSK2801,bromodomain inhibitor,"BAZ2A, BAZ2B",,,"MedChemEx, MedChemEx",97.85,"CCCOc1ccn2c(cc(-c3ccccc3S(C)(=O)=O)c2c1)C(C)=O, CCCOc1ccn2c(cc(-c3ccccc3S(C)(=O)=O)c2c1)C(C)=O","KHWCPNJRJCNVRI-UHFFFAOYSA-N, KHWCPNJRJCNVRI-UHFFFAOYSA-N",Preclinical
GSK2816126,histone lysine methyltransferase inhibitor,EZH2,,,"MedChemEx, MedChemEx",88.86,"CC[C@H](C)n1cc(C)c2c(cc(cc12)-c1ccc(nc1)N1CCNCC1)C(=O)NCc1c(C)cc(C)[nH]c1=O, CC[C@H](C)n1cc(C)c2c(cc(cc12)-c1ccc(nc1)N1CCNCC1)C(=O)NCc1c(C)cc(C)[nH]c1=O","FKSFKBQGSFSOSM-QFIPXVFZSA-N, FKSFKBQGSFSOSM-QFIPXVFZSA-N",Phase 1
GSK2830371,protein phosphatase inhibitor,PPM1D,,,"MedChemEx, MedChemEx, Tocris",93.44,"Cc1ncc(Cl)cc1NCc1ccc(s1)C(=O)N[C@@H](CC1CCCC1)C(=O)NC1CC1, Cc1ncc(Cl)cc1NCc1ccc(s1)C(=O)N[C@@H](CC1CCCC1)C(=O)NC1CC1, Cc1ncc(Cl)cc1NCc1ccc(s1)C(=O)N[C@@H](CC1CCCC1)C(=O)NC1CC1","IVDUVEGCMXCMSO-FQEVSTJZSA-N, IVDUVEGCMXCMSO-FQEVSTJZSA-N, IVDUVEGCMXCMSO-FQEVSTJZSA-N",Preclinical
GSK2837808A,lactate dehydrogenase inhibitor,LDHA,,,"Tocris, Tocris",97.34,"COc1ncc(-c2ccc3c(Nc4cc(Oc5cc(F)cc(F)c5)cc(c4)C(O)=O)c(cnc3c2)S(=O)(=O)NC2CC2)c(OC)n1, COc1ncc(-c2ccc3c(Nc4cc(Oc5cc(F)cc(F)c5)cc(c4)C(O)=O)c(cnc3c2)S(=O)(=O)NC2CC2)c(OC)n1","RZBCPMYJIARMGV-UHFFFAOYSA-N, RZBCPMYJIARMGV-UHFFFAOYSA-N",Preclinical
GSK2838232,HIV gag inhibitor,,,,"MedChemEx, MedChemEx, MedChemEx",81.68,"CC(C)C1=C2[C@H]3CC[C@@H]4[C@@]5(C)CC[C@H](OC(=O)CC(C)(C)C(O)=O)C(C)(C)[C@@H]5CC[C@@]4(C)[C@]3(C)CC[C@]2(CC1=O)[C@@H](O)CN(CCN(C)C)Cc1ccc(Cl)cc1 |c:3|, CC(C)C1=C2[C@H]3CC[C@@H]4[C@@]5(C)CC[C@H](OC(=O)CC(C)(C)C(O)=O)C(C)(C)[C@@H]5CC[C@@]4(C)[C@]3(C)CC[C@]2(CC1=O)[C@@H](O)CN(CCN(C)C)Cc1ccc(Cl)cc1 |c:3|, CC(C)C1=C2[C@H]3CC[C@@H]4[C@@]5(C)CC[C@H](OC(=O)CC(C)(C)C(O)=O)C(C)(C)[C@@H]5CC[C@@]4(C)[C@]3(C)CC[C@]2(CC1=O)[C@@H](O)CN(CCN(C)C)Cc1ccc(Cl)cc1 |c:3|","MEOWKUXNVNJAMY-PZFKGGKESA-N, MEOWKUXNVNJAMY-PZFKGGKESA-N, MEOWKUXNVNJAMY-PZFKGGKESA-N",Phase 2
GSK2879552,histone lysine demethylase inhibitor,KDM1A,,,"MedChemEx, MedChemEx, MedChemEx, MedChemEx",97.24,"OC(=O)c1ccc(CN2CCC(CN[C@@H]3C[C@H]3c3ccccc3)CC2)cc1, OC(=O)c1ccc(CN2CCC(CN[C@@H]3C[C@H]3c3ccccc3)CC2)cc1, OC(=O)c1ccc(CN2CCC(CN[C@@H]3C[C@H]3c3ccccc3)CC2)cc1, OC(=O)c1ccc(CN2CCC(CN[C@@H]3C[C@H]3c3ccccc3)CC2)cc1","LRULVYSBRWUVGR-FCHUYYIVSA-N, LRULVYSBRWUVGR-FCHUYYIVSA-N, LRULVYSBRWUVGR-FCHUYYIVSA-N, LRULVYSBRWUVGR-FCHUYYIVSA-N",Phase 1/Phase 2
GSK2881078,androgen receptor modulator,,,,MedChemEx,95.08,C[C@H](CS(C)(=O)=O)n1ccc2c(c(ccc12)C#N)C(F)(F)F,SKDVMPZQJMZEAC-SECBINFHSA-N,Phase 2
GSK2981278,ROR modulator,,,,MedChemEx,97.67,CCc1ccc(cc1)N(CC(C)C)S(=O)(=O)c1ccc(OCC2CCOCC2)c(CO)c1,LZLBRISQTJVZNP-UHFFFAOYSA-N,Phase 1/Phase 2
GSK2982772,RIPK inhibitor,,,,MedChemEx,89.05,CN1c2ccccc2OC[C@H](NC(=O)c2nc(Cc3ccccc3)n[nH]2)C1=O,LYPAFUINURXJSG-AWEZNQCLSA-N,Phase 2
GSK3117391,HDAC inhibitor,,,,MedChemEx,94.45,ONC(=O)CCc1ccc(CN[C@@H](C2CCCCC2)C(=O)OC2CCCC2)cn1,AFDPFLDWOXXHQM-NRFANRHFSA-N,Phase 1/Phase 2
GSK3179106,RET tyrosine kinase inhibitor,,,,MedChemEx,98.7,CCOc1cc(=O)[nH]cc1-c1ccc(CC(=O)Nc2cc(on2)C(C)(C)C(F)(F)F)c(F)c1,IDXKJSSOUXWLDB-UHFFFAOYSA-N,Phase 1
GSK3326595,protein arginine N-methyltransferase inhibitor,,,,MedChemEx,92.53,CC(=O)N1CCC(CC1)Nc1cc(ncn1)C(=O)NC[C@H](O)CN1CCc2ccccc2C1,JLCCNYVTIWRPIZ-NRFANRHFSA-N,Phase 1/Phase 2
GSK356278,phosphodiesterase inhibitor,,,,AMS,86.68,CCn1ncc2c(NC3CCOCC3)c(cnc12)-c1nnc(Cc2sc(C)nc2C)o1,AWDJJMXJUOHGLC-UHFFFAOYSA-N,Preclinical
GSK369796,potassium channel antagonist,,,,MedChemEx,98.23,CC(C)(C)NCc1ccc(Nc2ccnc3cc(Cl)ccc23)cc1O,ZVMMVSSEAMUNGI-UHFFFAOYSA-N,Phase 1
GSK37647,free fatty acid receptor agonist,FFAR4,,,"Tocris, Tocris, Tocris",98.11,"COc1ccc(cc1)S(=O)(=O)Nc1c(C)cc(C)cc1C, COc1ccc(cc1)S(=O)(=O)Nc1c(C)cc(C)cc1C, COc1ccc(cc1)S(=O)(=O)Nc1c(C)cc(C)cc1C","FQUAFMNPXPXOJE-UHFFFAOYSA-N, FQUAFMNPXPXOJE-UHFFFAOYSA-N, FQUAFMNPXPXOJE-UHFFFAOYSA-N",Preclinical
GSK3787,PPAR receptor antagonist,PPARD,,,"Tocris, Selleck, Tocris",95.61,"FC(F)(F)c1ccc(nc1)S(=O)(=O)CCNC(=O)c1ccc(Cl)cc1, FC(F)(F)c1ccc(nc1)S(=O)(=O)CCNC(=O)c1ccc(Cl)cc1, FC(F)(F)c1ccc(nc1)S(=O)(=O)CCNC(=O)c1ccc(Cl)cc1","JFUIMTGOQCQTPF-UHFFFAOYSA-N, JFUIMTGOQCQTPF-UHFFFAOYSA-N, JFUIMTGOQCQTPF-UHFFFAOYSA-N",Preclinical
GSK429286A,rho associated kinase inhibitor,ROCK1,,,"MedChemEx, Tocris, Selleck",96.54,"CC1=C([C@@H](CC(=O)N1)c1ccc(cc1)C(F)(F)F)C(=O)Nc1cc2c[nH]nc2cc1F |&1:3,r,t:1|, CC1=C([C@@H](CC(=O)N1)c1ccc(cc1)C(F)(F)F)C(=O)Nc1cc2c[nH]nc2cc1F |&1:3,r,t:1|, CC1=C([C@@H](CC(=O)N1)c1ccc(cc1)C(F)(F)F)C(=O)Nc1cc2c[nH]nc2cc1F |&1:3,r,t:1|","OLIIUAHHAZEXEX-AWEZNQCLSA-N, OLIIUAHHAZEXEX-AWEZNQCLSA-N, OLIIUAHHAZEXEX-AWEZNQCLSA-N",Preclinical
GSK461364,PLK inhibitor,PLK1,,,"MedChemEx, Selleck, Selleck, Selleck",97.9,"C[C@@H](Oc1cc(sc1C(N)=O)-n1cnc2ccc(CN3CCN(C)CC3)cc12)c1ccccc1C(F)(F)F, C[C@@H](Oc1cc(sc1C(N)=O)-n1cnc2ccc(CN3CCN(C)CC3)cc12)c1ccccc1C(F)(F)F, C[C@@H](Oc1cc(sc1C(N)=O)-n1cnc2ccc(CN3CCN(C)CC3)cc12)c1ccccc1C(F)(F)F, C[C@@H](Oc1cc(sc1C(N)=O)-n1cnc2ccc(CN3CCN(C)CC3)cc12)c1ccccc1C(F)(F)F","ZHJGWYRLJUCMRT-QGZVFWFLSA-N, ZHJGWYRLJUCMRT-QGZVFWFLSA-N, ZHJGWYRLJUCMRT-QGZVFWFLSA-N, ZHJGWYRLJUCMRT-QGZVFWFLSA-N",Phase 1
GSK503,histone lysine methyltransferase inhibitor,EZH2,,,"MedChemEx, MedChemEx",94.9,"CC(C)n1cc(C)c2c(cc(cc12)-c1ccc(nc1)N1CCN(C)CC1)C(=O)NCc1c(C)cc(C)[nH]c1=O, CC(C)n1cc(C)c2c(cc(cc12)-c1ccc(nc1)N1CCN(C)CC1)C(=O)NCc1c(C)cc(C)[nH]c1=O","HRDQQHUKUIKFHT-UHFFFAOYSA-N, HRDQQHUKUIKFHT-UHFFFAOYSA-N",Preclinical
GSK650394,serum/glucocorticoid regulated kinase inhibitor,"SGK1, SGK2",,,"MedChemEx, Tocris, Tocris, Tocris, Tocris, Tocris, Tocris, Tocris",97.79,"OC(=O)c1ccc(cc1C1CCCC1)-c1c[nH]c2ncc(cc12)-c1ccccc1, OC(=O)c1ccc(cc1C1CCCC1)-c1c[nH]c2ncc(cc12)-c1ccccc1, OC(=O)c1ccc(cc1C1CCCC1)-c1c[nH]c2ncc(cc12)-c1ccccc1, OC(=O)c1ccc(cc1C1CCCC1)-c1c[nH]c2ncc(cc12)-c1ccccc1, OC(=O)c1ccc(cc1C1CCCC1)-c1c[nH]c2ncc(cc12)-c1ccccc1, OC(=O)c1ccc(cc1C1CCCC1)-c1c[nH]c2ncc(cc12)-c1ccccc1, OC(=O)c1ccc(cc1C1CCCC1)-c1c[nH]c2ncc(cc12)-c1ccccc1, OC(=O)c1ccc(cc1C1CCCC1)-c1c[nH]c2ncc(cc12)-c1ccccc1","WVSBGSNVCDAMCF-UHFFFAOYSA-N, WVSBGSNVCDAMCF-UHFFFAOYSA-N, WVSBGSNVCDAMCF-UHFFFAOYSA-N, WVSBGSNVCDAMCF-UHFFFAOYSA-N, WVSBGSNVCDAMCF-UHFFFAOYSA-N, WVSBGSNVCDAMCF-UHFFFAOYSA-N, WVSBGSNVCDAMCF-UHFFFAOYSA-N, WVSBGSNVCDAMCF-UHFFFAOYSA-N",Preclinical
GSK656,leucyl-tRNA synthetase inhibitor,,,,MedChemEx,73.31,NC[C@H]1OB(O)c2c1c(Cl)ccc2OCCO,DJUOWOXTPXUHDQ-MRVPVSSYSA-N,Preclinical
GSK690693,AKT inhibitor,"AKT1, AKT2, AKT3, PAK4, PAK6, PAK7, PRKCQ, PRKG1, PRKX",,,"Selleck, Selleck, Selleck, Selleck, Selleck, Tocris",97.21,"CCn1c(nc2c(ncc(OC[C@H]3CCCNC3)c12)C#CC(C)(C)O)-c1nonc1N, CCn1c(nc2c(ncc(OC[C@H]3CCCNC3)c12)C#CC(C)(C)O)-c1nonc1N, CCn1c(nc2c(ncc(OC[C@H]3CCCNC3)c12)C#CC(C)(C)O)-c1nonc1N, CCn1c(nc2c(ncc(OC[C@H]3CCCNC3)c12)C#CC(C)(C)O)-c1nonc1N, CCn1c(nc2c(ncc(OC[C@H]3CCCNC3)c12)C#CC(C)(C)O)-c1nonc1N, CCn1c(nc2c(ncc(OC[C@H]3CCCNC3)c12)C#CC(C)(C)O)-c1nonc1N","KGPGFQWBCSZGEL-ZDUSSCGKSA-N, KGPGFQWBCSZGEL-ZDUSSCGKSA-N, KGPGFQWBCSZGEL-ZDUSSCGKSA-N, KGPGFQWBCSZGEL-ZDUSSCGKSA-N, KGPGFQWBCSZGEL-ZDUSSCGKSA-N, KGPGFQWBCSZGEL-ZDUSSCGKSA-N",Phase 1
GSK9027,glucocorticoid receptor agonist,NR3C1,,,"Tocris, Tocris, Tocris",97.08,"Fc1ccc(cc1)-n1ncc2cc(ccc12)-c1ccc(NS(=O)(=O)Cc2ccccc2)cc1C(F)(F)F, Fc1ccc(cc1)-n1ncc2cc(ccc12)-c1ccc(NS(=O)(=O)Cc2ccccc2)cc1C(F)(F)F, Fc1ccc(cc1)-n1ncc2cc(ccc12)-c1ccc(NS(=O)(=O)Cc2ccccc2)cc1C(F)(F)F","DXBJGDVBQPEMOB-UHFFFAOYSA-N, DXBJGDVBQPEMOB-UHFFFAOYSA-N, DXBJGDVBQPEMOB-UHFFFAOYSA-N",Preclinical
GSK923295,centromere associated protein inhibitor,CENPE,,,"MedChemEx, MedChemEx",97.04,"CC(C)Oc1ccc(cc1Cl)C(=O)N[C@H](CNC(=O)CN(C)C)Cc1ccc(cc1)-c1cn2cccc([C@H](C)O)c2n1, CC(C)Oc1ccc(cc1Cl)C(=O)N[C@H](CNC(=O)CN(C)C)Cc1ccc(cc1)-c1cn2cccc([C@H](C)O)c2n1","WHMXDBPHBVLYRC-OFVILXPXSA-N, WHMXDBPHBVLYRC-OFVILXPXSA-N",Phase 1
GTP-14564,"FLT3 inhibitor, tyrosine kinase inhibitor","CSF1R, FLT3, KIT, PDGFRB",,,"Tocris, Tocris, Tocris, Tocris, Tocris",98.68,"c1ccc(cc1)-c1[nH]nc2c3ccccc3oc12, c1ccc(cc1)-c1[nH]nc2c3ccccc3oc12, c1ccc(cc1)-c1[nH]nc2c3ccccc3oc12, c1ccc(cc1)-c1[nH]nc2c3ccccc3oc12, c1ccc(cc1)-c1[nH]nc2c3ccccc3oc12","DZQLVVLATXPWBK-UHFFFAOYSA-N, DZQLVVLATXPWBK-UHFFFAOYSA-N, DZQLVVLATXPWBK-UHFFFAOYSA-N, DZQLVVLATXPWBK-UHFFFAOYSA-N, DZQLVVLATXPWBK-UHFFFAOYSA-N",Preclinical
GTS21,cholinergic receptor agonist,CHRNA7,,,"ChemDiv, MedChemEx",98.14,"COc1ccc(\C=C2/CCCN=C2c2cccnc2)c(OC)c1 |c:11|, COc1ccc(\C=C2/CCCN=C2c2cccnc2)c(OC)c1 |c:11|","RPYWXZCFYPVCNQ-RVDMUPIBSA-N, RPYWXZCFYPVCNQ-RVDMUPIBSA-N",Phase 1/Phase 2
guacetisal,immunosuppressant,,pulmonary,cough suppressant,AvaChem,96.88,COc1ccccc1OC(=O)c1ccccc1OC(C)=O,HSJFYRYGGKLQBT-UHFFFAOYSA-N,Launched
guadecitabine,DNA methyltransferase inhibitor,,,,MedChemEx,100,Nc1ncn([C@H]2C[C@H](OP(O)(=O)OC[C@H]3O[C@H](C[C@@H]3O)n3cnc4c3[nH]c(N)nc4=O)[C@@H](CO)O2)c(=O)n1,GUWXKKAWLCENJA-WGWHJZDNSA-N,Phase 3
guaiacol,local anesthetic,CA2,pulmonary,cough suppressant,"MicroSource, MedChemEx",0,"COc1ccccc1O, COc1ccccc1O","LHGVFZTZFXWLCP-UHFFFAOYSA-N, LHGVFZTZFXWLCP-UHFFFAOYSA-N",Launched
guaifenesin,expectorant,,pulmonary,cough suppressant,"MedChemEx, MicroSource, Selleck",98.9,"COc1ccccc1OC[C@@H](O)CO |&1:10,r|, COc1ccccc1OC[C@@H](O)CO |&1:10,r|, COc1ccccc1OC[C@@H](O)CO |&1:10,r|","HSRJKNPTNIJEKV-QMMMGPOBSA-N, HSRJKNPTNIJEKV-QMMMGPOBSA-N, HSRJKNPTNIJEKV-QMMMGPOBSA-N",Launched
guanaben-acetate,adrenergic receptor agonist,"ADRA2A, ADRA2B, ADRA2C",cardiology,hypertension,"Tocris, Selleck, MicroSource, MicroSource, Selleck",95.27,"NC(=N)N\N=C\c1c(Cl)cccc1Cl, NC(=N)N\N=C\c1c(Cl)cccc1Cl, NC(=N)N\N=C\c1c(Cl)cccc1Cl, NC(=N)N\N=C\c1c(Cl)cccc1Cl, NC(=N)N\N=C\c1c(Cl)cccc1Cl","WDZVGELJXXEGPV-YIXHJXPBSA-N, WDZVGELJXXEGPV-YIXHJXPBSA-N, WDZVGELJXXEGPV-YIXHJXPBSA-N, WDZVGELJXXEGPV-YIXHJXPBSA-N, WDZVGELJXXEGPV-YIXHJXPBSA-N",Launched
guanadrel,adrenergic inhibitor,,cardiology,hypertension,"MicroSource, MicroSource, MicroSource, MicroSource, MicroSource",100,"NC(=N)NC[C@H]1COC2(CCCCC2)O1 |&1:5|, NC(=N)NC[C@H]1COC2(CCCCC2)O1 |&1:5|, NC(=N)NC[C@H]1COC2(CCCCC2)O1 |&1:5|, NC(=N)NC[C@H]1COC2(CCCCC2)O1 |&1:5|, NC(=N)NC[C@H]1COC2(CCCCC2)O1 |&1:5|","HPBNRIOWIXYZFK-QMMMGPOBSA-N, HPBNRIOWIXYZFK-QMMMGPOBSA-N, HPBNRIOWIXYZFK-QMMMGPOBSA-N, HPBNRIOWIXYZFK-QMMMGPOBSA-N, HPBNRIOWIXYZFK-QMMMGPOBSA-N",Launched
guancydine,antihypertensive agent,,,,MedChemEx,90.34,CCC(C)(C)NC(=N)NC#N,VZVGEDRCVUKSEL-UHFFFAOYSA-N,Preclinical
guanethidine,adrenergic inhibitor,SLC6A2,cardiology,hypertension,"MicroSource, Selleck, Selleck, MedChemEx, MedChemEx",100,"NC(=N)NCCN1CCCCCCC1, NC(=N)NCCN1CCCCCCC1, NC(=N)NCCN1CCCCCCC1, NC(=N)NCCN1CCCCCCC1, NC(=N)NCCN1CCCCCCC1","ACGDKVXYNVEAGU-UHFFFAOYSA-N, ACGDKVXYNVEAGU-UHFFFAOYSA-N, ACGDKVXYNVEAGU-UHFFFAOYSA-N, ACGDKVXYNVEAGU-UHFFFAOYSA-N, ACGDKVXYNVEAGU-UHFFFAOYSA-N",Launched
guanfacine,adrenergic receptor agonist,"ADRA2A, ADRA2B, ADRA2C",cardiology,hypertension,"MicroSource, MicroSource, MicroSource, Tocris, Tocris",100,"NC(=N)NC(=O)Cc1c(Cl)cccc1Cl, NC(=N)NC(=O)Cc1c(Cl)cccc1Cl, NC(=N)NC(=O)Cc1c(Cl)cccc1Cl, NC(=N)NC(=O)Cc1c(Cl)cccc1Cl, NC(=N)NC(=O)Cc1c(Cl)cccc1Cl","INJOMKTZOLKMBF-UHFFFAOYSA-N, INJOMKTZOLKMBF-UHFFFAOYSA-N, INJOMKTZOLKMBF-UHFFFAOYSA-N, INJOMKTZOLKMBF-UHFFFAOYSA-N, INJOMKTZOLKMBF-UHFFFAOYSA-N",Launched
guanidine,HSP inhibitor,"ALDH2, DLG4, GAMT, RNASE1",neurology/psychiatry,Lambert-Eaton myasthenic syndrome (LEMS),"MedChemEx, MicroSource, Selleck",100,"NC(N)=N, NC(N)=N, NC(N)=N","ZRALSGWEFCBTJO-UHFFFAOYSA-N, ZRALSGWEFCBTJO-UHFFFAOYSA-N, ZRALSGWEFCBTJO-UHFFFAOYSA-N",Launched
guanidinoethyldisulfide-bicarbonate,nitric oxide synthase inhibitor,NOS2,,,TygerSci,0,NC(=N)NCCSSCCNC(N)=N,IRMTXMJNHRISQH-UHFFFAOYSA-N,Phase 2
guanidinopropionic-acid,creatine kinase inhibitor,CKM,,,Sigma,0,NC(=N)NCCC(O)=O,KMXXSJLYVJEBHI-UHFFFAOYSA-N,Phase 2
guanosine,,PNP,,,MedChemEx,91.3,Nc1nc(=O)c2ncn([C@@H]3O[C@H](CO)[C@@H](O)[C@H]3O)c2[nH]1,NYHBQMYGNKIUIF-UUOKFMHZSA-N,Preclinical
Gue-1654,oxoeicosanoid receptor modulator,OXER1,,,"Tocris, Tocris",96.81,"CSc1nc2ccc3nc(NC(=O)C(c4ccccc4)c4ccccc4)sc3c2s1, CSc1nc2ccc3nc(NC(=O)C(c4ccccc4)c4ccccc4)sc3c2s1","UFOBDFMYJABXGK-UHFFFAOYSA-N, UFOBDFMYJABXGK-UHFFFAOYSA-N",Preclinical
guvacine,GABA uptake inhibitor,"SLC6A1, SLC6A11, SLC6A12, SLC6A13",,,"Tocris, Tocris, Tocris, Tocris",100,"OC(=O)C1=CCCNC1 |t:3|, OC(=O)C1=CCCNC1 |t:3|, OC(=O)C1=CCCNC1 |t:3|, OC(=O)C1=CCCNC1 |t:3|","QTDZOWFRBNTPQR-UHFFFAOYSA-N, QTDZOWFRBNTPQR-UHFFFAOYSA-N, QTDZOWFRBNTPQR-UHFFFAOYSA-N, QTDZOWFRBNTPQR-UHFFFAOYSA-N",Preclinical
GW-0742,PPAR receptor agonist,PPARD,,,"Tocris, Tocris, Tocris, Selleck, Tocris",96.73,"Cc1nc(sc1CSc1ccc(OCC(O)=O)c(C)c1)-c1ccc(c(F)c1)C(F)(F)F, Cc1nc(sc1CSc1ccc(OCC(O)=O)c(C)c1)-c1ccc(c(F)c1)C(F)(F)F, Cc1nc(sc1CSc1ccc(OCC(O)=O)c(C)c1)-c1ccc(c(F)c1)C(F)(F)F, Cc1nc(sc1CSc1ccc(OCC(O)=O)c(C)c1)-c1ccc(c(F)c1)C(F)(F)F, Cc1nc(sc1CSc1ccc(OCC(O)=O)c(C)c1)-c1ccc(c(F)c1)C(F)(F)F","HWVNEWGKWRGSRK-UHFFFAOYSA-N, HWVNEWGKWRGSRK-UHFFFAOYSA-N, HWVNEWGKWRGSRK-UHFFFAOYSA-N, HWVNEWGKWRGSRK-UHFFFAOYSA-N, HWVNEWGKWRGSRK-UHFFFAOYSA-N",Preclinical
GW-1100,G protein-coupled receptor agonist,FFAR1,,,MedChemEx,93.14,CCOC(=O)c1ccc(cc1)-n1cc(Cc2cnc(OCC)nc2)c(=O)nc1SCc1ccc(F)cc1,PTPNCCWOTBBVJR-UHFFFAOYSA-N,Preclinical
GW-1929,PPAR receptor agonist,PPARG,,,Tocris,94.94,CN(CCOc1ccc(C[C@H](Nc2ccccc2C(=O)c2ccccc2)C(O)=O)cc1)c1ccccn1,QTQMRBZOBKYXCG-MHZLTWQESA-N,Preclinical
GW-2580,cFMS kinase inhibitor,CSF1R,,,"Selleck, Selleck",94.93,"COc1ccc(COc2ccc(Cc3cnc(N)nc3N)cc2OC)cc1, COc1ccc(COc2ccc(Cc3cnc(N)nc3N)cc2OC)cc1","MYQAUKPBNJWPIE-UHFFFAOYSA-N, MYQAUKPBNJWPIE-UHFFFAOYSA-N",Preclinical
GW-311616,"elastase inhibitor, leukocyte elastase inhibitor",ELANE,,,"MedChemEx, MedChemEx, MedChemEx",97.39,"CC(C)[C@H]1[C@H]2[C@@H](CCN2C(=O)\C=C\CN2CCCCC2)N(C1=O)S(C)(=O)=O, CC(C)[C@H]1[C@H]2[C@@H](CCN2C(=O)\C=C\CN2CCCCC2)N(C1=O)S(C)(=O)=O, CC(C)[C@H]1[C@H]2[C@@H](CCN2C(=O)\C=C\CN2CCCCC2)N(C1=O)S(C)(=O)=O","NDNKNUMSTIMSHQ-URZKGLGPSA-N, NDNKNUMSTIMSHQ-URZKGLGPSA-N, NDNKNUMSTIMSHQ-URZKGLGPSA-N",Phase 1
GW-3965,LXR agonist,"NR1H2, NR1H3",,,"Tocris, Tocris, Tocris, Tocris, Tocris, Selleck",98.12,"OC(=O)Cc1cccc(OCCCN(CC(c2ccccc2)c2ccccc2)Cc2cccc(c2Cl)C(F)(F)F)c1, OC(=O)Cc1cccc(OCCCN(CC(c2ccccc2)c2ccccc2)Cc2cccc(c2Cl)C(F)(F)F)c1, OC(=O)Cc1cccc(OCCCN(CC(c2ccccc2)c2ccccc2)Cc2cccc(c2Cl)C(F)(F)F)c1, OC(=O)Cc1cccc(OCCCN(CC(c2ccccc2)c2ccccc2)Cc2cccc(c2Cl)C(F)(F)F)c1, OC(=O)Cc1cccc(OCCCN(CC(c2ccccc2)c2ccccc2)Cc2cccc(c2Cl)C(F)(F)F)c1, OC(=O)Cc1cccc(OCCCN(CC(c2ccccc2)c2ccccc2)Cc2cccc(c2Cl)C(F)(F)F)c1","NAXSRXHZFIBFMI-UHFFFAOYSA-N, NAXSRXHZFIBFMI-UHFFFAOYSA-N, NAXSRXHZFIBFMI-UHFFFAOYSA-N, NAXSRXHZFIBFMI-UHFFFAOYSA-N, NAXSRXHZFIBFMI-UHFFFAOYSA-N, NAXSRXHZFIBFMI-UHFFFAOYSA-N",Preclinical
GW-405833,cannabinoid receptor agonist,CNR2,,,Tocris,95.83,COc1ccc2n(C(=O)c3cccc(Cl)c3Cl)c(C)c(CCN3CCOCC3)c2c1,FSFZRNZSZYDVLI-UHFFFAOYSA-N,Preclinical
GW-4064,FXR agonist,NR1H4,,,"Tocris, Selleck, Selleck, Selleck, Selleck, Tocris",98.07,"CC(C)c1onc(c1COc1ccc(\C=C\c2cccc(c2)C(O)=O)c(Cl)c1)-c1c(Cl)cccc1Cl, CC(C)c1onc(c1COc1ccc(\C=C\c2cccc(c2)C(O)=O)c(Cl)c1)-c1c(Cl)cccc1Cl, CC(C)c1onc(c1COc1ccc(\C=C\c2cccc(c2)C(O)=O)c(Cl)c1)-c1c(Cl)cccc1Cl, CC(C)c1onc(c1COc1ccc(\C=C\c2cccc(c2)C(O)=O)c(Cl)c1)-c1c(Cl)cccc1Cl, CC(C)c1onc(c1COc1ccc(\C=C\c2cccc(c2)C(O)=O)c(Cl)c1)-c1c(Cl)cccc1Cl, CC(C)c1onc(c1COc1ccc(\C=C\c2cccc(c2)C(O)=O)c(Cl)c1)-c1c(Cl)cccc1Cl","BYTNEISLBIENSA-MDZDMXLPSA-N, BYTNEISLBIENSA-MDZDMXLPSA-N, BYTNEISLBIENSA-MDZDMXLPSA-N, BYTNEISLBIENSA-MDZDMXLPSA-N, BYTNEISLBIENSA-MDZDMXLPSA-N, BYTNEISLBIENSA-MDZDMXLPSA-N",Preclinical
GW-438014A,neuropeptide receptor antagonist,NPY5R,,,"Tocris, Tocris, Sigma",98.07,"O=C(Nc1nc2ccccc2n1CCc1ccccc1)c1ccccc1, O=C(Nc1nc2ccccc2n1CCc1ccccc1)c1ccccc1, O=C(Nc1nc2ccccc2n1CCc1ccccc1)c1ccccc1","CDUDZZGLFOFINU-UHFFFAOYSA-N, CDUDZZGLFOFINU-UHFFFAOYSA-N, CDUDZZGLFOFINU-UHFFFAOYSA-N",Preclinical
GW-441756,growth factor receptor inhibitor,NTRK1,,,"Tocris, Selleck",96.24,"Cn1cc(\C=C2/C(=O)Nc3cccnc23)c2ccccc12, Cn1cc(\C=C2/C(=O)Nc3cccnc23)c2ccccc12","NXNQLECPAXXYTR-LCYFTJDESA-N, NXNQLECPAXXYTR-LCYFTJDESA-N",Preclinical
GW-501516,PPAR receptor agonist,"PPARA, PPARD",,,"MedChemEx, MedChemEx, MedChemEx, MedChemEx, MedChemEx, MedChemEx",97.5,"Cc1nc(sc1CSc1ccc(OCC(O)=O)c(C)c1)-c1ccc(cc1)C(F)(F)F, Cc1nc(sc1CSc1ccc(OCC(O)=O)c(C)c1)-c1ccc(cc1)C(F)(F)F, Cc1nc(sc1CSc1ccc(OCC(O)=O)c(C)c1)-c1ccc(cc1)C(F)(F)F, Cc1nc(sc1CSc1ccc(OCC(O)=O)c(C)c1)-c1ccc(cc1)C(F)(F)F, Cc1nc(sc1CSc1ccc(OCC(O)=O)c(C)c1)-c1ccc(cc1)C(F)(F)F, Cc1nc(sc1CSc1ccc(OCC(O)=O)c(C)c1)-c1ccc(cc1)C(F)(F)F","YDBLKRPLXZNVNB-UHFFFAOYSA-N, YDBLKRPLXZNVNB-UHFFFAOYSA-N, YDBLKRPLXZNVNB-UHFFFAOYSA-N, YDBLKRPLXZNVNB-UHFFFAOYSA-N, YDBLKRPLXZNVNB-UHFFFAOYSA-N, YDBLKRPLXZNVNB-UHFFFAOYSA-N",Phase 2
GW-5074,"leucine rich repeat kinase inhibitor, RAF inhibitor","NTRK1, RAF1",,,"Tocris, Selleck, Selleck, Tocris, Tocris, Selleck",58.05,"Oc1c(Br)cc(C=C2C(=O)Nc3ccc(I)cc23)cc1Br, Oc1c(Br)cc(C=C2C(=O)Nc3ccc(I)cc23)cc1Br, Oc1c(Br)cc(C=C2C(=O)Nc3ccc(I)cc23)cc1Br, Oc1c(Br)cc(C=C2C(=O)Nc3ccc(I)cc23)cc1Br, Oc1c(Br)cc(C=C2C(=O)Nc3ccc(I)cc23)cc1Br, Oc1c(Br)cc(C=C2C(=O)Nc3ccc(I)cc23)cc1Br","LMXYVLFTZRPNRV-UHFFFAOYSA-N, LMXYVLFTZRPNRV-UHFFFAOYSA-N, LMXYVLFTZRPNRV-UHFFFAOYSA-N, LMXYVLFTZRPNRV-UHFFFAOYSA-N, LMXYVLFTZRPNRV-UHFFFAOYSA-N, LMXYVLFTZRPNRV-UHFFFAOYSA-N",Phase 1/Phase 2
GW-542573X,calcium channel activator,KCNN1,,,"Tocris, Tocris, Tocris",95.23,"COc1ccccc1NC(=O)OCC1CCN(CC1)C(=O)OC(C)(C)C, COc1ccccc1NC(=O)OCC1CCN(CC1)C(=O)OC(C)(C)C, COc1ccccc1NC(=O)OCC1CCN(CC1)C(=O)OC(C)(C)C","SAXGSDIZIYFNKD-UHFFFAOYSA-N, SAXGSDIZIYFNKD-UHFFFAOYSA-N, SAXGSDIZIYFNKD-UHFFFAOYSA-N",Preclinical
GW-583340,EGFR inhibitor,"EGFR, ERBB2",,,"Tocris, Tocris, Tocris",94.85,"CS(=O)(=O)CCNCc1nc(cs1)-c1ccc2ncnc(Nc3ccc(OCc4cccc(F)c4)c(Cl)c3)c2c1, CS(=O)(=O)CCNCc1nc(cs1)-c1ccc2ncnc(Nc3ccc(OCc4cccc(F)c4)c(Cl)c3)c2c1, CS(=O)(=O)CCNCc1nc(cs1)-c1ccc2ncnc(Nc3ccc(OCc4cccc(F)c4)c(Cl)c3)c2c1","MNNXRVSQOABRRP-UHFFFAOYSA-N, MNNXRVSQOABRRP-UHFFFAOYSA-N, MNNXRVSQOABRRP-UHFFFAOYSA-N",Preclinical
GW-627368,prostanoid receptor antagonist,PTGER4,,,"Tocris, Tocris",99.49,"CCOc1c2CN(C(=O)c2c(OCC)c2ccccc12)c1ccc(CC(=O)NS(=O)(=O)c2ccccc2)cc1, CCOc1c2CN(C(=O)c2c(OCC)c2ccccc12)c1ccc(CC(=O)NS(=O)(=O)c2ccccc2)cc1","XREWXJVMYAXCJV-UHFFFAOYSA-N, XREWXJVMYAXCJV-UHFFFAOYSA-N",Preclinical
GW-6471,PPAR receptor antagonist,PPARA,,,"Tocris, Tocris, Tocris, Tocris",97.24,"CCC(=O)NC[C@H](Cc1ccc(OCCc2nc(oc2C)-c2ccccc2)cc1)N\C(C)=C/C(=O)c1ccc(cc1)C(F)(F)F, CCC(=O)NC[C@H](Cc1ccc(OCCc2nc(oc2C)-c2ccccc2)cc1)N\C(C)=C/C(=O)c1ccc(cc1)C(F)(F)F, CCC(=O)NC[C@H](Cc1ccc(OCCc2nc(oc2C)-c2ccccc2)cc1)N\C(C)=C/C(=O)c1ccc(cc1)C(F)(F)F, CCC(=O)NC[C@H](Cc1ccc(OCCc2nc(oc2C)-c2ccccc2)cc1)N\C(C)=C/C(=O)c1ccc(cc1)C(F)(F)F","TYEFSRMOUXWTDN-DYQICHDWSA-N, TYEFSRMOUXWTDN-DYQICHDWSA-N, TYEFSRMOUXWTDN-DYQICHDWSA-N, TYEFSRMOUXWTDN-DYQICHDWSA-N",Preclinical
GW-7647,PPAR receptor agonist,PPARA,,,"Tocris, Tocris, Tocris",97.97,"CC(C)(Sc1ccc(CCN(CCCCC2CCCCC2)C(=O)NC2CCCCC2)cc1)C(O)=O, CC(C)(Sc1ccc(CCN(CCCCC2CCCCC2)C(=O)NC2CCCCC2)cc1)C(O)=O, CC(C)(Sc1ccc(CCN(CCCCC2CCCCC2)C(=O)NC2CCCCC2)cc1)C(O)=O","PKNYXWMTHFMHKD-UHFFFAOYSA-N, PKNYXWMTHFMHKD-UHFFFAOYSA-N, PKNYXWMTHFMHKD-UHFFFAOYSA-N",Preclinical
GW-788388,ALK tyrosine kinase receptor inhibitor,"LCK, MAPK14, TGFBR1",,,"Tocris, Tocris, Selleck, Selleck",97.82,"O=C(NC1CCOCC1)c1ccc(cc1)-c1cc(ccn1)-c1c[nH]nc1-c1ccccn1, O=C(NC1CCOCC1)c1ccc(cc1)-c1cc(ccn1)-c1c[nH]nc1-c1ccccn1, O=C(NC1CCOCC1)c1ccc(cc1)-c1cc(ccn1)-c1c[nH]nc1-c1ccccn1, O=C(NC1CCOCC1)c1ccc(cc1)-c1cc(ccn1)-c1c[nH]nc1-c1ccccn1","SAGZIBJAQGBRQA-UHFFFAOYSA-N, SAGZIBJAQGBRQA-UHFFFAOYSA-N, SAGZIBJAQGBRQA-UHFFFAOYSA-N, SAGZIBJAQGBRQA-UHFFFAOYSA-N",Preclinical
GW-803430,melanin inhibitor,"KCNH2, MCHR1",,,"Tocris, Tocris",93.27,"COc1cc(ccc1OCCN1CCCC1)-n1cnc2cc(sc2c1=O)-c1ccc(Cl)cc1, COc1cc(ccc1OCCN1CCCC1)-n1cnc2cc(sc2c1=O)-c1ccc(Cl)cc1","MWULMTACIBZPGN-UHFFFAOYSA-N, MWULMTACIBZPGN-UHFFFAOYSA-N",Phase 1
GW-842166,cannabinoid receptor agonist,CNR2,,,"MedChemEx, MedChemEx, Selleck",97.52,"FC(F)(F)c1nc(Nc2ccc(Cl)cc2Cl)ncc1C(=O)NCC1CCOCC1, FC(F)(F)c1nc(Nc2ccc(Cl)cc2Cl)ncc1C(=O)NCC1CCOCC1, FC(F)(F)c1nc(Nc2ccc(Cl)cc2Cl)ncc1C(=O)NCC1CCOCC1","TWQYWUXBZHPIIV-UHFFFAOYSA-N, TWQYWUXBZHPIIV-UHFFFAOYSA-N, TWQYWUXBZHPIIV-UHFFFAOYSA-N",Phase 2
GW-843682X,PLK inhibitor,"PLK1, PLK3",,,"Tocris, Tocris, Tocris, Tocris, Tocris",98.98,"COc1cc2ncn(-c3cc(OCc4ccccc4C(F)(F)F)c(s3)C(N)=O)c2cc1OC, COc1cc2ncn(-c3cc(OCc4ccccc4C(F)(F)F)c(s3)C(N)=O)c2cc1OC, COc1cc2ncn(-c3cc(OCc4ccccc4C(F)(F)F)c(s3)C(N)=O)c2cc1OC, COc1cc2ncn(-c3cc(OCc4ccccc4C(F)(F)F)c(s3)C(N)=O)c2cc1OC, COc1cc2ncn(-c3cc(OCc4ccccc4C(F)(F)F)c(s3)C(N)=O)c2cc1OC","JSKUWFIZUALZLX-UHFFFAOYSA-N, JSKUWFIZUALZLX-UHFFFAOYSA-N, JSKUWFIZUALZLX-UHFFFAOYSA-N, JSKUWFIZUALZLX-UHFFFAOYSA-N, JSKUWFIZUALZLX-UHFFFAOYSA-N",Preclinical
GW-9508,"free fatty acid receptor agonist, G protein-coupled receptor agonist","FFAR1, FFAR4",,,"Tocris, Tocris, Tocris, Selleck",94.17,"OC(=O)CCc1ccc(NCc2cccc(Oc3ccccc3)c2)cc1, OC(=O)CCc1ccc(NCc2cccc(Oc3ccccc3)c2)cc1, OC(=O)CCc1ccc(NCc2cccc(Oc3ccccc3)c2)cc1, OC(=O)CCc1ccc(NCc2cccc(Oc3ccccc3)c2)cc1","DGENZVKCTGIDRZ-UHFFFAOYSA-N, DGENZVKCTGIDRZ-UHFFFAOYSA-N, DGENZVKCTGIDRZ-UHFFFAOYSA-N, DGENZVKCTGIDRZ-UHFFFAOYSA-N",Preclinical
GW-9662,PPAR receptor antagonist,"NCOA2, PPARG, RXRA",,,"Tocris, Selleck, Tocris",98.73,"[O-][N+](=O)c1ccc(Cl)c(c1)C(=O)Nc1ccccc1, [O-][N+](=O)c1ccc(Cl)c(c1)C(=O)Nc1ccccc1, [O-][N+](=O)c1ccc(Cl)c(c1)C(=O)Nc1ccccc1","DNTSIBUQMRRYIU-UHFFFAOYSA-N, DNTSIBUQMRRYIU-UHFFFAOYSA-N, DNTSIBUQMRRYIU-UHFFFAOYSA-N",Preclinical
GW274150,nitric oxide synthase inhibitor,,,,MedChemEx,0,CC(=N)NCCSCC[C@H](N)C(O)=O,MOLOJNHYNHBPCW-ZETCQYMHSA-N,Phase 2
GYKI-52466,glutamate receptor antagonist,"GRIA1, GRIA2, GRIA3, GRIA4",,,"Tocris, Tocris, Tocris, Tocris",99,"CC1=NN=C(c2ccc(N)cc2)c2cc3OCOc3cc2C1 |t:1,3|, CC1=NN=C(c2ccc(N)cc2)c2cc3OCOc3cc2C1 |t:1,3|, CC1=NN=C(c2ccc(N)cc2)c2cc3OCOc3cc2C1 |t:1,3|, CC1=NN=C(c2ccc(N)cc2)c2cc3OCOc3cc2C1 |t:1,3|","LFBZZHVSGAHQPP-UHFFFAOYSA-N, LFBZZHVSGAHQPP-UHFFFAOYSA-N, InChI=1S/C17H15N3O2/c1-10-6-12-7-15-16(22-9-21-15)8-14(12)17(20-19-10)11-2-4-13(18)5-3-11/h2-5,7-8H,6,9,18H2,1H3, InChI=1S/C17H15N3O2/c1-10-6-12-7-15-16(22-9-21-15)8-14(12)17(20-19-10)11-2-4-13(18)5-3-11/h2-5,7-8H,6,9,18H2,1H3",Preclinical
gynostemma-extract,calcium channel modulator,,,,"MedChemEx, Selleck, Selleck",2.21,"CC(C)=CCC[C@](C)(O[C@@H]1O[C@H](CO[C@@H]2OC[C@@H](O)[C@H](O)[C@H]2O)[C@@H](O)[C@H](O)[C@H]1O)[C@H]1CC[C@]2(C)[C@@H]1[C@H](O)C[C@@H]1[C@@]3(C)CC[C@H](O[C@@H]4O[C@H](CO)[C@@H](O)[C@H](O)[C@H]4O)C(C)(C)[C@@H]3CC[C@@]21C, CC(C)=CCC[C@](C)(O[C@@H]1O[C@H](CO[C@@H]2OC[C@@H](O)[C@H](O)[C@H]2O)[C@@H](O)[C@H](O)[C@H]1O)[C@H]1CC[C@]2(C)[C@@H]1[C@H](O)C[C@@H]1[C@@]3(C)CC[C@H](O[C@@H]4O[C@H](CO)[C@@H](O)[C@H](O)[C@H]4O)C(C)(C)[C@@H]3CC[C@@]21C, CC(C)=CCC[C@](C)(O[C@@H]1O[C@H](CO[C@@H]2OC[C@@H](O)[C@H](O)[C@H]2O)[C@@H](O)[C@H](O)[C@H]1O)[C@H]1CC[C@]2(C)[C@@H]1[C@H](O)C[C@@H]1[C@@]3(C)CC[C@H](O[C@@H]4O[C@H](CO)[C@@H](O)[C@H](O)[C@H]4O)C(C)(C)[C@@H]3CC[C@@]21C","ZTQSADJAYQOCDD-HUGMCNGHSA-N, ZTQSADJAYQOCDD-HUGMCNGHSA-N, ZTQSADJAYQOCDD-HUGMCNGHSA-N",Phase 2
GZD824,Bcr-Abl kinase inhibitor,"ABL1, BCR",,,"Selleck, Selleck, Selleck, Selleck, Selleck, Selleck, Selleck",96.81,"CN1CCN(Cc2ccc(NC(=O)c3ccc(C)c(c3)C#Cc3cnc4n[nH]cc4c3)cc2C(F)(F)F)CC1, CN1CCN(Cc2ccc(NC(=O)c3ccc(C)c(c3)C#Cc3cnc4n[nH]cc4c3)cc2C(F)(F)F)CC1, CN1CCN(Cc2ccc(NC(=O)c3ccc(C)c(c3)C#Cc3cnc4n[nH]cc4c3)cc2C(F)(F)F)CC1, CN1CCN(Cc2ccc(NC(=O)c3ccc(C)c(c3)C#Cc3cnc4n[nH]cc4c3)cc2C(F)(F)F)CC1, CN1CCN(Cc2ccc(NC(=O)c3ccc(C)c(c3)C#Cc3cnc4n[nH]cc4c3)cc2C(F)(F)F)CC1, CN1CCN(Cc2ccc(NC(=O)c3ccc(C)c(c3)C#Cc3cnc4n[nH]cc4c3)cc2C(F)(F)F)CC1, CN1CCN(Cc2ccc(NC(=O)c3ccc(C)c(c3)C#Cc3cnc4n[nH]cc4c3)cc2C(F)(F)F)CC1","TZKBVRDEOITLRB-UHFFFAOYSA-N, TZKBVRDEOITLRB-UHFFFAOYSA-N, TZKBVRDEOITLRB-UHFFFAOYSA-N, TZKBVRDEOITLRB-UHFFFAOYSA-N, TZKBVRDEOITLRB-UHFFFAOYSA-N, TZKBVRDEOITLRB-UHFFFAOYSA-N, TZKBVRDEOITLRB-UHFFFAOYSA-N",Preclinical
G007-LK,tankyrase inhibitor,"TNKS, TNKS2",,,MedChemEx,97.94,CS(=O)(=O)c1ccc(nc1)-c1nnc(\C=C\c2nnc(o2)-c2ccc(cc2)C#N)n1-c1ccccc1Cl,HIWVLHPKZNBSBE-OUKQBFOZSA-N,Preclinical
H-151,STING antagonist,,,,MedChemEx,84.87,CCc1ccc(NC(=O)Nc2c[nH]c3ccccc23)cc1,UJZDIKVQFMCLBE-UHFFFAOYSA-N,Preclinical
H-89,PKA inhibitor,"GSG2, PKIA, PRKACA",,,"Selleck, Selleck, Selleck, Selleck, Selleck, Tocris, Tocris",97.93,"Brc1ccc(\C=C\CNCCNS(=O)(=O)c2cccc3cnccc23)cc1, Brc1ccc(\C=C\CNCCNS(=O)(=O)c2cccc3cnccc23)cc1, Brc1ccc(\C=C\CNCCNS(=O)(=O)c2cccc3cnccc23)cc1, Brc1ccc(\C=C\CNCCNS(=O)(=O)c2cccc3cnccc23)cc1, Brc1ccc(\C=C\CNCCNS(=O)(=O)c2cccc3cnccc23)cc1, Brc1ccc(\C=C\CNCCNS(=O)(=O)c2cccc3cnccc23)cc1, Brc1ccc(\C=C\CNCCNS(=O)(=O)c2cccc3cnccc23)cc1","ZKZXNDJNWUTGDK-NSCUHMNNSA-N, ZKZXNDJNWUTGDK-NSCUHMNNSA-N, ZKZXNDJNWUTGDK-NSCUHMNNSA-N, ZKZXNDJNWUTGDK-NSCUHMNNSA-N, ZKZXNDJNWUTGDK-NSCUHMNNSA-N, ZKZXNDJNWUTGDK-NSCUHMNNSA-N, ZKZXNDJNWUTGDK-NSCUHMNNSA-N",Preclinical
HA-1004,calcium channel blocker,,,,"Enzo, Enzo, Enzo",98.82,"NC(=N)NCCNS(=O)(=O)c1cccc2cnccc12, NC(=N)NCCNS(=O)(=O)c1cccc2cnccc12, NC(=N)NCCNS(=O)(=O)c1cccc2cnccc12","MZNDNBFMSVMUCX-UHFFFAOYSA-N, MZNDNBFMSVMUCX-UHFFFAOYSA-N, MZNDNBFMSVMUCX-UHFFFAOYSA-N",Phase 2
HA-130,autotaxin inhibitor,ENPP2,,,"Tocris, Tocris",97.61,"OB(O)c1cccc(COc2ccc(\C=C3/SC(=O)N(Cc4ccc(F)cc4)C3=O)cc2)c1, OB(O)c1cccc(COc2ccc(\C=C3/SC(=O)N(Cc4ccc(F)cc4)C3=O)cc2)c1","VTNKMYWFWQTEHE-XKZIYDEJSA-N, VTNKMYWFWQTEHE-XKZIYDEJSA-N",Preclinical
HA-966-(R)-(+),glutamate receptor agonist,GRIA1,,,"Tocris, Tocris, Tocris",100,"N[C@@H]1CCN(O)C1=O, N[C@@H]1CCN(O)C1=O, N[C@@H]1CCN(O)C1=O","HCKUBNLZMKAEIN-GSVOUGTGSA-N, HCKUBNLZMKAEIN-GSVOUGTGSA-N, HCKUBNLZMKAEIN-GSVOUGTGSA-N",Preclinical
HA-966-(S)-(-),glutamate receptor antagonist,GRIA1,,,"Tocris, Tocris",100,"N[C@H]1CCN(O)C1=O, N[C@H]1CCN(O)C1=O","HCKUBNLZMKAEIN-VKHMYHEASA-N, HCKUBNLZMKAEIN-VKHMYHEASA-N",Preclinical
halazone,,,infectious disease,disinfectant,"Sigma, MicroSource",0,"OC(=O)c1ccc(cc1)S(=O)(=O)N(Cl)Cl, OC(=O)c1ccc(cc1)S(=O)(=O)N(Cl)Cl","XPDVQPODLRGWPL-UHFFFAOYSA-N, XPDVQPODLRGWPL-UHFFFAOYSA-N",Launched
halcinonide,glucocorticoid receptor agonist,NR3C1,dermatology,corticosteroid-responsive dermatoses,"MedChemEx, Selleck, Selleck, Selleck, Selleck, Selleck",93.96,"CC1(C)O[C@@H]2C[C@H]3[C@@H]4CCC5=CC(=O)CC[C@]5(C)[C@@]4(F)[C@@H](O)C[C@]3(C)[C@@]2(O1)C(=O)CCl |t:10|, CC1(C)O[C@@H]2C[C@H]3[C@@H]4CCC5=CC(=O)CC[C@]5(C)[C@@]4(F)[C@@H](O)C[C@]3(C)[C@@]2(O1)C(=O)CCl |t:10|, CC1(C)O[C@@H]2C[C@H]3[C@@H]4CCC5=CC(=O)CC[C@]5(C)[C@@]4(F)[C@@H](O)C[C@]3(C)[C@@]2(O1)C(=O)CCl |t:10|, CC1(C)O[C@@H]2C[C@H]3[C@@H]4CCC5=CC(=O)CC[C@]5(C)[C@@]4(F)[C@@H](O)C[C@]3(C)[C@@]2(O1)C(=O)CCl |t:10|, CC1(C)O[C@@H]2C[C@H]3[C@@H]4CCC5=CC(=O)CC[C@]5(C)[C@@]4(F)[C@@H](O)C[C@]3(C)[C@@]2(O1)C(=O)CCl |t:10|, CC1(C)O[C@@H]2C[C@H]3[C@@H]4CCC5=CC(=O)CC[C@]5(C)[C@@]4(F)[C@@H](O)C[C@]3(C)[C@@]2(O1)C(=O)CCl |t:10|","MUQNGPZZQDCDFT-JNQJZLCISA-N, MUQNGPZZQDCDFT-JNQJZLCISA-N, MUQNGPZZQDCDFT-JNQJZLCISA-N, MUQNGPZZQDCDFT-JNQJZLCISA-N, MUQNGPZZQDCDFT-JNQJZLCISA-N, MUQNGPZZQDCDFT-JNQJZLCISA-N",Launched
halobetasol-propionate,glucocorticoid receptor agonist,"NR3C1, PLA2G1B",dermatology,corticosteroid-responsive dermatoses,Selleck,88.69,"CCC(=O)O[C@@]1([C@@H](C)C[C@H]2[C@@H]3C[C@H](F)C4=CC(=O)C=C[C@]4(C)[C@@]3(F)[C@@H](O)C[C@]12C)C(=O)CCl |c:18,t:14|",BDSYKGHYMJNPAB-LICBFIPMSA-N,Launched
halofantrine,antimalarial agent,KCNN4,infectious disease,malaria,"Enzo, MedChemEx",98.32,"CCCCN(CCCC)CC[C@@H](O)c1cc2c(Cl)cc(Cl)cc2c2cc(ccc12)C(F)(F)F |&1:11|, CCCCN(CCCC)CC[C@@H](O)c1cc2c(Cl)cc(Cl)cc2c2cc(ccc12)C(F)(F)F |&1:11|","FOHHNHSLJDZUGQ-RUZDIDTESA-N, FOHHNHSLJDZUGQ-RUZDIDTESA-N",Launched
halofuginone,collagenase inhibitor,"COL1A1, MMP2",rheumatology,scleroderma,"EMDBio, EMDBio, EMDBio, EMDBio, EMDBio",96.04,"O[C@H]1CCCN[C@@H]1CC(=O)Cn1cnc2cc(Br)c(Cl)cc2c1=O, O[C@H]1CCCN[C@@H]1CC(=O)Cn1cnc2cc(Br)c(Cl)cc2c1=O, O[C@H]1CCCN[C@@H]1CC(=O)Cn1cnc2cc(Br)c(Cl)cc2c1=O, O[C@H]1CCCN[C@@H]1CC(=O)Cn1cnc2cc(Br)c(Cl)cc2c1=O, O[C@H]1CCCN[C@@H]1CC(=O)Cn1cnc2cc(Br)c(Cl)cc2c1=O","LVASCWIMLIKXLA-CABCVRRESA-N, LVASCWIMLIKXLA-CABCVRRESA-N, LVASCWIMLIKXLA-CABCVRRESA-N, LVASCWIMLIKXLA-CABCVRRESA-N, LVASCWIMLIKXLA-CABCVRRESA-N",Launched
halopemide,phospholipase inhibitor,"PLD1, PLD2",,,"Sigma, Sigma, Sigma, Sigma",97.2,"Fc1ccc(cc1)C(=O)NCCN1CCC(CC1)n1c2ccc(Cl)cc2[nH]c1=O, Fc1ccc(cc1)C(=O)NCCN1CCC(CC1)n1c2ccc(Cl)cc2[nH]c1=O, Fc1ccc(cc1)C(=O)NCCN1CCC(CC1)n1c2ccc(Cl)cc2[nH]c1=O, Fc1ccc(cc1)C(=O)NCCN1CCC(CC1)n1c2ccc(Cl)cc2[nH]c1=O","NBHPRWLFLUBAIE-UHFFFAOYSA-N, NBHPRWLFLUBAIE-UHFFFAOYSA-N, NBHPRWLFLUBAIE-UHFFFAOYSA-N, NBHPRWLFLUBAIE-UHFFFAOYSA-N",Phase 2
haloperidol,dopamine receptor antagonist,"DRD1, DRD2, DRD3, DRD4, DRD5, GRIN2B, HRH1, HTR1A, HTR1D, HTR2A, HTR2B, HTR7, KCNH1",neurology/psychiatry,"schizophrenia, Tourette's disorder","Tocris, Selleck, MicroSource, MicroSource",99.67,"OC1(CCN(CCCC(=O)c2ccc(F)cc2)CC1)c1ccc(Cl)cc1, OC1(CCN(CCCC(=O)c2ccc(F)cc2)CC1)c1ccc(Cl)cc1, OC1(CCN(CCCC(=O)c2ccc(F)cc2)CC1)c1ccc(Cl)cc1, OC1(CCN(CCCC(=O)c2ccc(F)cc2)CC1)c1ccc(Cl)cc1","LNEPOXFFQSENCJ-UHFFFAOYSA-N, LNEPOXFFQSENCJ-UHFFFAOYSA-N, LNEPOXFFQSENCJ-UHFFFAOYSA-N, LNEPOXFFQSENCJ-UHFFFAOYSA-N",Launched
haloperidol-decanoate,psychoactive drug,"DRD2, DRD3, DRD4, HTR2A",neurology/psychiatry,schizophrenia,"Key, Key",99.05,"CCCCCCCCCC(=O)OC1(CCN(CCCC(=O)c2ccc(F)cc2)CC1)c1ccc(Cl)cc1, CCCCCCCCCC(=O)OC1(CCN(CCCC(=O)c2ccc(F)cc2)CC1)c1ccc(Cl)cc1","GUTXTARXLVFHDK-UHFFFAOYSA-N, GUTXTARXLVFHDK-UHFFFAOYSA-N",Launched
haloprogin,other antifungal,,infectious disease,tinea pedis,"Prestwick, Prestwick, Prestwick",98.19,"Clc1cc(Cl)c(OCC#CI)cc1Cl, Clc1cc(Cl)c(OCC#CI)cc1Cl, Clc1cc(Cl)c(OCC#CI)cc1Cl","CTETYYAZBPJBHE-UHFFFAOYSA-N, CTETYYAZBPJBHE-UHFFFAOYSA-N, CTETYYAZBPJBHE-UHFFFAOYSA-N",Launched
halothane,glutamate receptor antagonist,"GABRA1, GABRA2, GABRA3, GABRA4, GABRA5, GABRA6, GABRB1, GABRB2, GABRB3, GABRD, GABRE, GABRG1, GABRG2, GABRG3, GABRP, GABRQ, GLRA1, GLRB, KCNK10, KCNK12, KCNK13, KCNK15, KCNK18, KCNK2, KCNK3, KCNK9",neurology/psychiatry,general anaesthetic,"MicroSource, MedChemEx",0,"FC(F)(F)[C@@H](Cl)Br |&1:4,r|, FC(F)(F)[C@@H](Cl)Br |&1:4,r|","BCQZXOMGPXTTIC-PVQJCKRUSA-N, BCQZXOMGPXTTIC-PVQJCKRUSA-N",Launched
harmane,monoamine oxidase inhibitor,"MAOA, MAOB",,,Tocris,97.3,Cc1nccc2c3ccccc3[nH]c12,PSFDQSOCUJVVGF-UHFFFAOYSA-N,Preclinical
harringtonine,protein synthesis inhibitor,,,,"MedChemEx, MedChemEx",79.53,"[H][C@@]12[C@H](OC(=O)[C@@](O)(CCC(C)(C)O)CC(=O)OC)C(OC)=C[C@@]11CCCN1CCc1cc3OCOc3cc21 |c:21|, [H][C@@]12[C@H](OC(=O)[C@@](O)(CCC(C)(C)O)CC(=O)OC)C(OC)=C[C@@]11CCCN1CCc1cc3OCOc3cc21 |c:21|","HAVJATCHLFRDHY-KSZYUSJVSA-N, HAVJATCHLFRDHY-KSZYUSJVSA-N",Phase 3
HA14-1,BCL inhibitor,BCL2,,,"Selleck, Selleck, Selleck",95.14,"CCOC(=O)[C@@H](C#N)[C@H]1C(C(=O)OCC)=C(N)Oc2ccc(Br)cc12 |&1:5,8,r,t:14|, CCOC(=O)[C@@H](C#N)[C@H]1C(C(=O)OCC)=C(N)Oc2ccc(Br)cc12 |&1:5,8,r,t:14|, CCOC(=O)[C@@H](C#N)[C@H]1C(C(=O)OCC)=C(N)Oc2ccc(Br)cc12 |&1:5,8,r,t:14|","SXJDCULZDFWMJC-AAEUAGOBSA-N, SXJDCULZDFWMJC-AAEUAGOBSA-N, SXJDCULZDFWMJC-AAEUAGOBSA-N",Preclinical
HBED,chelating agent,,,,Sigma,77.96,OC(=O)CN(CCN(CC(O)=O)Cc1ccccc1O)Cc1ccccc1O,GRUVVLWKPGIYEG-UHFFFAOYSA-N,Phase 3
HC-030031,TRPA1 channel blocker,TRPA1,,,"Tocris, Tocris, Selleck, Selleck, Selleck, Selleck",98.73,"CC(C)c1ccc(NC(=O)Cn2cnc3n(C)c(=O)n(C)c(=O)c23)cc1, CC(C)c1ccc(NC(=O)Cn2cnc3n(C)c(=O)n(C)c(=O)c23)cc1, CC(C)c1ccc(NC(=O)Cn2cnc3n(C)c(=O)n(C)c(=O)c23)cc1, CC(C)c1ccc(NC(=O)Cn2cnc3n(C)c(=O)n(C)c(=O)c23)cc1, CC(C)c1ccc(NC(=O)Cn2cnc3n(C)c(=O)n(C)c(=O)c23)cc1, CC(C)c1ccc(NC(=O)Cn2cnc3n(C)c(=O)n(C)c(=O)c23)cc1","HEQDZPHDVAOBLN-UHFFFAOYSA-N, HEQDZPHDVAOBLN-UHFFFAOYSA-N, HEQDZPHDVAOBLN-UHFFFAOYSA-N, HEQDZPHDVAOBLN-UHFFFAOYSA-N, HEQDZPHDVAOBLN-UHFFFAOYSA-N, HEQDZPHDVAOBLN-UHFFFAOYSA-N",Phase 1
HC-067047,transient receptor potential channel antagonist,TRPV4,,,"Tocris, Tocris, Tocris, Tocris, Tocris, Tocris, Tocris, Tocris, Tocris",99.51,"Cc1c(cc(-c2ccccc2)n1CCCN1CCOCC1)C(=O)Nc1cccc(c1)C(F)(F)F, Cc1c(cc(-c2ccccc2)n1CCCN1CCOCC1)C(=O)Nc1cccc(c1)C(F)(F)F, Cc1c(cc(-c2ccccc2)n1CCCN1CCOCC1)C(=O)Nc1cccc(c1)C(F)(F)F, Cc1c(cc(-c2ccccc2)n1CCCN1CCOCC1)C(=O)Nc1cccc(c1)C(F)(F)F, Cc1c(cc(-c2ccccc2)n1CCCN1CCOCC1)C(=O)Nc1cccc(c1)C(F)(F)F, Cc1c(cc(-c2ccccc2)n1CCCN1CCOCC1)C(=O)Nc1cccc(c1)C(F)(F)F, Cc1c(cc(-c2ccccc2)n1CCCN1CCOCC1)C(=O)Nc1cccc(c1)C(F)(F)F, Cc1c(cc(-c2ccccc2)n1CCCN1CCOCC1)C(=O)Nc1cccc(c1)C(F)(F)F, Cc1c(cc(-c2ccccc2)n1CCCN1CCOCC1)C(=O)Nc1cccc(c1)C(F)(F)F","NCZYSQOTAYFTNM-UHFFFAOYSA-N, NCZYSQOTAYFTNM-UHFFFAOYSA-N, NCZYSQOTAYFTNM-UHFFFAOYSA-N, NCZYSQOTAYFTNM-UHFFFAOYSA-N, NCZYSQOTAYFTNM-UHFFFAOYSA-N, NCZYSQOTAYFTNM-UHFFFAOYSA-N, NCZYSQOTAYFTNM-UHFFFAOYSA-N, NCZYSQOTAYFTNM-UHFFFAOYSA-N, NCZYSQOTAYFTNM-UHFFFAOYSA-N",Preclinical
HC-070,transient receptor potential channel antagonist,,,,MedChemEx,96.18,Cn1c2nc(Oc3cccc(Cl)c3)n(Cc3ccc(Cl)cc3)c2c(=O)n(CCCO)c1=O,VYJPVPHNGWEIBT-UHFFFAOYSA-N,Preclinical
heclin,ubiquitin ligase inhibitor,"NEDD4, SMURF2, WWP1",,,"Tocris, Tocris, Tocris, Tocris",98.29,"CCc1ccc(\C=C\C(=O)Nc2ccc(cc2)C(C)=O)o1, CCc1ccc(\C=C\C(=O)Nc2ccc(cc2)C(C)=O)o1, CCc1ccc(\C=C\C(=O)Nc2ccc(cc2)C(C)=O)o1, CCc1ccc(\C=C\C(=O)Nc2ccc(cc2)C(C)=O)o1","SPTWXRJNCFIDRQ-ZHACJKMWSA-N, SPTWXRJNCFIDRQ-ZHACJKMWSA-N, SPTWXRJNCFIDRQ-ZHACJKMWSA-N, SPTWXRJNCFIDRQ-ZHACJKMWSA-N",Preclinical
HEMADO,adenosine receptor agonist,"ADORA1, ADORA2A, ADORA2B, ADORA3",,,"Tocris, Tocris, Tocris",96.56,"CCCCC#Cc1nc(NC)c2ncn([C@@H]3O[C@H](CO)[C@@H](O)[C@H]3O)c2n1, CCCCC#Cc1nc(NC)c2ncn([C@@H]3O[C@H](CO)[C@@H](O)[C@H]3O)c2n1, CCCCC#Cc1nc(NC)c2ncn([C@@H]3O[C@H](CO)[C@@H](O)[C@H]3O)c2n1","KOCIMZNSNPOGOP-IWCJZZDYSA-N, KOCIMZNSNPOGOP-IWCJZZDYSA-N, KOCIMZNSNPOGOP-IWCJZZDYSA-N",Preclinical
hematoporphyrin,,,neurology/psychiatry,"depression, psychosis","Sigma, Sigma",16.61,"C[C@@H](O)c1c(C)c2cc3[nH]c(cc4[nH]c(cc5nc(cc1n2)c(C)c5[C@@H](C)O)c(C)c4CCC(O)=O)c(CCC(O)=O)c3C |&1:25,&2:1,r|, C[C@@H](O)c1c(C)c2cc3[nH]c(cc4[nH]c(cc5nc(cc1n2)c(C)c5[C@@H](C)O)c(C)c4CCC(O)=O)c(CCC(O)=O)c3C |&1:25,&2:1,r|","DWZDGMDDUHAIQA-XEAGYAAOSA-N, DWZDGMDDUHAIQA-XEAGYAAOSA-N",Launched
hematoxylin,,,,,"Selleck, Selleck, Selleck",94.58,"Oc1ccc2[C@H]3c4cc(O)c(O)cc4C[C@@]3(O)COc2c1O, Oc1ccc2[C@H]3c4cc(O)c(O)cc4C[C@@]3(O)COc2c1O, Oc1ccc2[C@H]3c4cc(O)c(O)cc4C[C@@]3(O)COc2c1O","WZUVPPKBWHMQCE-XJKSGUPXSA-N, WZUVPPKBWHMQCE-XJKSGUPXSA-N, WZUVPPKBWHMQCE-XJKSGUPXSA-N",Preclinical
hemin,enzyme inducer,,"hematology, cardiology","acute intermittent porphyria (AIP), hypertension, ventricular tachycardia (VT)","Sigma, Sigma, Sigma",93.7,"CC1=C(CCC(O)=O)\C2=C\c3c(CCC(O)=O)c(C)c4\C=C5/N=C(/C=c6/c(C=C)c(C)\c(=C\C1=N2)n6[Fe](O)n34)C(C)=C5C=C |c:1,20,34,45,t:8,22,24,31|, CC1=C(CCC(O)=O)\C2=C\c3c(CCC(O)=O)c(C)c4\C=C5/N=C(/C=c6/c(C=C)c(C)\c(=C\C1=N2)n6[Fe](O)n34)C(C)=C5C=C |c:1,20,34,45,t:8,22,24,31|, CC1=C(CCC(O)=O)\C2=C\c3c(CCC(O)=O)c(C)c4\C=C5/N=C(/C=c6/c(C=C)c(C)\c(=C\C1=N2)n6[Fe](O)n34)C(C)=C5C=C |c:1,20,34,45,t:8,22,24,31|","BMUDPLZKKRQECS-HXFTUNQESA-K, BMUDPLZKKRQECS-HXFTUNQESA-K, BMUDPLZKKRQECS-HXFTUNQESA-K",Launched
hemomex-s,,PPARG,,,"MedChemEx, MedChemEx, MedChemEx",90.75,"CC(C)=CCC[C@](C)(O)[C@H]1CC[C@]2(C)[C@@H]1[C@H](O)C[C@@H]1[C@@]3(C)CC[C@H](O)C(C)(C)[C@@H]3[C@@H](O)C[C@@]21C, CC(C)=CCC[C@](C)(O)[C@H]1CC[C@]2(C)[C@@H]1[C@H](O)C[C@@H]1[C@@]3(C)CC[C@H](O)C(C)(C)[C@@H]3[C@@H](O)C[C@@]21C, CC(C)=CCC[C@](C)(O)[C@H]1CC[C@]2(C)[C@@H]1[C@H](O)C[C@@H]1[C@@]3(C)CC[C@H](O)C(C)(C)[C@@H]3[C@@H](O)C[C@@]21C","SHCBCKBYTHZQGZ-CJPZEJHVSA-N, SHCBCKBYTHZQGZ-CJPZEJHVSA-N, SHCBCKBYTHZQGZ-CJPZEJHVSA-N",Launched
hepsulfam,DNA cross-linking,,,,MedChemEx,85.4,NS(=O)(=O)OCCCCCCCOS(N)(=O)=O,GOJJWDOZNKBUSR-UHFFFAOYSA-N,Preclinical
heptaminol,vasoconstrictor,,cardiology,hypotension,"MicroSource, MedChemEx, MedChemEx",100,"C[C@@H](N)CCCC(C)(C)O |&1:1|, C[C@@H](N)CCCC(C)(C)O |&1:1|, C[C@@H](N)CCCC(C)(C)O |&1:1|","LREQLEBVOXIEOM-SSDOTTSWSA-N, LREQLEBVOXIEOM-SSDOTTSWSA-N, LREQLEBVOXIEOM-SSDOTTSWSA-N",Launched
HER2-Inhibitor-1,EGFR inhibitor,,,,"MedChemEx, Selleck",92.93,"Cc1cc(Nc2ncnc3ccc(cc23)-c2ccc(CNCCS(C)(=O)=O)o2)ccc1Oc1ccn2ncnc2c1, Cc1cc(Nc2ncnc3ccc(cc23)-c2ccc(CNCCS(C)(=O)=O)o2)ccc1Oc1ccn2ncnc2c1","QVMNYGOVNWWFKF-UHFFFAOYSA-N, QVMNYGOVNWWFKF-UHFFFAOYSA-N",Preclinical
hesperadin,Aurora kinase inhibitor,AURKB,,,"Selleck, Selleck, Selleck, Tocris, Tocris, Tocris, Tocris, Tocris",96.66,"CCS(=O)(=O)Nc1ccc2NC(=O)\C(=C(/Nc3ccc(CN4CCCCC4)cc3)c3ccccc3)c2c1, CCS(=O)(=O)Nc1ccc2NC(=O)\C(=C(/Nc3ccc(CN4CCCCC4)cc3)c3ccccc3)c2c1, CCS(=O)(=O)Nc1ccc2NC(=O)\C(=C(/Nc3ccc(CN4CCCCC4)cc3)c3ccccc3)c2c1, CCS(=O)(=O)Nc1ccc2NC(=O)\C(=C(/Nc3ccc(CN4CCCCC4)cc3)c3ccccc3)c2c1, CCS(=O)(=O)Nc1ccc2NC(=O)\C(=C(/Nc3ccc(CN4CCCCC4)cc3)c3ccccc3)c2c1, CCS(=O)(=O)Nc1ccc2NC(=O)\C(=C(/Nc3ccc(CN4CCCCC4)cc3)c3ccccc3)c2c1, CCS(=O)(=O)Nc1ccc2NC(=O)\C(=C(/Nc3ccc(CN4CCCCC4)cc3)c3ccccc3)c2c1, CCS(=O)(=O)Nc1ccc2NC(=O)\C(=C(/Nc3ccc(CN4CCCCC4)cc3)c3ccccc3)c2c1","GLDSKRNGVVYJAB-DQSJHHFOSA-N, GLDSKRNGVVYJAB-DQSJHHFOSA-N, GLDSKRNGVVYJAB-DQSJHHFOSA-N, GLDSKRNGVVYJAB-DQSJHHFOSA-N, GLDSKRNGVVYJAB-DQSJHHFOSA-N, GLDSKRNGVVYJAB-DQSJHHFOSA-N, GLDSKRNGVVYJAB-DQSJHHFOSA-N, GLDSKRNGVVYJAB-DQSJHHFOSA-N",Preclinical
hesperetin,ACAT inhibitor,"DGAT1, MTTP, SOAT1, SOAT2",,,"MedChemEx, MedChemEx, Selleck, Selleck",98.16,"COc1ccc(cc1O)[C@@H]1CC(=O)c2c(O)cc(O)cc2O1, COc1ccc(cc1O)[C@@H]1CC(=O)c2c(O)cc(O)cc2O1, COc1ccc(cc1O)[C@@H]1CC(=O)c2c(O)cc(O)cc2O1, COc1ccc(cc1O)[C@@H]1CC(=O)c2c(O)cc(O)cc2O1","AIONOLUJZLIMTK-AWEZNQCLSA-N, AIONOLUJZLIMTK-AWEZNQCLSA-N, AIONOLUJZLIMTK-AWEZNQCLSA-N, AIONOLUJZLIMTK-AWEZNQCLSA-N",Launched
hesperidin,flavanone glycoside,"AURKB, CACNA1B",,,"Selleck, Selleck, Selleck, Selleck, Selleck, MedChemEx",91.49,"COc1ccc(cc1O)[C@@H]1CC(=O)c2c(O)cc(O[C@@H]3O[C@H](CO[C@@H]4O[C@@H](C)[C@H](O)[C@@H](O)[C@H]4O)[C@@H](O)[C@H](O)[C@H]3O)cc2O1, COc1ccc(cc1O)[C@@H]1CC(=O)c2c(O)cc(O[C@@H]3O[C@H](CO[C@@H]4O[C@@H](C)[C@H](O)[C@@H](O)[C@H]4O)[C@@H](O)[C@H](O)[C@H]3O)cc2O1, COc1ccc(cc1O)[C@@H]1CC(=O)c2c(O)cc(O[C@@H]3O[C@H](CO[C@@H]4O[C@@H](C)[C@H](O)[C@@H](O)[C@H]4O)[C@@H](O)[C@H](O)[C@H]3O)cc2O1, COc1ccc(cc1O)[C@@H]1CC(=O)c2c(O)cc(O[C@@H]3O[C@H](CO[C@@H]4O[C@@H](C)[C@H](O)[C@@H](O)[C@H]4O)[C@@H](O)[C@H](O)[C@H]3O)cc2O1, COc1ccc(cc1O)[C@@H]1CC(=O)c2c(O)cc(O[C@@H]3O[C@H](CO[C@@H]4O[C@@H](C)[C@H](O)[C@@H](O)[C@H]4O)[C@@H](O)[C@H](O)[C@H]3O)cc2O1, COc1ccc(cc1O)[C@@H]1CC(=O)c2c(O)cc(O[C@@H]3O[C@H](CO[C@@H]4O[C@@H](C)[C@H](O)[C@@H](O)[C@H]4O)[C@@H](O)[C@H](O)[C@H]3O)cc2O1","QUQPHWDTPGMPEX-QJBIFVCTSA-N, QUQPHWDTPGMPEX-QJBIFVCTSA-N, QUQPHWDTPGMPEX-QJBIFVCTSA-N, QUQPHWDTPGMPEX-QJBIFVCTSA-N, QUQPHWDTPGMPEX-QJBIFVCTSA-N, QUQPHWDTPGMPEX-QJBIFVCTSA-N",Launched
hetacillin,bacterial cell wall synthesis inhibitor,,obstetrics/gynecology,mastitis,Toronto,62.75,CC1(C)S[C@@H]2[C@H](N3C(=O)[C@H](NC3(C)C)c3ccccc3)C(=O)N2[C@H]1C(O)=O,DXVUYOAEDJXBPY-NFFDBFGFSA-N,Launched
hexachlorophene,potassium channel activator,"GLUD1, SDHD",infectious disease,gram-positive bacterial infections,"MicroSource, MicroSource, MicroSource, MicroSource, MicroSource, MicroSource, MicroSource, MicroSource, MedChemEx, MedChemEx, MedChemEx, MedChemEx, MedChemEx",98.49,"Oc1c(Cl)cc(Cl)c(Cl)c1Cc1c(O)c(Cl)cc(Cl)c1Cl, Oc1c(Cl)cc(Cl)c(Cl)c1Cc1c(O)c(Cl)cc(Cl)c1Cl, Oc1c(Cl)cc(Cl)c(Cl)c1Cc1c(O)c(Cl)cc(Cl)c1Cl, Oc1c(Cl)cc(Cl)c(Cl)c1Cc1c(O)c(Cl)cc(Cl)c1Cl, Oc1c(Cl)cc(Cl)c(Cl)c1Cc1c(O)c(Cl)cc(Cl)c1Cl, Oc1c(Cl)cc(Cl)c(Cl)c1Cc1c(O)c(Cl)cc(Cl)c1Cl, Oc1c(Cl)cc(Cl)c(Cl)c1Cc1c(O)c(Cl)cc(Cl)c1Cl, Oc1c(Cl)cc(Cl)c(Cl)c1Cc1c(O)c(Cl)cc(Cl)c1Cl, Oc1c(Cl)cc(Cl)c(Cl)c1Cc1c(O)c(Cl)cc(Cl)c1Cl, Oc1c(Cl)cc(Cl)c(Cl)c1Cc1c(O)c(Cl)cc(Cl)c1Cl, Oc1c(Cl)cc(Cl)c(Cl)c1Cc1c(O)c(Cl)cc(Cl)c1Cl, Oc1c(Cl)cc(Cl)c(Cl)c1Cc1c(O)c(Cl)cc(Cl)c1Cl, Oc1c(Cl)cc(Cl)c(Cl)c1Cc1c(O)c(Cl)cc(Cl)c1Cl","ACGUYXCXAPNIKK-UHFFFAOYSA-N, ACGUYXCXAPNIKK-UHFFFAOYSA-N, ACGUYXCXAPNIKK-UHFFFAOYSA-N, ACGUYXCXAPNIKK-UHFFFAOYSA-N, ACGUYXCXAPNIKK-UHFFFAOYSA-N, ACGUYXCXAPNIKK-UHFFFAOYSA-N, ACGUYXCXAPNIKK-UHFFFAOYSA-N, ACGUYXCXAPNIKK-UHFFFAOYSA-N, ACGUYXCXAPNIKK-UHFFFAOYSA-N, ACGUYXCXAPNIKK-UHFFFAOYSA-N, ACGUYXCXAPNIKK-UHFFFAOYSA-N, ACGUYXCXAPNIKK-UHFFFAOYSA-N, ACGUYXCXAPNIKK-UHFFFAOYSA-N",Launched
hexamethonium,cholinergic receptor antagonist,"CHRNA2, CHRNA3, CHRNA4, CHRNA6",,,"MedChemEx, MicroSource, Selleck, Selleck, Selleck, Selleck",100,"C[N+](C)(C)CCCCCC[N+](C)(C)C, C[N+](C)(C)CCCCCC[N+](C)(C)C, C[N+](C)(C)CCCCCC[N+](C)(C)C, C[N+](C)(C)CCCCCC[N+](C)(C)C, C[N+](C)(C)CCCCCC[N+](C)(C)C, C[N+](C)(C)CCCCCC[N+](C)(C)C","VZJFGSRCJCXDSG-UHFFFAOYSA-N, VZJFGSRCJCXDSG-UHFFFAOYSA-N, VZJFGSRCJCXDSG-UHFFFAOYSA-N, VZJFGSRCJCXDSG-UHFFFAOYSA-N, VZJFGSRCJCXDSG-UHFFFAOYSA-N, VZJFGSRCJCXDSG-UHFFFAOYSA-N",Preclinical
hexamethylenebisacetamide,"AKT inhibitor, differentiation inducer, NFKB pathway inhibitor",AKT1,,,"Sigma, Sigma, Sigma",87.14,"CC(=O)NCCCCCCNC(C)=O, CC(=O)NCCCCCCNC(C)=O, CC(=O)NCCCCCCNC(C)=O","BNQSTAOJRULKNX-UHFFFAOYSA-N, BNQSTAOJRULKNX-UHFFFAOYSA-N, BNQSTAOJRULKNX-UHFFFAOYSA-N",Phase 2
hexaminolevulinate,,,radiology,diagnostic agent,"MedChemEx, MedChemEx",100,"CCCCCCOC(=O)CCC(=O)CN, CCCCCCOC(=O)CCC(=O)CN","RYQOILLJDKPETL-UHFFFAOYSA-N, RYQOILLJDKPETL-UHFFFAOYSA-N",Launched
hexasodium-phytate,,,,,TCI,0,OP(O)(=O)O[C@H]1[C@H](OP(O)(O)=O)[C@@H](OP(O)(O)=O)[C@H](OP(O)(O)=O)[C@H](OP(O)(O)=O)[C@@H]1OP(O)(O)=O,IMQLKJBTEOYOSI-GPIVLXJGSA-N,Phase 2
hexestrol,synthetic estrogen,"AKR1C1, ESR1, ESR2",endocrinology,hypoestrogenism,"Selleck, Selleck, Selleck, Selleck",96.98,"CC[C@@H]([C@@H](CC)c1ccc(O)cc1)c1ccc(O)cc1, CC[C@@H]([C@@H](CC)c1ccc(O)cc1)c1ccc(O)cc1, CC[C@@H]([C@@H](CC)c1ccc(O)cc1)c1ccc(O)cc1, CC[C@@H]([C@@H](CC)c1ccc(O)cc1)c1ccc(O)cc1","PBBGSZCBWVPOOL-HDICACEKSA-N, PBBGSZCBWVPOOL-HDICACEKSA-N, PBBGSZCBWVPOOL-HDICACEKSA-N, PBBGSZCBWVPOOL-HDICACEKSA-N",Launched
hexetidine,local anesthetic,,"otolaryngology, infectious disease, dental, gastroenterology","pharyngitis, meningitis, laryngitis, gingivitis, ulcerative colitis","MicroSource, MedChemEx, MedChemEx",25.25,"CCCC[C@H](CC)CN1CN(C[C@H](CC)CCCC)C[C@](C)(N)C1 |&1:12,&2:4,&3:20,r|, CCCC[C@H](CC)CN1CN(C[C@H](CC)CCCC)C[C@](C)(N)C1 |&1:12,&2:4,&3:20,r|, CCCC[C@H](CC)CN1CN(C[C@H](CC)CCCC)C[C@](C)(N)C1 |&1:12,&2:4,&3:20,r|","DTOUUUZOYKYHEP-AERCQKQUSA-N, DTOUUUZOYKYHEP-AERCQKQUSA-N, DTOUUUZOYKYHEP-AERCQKQUSA-N",Launched
hexonic-acid,,,,,"Sigma, AMS",100,"OC[C@@H](O)[C@@H](O)[C@@H](O)[C@@H](O)C(O)=O |&1:2,&2:4,&3:6,&4:8,r|, OC[C@@H](O)[C@@H](O)[C@@H](O)[C@@H](O)C(O)=O |&1:2,&2:4,&3:6,&4:8,r|","RGHNJXZEOKUKBD-TXICZTDVSA-N, RGHNJXZEOKUKBD-TXICZTDVSA-N",Preclinical
hexoprenaline,adrenergic receptor agonist,ADRB2,pulmonary,asthma,Carbosynth,79.95,"O[C@@H](CNCCCCCCNC[C@@H](O)c1ccc(O)c(O)c1)c1ccc(O)c(O)c1 |&1:1,&2:12|",OXLZNBCNGJWPRV-SZPZYZBQSA-N,Launched
hexylcaine,sodium channel blocker,SCN5A,neurology/psychiatry,local anesthetic,"Prestwick, Toronto",96.16,"C[C@@H](CNC1CCCCC1)OC(=O)c1ccccc1 |&1:1|, C[C@@H](CNC1CCCCC1)OC(=O)c1ccccc1 |&1:1|","DKLKMKYDWHYZTD-ZDUSSCGKSA-N, DKLKMKYDWHYZTD-ZDUSSCGKSA-N",Launched
hexylene-glycol,,"AKR1C3, CTPS1, DLG4, HSP90AA1, NOS3, PGF, PLA2G1B, PTPN1, SELP",,,"MicroSource, MedChemEx",15.17,"C[C@@H](O)CC(C)(C)O |&1:1,r|, C[C@@H](O)CC(C)(C)O |&1:1,r|","SVTBMSDMJJWYQN-RXMQYKEDSA-N, SVTBMSDMJJWYQN-RXMQYKEDSA-N",Preclinical
hexylresorcinol,local anesthetic,TYR,infectious disease,"skin infections, first-aid antiseptic","MedChemEx, MicroSource, MicroSource, MicroSource",98.8,"CCCCCCc1ccc(O)cc1O, CCCCCCc1ccc(O)cc1O, CCCCCCc1ccc(O)cc1O, CCCCCCc1ccc(O)cc1O","WFJIVOKAWHGMBH-UHFFFAOYSA-N, WFJIVOKAWHGMBH-UHFFFAOYSA-N, WFJIVOKAWHGMBH-UHFFFAOYSA-N, WFJIVOKAWHGMBH-UHFFFAOYSA-N",Launched
higenamine,adrenergic receptor agonist,ADRB2,,,"Accela, Accela, Accela, Accela",94.65,"Oc1ccc(C[C@H]2NCCc3cc(O)c(O)cc23)cc1 |&1:6|, Oc1ccc(C[C@H]2NCCc3cc(O)c(O)cc23)cc1 |&1:6|, Oc1ccc(C[C@H]2NCCc3cc(O)c(O)cc23)cc1 |&1:6|, Oc1ccc(C[C@H]2NCCc3cc(O)c(O)cc23)cc1 |&1:6|","WZRCQWQRFZITDX-CQSZACIVSA-N, WZRCQWQRFZITDX-CQSZACIVSA-N, WZRCQWQRFZITDX-CQSZACIVSA-N, WZRCQWQRFZITDX-CQSZACIVSA-N",Phase 1
hippuric-acid,,,,,CombiBlocks,97.62,OC(=O)CNC(=O)c1ccccc1,QIAFMBKCNZACKA-UHFFFAOYSA-N,Preclinical
histamine,histamine receptor agonist,"HRH1, HRH2, HRH3, HRH4",allergy,allergic rhinitis,"Tocris, Tocris, Selleck, MicroSource, Selleck, Selleck",100,"NCCc1cnc[nH]1, NCCc1cnc[nH]1, NCCc1cnc[nH]1, NCCc1cnc[nH]1, NCCc1cnc[nH]1, NCCc1cnc[nH]1","NTYJJOPFIAHURM-UHFFFAOYSA-N, NTYJJOPFIAHURM-UHFFFAOYSA-N, NTYJJOPFIAHURM-UHFFFAOYSA-N, NTYJJOPFIAHURM-UHFFFAOYSA-N, NTYJJOPFIAHURM-UHFFFAOYSA-N, NTYJJOPFIAHURM-UHFFFAOYSA-N",Launched
HJC-0350,GTPase inhibitor,RAPGEF4,,,"Tocris, Tocris, Tocris",95.86,"Cc1cc(C)n(c1)S(=O)(=O)c1c(C)cc(C)cc1C, Cc1cc(C)n(c1)S(=O)(=O)c1c(C)cc(C)cc1C, Cc1cc(C)n(c1)S(=O)(=O)c1c(C)cc(C)cc1C","AFZWZVLPIMHLSE-UHFFFAOYSA-N, AFZWZVLPIMHLSE-UHFFFAOYSA-N, AFZWZVLPIMHLSE-UHFFFAOYSA-N",Preclinical
HKI-357,EGFR inhibitor,EGFR,,,"Tocris, Tocris",98.23,"CCOc1cc2ncc(C#N)c(Nc3ccc(OCc4cccc(F)c4)c(Cl)c3)c2cc1NC(=O)\C=C\CN(C)C, CCOc1cc2ncc(C#N)c(Nc3ccc(OCc4cccc(F)c4)c(Cl)c3)c2cc1NC(=O)\C=C\CN(C)C","NERXPXBELDBEPZ-RMKNXTFCSA-N, NERXPXBELDBEPZ-RMKNXTFCSA-N",Phase 1
HLCL-61,protein arginine N-methyltransferase inhibitor,PRMT5,,,"MedChemEx, MedChemEx, MedChemEx",95.64,"CCn1c2ccccc2c2cc(CNCc3ccccc3OC)ccc12, CCn1c2ccccc2c2cc(CNCc3ccccc3OC)ccc12, CCn1c2ccccc2c2cc(CNCc3ccccc3OC)ccc12","FIOIJUCPVZEPFX-UHFFFAOYSA-N, FIOIJUCPVZEPFX-UHFFFAOYSA-N, FIOIJUCPVZEPFX-UHFFFAOYSA-N",Preclinical
HM-30181,P glycoprotein inhibitor,,,,MedChemEx,51.49,COc1cc2CCN(CCc3ccc(cc3)-n3nnc(n3)-c3cc(OC)c(OC)cc3NC(=O)c3cc(=O)c4ccccc4o3)Cc2cc1OC,AHJUHHDDCJQACA-UHFFFAOYSA-N,Phase 1
HMN-214,PLK inhibitor,PLK1,,,Selleck,90.91,COc1ccc(cc1)S(=O)(=O)N(C(C)=O)c1ccccc1\C=C\c1cc[n+]([O-])cc1,OCKHRKSTDPOHEN-BQYQJAHWSA-N,Phase 1
HOKU-81,bronchodilator,,,,MedChemEx,95.17,CC(C)(C)NC[C@H](O)c1ccc(O)cc1Cl |r|,LIXBJWRFCNRAPA-NSHDSACASA-N,Preclinical
homatropine,acetylcholine receptor antagonist,CHRM1,ophthalmology,"uveal tract inflammation, pupil dilation","MedChemEx, MicroSource, MicroSource, Selleck, Selleck",93.54,"CN1[C@H]2CC[C@@H]1C[C@@H](C2)OC(=O)[C@@H](O)c1ccccc1 |a:2,5,7,&1:12,THB:9:7:1:3.4|, CN1[C@H]2CC[C@@H]1C[C@@H](C2)OC(=O)[C@@H](O)c1ccccc1 |a:2,5,7,&1:12,THB:9:7:1:3.4|, CN1[C@H]2CC[C@@H]1C[C@@H](C2)OC(=O)[C@@H](O)c1ccccc1 |a:2,5,7,&1:12,THB:9:7:1:3.4|, CN1[C@H]2CC[C@@H]1C[C@@H](C2)OC(=O)[C@@H](O)c1ccccc1 |a:2,5,7,&1:12,THB:9:7:1:3.4|, CN1[C@H]2CC[C@@H]1C[C@@H](C2)OC(=O)[C@@H](O)c1ccccc1 |a:2,5,7,&1:12,THB:9:7:1:3.4|","ZTVIKZXZYLEVOL-YJNKXOJESA-N, ZTVIKZXZYLEVOL-YJNKXOJESA-N, ZTVIKZXZYLEVOL-YJNKXOJESA-N, ZTVIKZXZYLEVOL-YJNKXOJESA-N, ZTVIKZXZYLEVOL-YJNKXOJESA-N",Launched
homatropine-methylbromide,acetylcholine receptor antagonist,CHRM5,ophthalmology,uveal tract inflammation,MedChemEx,97.64,"C[N+]1(C)[C@H]2CC[C@@H]1C[C@@H](C2)OC(=O)[C@@H](O)c1ccccc1 |a:3,6,8,&1:13,THB:10:8:1:4.5|",WKWOJBUWWZTUQV-JJXSEGSLSA-N,Launched
homidium,,,,,"MicroSource, AMS",91.36,"CC[n+]1c(-c2ccccc2)c2cc(N)ccc2c2ccc(N)cc12, CC[n+]1c(-c2ccccc2)c2cc(N)ccc2c2ccc(N)cc12","QTANTQQOYSUMLC-UHFFFAOYSA-O, QTANTQQOYSUMLC-UHFFFAOYSA-O",Preclinical
homochlorcyclizine,antihistamine,HRH1,allergy,allergic rhinitis,,0,,,Launched
homoharringtonine,protein synthesis inhibitor,RPL3,hematologic malignancy,chronic myeloid leukemia (CML),"Tocris, Tocris, Tocris, Tocris, Tocris, Tocris",95.23,"COC(=O)C[C@](O)(CCCC(C)(C)O)C(=O)O[C@H]1[C@H]2c3cc4OCOc4cc3CCN3CCC[C@]23C=C1OC |c:39|, COC(=O)C[C@](O)(CCCC(C)(C)O)C(=O)O[C@H]1[C@H]2c3cc4OCOc4cc3CCN3CCC[C@]23C=C1OC |c:39|, COC(=O)C[C@](O)(CCCC(C)(C)O)C(=O)O[C@H]1[C@H]2c3cc4OCOc4cc3CCN3CCC[C@]23C=C1OC |c:39|, COC(=O)C[C@](O)(CCCC(C)(C)O)C(=O)O[C@H]1[C@H]2c3cc4OCOc4cc3CCN3CCC[C@]23C=C1OC |c:39|, COC(=O)C[C@](O)(CCCC(C)(C)O)C(=O)O[C@H]1[C@H]2c3cc4OCOc4cc3CCN3CCC[C@]23C=C1OC |c:39|, COC(=O)C[C@](O)(CCCC(C)(C)O)C(=O)O[C@H]1[C@H]2c3cc4OCOc4cc3CCN3CCC[C@]23C=C1OC |c:39|","HYFHYPWGAURHIV-JFIAXGOJSA-N, HYFHYPWGAURHIV-JFIAXGOJSA-N, HYFHYPWGAURHIV-JFIAXGOJSA-N, HYFHYPWGAURHIV-JFIAXGOJSA-N, HYFHYPWGAURHIV-JFIAXGOJSA-N, HYFHYPWGAURHIV-JFIAXGOJSA-N",Launched
homoquinolinic-acid,glutamate receptor agonist,"GRIN1, GRIN2A, GRIN2B, GRIN2C, GRIN2D",,,"Tocris, Tocris, Tocris",100,"OC(=O)Cc1cccnc1C(O)=O, OC(=O)Cc1cccnc1C(O)=O, OC(=O)Cc1cccnc1C(O)=O","HQPMJFFEXJELOQ-UHFFFAOYSA-N, HQPMJFFEXJELOQ-UHFFFAOYSA-N, HQPMJFFEXJELOQ-UHFFFAOYSA-N",Preclinical
homosalate,HSP inducer,,,,"MicroSource, MedChemEx",85.67,"C[C@H]1C[C@@H](CC(C)(C)C1)OC(=O)c1ccccc1O |&1:1,&2:3,r|, C[C@H]1C[C@@H](CC(C)(C)C1)OC(=O)c1ccccc1O |&1:1,&2:3,r|","WSSJONWNBBTCMG-RYUDHWBXSA-N, WSSJONWNBBTCMG-RYUDHWBXSA-N",Preclinical
homoveratrylamine,monoamine oxidase inhibitor,,,,"MedChemEx, Prestwick",77.78,"COc1ccc(CCN)cc1OC, COc1ccc(CCN)cc1OC","ANOUKFYBOAKOIR-UHFFFAOYSA-N, ANOUKFYBOAKOIR-UHFFFAOYSA-N",Preclinical
honokiol,AKT inhibitor,"ALOX5, PTGS1, PTGS2",,,"Tocris, Selleck, Selleck",97.8,"Oc1ccc(cc1CC=C)-c1cc(CC=C)ccc1O, Oc1ccc(cc1CC=C)-c1cc(CC=C)ccc1O, Oc1ccc(cc1CC=C)-c1cc(CC=C)ccc1O","FVYXIJYOAGAUQK-UHFFFAOYSA-N, FVYXIJYOAGAUQK-UHFFFAOYSA-N, FVYXIJYOAGAUQK-UHFFFAOYSA-N",Phase 3
hordenine,,,,,"Selleck, Selleck",88.33,"CN(C)CCc1ccc(O)cc1, CN(C)CCc1ccc(O)cc1","KUBCEEMXQZUPDQ-UHFFFAOYSA-N, KUBCEEMXQZUPDQ-UHFFFAOYSA-N",Preclinical
HP-228,nitric oxide synthase inhibitor,,,,ChemImpex,95.69,CCCC[C@H](NC(C)=O)C(=O)N[C@@H](CCC(N)=O)C(=O)N[C@@H](Cc1c[nH]cn1)C(=O)N[C@H](Cc1ccccc1)C(=O)N[C@@H](CCCNC(N)=N)C(=O)N[C@H](Cc1c[nH]c2ccccc12)C(=O)NCC(N)=O,UHKZNDVUBSEJJO-XAYNKGEHSA-N,Preclinical
hPGDS-IN-1,prostaglandin inhibitor,,,,MedChemEx,98.83,CC(C)(O)c1nc(no1)-c1cccc(CNC(=O)c2cnc(nc2)-c2ccccn2)c1,VJCLAPUACUQZOV-UHFFFAOYSA-N,Preclinical
HPPH,photosensitizing agent,,,,MedChemEx,95.16,CCCCCCO[C@H](C)c1c(C)c2cc3nc([C@@H](CCC(O)=O)[C@@H]3C)c3CC(=O)c4c(C)c(cc5nc(cc1[nH]2)c(C)c5CC)[nH]c34 |&1:7|,PVXGCBZIVFCMJK-AUSGGWNYSA-N,Phase 2
HQK-1001,,,,,"Enamine, Enamine",0,"CCC(C)(C)C(O)=O, CCC(C)(C)C(O)=O","VUAXHMVRKOTJKP-UHFFFAOYSA-N, VUAXHMVRKOTJKP-UHFFFAOYSA-N",Phase 2
HSR6071,antiallergic agent,,,,MedChemEx,96.28,O=C(Nc1nnn[nH]1)c1cncc(n1)N1CCCC1,LUJDHCXCWJFNOJ-UHFFFAOYSA-N,Preclinical
HT-2157,galanin receptor 3 antagonist,,,,MedChemEx,51.12,FC(F)(F)c1cccc(c1)\N=C1/C(=O)N(c2ccccc12)c1ccccc1,TXCGMRVPXUBHAL-PLRJNAJWSA-N,Phase 1/Phase 2
HTH-01-015,protein kinase inhibitor,NUAK1,,,"Tocris, ApexBio",90.24,"CN1c2cc3ccccc3cc2C(=O)N(C)c2c(C)nc(Nc3cnn(c3)C3CCNCC3)nc12, CN1c2cc3ccccc3cc2C(=O)N(C)c2c(C)nc(Nc3cnn(c3)C3CCNCC3)nc12","CHSDJDLAKKAWCI-UHFFFAOYSA-N, CHSDJDLAKKAWCI-UHFFFAOYSA-N",Preclinical
HTHQ,antioxidant,,,,MedChemEx,91.66,CCCCCCOc1cc(C)c(O)c(C)c1C,ATMNQRRJNBCQJO-UHFFFAOYSA-N,Preclinical
HTMT,histamine receptor agonist,HRH4,,,"Tocris, Tocris",86.57,"C[C@@H](CCCCC(=O)Nc1ccc(cc1)C(F)(F)F)NCCc1cnc[nH]1 |&1:1|, C[C@@H](CCCCC(=O)Nc1ccc(cc1)C(F)(F)F)NCCc1cnc[nH]1 |&1:1|","PMKJGGBYYNEYPA-AWEZNQCLSA-N, PMKJGGBYYNEYPA-AWEZNQCLSA-N",Preclinical
huperzine-A,acetylcholinesterase inhibitor,ACHE,,,"MedChemEx, MedChemEx, MedChemEx, Selleck, Selleck, Selleck",86.35,"C\C=C1/[C@@H]2Cc3[nH]c(=O)ccc3[C@@]1(N)CC(C)=C2 |c:18|, C\C=C1/[C@@H]2Cc3[nH]c(=O)ccc3[C@@]1(N)CC(C)=C2 |c:18|, C\C=C1/[C@@H]2Cc3[nH]c(=O)ccc3[C@@]1(N)CC(C)=C2 |c:18|, C\C=C1/[C@@H]2Cc3[nH]c(=O)ccc3[C@@]1(N)CC(C)=C2 |c:18|, C\C=C1/[C@@H]2Cc3[nH]c(=O)ccc3[C@@]1(N)CC(C)=C2 |c:18|, C\C=C1/[C@@H]2Cc3[nH]c(=O)ccc3[C@@]1(N)CC(C)=C2 |c:18|","ZRJBHWIHUMBLCN-YQEJDHNASA-N, ZRJBHWIHUMBLCN-YQEJDHNASA-N, ZRJBHWIHUMBLCN-YQEJDHNASA-N, ZRJBHWIHUMBLCN-YQEJDHNASA-N, ZRJBHWIHUMBLCN-YQEJDHNASA-N, ZRJBHWIHUMBLCN-YQEJDHNASA-N",Phase 2
hyaluronic-acid,,"C1QBP, CD44, HABP2, HAPLN1, HAPLN3, HAPLN4, HMMR, ICAM1, NCAN, VCAN","rheumatology, urology","osteoarthritis, interstitial cystitis (IC)",Sigma,0,CC(=O)N[C@@H]1C[C@H](O)[C@@H](CO)O[C@H]1O[C@H]1[C@H](O)[C@@H](O)[C@H](O)O[C@@H]1C(O)=O,WCDDVEOXEIYWFB-VXORFPGASA-N,Launched
hycanthone,RNA synthesis inhibitor,,infectious disease,schistosomiasis,"MicroSource, MicroSource",88.6,"CCN(CC)CCNc1ccc(CO)c2sc3ccccc3c(=O)c12, CCN(CC)CCNc1ccc(CO)c2sc3ccccc3c(=O)c12","MFZWMTSUNYWVBU-UHFFFAOYSA-N, MFZWMTSUNYWVBU-UHFFFAOYSA-N",Launched
hydralazine,vasodilator,,cardiology,hypertension,"MicroSource, MedChemEx, MedChemEx, Selleck, Selleck",96.45,"NNc1nncc2ccccc12, NNc1nncc2ccccc12, NNc1nncc2ccccc12, N\N=c1/[nH]ncc2ccccc12, N\N=c1/[nH]ncc2ccccc12","RPTUSVTUFVMDQK-UHFFFAOYSA-N, RPTUSVTUFVMDQK-UHFFFAOYSA-N, RPTUSVTUFVMDQK-UHFFFAOYSA-N, RPTUSVTUFVMDQK-UHFFFAOYSA-N, RPTUSVTUFVMDQK-UHFFFAOYSA-N",Launched
"hydrastine-(1R,9S)",tyrosine hydroxylase inhibitor,,,,"MedChemEx, MicroSource, MicroSource",99.03,"COc1ccc2[C@H](OC(=O)c2c1OC)[C@@H]1N(C)CCc2cc3OCOc3cc12, COc1ccc2[C@H](OC(=O)c2c1OC)[C@@H]1N(C)CCc2cc3OCOc3cc12, COc1ccc2[C@H](OC(=O)c2c1OC)[C@@H]1N(C)CCc2cc3OCOc3cc12","JZUTXVTYJDCMDU-MOPGFXCFSA-N, JZUTXVTYJDCMDU-MOPGFXCFSA-N, JZUTXVTYJDCMDU-MOPGFXCFSA-N",Preclinical
hydrastinine,hemostatic agent,,,,Sigma,83.97,C[N+]1=Cc2cc3OCOc3cc2CC1 |t:1|,LGDCROILDUSHQX-UHFFFAOYSA-N,Preclinical
hydrochlorothiazide,thiazide diuretic,"CA1, CA12, CA2, CA4, CA9, KCNMA1, SLC12A3",cardiology,"hypertension, congestive heart failure","Selleck, MicroSource, MicroSource",98.34,"NS(=O)(=O)c1cc2c(NCNS2(=O)=O)cc1Cl, NS(=O)(=O)c1cc2c(NCNS2(=O)=O)cc1Cl, NS(=O)(=O)c1cc2c(NCNS2(=O)=O)cc1Cl","JZUFKLXOESDKRF-UHFFFAOYSA-N, JZUFKLXOESDKRF-UHFFFAOYSA-N, JZUFKLXOESDKRF-UHFFFAOYSA-N",Launched
hydrocortisone,glucocorticoid receptor agonist,"ANXA1, NOS2, NR3C1, NR3C2","dermatology, neurology/psychiatry","eczema, psoriasis, seborrheic dermatitis, itching","Tocris, MicroSource, MicroSource, Selleck, Selleck, Tocris",97.33,"C[C@]12C[C@H](O)[C@H]3[C@@H](CCC4=CC(=O)CC[C@]34C)[C@@H]1CC[C@]2(O)C(=O)CO |t:9|, C[C@]12C[C@H](O)[C@H]3[C@@H](CCC4=CC(=O)CC[C@]34C)[C@@H]1CC[C@]2(O)C(=O)CO |t:9|, C[C@]12C[C@H](O)[C@H]3[C@@H](CCC4=CC(=O)CC[C@]34C)[C@@H]1CC[C@]2(O)C(=O)CO |t:9|, C[C@]12C[C@H](O)[C@H]3[C@@H](CCC4=CC(=O)CC[C@]34C)[C@@H]1CC[C@]2(O)C(=O)CO |t:9|, C[C@]12C[C@H](O)[C@H]3[C@@H](CCC4=CC(=O)CC[C@]34C)[C@@H]1CC[C@]2(O)C(=O)CO |t:9|, C[C@]12C[C@H](O)[C@H]3[C@@H](CCC4=CC(=O)CC[C@]34C)[C@@H]1CC[C@]2(O)C(=O)CO |t:9|","JYGXADMDTFJGBT-VWUMJDOOSA-N, JYGXADMDTFJGBT-VWUMJDOOSA-N, JYGXADMDTFJGBT-VWUMJDOOSA-N, JYGXADMDTFJGBT-VWUMJDOOSA-N, JYGXADMDTFJGBT-VWUMJDOOSA-N, JYGXADMDTFJGBT-VWUMJDOOSA-N",Launched
hydrocortisone-acetate,glucocorticoid receptor agonist,NR3C1,dermatology,corticosteroid-responsive dermatoses,MedChemEx,92.06,CC(=O)OCC(=O)[C@@]1(O)CC[C@H]2[C@@H]3CCC4=CC(=O)CC[C@]4(C)[C@H]3[C@@H](O)C[C@]12C |t:15|,ALEXXDVDDISNDU-JZYPGELDSA-N,Launched
hydrocortisone-butyrate,glucocorticoid receptor agonist,NR3C1,dermatology,"corticosteroid-responsive dermatoses, eczema","MicroSource, Sigma",85.87,"CCCC(=O)O[C@@]1(CC[C@H]2[C@@H]3CCC4=CC(=O)CC[C@]4(C)[C@H]3[C@@H](O)C[C@]12C)C(=O)CO |t:13|, CCCC(=O)O[C@@]1(CC[C@H]2[C@@H]3CCC4=CC(=O)CC[C@]4(C)[C@H]3[C@@H](O)C[C@]12C)C(=O)CO |t:13|","BMCQMVFGOVHVNG-TUFAYURCSA-N, BMCQMVFGOVHVNG-TUFAYURCSA-N",Launched
hydrocortisone-hemisuccinate,,,,,Sigma,93.51,C[C@]12C[C@H](O)[C@H]3[C@@H](CCC4=CC(=O)CC[C@]34C)[C@@H]1CC[C@]2(O)C(=O)COC(=O)CCC(O)=O |t:9|,VWQWXZAWFPZJDA-CGVGKPPMSA-N,Phase 2/Phase 3
hydrocortisone-phosphate,,,"pulmonary, gastroenterology, hematologic malignancy, ophthalmology","asthma, nausea, vomiting, multiple myeloma, contact dermatitis, enteritis, colitis",MicroSource,79.61,"C[C@@]12C[C@H](O)[C@H]3[C@@H](CCC4=CC(=O)CC[C@@]34C)[C@@H]1CC[C@]2(O)C(=O)COP(O)(O)=O |a:3,20,&1:1,&2:5,&3:6,&4:15,&5:17,t:9|",BGSOJVFOEQLVMH-SBXZOHCASA-N,Launched
hydrocortisone-valerate,glucocorticoid receptor agonist,NR3C1,dermatology,corticosteroid-responsive dermatoses,USP,90.33,CCCCC(=O)O[C@@]1(CC[C@H]2[C@@H]3CCC4=CC(=O)CC[C@]4(C)[C@H]3[C@@H](O)C[C@]12C)C(=O)CO |t:14|,FZCHYNWYXKICIO-FZNHGJLXSA-N,Launched
hydroflumethiazide,sodium/potassium/chloride transporter inhibitor,"ATP1A1, CA1, CA12, CA2, CA4, CA9, KCNMA1, SLC12A1, SLC12A3","cardiology, gastroenterology, rheumatology, nephrology","edema, congestive heart failure, hepatic cirrhosis, nephrotic syndrome, chronic renal failure, acute glomerulonephritis (AGN), hypertension","Sigma, Sigma, MicroSource",98.02,"NS(=O)(=O)c1cc2c(NCNS2(=O)=O)cc1C(F)(F)F, NS(=O)(=O)c1cc2c(NCNS2(=O)=O)cc1C(F)(F)F, NS(=O)(=O)c1cc2c(NCNS2(=O)=O)cc1C(F)(F)F","DMDGGSIALPNSEE-UHFFFAOYSA-N, DMDGGSIALPNSEE-UHFFFAOYSA-N, DMDGGSIALPNSEE-UHFFFAOYSA-N",Launched
hydroquinidine,antiarrhythmic,,cardiology,cardiac arrythmia,"MedChemEx, MedChemEx",85.97,"CC[C@H]1C[N@@]2CC[C@H]1C[C@@H]2[C@@H](O)c1ccnc2ccc(OC)cc12, CC[C@H]1C[N@@]2CC[C@H]1C[C@@H]2[C@@H](O)c1ccnc2ccc(OC)cc12","LJOQGZACKSYWCH-LHHVKLHASA-N, LJOQGZACKSYWCH-LHHVKLHASA-N",Launched
hydroquinone,melanin inhibitor,TYR,dermatology,dyschromia,"MicroSource, MedChemEx",49.83,"Oc1ccc(O)cc1, Oc1ccc(O)cc1","QIGBRXMKCJKVMJ-UHFFFAOYSA-N, QIGBRXMKCJKVMJ-UHFFFAOYSA-N",Launched
hydroxocobalamin,vitamin B,,,,MedChemEx,59.19,"[H]O[Co+]N1\C2=C(C)/C3=N/C(=C/C4=N/C(=C(C)\C5=N[C@@](C)([C@@]1([H])[C@H](CC(N)=O)[C@@]2(C)CCC(=O)NC[C@@H](C)OP(O)(=O)O[C@@H]1[C@@H](CO)O[C@@H]([C@@H]1O)n1cnc2cc(C)c(C)cc12)[C@@](C)(CC(N)=O)[C@@H]5CCC(N)=O)/[C@@](C)(CC(N)=O)[C@@H]4CCC(N)=O)/C(C)(C)[C@@H]3CCC(N)=O |r,t:4,7,9,11,13,16|",YOZNUFWCRFCGIH-WZHZPDAFSA-L,Launched
hydroxyamphetamine,trace amine associated receptor agonist,TAAR1,ophthalmology,mydriasis,"MicroSource, MicroSource, Enamine",100,"C[C@@H](N)Cc1ccc(O)cc1 |&1:1|, C[C@@H](N)Cc1ccc(O)cc1 |&1:1|, C[C@@H](N)Cc1ccc(O)cc1 |&1:1|","GIKNHHRFLCDOEU-SSDOTTSWSA-N, GIKNHHRFLCDOEU-SSDOTTSWSA-N, GIKNHHRFLCDOEU-SSDOTTSWSA-N",Launched
hydroxychloroquine,antimalarial agent,"TLR7, TLR9",infectious disease,malaria,"MicroSource, Sigma, Sigma",98.39,"CCN(CCO)CCCC(C)Nc1ccnc2cc(Cl)ccc12, CCN(CCO)CCCC(C)Nc1ccnc2cc(Cl)ccc12, CCN(CCO)CCCC(C)Nc1ccnc2cc(Cl)ccc12","XXSMGPRMXLTPCZ-UHFFFAOYSA-N, XXSMGPRMXLTPCZ-UHFFFAOYSA-N, XXSMGPRMXLTPCZ-UHFFFAOYSA-N",Launched
hydroxyfasudil,rho associated kinase inhibitor,"PKIA, PRKACA, ROCK1",,,"Tocris, Tocris, Tocris, Tocris",97.11,"O=c1[nH]ccc2c(cccc12)S(=O)(=O)N1CCCNCC1, O=c1[nH]ccc2c(cccc12)S(=O)(=O)N1CCCNCC1, O=c1[nH]ccc2c(cccc12)S(=O)(=O)N1CCCNCC1, O=c1[nH]ccc2c(cccc12)S(=O)(=O)N1CCCNCC1","ZAVGJDAFCZAWSZ-UHFFFAOYSA-N, ZAVGJDAFCZAWSZ-UHFFFAOYSA-N, ZAVGJDAFCZAWSZ-UHFFFAOYSA-N, ZAVGJDAFCZAWSZ-UHFFFAOYSA-N",Preclinical
hydroxyprogesterone,progesterone receptor agonist,PGR,obstetrics/gynecology,spontaneous preterm birth,TCI,89.44,CC(=O)[C@@]1(O)CC[C@H]2[C@@H]3CCC4=CC(=O)CC[C@]4(C)[C@H]3CC[C@]12C |t:11|,DBPWSSGDRRHUNT-CEGNMAFCSA-N,Launched
hydroxyprogesterone-acetate,progesterone receptor agonist,PGR,,,Sigma,94,CC(=O)O[C@@]1(CC[C@H]2[C@@H]3CCC4=CC(=O)CC[C@]4(C)[C@H]3CC[C@]12C)C(C)=O |t:11|,VTHUYJIXSMGYOQ-KOORYGTMSA-N,Launched
hydroxypropyl-beta-cyclodextrin,,,,,"Cayman, Cayman, Cayman",98.32,"C[C@@H](O)COC[C@H]1O[C@@H]2O[C@@H]3[C@@H](COC[C@@H](C)O)O[C@H](O[C@@H]4[C@@H](COC[C@@H](C)O)O[C@H](O[C@@H]5[C@@H](COC[C@@H](C)O)O[C@H](O[C@@H]6[C@@H](COC[C@@H](C)O)O[C@H](O[C@@H]7[C@@H](COC[C@@H](C)O)O[C@H](O[C@@H]8[C@@H](COC[C@@H](C)O)O[C@H](O[C@H]1[C@H](O)[C@H]2O)[C@H](O)[C@H]8O)[C@H](O)[C@H]7O)[C@H](O)[C@H]6O)[C@H](O)[C@H]5O)[C@H](O)[C@H]4O)[C@H](O)[C@H]3O |a:6,8,10,11,19,21,22,30,32,33,41,43,44,52,54,55,63,65,66,74,76,77,79,81,83,85,87,89,91,93,95,97,99,101,103,&1:1,&2:15,&3:26,&4:37,&5:48,&6:59,&7:70|, C[C@@H](O)COC[C@H]1O[C@@H]2O[C@@H]3[C@@H](COC[C@@H](C)O)O[C@H](O[C@@H]4[C@@H](COC[C@@H](C)O)O[C@H](O[C@@H]5[C@@H](COC[C@@H](C)O)O[C@H](O[C@@H]6[C@@H](COC[C@@H](C)O)O[C@H](O[C@@H]7[C@@H](COC[C@@H](C)O)O[C@H](O[C@@H]8[C@@H](COC[C@@H](C)O)O[C@H](O[C@H]1[C@H](O)[C@H]2O)[C@H](O)[C@H]8O)[C@H](O)[C@H]7O)[C@H](O)[C@H]6O)[C@H](O)[C@H]5O)[C@H](O)[C@H]4O)[C@H](O)[C@H]3O |a:6,8,10,11,19,21,22,30,32,33,41,43,44,52,54,55,63,65,66,74,76,77,79,81,83,85,87,89,91,93,95,97,99,101,103,&1:1,&2:15,&3:26,&4:37,&5:48,&6:59,&7:70|, C[C@@H](O)COC[C@H]1O[C@@H]2O[C@@H]3[C@@H](COC[C@@H](C)O)O[C@H](O[C@@H]4[C@@H](COC[C@@H](C)O)O[C@H](O[C@@H]5[C@@H](COC[C@@H](C)O)O[C@H](O[C@@H]6[C@@H](COC[C@@H](C)O)O[C@H](O[C@@H]7[C@@H](COC[C@@H](C)O)O[C@H](O[C@@H]8[C@@H](COC[C@@H](C)O)O[C@H](O[C@H]1[C@H](O)[C@H]2O)[C@H](O)[C@H]8O)[C@H](O)[C@H]7O)[C@H](O)[C@H]6O)[C@H](O)[C@H]5O)[C@H](O)[C@H]4O)[C@H](O)[C@H]3O |a:6,8,10,11,19,21,22,30,32,33,41,43,44,52,54,55,63,65,66,74,76,77,79,81,83,85,87,89,91,93,95,97,99,101,103,&1:1,&2:15,&3:26,&4:37,&5:48,&6:59,&7:70|","ODLHGICHYURWBS-LWHSBNEASA-N, ODLHGICHYURWBS-LWHSBNEASA-N, ODLHGICHYURWBS-LWHSBNEASA-N",Phase 2/Phase 3
hydroxysafflor-yellow-A,antitumor agent,,,,MedChemEx,92.8,"[H][C@]1(O[C@H](CO)[C@@H](O)[C@H](O)[C@H]1O)[C@]1(O)C(=O)[C@@H]([C@@H]2O[C@H](CO)[C@@H](O)[C@H](O)[C@H]2O)C(=O)[C@H](C(=O)\C=C\c2ccc(O)cc2)C1=O |&1:12,&2:30,&3:16|",DKEZDPGUJMMUCC-GJVNFNJISA-N,Preclinical
hydroxystilbamidine,,,,,Enzo,93.1,NC(=N)c1ccc(\C=C\c2ccc(cc2O)C(N)=N)cc1,TUESWZZJYCLFNL-DAFODLJHSA-N,Launched
"hydroxytacrine-maleate-(R,S)",cholinesterase inhibitor,ACHE,,,AMS,95.7,Nc1c2[C@@H](O)CCCc2nc2ccccc12 |&1:3|,HLVVITIHAZBPKB-NSHDSACASA-N,Preclinical
hydroxytoluic-acid,,,,,"MedChemEx, MedChemEx, MicroSource",99.14,"Cc1cccc(C(O)=O)c1O, Cc1cccc(C(O)=O)c1O, Cc1cccc(C(O)=O)c1O","WHSXTWFYRGOBGO-UHFFFAOYSA-N, WHSXTWFYRGOBGO-UHFFFAOYSA-N, WHSXTWFYRGOBGO-UHFFFAOYSA-N",Preclinical
hydroxyurea,ribonucleotide reductase inhibitor,"RRM1, RRM2, RRM2B","hematologic malignancy, oncology","chronic myeloid leukemia (CML), head and neck squamous cell carcinoma (HNSCC)","Selleck, Selleck, Selleck, Selleck, Selleck, MicroSource",98.2,"NC(=O)NO, NC(=O)NO, NC(=O)NO, NC(=O)NO, NC(=O)NO, NC(=O)NO","VSNHCAURESNICA-UHFFFAOYSA-N, VSNHCAURESNICA-UHFFFAOYSA-N, VSNHCAURESNICA-UHFFFAOYSA-N, VSNHCAURESNICA-UHFFFAOYSA-N, VSNHCAURESNICA-UHFFFAOYSA-N, VSNHCAURESNICA-UHFFFAOYSA-N",Launched
hydroxyzine,antihistamine,HRH1,"neurology/psychiatry, allergy, dermatology","anxiety, urticaria, itching, dermatosis","Selleck, Selleck",96.59,"OCCOCCN1CCN(CC1)[C@@H](c1ccccc1)c1ccc(Cl)cc1 |&1:12|, OCCOCCN1CCN(CC1)[C@@H](c1ccccc1)c1ccc(Cl)cc1 |&1:12|","ZQDWXGKKHFNSQK-NRFANRHFSA-N, ZQDWXGKKHFNSQK-NRFANRHFSA-N",Launched
hygromycin-B,polypeptide synthesis inhibitor,,,,MedChemEx,100,"CN[C@H]1C[C@@H](N)[C@H](O)[C@@H](O[C@@H]2O[C@H](CO)[C@H](O)[C@@H]3O[C@@]4(O[C@H]23)O[C@H]([C@@H](N)CO)[C@H](O)[C@H](O)[C@H]4O)[C@@H]1O |a:2,4,6,8,10,12,15,17,21,23,24,28,30,32,34,&1:19|",GRRNUXAQVGOGFE-SIGCQSELSA-N,Preclinical
hymecromone,monoamine oxidase inhibitor,"MAOA, MAOB",,,"MicroSource, MedChemEx, Selleck, Selleck",100,"Cc1cc(=O)oc2cc(O)ccc12, Cc1cc(=O)oc2cc(O)ccc12, Cc1cc(=O)oc2cc(O)ccc12, Cc1cc(=O)oc2cc(O)ccc12","HSHNITRMYYLLCV-UHFFFAOYSA-N, HSHNITRMYYLLCV-UHFFFAOYSA-N, HSHNITRMYYLLCV-UHFFFAOYSA-N, HSHNITRMYYLLCV-UHFFFAOYSA-N",Phase 2
hyodeoxycholic-acid,atherosclerosis formation inhibitor,,,,"Selleck, Selleck, Selleck",100,"C[C@H](CCC(O)=O)[C@H]1CC[C@H]2[C@@H]3C[C@H](O)[C@@H]4C[C@H](O)CC[C@]4(C)[C@H]3CC[C@]12C, C[C@H](CCC(O)=O)[C@H]1CC[C@H]2[C@@H]3C[C@H](O)[C@@H]4C[C@H](O)CC[C@]4(C)[C@H]3CC[C@]12C, C[C@H](CCC(O)=O)[C@H]1CC[C@H]2[C@@H]3C[C@H](O)[C@@H]4C[C@H](O)CC[C@]4(C)[C@H]3CC[C@]12C","DGABKXLVXPYZII-SIBKNCMHSA-N, DGABKXLVXPYZII-SIBKNCMHSA-N, DGABKXLVXPYZII-SIBKNCMHSA-N",Phase 1
hyoscyamine,acetylcholine receptor antagonist,"CHRM1, CHRM2, CHRM3, CHRM4","gastroenterology, urology, neurology/psychiatry, allergy","peptic ulcer disease (PUD), acute abdominal visceral spasm, ulcerative colitis, interstitial cystitis (IC), enterocolitis, irritable bowel syndrome, tremors, allergic rhinitis","MedChemEx, MicroSource, Selleck",97.93,"CN1[C@H]2CC[C@@H]1C[C@@H](C2)OC(=O)[C@H](CO)c1ccccc1, CN1[C@H]2CC[C@@H]1C[C@@H](C2)OC(=O)[C@H](CO)c1ccccc1, CN1[C@H]2CC[C@@H]1C[C@@H](C2)OC(=O)[C@H](CO)c1ccccc1","RKUNBYITZUJHSG-FXUDXRNXSA-N, RKUNBYITZUJHSG-FXUDXRNXSA-N, RKUNBYITZUJHSG-FXUDXRNXSA-N",Launched
hypericin,tyrosine kinase inhibitor,,,,"MedChemEx, MedChemEx, Enzo, Enzo",98.33,"Cc1cc(O)c2c3c1c1c(C)cc(O)c4c1c1c3c3c(c(O)cc(O)c3c2=O)c2c(O)cc(O)c(c12)c4=O, Cc1cc(O)c2c3c1c1c(C)cc(O)c4c1c1c3c3c(c(O)cc(O)c3c2=O)c2c(O)cc(O)c(c12)c4=O, Cc1cc(O)c2c3c1c1c(C)cc(O)c4c1c1c3c3c(c(O)cc(O)c3c2=O)c2c(O)cc(O)c(c12)c4=O, Cc1cc(O)c2c3c1c1c(C)cc(O)c4c1c1c3c3c(c(O)cc(O)c3c2=O)c2c(O)cc(O)c(c12)c4=O","BTXNYTINYBABQR-UHFFFAOYSA-N, BTXNYTINYBABQR-UHFFFAOYSA-N, BTXNYTINYBABQR-UHFFFAOYSA-N, BTXNYTINYBABQR-UHFFFAOYSA-N",Phase 3
hyperin,aldose reductase inhibitor,"ACE, AKR1B1",,,"ChemDiv, ChemDiv, ChemDiv, ChemDiv",97.26,"OC[C@H]1O[C@@H](Oc2c(oc3cc(O)cc(O)c3c2=O)-c2ccc(O)c(O)c2)[C@@H](O)[C@@H](O)[C@@H]1O |&1:2,&2:4,&3:27,&4:29,&5:31,r|, OC[C@H]1O[C@@H](Oc2c(oc3cc(O)cc(O)c3c2=O)-c2ccc(O)c(O)c2)[C@@H](O)[C@@H](O)[C@@H]1O |&1:2,&2:4,&3:27,&4:29,&5:31,r|, OC[C@H]1O[C@@H](Oc2c(oc3cc(O)cc(O)c3c2=O)-c2ccc(O)c(O)c2)[C@@H](O)[C@@H](O)[C@@H]1O |&1:2,&2:4,&3:27,&4:29,&5:31,r|, OC[C@H]1O[C@@H](Oc2c(oc3cc(O)cc(O)c3c2=O)-c2ccc(O)c(O)c2)[C@@H](O)[C@@H](O)[C@@H]1O |&1:2,&2:4,&3:27,&4:29,&5:31,r|","OVSQVDMCBVZWGM-FHYQVQSVSA-N, OVSQVDMCBVZWGM-FHYQVQSVSA-N, OVSQVDMCBVZWGM-FHYQVQSVSA-N, OVSQVDMCBVZWGM-FHYQVQSVSA-N",Preclinical
hypoestoxide,IKK inhibitor,"IKBKB, IL1B, TNF",,,EMD,87.38,CC(=O)O[C@@H]1C[C@]2(C)O[C@H]2CC[C@]2(C)O[C@H]2C[C@@H]2CC(=O)C(=C)[C@@H]1C2(C)C,HNPAHGHFONBTLV-KSJQNFQUSA-N,Phase 1
hypoxanthine,PARP inhibitor,PNP,,,"Selleck, Selleck",96.41,"O=c1nc[nH]c2nc[nH]c12, O=c1nc[nH]c2nc[nH]c12","FDGQSTZJBFJUBT-UHFFFAOYSA-N, FDGQSTZJBFJUBT-UHFFFAOYSA-N",Preclinical
H2L-5765834,lysophosphatidic acid receptor antagonist,"LPAR1, LPAR3",,,"Tocris, Tocris, Tocris",95.78,"OC(=O)c1ccc2C(=O)N(C(=O)c2c1)c1cccc(Oc2ccc(cc2)[N+]([O-])=O)c1, OC(=O)c1ccc2C(=O)N(C(=O)c2c1)c1cccc(Oc2ccc(cc2)[N+]([O-])=O)c1, OC(=O)c1ccc2C(=O)N(C(=O)c2c1)c1cccc(Oc2ccc(cc2)[N+]([O-])=O)c1","HFYPTENHTPNXGP-UHFFFAOYSA-N, HFYPTENHTPNXGP-UHFFFAOYSA-N, HFYPTENHTPNXGP-UHFFFAOYSA-N",Preclinical
I-BET-762,bromodomain inhibitor,"BRD2, BRD3, BRD4",,,"Selleck, Selleck, Selleck, Selleck, Selleck, Selleck, Selleck",99.33,"CCNC(=O)C[C@@H]1N=C(c2ccc(Cl)cc2)c2cc(OC)ccc2-n2c(C)nnc12 |t:7|, CCNC(=O)C[C@@H]1N=C(c2ccc(Cl)cc2)c2cc(OC)ccc2-n2c(C)nnc12 |t:7|, CCNC(=O)C[C@@H]1N=C(c2ccc(Cl)cc2)c2cc(OC)ccc2-n2c(C)nnc12 |t:7|, CCNC(=O)C[C@@H]1N=C(c2ccc(Cl)cc2)c2cc(OC)ccc2-n2c(C)nnc12 |t:7|, CCNC(=O)C[C@@H]1N=C(c2ccc(Cl)cc2)c2cc(OC)ccc2-n2c(C)nnc12 |t:7|, CCNC(=O)C[C@@H]1N=C(c2ccc(Cl)cc2)c2cc(OC)ccc2-n2c(C)nnc12 |t:7|, CCNC(=O)C[C@@H]1N=C(c2ccc(Cl)cc2)c2cc(OC)ccc2-n2c(C)nnc12 |t:7|","AAAQFGUYHFJNHI-SFHVURJKSA-N, AAAQFGUYHFJNHI-SFHVURJKSA-N, AAAQFGUYHFJNHI-SFHVURJKSA-N, InChI=1S/C22H22ClN5O2/c1-4-24-20(29)12-18-22-27-26-13(2)28(22)19-10-9-16(30-3)11-17(19)21(25-18)14-5-7-15(23)8-6-14/h5-11,18H,4,12H2,1-3H3,(H,24,29)/t18-/m0/s1, InChI=1S/C22H22ClN5O2/c1-4-24-20(29)12-18-22-27-26-13(2)28(22)19-10-9-16(30-3)11-17(19)21(25-18)14-5-7-15(23)8-6-14/h5-11,18H,4,12H2,1-3H3,(H,24,29)/t18-/m0/s1, InChI=1S/C22H22ClN5O2/c1-4-24-20(29)12-18-22-27-26-13(2)28(22)19-10-9-16(30-3)11-17(19)21(25-18)14-5-7-15(23)8-6-14/h5-11,18H,4,12H2,1-3H3,(H,24,29)/t18-/m0/s1, InChI=1S/C22H22ClN5O2/c1-4-24-20(29)12-18-22-27-26-13(2)28(22)19-10-9-16(30-3)11-17(19)21(25-18)14-5-7-15(23)8-6-14/h5-11,18H,4,12H2,1-3H3,(H,24,29)/t18-/m0/s1",Phase 2
I-BET151,bromodomain inhibitor,"BRD2, BRD3, BRD4",,,"Tocris, Selleck, Selleck, Selleck, Selleck, Selleck",96.17,"COc1cc2c3n([C@H](C)c4ccccn4)c(=O)[nH]c3cnc2cc1-c1c(C)noc1C, COc1cc2c3n([C@H](C)c4ccccn4)c(=O)[nH]c3cnc2cc1-c1c(C)noc1C, COc1cc2c3n([C@H](C)c4ccccn4)c(=O)[nH]c3cnc2cc1-c1c(C)noc1C, COc1cc2c3n([C@H](C)c4ccccn4)c(=O)[nH]c3cnc2cc1-c1c(C)noc1C, COc1cc2c3n([C@H](C)c4ccccn4)c(=O)[nH]c3cnc2cc1-c1c(C)noc1C, COc1cc2c3n([C@H](C)c4ccccn4)c(=O)[nH]c3cnc2cc1-c1c(C)noc1C","VUVUVNZRUGEAHB-CYBMUJFWSA-N, VUVUVNZRUGEAHB-CYBMUJFWSA-N, VUVUVNZRUGEAHB-CYBMUJFWSA-N, VUVUVNZRUGEAHB-CYBMUJFWSA-N, VUVUVNZRUGEAHB-CYBMUJFWSA-N, VUVUVNZRUGEAHB-CYBMUJFWSA-N",Preclinical
I-BRD9,bromodomain inhibitor,BRD9,,,"Tocris, MedChemEx, MedChemEx, MedChemEx, MedChemEx, MedChemEx",95.93,"CCn1cc(-c2cccc(c2)C(F)(F)F)c2sc(cc2c1=O)C(=N)NC1CCS(=O)(=O)CC1, CCn1cc(-c2cccc(c2)C(F)(F)F)c2sc(cc2c1=O)C(=N)NC1CCS(=O)(=O)CC1, CCn1cc(-c2cccc(c2)C(F)(F)F)c2sc(cc2c1=O)C(=N)NC1CCS(=O)(=O)CC1, CCn1cc(-c2cccc(c2)C(F)(F)F)c2sc(cc2c1=O)C(=N)NC1CCS(=O)(=O)CC1, CCn1cc(-c2cccc(c2)C(F)(F)F)c2sc(cc2c1=O)C(=N)NC1CCS(=O)(=O)CC1, CCn1cc(-c2cccc(c2)C(F)(F)F)c2sc(cc2c1=O)C(=N)NC1CCS(=O)(=O)CC1","WRUWGLUCNBMGPS-UHFFFAOYSA-N, WRUWGLUCNBMGPS-UHFFFAOYSA-N, WRUWGLUCNBMGPS-UHFFFAOYSA-N, WRUWGLUCNBMGPS-UHFFFAOYSA-N, WRUWGLUCNBMGPS-UHFFFAOYSA-N, WRUWGLUCNBMGPS-UHFFFAOYSA-N",Preclinical
I-BZA,,,,,"Enamine, Enamine",89.11,"CCN(CC)CCNC(=O)c1ccc(I)cc1, CCN(CC)CCNC(=O)c1ccc(I)cc1","HRVWCNMOEFNEON-UHFFFAOYSA-N, HRVWCNMOEFNEON-UHFFFAOYSA-N",Phase 2
I-BZA2,,,,,"Vitas-M, ChemBridge",98.45,"CCN(CC)CCNC(=O)c1ccccc1I, CCN(CC)CCNC(=O)c1ccccc1I","WNSWOZIBBVUJBI-UHFFFAOYSA-N, WNSWOZIBBVUJBI-UHFFFAOYSA-N",Phase 3
I-CBP-112,bromodomain inhibitor,"CREBBP, EP300",,,"Tocris, Tocris",92.81,"CCC(=O)N1CCOc2c(C1)cc(cc2OC[C@H]1CCCN(C)C1)-c1ccc(OC)c(OC)c1, CCC(=O)N1CCOc2c(C1)cc(cc2OC[C@H]1CCCN(C)C1)-c1ccc(OC)c(OC)c1","YKNAKDFZAWQEEO-IBGZPJMESA-N, YKNAKDFZAWQEEO-IBGZPJMESA-N",Preclinical
IACS-10759,mitochondrial complex I inhibitor,,,,MedChemEx,96.15,Cc1nc(nn1Cc1cccc(c1)N1CCC(CC1)S(C)(=O)=O)-c1nc(no1)-c1ccc(OC(F)(F)F)cc1,HWJWNWZJUYCGKV-UHFFFAOYSA-N,Preclinical
IB-MECA,adenosine receptor agonist,"ADORA1, ADORA2A, ADORA2B, ADORA3",,,"Tocris, Tocris, Tocris",96.28,"CNC(=O)[C@H]1O[C@H]([C@H](O)[C@@H]1O)n1cnc2c(NCc3cccc(I)c3)ncnc12, CNC(=O)[C@H]1O[C@H]([C@H](O)[C@@H]1O)n1cnc2c(NCc3cccc(I)c3)ncnc12, CNC(=O)[C@H]1O[C@H]([C@H](O)[C@@H]1O)n1cnc2c(NCc3cccc(I)c3)ncnc12","HUJXGQILHAUCCV-MOROJQBDSA-N, HUJXGQILHAUCCV-MOROJQBDSA-N, HUJXGQILHAUCCV-MOROJQBDSA-N",Phase 3
ibandronate,bone resorption inhibitor,FDPS,orthopedics,osteoporosis,"MicroSource, MedChemEx, Selleck, Selleck",0,"CCCCCN(C)CCC(O)(P(O)(O)=O)P(O)(O)=O, CCCCCN(C)CCC(O)(P(O)(O)=O)P(O)(O)=O, CCCCCN(C)CCC(O)(P(O)(O)=O)P(O)(O)=O, CCCCCN(C)CCC(O)(P(O)(O)=O)P(O)(O)=O","MPBVHIBUJCELCL-UHFFFAOYSA-N, MPBVHIBUJCELCL-UHFFFAOYSA-N, MPBVHIBUJCELCL-UHFFFAOYSA-N, MPBVHIBUJCELCL-UHFFFAOYSA-N",Launched
IBC-293,hydroxycarboxylic acid receptor agonist,HCAR3,,,"Tocris, Tocris",98.64,"CC(C)n1nnc2cc(ccc12)C(O)=O, CC(C)n1nnc2cc(ccc12)C(O)=O","RUTVRAJKELSHCC-UHFFFAOYSA-N, RUTVRAJKELSHCC-UHFFFAOYSA-N",Preclinical
iberdomide,cereblon modulator,,,,MedChemEx,96.98,O=C1N(Cc2c1cccc2OCc1ccc(CN2CCOCC2)cc1)[C@H]1CCC(=O)NC1=O,IXZOHGPZAQLIBH-NRFANRHFSA-N,Preclinical
ibiglustat,glucosylceramidase inhibitor,,,,MedChemEx,90.71,CC(C)(NC(=O)O[C@@H]1CN2CCC1CC2)c1csc(n1)-c1ccc(F)cc1,YFHRCLAKZBDRHN-MRXNPFEDSA-N,Preclinical
IBMX,phosphodiesterase inhibitor,"ADORA1, PDE2A, PDE3B, PDE4D, PDE5A, PDE6G, PDE7A, PDE8A, PDE9A",,,"Tocris, Tocris, Tocris, Tocris",97.36,"CC(C)Cn1c2nc[nH]c2c(=O)n(C)c1=O, CC(C)Cn1c2nc[nH]c2c(=O)n(C)c1=O, CC(C)Cn1c2nc[nH]c2c(=O)n(C)c1=O, CC(C)Cn1c2nc[nH]c2c(=O)n(C)c1=O","APIXJSLKIYYUKG-UHFFFAOYSA-N, APIXJSLKIYYUKG-UHFFFAOYSA-N, APIXJSLKIYYUKG-UHFFFAOYSA-N, APIXJSLKIYYUKG-UHFFFAOYSA-N",Preclinical
ibotenic-acid,glutamate receptor agonist,GRIN1,,,"Tocris, Tocris",100,"N[C@@H](C(O)=O)c1cc(=O)[nH]o1 |&1:1,r|, N[C@@H](C(O)=O)c1cc(=O)[nH]o1 |&1:1,r|","IRJCBFDCFXCWGO-SCSAIBSYSA-N, IRJCBFDCFXCWGO-SCSAIBSYSA-N",Preclinical
ibrolipim,lipoprotein lipase activator,LPL,,,"Sigma, Sigma",97.73,"CCOP(=O)(Cc1ccc(cc1)C(=O)Nc1ccc(Br)cc1C#N)OCC, CCOP(=O)(Cc1ccc(cc1)C(=O)Nc1ccc(Br)cc1C#N)OCC","KPRTURMJVWXURQ-UHFFFAOYSA-N, KPRTURMJVWXURQ-UHFFFAOYSA-N",Phase 2
ibrutinib,Bruton's tyrosine kinase (BTK) inhibitor,"BLK, BMX, BTK",hematologic malignancy,"chronic lymphocytic leukemia (CLL), mantle cell lymphoma (MCL), Waldenstrom's macroglobulinemia (WM)","Selleck, Selleck, Selleck, Selleck, Selleck, Selleck, Selleck, Selleck, Selleck",99.58,"Nc1ncnc2n(nc(-c3ccc(Oc4ccccc4)cc3)c12)[C@@H]1CCCN(C1)C(=O)C=C, Nc1ncnc2n(nc(-c3ccc(Oc4ccccc4)cc3)c12)[C@@H]1CCCN(C1)C(=O)C=C, Nc1ncnc2n(nc(-c3ccc(Oc4ccccc4)cc3)c12)[C@@H]1CCCN(C1)C(=O)C=C, Nc1ncnc2n(nc(-c3ccc(Oc4ccccc4)cc3)c12)[C@@H]1CCCN(C1)C(=O)C=C, Nc1ncnc2n(nc(-c3ccc(Oc4ccccc4)cc3)c12)[C@@H]1CCCN(C1)C(=O)C=C, Nc1ncnc2n(nc(-c3ccc(Oc4ccccc4)cc3)c12)[C@@H]1CCCN(C1)C(=O)C=C, Nc1ncnc2n(nc(-c3ccc(Oc4ccccc4)cc3)c12)[C@@H]1CCCN(C1)C(=O)C=C, Nc1ncnc2n(nc(-c3ccc(Oc4ccccc4)cc3)c12)[C@@H]1CCCN(C1)C(=O)C=C, Nc1ncnc2n(nc(-c3ccc(Oc4ccccc4)cc3)c12)[C@@H]1CCCN(C1)C(=O)C=C","XYFPWWZEPKGCCK-GOSISDBHSA-N, XYFPWWZEPKGCCK-GOSISDBHSA-N, XYFPWWZEPKGCCK-GOSISDBHSA-N, XYFPWWZEPKGCCK-GOSISDBHSA-N, XYFPWWZEPKGCCK-GOSISDBHSA-N, XYFPWWZEPKGCCK-GOSISDBHSA-N, XYFPWWZEPKGCCK-GOSISDBHSA-N, XYFPWWZEPKGCCK-GOSISDBHSA-N, InChI=1S/C25H24N6O2/c1-2-21(32)30-14-6-7-18(15-30)31-25-22(24(26)27-16-28-25)23(29-31)17-10-12-20(13-11-17)33-19-8-4-3-5-9-19/h2-5,8-13,16,18H,1,6-7,14-15H2,(H2,26,27,28)/t18-/m1/s1",Launched
ibudilast,"leukotriene receptor antagonist, phosphodiesterase inhibitor","IL1B, IL6, PDE3A, PDE4A, PDE4B, PDE4C, PDE4D, PDE5A","pulmonary, neurology/psychiatry","asthma, stroke","Tocris, Tocris, Tocris, Tocris",96.95,"CC(C)C(=O)c1c(nn2ccccc12)C(C)C, CC(C)C(=O)c1c(nn2ccccc12)C(C)C, CC(C)C(=O)c1c(nn2ccccc12)C(C)C, CC(C)C(=O)c1c(nn2ccccc12)C(C)C","ZJVFLBOZORBYFE-UHFFFAOYSA-N, ZJVFLBOZORBYFE-UHFFFAOYSA-N, ZJVFLBOZORBYFE-UHFFFAOYSA-N, ZJVFLBOZORBYFE-UHFFFAOYSA-N",Launched
ibuprofen,cyclooxygenase inhibitor,,"neurology/psychiatry, rheumatology, otolaryngology, obstetrics/gynecology, endocrinology, dental","headache, muscle pain, rheumatoid arthritis, backache, common cold, menstrual pain, fever, toothache","MicroSource, Selleck",99.41,"CC(C)Cc1ccc(cc1)[C@@H](C)C(O)=O |&1:10,r|, CC(C)Cc1ccc(cc1)[C@@H](C)C(O)=O |&1:10,r|","HEFNNWSXXWATRW-SNVBAGLBSA-N, HEFNNWSXXWATRW-SNVBAGLBSA-N",Launched
ibuprofen-(S),cyclooxygenase inhibitor,"ASIC1, PTGS1, PTGS2, SLC5A8",neurology/psychiatry,pain relief,"Tocris, MicroSource, Tocris",99.44,"CC(C)Cc1ccc(cc1)[C@H](C)C(O)=O, CC(C)Cc1ccc(cc1)[C@H](C)C(O)=O, CC(C)Cc1ccc(cc1)[C@H](C)C(O)=O","HEFNNWSXXWATRW-JTQLQIEISA-N, HEFNNWSXXWATRW-JTQLQIEISA-N, HEFNNWSXXWATRW-JTQLQIEISA-N",Launched
ibuprofen-lysine,cyclooxygenase inhibitor,,cardiology,patent ductus arteriosus (PDA),"Selleck, Selleck, Selleck, Selleck",0,"NCCCC[C@H](N)C(O)=O.CC(C)Cc1ccc(cc1)[C@@H](C)C(O)=O |a:5,&1:20|, NCCCC[C@H](N)C(O)=O.CC(C)Cc1ccc(cc1)[C@@H](C)C(O)=O |a:5,&1:20|, NCCCC[C@H](N)C(O)=O.CC(C)Cc1ccc(cc1)[C@@H](C)C(O)=O |a:5,&1:20|, NCCCC[C@H](N)C(O)=O.CC(C)Cc1ccc(cc1)[C@@H](C)C(O)=O |a:5,&1:20|","IHHXIUAEPKVVII-APFIOPMWSA-N, IHHXIUAEPKVVII-APFIOPMWSA-N, IHHXIUAEPKVVII-APFIOPMWSA-N, IHHXIUAEPKVVII-APFIOPMWSA-N",Launched
ibuprofen-piconol,cyclooxygenase inhibitor,"PTGS1, PTGS2",neurology/psychiatry,pain relief,"Enamine, Enamine, Enamine",95.32,"CC(C)Cc1ccc(cc1)[C@@H](C)C(=O)OCc1ccccn1 |&1:10,r|, CC(C)Cc1ccc(cc1)[C@@H](C)C(=O)OCc1ccccn1 |&1:10,r|, CC(C)Cc1ccc(cc1)[C@@H](C)C(=O)OCc1ccccn1 |&1:10,r|","ACEWLPOYLGNNHV-OAHLLOKOSA-N, ACEWLPOYLGNNHV-OAHLLOKOSA-N, ACEWLPOYLGNNHV-OAHLLOKOSA-N",Launched
ibuproxam,"cyclooxygenase inhibitor, prostaglandin inhibitor",ALOX5,"endocrinology, rheumatology, neurology/psychiatry","fever, joint inflammation, pain relief",Enzo,80.93,CC(C)Cc1ccc(cc1)[C@@H](C)C(=O)NO |r|,BYPIURIATSUHDW-SNVBAGLBSA-N,Launched
ibutamoren,growth hormone secretagogue receptor agonist,"GHR, GHSR",,,"Tocris, Tocris, MedChemEx",94.74,"CC(C)(N)C(=O)N[C@H](COCc1ccccc1)C(=O)N1CCC2(CN(c3ccccc23)S(C)(=O)=O)CC1, CC(C)(N)C(=O)N[C@H](COCc1ccccc1)C(=O)N1CCC2(CN(c3ccccc23)S(C)(=O)=O)CC1, CC(C)(N)C(=O)N[C@H](COCc1ccccc1)C(=O)N1CCC2(CN(c3ccccc23)S(C)(=O)=O)CC1","UMUPQWIGCOZEOY-JOCHJYFZSA-N, UMUPQWIGCOZEOY-JOCHJYFZSA-N, UMUPQWIGCOZEOY-JOCHJYFZSA-N",Phase 2
ibutilide,potassium channel blocker,"CACNA1C, KCNH2",cardiology,atrial fibrillation (AF),"Tocris, Selleck, Tocris, Tocris, Tocris, Selleck, Selleck",98.7,"CCCCCCCN(CC)CCC[C@@H](O)c1ccc(NS(C)(=O)=O)cc1 |&1:13|, CCCCCCCN(CC)CCC[C@@H](O)c1ccc(NS(C)(=O)=O)cc1 |&1:13|, CCCCCCCN(CC)CCC[C@@H](O)c1ccc(NS(C)(=O)=O)cc1 |&1:13|, CCCCCCCN(CC)CCC[C@@H](O)c1ccc(NS(C)(=O)=O)cc1 |&1:13|, CCCCCCCN(CC)CCC[C@@H](O)c1ccc(NS(C)(=O)=O)cc1 |&1:13|, CCCCCCCN(CC)CCC[C@@H](O)c1ccc(NS(C)(=O)=O)cc1 |&1:13|, CCCCCCCN(CC)CCC[C@@H](O)c1ccc(NS(C)(=O)=O)cc1 |&1:13|","ALOBUEHUHMBRLE-HXUWFJFHSA-N, ALOBUEHUHMBRLE-HXUWFJFHSA-N, ALOBUEHUHMBRLE-HXUWFJFHSA-N, ALOBUEHUHMBRLE-HXUWFJFHSA-N, ALOBUEHUHMBRLE-HXUWFJFHSA-N, ALOBUEHUHMBRLE-HXUWFJFHSA-N, ALOBUEHUHMBRLE-HXUWFJFHSA-N",Launched
ICA-069673,voltage-gated potassium channel activator,"KCNQ2, KCNQ3",,,"Tocris, Tocris, Tocris",96.8,"Fc1ccc(cc1F)C(=O)Nc1cnc(Cl)nc1, Fc1ccc(cc1F)C(=O)Nc1cnc(Cl)nc1, Fc1ccc(cc1F)C(=O)Nc1cnc(Cl)nc1","IIBSHMFXVWTQSJ-UHFFFAOYSA-N, IIBSHMFXVWTQSJ-UHFFFAOYSA-N, IIBSHMFXVWTQSJ-UHFFFAOYSA-N",Preclinical
ICA-110381,voltage-gated potassium channel activator,KCNQ2,,,"Tocris, Tocris, Tocris",98,"Clc1ccc(cc1)C(=O)Nc1ccc(Cl)nc1, Clc1ccc(cc1)C(=O)Nc1ccc(Cl)nc1, Clc1ccc(cc1)C(=O)Nc1ccc(Cl)nc1","FOYOGIUAMYSVIT-UHFFFAOYSA-N, FOYOGIUAMYSVIT-UHFFFAOYSA-N, FOYOGIUAMYSVIT-UHFFFAOYSA-N",Preclinical
ICA-121431,sodium channel blocker,"SCN1A, SCN3A",,,"Tocris, Stanley, Stanley, Stanley",99.45,"O=C(Nc1ccc(cc1)S(=O)(=O)Nc1nccs1)C(c1ccccc1)c1ccccc1, O=C(Nc1ccc(cc1)S(=O)(=O)Nc1nccs1)C(c1ccccc1)c1ccccc1, O=C(Nc1ccc(cc1)S(=O)(=O)Nc1nccs1)C(c1ccccc1)c1ccccc1, O=C(Nc1ccc(cc1)S(=O)(=O)Nc1nccs1)C(c1ccccc1)c1ccccc1","URSQNPPONHUJDL-UHFFFAOYSA-N, URSQNPPONHUJDL-UHFFFAOYSA-N, URSQNPPONHUJDL-UHFFFAOYSA-N, URSQNPPONHUJDL-UHFFFAOYSA-N",Preclinical
icariin,phosphodiesterase inhibitor,PDE5A,,,"MedChemEx, Selleck, Selleck, Selleck, Selleck, Selleck, Selleck, Selleck",93.32,"COc1ccc(cc1)-c1oc2c(CC=C(C)C)c(O[C@@H]3O[C@H](CO)[C@@H](O)[C@H](O)[C@H]3O)cc(O)c2c(=O)c1O[C@@H]1O[C@@H](C)[C@H](O)[C@@H](O)[C@H]1O, COc1ccc(cc1)-c1oc2c(CC=C(C)C)c(O[C@@H]3O[C@H](CO)[C@@H](O)[C@H](O)[C@H]3O)cc(O)c2c(=O)c1O[C@@H]1O[C@@H](C)[C@H](O)[C@@H](O)[C@H]1O, COc1ccc(cc1)-c1oc2c(CC=C(C)C)c(O[C@@H]3O[C@H](CO)[C@@H](O)[C@H](O)[C@H]3O)cc(O)c2c(=O)c1O[C@@H]1O[C@@H](C)[C@H](O)[C@@H](O)[C@H]1O, COc1ccc(cc1)-c1oc2c(CC=C(C)C)c(O[C@@H]3O[C@H](CO)[C@@H](O)[C@H](O)[C@H]3O)cc(O)c2c(=O)c1O[C@@H]1O[C@@H](C)[C@H](O)[C@@H](O)[C@H]1O, COc1ccc(cc1)-c1oc2c(CC=C(C)C)c(O[C@@H]3O[C@H](CO)[C@@H](O)[C@H](O)[C@H]3O)cc(O)c2c(=O)c1O[C@@H]1O[C@@H](C)[C@H](O)[C@@H](O)[C@H]1O, COc1ccc(cc1)-c1oc2c(CC=C(C)C)c(O[C@@H]3O[C@H](CO)[C@@H](O)[C@H](O)[C@H]3O)cc(O)c2c(=O)c1O[C@@H]1O[C@@H](C)[C@H](O)[C@@H](O)[C@H]1O, COc1ccc(cc1)-c1oc2c(CC=C(C)C)c(O[C@@H]3O[C@H](CO)[C@@H](O)[C@H](O)[C@H]3O)cc(O)c2c(=O)c1O[C@@H]1O[C@@H](C)[C@H](O)[C@@H](O)[C@H]1O, COc1ccc(cc1)-c1oc2c(CC=C(C)C)c(O[C@@H]3O[C@H](CO)[C@@H](O)[C@H](O)[C@H]3O)cc(O)c2c(=O)c1O[C@@H]1O[C@@H](C)[C@H](O)[C@@H](O)[C@H]1O","TZJALUIVHRYQQB-XLRXWWTNSA-N, TZJALUIVHRYQQB-XLRXWWTNSA-N, TZJALUIVHRYQQB-XLRXWWTNSA-N, TZJALUIVHRYQQB-XLRXWWTNSA-N, TZJALUIVHRYQQB-XLRXWWTNSA-N, TZJALUIVHRYQQB-XLRXWWTNSA-N, TZJALUIVHRYQQB-XLRXWWTNSA-N, TZJALUIVHRYQQB-XLRXWWTNSA-N",Phase 3
icaritin,PPAR receptor antagonist,PDE5A,,,"MedChemEx, MedChemEx, Sigma",88.81,"COc1ccc(cc1)-c1oc2c(CC=C(C)C)c(O)cc(O)c2c(=O)c1O, COc1ccc(cc1)-c1oc2c(CC=C(C)C)c(O)cc(O)c2c(=O)c1O, COc1ccc(cc1)-c1oc2c(CC=C(C)C)c(O)cc(O)c2c(=O)c1O","TUUXBSASAQJECY-UHFFFAOYSA-N, TUUXBSASAQJECY-UHFFFAOYSA-N, TUUXBSASAQJECY-UHFFFAOYSA-N",Phase 3
icatibant-acetate,bradykinin receptor antagonist,BDKRB2,cardiology,angioedema,"MedChemEx, MedChemEx, MedChemEx, MedChemEx",95.63,"N[C@H](CCCNC(N)=N)C(=O)N[C@@H](CCCNC(N)=N)C(=O)N1CCC[C@H]1C(=O)N1C[C@H](O)C[C@H]1C(=O)NCC(=O)N[C@@H](Cc1cccs1)C(=O)N[C@@H](CO)C(=O)N1Cc2ccccc2C[C@@H]1C(=O)N1[C@H]2CCCC[C@H]2C[C@H]1C(=O)N[C@@H](CCCNC(N)=N)C(O)=O, N[C@H](CCCNC(N)=N)C(=O)N[C@@H](CCCNC(N)=N)C(=O)N1CCC[C@H]1C(=O)N1C[C@H](O)C[C@H]1C(=O)NCC(=O)N[C@@H](Cc1cccs1)C(=O)N[C@@H](CO)C(=O)N1Cc2ccccc2C[C@@H]1C(=O)N1[C@H]2CCCC[C@H]2C[C@H]1C(=O)N[C@@H](CCCNC(N)=N)C(O)=O, N[C@H](CCCNC(N)=N)C(=O)N[C@@H](CCCNC(N)=N)C(=O)N1CCC[C@H]1C(=O)N1C[C@H](O)C[C@H]1C(=O)NCC(=O)N[C@@H](Cc1cccs1)C(=O)N[C@@H](CO)C(=O)N1Cc2ccccc2C[C@@H]1C(=O)N1[C@H]2CCCC[C@H]2C[C@H]1C(=O)N[C@@H](CCCNC(N)=N)C(O)=O, N[C@H](CCCNC(N)=N)C(=O)N[C@@H](CCCNC(N)=N)C(=O)N1CCC[C@H]1C(=O)N1C[C@H](O)C[C@H]1C(=O)NCC(=O)N[C@@H](Cc1cccs1)C(=O)N[C@@H](CO)C(=O)N1Cc2ccccc2C[C@@H]1C(=O)N1[C@H]2CCCC[C@H]2C[C@H]1C(=O)N[C@@H](CCCNC(N)=N)C(O)=O","QURWXBZNHXJZBE-SKXRKSCCSA-N, QURWXBZNHXJZBE-SKXRKSCCSA-N, QURWXBZNHXJZBE-SKXRKSCCSA-N, QURWXBZNHXJZBE-SKXRKSCCSA-N",Launched
